ISO-10303-21;
HEADER;
/* Generated by software containing ST-Developer
 * from STEP Tools, Inc. (www.steptools.com) 
 */

FILE_DESCRIPTION(
/* description */ (''),
/* implementation_level */ '2;1');

FILE_NAME(
/* name */ 'LDO_2WD_VT_9mm.step',
/* time_stamp */ '2026-10-08T03:16:29+02:00',
/* author */ (''),
/* organization */ (''),
/* preprocessor_version */ 'ST-DEVELOPER v20.2',
/* originating_system */ 'Autodesk Translation Framework v15.15.0.0',
/* authorisation */ '');

FILE_SCHEMA (('AUTOMOTIVE_DESIGN { 1 0 10303 214 3 1 1 }'));
ENDSEC;

DATA;
#10=MECHANICAL_DESIGN_GEOMETRIC_PRESENTATION_REPRESENTATION('',(#242,#243,
#244,#245,#246,#247,#248,#249,#250,#251,#252,#253,#254,#255,#256,#257,#258,
#259,#260,#261,#262,#263,#264,#265,#266,#267,#268,#269,#270,#271,#272,#273,
#274,#275,#276,#277,#278,#279,#280),#17730);
#11=ITEM_DEFINED_TRANSFORMATION($,$,#10682,#10994);
#12=ITEM_DEFINED_TRANSFORMATION($,$,#10947,#10995);
#13=ITEM_DEFINED_TRANSFORMATION($,$,#10960,#10996);
#14=ITEM_DEFINED_TRANSFORMATION($,$,#10979,#10997);
#15=ITEM_DEFINED_TRANSFORMATION($,$,#10979,#10998);
#16=ITEM_DEFINED_TRANSFORMATION($,$,#9820,#10999);
#17=ITEM_DEFINED_TRANSFORMATION($,$,#9820,#11000);
#18=ITEM_DEFINED_TRANSFORMATION($,$,#9820,#11001);
#19=ITEM_DEFINED_TRANSFORMATION($,$,#9820,#11002);
#20=ITEM_DEFINED_TRANSFORMATION($,$,#9854,#11003);
#21=ITEM_DEFINED_TRANSFORMATION($,$,#9854,#11004);
#22=ITEM_DEFINED_TRANSFORMATION($,$,#9854,#11005);
#23=ITEM_DEFINED_TRANSFORMATION($,$,#9854,#11006);
#24=ITEM_DEFINED_TRANSFORMATION($,$,#9902,#11007);
#25=ITEM_DEFINED_TRANSFORMATION($,$,#9945,#11008);
#26=ITEM_DEFINED_TRANSFORMATION($,$,#10063,#11009);
#27=ITEM_DEFINED_TRANSFORMATION($,$,#10063,#11010);
#28=ITEM_DEFINED_TRANSFORMATION($,$,#10063,#11011);
#29=ITEM_DEFINED_TRANSFORMATION($,$,#9975,#11012);
#30=ITEM_DEFINED_TRANSFORMATION($,$,#9975,#11013);
#31=ITEM_DEFINED_TRANSFORMATION($,$,#9984,#11014);
#32=ITEM_DEFINED_TRANSFORMATION($,$,#9984,#11015);
#33=ITEM_DEFINED_TRANSFORMATION($,$,#9984,#11016);
#34=ITEM_DEFINED_TRANSFORMATION($,$,#9984,#11017);
#35=ITEM_DEFINED_TRANSFORMATION($,$,#10018,#11018);
#36=ITEM_DEFINED_TRANSFORMATION($,$,#10028,#11019);
#37=ITEM_DEFINED_TRANSFORMATION($,$,#10046,#11020);
#38=ITEM_DEFINED_TRANSFORMATION($,$,#10063,#11021);
#39=ITEM_DEFINED_TRANSFORMATION($,$,#10113,#11022);
#40=ITEM_DEFINED_TRANSFORMATION($,$,#10407,#11023);
#41=ITEM_DEFINED_TRANSFORMATION($,$,#10681,#11024);
#42=(
REPRESENTATION_RELATIONSHIP($,$,#17816,#17815)
REPRESENTATION_RELATIONSHIP_WITH_TRANSFORMATION(#11)
SHAPE_REPRESENTATION_RELATIONSHIP()
);
#43=(
REPRESENTATION_RELATIONSHIP($,$,#17817,#17815)
REPRESENTATION_RELATIONSHIP_WITH_TRANSFORMATION(#12)
SHAPE_REPRESENTATION_RELATIONSHIP()
);
#44=(
REPRESENTATION_RELATIONSHIP($,$,#17818,#17815)
REPRESENTATION_RELATIONSHIP_WITH_TRANSFORMATION(#13)
SHAPE_REPRESENTATION_RELATIONSHIP()
);
#45=(
REPRESENTATION_RELATIONSHIP($,$,#17819,#17815)
REPRESENTATION_RELATIONSHIP_WITH_TRANSFORMATION(#14)
SHAPE_REPRESENTATION_RELATIONSHIP()
);
#46=(
REPRESENTATION_RELATIONSHIP($,$,#17819,#17815)
REPRESENTATION_RELATIONSHIP_WITH_TRANSFORMATION(#15)
SHAPE_REPRESENTATION_RELATIONSHIP()
);
#47=(
REPRESENTATION_RELATIONSHIP($,$,#17803,#17802)
REPRESENTATION_RELATIONSHIP_WITH_TRANSFORMATION(#16)
SHAPE_REPRESENTATION_RELATIONSHIP()
);
#48=(
REPRESENTATION_RELATIONSHIP($,$,#17803,#17802)
REPRESENTATION_RELATIONSHIP_WITH_TRANSFORMATION(#17)
SHAPE_REPRESENTATION_RELATIONSHIP()
);
#49=(
REPRESENTATION_RELATIONSHIP($,$,#17803,#17802)
REPRESENTATION_RELATIONSHIP_WITH_TRANSFORMATION(#18)
SHAPE_REPRESENTATION_RELATIONSHIP()
);
#50=(
REPRESENTATION_RELATIONSHIP($,$,#17803,#17802)
REPRESENTATION_RELATIONSHIP_WITH_TRANSFORMATION(#19)
SHAPE_REPRESENTATION_RELATIONSHIP()
);
#51=(
REPRESENTATION_RELATIONSHIP($,$,#17804,#17802)
REPRESENTATION_RELATIONSHIP_WITH_TRANSFORMATION(#20)
SHAPE_REPRESENTATION_RELATIONSHIP()
);
#52=(
REPRESENTATION_RELATIONSHIP($,$,#17804,#17802)
REPRESENTATION_RELATIONSHIP_WITH_TRANSFORMATION(#21)
SHAPE_REPRESENTATION_RELATIONSHIP()
);
#53=(
REPRESENTATION_RELATIONSHIP($,$,#17804,#17802)
REPRESENTATION_RELATIONSHIP_WITH_TRANSFORMATION(#22)
SHAPE_REPRESENTATION_RELATIONSHIP()
);
#54=(
REPRESENTATION_RELATIONSHIP($,$,#17804,#17802)
REPRESENTATION_RELATIONSHIP_WITH_TRANSFORMATION(#23)
SHAPE_REPRESENTATION_RELATIONSHIP()
);
#55=(
REPRESENTATION_RELATIONSHIP($,$,#17805,#17802)
REPRESENTATION_RELATIONSHIP_WITH_TRANSFORMATION(#24)
SHAPE_REPRESENTATION_RELATIONSHIP()
);
#56=(
REPRESENTATION_RELATIONSHIP($,$,#17806,#17802)
REPRESENTATION_RELATIONSHIP_WITH_TRANSFORMATION(#25)
SHAPE_REPRESENTATION_RELATIONSHIP()
);
#57=(
REPRESENTATION_RELATIONSHIP($,$,#17812,#17802)
REPRESENTATION_RELATIONSHIP_WITH_TRANSFORMATION(#26)
SHAPE_REPRESENTATION_RELATIONSHIP()
);
#58=(
REPRESENTATION_RELATIONSHIP($,$,#17812,#17802)
REPRESENTATION_RELATIONSHIP_WITH_TRANSFORMATION(#27)
SHAPE_REPRESENTATION_RELATIONSHIP()
);
#59=(
REPRESENTATION_RELATIONSHIP($,$,#17812,#17802)
REPRESENTATION_RELATIONSHIP_WITH_TRANSFORMATION(#28)
SHAPE_REPRESENTATION_RELATIONSHIP()
);
#60=(
REPRESENTATION_RELATIONSHIP($,$,#17807,#17802)
REPRESENTATION_RELATIONSHIP_WITH_TRANSFORMATION(#29)
SHAPE_REPRESENTATION_RELATIONSHIP()
);
#61=(
REPRESENTATION_RELATIONSHIP($,$,#17807,#17802)
REPRESENTATION_RELATIONSHIP_WITH_TRANSFORMATION(#30)
SHAPE_REPRESENTATION_RELATIONSHIP()
);
#62=(
REPRESENTATION_RELATIONSHIP($,$,#17808,#17802)
REPRESENTATION_RELATIONSHIP_WITH_TRANSFORMATION(#31)
SHAPE_REPRESENTATION_RELATIONSHIP()
);
#63=(
REPRESENTATION_RELATIONSHIP($,$,#17808,#17802)
REPRESENTATION_RELATIONSHIP_WITH_TRANSFORMATION(#32)
SHAPE_REPRESENTATION_RELATIONSHIP()
);
#64=(
REPRESENTATION_RELATIONSHIP($,$,#17808,#17802)
REPRESENTATION_RELATIONSHIP_WITH_TRANSFORMATION(#33)
SHAPE_REPRESENTATION_RELATIONSHIP()
);
#65=(
REPRESENTATION_RELATIONSHIP($,$,#17808,#17802)
REPRESENTATION_RELATIONSHIP_WITH_TRANSFORMATION(#34)
SHAPE_REPRESENTATION_RELATIONSHIP()
);
#66=(
REPRESENTATION_RELATIONSHIP($,$,#17809,#17802)
REPRESENTATION_RELATIONSHIP_WITH_TRANSFORMATION(#35)
SHAPE_REPRESENTATION_RELATIONSHIP()
);
#67=(
REPRESENTATION_RELATIONSHIP($,$,#17810,#17802)
REPRESENTATION_RELATIONSHIP_WITH_TRANSFORMATION(#36)
SHAPE_REPRESENTATION_RELATIONSHIP()
);
#68=(
REPRESENTATION_RELATIONSHIP($,$,#17811,#17802)
REPRESENTATION_RELATIONSHIP_WITH_TRANSFORMATION(#37)
SHAPE_REPRESENTATION_RELATIONSHIP()
);
#69=(
REPRESENTATION_RELATIONSHIP($,$,#17812,#17802)
REPRESENTATION_RELATIONSHIP_WITH_TRANSFORMATION(#38)
SHAPE_REPRESENTATION_RELATIONSHIP()
);
#70=(
REPRESENTATION_RELATIONSHIP($,$,#17813,#17802)
REPRESENTATION_RELATIONSHIP_WITH_TRANSFORMATION(#39)
SHAPE_REPRESENTATION_RELATIONSHIP()
);
#71=(
REPRESENTATION_RELATIONSHIP($,$,#17814,#17802)
REPRESENTATION_RELATIONSHIP_WITH_TRANSFORMATION(#40)
SHAPE_REPRESENTATION_RELATIONSHIP()
);
#72=(
REPRESENTATION_RELATIONSHIP($,$,#17815,#17802)
REPRESENTATION_RELATIONSHIP_WITH_TRANSFORMATION(#41)
SHAPE_REPRESENTATION_RELATIONSHIP()
);
#73=CONTEXT_DEPENDENT_SHAPE_REPRESENTATION(#42,#17771);
#74=CONTEXT_DEPENDENT_SHAPE_REPRESENTATION(#43,#17772);
#75=CONTEXT_DEPENDENT_SHAPE_REPRESENTATION(#44,#17773);
#76=CONTEXT_DEPENDENT_SHAPE_REPRESENTATION(#45,#17774);
#77=CONTEXT_DEPENDENT_SHAPE_REPRESENTATION(#46,#17775);
#78=CONTEXT_DEPENDENT_SHAPE_REPRESENTATION(#47,#17776);
#79=CONTEXT_DEPENDENT_SHAPE_REPRESENTATION(#48,#17777);
#80=CONTEXT_DEPENDENT_SHAPE_REPRESENTATION(#49,#17778);
#81=CONTEXT_DEPENDENT_SHAPE_REPRESENTATION(#50,#17779);
#82=CONTEXT_DEPENDENT_SHAPE_REPRESENTATION(#51,#17780);
#83=CONTEXT_DEPENDENT_SHAPE_REPRESENTATION(#52,#17781);
#84=CONTEXT_DEPENDENT_SHAPE_REPRESENTATION(#53,#17782);
#85=CONTEXT_DEPENDENT_SHAPE_REPRESENTATION(#54,#17783);
#86=CONTEXT_DEPENDENT_SHAPE_REPRESENTATION(#55,#17784);
#87=CONTEXT_DEPENDENT_SHAPE_REPRESENTATION(#56,#17785);
#88=CONTEXT_DEPENDENT_SHAPE_REPRESENTATION(#57,#17786);
#89=CONTEXT_DEPENDENT_SHAPE_REPRESENTATION(#58,#17787);
#90=CONTEXT_DEPENDENT_SHAPE_REPRESENTATION(#59,#17788);
#91=CONTEXT_DEPENDENT_SHAPE_REPRESENTATION(#60,#17789);
#92=CONTEXT_DEPENDENT_SHAPE_REPRESENTATION(#61,#17790);
#93=CONTEXT_DEPENDENT_SHAPE_REPRESENTATION(#62,#17791);
#94=CONTEXT_DEPENDENT_SHAPE_REPRESENTATION(#63,#17792);
#95=CONTEXT_DEPENDENT_SHAPE_REPRESENTATION(#64,#17793);
#96=CONTEXT_DEPENDENT_SHAPE_REPRESENTATION(#65,#17794);
#97=CONTEXT_DEPENDENT_SHAPE_REPRESENTATION(#66,#17795);
#98=CONTEXT_DEPENDENT_SHAPE_REPRESENTATION(#67,#17796);
#99=CONTEXT_DEPENDENT_SHAPE_REPRESENTATION(#68,#17797);
#100=CONTEXT_DEPENDENT_SHAPE_REPRESENTATION(#69,#17798);
#101=CONTEXT_DEPENDENT_SHAPE_REPRESENTATION(#70,#17799);
#102=CONTEXT_DEPENDENT_SHAPE_REPRESENTATION(#71,#17800);
#103=CONTEXT_DEPENDENT_SHAPE_REPRESENTATION(#72,#17801);
#104=NEXT_ASSEMBLY_USAGE_OCCURRENCE('_GT2 20T toothed core:1',
'_GT2 20T toothed core:1','_GT2 20T toothed core:1',#17834,#17835,
'_GT2 20T toothed core:1');
#105=NEXT_ASSEMBLY_USAGE_OCCURRENCE('_Pulley flange 15x10x1.5mm:1',
'_Pulley flange 15x10x1.5mm:1','_Pulley flange 15x10x1.5mm:1',#17834,#17836,
'_Pulley flange 15x10x1.5mm:1');
#106=NEXT_ASSEMBLY_USAGE_OCCURRENCE(
'_Pulley removable hub 15x10x7.5mm:1',
'_Pulley removable hub 15x10x7.5mm:1',
'_Pulley removable hub 15x10x7.5mm:1',#17834,#17837,
'_Pulley removable hub 15x10x7.5mm:1');
#107=NEXT_ASSEMBLY_USAGE_OCCURRENCE('_M4x4 set screw:1',
'_M4x4 set screw:1','_M4x4 set screw:1',#17834,#17838,
'_M4x4 set screw:1');
#108=NEXT_ASSEMBLY_USAGE_OCCURRENCE('_M4x4 set screw:2',
'_M4x4 set screw:2','_M4x4 set screw:2',#17834,#17838,
'_M4x4 set screw:2');
#109=NEXT_ASSEMBLY_USAGE_OCCURRENCE('M5x10 LP SHCS:1','M5x10 LP SHCS:1',
'M5x10 LP SHCS:1',#17821,#17822,'M5x10 LP SHCS:1');
#110=NEXT_ASSEMBLY_USAGE_OCCURRENCE('M5x10 LP SHCS:2','M5x10 LP SHCS:2',
'M5x10 LP SHCS:2',#17821,#17822,'M5x10 LP SHCS:2');
#111=NEXT_ASSEMBLY_USAGE_OCCURRENCE('M5x10 LP SHCS:3','M5x10 LP SHCS:3',
'M5x10 LP SHCS:3',#17821,#17822,'M5x10 LP SHCS:3');
#112=NEXT_ASSEMBLY_USAGE_OCCURRENCE('M5x10 LP SHCS:4','M5x10 LP SHCS:4',
'M5x10 LP SHCS:4',#17821,#17822,'M5x10 LP SHCS:4');
#113=NEXT_ASSEMBLY_USAGE_OCCURRENCE('M5 2020 drop-in T-nut:5',
'M5 2020 drop-in T-nut:5','M5 2020 drop-in T-nut:5',#17821,#17823,
'M5 2020 drop-in T-nut:5');
#114=NEXT_ASSEMBLY_USAGE_OCCURRENCE('M5 2020 drop-in T-nut:6',
'M5 2020 drop-in T-nut:6','M5 2020 drop-in T-nut:6',#17821,#17823,
'M5 2020 drop-in T-nut:6');
#115=NEXT_ASSEMBLY_USAGE_OCCURRENCE('M5 2020 drop-in T-nut:7',
'M5 2020 drop-in T-nut:7','M5 2020 drop-in T-nut:7',#17821,#17823,
'M5 2020 drop-in T-nut:7');
#116=NEXT_ASSEMBLY_USAGE_OCCURRENCE('M5 2020 drop-in T-nut:8',
'M5 2020 drop-in T-nut:8','M5 2020 drop-in T-nut:8',#17821,#17823,
'M5 2020 drop-in T-nut:8');
#117=NEXT_ASSEMBLY_USAGE_OCCURRENCE('695 W5 bearing:2',
'695 W5 bearing:2','695 W5 bearing:2',#17821,#17824,'695 W5 bearing:2');
#118=NEXT_ASSEMBLY_USAGE_OCCURRENCE(
'Custom M3x30 standoff (5mm OD, F-F threads):2',
'Custom M3x30 standoff (5mm OD, F-F threads):2',
'Custom M3x30 standoff (5mm OD, F-F threads):2',#17821,#17825,
'Custom M3x30 standoff (5mm OD, F-F threads):2');
#119=NEXT_ASSEMBLY_USAGE_OCCURRENCE('F695 flanged bearing:17',
'F695 flanged bearing:17','F695 flanged bearing:17',#17821,#17831,
'F695 flanged bearing:17');
#120=NEXT_ASSEMBLY_USAGE_OCCURRENCE('F695 flanged bearing:18',
'F695 flanged bearing:18','F695 flanged bearing:18',#17821,#17831,
'F695 flanged bearing:18');
#121=NEXT_ASSEMBLY_USAGE_OCCURRENCE('F695 flanged bearing:19',
'F695 flanged bearing:19','F695 flanged bearing:19',#17821,#17831,
'F695 flanged bearing:19');
#122=NEXT_ASSEMBLY_USAGE_OCCURRENCE('M5 disc spring:1',
'M5 disc spring:1','M5 disc spring:1',#17821,#17826,'M5 disc spring:1');
#123=NEXT_ASSEMBLY_USAGE_OCCURRENCE('M5 disc spring:2',
'M5 disc spring:2','M5 disc spring:2',#17821,#17826,'M5 disc spring:2');
#124=NEXT_ASSEMBLY_USAGE_OCCURRENCE('M3x8 FHCS:7','M3x8 FHCS:7',
'M3x8 FHCS:7',#17821,#17827,'M3x8 FHCS:7');
#125=NEXT_ASSEMBLY_USAGE_OCCURRENCE('M3x8 FHCS:8','M3x8 FHCS:8',
'M3x8 FHCS:8',#17821,#17827,'M3x8 FHCS:8');
#126=NEXT_ASSEMBLY_USAGE_OCCURRENCE('M3x8 FHCS:9','M3x8 FHCS:9',
'M3x8 FHCS:9',#17821,#17827,'M3x8 FHCS:9');
#127=NEXT_ASSEMBLY_USAGE_OCCURRENCE('M3x8 FHCS:10','M3x8 FHCS:10',
'M3x8 FHCS:10',#17821,#17827,'M3x8 FHCS:10');
#128=NEXT_ASSEMBLY_USAGE_OCCURRENCE('D5x36mm pin:1','D5x36mm pin:1',
'D5x36mm pin:1',#17821,#17828,'D5x36mm pin:1');
#129=NEXT_ASSEMBLY_USAGE_OCCURRENCE(
'M3x30mm standoff (5mm OD, F-F threads):1',
'M3x30mm standoff (5mm OD, F-F threads):1',
'M3x30mm standoff (5mm OD, F-F threads):1',#17821,#17829,
'M3x30mm standoff (5mm OD, F-F threads):1');
#130=NEXT_ASSEMBLY_USAGE_OCCURRENCE(
'M5x7 spacer (8mm OD, no threads):1',
'M5x7 spacer (8mm OD, no threads):1',
'M5x7 spacer (8mm OD, no threads):1',#17821,#17830,
'M5x7 spacer (8mm OD, no threads):1');
#131=NEXT_ASSEMBLY_USAGE_OCCURRENCE('F695 flanged bearing:20',
'F695 flanged bearing:20','F695 flanged bearing:20',#17821,#17831,
'F695 flanged bearing:20');
#132=NEXT_ASSEMBLY_USAGE_OCCURRENCE('VT9-FIB:1','VT9-FIB:1','VT9-FIB:1',
#17821,#17832,'VT9-FIB:1');
#133=NEXT_ASSEMBLY_USAGE_OCCURRENCE('VT9-FIA:1','VT9-FIA:1','VT9-FIA:1',
#17821,#17833,'VT9-FIA:1');
#134=NEXT_ASSEMBLY_USAGE_OCCURRENCE('GT2 20T 9mm pulley:1',
'GT2 20T 9mm pulley:1','GT2 20T 9mm pulley:1',#17821,#17834,
'GT2 20T 9mm pulley:1');
#135=ELLIPSE('',#10144,2.12132034355961,1.5);
#136=ELLIPSE('',#10191,0.565685424949226,0.4);
#137=ELLIPSE('',#10195,2.12132034355951,1.5);
#138=ELLIPSE('',#10198,2.12132034355951,1.5);
#139=ELLIPSE('',#10250,6.36396103067895,4.49999999999999);
#140=ELLIPSE('',#10320,2.12132034355967,1.5);
#141=ELLIPSE('',#10321,2.12132034355967,1.5);
#142=ELLIPSE('',#10419,2.12132034355961,1.5);
#143=ELLIPSE('',#10434,6.36396103067895,4.49999999999999);
#144=ELLIPSE('',#10467,0.565685424949232,0.4);
#145=ELLIPSE('',#10488,2.12132034355967,1.5);
#146=ELLIPSE('',#10491,2.12132034355967,1.5);
#147=ELLIPSE('',#10630,2.12132034355951,1.5);
#148=ELLIPSE('',#10631,2.12132034355951,1.5);
#149=B_SPLINE_SURFACE_WITH_KNOTS('',3,3,((#14314,#14315,#14316,#14317,#14318,
#14319,#14320,#14321,#14322),(#14323,#14324,#14325,#14326,#14327,#14328,
#14329,#14330,#14331),(#14332,#14333,#14334,#14335,#14336,#14337,#14338,
#14339,#14340),(#14341,#14342,#14343,#14344,#14345,#14346,#14347,#14348,
#14349)),.UNSPECIFIED.,.F.,.F.,.F.,(4,4),(4,1,1,1,1,1,4),(0.,1.),(-1.52019316066576,
-1.46540322492863,-1.41061328919149,-1.30103341771723,-1.24624348198009,
-1.19145354624296,-1.13666361050582),.UNSPECIFIED.);
#150=B_SPLINE_SURFACE_WITH_KNOTS('',3,3,((#14411,#14412,#14413,#14414,#14415,
#14416,#14417,#14418,#14419),(#14420,#14421,#14422,#14423,#14424,#14425,
#14426,#14427,#14428),(#14429,#14430,#14431,#14432,#14433,#14434,#14435,
#14436,#14437),(#14438,#14439,#14440,#14441,#14442,#14443,#14444,#14445,
#14446)),.UNSPECIFIED.,.F.,.F.,.F.,(4,4),(4,1,1,1,1,1,4),(0.,1.),(-0.855979138060002,
-0.801189169906271,-0.746399201752539,-0.691609233598808,-0.582029297291345,
-0.527239329137614,-0.472449360983883),.UNSPECIFIED.);
#151=B_SPLINE_CURVE_WITH_KNOTS('',3,(#14270,#14271,#14272,#14273,#14274,
#14275,#14276,#14277,#14278,#14279,#14280,#14281,#14282,#14283,#14284,#14285),
 .UNSPECIFIED.,.F.,.F.,(4,3,3,3,3,4),(-0.0563885981007371,-0.0432298158585872,
-0.0301778412171373,-0.0285885411242108,-0.00700069030332719,0.),
 .UNSPECIFIED.);
#152=B_SPLINE_CURVE_WITH_KNOTS('',3,(#14287,#14288,#14289,#14290),
 .UNSPECIFIED.,.F.,.F.,(4,4),(0.201755682679701,0.208739762270686),
 .UNSPECIFIED.);
#153=B_SPLINE_CURVE_WITH_KNOTS('',3,(#14294,#14295,#14296,#14297),
 .UNSPECIFIED.,.F.,.F.,(4,4),(0.761497430662031,0.768481510231839),
 .UNSPECIFIED.);
#154=B_SPLINE_CURVE_WITH_KNOTS('',3,(#14298,#14299,#14300,#14301,#14302,
#14303,#14304,#14305,#14306,#14307,#14308,#14309,#14310,#14311,#14312,#14313),
 .UNSPECIFIED.,.F.,.F.,(4,3,3,3,3,4),(0.,0.012929566441517,0.0257538491106469,
0.0272818561125492,0.0484972557241764,0.0554211668766814),.UNSPECIFIED.);
#155=B_SPLINE_CURVE_WITH_KNOTS('',3,(#14351,#14352,#14353,#14354,#14355,
#14356,#14357,#14358,#14359),.UNSPECIFIED.,.F.,.F.,(4,1,1,1,1,1,4),(-1.48877320455441,
-1.46540322492863,-1.41061328919149,-1.30103341771723,-1.24624348198009,
-1.19145354624296,-1.16796731173863),.UNSPECIFIED.);
#156=B_SPLINE_CURVE_WITH_KNOTS('',3,(#14361,#14362,#14363,#14364,#14365,
#14366,#14367,#14368,#14369,#14370,#14371,#14372,#14373),.UNSPECIFIED.,
 .F.,.F.,(4,3,3,3,4),(0.,0.0136409279886056,0.0272818559772111,0.0497491185786474,
0.0554211668777534),.UNSPECIFIED.);
#157=B_SPLINE_CURVE_WITH_KNOTS('',3,(#14374,#14375,#14376,#14377,#14378,
#14379,#14380,#14381,#14382),.UNSPECIFIED.,.F.,.F.,(4,1,1,1,1,1,4),(1.13666361050582,
1.19145354624296,1.24624348198009,1.30103341771723,1.41061328919149,1.46540322492863,
1.52019316066576),.UNSPECIFIED.);
#158=B_SPLINE_CURVE_WITH_KNOTS('',3,(#14387,#14388,#14389,#14390,#14391,
#14392,#14393,#14394,#14395,#14396,#14397,#14398,#14399),.UNSPECIFIED.,
 .F.,.F.,(4,3,3,3,4),(-0.0563885951374447,-0.0424885673452987,-0.0285885395531526,
-0.00573038155428206,0.),.UNSPECIFIED.);
#159=B_SPLINE_CURVE_WITH_KNOTS('',3,(#14401,#14402,#14403,#14404),
 .UNSPECIFIED.,.F.,.F.,(4,4),(1.17119481707073,1.17817889664054),
 .UNSPECIFIED.);
#160=B_SPLINE_CURVE_WITH_KNOTS('',3,(#14407,#14408,#14409,#14410),
 .UNSPECIFIED.,.F.,.F.,(4,4),(-0.208739761507171,-0.20175568206552),
 .UNSPECIFIED.);
#161=B_SPLINE_CURVE_WITH_KNOTS('',3,(#14447,#14448,#14449,#14450,#14451,
#14452,#14453,#14454,#14455),.UNSPECIFIED.,.F.,.F.,(4,1,1,1,1,1,4),(0.472449360983883,
0.527239329137614,0.582029297291345,0.691609233598808,0.746399201752539,
0.801189169906271,0.855979138060002),.UNSPECIFIED.);
#162=B_SPLINE_CURVE_WITH_KNOTS('',3,(#14456,#14457,#14458,#14459,#14460,
#14461,#14462,#14463,#14464),.UNSPECIFIED.,.F.,.F.,(4,1,1,1,1,1,4),(-0.824675437147899,
-0.801189169906271,-0.746399201752539,-0.691609233598808,-0.582029297291345,
-0.527239329137614,-0.503869486466067),.UNSPECIFIED.);
#163=B_SPLINE_CURVE_WITH_KNOTS('',3,(#14485,#14486,#14487,#14488,#14489,
#14490,#14491,#14492,#14493,#14494,#14495,#14496,#14497,#14498),
 .UNSPECIFIED.,.F.,.F.,(4,2,2,2,2,2,4),(0.0275842606222802,0.0405677006435021,
0.0750502081646311,0.142043963489513,0.209037718814395,0.243520226335524,
0.256503666356746),.UNSPECIFIED.);
#164=B_SPLINE_CURVE_WITH_KNOTS('',3,(#14502,#14503,#14504,#14505,#14506,
#14507,#14508,#14509,#14510,#14511,#14512,#14513,#14514,#14515),
 .UNSPECIFIED.,.F.,.F.,(4,2,2,2,2,2,4),(0.0275842606222803,0.0405677006435026,
0.0750502081646314,0.142043963489513,0.209037718814395,0.243520226335524,
0.256503666356746),.UNSPECIFIED.);
#165=B_SPLINE_CURVE_WITH_KNOTS('',3,(#14965,#14966,#14967,#14968,#14969,
#14970,#14971,#14972),.UNSPECIFIED.,.F.,.F.,(4,2,2,4),(2.34168483343458,
2.35329066228658,2.38057029455533,2.40784992682408),.UNSPECIFIED.);
#166=B_SPLINE_CURVE_WITH_KNOTS('',3,(#14978,#14979,#14980,#14981),
 .UNSPECIFIED.,.F.,.F.,(4,4),(2.27797879047111,2.35512573420635),
 .UNSPECIFIED.);
#167=B_SPLINE_CURVE_WITH_KNOTS('',3,(#14983,#14984,#14985,#14986,#14987,
#14988,#14989,#14990,#14991,#14992),.UNSPECIFIED.,.F.,.F.,(4,2,2,2,4),(0.0778487119534602,
0.086627695441858,0.0954066789302559,0.112964645907052,0.120939383851771),
 .UNSPECIFIED.);
#168=B_SPLINE_CURVE_WITH_KNOTS('',3,(#15012,#15013,#15014,#15015,#15016,
#15017,#15018,#15019,#15020,#15021),.UNSPECIFIED.,.F.,.F.,(4,2,2,2,4),(2.4078499268243,
2.43512955909305,2.4624091913618,2.51696845589929,2.56642822377151),
 .UNSPECIFIED.);
#169=B_SPLINE_CURVE_WITH_KNOTS('',3,(#15030,#15031,#15032,#15033,#15034,
#15035,#15036,#15037,#15038,#15039,#15040,#15041,#15042,#15043,#15044,#15045,
#15046,#15047),.UNSPECIFIED.,.F.,.F.,(4,2,2,2,2,2,2,2,4),(0.314531573982335,
0.315837427433557,0.340211012633011,0.361306620496075,0.370151132503306,
0.378995644510536,0.387840156517769,0.396684668525003,0.402878570137053),
 .UNSPECIFIED.);
#170=B_SPLINE_CURVE_WITH_KNOTS('',3,(#15064,#15065,#15066,#15067,#15068,
#15069,#15070,#15071,#15072,#15073,#15074,#15075,#15076,#15077),
 .UNSPECIFIED.,.F.,.F.,(4,2,2,2,2,2,4),(0.0830872821617111,0.0906462141491206,
0.0998226693727432,0.108999124596366,0.119895394047898,0.13079166349943,
0.149688811941687),.UNSPECIFIED.);
#171=B_SPLINE_CURVE_WITH_KNOTS('',3,(#15111,#15112,#15113,#15114),
 .UNSPECIFIED.,.F.,.F.,(4,4),(-0.0640148008932083,-0.027824647164345),
 .UNSPECIFIED.);
#172=B_SPLINE_CURVE_WITH_KNOTS('',3,(#15234,#15235,#15236,#15237,#15238,
#15239,#15240,#15241),.UNSPECIFIED.,.F.,.F.,(4,2,2,4),(0.229449848940132,
0.242271372593559,0.255092896246985,0.271952010992454),.UNSPECIFIED.);
#173=B_SPLINE_CURVE_WITH_KNOTS('',3,(#15299,#15300,#15301,#15302,#15303,
#15304,#15305,#15306,#15307,#15308,#15309,#15310),.UNSPECIFIED.,.F.,.F.,
(4,2,2,2,2,4),(0.0913012867616555,0.158081739787462,0.200332099106842,0.242582458426223,
0.284106138259798,0.325629818093373),.UNSPECIFIED.);
#174=B_SPLINE_CURVE_WITH_KNOTS('',3,(#15829,#15830,#15831,#15832,#15833,
#15834,#15835,#15836,#15837,#15838,#15839,#15840,#15841,#15842),
 .UNSPECIFIED.,.F.,.F.,(4,2,2,2,2,2,4),(-0.096714409092932,-0.0907982325224191,
-0.0816056299760204,-0.0724130274296218,-0.0614996953600387,-0.0505863632904556,
-0.0290727128634906),.UNSPECIFIED.);
#175=B_SPLINE_CURVE_WITH_KNOTS('',3,(#15853,#15854,#15855,#15856,#15857,
#15858,#15859,#15860,#15861,#15862),.UNSPECIFIED.,.F.,.F.,(4,2,2,2,4),(2.27878473615181,
2.29873139774866,2.35329066228617,2.38057029455492,2.40784992682367),
 .UNSPECIFIED.);
#176=B_SPLINE_CURVE_WITH_KNOTS('',3,(#15866,#15867,#15868,#15869),
 .UNSPECIFIED.,.F.,.F.,(4,4),(2.83261586713894,2.90976281087417),
 .UNSPECIFIED.);
#177=B_SPLINE_CURVE_WITH_KNOTS('',3,(#15881,#15882,#15883,#15884,#15885,
#15886,#15887,#15888,#15889,#15890),.UNSPECIFIED.,.F.,.F.,(4,2,2,2,4),(0.296949091002721,
0.317372788691415,0.353188412003864,0.389004035316312,0.409427733005194),
 .UNSPECIFIED.);
#178=B_SPLINE_CURVE_WITH_KNOTS('',3,(#15897,#15898,#15899,#15900,#15901,
#15902,#15903,#15904,#15905,#15906),.UNSPECIFIED.,.F.,.F.,(4,2,2,2,4),(0.172518582020674,
0.180493319965393,0.198051286942189,0.206830270430586,0.215609253918984),
 .UNSPECIFIED.);
#179=B_SPLINE_CURVE_WITH_KNOTS('',3,(#15909,#15910,#15911,#15912,#15913,
#15914,#15915,#15916),.UNSPECIFIED.,.F.,.F.,(4,2,2,4),(2.40784992682407,
2.43512955909282,2.46240919136157,2.47401502021357),.UNSPECIFIED.);
#180=B_SPLINE_CURVE_WITH_KNOTS('',3,(#15933,#15934,#15935,#15936),
 .UNSPECIFIED.,.F.,.F.,(4,4),(-0.100475707079916,-0.0639426924450898),
 .UNSPECIFIED.);
#181=B_SPLINE_CURVE_WITH_KNOTS('',3,(#15978,#15979,#15980,#15981,#15982,
#15983,#15984,#15985,#15986,#15987,#15988,#15989,#15990,#15991),
 .UNSPECIFIED.,.F.,.F.,(4,2,2,2,2,2,4),(0.14187181580713,0.160768964249389,
0.171665233700921,0.182561503152452,0.191737958376076,0.200914413599699,
0.208473345587107),.UNSPECIFIED.);
#182=B_SPLINE_CURVE_WITH_KNOTS('',3,(#16396,#16397,#16398,#16399,#16400,
#16401,#16402,#16403),.UNSPECIFIED.,.F.,.F.,(4,2,2,4),(0.0216949398015101,
0.0385540545469796,0.0513755782004058,0.0641971018538319),.UNSPECIFIED.);
#183=B_SPLINE_CURVE_WITH_KNOTS('',3,(#16537,#16538,#16539,#16540,#16541,
#16542,#16543,#16544,#16545,#16546,#16547,#16548),.UNSPECIFIED.,.F.,.F.,
(4,2,2,2,2,4),(0.0913012867616555,0.158081739787462,0.200332099106842,0.242582458426223,
0.284106138259798,0.325629818093373),.UNSPECIFIED.);
#184=B_SPLINE_CURVE_WITH_KNOTS('',3,(#16674,#16675,#16676,#16677,#16678,
#16679,#16680),.UNSPECIFIED.,.F.,.F.,(4,3,4),(1.17658941582547,1.24607949590207,
1.31556957597866),.UNSPECIFIED.);
#185=B_SPLINE_CURVE_WITH_KNOTS('',3,(#16687,#16688,#16689,#16690,#16691,
#16692),.UNSPECIFIED.,.F.,.F.,(4,2,4),(0.553549667874627,0.623039747951034,
0.692529828027441),.UNSPECIFIED.);
#186=B_SPLINE_CURVE_WITH_KNOTS('',3,(#16697,#16698,#16699,#16700,#16701,
#16702,#16703,#16704,#16705,#16706),.UNSPECIFIED.,.F.,.F.,(4,2,2,2,4),(-0.25313030343325,
-0.189862381434173,-0.126594459435095,-0.0632972297175474,0.),
 .UNSPECIFIED.);
#187=B_SPLINE_CURVE_WITH_KNOTS('',3,(#16708,#16709,#16710,#16711,#16712,
#16713,#16714,#16715,#16716,#16717,#16718,#16719,#16720,#16721,#16722,#16723,
#16724,#16725),.UNSPECIFIED.,.F.,.F.,(4,2,2,2,2,2,2,2,4),(0.253130303433251,
0.316398225432328,0.379666147431406,0.442963377148954,0.506260606866501,
0.569557836584048,0.632855066301595,0.696122988300673,0.759390910299751),
 .UNSPECIFIED.);
#188=B_SPLINE_CURVE_WITH_KNOTS('',3,(#16726,#16727,#16728,#16729,#16730,
#16731,#16732,#16733,#16734,#16735),.UNSPECIFIED.,.F.,.F.,(4,2,2,2,4),(0.,
0.0632972297175474,0.126594459435095,0.189862381434173,0.253130303433251),
 .UNSPECIFIED.);
#189=B_SPLINE_CURVE_WITH_KNOTS('',3,(#16738,#16739,#16740,#16741,#16742,
#16743,#16744,#16745,#16746,#16747,#16748),.UNSPECIFIED.,.F.,.F.,(4,3,2,
2,4),(0.597093712262331,0.608777435938567,0.654360425397389,0.719363538529103,
0.784366651660817),.UNSPECIFIED.);
#190=B_SPLINE_CURVE_WITH_KNOTS('',3,(#16749,#16750,#16751,#16752,#16753,
#16754,#16755,#16756,#16757,#16758,#16759),.UNSPECIFIED.,.F.,.F.,(4,2,2,
3,4),(0.784366651660817,0.849369764792523,0.914372877924229,0.959955867383244,
0.971639591059505),.UNSPECIFIED.);
#191=B_SPLINE_CURVE_WITH_KNOTS('',3,(#16761,#16762,#16763,#16764,#16765,
#16766,#16767,#16768,#16769,#16770,#16771),.UNSPECIFIED.,.F.,.F.,(4,3,2,
2,4),(0.0741826111549029,0.0858663348311636,0.131449324290178,0.196452437421885,
0.261455550553591),.UNSPECIFIED.);
#192=B_SPLINE_CURVE_WITH_KNOTS('',3,(#16772,#16773,#16774,#16775,#16776,
#16777,#16778,#16779,#16780,#16781,#16782),.UNSPECIFIED.,.F.,.F.,(4,2,2,
3,4),(0.261455550553591,0.326458663685305,0.391461776817018,0.43704476627584,
0.448728489952076),.UNSPECIFIED.);
#193=B_SPLINE_CURVE_WITH_KNOTS('',3,(#16786,#16787,#16788,#16789,#16790,
#16791,#16792),.UNSPECIFIED.,.F.,.F.,(4,3,4),(1.176589415826,1.24607949590238,
1.31556957597876),.UNSPECIFIED.);
#194=B_SPLINE_CURVE_WITH_KNOTS('',3,(#16797,#16798,#16799,#16800,#16801,
#16802),.UNSPECIFIED.,.F.,.F.,(4,2,4),(0.553549667874783,0.62303974795119,
0.692529828027597),.UNSPECIFIED.);
#195=B_SPLINE_CURVE_WITH_KNOTS('',3,(#16807,#16808,#16809,#16810,#16811,
#16812,#16813,#16814,#16815,#16816,#16817,#16818,#16819,#16820,#16821,#16822,
#16823,#16824,#16825),.UNSPECIFIED.,.F.,.F.,(4,2,2,2,3,2,2,2,4),(-0.253130303433251,
-0.189862381434173,-0.126594459435095,-0.0632972297175474,0.,0.0632972297175474,
0.126594459435095,0.189862381434173,0.25313030343325),.UNSPECIFIED.);
#196=B_SPLINE_CURVE_WITH_KNOTS('',3,(#16826,#16827,#16828,#16829,#16830,
#16831,#16832,#16833,#16834,#16835,#16836,#16837,#16838,#16839,#16840,#16841,
#16842,#16843),.UNSPECIFIED.,.F.,.F.,(4,2,2,2,2,2,2,2,4),(0.25313030343325,
0.316398225432328,0.379666147431406,0.442963377148954,0.506260606866501,
0.569557836584048,0.632855066301595,0.696122988300673,0.759390910299751),
 .UNSPECIFIED.);
#197=B_SPLINE_CURVE_WITH_KNOTS('',3,(#16846,#16847,#16848,#16849,#16850,
#16851,#16852,#16853,#16854,#16855,#16856),.UNSPECIFIED.,.F.,.F.,(4,2,2,
3,4),(0.784366651660804,0.849369764792515,0.914372877924225,0.959955867383247,
0.971639591059501),.UNSPECIFIED.);
#198=B_SPLINE_CURVE_WITH_KNOTS('',3,(#16857,#16858,#16859,#16860,#16861,
#16862,#16863,#16864,#16865,#16866,#16867,#16868,#16869,#16870,#16871,#16872,
#16873,#16874,#16875,#16876),.UNSPECIFIED.,.F.,.F.,(4,3,2,2,2,2,2,3,4),
(0.0741826111549067,0.0858663348311611,0.131449324290182,0.196452437421893,
0.261455550553603,0.326458663685313,0.391461776817022,0.437044766276072,
0.44872848995233),.UNSPECIFIED.);
#199=B_SPLINE_CURVE_WITH_KNOTS('',3,(#16877,#16878,#16879,#16880,#16881,
#16882,#16883,#16884,#16885,#16886,#16887),.UNSPECIFIED.,.F.,.F.,(4,3,2,
2,4),(0.597093712262078,0.608777435938336,0.654360425397385,0.719363538529095,
0.784366651660804),.UNSPECIFIED.);
#200=B_SPLINE_CURVE_WITH_KNOTS('',3,(#17419,#17420,#17421,#17422,#17423,
#17424,#17425,#17426,#17427,#17428),.UNSPECIFIED.,.F.,.F.,(4,2,2,2,4),(0.313840927819111,
0.393485702590429,0.473130477361747,0.550406166499985,0.627681855638222),
 .UNSPECIFIED.);
#201=B_SPLINE_CURVE_WITH_KNOTS('',3,(#17430,#17431,#17432,#17433,#17434,
#17435,#17436,#17437,#17438,#17439,#17440,#17441,#17442,#17443,#17444,#17445,
#17446,#17447,#17448),.UNSPECIFIED.,.F.,.F.,(4,2,2,2,3,2,2,2,4),(0.941522783457333,
1.02116755822865,1.10081233299997,1.17808802213821,1.25536371127644,1.33263940041468,
1.40991508955292,1.48955986432424,1.56920463909556),.UNSPECIFIED.);
#202=B_SPLINE_CURVE_WITH_KNOTS('',3,(#17449,#17450,#17451,#17452,#17453,
#17454,#17455,#17456,#17457,#17458),.UNSPECIFIED.,.F.,.F.,(4,2,2,2,4),(0.627681855638222,
0.70495754477646,0.782233233914698,0.861878008686015,0.941522783457333),
 .UNSPECIFIED.);
#203=B_SPLINE_CURVE_WITH_KNOTS('',3,(#17465,#17466,#17467,#17468,#17469,
#17470,#17471,#17472,#17473,#17474,#17475,#17476,#17477,#17478,#17479,#17480,
#17481,#17482),.UNSPECIFIED.,.F.,.F.,(4,2,2,2,2,2,2,2,4),(0.313840927819111,
0.393485702590429,0.473130477361747,0.550406166499985,0.627681855638223,
0.70495754477646,0.782233233914698,0.861878008686016,0.941522783457334),
 .UNSPECIFIED.);
#204=B_SPLINE_CURVE_WITH_KNOTS('',3,(#17483,#17484,#17485,#17486,#17487,
#17488,#17489,#17490,#17491,#17492,#17493,#17494,#17495,#17496,#17497,#17498,
#17499,#17500,#17501),.UNSPECIFIED.,.F.,.F.,(4,2,2,2,3,2,2,2,4),(0.941522783457334,
1.02116755822865,1.10081233299997,1.17808802213821,1.25536371127644,1.33263940041468,
1.40991508955292,1.48955986432424,1.56920463909556),.UNSPECIFIED.);
#205=B_SPLINE_CURVE_WITH_KNOTS('',3,(#17509,#17510,#17511,#17512,#17513,
#17514,#17515,#17516,#17517,#17518),.UNSPECIFIED.,.F.,.F.,(4,2,2,2,4),(0.759390910299751,
0.822658832298829,0.885926754297907,0.949223984015455,1.012521213733),
 .UNSPECIFIED.);
#206=B_SPLINE_CURVE_WITH_KNOTS('',3,(#17520,#17521,#17522,#17523,#17524,
#17525,#17526,#17527,#17528,#17529,#17530,#17531,#17532,#17533,#17534,#17535,
#17536,#17537),.UNSPECIFIED.,.F.,.F.,(4,2,2,2,2,2,2,2,4),(0.25313030343325,
0.316398225432328,0.379666147431406,0.442963377148954,0.506260606866501,
0.569557836584048,0.632855066301596,0.696122988300674,0.759390910299751),
 .UNSPECIFIED.);
#207=B_SPLINE_CURVE_WITH_KNOTS('',3,(#17538,#17539,#17540,#17541,#17542,
#17543,#17544,#17545,#17546,#17547),.UNSPECIFIED.,.F.,.F.,(4,2,2,2,4),(0.,
0.0632972297175474,0.126594459435095,0.189862381434173,0.25313030343325),
 .UNSPECIFIED.);
#208=B_SPLINE_CURVE_WITH_KNOTS('',3,(#17552,#17553,#17554,#17555,#17556,
#17557,#17558,#17559,#17560,#17561,#17562,#17563,#17564,#17565,#17566,#17567,
#17568,#17569,#17570,#17571,#17572,#17573,#17574,#17575,#17576,#17577),
 .UNSPECIFIED.,.F.,.F.,(4,2,2,2,2,2,2,2,2,2,2,2,4),(0.,0.0632972297175473,
0.126594459435095,0.189862381434173,0.25313030343325,0.316398225432328,
0.379666147431406,0.442963377148954,0.506260606866501,0.569557836584048,
0.632855066301596,0.696122988300674,0.759390910299751),.UNSPECIFIED.);
#209=B_SPLINE_CURVE_WITH_KNOTS('',3,(#17578,#17579,#17580,#17581,#17582,
#17583,#17584,#17585,#17586,#17587),.UNSPECIFIED.,.F.,.F.,(4,2,2,2,4),(0.759390910299751,
0.822658832298829,0.885926754297907,0.949223984015455,1.012521213733),
 .UNSPECIFIED.);
#210=SHAPE_REPRESENTATION_RELATIONSHIP('SRR','None',#17803,#226);
#211=SHAPE_REPRESENTATION_RELATIONSHIP('SRR','None',#17804,#227);
#212=SHAPE_REPRESENTATION_RELATIONSHIP('SRR','None',#17805,#228);
#213=SHAPE_REPRESENTATION_RELATIONSHIP('SRR','None',#17806,#229);
#214=SHAPE_REPRESENTATION_RELATIONSHIP('SRR','None',#17807,#230);
#215=SHAPE_REPRESENTATION_RELATIONSHIP('SRR','None',#17808,#231);
#216=SHAPE_REPRESENTATION_RELATIONSHIP('SRR','None',#17809,#232);
#217=SHAPE_REPRESENTATION_RELATIONSHIP('SRR','None',#17810,#233);
#218=SHAPE_REPRESENTATION_RELATIONSHIP('SRR','None',#17811,#234);
#219=SHAPE_REPRESENTATION_RELATIONSHIP('SRR','None',#17812,#235);
#220=SHAPE_REPRESENTATION_RELATIONSHIP('SRR','None',#17813,#236);
#221=SHAPE_REPRESENTATION_RELATIONSHIP('SRR','None',#17814,#237);
#222=SHAPE_REPRESENTATION_RELATIONSHIP('SRR','None',#17816,#238);
#223=SHAPE_REPRESENTATION_RELATIONSHIP('SRR','None',#17817,#239);
#224=SHAPE_REPRESENTATION_RELATIONSHIP('SRR','None',#17818,#240);
#225=SHAPE_REPRESENTATION_RELATIONSHIP('SRR','None',#17819,#241);
#226=ADVANCED_BREP_SHAPE_REPRESENTATION('',(#281),#17713);
#227=ADVANCED_BREP_SHAPE_REPRESENTATION('',(#282),#17714);
#228=ADVANCED_BREP_SHAPE_REPRESENTATION('',(#283),#17715);
#229=ADVANCED_BREP_SHAPE_REPRESENTATION('',(#284),#17716);
#230=ADVANCED_BREP_SHAPE_REPRESENTATION('',(#285),#17717);
#231=ADVANCED_BREP_SHAPE_REPRESENTATION('',(#286),#17718);
#232=ADVANCED_BREP_SHAPE_REPRESENTATION('',(#287),#17719);
#233=ADVANCED_BREP_SHAPE_REPRESENTATION('',(#288),#17720);
#234=ADVANCED_BREP_SHAPE_REPRESENTATION('',(#289),#17721);
#235=ADVANCED_BREP_SHAPE_REPRESENTATION('',(#290),#17722);
#236=ADVANCED_BREP_SHAPE_REPRESENTATION('',(#291),#17723);
#237=ADVANCED_BREP_SHAPE_REPRESENTATION('',(#292),#17724);
#238=ADVANCED_BREP_SHAPE_REPRESENTATION('',(#293),#17726);
#239=ADVANCED_BREP_SHAPE_REPRESENTATION('',(#294),#17727);
#240=ADVANCED_BREP_SHAPE_REPRESENTATION('',(#295),#17728);
#241=ADVANCED_BREP_SHAPE_REPRESENTATION('',(#296),#17729);
#242=STYLED_ITEM('',(#17897),#281);
#243=STYLED_ITEM('',(#17897),#282);
#244=STYLED_ITEM('',(#17898),#9109);
#245=STYLED_ITEM('',(#17898),#9120);
#246=STYLED_ITEM('',(#17896),#283);
#247=STYLED_ITEM('',(#17899),#284);
#248=STYLED_ITEM('',(#17900),#285);
#249=STYLED_ITEM('',(#17897),#9139);
#250=STYLED_ITEM('',(#17897),#9140);
#251=STYLED_ITEM('',(#17897),#9141);
#252=STYLED_ITEM('',(#17897),#9142);
#253=STYLED_ITEM('',(#17897),#9143);
#254=STYLED_ITEM('',(#17897),#9144);
#255=STYLED_ITEM('',(#17897),#9145);
#256=STYLED_ITEM('',(#17897),#9146);
#257=STYLED_ITEM('',(#17897),#9147);
#258=STYLED_ITEM('',(#17897),#9148);
#259=STYLED_ITEM('',(#17897),#9149);
#260=STYLED_ITEM('',(#17897),#9150);
#261=STYLED_ITEM('',(#17897),#9151);
#262=STYLED_ITEM('',(#17897),#9152);
#263=STYLED_ITEM('',(#17897),#9153);
#264=STYLED_ITEM('',(#17897),#9154);
#265=STYLED_ITEM('',(#17897),#9155);
#266=STYLED_ITEM('',(#17897),#9156);
#267=STYLED_ITEM('',(#17897),#9157);
#268=STYLED_ITEM('',(#17896),#286);
#269=STYLED_ITEM('',(#17900),#287);
#270=STYLED_ITEM('',(#17899),#288);
#271=STYLED_ITEM('',(#17899),#289);
#272=STYLED_ITEM('',(#17898),#9193);
#273=STYLED_ITEM('',(#17898),#9202);
#274=STYLED_ITEM('',(#17896),#290);
#275=STYLED_ITEM('',(#17901),#291);
#276=STYLED_ITEM('',(#17901),#292);
#277=STYLED_ITEM('',(#17902),#293);
#278=STYLED_ITEM('',(#17902),#294);
#279=STYLED_ITEM('',(#17902),#295);
#280=STYLED_ITEM('',(#17900),#296);
#281=MANIFOLD_SOLID_BREP('Body1',#9626);
#282=MANIFOLD_SOLID_BREP('Body1',#9627);
#283=MANIFOLD_SOLID_BREP('Body1',#9628);
#284=MANIFOLD_SOLID_BREP('Body1',#9629);
#285=MANIFOLD_SOLID_BREP('Body2',#9630);
#286=MANIFOLD_SOLID_BREP('Body1',#9631);
#287=MANIFOLD_SOLID_BREP('Body1',#9632);
#288=MANIFOLD_SOLID_BREP('Body1',#9633);
#289=MANIFOLD_SOLID_BREP('Body1',#9634);
#290=MANIFOLD_SOLID_BREP('Body3',#9635);
#291=MANIFOLD_SOLID_BREP('Body1',#9636);
#292=MANIFOLD_SOLID_BREP('Body1',#9637);
#293=MANIFOLD_SOLID_BREP('Pulley body',#9638);
#294=MANIFOLD_SOLID_BREP('Body1',#9639);
#295=MANIFOLD_SOLID_BREP('Body1',#9640);
#296=MANIFOLD_SOLID_BREP('Body1',#9641);
#297=(
BOUNDED_CURVE()
B_SPLINE_CURVE(2,(#14156,#14157,#14158),.UNSPECIFIED.,.F.,.F.)
B_SPLINE_CURVE_WITH_KNOTS((3,3),(-0.388312804292303,-0.130611113351465),
 .UNSPECIFIED.)
CURVE()
GEOMETRIC_REPRESENTATION_ITEM()
RATIONAL_B_SPLINE_CURVE((1.30940107675849,1.51196612828739,1.30940107675851))
REPRESENTATION_ITEM('')
);
#298=(
BOUNDED_CURVE()
B_SPLINE_CURVE(2,(#14160,#14161,#14162),.UNSPECIFIED.,.F.,.F.)
B_SPLINE_CURVE_WITH_KNOTS((3,3),(-0.388312804292281,-0.130611113351456),
 .UNSPECIFIED.)
CURVE()
GEOMETRIC_REPRESENTATION_ITEM()
RATIONAL_B_SPLINE_CURVE((1.30940107675851,1.51196612828737,1.30940107675849))
REPRESENTATION_ITEM('')
);
#299=(
BOUNDED_CURVE()
B_SPLINE_CURVE(2,(#14164,#14165,#14166),.UNSPECIFIED.,.F.,.F.)
B_SPLINE_CURVE_WITH_KNOTS((3,3),(-0.388312804292281,-0.130611113351445),
 .UNSPECIFIED.)
CURVE()
GEOMETRIC_REPRESENTATION_ITEM()
RATIONAL_B_SPLINE_CURVE((1.30940107675851,1.51196612828737,1.30940107675847))
REPRESENTATION_ITEM('')
);
#300=(
BOUNDED_CURVE()
B_SPLINE_CURVE(2,(#14168,#14169,#14170),.UNSPECIFIED.,.F.,.F.)
B_SPLINE_CURVE_WITH_KNOTS((3,3),(-0.38831280429229,-0.130611113351445),
 .UNSPECIFIED.)
CURVE()
GEOMETRIC_REPRESENTATION_ITEM()
RATIONAL_B_SPLINE_CURVE((1.30940107675851,1.5119661282874,1.30940107675848))
REPRESENTATION_ITEM('')
);
#301=(
BOUNDED_CURVE()
B_SPLINE_CURVE(2,(#14172,#14173,#14174),.UNSPECIFIED.,.F.,.F.)
B_SPLINE_CURVE_WITH_KNOTS((3,3),(-0.3883128042923,-0.130611113351449),
 .UNSPECIFIED.)
CURVE()
GEOMETRIC_REPRESENTATION_ITEM()
RATIONAL_B_SPLINE_CURVE((1.30940107675851,1.51196612828742,1.3094010767585))
REPRESENTATION_ITEM('')
);
#302=(
BOUNDED_CURVE()
B_SPLINE_CURVE(2,(#14176,#14177,#14178),.UNSPECIFIED.,.F.,.F.)
B_SPLINE_CURVE_WITH_KNOTS((3,3),(-0.388312804292311,-0.130611113351454),
 .UNSPECIFIED.)
CURVE()
GEOMETRIC_REPRESENTATION_ITEM()
RATIONAL_B_SPLINE_CURVE((1.3094010767585,1.51196612828742,1.3094010767585))
REPRESENTATION_ITEM('')
);
#303=(
BOUNDED_CURVE()
B_SPLINE_CURVE(2,(#14696,#14697,#14698),.UNSPECIFIED.,.F.,.F.)
B_SPLINE_CURVE_WITH_KNOTS((3,3),(0.124274873543866,0.321867155116301),
 .UNSPECIFIED.)
CURVE()
GEOMETRIC_REPRESENTATION_ITEM()
RATIONAL_B_SPLINE_CURVE((1.46410161513778,1.69059892324148,1.46410161513777))
REPRESENTATION_ITEM('')
);
#304=(
BOUNDED_CURVE()
B_SPLINE_CURVE(2,(#14738,#14739,#14740),.UNSPECIFIED.,.F.,.F.)
B_SPLINE_CURVE_WITH_KNOTS((3,3),(-0.3218671551163,-0.124274873543865),
 .UNSPECIFIED.)
CURVE()
GEOMETRIC_REPRESENTATION_ITEM()
RATIONAL_B_SPLINE_CURVE((1.46410161513778,1.69059892324149,1.46410161513778))
REPRESENTATION_ITEM('')
);
#305=(
BOUNDED_CURVE()
B_SPLINE_CURVE(2,(#14751,#14752,#14753),.UNSPECIFIED.,.F.,.F.)
B_SPLINE_CURVE_WITH_KNOTS((3,3),(-0.321867155116296,-0.124274873543864),
 .UNSPECIFIED.)
CURVE()
GEOMETRIC_REPRESENTATION_ITEM()
RATIONAL_B_SPLINE_CURVE((1.46410161513777,1.69059892324147,1.46410161513777))
REPRESENTATION_ITEM('')
);
#306=(
BOUNDED_CURVE()
B_SPLINE_CURVE(2,(#14758,#14759,#14760),.UNSPECIFIED.,.F.,.F.)
B_SPLINE_CURVE_WITH_KNOTS((3,3),(-0.321867155116295,-0.124274873543865),
 .UNSPECIFIED.)
CURVE()
GEOMETRIC_REPRESENTATION_ITEM()
RATIONAL_B_SPLINE_CURVE((1.46410161513777,1.69059892324146,1.46410161513777))
REPRESENTATION_ITEM('')
);
#307=(
BOUNDED_CURVE()
B_SPLINE_CURVE(2,(#14765,#14766,#14767),.UNSPECIFIED.,.F.,.F.)
B_SPLINE_CURVE_WITH_KNOTS((3,3),(-0.321867155116298,-0.124274873543867),
 .UNSPECIFIED.)
CURVE()
GEOMETRIC_REPRESENTATION_ITEM()
RATIONAL_B_SPLINE_CURVE((1.46410161513778,1.69059892324148,1.46410161513778))
REPRESENTATION_ITEM('')
);
#308=(
BOUNDED_CURVE()
B_SPLINE_CURVE(2,(#14770,#14771,#14772),.UNSPECIFIED.,.F.,.F.)
B_SPLINE_CURVE_WITH_KNOTS((3,3),(-0.321867155116301,-0.124274873543864),
 .UNSPECIFIED.)
CURVE()
GEOMETRIC_REPRESENTATION_ITEM()
RATIONAL_B_SPLINE_CURVE((1.46410161513778,1.69059892324149,1.46410161513778))
REPRESENTATION_ITEM('')
);
#309=(
BOUNDED_CURVE()
B_SPLINE_CURVE(2,(#15027,#15028,#15029),.UNSPECIFIED.,.F.,.F.)
B_SPLINE_CURVE_WITH_KNOTS((3,3),(0.262805715089631,0.405155679791532),
 .UNSPECIFIED.)
CURVE()
GEOMETRIC_REPRESENTATION_ITEM()
RATIONAL_B_SPLINE_CURVE((1.70411280211789,1.80327212718227,1.80327212718227))
REPRESENTATION_ITEM('')
);
#310=(
BOUNDED_CURVE()
B_SPLINE_CURVE(2,(#15051,#15052,#15053),.UNSPECIFIED.,.F.,.F.)
B_SPLINE_CURVE_WITH_KNOTS((3,3),(0.321737521893975,0.359074235387008),
 .UNSPECIFIED.)
CURVE()
GEOMETRIC_REPRESENTATION_ITEM()
RATIONAL_B_SPLINE_CURVE((1.6001014082458,1.6001014082458,1.59201988185653))
REPRESENTATION_ITEM('')
);
#311=(
BOUNDED_CURVE()
B_SPLINE_CURVE(2,(#15061,#15062,#15063),.UNSPECIFIED.,.F.,.F.)
B_SPLINE_CURVE_WITH_KNOTS((3,3),(0.121299814881718,0.390895863477592),
 .UNSPECIFIED.)
CURVE()
GEOMETRIC_REPRESENTATION_ITEM()
RATIONAL_B_SPLINE_CURVE((2.08374136045094,3.06690328590694,3.06690328590692))
REPRESENTATION_ITEM('')
);
#312=(
BOUNDED_CURVE()
B_SPLINE_CURVE(2,(#15102,#15103,#15104),.UNSPECIFIED.,.F.,.F.)
B_SPLINE_CURVE_WITH_KNOTS((3,3),(0.343462533605807,0.531533385889015),
 .UNSPECIFIED.)
CURVE()
GEOMETRIC_REPRESENTATION_ITEM()
RATIONAL_B_SPLINE_CURVE((1.59727180471244,1.59727180471244,1.41818802150766))
REPRESENTATION_ITEM('')
);
#313=(
BOUNDED_CURVE()
B_SPLINE_CURVE(2,(#15186,#15187,#15188),.UNSPECIFIED.,.F.,.F.)
B_SPLINE_CURVE_WITH_KNOTS((3,3),(0.0853609214151931,0.170721842830386),
 .UNSPECIFIED.)
CURVE()
GEOMETRIC_REPRESENTATION_ITEM()
RATIONAL_B_SPLINE_CURVE((1.,1.03077640640478,1.))
REPRESENTATION_ITEM('')
);
#314=(
BOUNDED_CURVE()
B_SPLINE_CURVE(2,(#15266,#15267,#15268),.UNSPECIFIED.,.F.,.F.)
B_SPLINE_CURVE_WITH_KNOTS((3,3),(0.322408425932764,0.804518410335104),
 .UNSPECIFIED.)
CURVE()
GEOMETRIC_REPRESENTATION_ITEM()
RATIONAL_B_SPLINE_CURVE((1.58635785162183,1.91490332008124,1.91490332008124))
REPRESENTATION_ITEM('')
);
#315=(
BOUNDED_CURVE()
B_SPLINE_CURVE(2,(#15292,#15293,#15294),.UNSPECIFIED.,.F.,.F.)
B_SPLINE_CURVE_WITH_KNOTS((3,3),(0.804518410335093,1.28662839473741),
 .UNSPECIFIED.)
CURVE()
GEOMETRIC_REPRESENTATION_ITEM()
RATIONAL_B_SPLINE_CURVE((1.91490332008118,1.91490332008118,1.58635785162181))
REPRESENTATION_ITEM('')
);
#316=(
BOUNDED_CURVE()
B_SPLINE_CURVE(2,(#15316,#15317,#15318),.UNSPECIFIED.,.F.,.F.)
B_SPLINE_CURVE_WITH_KNOTS((3,3),(0.439300802092435,0.603183431482845),
 .UNSPECIFIED.)
CURVE()
GEOMETRIC_REPRESENTATION_ITEM()
RATIONAL_B_SPLINE_CURVE((1.81519480409048,1.81519480409048,1.70174512883502))
REPRESENTATION_ITEM('')
);
#317=(
BOUNDED_CURVE()
B_SPLINE_CURVE(2,(#15620,#15621,#15622),.UNSPECIFIED.,.F.,.F.)
B_SPLINE_CURVE_WITH_KNOTS((3,3),(0.648074069840804,1.06640926171386),
 .UNSPECIFIED.)
CURVE()
GEOMETRIC_REPRESENTATION_ITEM()
RATIONAL_B_SPLINE_CURVE((1.70000000000003,1.70000000000004,1.40832611206759))
REPRESENTATION_ITEM('')
);
#318=(
BOUNDED_CURVE()
B_SPLINE_CURVE(2,(#15640,#15641,#15642),.UNSPECIFIED.,.F.,.F.)
B_SPLINE_CURVE_WITH_KNOTS((3,3),(0.0885567581369202,0.213718154821618),
 .UNSPECIFIED.)
CURVE()
GEOMETRIC_REPRESENTATION_ITEM()
RATIONAL_B_SPLINE_CURVE((1.20523161604237,1.31236331524675,1.31236331524675))
REPRESENTATION_ITEM('')
);
#319=(
BOUNDED_CURVE()
B_SPLINE_CURVE(2,(#15648,#15649,#15650),.UNSPECIFIED.,.F.,.F.)
B_SPLINE_CURVE_WITH_KNOTS((3,3),(0.282842712474618,0.496651706004558),
 .UNSPECIFIED.)
CURVE()
GEOMETRIC_REPRESENTATION_ITEM()
RATIONAL_B_SPLINE_CURVE((1.16666666666667,1.16666666666667,1.07142857142857))
REPRESENTATION_ITEM('')
);
#320=(
BOUNDED_CURVE()
B_SPLINE_CURVE(2,(#15661,#15662,#15663),.UNSPECIFIED.,.F.,.F.)
B_SPLINE_CURVE_WITH_KNOTS((3,3),(0.322408425932781,0.804518410335114),
 .UNSPECIFIED.)
CURVE()
GEOMETRIC_REPRESENTATION_ITEM()
RATIONAL_B_SPLINE_CURVE((1.58635785162185,1.91490332008124,1.91490332008124))
REPRESENTATION_ITEM('')
);
#321=(
BOUNDED_CURVE()
B_SPLINE_CURVE(2,(#15844,#15845,#15846),.UNSPECIFIED.,.F.,.F.)
B_SPLINE_CURVE_WITH_KNOTS((3,3),(0.31659962839811,0.345288924835551),
 .UNSPECIFIED.)
CURVE()
GEOMETRIC_REPRESENTATION_ITEM()
RATIONAL_B_SPLINE_CURVE((1.58770871866836,1.58770871866836,1.58288278744971))
REPRESENTATION_ITEM('')
);
#322=(
BOUNDED_CURVE()
B_SPLINE_CURVE(2,(#15877,#15878,#15879),.UNSPECIFIED.,.F.,.F.)
B_SPLINE_CURVE_WITH_KNOTS((3,3),(0.390851858576477,0.558813792955553),
 .UNSPECIFIED.)
CURVE()
GEOMETRIC_REPRESENTATION_ITEM()
RATIONAL_B_SPLINE_CURVE((1.2321755441369,1.25523377474938,1.25523381096964))
REPRESENTATION_ITEM('')
);
#323=(
BOUNDED_CURVE()
B_SPLINE_CURVE(2,(#15892,#15893,#15894),.UNSPECIFIED.,.F.,.F.)
B_SPLINE_CURVE_WITH_KNOTS((3,3),(0.558814056793179,0.726776255009537),
 .UNSPECIFIED.)
CURVE()
GEOMETRIC_REPRESENTATION_ITEM()
RATIONAL_B_SPLINE_CURVE((1.25523381096943,1.25523381096943,1.23217554413679))
REPRESENTATION_ITEM('')
);
#324=(
BOUNDED_CURVE()
B_SPLINE_CURVE(2,(#15941,#15942,#15943),.UNSPECIFIED.,.F.,.F.)
B_SPLINE_CURVE_WITH_KNOTS((3,3),(0.155391681322611,0.343462533605822),
 .UNSPECIFIED.)
CURVE()
GEOMETRIC_REPRESENTATION_ITEM()
RATIONAL_B_SPLINE_CURVE((1.4181880215077,1.59727180471249,1.5972718047125))
REPRESENTATION_ITEM('')
);
#325=(
BOUNDED_CURVE()
B_SPLINE_CURVE(2,(#15965,#15966,#15967),.UNSPECIFIED.,.F.,.F.)
B_SPLINE_CURVE_WITH_KNOTS((3,3),(0.390895863477598,0.660491912073458),
 .UNSPECIFIED.)
CURVE()
GEOMETRIC_REPRESENTATION_ITEM()
RATIONAL_B_SPLINE_CURVE((3.0669032859068,3.06690328590677,2.08374136045091))
REPRESENTATION_ITEM('')
);
#326=(
BOUNDED_CURVE()
B_SPLINE_CURVE(2,(#15975,#15976,#15977),.UNSPECIFIED.,.F.,.F.)
B_SPLINE_CURVE_WITH_KNOTS((3,3),(0.284400808400951,0.321737521893992),
 .UNSPECIFIED.)
CURVE()
GEOMETRIC_REPRESENTATION_ITEM()
RATIONAL_B_SPLINE_CURVE((1.59201988185658,1.60010140824585,1.60010140824585))
REPRESENTATION_ITEM('')
);
#327=(
BOUNDED_CURVE()
B_SPLINE_CURVE(2,(#16111,#16112,#16113),.UNSPECIFIED.,.F.,.F.)
B_SPLINE_CURVE_WITH_KNOTS((3,3),(0.322408425932764,0.804518410335104),
 .UNSPECIFIED.)
CURVE()
GEOMETRIC_REPRESENTATION_ITEM()
RATIONAL_B_SPLINE_CURVE((1.58635785162183,1.91490332008124,1.91490332008124))
REPRESENTATION_ITEM('')
);
#328=(
BOUNDED_CURVE()
B_SPLINE_CURVE(2,(#16169,#16170,#16171),.UNSPECIFIED.,.F.,.F.)
B_SPLINE_CURVE_WITH_KNOTS((3,3),(0.648074069840804,1.06640926171386),
 .UNSPECIFIED.)
CURVE()
GEOMETRIC_REPRESENTATION_ITEM()
RATIONAL_B_SPLINE_CURVE((1.70000000000003,1.70000000000004,1.40832611206759))
REPRESENTATION_ITEM('')
);
#329=(
BOUNDED_CURVE()
B_SPLINE_CURVE(2,(#16190,#16191,#16192),.UNSPECIFIED.,.F.,.F.)
B_SPLINE_CURVE_WITH_KNOTS((3,3),(0.0885567581369202,0.213718154821618),
 .UNSPECIFIED.)
CURVE()
GEOMETRIC_REPRESENTATION_ITEM()
RATIONAL_B_SPLINE_CURVE((1.20523161604237,1.31236331524675,1.31236331524675))
REPRESENTATION_ITEM('')
);
#330=(
BOUNDED_CURVE()
B_SPLINE_CURVE(2,(#16194,#16195,#16196),.UNSPECIFIED.,.F.,.F.)
B_SPLINE_CURVE_WITH_KNOTS((3,3),(0.282842712474618,0.496651706004558),
 .UNSPECIFIED.)
CURVE()
GEOMETRIC_REPRESENTATION_ITEM()
RATIONAL_B_SPLINE_CURVE((1.16666666666667,1.16666666666667,1.07142857142857))
REPRESENTATION_ITEM('')
);
#331=(
BOUNDED_CURVE()
B_SPLINE_CURVE(2,(#16200,#16201,#16202),.UNSPECIFIED.,.F.,.F.)
B_SPLINE_CURVE_WITH_KNOTS((3,3),(0.322408425932781,0.804518410335114),
 .UNSPECIFIED.)
CURVE()
GEOMETRIC_REPRESENTATION_ITEM()
RATIONAL_B_SPLINE_CURVE((1.58635785162185,1.91490332008124,1.91490332008124))
REPRESENTATION_ITEM('')
);
#332=(
BOUNDED_CURVE()
B_SPLINE_CURVE(2,(#16351,#16352,#16353),.UNSPECIFIED.,.F.,.F.)
B_SPLINE_CURVE_WITH_KNOTS((3,3),(0.,0.0853609214151931),.UNSPECIFIED.)
CURVE()
GEOMETRIC_REPRESENTATION_ITEM()
RATIONAL_B_SPLINE_CURVE((1.,1.03077640640478,1.))
REPRESENTATION_ITEM('')
);
#333=(
BOUNDED_CURVE()
B_SPLINE_CURVE(2,(#16533,#16534,#16535),.UNSPECIFIED.,.F.,.F.)
B_SPLINE_CURVE_WITH_KNOTS((3,3),(0.439300802092435,0.603183431482845),
 .UNSPECIFIED.)
CURVE()
GEOMETRIC_REPRESENTATION_ITEM()
RATIONAL_B_SPLINE_CURVE((1.81519480409048,1.81519480409048,1.70174512883502))
REPRESENTATION_ITEM('')
);
#334=(
BOUNDED_CURVE()
B_SPLINE_CURVE(2,(#16573,#16574,#16575),.UNSPECIFIED.,.F.,.F.)
B_SPLINE_CURVE_WITH_KNOTS((3,3),(0.804518410335093,1.28662839473741),
 .UNSPECIFIED.)
CURVE()
GEOMETRIC_REPRESENTATION_ITEM()
RATIONAL_B_SPLINE_CURVE((1.91490332008118,1.91490332008118,1.58635785162181))
REPRESENTATION_ITEM('')
);
#335=CONICAL_SURFACE('',#9827,4.25,0.78539816339745);
#336=CONICAL_SURFACE('',#9831,1.9,0.785398163397447);
#337=CONICAL_SURFACE('',#9841,1.73205080756883,0.78539816339745);
#338=CONICAL_SURFACE('',#9842,1.73205080756883,0.78539816339745);
#339=CONICAL_SURFACE('',#9843,1.73205080756883,0.78539816339745);
#340=CONICAL_SURFACE('',#9844,1.73205080756883,0.78539816339745);
#341=CONICAL_SURFACE('',#9845,1.73205080756883,0.78539816339745);
#342=CONICAL_SURFACE('',#9846,1.73205080756883,0.78539816339745);
#343=CONICAL_SURFACE('',#9873,2.3,0.785398163397448);
#344=CONICAL_SURFACE('',#9877,2.3,0.785398163397448);
#345=CONICAL_SURFACE('',#9886,2.3,0.785398163397448);
#346=CONICAL_SURFACE('',#9903,6.4,0.785398163397448);
#347=CONICAL_SURFACE('',#9909,5.85,0.785398163397448);
#348=CONICAL_SURFACE('',#9913,3.15,0.785398163397448);
#349=CONICAL_SURFACE('',#9920,2.6,0.785398163397448);
#350=CONICAL_SURFACE('',#9928,6.4,0.785398163397448);
#351=CONICAL_SURFACE('',#9932,5.85,0.785398163397448);
#352=CONICAL_SURFACE('',#9936,3.15,0.785398163397448);
#353=CONICAL_SURFACE('',#9943,2.6,0.785398163397448);
#354=CONICAL_SURFACE('',#9950,3.89999999999999,0.785398163397455);
#355=CONICAL_SURFACE('',#9957,3.89999999999999,0.785398163397456);
#356=CONICAL_SURFACE('',#9963,1.09999999999999,0.785398163397448);
#357=CONICAL_SURFACE('',#9965,1.09999999999999,0.785398163397448);
#358=CONICAL_SURFACE('',#9967,2.4,0.785398163397443);
#359=CONICAL_SURFACE('',#9972,2.4,0.785398163397437);
#360=CONICAL_SURFACE('',#9979,3.8,1.44722943654152);
#361=CONICAL_SURFACE('',#9983,3.8,1.44722943654152);
#362=CONICAL_SURFACE('',#9985,1.15470053837925,0.78539816339745);
#363=CONICAL_SURFACE('',#9987,1.5,0.78539816339745);
#364=CONICAL_SURFACE('',#9994,1.05,0.785398163397447);
#365=CONICAL_SURFACE('',#10013,1.15470053837925,0.78539816339745);
#366=CONICAL_SURFACE('',#10014,1.15470053837925,0.78539816339745);
#367=CONICAL_SURFACE('',#10015,1.15470053837925,0.78539816339745);
#368=CONICAL_SURFACE('',#10016,1.15470053837925,0.78539816339745);
#369=CONICAL_SURFACE('',#10017,1.15470053837925,0.78539816339745);
#370=CONICAL_SURFACE('',#10019,2.4,0.785398163397481);
#371=CONICAL_SURFACE('',#10025,2.40000000000001,0.785398163397387);
#372=CONICAL_SURFACE('',#10033,1.09999999999999,0.785398163397448);
#373=CONICAL_SURFACE('',#10035,1.09999999999999,0.785398163397448);
#374=CONICAL_SURFACE('',#10037,2.4,0.785398163397443);
#375=CONICAL_SURFACE('',#10043,2.4,0.785398163397437);
#376=CONICAL_SURFACE('',#10047,2.64999999999999,0.785398163397405);
#377=CONICAL_SURFACE('',#10054,2.65000000000001,0.78539816339747);
#378=CONICAL_SURFACE('',#10058,3.89999999999999,0.785398163397383);
#379=CONICAL_SURFACE('',#10062,3.89999999999998,0.785398163397499);
#380=CONICAL_SURFACE('',#10064,6.55,0.785398163397448);
#381=CONICAL_SURFACE('',#10072,7.45,0.785398163397448);
#382=CONICAL_SURFACE('',#10076,7.45,0.785398163397449);
#383=CONICAL_SURFACE('',#10080,2.6,0.785398163397448);
#384=CONICAL_SURFACE('',#10087,3.15,0.785398163397449);
#385=CONICAL_SURFACE('',#10091,5.85,0.785398163397449);
#386=CONICAL_SURFACE('',#10096,6.4,0.785398163397448);
#387=CONICAL_SURFACE('',#10100,5.85,0.785398163397448);
#388=CONICAL_SURFACE('',#10104,3.15,0.785398163397448);
#389=CONICAL_SURFACE('',#10111,2.6,0.785398163397448);
#390=CONICAL_SURFACE('',#10114,8.65000000000001,0.785398163397429);
#391=CONICAL_SURFACE('',#10117,0.450000000000001,0.785398163397459);
#392=CONICAL_SURFACE('',#10119,3.55,0.78539816339744);
#393=CONICAL_SURFACE('',#10122,0.250000000000014,0.785398163397408);
#394=CONICAL_SURFACE('',#10125,8.65,0.785398163397389);
#395=CONICAL_SURFACE('',#10128,0.450000000000005,0.785398163397498);
#396=CONICAL_SURFACE('',#10130,0.450000000000002,0.785398163397466);
#397=CONICAL_SURFACE('',#10134,1.74999999999996,0.785398163397477);
#398=CONICAL_SURFACE('',#10137,0.25000000000001,0.785398163397411);
#399=CONICAL_SURFACE('',#10140,1.35,0.78539816339741);
#400=CONICAL_SURFACE('',#10145,0.550000000000051,0.785398163397444);
#401=CONICAL_SURFACE('',#10149,2.65000000000001,0.785398163397437);
#402=CONICAL_SURFACE('',#10164,2.65000000000001,0.785398163397437);
#403=CONICAL_SURFACE('',#10168,1.7,0.785398163397457);
#404=CONICAL_SURFACE('',#10170,0.300000000000001,0.785398163397445);
#405=CONICAL_SURFACE('',#10173,1.4,0.785398163397434);
#406=CONICAL_SURFACE('',#10176,1.4,0.785398163397463);
#407=CONICAL_SURFACE('',#10179,1.4,0.785398163397447);
#408=CONICAL_SURFACE('',#10182,0.300000000000001,0.785398163397442);
#409=CONICAL_SURFACE('',#10185,1.69999999999999,0.785398163397441);
#410=CONICAL_SURFACE('',#10206,1.65,0.785398163397437);
#411=CONICAL_SURFACE('',#10214,2.65,0.785398163397437);
#412=CONICAL_SURFACE('',#10220,7.7,0.785398163397437);
#413=CONICAL_SURFACE('',#10243,6.6,0.785398163397437);
#414=CONICAL_SURFACE('',#10251,1.4,0.785398163397439);
#415=CONICAL_SURFACE('',#10254,1.4,0.785398163397439);
#416=CONICAL_SURFACE('',#10257,1.4,0.785398163397439);
#417=CONICAL_SURFACE('',#10260,3.1,0.785398163397439);
#418=CONICAL_SURFACE('',#10263,1.4,0.785398163397444);
#419=CONICAL_SURFACE('',#10266,1.4,0.785398163397448);
#420=CONICAL_SURFACE('',#10269,3.1,0.785398163397456);
#421=CONICAL_SURFACE('',#10272,1.4,0.785398163397447);
#422=CONICAL_SURFACE('',#10275,1.65,0.785398163397437);
#423=CONICAL_SURFACE('',#10283,2.6,0.785398163397437);
#424=CONICAL_SURFACE('',#10290,3.90000000000001,0.785398163397437);
#425=CONICAL_SURFACE('',#10300,3.95,0.785398163397405);
#426=CONICAL_SURFACE('',#10304,0.550000000000002,0.78539816339745);
#427=CONICAL_SURFACE('',#10308,0.549999999999991,0.785398163397467);
#428=CONICAL_SURFACE('',#10312,3.94999999999999,0.785398163397468);
#429=CONICAL_SURFACE('',#10316,0.550000000000067,0.785398163397426);
#430=CONICAL_SURFACE('',#10322,1.55,0.785398163397466);
#431=CONICAL_SURFACE('',#10326,1.35,0.785398163397472);
#432=CONICAL_SURFACE('',#10328,3.95,0.785398163397473);
#433=CONICAL_SURFACE('',#10331,1.55,0.785398163397466);
#434=CONICAL_SURFACE('',#10333,1.35000000000001,0.785398163397484);
#435=CONICAL_SURFACE('',#10337,1.35000000000002,0.785398163397409);
#436=CONICAL_SURFACE('',#10341,1.75,0.78539816339744);
#437=CONICAL_SURFACE('',#10343,0.249999999999983,0.785398163397411);
#438=CONICAL_SURFACE('',#10345,1.35,0.785398163397466);
#439=CONICAL_SURFACE('',#10349,1.55,0.785398163397418);
#440=CONICAL_SURFACE('',#10353,1.55,0.78539816339743);
#441=CONICAL_SURFACE('',#10355,0.550000000000014,0.785398163397409);
#442=CONICAL_SURFACE('',#10359,6.75,0.785398163397455);
#443=CONICAL_SURFACE('',#10366,2.65000000000001,0.785398163397437);
#444=CONICAL_SURFACE('',#10370,4.6,0.785398163397437);
#445=CONICAL_SURFACE('',#10374,4.6,0.785398163397437);
#446=CONICAL_SURFACE('',#10379,2.65000000000001,0.785398163397437);
#447=CONICAL_SURFACE('',#10405,2.475,0.785398163397448);
#448=CONICAL_SURFACE('',#10406,2.475,0.785398163397448);
#449=CONICAL_SURFACE('',#10408,0.449999999999994,0.78539816339739);
#450=CONICAL_SURFACE('',#10410,3.55,0.785398163397465);
#451=CONICAL_SURFACE('',#10413,0.450000000000001,0.785398163397459);
#452=CONICAL_SURFACE('',#10415,8.65000000000001,0.785398163397415);
#453=CONICAL_SURFACE('',#10420,1.35,0.78539816339741);
#454=CONICAL_SURFACE('',#10423,0.250000000000002,0.78539816339747);
#455=CONICAL_SURFACE('',#10426,1.74999999999999,0.785398163397478);
#456=CONICAL_SURFACE('',#10429,0.450000000000002,0.785398163397466);
#457=CONICAL_SURFACE('',#10435,1.4,0.785398163397439);
#458=CONICAL_SURFACE('',#10439,1.4,0.785398163397439);
#459=CONICAL_SURFACE('',#10443,1.4,0.785398163397439);
#460=CONICAL_SURFACE('',#10447,3.1,0.785398163397439);
#461=CONICAL_SURFACE('',#10451,1.4,0.785398163397444);
#462=CONICAL_SURFACE('',#10455,1.4,0.785398163397448);
#463=CONICAL_SURFACE('',#10459,3.1,0.785398163397456);
#464=CONICAL_SURFACE('',#10463,1.4,0.785398163397447);
#465=CONICAL_SURFACE('',#10493,7.7,0.785398163397437);
#466=CONICAL_SURFACE('',#10507,6.6,0.785398163397437);
#467=CONICAL_SURFACE('',#10513,1.65,0.785398163397437);
#468=CONICAL_SURFACE('',#10521,1.65,0.785398163397437);
#469=CONICAL_SURFACE('',#10529,2.65,0.785398163397437);
#470=CONICAL_SURFACE('',#10536,2.6,0.785398163397437);
#471=CONICAL_SURFACE('',#10540,2.65000000000001,0.785398163397437);
#472=CONICAL_SURFACE('',#10555,2.65000000000001,0.785398163397437);
#473=CONICAL_SURFACE('',#10559,1.7,0.785398163397457);
#474=CONICAL_SURFACE('',#10561,0.300000000000001,0.785398163397445);
#475=CONICAL_SURFACE('',#10564,1.4,0.785398163397434);
#476=CONICAL_SURFACE('',#10567,1.4,0.785398163397463);
#477=CONICAL_SURFACE('',#10570,1.4,0.785398163397447);
#478=CONICAL_SURFACE('',#10573,0.300000000000001,0.785398163397442);
#479=CONICAL_SURFACE('',#10576,1.69999999999999,0.785398163397441);
#480=CONICAL_SURFACE('',#10586,3.95,0.785398163397405);
#481=CONICAL_SURFACE('',#10589,0.550000000000002,0.78539816339745);
#482=CONICAL_SURFACE('',#10592,0.549999999999991,0.785398163397467);
#483=CONICAL_SURFACE('',#10595,3.94999999999999,0.785398163397468);
#484=CONICAL_SURFACE('',#10598,0.550000000000067,0.785398163397426);
#485=CONICAL_SURFACE('',#10601,1.55,0.785398163397466);
#486=CONICAL_SURFACE('',#10605,1.35,0.785398163397472);
#487=CONICAL_SURFACE('',#10607,3.95,0.785398163397473);
#488=CONICAL_SURFACE('',#10610,1.55,0.785398163397466);
#489=CONICAL_SURFACE('',#10612,1.35000000000001,0.785398163397484);
#490=CONICAL_SURFACE('',#10616,1.35000000000002,0.785398163397409);
#491=CONICAL_SURFACE('',#10620,1.75,0.78539816339744);
#492=CONICAL_SURFACE('',#10623,0.249999999999983,0.785398163397411);
#493=CONICAL_SURFACE('',#10626,1.35,0.785398163397466);
#494=CONICAL_SURFACE('',#10632,1.55,0.785398163397418);
#495=CONICAL_SURFACE('',#10636,1.55,0.78539816339743);
#496=CONICAL_SURFACE('',#10638,0.550000000000014,0.785398163397409);
#497=CONICAL_SURFACE('',#10641,6.75,0.785398163397455);
#498=CONICAL_SURFACE('',#10648,2.65000000000001,0.785398163397437);
#499=CONICAL_SURFACE('',#10652,4.6,0.785398163397437);
#500=CONICAL_SURFACE('',#10656,4.6,0.785398163397437);
#501=CONICAL_SURFACE('',#10661,2.65000000000001,0.785398163397437);
#502=CONICAL_SURFACE('',#10679,2.475,0.785398163397448);
#503=CONICAL_SURFACE('',#10680,2.475,0.785398163397448);
#504=CONICAL_SURFACE('',#10683,0.817507438428066,1.02974425867665);
#505=CONICAL_SURFACE('',#10686,0.817507438428066,1.02974425867665);
#506=CONICAL_SURFACE('',#10689,0.817507438428066,1.02974425867665);
#507=CONICAL_SURFACE('',#10691,0.817507438428066,1.02974425867665);
#508=CONICAL_SURFACE('',#10948,7.4,0.785398163397449);
#509=CONICAL_SURFACE('',#10955,7.4,0.785398163397448);
#510=CONICAL_SURFACE('',#10961,1.933,0.785398163397448);
#511=CONICAL_SURFACE('',#10963,1.933,0.785398163397448);
#512=CONICAL_SURFACE('',#10967,7.4,0.785398163397449);
#513=CONICAL_SURFACE('',#10974,7.4,0.785398163397448);
#514=CONICAL_SURFACE('',#10980,1.704,0.785398163397449);
#515=FACE_BOUND('',#1343,.T.);
#516=FACE_BOUND('',#1348,.T.);
#517=FACE_BOUND('',#1389,.T.);
#518=FACE_BOUND('',#1394,.T.);
#519=FACE_BOUND('',#1398,.T.);
#520=FACE_BOUND('',#1403,.T.);
#521=FACE_BOUND('',#1408,.T.);
#522=FACE_BOUND('',#1412,.T.);
#523=FACE_BOUND('',#1417,.T.);
#524=FACE_BOUND('',#1420,.T.);
#525=FACE_BOUND('',#1427,.T.);
#526=FACE_BOUND('',#1430,.T.);
#527=FACE_BOUND('',#1442,.T.);
#528=FACE_BOUND('',#1466,.T.);
#529=FACE_BOUND('',#1469,.T.);
#530=FACE_BOUND('',#1473,.T.);
#531=FACE_BOUND('',#1476,.T.);
#532=FACE_BOUND('',#1482,.T.);
#533=FACE_BOUND('',#1488,.T.);
#534=FACE_BOUND('',#1491,.T.);
#535=FACE_BOUND('',#1498,.T.);
#536=FACE_BOUND('',#1501,.T.);
#537=FACE_BOUND('',#1506,.T.);
#538=FACE_BOUND('',#1510,.T.);
#539=FACE_BOUND('',#1529,.T.);
#540=FACE_BOUND('',#1530,.T.);
#541=FACE_BOUND('',#1560,.T.);
#542=FACE_BOUND('',#1564,.T.);
#543=FACE_BOUND('',#1568,.T.);
#544=FACE_BOUND('',#1569,.T.);
#545=FACE_BOUND('',#1574,.T.);
#546=FACE_BOUND('',#1594,.T.);
#547=FACE_BOUND('',#1598,.T.);
#548=FACE_BOUND('',#1643,.T.);
#549=FACE_BOUND('',#1644,.T.);
#550=FACE_BOUND('',#1645,.T.);
#551=FACE_BOUND('',#1646,.T.);
#552=FACE_BOUND('',#1647,.T.);
#553=FACE_BOUND('',#1650,.T.);
#554=FACE_BOUND('',#1657,.T.);
#555=FACE_BOUND('',#1731,.T.);
#556=FACE_BOUND('',#1736,.T.);
#557=FACE_BOUND('',#1739,.T.);
#558=FACE_BOUND('',#1743,.T.);
#559=FACE_BOUND('',#1747,.T.);
#560=FACE_BOUND('',#1748,.T.);
#561=FACE_BOUND('',#1754,.T.);
#562=FACE_BOUND('',#1755,.T.);
#563=FACE_BOUND('',#1813,.T.);
#564=FACE_BOUND('',#1814,.T.);
#565=FACE_BOUND('',#1815,.T.);
#566=FACE_BOUND('',#1816,.T.);
#567=FACE_BOUND('',#1817,.T.);
#568=FACE_BOUND('',#1820,.T.);
#569=FACE_BOUND('',#1827,.T.);
#570=FACE_BOUND('',#1853,.T.);
#571=FACE_BOUND('',#1855,.T.);
#572=FACE_BOUND('',#1857,.T.);
#573=FACE_BOUND('',#1859,.T.);
#574=FACE_BOUND('',#1861,.T.);
#575=FACE_BOUND('',#1903,.T.);
#576=FACE_BOUND('',#1947,.T.);
#577=FACE_BOUND('',#1950,.T.);
#578=FACE_BOUND('',#1958,.T.);
#579=FACE_BOUND('',#1960,.T.);
#580=FACE_BOUND('',#1963,.T.);
#581=FACE_BOUND('',#1965,.T.);
#582=FACE_BOUND('',#1969,.T.);
#583=PLANE('',#9825);
#584=PLANE('',#9833);
#585=PLANE('',#9840);
#586=PLANE('',#9847);
#587=PLANE('',#9848);
#588=PLANE('',#9849);
#589=PLANE('',#9850);
#590=PLANE('',#9851);
#591=PLANE('',#9852);
#592=PLANE('',#9853);
#593=PLANE('',#9855);
#594=PLANE('',#9864);
#595=PLANE('',#9881);
#596=PLANE('',#9885);
#597=PLANE('',#9891);
#598=PLANE('',#9892);
#599=PLANE('',#9894);
#600=PLANE('',#9896);
#601=PLANE('',#9899);
#602=PLANE('',#9901);
#603=PLANE('',#9907);
#604=PLANE('',#9916);
#605=PLANE('',#9922);
#606=PLANE('',#9930);
#607=PLANE('',#9939);
#608=PLANE('',#9944);
#609=PLANE('',#9955);
#610=PLANE('',#9959);
#611=PLANE('',#9971);
#612=PLANE('',#9974);
#613=PLANE('',#9999);
#614=PLANE('',#10000);
#615=PLANE('',#10006);
#616=PLANE('',#10007);
#617=PLANE('',#10008);
#618=PLANE('',#10009);
#619=PLANE('',#10010);
#620=PLANE('',#10011);
#621=PLANE('',#10012);
#622=PLANE('',#10024);
#623=PLANE('',#10027);
#624=PLANE('',#10042);
#625=PLANE('',#10045);
#626=PLANE('',#10052);
#627=PLANE('',#10056);
#628=PLANE('',#10067);
#629=PLANE('',#10078);
#630=PLANE('',#10083);
#631=PLANE('',#10095);
#632=PLANE('',#10098);
#633=PLANE('',#10107);
#634=PLANE('',#10112);
#635=PLANE('',#10132);
#636=PLANE('',#10133);
#637=PLANE('',#10142);
#638=PLANE('',#10143);
#639=PLANE('',#10148);
#640=PLANE('',#10152);
#641=PLANE('',#10172);
#642=PLANE('',#10175);
#643=PLANE('',#10178);
#644=PLANE('',#10181);
#645=PLANE('',#10184);
#646=PLANE('',#10189);
#647=PLANE('',#10193);
#648=PLANE('',#10196);
#649=PLANE('',#10199);
#650=PLANE('',#10201);
#651=PLANE('',#10209);
#652=PLANE('',#10218);
#653=PLANE('',#10224);
#654=PLANE('',#10248);
#655=PLANE('',#10249);
#656=PLANE('',#10253);
#657=PLANE('',#10256);
#658=PLANE('',#10259);
#659=PLANE('',#10262);
#660=PLANE('',#10265);
#661=PLANE('',#10268);
#662=PLANE('',#10271);
#663=PLANE('',#10274);
#664=PLANE('',#10278);
#665=PLANE('',#10287);
#666=PLANE('',#10296);
#667=PLANE('',#10298);
#668=PLANE('',#10303);
#669=PLANE('',#10307);
#670=PLANE('',#10311);
#671=PLANE('',#10315);
#672=PLANE('',#10319);
#673=PLANE('',#10324);
#674=PLANE('',#10325);
#675=PLANE('',#10330);
#676=PLANE('',#10336);
#677=PLANE('',#10340);
#678=PLANE('',#10347);
#679=PLANE('',#10348);
#680=PLANE('',#10351);
#681=PLANE('',#10352);
#682=PLANE('',#10358);
#683=PLANE('',#10361);
#684=PLANE('',#10368);
#685=PLANE('',#10381);
#686=PLANE('',#10382);
#687=PLANE('',#10384);
#688=PLANE('',#10386);
#689=PLANE('',#10390);
#690=PLANE('',#10392);
#691=PLANE('',#10394);
#692=PLANE('',#10396);
#693=PLANE('',#10398);
#694=PLANE('',#10400);
#695=PLANE('',#10402);
#696=PLANE('',#10418);
#697=PLANE('',#10422);
#698=PLANE('',#10431);
#699=PLANE('',#10432);
#700=PLANE('',#10433);
#701=PLANE('',#10438);
#702=PLANE('',#10442);
#703=PLANE('',#10446);
#704=PLANE('',#10450);
#705=PLANE('',#10454);
#706=PLANE('',#10458);
#707=PLANE('',#10462);
#708=PLANE('',#10466);
#709=PLANE('',#10468);
#710=PLANE('',#10471);
#711=PLANE('',#10474);
#712=PLANE('',#10477);
#713=PLANE('',#10480);
#714=PLANE('',#10483);
#715=PLANE('',#10486);
#716=PLANE('',#10489);
#717=PLANE('',#10492);
#718=PLANE('',#10497);
#719=PLANE('',#10512);
#720=PLANE('',#10516);
#721=PLANE('',#10524);
#722=PLANE('',#10533);
#723=PLANE('',#10543);
#724=PLANE('',#10563);
#725=PLANE('',#10566);
#726=PLANE('',#10569);
#727=PLANE('',#10572);
#728=PLANE('',#10575);
#729=PLANE('',#10578);
#730=PLANE('',#10581);
#731=PLANE('',#10583);
#732=PLANE('',#10588);
#733=PLANE('',#10591);
#734=PLANE('',#10594);
#735=PLANE('',#10597);
#736=PLANE('',#10600);
#737=PLANE('',#10603);
#738=PLANE('',#10604);
#739=PLANE('',#10609);
#740=PLANE('',#10615);
#741=PLANE('',#10619);
#742=PLANE('',#10628);
#743=PLANE('',#10629);
#744=PLANE('',#10634);
#745=PLANE('',#10635);
#746=PLANE('',#10640);
#747=PLANE('',#10643);
#748=PLANE('',#10650);
#749=PLANE('',#10663);
#750=PLANE('',#10664);
#751=PLANE('',#10668);
#752=PLANE('',#10670);
#753=PLANE('',#10672);
#754=PLANE('',#10676);
#755=PLANE('',#10697);
#756=PLANE('',#10702);
#757=PLANE('',#10704);
#758=PLANE('',#10785);
#759=PLANE('',#10953);
#760=PLANE('',#10957);
#761=PLANE('',#10972);
#762=PLANE('',#10976);
#763=PLANE('',#10985);
#764=PLANE('',#10986);
#765=PLANE('',#10987);
#766=PLANE('',#10988);
#767=PLANE('',#10989);
#768=PLANE('',#10990);
#769=PLANE('',#10991);
#770=PLANE('',#10992);
#771=PLANE('',#10993);
#772=FACE_OUTER_BOUND('',#1341,.T.);
#773=FACE_OUTER_BOUND('',#1342,.T.);
#774=FACE_OUTER_BOUND('',#1344,.T.);
#775=FACE_OUTER_BOUND('',#1345,.T.);
#776=FACE_OUTER_BOUND('',#1346,.T.);
#777=FACE_OUTER_BOUND('',#1347,.T.);
#778=FACE_OUTER_BOUND('',#1349,.T.);
#779=FACE_OUTER_BOUND('',#1350,.T.);
#780=FACE_OUTER_BOUND('',#1351,.T.);
#781=FACE_OUTER_BOUND('',#1352,.T.);
#782=FACE_OUTER_BOUND('',#1353,.T.);
#783=FACE_OUTER_BOUND('',#1354,.T.);
#784=FACE_OUTER_BOUND('',#1355,.T.);
#785=FACE_OUTER_BOUND('',#1356,.T.);
#786=FACE_OUTER_BOUND('',#1357,.T.);
#787=FACE_OUTER_BOUND('',#1358,.T.);
#788=FACE_OUTER_BOUND('',#1359,.T.);
#789=FACE_OUTER_BOUND('',#1360,.T.);
#790=FACE_OUTER_BOUND('',#1361,.T.);
#791=FACE_OUTER_BOUND('',#1362,.T.);
#792=FACE_OUTER_BOUND('',#1363,.T.);
#793=FACE_OUTER_BOUND('',#1364,.T.);
#794=FACE_OUTER_BOUND('',#1365,.T.);
#795=FACE_OUTER_BOUND('',#1366,.T.);
#796=FACE_OUTER_BOUND('',#1367,.T.);
#797=FACE_OUTER_BOUND('',#1368,.T.);
#798=FACE_OUTER_BOUND('',#1369,.T.);
#799=FACE_OUTER_BOUND('',#1370,.T.);
#800=FACE_OUTER_BOUND('',#1371,.T.);
#801=FACE_OUTER_BOUND('',#1372,.T.);
#802=FACE_OUTER_BOUND('',#1373,.T.);
#803=FACE_OUTER_BOUND('',#1374,.T.);
#804=FACE_OUTER_BOUND('',#1375,.T.);
#805=FACE_OUTER_BOUND('',#1376,.T.);
#806=FACE_OUTER_BOUND('',#1377,.T.);
#807=FACE_OUTER_BOUND('',#1378,.T.);
#808=FACE_OUTER_BOUND('',#1379,.T.);
#809=FACE_OUTER_BOUND('',#1380,.T.);
#810=FACE_OUTER_BOUND('',#1381,.T.);
#811=FACE_OUTER_BOUND('',#1382,.T.);
#812=FACE_OUTER_BOUND('',#1383,.T.);
#813=FACE_OUTER_BOUND('',#1384,.T.);
#814=FACE_OUTER_BOUND('',#1385,.T.);
#815=FACE_OUTER_BOUND('',#1386,.T.);
#816=FACE_OUTER_BOUND('',#1387,.T.);
#817=FACE_OUTER_BOUND('',#1388,.T.);
#818=FACE_OUTER_BOUND('',#1390,.T.);
#819=FACE_OUTER_BOUND('',#1391,.T.);
#820=FACE_OUTER_BOUND('',#1392,.T.);
#821=FACE_OUTER_BOUND('',#1393,.T.);
#822=FACE_OUTER_BOUND('',#1395,.T.);
#823=FACE_OUTER_BOUND('',#1396,.T.);
#824=FACE_OUTER_BOUND('',#1397,.T.);
#825=FACE_OUTER_BOUND('',#1399,.T.);
#826=FACE_OUTER_BOUND('',#1400,.T.);
#827=FACE_OUTER_BOUND('',#1401,.T.);
#828=FACE_OUTER_BOUND('',#1402,.T.);
#829=FACE_OUTER_BOUND('',#1404,.T.);
#830=FACE_OUTER_BOUND('',#1405,.T.);
#831=FACE_OUTER_BOUND('',#1406,.T.);
#832=FACE_OUTER_BOUND('',#1407,.T.);
#833=FACE_OUTER_BOUND('',#1409,.T.);
#834=FACE_OUTER_BOUND('',#1410,.T.);
#835=FACE_OUTER_BOUND('',#1411,.T.);
#836=FACE_OUTER_BOUND('',#1413,.T.);
#837=FACE_OUTER_BOUND('',#1414,.T.);
#838=FACE_OUTER_BOUND('',#1415,.T.);
#839=FACE_OUTER_BOUND('',#1416,.T.);
#840=FACE_OUTER_BOUND('',#1418,.T.);
#841=FACE_OUTER_BOUND('',#1419,.T.);
#842=FACE_OUTER_BOUND('',#1421,.T.);
#843=FACE_OUTER_BOUND('',#1422,.T.);
#844=FACE_OUTER_BOUND('',#1423,.T.);
#845=FACE_OUTER_BOUND('',#1424,.T.);
#846=FACE_OUTER_BOUND('',#1425,.T.);
#847=FACE_OUTER_BOUND('',#1426,.T.);
#848=FACE_OUTER_BOUND('',#1428,.T.);
#849=FACE_OUTER_BOUND('',#1429,.T.);
#850=FACE_OUTER_BOUND('',#1431,.T.);
#851=FACE_OUTER_BOUND('',#1432,.T.);
#852=FACE_OUTER_BOUND('',#1433,.T.);
#853=FACE_OUTER_BOUND('',#1434,.T.);
#854=FACE_OUTER_BOUND('',#1435,.T.);
#855=FACE_OUTER_BOUND('',#1436,.T.);
#856=FACE_OUTER_BOUND('',#1437,.T.);
#857=FACE_OUTER_BOUND('',#1438,.T.);
#858=FACE_OUTER_BOUND('',#1439,.T.);
#859=FACE_OUTER_BOUND('',#1440,.T.);
#860=FACE_OUTER_BOUND('',#1441,.T.);
#861=FACE_OUTER_BOUND('',#1443,.T.);
#862=FACE_OUTER_BOUND('',#1444,.T.);
#863=FACE_OUTER_BOUND('',#1445,.T.);
#864=FACE_OUTER_BOUND('',#1446,.T.);
#865=FACE_OUTER_BOUND('',#1447,.T.);
#866=FACE_OUTER_BOUND('',#1448,.T.);
#867=FACE_OUTER_BOUND('',#1449,.T.);
#868=FACE_OUTER_BOUND('',#1450,.T.);
#869=FACE_OUTER_BOUND('',#1451,.T.);
#870=FACE_OUTER_BOUND('',#1452,.T.);
#871=FACE_OUTER_BOUND('',#1453,.T.);
#872=FACE_OUTER_BOUND('',#1454,.T.);
#873=FACE_OUTER_BOUND('',#1455,.T.);
#874=FACE_OUTER_BOUND('',#1456,.T.);
#875=FACE_OUTER_BOUND('',#1457,.T.);
#876=FACE_OUTER_BOUND('',#1458,.T.);
#877=FACE_OUTER_BOUND('',#1459,.T.);
#878=FACE_OUTER_BOUND('',#1460,.T.);
#879=FACE_OUTER_BOUND('',#1461,.T.);
#880=FACE_OUTER_BOUND('',#1462,.T.);
#881=FACE_OUTER_BOUND('',#1463,.T.);
#882=FACE_OUTER_BOUND('',#1464,.T.);
#883=FACE_OUTER_BOUND('',#1465,.T.);
#884=FACE_OUTER_BOUND('',#1467,.T.);
#885=FACE_OUTER_BOUND('',#1468,.T.);
#886=FACE_OUTER_BOUND('',#1470,.T.);
#887=FACE_OUTER_BOUND('',#1471,.T.);
#888=FACE_OUTER_BOUND('',#1472,.T.);
#889=FACE_OUTER_BOUND('',#1474,.T.);
#890=FACE_OUTER_BOUND('',#1475,.T.);
#891=FACE_OUTER_BOUND('',#1477,.T.);
#892=FACE_OUTER_BOUND('',#1478,.T.);
#893=FACE_OUTER_BOUND('',#1479,.T.);
#894=FACE_OUTER_BOUND('',#1480,.T.);
#895=FACE_OUTER_BOUND('',#1481,.T.);
#896=FACE_OUTER_BOUND('',#1483,.T.);
#897=FACE_OUTER_BOUND('',#1484,.T.);
#898=FACE_OUTER_BOUND('',#1485,.T.);
#899=FACE_OUTER_BOUND('',#1486,.T.);
#900=FACE_OUTER_BOUND('',#1487,.T.);
#901=FACE_OUTER_BOUND('',#1489,.T.);
#902=FACE_OUTER_BOUND('',#1490,.T.);
#903=FACE_OUTER_BOUND('',#1492,.T.);
#904=FACE_OUTER_BOUND('',#1493,.T.);
#905=FACE_OUTER_BOUND('',#1494,.T.);
#906=FACE_OUTER_BOUND('',#1495,.T.);
#907=FACE_OUTER_BOUND('',#1496,.T.);
#908=FACE_OUTER_BOUND('',#1497,.T.);
#909=FACE_OUTER_BOUND('',#1499,.T.);
#910=FACE_OUTER_BOUND('',#1500,.T.);
#911=FACE_OUTER_BOUND('',#1502,.T.);
#912=FACE_OUTER_BOUND('',#1503,.T.);
#913=FACE_OUTER_BOUND('',#1504,.T.);
#914=FACE_OUTER_BOUND('',#1505,.T.);
#915=FACE_OUTER_BOUND('',#1507,.T.);
#916=FACE_OUTER_BOUND('',#1508,.T.);
#917=FACE_OUTER_BOUND('',#1509,.T.);
#918=FACE_OUTER_BOUND('',#1511,.T.);
#919=FACE_OUTER_BOUND('',#1512,.T.);
#920=FACE_OUTER_BOUND('',#1513,.T.);
#921=FACE_OUTER_BOUND('',#1514,.T.);
#922=FACE_OUTER_BOUND('',#1515,.T.);
#923=FACE_OUTER_BOUND('',#1516,.T.);
#924=FACE_OUTER_BOUND('',#1517,.T.);
#925=FACE_OUTER_BOUND('',#1518,.T.);
#926=FACE_OUTER_BOUND('',#1519,.T.);
#927=FACE_OUTER_BOUND('',#1520,.T.);
#928=FACE_OUTER_BOUND('',#1521,.T.);
#929=FACE_OUTER_BOUND('',#1522,.T.);
#930=FACE_OUTER_BOUND('',#1523,.T.);
#931=FACE_OUTER_BOUND('',#1524,.T.);
#932=FACE_OUTER_BOUND('',#1525,.T.);
#933=FACE_OUTER_BOUND('',#1526,.T.);
#934=FACE_OUTER_BOUND('',#1527,.T.);
#935=FACE_OUTER_BOUND('',#1528,.T.);
#936=FACE_OUTER_BOUND('',#1531,.T.);
#937=FACE_OUTER_BOUND('',#1532,.T.);
#938=FACE_OUTER_BOUND('',#1533,.T.);
#939=FACE_OUTER_BOUND('',#1534,.T.);
#940=FACE_OUTER_BOUND('',#1535,.T.);
#941=FACE_OUTER_BOUND('',#1536,.T.);
#942=FACE_OUTER_BOUND('',#1537,.T.);
#943=FACE_OUTER_BOUND('',#1538,.T.);
#944=FACE_OUTER_BOUND('',#1539,.T.);
#945=FACE_OUTER_BOUND('',#1540,.T.);
#946=FACE_OUTER_BOUND('',#1541,.T.);
#947=FACE_OUTER_BOUND('',#1542,.T.);
#948=FACE_OUTER_BOUND('',#1543,.T.);
#949=FACE_OUTER_BOUND('',#1544,.T.);
#950=FACE_OUTER_BOUND('',#1545,.T.);
#951=FACE_OUTER_BOUND('',#1546,.T.);
#952=FACE_OUTER_BOUND('',#1547,.T.);
#953=FACE_OUTER_BOUND('',#1548,.T.);
#954=FACE_OUTER_BOUND('',#1549,.T.);
#955=FACE_OUTER_BOUND('',#1550,.T.);
#956=FACE_OUTER_BOUND('',#1551,.T.);
#957=FACE_OUTER_BOUND('',#1552,.T.);
#958=FACE_OUTER_BOUND('',#1553,.T.);
#959=FACE_OUTER_BOUND('',#1554,.T.);
#960=FACE_OUTER_BOUND('',#1555,.T.);
#961=FACE_OUTER_BOUND('',#1556,.T.);
#962=FACE_OUTER_BOUND('',#1557,.T.);
#963=FACE_OUTER_BOUND('',#1558,.T.);
#964=FACE_OUTER_BOUND('',#1559,.T.);
#965=FACE_OUTER_BOUND('',#1561,.T.);
#966=FACE_OUTER_BOUND('',#1562,.T.);
#967=FACE_OUTER_BOUND('',#1563,.T.);
#968=FACE_OUTER_BOUND('',#1565,.T.);
#969=FACE_OUTER_BOUND('',#1566,.T.);
#970=FACE_OUTER_BOUND('',#1567,.T.);
#971=FACE_OUTER_BOUND('',#1570,.T.);
#972=FACE_OUTER_BOUND('',#1571,.T.);
#973=FACE_OUTER_BOUND('',#1572,.T.);
#974=FACE_OUTER_BOUND('',#1573,.T.);
#975=FACE_OUTER_BOUND('',#1575,.T.);
#976=FACE_OUTER_BOUND('',#1576,.T.);
#977=FACE_OUTER_BOUND('',#1577,.T.);
#978=FACE_OUTER_BOUND('',#1578,.T.);
#979=FACE_OUTER_BOUND('',#1579,.T.);
#980=FACE_OUTER_BOUND('',#1580,.T.);
#981=FACE_OUTER_BOUND('',#1581,.T.);
#982=FACE_OUTER_BOUND('',#1582,.T.);
#983=FACE_OUTER_BOUND('',#1583,.T.);
#984=FACE_OUTER_BOUND('',#1584,.T.);
#985=FACE_OUTER_BOUND('',#1585,.T.);
#986=FACE_OUTER_BOUND('',#1586,.T.);
#987=FACE_OUTER_BOUND('',#1587,.T.);
#988=FACE_OUTER_BOUND('',#1588,.T.);
#989=FACE_OUTER_BOUND('',#1589,.T.);
#990=FACE_OUTER_BOUND('',#1590,.T.);
#991=FACE_OUTER_BOUND('',#1591,.T.);
#992=FACE_OUTER_BOUND('',#1592,.T.);
#993=FACE_OUTER_BOUND('',#1593,.T.);
#994=FACE_OUTER_BOUND('',#1595,.T.);
#995=FACE_OUTER_BOUND('',#1596,.T.);
#996=FACE_OUTER_BOUND('',#1597,.T.);
#997=FACE_OUTER_BOUND('',#1599,.T.);
#998=FACE_OUTER_BOUND('',#1600,.T.);
#999=FACE_OUTER_BOUND('',#1601,.T.);
#1000=FACE_OUTER_BOUND('',#1602,.T.);
#1001=FACE_OUTER_BOUND('',#1603,.T.);
#1002=FACE_OUTER_BOUND('',#1604,.T.);
#1003=FACE_OUTER_BOUND('',#1605,.T.);
#1004=FACE_OUTER_BOUND('',#1606,.T.);
#1005=FACE_OUTER_BOUND('',#1607,.T.);
#1006=FACE_OUTER_BOUND('',#1608,.T.);
#1007=FACE_OUTER_BOUND('',#1609,.T.);
#1008=FACE_OUTER_BOUND('',#1610,.T.);
#1009=FACE_OUTER_BOUND('',#1611,.T.);
#1010=FACE_OUTER_BOUND('',#1612,.T.);
#1011=FACE_OUTER_BOUND('',#1613,.T.);
#1012=FACE_OUTER_BOUND('',#1614,.T.);
#1013=FACE_OUTER_BOUND('',#1615,.T.);
#1014=FACE_OUTER_BOUND('',#1616,.T.);
#1015=FACE_OUTER_BOUND('',#1617,.T.);
#1016=FACE_OUTER_BOUND('',#1618,.T.);
#1017=FACE_OUTER_BOUND('',#1619,.T.);
#1018=FACE_OUTER_BOUND('',#1620,.T.);
#1019=FACE_OUTER_BOUND('',#1621,.T.);
#1020=FACE_OUTER_BOUND('',#1622,.T.);
#1021=FACE_OUTER_BOUND('',#1623,.T.);
#1022=FACE_OUTER_BOUND('',#1624,.T.);
#1023=FACE_OUTER_BOUND('',#1625,.T.);
#1024=FACE_OUTER_BOUND('',#1626,.T.);
#1025=FACE_OUTER_BOUND('',#1627,.T.);
#1026=FACE_OUTER_BOUND('',#1628,.T.);
#1027=FACE_OUTER_BOUND('',#1629,.T.);
#1028=FACE_OUTER_BOUND('',#1630,.T.);
#1029=FACE_OUTER_BOUND('',#1631,.T.);
#1030=FACE_OUTER_BOUND('',#1632,.T.);
#1031=FACE_OUTER_BOUND('',#1633,.T.);
#1032=FACE_OUTER_BOUND('',#1634,.T.);
#1033=FACE_OUTER_BOUND('',#1635,.T.);
#1034=FACE_OUTER_BOUND('',#1636,.T.);
#1035=FACE_OUTER_BOUND('',#1637,.T.);
#1036=FACE_OUTER_BOUND('',#1638,.T.);
#1037=FACE_OUTER_BOUND('',#1639,.T.);
#1038=FACE_OUTER_BOUND('',#1640,.T.);
#1039=FACE_OUTER_BOUND('',#1641,.T.);
#1040=FACE_OUTER_BOUND('',#1642,.T.);
#1041=FACE_OUTER_BOUND('',#1648,.T.);
#1042=FACE_OUTER_BOUND('',#1649,.T.);
#1043=FACE_OUTER_BOUND('',#1651,.T.);
#1044=FACE_OUTER_BOUND('',#1652,.T.);
#1045=FACE_OUTER_BOUND('',#1653,.T.);
#1046=FACE_OUTER_BOUND('',#1654,.T.);
#1047=FACE_OUTER_BOUND('',#1655,.T.);
#1048=FACE_OUTER_BOUND('',#1656,.T.);
#1049=FACE_OUTER_BOUND('',#1658,.T.);
#1050=FACE_OUTER_BOUND('',#1659,.T.);
#1051=FACE_OUTER_BOUND('',#1660,.T.);
#1052=FACE_OUTER_BOUND('',#1661,.T.);
#1053=FACE_OUTER_BOUND('',#1662,.T.);
#1054=FACE_OUTER_BOUND('',#1663,.T.);
#1055=FACE_OUTER_BOUND('',#1664,.T.);
#1056=FACE_OUTER_BOUND('',#1665,.T.);
#1057=FACE_OUTER_BOUND('',#1666,.T.);
#1058=FACE_OUTER_BOUND('',#1667,.T.);
#1059=FACE_OUTER_BOUND('',#1668,.T.);
#1060=FACE_OUTER_BOUND('',#1669,.T.);
#1061=FACE_OUTER_BOUND('',#1670,.T.);
#1062=FACE_OUTER_BOUND('',#1671,.T.);
#1063=FACE_OUTER_BOUND('',#1672,.T.);
#1064=FACE_OUTER_BOUND('',#1673,.T.);
#1065=FACE_OUTER_BOUND('',#1674,.T.);
#1066=FACE_OUTER_BOUND('',#1675,.T.);
#1067=FACE_OUTER_BOUND('',#1676,.T.);
#1068=FACE_OUTER_BOUND('',#1677,.T.);
#1069=FACE_OUTER_BOUND('',#1678,.T.);
#1070=FACE_OUTER_BOUND('',#1679,.T.);
#1071=FACE_OUTER_BOUND('',#1680,.T.);
#1072=FACE_OUTER_BOUND('',#1681,.T.);
#1073=FACE_OUTER_BOUND('',#1682,.T.);
#1074=FACE_OUTER_BOUND('',#1683,.T.);
#1075=FACE_OUTER_BOUND('',#1684,.T.);
#1076=FACE_OUTER_BOUND('',#1685,.T.);
#1077=FACE_OUTER_BOUND('',#1686,.T.);
#1078=FACE_OUTER_BOUND('',#1687,.T.);
#1079=FACE_OUTER_BOUND('',#1688,.T.);
#1080=FACE_OUTER_BOUND('',#1689,.T.);
#1081=FACE_OUTER_BOUND('',#1690,.T.);
#1082=FACE_OUTER_BOUND('',#1691,.T.);
#1083=FACE_OUTER_BOUND('',#1692,.T.);
#1084=FACE_OUTER_BOUND('',#1693,.T.);
#1085=FACE_OUTER_BOUND('',#1694,.T.);
#1086=FACE_OUTER_BOUND('',#1695,.T.);
#1087=FACE_OUTER_BOUND('',#1696,.T.);
#1088=FACE_OUTER_BOUND('',#1697,.T.);
#1089=FACE_OUTER_BOUND('',#1698,.T.);
#1090=FACE_OUTER_BOUND('',#1699,.T.);
#1091=FACE_OUTER_BOUND('',#1700,.T.);
#1092=FACE_OUTER_BOUND('',#1701,.T.);
#1093=FACE_OUTER_BOUND('',#1702,.T.);
#1094=FACE_OUTER_BOUND('',#1703,.T.);
#1095=FACE_OUTER_BOUND('',#1704,.T.);
#1096=FACE_OUTER_BOUND('',#1705,.T.);
#1097=FACE_OUTER_BOUND('',#1706,.T.);
#1098=FACE_OUTER_BOUND('',#1707,.T.);
#1099=FACE_OUTER_BOUND('',#1708,.T.);
#1100=FACE_OUTER_BOUND('',#1709,.T.);
#1101=FACE_OUTER_BOUND('',#1710,.T.);
#1102=FACE_OUTER_BOUND('',#1711,.T.);
#1103=FACE_OUTER_BOUND('',#1712,.T.);
#1104=FACE_OUTER_BOUND('',#1713,.T.);
#1105=FACE_OUTER_BOUND('',#1714,.T.);
#1106=FACE_OUTER_BOUND('',#1715,.T.);
#1107=FACE_OUTER_BOUND('',#1716,.T.);
#1108=FACE_OUTER_BOUND('',#1717,.T.);
#1109=FACE_OUTER_BOUND('',#1718,.T.);
#1110=FACE_OUTER_BOUND('',#1719,.T.);
#1111=FACE_OUTER_BOUND('',#1720,.T.);
#1112=FACE_OUTER_BOUND('',#1721,.T.);
#1113=FACE_OUTER_BOUND('',#1722,.T.);
#1114=FACE_OUTER_BOUND('',#1723,.T.);
#1115=FACE_OUTER_BOUND('',#1724,.T.);
#1116=FACE_OUTER_BOUND('',#1725,.T.);
#1117=FACE_OUTER_BOUND('',#1726,.T.);
#1118=FACE_OUTER_BOUND('',#1727,.T.);
#1119=FACE_OUTER_BOUND('',#1728,.T.);
#1120=FACE_OUTER_BOUND('',#1729,.T.);
#1121=FACE_OUTER_BOUND('',#1730,.T.);
#1122=FACE_OUTER_BOUND('',#1732,.T.);
#1123=FACE_OUTER_BOUND('',#1733,.T.);
#1124=FACE_OUTER_BOUND('',#1734,.T.);
#1125=FACE_OUTER_BOUND('',#1735,.T.);
#1126=FACE_OUTER_BOUND('',#1737,.T.);
#1127=FACE_OUTER_BOUND('',#1738,.T.);
#1128=FACE_OUTER_BOUND('',#1740,.T.);
#1129=FACE_OUTER_BOUND('',#1741,.T.);
#1130=FACE_OUTER_BOUND('',#1742,.T.);
#1131=FACE_OUTER_BOUND('',#1744,.T.);
#1132=FACE_OUTER_BOUND('',#1745,.T.);
#1133=FACE_OUTER_BOUND('',#1746,.T.);
#1134=FACE_OUTER_BOUND('',#1749,.T.);
#1135=FACE_OUTER_BOUND('',#1750,.T.);
#1136=FACE_OUTER_BOUND('',#1751,.T.);
#1137=FACE_OUTER_BOUND('',#1752,.T.);
#1138=FACE_OUTER_BOUND('',#1753,.T.);
#1139=FACE_OUTER_BOUND('',#1756,.T.);
#1140=FACE_OUTER_BOUND('',#1757,.T.);
#1141=FACE_OUTER_BOUND('',#1758,.T.);
#1142=FACE_OUTER_BOUND('',#1759,.T.);
#1143=FACE_OUTER_BOUND('',#1760,.T.);
#1144=FACE_OUTER_BOUND('',#1761,.T.);
#1145=FACE_OUTER_BOUND('',#1762,.T.);
#1146=FACE_OUTER_BOUND('',#1763,.T.);
#1147=FACE_OUTER_BOUND('',#1764,.T.);
#1148=FACE_OUTER_BOUND('',#1765,.T.);
#1149=FACE_OUTER_BOUND('',#1766,.T.);
#1150=FACE_OUTER_BOUND('',#1767,.T.);
#1151=FACE_OUTER_BOUND('',#1768,.T.);
#1152=FACE_OUTER_BOUND('',#1769,.T.);
#1153=FACE_OUTER_BOUND('',#1770,.T.);
#1154=FACE_OUTER_BOUND('',#1771,.T.);
#1155=FACE_OUTER_BOUND('',#1772,.T.);
#1156=FACE_OUTER_BOUND('',#1773,.T.);
#1157=FACE_OUTER_BOUND('',#1774,.T.);
#1158=FACE_OUTER_BOUND('',#1775,.T.);
#1159=FACE_OUTER_BOUND('',#1776,.T.);
#1160=FACE_OUTER_BOUND('',#1777,.T.);
#1161=FACE_OUTER_BOUND('',#1778,.T.);
#1162=FACE_OUTER_BOUND('',#1779,.T.);
#1163=FACE_OUTER_BOUND('',#1780,.T.);
#1164=FACE_OUTER_BOUND('',#1781,.T.);
#1165=FACE_OUTER_BOUND('',#1782,.T.);
#1166=FACE_OUTER_BOUND('',#1783,.T.);
#1167=FACE_OUTER_BOUND('',#1784,.T.);
#1168=FACE_OUTER_BOUND('',#1785,.T.);
#1169=FACE_OUTER_BOUND('',#1786,.T.);
#1170=FACE_OUTER_BOUND('',#1787,.T.);
#1171=FACE_OUTER_BOUND('',#1788,.T.);
#1172=FACE_OUTER_BOUND('',#1789,.T.);
#1173=FACE_OUTER_BOUND('',#1790,.T.);
#1174=FACE_OUTER_BOUND('',#1791,.T.);
#1175=FACE_OUTER_BOUND('',#1792,.T.);
#1176=FACE_OUTER_BOUND('',#1793,.T.);
#1177=FACE_OUTER_BOUND('',#1794,.T.);
#1178=FACE_OUTER_BOUND('',#1795,.T.);
#1179=FACE_OUTER_BOUND('',#1796,.T.);
#1180=FACE_OUTER_BOUND('',#1797,.T.);
#1181=FACE_OUTER_BOUND('',#1798,.T.);
#1182=FACE_OUTER_BOUND('',#1799,.T.);
#1183=FACE_OUTER_BOUND('',#1800,.T.);
#1184=FACE_OUTER_BOUND('',#1801,.T.);
#1185=FACE_OUTER_BOUND('',#1802,.T.);
#1186=FACE_OUTER_BOUND('',#1803,.T.);
#1187=FACE_OUTER_BOUND('',#1804,.T.);
#1188=FACE_OUTER_BOUND('',#1805,.T.);
#1189=FACE_OUTER_BOUND('',#1806,.T.);
#1190=FACE_OUTER_BOUND('',#1807,.T.);
#1191=FACE_OUTER_BOUND('',#1808,.T.);
#1192=FACE_OUTER_BOUND('',#1809,.T.);
#1193=FACE_OUTER_BOUND('',#1810,.T.);
#1194=FACE_OUTER_BOUND('',#1811,.T.);
#1195=FACE_OUTER_BOUND('',#1812,.T.);
#1196=FACE_OUTER_BOUND('',#1818,.T.);
#1197=FACE_OUTER_BOUND('',#1819,.T.);
#1198=FACE_OUTER_BOUND('',#1821,.T.);
#1199=FACE_OUTER_BOUND('',#1822,.T.);
#1200=FACE_OUTER_BOUND('',#1823,.T.);
#1201=FACE_OUTER_BOUND('',#1824,.T.);
#1202=FACE_OUTER_BOUND('',#1825,.T.);
#1203=FACE_OUTER_BOUND('',#1826,.T.);
#1204=FACE_OUTER_BOUND('',#1828,.T.);
#1205=FACE_OUTER_BOUND('',#1829,.T.);
#1206=FACE_OUTER_BOUND('',#1830,.T.);
#1207=FACE_OUTER_BOUND('',#1831,.T.);
#1208=FACE_OUTER_BOUND('',#1832,.T.);
#1209=FACE_OUTER_BOUND('',#1833,.T.);
#1210=FACE_OUTER_BOUND('',#1834,.T.);
#1211=FACE_OUTER_BOUND('',#1835,.T.);
#1212=FACE_OUTER_BOUND('',#1836,.T.);
#1213=FACE_OUTER_BOUND('',#1837,.T.);
#1214=FACE_OUTER_BOUND('',#1838,.T.);
#1215=FACE_OUTER_BOUND('',#1839,.T.);
#1216=FACE_OUTER_BOUND('',#1840,.T.);
#1217=FACE_OUTER_BOUND('',#1841,.T.);
#1218=FACE_OUTER_BOUND('',#1842,.T.);
#1219=FACE_OUTER_BOUND('',#1843,.T.);
#1220=FACE_OUTER_BOUND('',#1844,.T.);
#1221=FACE_OUTER_BOUND('',#1845,.T.);
#1222=FACE_OUTER_BOUND('',#1846,.T.);
#1223=FACE_OUTER_BOUND('',#1847,.T.);
#1224=FACE_OUTER_BOUND('',#1848,.T.);
#1225=FACE_OUTER_BOUND('',#1849,.T.);
#1226=FACE_OUTER_BOUND('',#1850,.T.);
#1227=FACE_OUTER_BOUND('',#1851,.T.);
#1228=FACE_OUTER_BOUND('',#1852,.T.);
#1229=FACE_OUTER_BOUND('',#1854,.T.);
#1230=FACE_OUTER_BOUND('',#1856,.T.);
#1231=FACE_OUTER_BOUND('',#1858,.T.);
#1232=FACE_OUTER_BOUND('',#1860,.T.);
#1233=FACE_OUTER_BOUND('',#1862,.T.);
#1234=FACE_OUTER_BOUND('',#1863,.T.);
#1235=FACE_OUTER_BOUND('',#1864,.T.);
#1236=FACE_OUTER_BOUND('',#1865,.T.);
#1237=FACE_OUTER_BOUND('',#1866,.T.);
#1238=FACE_OUTER_BOUND('',#1867,.T.);
#1239=FACE_OUTER_BOUND('',#1868,.T.);
#1240=FACE_OUTER_BOUND('',#1869,.T.);
#1241=FACE_OUTER_BOUND('',#1870,.T.);
#1242=FACE_OUTER_BOUND('',#1871,.T.);
#1243=FACE_OUTER_BOUND('',#1872,.T.);
#1244=FACE_OUTER_BOUND('',#1873,.T.);
#1245=FACE_OUTER_BOUND('',#1874,.T.);
#1246=FACE_OUTER_BOUND('',#1875,.T.);
#1247=FACE_OUTER_BOUND('',#1876,.T.);
#1248=FACE_OUTER_BOUND('',#1877,.T.);
#1249=FACE_OUTER_BOUND('',#1878,.T.);
#1250=FACE_OUTER_BOUND('',#1879,.T.);
#1251=FACE_OUTER_BOUND('',#1880,.T.);
#1252=FACE_OUTER_BOUND('',#1881,.T.);
#1253=FACE_OUTER_BOUND('',#1882,.T.);
#1254=FACE_OUTER_BOUND('',#1883,.T.);
#1255=FACE_OUTER_BOUND('',#1884,.T.);
#1256=FACE_OUTER_BOUND('',#1885,.T.);
#1257=FACE_OUTER_BOUND('',#1886,.T.);
#1258=FACE_OUTER_BOUND('',#1887,.T.);
#1259=FACE_OUTER_BOUND('',#1888,.T.);
#1260=FACE_OUTER_BOUND('',#1889,.T.);
#1261=FACE_OUTER_BOUND('',#1890,.T.);
#1262=FACE_OUTER_BOUND('',#1891,.T.);
#1263=FACE_OUTER_BOUND('',#1892,.T.);
#1264=FACE_OUTER_BOUND('',#1893,.T.);
#1265=FACE_OUTER_BOUND('',#1894,.T.);
#1266=FACE_OUTER_BOUND('',#1895,.T.);
#1267=FACE_OUTER_BOUND('',#1896,.T.);
#1268=FACE_OUTER_BOUND('',#1897,.T.);
#1269=FACE_OUTER_BOUND('',#1898,.T.);
#1270=FACE_OUTER_BOUND('',#1899,.T.);
#1271=FACE_OUTER_BOUND('',#1900,.T.);
#1272=FACE_OUTER_BOUND('',#1901,.T.);
#1273=FACE_OUTER_BOUND('',#1902,.T.);
#1274=FACE_OUTER_BOUND('',#1904,.T.);
#1275=FACE_OUTER_BOUND('',#1905,.T.);
#1276=FACE_OUTER_BOUND('',#1906,.T.);
#1277=FACE_OUTER_BOUND('',#1907,.T.);
#1278=FACE_OUTER_BOUND('',#1908,.T.);
#1279=FACE_OUTER_BOUND('',#1909,.T.);
#1280=FACE_OUTER_BOUND('',#1910,.T.);
#1281=FACE_OUTER_BOUND('',#1911,.T.);
#1282=FACE_OUTER_BOUND('',#1912,.T.);
#1283=FACE_OUTER_BOUND('',#1913,.T.);
#1284=FACE_OUTER_BOUND('',#1914,.T.);
#1285=FACE_OUTER_BOUND('',#1915,.T.);
#1286=FACE_OUTER_BOUND('',#1916,.T.);
#1287=FACE_OUTER_BOUND('',#1917,.T.);
#1288=FACE_OUTER_BOUND('',#1918,.T.);
#1289=FACE_OUTER_BOUND('',#1919,.T.);
#1290=FACE_OUTER_BOUND('',#1920,.T.);
#1291=FACE_OUTER_BOUND('',#1921,.T.);
#1292=FACE_OUTER_BOUND('',#1922,.T.);
#1293=FACE_OUTER_BOUND('',#1923,.T.);
#1294=FACE_OUTER_BOUND('',#1924,.T.);
#1295=FACE_OUTER_BOUND('',#1925,.T.);
#1296=FACE_OUTER_BOUND('',#1926,.T.);
#1297=FACE_OUTER_BOUND('',#1927,.T.);
#1298=FACE_OUTER_BOUND('',#1928,.T.);
#1299=FACE_OUTER_BOUND('',#1929,.T.);
#1300=FACE_OUTER_BOUND('',#1930,.T.);
#1301=FACE_OUTER_BOUND('',#1931,.T.);
#1302=FACE_OUTER_BOUND('',#1932,.T.);
#1303=FACE_OUTER_BOUND('',#1933,.T.);
#1304=FACE_OUTER_BOUND('',#1934,.T.);
#1305=FACE_OUTER_BOUND('',#1935,.T.);
#1306=FACE_OUTER_BOUND('',#1936,.T.);
#1307=FACE_OUTER_BOUND('',#1937,.T.);
#1308=FACE_OUTER_BOUND('',#1938,.T.);
#1309=FACE_OUTER_BOUND('',#1939,.T.);
#1310=FACE_OUTER_BOUND('',#1940,.T.);
#1311=FACE_OUTER_BOUND('',#1941,.T.);
#1312=FACE_OUTER_BOUND('',#1942,.T.);
#1313=FACE_OUTER_BOUND('',#1943,.T.);
#1314=FACE_OUTER_BOUND('',#1944,.T.);
#1315=FACE_OUTER_BOUND('',#1945,.T.);
#1316=FACE_OUTER_BOUND('',#1946,.T.);
#1317=FACE_OUTER_BOUND('',#1948,.T.);
#1318=FACE_OUTER_BOUND('',#1949,.T.);
#1319=FACE_OUTER_BOUND('',#1951,.T.);
#1320=FACE_OUTER_BOUND('',#1952,.T.);
#1321=FACE_OUTER_BOUND('',#1953,.T.);
#1322=FACE_OUTER_BOUND('',#1954,.T.);
#1323=FACE_OUTER_BOUND('',#1955,.T.);
#1324=FACE_OUTER_BOUND('',#1956,.T.);
#1325=FACE_OUTER_BOUND('',#1957,.T.);
#1326=FACE_OUTER_BOUND('',#1959,.T.);
#1327=FACE_OUTER_BOUND('',#1961,.T.);
#1328=FACE_OUTER_BOUND('',#1962,.T.);
#1329=FACE_OUTER_BOUND('',#1964,.T.);
#1330=FACE_OUTER_BOUND('',#1966,.T.);
#1331=FACE_OUTER_BOUND('',#1967,.T.);
#1332=FACE_OUTER_BOUND('',#1968,.T.);
#1333=FACE_OUTER_BOUND('',#1970,.T.);
#1334=FACE_OUTER_BOUND('',#1971,.T.);
#1335=FACE_OUTER_BOUND('',#1972,.T.);
#1336=FACE_OUTER_BOUND('',#1973,.T.);
#1337=FACE_OUTER_BOUND('',#1974,.T.);
#1338=FACE_OUTER_BOUND('',#1975,.T.);
#1339=FACE_OUTER_BOUND('',#1976,.T.);
#1340=FACE_OUTER_BOUND('',#1977,.T.);
#1341=EDGE_LOOP('',(#6127,#6128,#6129,#6130,#6131));
#1342=EDGE_LOOP('',(#6132));
#1343=EDGE_LOOP('',(#6133));
#1344=EDGE_LOOP('',(#6134,#6135,#6136,#6137));
#1345=EDGE_LOOP('',(#6138,#6139,#6140,#6141));
#1346=EDGE_LOOP('',(#6142,#6143,#6144,#6145,#6146));
#1347=EDGE_LOOP('',(#6147));
#1348=EDGE_LOOP('',(#6148,#6149,#6150,#6151,#6152,#6153));
#1349=EDGE_LOOP('',(#6154));
#1350=EDGE_LOOP('',(#6155,#6156));
#1351=EDGE_LOOP('',(#6157,#6158));
#1352=EDGE_LOOP('',(#6159,#6160));
#1353=EDGE_LOOP('',(#6161,#6162));
#1354=EDGE_LOOP('',(#6163,#6164));
#1355=EDGE_LOOP('',(#6165,#6166));
#1356=EDGE_LOOP('',(#6167,#6168,#6169,#6170,#6171,#6172));
#1357=EDGE_LOOP('',(#6173,#6174,#6175,#6176));
#1358=EDGE_LOOP('',(#6177,#6178,#6179,#6180));
#1359=EDGE_LOOP('',(#6181,#6182,#6183,#6184));
#1360=EDGE_LOOP('',(#6185,#6186,#6187,#6188));
#1361=EDGE_LOOP('',(#6189,#6190,#6191,#6192));
#1362=EDGE_LOOP('',(#6193,#6194,#6195,#6196));
#1363=EDGE_LOOP('',(#6197,#6198,#6199,#6200,#6201,#6202,#6203,#6204,#6205,
#6206,#6207,#6208,#6209,#6210));
#1364=EDGE_LOOP('',(#6211,#6212,#6213,#6214,#6215,#6216,#6217,#6218,#6219,
#6220,#6221,#6222,#6223,#6224));
#1365=EDGE_LOOP('',(#6225,#6226,#6227,#6228,#6229,#6230,#6231));
#1366=EDGE_LOOP('',(#6232,#6233,#6234,#6235));
#1367=EDGE_LOOP('',(#6236,#6237,#6238,#6239,#6240,#6241));
#1368=EDGE_LOOP('',(#6242,#6243,#6244,#6245));
#1369=EDGE_LOOP('',(#6246,#6247,#6248,#6249,#6250,#6251,#6252,#6253));
#1370=EDGE_LOOP('',(#6254,#6255,#6256,#6257));
#1371=EDGE_LOOP('',(#6258,#6259,#6260,#6261,#6262,#6263,#6264,#6265));
#1372=EDGE_LOOP('',(#6266,#6267,#6268,#6269,#6270,#6271,#6272,#6273));
#1373=EDGE_LOOP('',(#6274,#6275,#6276,#6277));
#1374=EDGE_LOOP('',(#6278,#6279,#6280,#6281,#6282,#6283,#6284,#6285));
#1375=EDGE_LOOP('',(#6286,#6287,#6288,#6289,#6290,#6291));
#1376=EDGE_LOOP('',(#6292,#6293,#6294,#6295,#6296));
#1377=EDGE_LOOP('',(#6297,#6298,#6299,#6300));
#1378=EDGE_LOOP('',(#6301,#6302,#6303,#6304,#6305,#6306));
#1379=EDGE_LOOP('',(#6307,#6308,#6309,#6310));
#1380=EDGE_LOOP('',(#6311,#6312,#6313,#6314));
#1381=EDGE_LOOP('',(#6315,#6316,#6317,#6318));
#1382=EDGE_LOOP('',(#6319,#6320,#6321,#6322));
#1383=EDGE_LOOP('',(#6323,#6324,#6325,#6326));
#1384=EDGE_LOOP('',(#6327,#6328,#6329,#6330));
#1385=EDGE_LOOP('',(#6331,#6332,#6333,#6334));
#1386=EDGE_LOOP('',(#6335,#6336,#6337,#6338));
#1387=EDGE_LOOP('',(#6339,#6340,#6341,#6342,#6343));
#1388=EDGE_LOOP('',(#6344));
#1389=EDGE_LOOP('',(#6345));
#1390=EDGE_LOOP('',(#6346,#6347,#6348,#6349));
#1391=EDGE_LOOP('',(#6350,#6351,#6352,#6353));
#1392=EDGE_LOOP('',(#6354,#6355,#6356,#6357));
#1393=EDGE_LOOP('',(#6358));
#1394=EDGE_LOOP('',(#6359));
#1395=EDGE_LOOP('',(#6360,#6361,#6362,#6363));
#1396=EDGE_LOOP('',(#6364,#6365,#6366,#6367));
#1397=EDGE_LOOP('',(#6368));
#1398=EDGE_LOOP('',(#6369));
#1399=EDGE_LOOP('',(#6370,#6371,#6372,#6373,#6374,#6375));
#1400=EDGE_LOOP('',(#6376,#6377,#6378,#6379));
#1401=EDGE_LOOP('',(#6380,#6381,#6382,#6383,#6384));
#1402=EDGE_LOOP('',(#6385));
#1403=EDGE_LOOP('',(#6386));
#1404=EDGE_LOOP('',(#6387,#6388,#6389,#6390));
#1405=EDGE_LOOP('',(#6391,#6392,#6393,#6394));
#1406=EDGE_LOOP('',(#6395,#6396,#6397,#6398));
#1407=EDGE_LOOP('',(#6399));
#1408=EDGE_LOOP('',(#6400));
#1409=EDGE_LOOP('',(#6401,#6402,#6403,#6404));
#1410=EDGE_LOOP('',(#6405,#6406,#6407,#6408));
#1411=EDGE_LOOP('',(#6409));
#1412=EDGE_LOOP('',(#6410));
#1413=EDGE_LOOP('',(#6411,#6412,#6413,#6414,#6415));
#1414=EDGE_LOOP('',(#6416,#6417,#6418,#6419));
#1415=EDGE_LOOP('',(#6420,#6421,#6422,#6423));
#1416=EDGE_LOOP('',(#6424));
#1417=EDGE_LOOP('',(#6425));
#1418=EDGE_LOOP('',(#6426,#6427,#6428,#6429));
#1419=EDGE_LOOP('',(#6430));
#1420=EDGE_LOOP('',(#6431));
#1421=EDGE_LOOP('',(#6432,#6433,#6434,#6435));
#1422=EDGE_LOOP('',(#6436,#6437,#6438,#6439,#6440));
#1423=EDGE_LOOP('',(#6441,#6442,#6443,#6444));
#1424=EDGE_LOOP('',(#6445,#6446,#6447,#6448));
#1425=EDGE_LOOP('',(#6449,#6450,#6451,#6452));
#1426=EDGE_LOOP('',(#6453));
#1427=EDGE_LOOP('',(#6454));
#1428=EDGE_LOOP('',(#6455,#6456,#6457,#6458));
#1429=EDGE_LOOP('',(#6459));
#1430=EDGE_LOOP('',(#6460));
#1431=EDGE_LOOP('',(#6461,#6462,#6463,#6464));
#1432=EDGE_LOOP('',(#6465,#6466,#6467,#6468));
#1433=EDGE_LOOP('',(#6469,#6470,#6471,#6472));
#1434=EDGE_LOOP('',(#6473,#6474,#6475,#6476));
#1435=EDGE_LOOP('',(#6477,#6478));
#1436=EDGE_LOOP('',(#6479,#6480,#6481,#6482,#6483,#6484));
#1437=EDGE_LOOP('',(#6485,#6486,#6487,#6488,#6489));
#1438=EDGE_LOOP('',(#6490,#6491,#6492,#6493,#6494));
#1439=EDGE_LOOP('',(#6495,#6496,#6497,#6498,#6499,#6500));
#1440=EDGE_LOOP('',(#6501));
#1441=EDGE_LOOP('',(#6502));
#1442=EDGE_LOOP('',(#6503,#6504,#6505,#6506,#6507,#6508));
#1443=EDGE_LOOP('',(#6509,#6510,#6511,#6512));
#1444=EDGE_LOOP('',(#6513,#6514,#6515,#6516));
#1445=EDGE_LOOP('',(#6517,#6518,#6519,#6520));
#1446=EDGE_LOOP('',(#6521,#6522,#6523,#6524));
#1447=EDGE_LOOP('',(#6525,#6526,#6527,#6528));
#1448=EDGE_LOOP('',(#6529,#6530,#6531,#6532));
#1449=EDGE_LOOP('',(#6533,#6534,#6535,#6536,#6537,#6538));
#1450=EDGE_LOOP('',(#6539,#6540));
#1451=EDGE_LOOP('',(#6541,#6542));
#1452=EDGE_LOOP('',(#6543,#6544));
#1453=EDGE_LOOP('',(#6545,#6546));
#1454=EDGE_LOOP('',(#6547,#6548));
#1455=EDGE_LOOP('',(#6549,#6550,#6551,#6552));
#1456=EDGE_LOOP('',(#6553,#6554,#6555,#6556));
#1457=EDGE_LOOP('',(#6557));
#1458=EDGE_LOOP('',(#6558,#6559,#6560,#6561));
#1459=EDGE_LOOP('',(#6562));
#1460=EDGE_LOOP('',(#6563,#6564,#6565,#6566,#6567));
#1461=EDGE_LOOP('',(#6568,#6569,#6570,#6571,#6572));
#1462=EDGE_LOOP('',(#6573,#6574,#6575,#6576));
#1463=EDGE_LOOP('',(#6577,#6578,#6579,#6580));
#1464=EDGE_LOOP('',(#6581,#6582,#6583,#6584));
#1465=EDGE_LOOP('',(#6585));
#1466=EDGE_LOOP('',(#6586));
#1467=EDGE_LOOP('',(#6587,#6588,#6589,#6590));
#1468=EDGE_LOOP('',(#6591));
#1469=EDGE_LOOP('',(#6592));
#1470=EDGE_LOOP('',(#6593,#6594,#6595,#6596));
#1471=EDGE_LOOP('',(#6597,#6598,#6599,#6600));
#1472=EDGE_LOOP('',(#6601));
#1473=EDGE_LOOP('',(#6602));
#1474=EDGE_LOOP('',(#6603,#6604,#6605,#6606));
#1475=EDGE_LOOP('',(#6607));
#1476=EDGE_LOOP('',(#6608));
#1477=EDGE_LOOP('',(#6609,#6610,#6611,#6612));
#1478=EDGE_LOOP('',(#6613,#6614,#6615,#6616));
#1479=EDGE_LOOP('',(#6617,#6618,#6619,#6620));
#1480=EDGE_LOOP('',(#6621,#6622,#6623,#6624));
#1481=EDGE_LOOP('',(#6625));
#1482=EDGE_LOOP('',(#6626));
#1483=EDGE_LOOP('',(#6627,#6628,#6629,#6630,#6631));
#1484=EDGE_LOOP('',(#6632,#6633,#6634,#6635));
#1485=EDGE_LOOP('',(#6636,#6637,#6638,#6639));
#1486=EDGE_LOOP('',(#6640,#6641,#6642,#6643));
#1487=EDGE_LOOP('',(#6644));
#1488=EDGE_LOOP('',(#6645));
#1489=EDGE_LOOP('',(#6646,#6647,#6648,#6649));
#1490=EDGE_LOOP('',(#6650));
#1491=EDGE_LOOP('',(#6651));
#1492=EDGE_LOOP('',(#6652,#6653,#6654,#6655));
#1493=EDGE_LOOP('',(#6656,#6657,#6658,#6659));
#1494=EDGE_LOOP('',(#6660,#6661,#6662,#6663));
#1495=EDGE_LOOP('',(#6664,#6665,#6666,#6667));
#1496=EDGE_LOOP('',(#6668,#6669,#6670,#6671));
#1497=EDGE_LOOP('',(#6672));
#1498=EDGE_LOOP('',(#6673));
#1499=EDGE_LOOP('',(#6674,#6675,#6676,#6677,#6678));
#1500=EDGE_LOOP('',(#6679));
#1501=EDGE_LOOP('',(#6680));
#1502=EDGE_LOOP('',(#6681,#6682,#6683,#6684));
#1503=EDGE_LOOP('',(#6685,#6686,#6687,#6688));
#1504=EDGE_LOOP('',(#6689,#6690,#6691,#6692));
#1505=EDGE_LOOP('',(#6693));
#1506=EDGE_LOOP('',(#6694));
#1507=EDGE_LOOP('',(#6695,#6696,#6697,#6698));
#1508=EDGE_LOOP('',(#6699,#6700,#6701,#6702));
#1509=EDGE_LOOP('',(#6703));
#1510=EDGE_LOOP('',(#6704));
#1511=EDGE_LOOP('',(#6705,#6706,#6707,#6708));
#1512=EDGE_LOOP('',(#6709,#6710,#6711,#6712));
#1513=EDGE_LOOP('',(#6713,#6714,#6715,#6716,#6717,#6718));
#1514=EDGE_LOOP('',(#6719,#6720,#6721,#6722));
#1515=EDGE_LOOP('',(#6723,#6724,#6725,#6726));
#1516=EDGE_LOOP('',(#6727,#6728,#6729,#6730,#6731,#6732));
#1517=EDGE_LOOP('',(#6733,#6734,#6735,#6736,#6737,#6738));
#1518=EDGE_LOOP('',(#6739,#6740,#6741,#6742));
#1519=EDGE_LOOP('',(#6743,#6744,#6745,#6746));
#1520=EDGE_LOOP('',(#6747,#6748,#6749,#6750));
#1521=EDGE_LOOP('',(#6751,#6752,#6753,#6754));
#1522=EDGE_LOOP('',(#6755,#6756,#6757,#6758,#6759));
#1523=EDGE_LOOP('',(#6760,#6761,#6762,#6763));
#1524=EDGE_LOOP('',(#6764,#6765,#6766,#6767,#6768));
#1525=EDGE_LOOP('',(#6769,#6770,#6771,#6772));
#1526=EDGE_LOOP('',(#6773,#6774,#6775,#6776));
#1527=EDGE_LOOP('',(#6777,#6778,#6779,#6780));
#1528=EDGE_LOOP('',(#6781,#6782,#6783,#6784,#6785,#6786,#6787,#6788,#6789,
#6790,#6791,#6792,#6793,#6794));
#1529=EDGE_LOOP('',(#6795));
#1530=EDGE_LOOP('',(#6796));
#1531=EDGE_LOOP('',(#6797,#6798,#6799,#6800));
#1532=EDGE_LOOP('',(#6801,#6802,#6803,#6804));
#1533=EDGE_LOOP('',(#6805,#6806,#6807,#6808));
#1534=EDGE_LOOP('',(#6809,#6810,#6811,#6812));
#1535=EDGE_LOOP('',(#6813,#6814,#6815,#6816));
#1536=EDGE_LOOP('',(#6817,#6818,#6819,#6820));
#1537=EDGE_LOOP('',(#6821,#6822,#6823,#6824));
#1538=EDGE_LOOP('',(#6825,#6826,#6827,#6828));
#1539=EDGE_LOOP('',(#6829,#6830,#6831,#6832));
#1540=EDGE_LOOP('',(#6833,#6834,#6835,#6836));
#1541=EDGE_LOOP('',(#6837,#6838,#6839,#6840));
#1542=EDGE_LOOP('',(#6841,#6842,#6843,#6844));
#1543=EDGE_LOOP('',(#6845,#6846,#6847,#6848));
#1544=EDGE_LOOP('',(#6849,#6850,#6851,#6852));
#1545=EDGE_LOOP('',(#6853,#6854,#6855,#6856));
#1546=EDGE_LOOP('',(#6857,#6858,#6859,#6860,#6861,#6862));
#1547=EDGE_LOOP('',(#6863,#6864,#6865,#6866));
#1548=EDGE_LOOP('',(#6867,#6868,#6869,#6870,#6871));
#1549=EDGE_LOOP('',(#6872,#6873,#6874,#6875,#6876,#6877,#6878,#6879));
#1550=EDGE_LOOP('',(#6880,#6881,#6882,#6883));
#1551=EDGE_LOOP('',(#6884,#6885,#6886,#6887));
#1552=EDGE_LOOP('',(#6888,#6889,#6890,#6891));
#1553=EDGE_LOOP('',(#6892,#6893,#6894,#6895,#6896,#6897));
#1554=EDGE_LOOP('',(#6898,#6899,#6900,#6901));
#1555=EDGE_LOOP('',(#6902,#6903,#6904,#6905,#6906));
#1556=EDGE_LOOP('',(#6907,#6908,#6909,#6910));
#1557=EDGE_LOOP('',(#6911,#6912,#6913,#6914));
#1558=EDGE_LOOP('',(#6915,#6916,#6917,#6918));
#1559=EDGE_LOOP('',(#6919));
#1560=EDGE_LOOP('',(#6920));
#1561=EDGE_LOOP('',(#6921,#6922,#6923,#6924,#6925));
#1562=EDGE_LOOP('',(#6926,#6927,#6928,#6929,#6930));
#1563=EDGE_LOOP('',(#6931,#6932,#6933,#6934,#6935,#6936,#6937,#6938,#6939,
#6940,#6941,#6942,#6943,#6944,#6945,#6946));
#1564=EDGE_LOOP('',(#6947));
#1565=EDGE_LOOP('',(#6948,#6949,#6950,#6951,#6952));
#1566=EDGE_LOOP('',(#6953,#6954,#6955,#6956,#6957));
#1567=EDGE_LOOP('',(#6958,#6959,#6960,#6961,#6962,#6963,#6964,#6965,#6966,
#6967,#6968,#6969,#6970,#6971,#6972,#6973,#6974,#6975,#6976,#6977,#6978,
#6979,#6980,#6981,#6982,#6983,#6984,#6985,#6986));
#1568=EDGE_LOOP('',(#6987));
#1569=EDGE_LOOP('',(#6988));
#1570=EDGE_LOOP('',(#6989,#6990,#6991,#6992,#6993));
#1571=EDGE_LOOP('',(#6994,#6995,#6996,#6997));
#1572=EDGE_LOOP('',(#6998,#6999,#7000,#7001));
#1573=EDGE_LOOP('',(#7002));
#1574=EDGE_LOOP('',(#7003));
#1575=EDGE_LOOP('',(#7004,#7005,#7006,#7007));
#1576=EDGE_LOOP('',(#7008,#7009,#7010,#7011));
#1577=EDGE_LOOP('',(#7012,#7013,#7014,#7015));
#1578=EDGE_LOOP('',(#7016,#7017,#7018,#7019));
#1579=EDGE_LOOP('',(#7020,#7021,#7022,#7023));
#1580=EDGE_LOOP('',(#7024,#7025,#7026,#7027));
#1581=EDGE_LOOP('',(#7028,#7029,#7030,#7031));
#1582=EDGE_LOOP('',(#7032,#7033,#7034,#7035));
#1583=EDGE_LOOP('',(#7036,#7037,#7038,#7039));
#1584=EDGE_LOOP('',(#7040,#7041,#7042,#7043));
#1585=EDGE_LOOP('',(#7044,#7045,#7046,#7047));
#1586=EDGE_LOOP('',(#7048,#7049,#7050,#7051));
#1587=EDGE_LOOP('',(#7052,#7053,#7054,#7055));
#1588=EDGE_LOOP('',(#7056,#7057,#7058,#7059));
#1589=EDGE_LOOP('',(#7060,#7061,#7062,#7063));
#1590=EDGE_LOOP('',(#7064,#7065,#7066,#7067));
#1591=EDGE_LOOP('',(#7068,#7069,#7070,#7071));
#1592=EDGE_LOOP('',(#7072,#7073,#7074,#7075));
#1593=EDGE_LOOP('',(#7076));
#1594=EDGE_LOOP('',(#7077));
#1595=EDGE_LOOP('',(#7078,#7079,#7080,#7081,#7082));
#1596=EDGE_LOOP('',(#7083,#7084,#7085,#7086,#7087));
#1597=EDGE_LOOP('',(#7088));
#1598=EDGE_LOOP('',(#7089));
#1599=EDGE_LOOP('',(#7090,#7091,#7092,#7093,#7094));
#1600=EDGE_LOOP('',(#7095,#7096,#7097,#7098));
#1601=EDGE_LOOP('',(#7099,#7100,#7101,#7102));
#1602=EDGE_LOOP('',(#7103,#7104,#7105,#7106));
#1603=EDGE_LOOP('',(#7107,#7108,#7109,#7110,#7111));
#1604=EDGE_LOOP('',(#7112,#7113,#7114,#7115));
#1605=EDGE_LOOP('',(#7116,#7117,#7118,#7119,#7120,#7121));
#1606=EDGE_LOOP('',(#7122,#7123,#7124,#7125));
#1607=EDGE_LOOP('',(#7126,#7127,#7128,#7129,#7130));
#1608=EDGE_LOOP('',(#7131,#7132,#7133,#7134,#7135));
#1609=EDGE_LOOP('',(#7136,#7137,#7138,#7139));
#1610=EDGE_LOOP('',(#7140,#7141,#7142,#7143));
#1611=EDGE_LOOP('',(#7144,#7145,#7146,#7147));
#1612=EDGE_LOOP('',(#7148,#7149,#7150,#7151));
#1613=EDGE_LOOP('',(#7152,#7153,#7154,#7155));
#1614=EDGE_LOOP('',(#7156,#7157,#7158,#7159));
#1615=EDGE_LOOP('',(#7160,#7161,#7162,#7163));
#1616=EDGE_LOOP('',(#7164,#7165,#7166,#7167));
#1617=EDGE_LOOP('',(#7168,#7169,#7170,#7171));
#1618=EDGE_LOOP('',(#7172,#7173,#7174,#7175,#7176,#7177,#7178,#7179));
#1619=EDGE_LOOP('',(#7180,#7181,#7182,#7183));
#1620=EDGE_LOOP('',(#7184,#7185,#7186,#7187));
#1621=EDGE_LOOP('',(#7188,#7189,#7190,#7191));
#1622=EDGE_LOOP('',(#7192,#7193,#7194,#7195));
#1623=EDGE_LOOP('',(#7196,#7197,#7198,#7199));
#1624=EDGE_LOOP('',(#7200,#7201,#7202,#7203));
#1625=EDGE_LOOP('',(#7204,#7205,#7206,#7207));
#1626=EDGE_LOOP('',(#7208,#7209,#7210,#7211));
#1627=EDGE_LOOP('',(#7212,#7213,#7214,#7215));
#1628=EDGE_LOOP('',(#7216,#7217,#7218,#7219));
#1629=EDGE_LOOP('',(#7220,#7221,#7222,#7223));
#1630=EDGE_LOOP('',(#7224,#7225,#7226,#7227));
#1631=EDGE_LOOP('',(#7228,#7229,#7230,#7231));
#1632=EDGE_LOOP('',(#7232,#7233,#7234,#7235,#7236));
#1633=EDGE_LOOP('',(#7237,#7238,#7239,#7240));
#1634=EDGE_LOOP('',(#7241,#7242,#7243,#7244,#7245,#7246,#7247,#7248));
#1635=EDGE_LOOP('',(#7249,#7250,#7251,#7252));
#1636=EDGE_LOOP('',(#7253,#7254,#7255,#7256));
#1637=EDGE_LOOP('',(#7257,#7258,#7259,#7260));
#1638=EDGE_LOOP('',(#7261,#7262,#7263,#7264));
#1639=EDGE_LOOP('',(#7265,#7266,#7267,#7268));
#1640=EDGE_LOOP('',(#7269,#7270,#7271,#7272));
#1641=EDGE_LOOP('',(#7273,#7274,#7275,#7276));
#1642=EDGE_LOOP('',(#7277,#7278,#7279,#7280,#7281,#7282,#7283,#7284,#7285,
#7286,#7287,#7288,#7289,#7290,#7291,#7292,#7293,#7294,#7295,#7296,#7297,
#7298,#7299,#7300,#7301,#7302,#7303,#7304,#7305,#7306,#7307,#7308));
#1643=EDGE_LOOP('',(#7309));
#1644=EDGE_LOOP('',(#7310));
#1645=EDGE_LOOP('',(#7311));
#1646=EDGE_LOOP('',(#7312));
#1647=EDGE_LOOP('',(#7313));
#1648=EDGE_LOOP('',(#7314,#7315,#7316,#7317));
#1649=EDGE_LOOP('',(#7318));
#1650=EDGE_LOOP('',(#7319));
#1651=EDGE_LOOP('',(#7320,#7321,#7322,#7323,#7324));
#1652=EDGE_LOOP('',(#7325,#7326,#7327,#7328,#7329));
#1653=EDGE_LOOP('',(#7330,#7331,#7332,#7333,#7334));
#1654=EDGE_LOOP('',(#7335,#7336,#7337,#7338,#7339));
#1655=EDGE_LOOP('',(#7340,#7341,#7342,#7343));
#1656=EDGE_LOOP('',(#7344));
#1657=EDGE_LOOP('',(#7345));
#1658=EDGE_LOOP('',(#7346,#7347,#7348,#7349));
#1659=EDGE_LOOP('',(#7350,#7351,#7352,#7353,#7354));
#1660=EDGE_LOOP('',(#7355,#7356,#7357,#7358,#7359,#7360,#7361,#7362));
#1661=EDGE_LOOP('',(#7363,#7364,#7365,#7366));
#1662=EDGE_LOOP('',(#7367,#7368,#7369,#7370));
#1663=EDGE_LOOP('',(#7371,#7372,#7373,#7374));
#1664=EDGE_LOOP('',(#7375,#7376,#7377,#7378,#7379,#7380));
#1665=EDGE_LOOP('',(#7381,#7382,#7383,#7384,#7385));
#1666=EDGE_LOOP('',(#7386,#7387,#7388,#7389,#7390,#7391,#7392,#7393,#7394,
#7395,#7396));
#1667=EDGE_LOOP('',(#7397,#7398,#7399,#7400));
#1668=EDGE_LOOP('',(#7401,#7402,#7403,#7404));
#1669=EDGE_LOOP('',(#7405,#7406,#7407,#7408));
#1670=EDGE_LOOP('',(#7409,#7410,#7411,#7412));
#1671=EDGE_LOOP('',(#7413,#7414,#7415,#7416));
#1672=EDGE_LOOP('',(#7417,#7418,#7419,#7420));
#1673=EDGE_LOOP('',(#7421,#7422,#7423,#7424));
#1674=EDGE_LOOP('',(#7425,#7426,#7427,#7428));
#1675=EDGE_LOOP('',(#7429,#7430,#7431,#7432));
#1676=EDGE_LOOP('',(#7433,#7434,#7435,#7436));
#1677=EDGE_LOOP('',(#7437,#7438,#7439,#7440));
#1678=EDGE_LOOP('',(#7441,#7442,#7443,#7444,#7445,#7446));
#1679=EDGE_LOOP('',(#7447,#7448,#7449,#7450));
#1680=EDGE_LOOP('',(#7451,#7452,#7453,#7454));
#1681=EDGE_LOOP('',(#7455,#7456,#7457,#7458,#7459));
#1682=EDGE_LOOP('',(#7460,#7461,#7462,#7463,#7464));
#1683=EDGE_LOOP('',(#7465,#7466,#7467,#7468,#7469,#7470));
#1684=EDGE_LOOP('',(#7471,#7472,#7473,#7474,#7475,#7476,#7477,#7478,#7479));
#1685=EDGE_LOOP('',(#7480,#7481,#7482,#7483));
#1686=EDGE_LOOP('',(#7484,#7485,#7486,#7487));
#1687=EDGE_LOOP('',(#7488,#7489,#7490,#7491,#7492));
#1688=EDGE_LOOP('',(#7493,#7494,#7495,#7496,#7497));
#1689=EDGE_LOOP('',(#7498,#7499,#7500,#7501));
#1690=EDGE_LOOP('',(#7502,#7503,#7504,#7505));
#1691=EDGE_LOOP('',(#7506,#7507,#7508,#7509));
#1692=EDGE_LOOP('',(#7510,#7511,#7512,#7513,#7514,#7515));
#1693=EDGE_LOOP('',(#7516,#7517,#7518,#7519));
#1694=EDGE_LOOP('',(#7520,#7521,#7522,#7523));
#1695=EDGE_LOOP('',(#7524,#7525,#7526,#7527));
#1696=EDGE_LOOP('',(#7528,#7529,#7530,#7531));
#1697=EDGE_LOOP('',(#7532,#7533,#7534,#7535));
#1698=EDGE_LOOP('',(#7536,#7537,#7538,#7539));
#1699=EDGE_LOOP('',(#7540,#7541,#7542,#7543));
#1700=EDGE_LOOP('',(#7544,#7545,#7546,#7547));
#1701=EDGE_LOOP('',(#7548,#7549,#7550,#7551));
#1702=EDGE_LOOP('',(#7552,#7553,#7554,#7555));
#1703=EDGE_LOOP('',(#7556,#7557,#7558,#7559));
#1704=EDGE_LOOP('',(#7560,#7561,#7562,#7563));
#1705=EDGE_LOOP('',(#7564,#7565,#7566,#7567));
#1706=EDGE_LOOP('',(#7568,#7569,#7570,#7571));
#1707=EDGE_LOOP('',(#7572,#7573,#7574,#7575));
#1708=EDGE_LOOP('',(#7576,#7577,#7578,#7579));
#1709=EDGE_LOOP('',(#7580,#7581,#7582,#7583));
#1710=EDGE_LOOP('',(#7584,#7585,#7586,#7587));
#1711=EDGE_LOOP('',(#7588,#7589,#7590,#7591));
#1712=EDGE_LOOP('',(#7592,#7593,#7594,#7595,#7596,#7597,#7598,#7599));
#1713=EDGE_LOOP('',(#7600,#7601,#7602,#7603));
#1714=EDGE_LOOP('',(#7604,#7605,#7606,#7607));
#1715=EDGE_LOOP('',(#7608,#7609,#7610,#7611));
#1716=EDGE_LOOP('',(#7612,#7613,#7614,#7615));
#1717=EDGE_LOOP('',(#7616,#7617,#7618,#7619));
#1718=EDGE_LOOP('',(#7620,#7621,#7622,#7623));
#1719=EDGE_LOOP('',(#7624,#7625,#7626,#7627));
#1720=EDGE_LOOP('',(#7628,#7629,#7630,#7631));
#1721=EDGE_LOOP('',(#7632,#7633,#7634,#7635));
#1722=EDGE_LOOP('',(#7636,#7637,#7638,#7639));
#1723=EDGE_LOOP('',(#7640,#7641,#7642,#7643));
#1724=EDGE_LOOP('',(#7644,#7645,#7646,#7647,#7648,#7649));
#1725=EDGE_LOOP('',(#7650,#7651,#7652,#7653));
#1726=EDGE_LOOP('',(#7654,#7655,#7656,#7657));
#1727=EDGE_LOOP('',(#7658,#7659,#7660,#7661));
#1728=EDGE_LOOP('',(#7662,#7663,#7664,#7665,#7666,#7667,#7668,#7669,#7670,
#7671,#7672));
#1729=EDGE_LOOP('',(#7673,#7674,#7675,#7676,#7677));
#1730=EDGE_LOOP('',(#7678,#7679,#7680,#7681,#7682,#7683,#7684,#7685,#7686,
#7687,#7688,#7689,#7690,#7691,#7692,#7693,#7694,#7695,#7696,#7697,#7698,
#7699,#7700,#7701,#7702,#7703,#7704));
#1731=EDGE_LOOP('',(#7705));
#1732=EDGE_LOOP('',(#7706,#7707,#7708,#7709,#7710));
#1733=EDGE_LOOP('',(#7711,#7712,#7713,#7714));
#1734=EDGE_LOOP('',(#7715,#7716,#7717,#7718));
#1735=EDGE_LOOP('',(#7719));
#1736=EDGE_LOOP('',(#7720));
#1737=EDGE_LOOP('',(#7721,#7722,#7723,#7724));
#1738=EDGE_LOOP('',(#7725));
#1739=EDGE_LOOP('',(#7726));
#1740=EDGE_LOOP('',(#7727,#7728,#7729,#7730,#7731));
#1741=EDGE_LOOP('',(#7732,#7733,#7734,#7735));
#1742=EDGE_LOOP('',(#7736));
#1743=EDGE_LOOP('',(#7737));
#1744=EDGE_LOOP('',(#7738,#7739,#7740,#7741,#7742));
#1745=EDGE_LOOP('',(#7743,#7744,#7745,#7746,#7747));
#1746=EDGE_LOOP('',(#7748,#7749,#7750,#7751,#7752,#7753,#7754,#7755,#7756,
#7757,#7758,#7759));
#1747=EDGE_LOOP('',(#7760));
#1748=EDGE_LOOP('',(#7761));
#1749=EDGE_LOOP('',(#7762,#7763,#7764,#7765,#7766));
#1750=EDGE_LOOP('',(#7767,#7768,#7769,#7770,#7771));
#1751=EDGE_LOOP('',(#7772,#7773,#7774,#7775,#7776));
#1752=EDGE_LOOP('',(#7777,#7778,#7779,#7780));
#1753=EDGE_LOOP('',(#7781,#7782,#7783,#7784,#7785,#7786,#7787,#7788,#7789,
#7790,#7791,#7792,#7793,#7794));
#1754=EDGE_LOOP('',(#7795));
#1755=EDGE_LOOP('',(#7796));
#1756=EDGE_LOOP('',(#7797,#7798,#7799,#7800));
#1757=EDGE_LOOP('',(#7801,#7802,#7803,#7804));
#1758=EDGE_LOOP('',(#7805,#7806,#7807,#7808));
#1759=EDGE_LOOP('',(#7809,#7810,#7811,#7812));
#1760=EDGE_LOOP('',(#7813,#7814,#7815,#7816));
#1761=EDGE_LOOP('',(#7817,#7818,#7819,#7820));
#1762=EDGE_LOOP('',(#7821,#7822,#7823,#7824));
#1763=EDGE_LOOP('',(#7825,#7826,#7827,#7828));
#1764=EDGE_LOOP('',(#7829,#7830,#7831,#7832));
#1765=EDGE_LOOP('',(#7833,#7834,#7835,#7836));
#1766=EDGE_LOOP('',(#7837,#7838,#7839,#7840));
#1767=EDGE_LOOP('',(#7841,#7842,#7843,#7844));
#1768=EDGE_LOOP('',(#7845,#7846,#7847,#7848));
#1769=EDGE_LOOP('',(#7849,#7850,#7851,#7852));
#1770=EDGE_LOOP('',(#7853,#7854,#7855,#7856));
#1771=EDGE_LOOP('',(#7857,#7858,#7859,#7860,#7861,#7862,#7863,#7864));
#1772=EDGE_LOOP('',(#7865,#7866,#7867,#7868,#7869));
#1773=EDGE_LOOP('',(#7870,#7871,#7872,#7873,#7874,#7875));
#1774=EDGE_LOOP('',(#7876,#7877,#7878,#7879,#7880));
#1775=EDGE_LOOP('',(#7881,#7882,#7883,#7884));
#1776=EDGE_LOOP('',(#7885,#7886,#7887,#7888,#7889,#7890));
#1777=EDGE_LOOP('',(#7891,#7892,#7893,#7894));
#1778=EDGE_LOOP('',(#7895,#7896,#7897,#7898,#7899,#7900,#7901));
#1779=EDGE_LOOP('',(#7902,#7903,#7904,#7905));
#1780=EDGE_LOOP('',(#7906,#7907,#7908,#7909));
#1781=EDGE_LOOP('',(#7910,#7911,#7912,#7913));
#1782=EDGE_LOOP('',(#7914,#7915,#7916,#7917));
#1783=EDGE_LOOP('',(#7918,#7919,#7920,#7921));
#1784=EDGE_LOOP('',(#7922,#7923,#7924,#7925));
#1785=EDGE_LOOP('',(#7926,#7927,#7928,#7929));
#1786=EDGE_LOOP('',(#7930,#7931,#7932,#7933));
#1787=EDGE_LOOP('',(#7934,#7935,#7936,#7937));
#1788=EDGE_LOOP('',(#7938,#7939,#7940,#7941,#7942,#7943,#7944,#7945));
#1789=EDGE_LOOP('',(#7946,#7947,#7948,#7949));
#1790=EDGE_LOOP('',(#7950,#7951,#7952,#7953));
#1791=EDGE_LOOP('',(#7954,#7955,#7956,#7957));
#1792=EDGE_LOOP('',(#7958,#7959,#7960,#7961));
#1793=EDGE_LOOP('',(#7962,#7963,#7964,#7965));
#1794=EDGE_LOOP('',(#7966,#7967,#7968,#7969));
#1795=EDGE_LOOP('',(#7970,#7971,#7972,#7973));
#1796=EDGE_LOOP('',(#7974,#7975,#7976,#7977));
#1797=EDGE_LOOP('',(#7978,#7979,#7980,#7981));
#1798=EDGE_LOOP('',(#7982,#7983,#7984,#7985));
#1799=EDGE_LOOP('',(#7986,#7987,#7988,#7989));
#1800=EDGE_LOOP('',(#7990,#7991,#7992,#7993));
#1801=EDGE_LOOP('',(#7994,#7995,#7996,#7997));
#1802=EDGE_LOOP('',(#7998,#7999,#8000,#8001,#8002));
#1803=EDGE_LOOP('',(#8003,#8004,#8005,#8006));
#1804=EDGE_LOOP('',(#8007,#8008,#8009,#8010,#8011,#8012,#8013,#8014));
#1805=EDGE_LOOP('',(#8015,#8016,#8017,#8018));
#1806=EDGE_LOOP('',(#8019,#8020,#8021,#8022));
#1807=EDGE_LOOP('',(#8023,#8024,#8025,#8026));
#1808=EDGE_LOOP('',(#8027,#8028,#8029,#8030));
#1809=EDGE_LOOP('',(#8031,#8032,#8033,#8034));
#1810=EDGE_LOOP('',(#8035,#8036,#8037,#8038));
#1811=EDGE_LOOP('',(#8039,#8040,#8041,#8042));
#1812=EDGE_LOOP('',(#8043,#8044,#8045,#8046,#8047,#8048,#8049,#8050,#8051,
#8052,#8053,#8054,#8055,#8056,#8057,#8058,#8059,#8060,#8061,#8062,#8063,
#8064,#8065,#8066,#8067,#8068,#8069,#8070,#8071,#8072,#8073,#8074));
#1813=EDGE_LOOP('',(#8075));
#1814=EDGE_LOOP('',(#8076));
#1815=EDGE_LOOP('',(#8077));
#1816=EDGE_LOOP('',(#8078));
#1817=EDGE_LOOP('',(#8079));
#1818=EDGE_LOOP('',(#8080,#8081,#8082,#8083));
#1819=EDGE_LOOP('',(#8084));
#1820=EDGE_LOOP('',(#8085));
#1821=EDGE_LOOP('',(#8086,#8087,#8088,#8089,#8090));
#1822=EDGE_LOOP('',(#8091,#8092,#8093,#8094,#8095));
#1823=EDGE_LOOP('',(#8096,#8097,#8098,#8099,#8100));
#1824=EDGE_LOOP('',(#8101,#8102,#8103,#8104,#8105));
#1825=EDGE_LOOP('',(#8106,#8107,#8108,#8109));
#1826=EDGE_LOOP('',(#8110));
#1827=EDGE_LOOP('',(#8111));
#1828=EDGE_LOOP('',(#8112,#8113,#8114,#8115,#8116));
#1829=EDGE_LOOP('',(#8117,#8118,#8119,#8120,#8121));
#1830=EDGE_LOOP('',(#8122,#8123,#8124,#8125));
#1831=EDGE_LOOP('',(#8126,#8127,#8128,#8129));
#1832=EDGE_LOOP('',(#8130,#8131,#8132,#8133,#8134));
#1833=EDGE_LOOP('',(#8135,#8136,#8137,#8138));
#1834=EDGE_LOOP('',(#8139,#8140,#8141,#8142,#8143,#8144));
#1835=EDGE_LOOP('',(#8145,#8146,#8147,#8148));
#1836=EDGE_LOOP('',(#8149,#8150,#8151,#8152));
#1837=EDGE_LOOP('',(#8153,#8154,#8155,#8156));
#1838=EDGE_LOOP('',(#8157,#8158,#8159,#8160,#8161));
#1839=EDGE_LOOP('',(#8162,#8163,#8164,#8165));
#1840=EDGE_LOOP('',(#8166,#8167,#8168,#8169));
#1841=EDGE_LOOP('',(#8170,#8171,#8172,#8173,#8174));
#1842=EDGE_LOOP('',(#8175,#8176,#8177,#8178));
#1843=EDGE_LOOP('',(#8179,#8180,#8181,#8182,#8183));
#1844=EDGE_LOOP('',(#8184,#8185,#8186,#8187,#8188));
#1845=EDGE_LOOP('',(#8189,#8190,#8191));
#1846=EDGE_LOOP('',(#8192,#8193));
#1847=EDGE_LOOP('',(#8194,#8195,#8196,#8197,#8198,#8199,#8200,#8201,#8202,
#8203,#8204,#8205));
#1848=EDGE_LOOP('',(#8206,#8207));
#1849=EDGE_LOOP('',(#8208,#8209));
#1850=EDGE_LOOP('',(#8210,#8211,#8212,#8213,#8214,#8215,#8216,#8217,#8218));
#1851=EDGE_LOOP('',(#8219,#8220,#8221,#8222));
#1852=EDGE_LOOP('',(#8223));
#1853=EDGE_LOOP('',(#8224));
#1854=EDGE_LOOP('',(#8225,#8226,#8227,#8228,#8229,#8230,#8231,#8232,#8233));
#1855=EDGE_LOOP('',(#8234,#8235));
#1856=EDGE_LOOP('',(#8236));
#1857=EDGE_LOOP('',(#8237));
#1858=EDGE_LOOP('',(#8238,#8239,#8240,#8241,#8242,#8243,#8244,#8245,#8246,
#8247,#8248,#8249,#8250,#8251,#8252,#8253,#8254,#8255,#8256,#8257,#8258,
#8259,#8260,#8261,#8262,#8263,#8264,#8265,#8266,#8267,#8268,#8269,#8270,
#8271,#8272,#8273,#8274,#8275,#8276,#8277,#8278,#8279,#8280,#8281,#8282,
#8283,#8284,#8285,#8286,#8287,#8288,#8289,#8290,#8291,#8292,#8293,#8294,
#8295,#8296,#8297,#8298,#8299,#8300,#8301,#8302,#8303,#8304,#8305,#8306,
#8307,#8308,#8309,#8310,#8311,#8312,#8313,#8314,#8315,#8316,#8317));
#1859=EDGE_LOOP('',(#8318));
#1860=EDGE_LOOP('',(#8319,#8320,#8321,#8322,#8323,#8324,#8325,#8326,#8327,
#8328,#8329,#8330,#8331,#8332,#8333,#8334,#8335,#8336,#8337,#8338,#8339,
#8340,#8341,#8342,#8343,#8344,#8345,#8346,#8347,#8348,#8349,#8350,#8351,
#8352,#8353,#8354,#8355,#8356,#8357,#8358,#8359,#8360,#8361,#8362,#8363,
#8364,#8365,#8366,#8367,#8368,#8369,#8370,#8371,#8372,#8373,#8374,#8375,
#8376,#8377,#8378,#8379,#8380,#8381,#8382,#8383,#8384,#8385,#8386,#8387,
#8388,#8389,#8390,#8391,#8392,#8393,#8394,#8395,#8396,#8397,#8398));
#1861=EDGE_LOOP('',(#8399));
#1862=EDGE_LOOP('',(#8400,#8401,#8402,#8403));
#1863=EDGE_LOOP('',(#8404,#8405,#8406,#8407));
#1864=EDGE_LOOP('',(#8408,#8409,#8410,#8411));
#1865=EDGE_LOOP('',(#8412,#8413,#8414,#8415));
#1866=EDGE_LOOP('',(#8416,#8417,#8418,#8419));
#1867=EDGE_LOOP('',(#8420,#8421,#8422,#8423));
#1868=EDGE_LOOP('',(#8424,#8425,#8426,#8427));
#1869=EDGE_LOOP('',(#8428,#8429,#8430,#8431));
#1870=EDGE_LOOP('',(#8432,#8433,#8434,#8435));
#1871=EDGE_LOOP('',(#8436,#8437,#8438,#8439));
#1872=EDGE_LOOP('',(#8440,#8441,#8442,#8443));
#1873=EDGE_LOOP('',(#8444,#8445,#8446,#8447));
#1874=EDGE_LOOP('',(#8448,#8449,#8450,#8451));
#1875=EDGE_LOOP('',(#8452,#8453,#8454,#8455));
#1876=EDGE_LOOP('',(#8456,#8457,#8458,#8459));
#1877=EDGE_LOOP('',(#8460,#8461,#8462,#8463));
#1878=EDGE_LOOP('',(#8464,#8465,#8466,#8467));
#1879=EDGE_LOOP('',(#8468,#8469,#8470,#8471));
#1880=EDGE_LOOP('',(#8472,#8473,#8474,#8475));
#1881=EDGE_LOOP('',(#8476,#8477,#8478,#8479));
#1882=EDGE_LOOP('',(#8480,#8481,#8482,#8483));
#1883=EDGE_LOOP('',(#8484,#8485,#8486,#8487));
#1884=EDGE_LOOP('',(#8488,#8489,#8490,#8491));
#1885=EDGE_LOOP('',(#8492,#8493,#8494,#8495));
#1886=EDGE_LOOP('',(#8496,#8497,#8498,#8499));
#1887=EDGE_LOOP('',(#8500,#8501,#8502,#8503));
#1888=EDGE_LOOP('',(#8504,#8505,#8506,#8507));
#1889=EDGE_LOOP('',(#8508,#8509,#8510,#8511));
#1890=EDGE_LOOP('',(#8512,#8513,#8514,#8515));
#1891=EDGE_LOOP('',(#8516,#8517,#8518,#8519));
#1892=EDGE_LOOP('',(#8520,#8521,#8522,#8523));
#1893=EDGE_LOOP('',(#8524,#8525,#8526,#8527));
#1894=EDGE_LOOP('',(#8528,#8529,#8530,#8531));
#1895=EDGE_LOOP('',(#8532,#8533,#8534,#8535));
#1896=EDGE_LOOP('',(#8536,#8537,#8538,#8539));
#1897=EDGE_LOOP('',(#8540,#8541,#8542,#8543));
#1898=EDGE_LOOP('',(#8544,#8545,#8546,#8547));
#1899=EDGE_LOOP('',(#8548,#8549,#8550,#8551));
#1900=EDGE_LOOP('',(#8552,#8553,#8554,#8555));
#1901=EDGE_LOOP('',(#8556,#8557,#8558,#8559));
#1902=EDGE_LOOP('',(#8560,#8561,#8562,#8563,#8564,#8565,#8566,#8567,#8568,
#8569,#8570,#8571));
#1903=EDGE_LOOP('',(#8572,#8573,#8574,#8575,#8576));
#1904=EDGE_LOOP('',(#8577,#8578,#8579,#8580));
#1905=EDGE_LOOP('',(#8581,#8582,#8583,#8584));
#1906=EDGE_LOOP('',(#8585,#8586,#8587,#8588));
#1907=EDGE_LOOP('',(#8589,#8590,#8591,#8592));
#1908=EDGE_LOOP('',(#8593,#8594,#8595,#8596));
#1909=EDGE_LOOP('',(#8597,#8598,#8599,#8600));
#1910=EDGE_LOOP('',(#8601,#8602,#8603,#8604));
#1911=EDGE_LOOP('',(#8605,#8606,#8607,#8608));
#1912=EDGE_LOOP('',(#8609,#8610,#8611,#8612));
#1913=EDGE_LOOP('',(#8613,#8614,#8615,#8616));
#1914=EDGE_LOOP('',(#8617,#8618,#8619,#8620));
#1915=EDGE_LOOP('',(#8621,#8622,#8623,#8624));
#1916=EDGE_LOOP('',(#8625,#8626,#8627,#8628));
#1917=EDGE_LOOP('',(#8629,#8630,#8631,#8632));
#1918=EDGE_LOOP('',(#8633,#8634,#8635,#8636));
#1919=EDGE_LOOP('',(#8637,#8638,#8639,#8640));
#1920=EDGE_LOOP('',(#8641,#8642,#8643,#8644));
#1921=EDGE_LOOP('',(#8645,#8646,#8647,#8648));
#1922=EDGE_LOOP('',(#8649,#8650,#8651,#8652));
#1923=EDGE_LOOP('',(#8653,#8654,#8655,#8656));
#1924=EDGE_LOOP('',(#8657,#8658,#8659,#8660));
#1925=EDGE_LOOP('',(#8661,#8662,#8663,#8664));
#1926=EDGE_LOOP('',(#8665,#8666,#8667,#8668));
#1927=EDGE_LOOP('',(#8669,#8670,#8671,#8672));
#1928=EDGE_LOOP('',(#8673,#8674,#8675,#8676));
#1929=EDGE_LOOP('',(#8677,#8678,#8679,#8680));
#1930=EDGE_LOOP('',(#8681,#8682,#8683,#8684));
#1931=EDGE_LOOP('',(#8685,#8686,#8687,#8688));
#1932=EDGE_LOOP('',(#8689,#8690,#8691,#8692));
#1933=EDGE_LOOP('',(#8693,#8694,#8695,#8696));
#1934=EDGE_LOOP('',(#8697,#8698,#8699,#8700));
#1935=EDGE_LOOP('',(#8701,#8702,#8703,#8704));
#1936=EDGE_LOOP('',(#8705,#8706,#8707,#8708));
#1937=EDGE_LOOP('',(#8709,#8710,#8711,#8712));
#1938=EDGE_LOOP('',(#8713,#8714,#8715,#8716));
#1939=EDGE_LOOP('',(#8717,#8718,#8719,#8720));
#1940=EDGE_LOOP('',(#8721,#8722,#8723,#8724));
#1941=EDGE_LOOP('',(#8725,#8726,#8727,#8728));
#1942=EDGE_LOOP('',(#8729,#8730,#8731,#8732));
#1943=EDGE_LOOP('',(#8733,#8734,#8735,#8736));
#1944=EDGE_LOOP('',(#8737,#8738,#8739,#8740));
#1945=EDGE_LOOP('',(#8741,#8742,#8743,#8744));
#1946=EDGE_LOOP('',(#8745));
#1947=EDGE_LOOP('',(#8746));
#1948=EDGE_LOOP('',(#8747,#8748,#8749,#8750));
#1949=EDGE_LOOP('',(#8751));
#1950=EDGE_LOOP('',(#8752));
#1951=EDGE_LOOP('',(#8753,#8754,#8755,#8756));
#1952=EDGE_LOOP('',(#8757,#8758,#8759,#8760,#8761,#8762));
#1953=EDGE_LOOP('',(#8763,#8764,#8765,#8766,#8767));
#1954=EDGE_LOOP('',(#8768,#8769,#8770,#8771,#8772,#8773));
#1955=EDGE_LOOP('',(#8774,#8775,#8776,#8777,#8778));
#1956=EDGE_LOOP('',(#8779,#8780,#8781,#8782));
#1957=EDGE_LOOP('',(#8783,#8784,#8785,#8786,#8787,#8788,#8789,#8790,#8791));
#1958=EDGE_LOOP('',(#8792,#8793));
#1959=EDGE_LOOP('',(#8794));
#1960=EDGE_LOOP('',(#8795));
#1961=EDGE_LOOP('',(#8796,#8797,#8798,#8799));
#1962=EDGE_LOOP('',(#8800));
#1963=EDGE_LOOP('',(#8801));
#1964=EDGE_LOOP('',(#8802,#8803,#8804,#8805,#8806,#8807,#8808,#8809,#8810));
#1965=EDGE_LOOP('',(#8811,#8812));
#1966=EDGE_LOOP('',(#8813,#8814,#8815,#8816));
#1967=EDGE_LOOP('',(#8817,#8818,#8819,#8820));
#1968=EDGE_LOOP('',(#8821));
#1969=EDGE_LOOP('',(#8822,#8823,#8824,#8825,#8826,#8827));
#1970=EDGE_LOOP('',(#8828));
#1971=EDGE_LOOP('',(#8829,#8830,#8831,#8832));
#1972=EDGE_LOOP('',(#8833,#8834,#8835,#8836));
#1973=EDGE_LOOP('',(#8837,#8838,#8839,#8840));
#1974=EDGE_LOOP('',(#8841,#8842,#8843,#8844));
#1975=EDGE_LOOP('',(#8845,#8846,#8847,#8848));
#1976=EDGE_LOOP('',(#8849,#8850,#8851,#8852));
#1977=EDGE_LOOP('',(#8853,#8854,#8855,#8856,#8857,#8858));
#1978=LINE('',#14123,#2657);
#1979=LINE('',#14133,#2658);
#1980=LINE('',#14136,#2659);
#1981=LINE('',#14139,#2660);
#1982=LINE('',#14182,#2661);
#1983=LINE('',#14184,#2662);
#1984=LINE('',#14186,#2663);
#1985=LINE('',#14188,#2664);
#1986=LINE('',#14190,#2665);
#1987=LINE('',#14191,#2666);
#1988=LINE('',#14193,#2667);
#1989=LINE('',#14194,#2668);
#1990=LINE('',#14196,#2669);
#1991=LINE('',#14198,#2670);
#1992=LINE('',#14200,#2671);
#1993=LINE('',#14202,#2672);
#1994=LINE('',#14210,#2673);
#1995=LINE('',#14214,#2674);
#1996=LINE('',#14218,#2675);
#1997=LINE('',#14224,#2676);
#1998=LINE('',#14230,#2677);
#1999=LINE('',#14233,#2678);
#2000=LINE('',#14239,#2679);
#2001=LINE('',#14243,#2680);
#2002=LINE('',#14249,#2681);
#2003=LINE('',#14255,#2682);
#2004=LINE('',#14259,#2683);
#2005=LINE('',#14262,#2684);
#2006=LINE('',#14466,#2685);
#2007=LINE('',#14467,#2686);
#2008=LINE('',#14468,#2687);
#2009=LINE('',#14470,#2688);
#2010=LINE('',#14474,#2689);
#2011=LINE('',#14476,#2690);
#2012=LINE('',#14477,#2691);
#2013=LINE('',#14481,#2692);
#2014=LINE('',#14518,#2693);
#2015=LINE('',#14519,#2694);
#2016=LINE('',#14520,#2695);
#2017=LINE('',#14522,#2696);
#2018=LINE('',#14524,#2697);
#2019=LINE('',#14526,#2698);
#2020=LINE('',#14528,#2699);
#2021=LINE('',#14530,#2700);
#2022=LINE('',#14532,#2701);
#2023=LINE('',#14534,#2702);
#2024=LINE('',#14536,#2703);
#2025=LINE('',#14538,#2704);
#2026=LINE('',#14547,#2705);
#2027=LINE('',#14556,#2706);
#2028=LINE('',#14559,#2707);
#2029=LINE('',#14565,#2708);
#2030=LINE('',#14573,#2709);
#2031=LINE('',#14577,#2710);
#2032=LINE('',#14581,#2711);
#2033=LINE('',#14587,#2712);
#2034=LINE('',#14591,#2713);
#2035=LINE('',#14599,#2714);
#2036=LINE('',#14603,#2715);
#2037=LINE('',#14608,#2716);
#2038=LINE('',#14615,#2717);
#2039=LINE('',#14618,#2718);
#2040=LINE('',#14625,#2719);
#2041=LINE('',#14633,#2720);
#2042=LINE('',#14638,#2721);
#2043=LINE('',#14644,#2722);
#2044=LINE('',#14651,#2723);
#2045=LINE('',#14656,#2724);
#2046=LINE('',#14660,#2725);
#2047=LINE('',#14665,#2726);
#2048=LINE('',#14668,#2727);
#2049=LINE('',#14672,#2728);
#2050=LINE('',#14680,#2729);
#2051=LINE('',#14685,#2730);
#2052=LINE('',#14688,#2731);
#2053=LINE('',#14691,#2732);
#2054=LINE('',#14705,#2733);
#2055=LINE('',#14712,#2734);
#2056=LINE('',#14720,#2735);
#2057=LINE('',#14723,#2736);
#2058=LINE('',#14737,#2737);
#2059=LINE('',#14742,#2738);
#2060=LINE('',#14743,#2739);
#2061=LINE('',#14746,#2740);
#2062=LINE('',#14747,#2741);
#2063=LINE('',#14750,#2742);
#2064=LINE('',#14754,#2743);
#2065=LINE('',#14757,#2744);
#2066=LINE('',#14761,#2745);
#2067=LINE('',#14764,#2746);
#2068=LINE('',#14768,#2747);
#2069=LINE('',#14773,#2748);
#2070=LINE('',#14785,#2749);
#2071=LINE('',#14789,#2750);
#2072=LINE('',#14794,#2751);
#2073=LINE('',#14802,#2752);
#2074=LINE('',#14809,#2753);
#2075=LINE('',#14813,#2754);
#2076=LINE('',#14818,#2755);
#2077=LINE('',#14822,#2756);
#2078=LINE('',#14827,#2757);
#2079=LINE('',#14835,#2758);
#2080=LINE('',#14839,#2759);
#2081=LINE('',#14847,#2760);
#2082=LINE('',#14854,#2761);
#2083=LINE('',#14858,#2762);
#2084=LINE('',#14860,#2763);
#2085=LINE('',#14866,#2764);
#2086=LINE('',#14875,#2765);
#2087=LINE('',#14880,#2766);
#2088=LINE('',#14883,#2767);
#2089=LINE('',#14887,#2768);
#2090=LINE('',#14896,#2769);
#2091=LINE('',#14904,#2770);
#2092=LINE('',#14908,#2771);
#2093=LINE('',#14912,#2772);
#2094=LINE('',#14916,#2773);
#2095=LINE('',#14919,#2774);
#2096=LINE('',#14924,#2775);
#2097=LINE('',#14932,#2776);
#2098=LINE('',#14935,#2777);
#2099=LINE('',#14941,#2778);
#2100=LINE('',#14949,#2779);
#2101=LINE('',#14951,#2780);
#2102=LINE('',#14959,#2781);
#2103=LINE('',#14962,#2782);
#2104=LINE('',#14974,#2783);
#2105=LINE('',#14996,#2784);
#2106=LINE('',#15003,#2785);
#2107=LINE('',#15009,#2786);
#2108=LINE('',#15025,#2787);
#2109=LINE('',#15055,#2788);
#2110=LINE('',#15059,#2789);
#2111=LINE('',#15079,#2790);
#2112=LINE('',#15080,#2791);
#2113=LINE('',#15083,#2792);
#2114=LINE('',#15085,#2793);
#2115=LINE('',#15086,#2794);
#2116=LINE('',#15092,#2795);
#2117=LINE('',#15098,#2796);
#2118=LINE('',#15106,#2797);
#2119=LINE('',#15110,#2798);
#2120=LINE('',#15116,#2799);
#2121=LINE('',#15117,#2800);
#2122=LINE('',#15122,#2801);
#2123=LINE('',#15124,#2802);
#2124=LINE('',#15125,#2803);
#2125=LINE('',#15131,#2804);
#2126=LINE('',#15133,#2805);
#2127=LINE('',#15134,#2806);
#2128=LINE('',#15139,#2807);
#2129=LINE('',#15148,#2808);
#2130=LINE('',#15154,#2809);
#2131=LINE('',#15158,#2810);
#2132=LINE('',#15162,#2811);
#2133=LINE('',#15166,#2812);
#2134=LINE('',#15169,#2813);
#2135=LINE('',#15174,#2814);
#2136=LINE('',#15179,#2815);
#2137=LINE('',#15182,#2816);
#2138=LINE('',#15191,#2817);
#2139=LINE('',#15195,#2818);
#2140=LINE('',#15198,#2819);
#2141=LINE('',#15199,#2820);
#2142=LINE('',#15203,#2821);
#2143=LINE('',#15206,#2822);
#2144=LINE('',#15207,#2823);
#2145=LINE('',#15211,#2824);
#2146=LINE('',#15214,#2825);
#2147=LINE('',#15215,#2826);
#2148=LINE('',#15219,#2827);
#2149=LINE('',#15222,#2828);
#2150=LINE('',#15223,#2829);
#2151=LINE('',#15227,#2830);
#2152=LINE('',#15230,#2831);
#2153=LINE('',#15231,#2832);
#2154=LINE('',#15244,#2833);
#2155=LINE('',#15246,#2834);
#2156=LINE('',#15249,#2835);
#2157=LINE('',#15252,#2836);
#2158=LINE('',#15253,#2837);
#2159=LINE('',#15256,#2838);
#2160=LINE('',#15262,#2839);
#2161=LINE('',#15264,#2840);
#2162=LINE('',#15270,#2841);
#2163=LINE('',#15272,#2842);
#2164=LINE('',#15273,#2843);
#2165=LINE('',#15276,#2844);
#2166=LINE('',#15280,#2845);
#2167=LINE('',#15281,#2846);
#2168=LINE('',#15284,#2847);
#2169=LINE('',#15288,#2848);
#2170=LINE('',#15290,#2849);
#2171=LINE('',#15295,#2850);
#2172=LINE('',#15298,#2851);
#2173=LINE('',#15313,#2852);
#2174=LINE('',#15315,#2853);
#2175=LINE('',#15321,#2854);
#2176=LINE('',#15325,#2855);
#2177=LINE('',#15331,#2856);
#2178=LINE('',#15338,#2857);
#2179=LINE('',#15346,#2858);
#2180=LINE('',#15352,#2859);
#2181=LINE('',#15357,#2860);
#2182=LINE('',#15363,#2861);
#2183=LINE('',#15367,#2862);
#2184=LINE('',#15371,#2863);
#2185=LINE('',#15375,#2864);
#2186=LINE('',#15379,#2865);
#2187=LINE('',#15383,#2866);
#2188=LINE('',#15387,#2867);
#2189=LINE('',#15391,#2868);
#2190=LINE('',#15395,#2869);
#2191=LINE('',#15409,#2870);
#2192=LINE('',#15412,#2871);
#2193=LINE('',#15417,#2872);
#2194=LINE('',#15423,#2873);
#2195=LINE('',#15427,#2874);
#2196=LINE('',#15434,#2875);
#2197=LINE('',#15435,#2876);
#2198=LINE('',#15438,#2877);
#2199=LINE('',#15442,#2878);
#2200=LINE('',#15443,#2879);
#2201=LINE('',#15446,#2880);
#2202=LINE('',#15450,#2881);
#2203=LINE('',#15451,#2882);
#2204=LINE('',#15454,#2883);
#2205=LINE('',#15458,#2884);
#2206=LINE('',#15459,#2885);
#2207=LINE('',#15462,#2886);
#2208=LINE('',#15466,#2887);
#2209=LINE('',#15467,#2888);
#2210=LINE('',#15470,#2889);
#2211=LINE('',#15474,#2890);
#2212=LINE('',#15475,#2891);
#2213=LINE('',#15478,#2892);
#2214=LINE('',#15482,#2893);
#2215=LINE('',#15483,#2894);
#2216=LINE('',#15486,#2895);
#2217=LINE('',#15490,#2896);
#2218=LINE('',#15491,#2897);
#2219=LINE('',#15493,#2898);
#2220=LINE('',#15500,#2899);
#2221=LINE('',#15507,#2900);
#2222=LINE('',#15515,#2901);
#2223=LINE('',#15523,#2902);
#2224=LINE('',#15527,#2903);
#2225=LINE('',#15529,#2904);
#2226=LINE('',#15531,#2905);
#2227=LINE('',#15532,#2906);
#2228=LINE('',#15534,#2907);
#2229=LINE('',#15536,#2908);
#2230=LINE('',#15538,#2909);
#2231=LINE('',#15540,#2910);
#2232=LINE('',#15543,#2911);
#2233=LINE('',#15549,#2912);
#2234=LINE('',#15552,#2913);
#2235=LINE('',#15555,#2914);
#2236=LINE('',#15557,#2915);
#2237=LINE('',#15558,#2916);
#2238=LINE('',#15564,#2917);
#2239=LINE('',#15567,#2918);
#2240=LINE('',#15569,#2919);
#2241=LINE('',#15570,#2920);
#2242=LINE('',#15576,#2921);
#2243=LINE('',#15579,#2922);
#2244=LINE('',#15581,#2923);
#2245=LINE('',#15582,#2924);
#2246=LINE('',#15588,#2925);
#2247=LINE('',#15591,#2926);
#2248=LINE('',#15593,#2927);
#2249=LINE('',#15594,#2928);
#2250=LINE('',#15600,#2929);
#2251=LINE('',#15604,#2930);
#2252=LINE('',#15606,#2931);
#2253=LINE('',#15608,#2932);
#2254=LINE('',#15610,#2933);
#2255=LINE('',#15612,#2934);
#2256=LINE('',#15616,#2935);
#2257=LINE('',#15624,#2936);
#2258=LINE('',#15627,#2937);
#2259=LINE('',#15628,#2938);
#2260=LINE('',#15632,#2939);
#2261=LINE('',#15634,#2940);
#2262=LINE('',#15636,#2941);
#2263=LINE('',#15637,#2942);
#2264=LINE('',#15644,#2943);
#2265=LINE('',#15652,#2944);
#2266=LINE('',#15656,#2945);
#2267=LINE('',#15658,#2946);
#2268=LINE('',#15659,#2947);
#2269=LINE('',#15670,#2948);
#2270=LINE('',#15673,#2949);
#2271=LINE('',#15675,#2950);
#2272=LINE('',#15676,#2951);
#2273=LINE('',#15682,#2952);
#2274=LINE('',#15684,#2953);
#2275=LINE('',#15686,#2954);
#2276=LINE('',#15687,#2955);
#2277=LINE('',#15691,#2956);
#2278=LINE('',#15695,#2957);
#2279=LINE('',#15698,#2958);
#2280=LINE('',#15701,#2959);
#2281=LINE('',#15703,#2960);
#2282=LINE('',#15706,#2961);
#2283=LINE('',#15708,#2962);
#2284=LINE('',#15709,#2963);
#2285=LINE('',#15712,#2964);
#2286=LINE('',#15715,#2965);
#2287=LINE('',#15718,#2966);
#2288=LINE('',#15720,#2967);
#2289=LINE('',#15721,#2968);
#2290=LINE('',#15729,#2969);
#2291=LINE('',#15731,#2970);
#2292=LINE('',#15732,#2971);
#2293=LINE('',#15736,#2972);
#2294=LINE('',#15748,#2973);
#2295=LINE('',#15755,#2974);
#2296=LINE('',#15760,#2975);
#2297=LINE('',#15763,#2976);
#2298=LINE('',#15769,#2977);
#2299=LINE('',#15773,#2978);
#2300=LINE('',#15777,#2979);
#2301=LINE('',#15778,#2980);
#2302=LINE('',#15780,#2981);
#2303=LINE('',#15783,#2982);
#2304=LINE('',#15785,#2983);
#2305=LINE('',#15787,#2984);
#2306=LINE('',#15788,#2985);
#2307=LINE('',#15791,#2986);
#2308=LINE('',#15793,#2987);
#2309=LINE('',#15794,#2988);
#2310=LINE('',#15796,#2989);
#2311=LINE('',#15798,#2990);
#2312=LINE('',#15800,#2991);
#2313=LINE('',#15801,#2992);
#2314=LINE('',#15803,#2993);
#2315=LINE('',#15805,#2994);
#2316=LINE('',#15806,#2995);
#2317=LINE('',#15808,#2996);
#2318=LINE('',#15810,#2997);
#2319=LINE('',#15812,#2998);
#2320=LINE('',#15814,#2999);
#2321=LINE('',#15817,#3000);
#2322=LINE('',#15822,#3001);
#2323=LINE('',#15824,#3002);
#2324=LINE('',#15848,#3003);
#2325=LINE('',#15852,#3004);
#2326=LINE('',#15871,#3005);
#2327=LINE('',#15875,#3006);
#2328=LINE('',#15918,#3007);
#2329=LINE('',#15925,#3008);
#2330=LINE('',#15927,#3009);
#2331=LINE('',#15929,#3010);
#2332=LINE('',#15940,#3011);
#2333=LINE('',#15946,#3012);
#2334=LINE('',#15948,#3013);
#2335=LINE('',#15949,#3014);
#2336=LINE('',#15955,#3015);
#2337=LINE('',#15961,#3016);
#2338=LINE('',#15969,#3017);
#2339=LINE('',#15973,#3018);
#2340=LINE('',#15993,#3019);
#2341=LINE('',#15994,#3020);
#2342=LINE('',#15996,#3021);
#2343=LINE('',#15997,#3022);
#2344=LINE('',#16003,#3023);
#2345=LINE('',#16005,#3024);
#2346=LINE('',#16006,#3025);
#2347=LINE('',#16010,#3026);
#2348=LINE('',#16016,#3027);
#2349=LINE('',#16017,#3028);
#2350=LINE('',#16018,#3029);
#2351=LINE('',#16022,#3030);
#2352=LINE('',#16028,#3031);
#2353=LINE('',#16029,#3032);
#2354=LINE('',#16030,#3033);
#2355=LINE('',#16034,#3034);
#2356=LINE('',#16040,#3035);
#2357=LINE('',#16041,#3036);
#2358=LINE('',#16042,#3037);
#2359=LINE('',#16046,#3038);
#2360=LINE('',#16052,#3039);
#2361=LINE('',#16053,#3040);
#2362=LINE('',#16054,#3041);
#2363=LINE('',#16058,#3042);
#2364=LINE('',#16064,#3043);
#2365=LINE('',#16065,#3044);
#2366=LINE('',#16066,#3045);
#2367=LINE('',#16070,#3046);
#2368=LINE('',#16076,#3047);
#2369=LINE('',#16077,#3048);
#2370=LINE('',#16078,#3049);
#2371=LINE('',#16082,#3050);
#2372=LINE('',#16088,#3051);
#2373=LINE('',#16089,#3052);
#2374=LINE('',#16090,#3053);
#2375=LINE('',#16094,#3054);
#2376=LINE('',#16101,#3055);
#2377=LINE('',#16102,#3056);
#2378=LINE('',#16105,#3057);
#2379=LINE('',#16107,#3058);
#2380=LINE('',#16109,#3059);
#2381=LINE('',#16115,#3060);
#2382=LINE('',#16117,#3061);
#2383=LINE('',#16118,#3062);
#2384=LINE('',#16121,#3063);
#2385=LINE('',#16125,#3064);
#2386=LINE('',#16126,#3065);
#2387=LINE('',#16129,#3066);
#2388=LINE('',#16133,#3067);
#2389=LINE('',#16134,#3068);
#2390=LINE('',#16137,#3069);
#2391=LINE('',#16141,#3070);
#2392=LINE('',#16142,#3071);
#2393=LINE('',#16145,#3072);
#2394=LINE('',#16149,#3073);
#2395=LINE('',#16150,#3074);
#2396=LINE('',#16153,#3075);
#2397=LINE('',#16157,#3076);
#2398=LINE('',#16158,#3077);
#2399=LINE('',#16161,#3078);
#2400=LINE('',#16165,#3079);
#2401=LINE('',#16167,#3080);
#2402=LINE('',#16172,#3081);
#2403=LINE('',#16175,#3082);
#2404=LINE('',#16179,#3083);
#2405=LINE('',#16180,#3084);
#2406=LINE('',#16183,#3085);
#2407=LINE('',#16188,#3086);
#2408=LINE('',#16198,#3087);
#2409=LINE('',#16203,#3088);
#2410=LINE('',#16204,#3089);
#2411=LINE('',#16205,#3090);
#2412=LINE('',#16212,#3091);
#2413=LINE('',#16218,#3092);
#2414=LINE('',#16222,#3093);
#2415=LINE('',#16226,#3094);
#2416=LINE('',#16236,#3095);
#2417=LINE('',#16242,#3096);
#2418=LINE('',#16246,#3097);
#2419=LINE('',#16253,#3098);
#2420=LINE('',#16260,#3099);
#2421=LINE('',#16268,#3100);
#2422=LINE('',#16275,#3101);
#2423=LINE('',#16285,#3102);
#2424=LINE('',#16291,#3103);
#2425=LINE('',#16294,#3104);
#2426=LINE('',#16299,#3105);
#2427=LINE('',#16304,#3106);
#2428=LINE('',#16311,#3107);
#2429=LINE('',#16315,#3108);
#2430=LINE('',#16319,#3109);
#2431=LINE('',#16323,#3110);
#2432=LINE('',#16327,#3111);
#2433=LINE('',#16333,#3112);
#2434=LINE('',#16339,#3113);
#2435=LINE('',#16343,#3114);
#2436=LINE('',#16347,#3115);
#2437=LINE('',#16355,#3116);
#2438=LINE('',#16359,#3117);
#2439=LINE('',#16363,#3118);
#2440=LINE('',#16364,#3119);
#2441=LINE('',#16367,#3120);
#2442=LINE('',#16371,#3121);
#2443=LINE('',#16372,#3122);
#2444=LINE('',#16375,#3123);
#2445=LINE('',#16379,#3124);
#2446=LINE('',#16380,#3125);
#2447=LINE('',#16382,#3126);
#2448=LINE('',#16385,#3127);
#2449=LINE('',#16388,#3128);
#2450=LINE('',#16392,#3129);
#2451=LINE('',#16393,#3130);
#2452=LINE('',#16406,#3131);
#2453=LINE('',#16408,#3132);
#2454=LINE('',#16410,#3133);
#2455=LINE('',#16411,#3134);
#2456=LINE('',#16413,#3135);
#2457=LINE('',#16415,#3136);
#2458=LINE('',#16416,#3137);
#2459=LINE('',#16418,#3138);
#2460=LINE('',#16420,#3139);
#2461=LINE('',#16422,#3140);
#2462=LINE('',#16424,#3141);
#2463=LINE('',#16426,#3142);
#2464=LINE('',#16429,#3143);
#2465=LINE('',#16432,#3144);
#2466=LINE('',#16435,#3145);
#2467=LINE('',#16436,#3146);
#2468=LINE('',#16439,#3147);
#2469=LINE('',#16443,#3148);
#2470=LINE('',#16444,#3149);
#2471=LINE('',#16447,#3150);
#2472=LINE('',#16451,#3151);
#2473=LINE('',#16452,#3152);
#2474=LINE('',#16455,#3153);
#2475=LINE('',#16459,#3154);
#2476=LINE('',#16460,#3155);
#2477=LINE('',#16463,#3156);
#2478=LINE('',#16467,#3157);
#2479=LINE('',#16469,#3158);
#2480=LINE('',#16470,#3159);
#2481=LINE('',#16474,#3160);
#2482=LINE('',#16476,#3161);
#2483=LINE('',#16479,#3162);
#2484=LINE('',#16481,#3163);
#2485=LINE('',#16482,#3164);
#2486=LINE('',#16486,#3165);
#2487=LINE('',#16490,#3166);
#2488=LINE('',#16493,#3167);
#2489=LINE('',#16494,#3168);
#2490=LINE('',#16501,#3169);
#2491=LINE('',#16505,#3170);
#2492=LINE('',#16507,#3171);
#2493=LINE('',#16508,#3172);
#2494=LINE('',#16512,#3173);
#2495=LINE('',#16516,#3174);
#2496=LINE('',#16517,#3175);
#2497=LINE('',#16522,#3176);
#2498=LINE('',#16528,#3177);
#2499=LINE('',#16550,#3178);
#2500=LINE('',#16553,#3179);
#2501=LINE('',#16555,#3180);
#2502=LINE('',#16556,#3181);
#2503=LINE('',#16560,#3182);
#2504=LINE('',#16564,#3183);
#2505=LINE('',#16567,#3184);
#2506=LINE('',#16569,#3185);
#2507=LINE('',#16570,#3186);
#2508=LINE('',#16578,#3187);
#2509=LINE('',#16580,#3188);
#2510=LINE('',#16581,#3189);
#2511=LINE('',#16584,#3190);
#2512=LINE('',#16586,#3191);
#2513=LINE('',#16587,#3192);
#2514=LINE('',#16592,#3193);
#2515=LINE('',#16595,#3194);
#2516=LINE('',#16599,#3195);
#2517=LINE('',#16611,#3196);
#2518=LINE('',#16618,#3197);
#2519=LINE('',#16623,#3198);
#2520=LINE('',#16626,#3199);
#2521=LINE('',#16632,#3200);
#2522=LINE('',#16636,#3201);
#2523=LINE('',#16640,#3202);
#2524=LINE('',#16641,#3203);
#2525=LINE('',#16644,#3204);
#2526=LINE('',#16646,#3205);
#2527=LINE('',#16648,#3206);
#2528=LINE('',#16650,#3207);
#2529=LINE('',#16652,#3208);
#2530=LINE('',#16654,#3209);
#2531=LINE('',#16656,#3210);
#2532=LINE('',#16659,#3211);
#2533=LINE('',#16661,#3212);
#2534=LINE('',#16666,#3213);
#2535=LINE('',#16668,#3214);
#2536=LINE('',#16736,#3215);
#2537=LINE('',#16845,#3216);
#2538=LINE('',#16892,#3217);
#2539=LINE('',#16900,#3218);
#2540=LINE('',#16902,#3219);
#2541=LINE('',#17230,#3220);
#2542=LINE('',#17231,#3221);
#2543=LINE('',#17233,#3222);
#2544=LINE('',#17235,#3223);
#2545=LINE('',#17237,#3224);
#2546=LINE('',#17239,#3225);
#2547=LINE('',#17241,#3226);
#2548=LINE('',#17243,#3227);
#2549=LINE('',#17245,#3228);
#2550=LINE('',#17247,#3229);
#2551=LINE('',#17249,#3230);
#2552=LINE('',#17251,#3231);
#2553=LINE('',#17253,#3232);
#2554=LINE('',#17255,#3233);
#2555=LINE('',#17257,#3234);
#2556=LINE('',#17259,#3235);
#2557=LINE('',#17261,#3236);
#2558=LINE('',#17263,#3237);
#2559=LINE('',#17265,#3238);
#2560=LINE('',#17267,#3239);
#2561=LINE('',#17269,#3240);
#2562=LINE('',#17271,#3241);
#2563=LINE('',#17273,#3242);
#2564=LINE('',#17275,#3243);
#2565=LINE('',#17277,#3244);
#2566=LINE('',#17279,#3245);
#2567=LINE('',#17281,#3246);
#2568=LINE('',#17283,#3247);
#2569=LINE('',#17285,#3248);
#2570=LINE('',#17287,#3249);
#2571=LINE('',#17289,#3250);
#2572=LINE('',#17291,#3251);
#2573=LINE('',#17293,#3252);
#2574=LINE('',#17295,#3253);
#2575=LINE('',#17297,#3254);
#2576=LINE('',#17299,#3255);
#2577=LINE('',#17301,#3256);
#2578=LINE('',#17303,#3257);
#2579=LINE('',#17305,#3258);
#2580=LINE('',#17307,#3259);
#2581=LINE('',#17309,#3260);
#2582=LINE('',#17311,#3261);
#2583=LINE('',#17312,#3262);
#2584=LINE('',#17314,#3263);
#2585=LINE('',#17315,#3264);
#2586=LINE('',#17317,#3265);
#2587=LINE('',#17318,#3266);
#2588=LINE('',#17320,#3267);
#2589=LINE('',#17321,#3268);
#2590=LINE('',#17323,#3269);
#2591=LINE('',#17324,#3270);
#2592=LINE('',#17326,#3271);
#2593=LINE('',#17327,#3272);
#2594=LINE('',#17329,#3273);
#2595=LINE('',#17330,#3274);
#2596=LINE('',#17332,#3275);
#2597=LINE('',#17333,#3276);
#2598=LINE('',#17335,#3277);
#2599=LINE('',#17336,#3278);
#2600=LINE('',#17338,#3279);
#2601=LINE('',#17339,#3280);
#2602=LINE('',#17341,#3281);
#2603=LINE('',#17342,#3282);
#2604=LINE('',#17344,#3283);
#2605=LINE('',#17346,#3284);
#2606=LINE('',#17347,#3285);
#2607=LINE('',#17349,#3286);
#2608=LINE('',#17350,#3287);
#2609=LINE('',#17352,#3288);
#2610=LINE('',#17353,#3289);
#2611=LINE('',#17355,#3290);
#2612=LINE('',#17356,#3291);
#2613=LINE('',#17358,#3292);
#2614=LINE('',#17359,#3293);
#2615=LINE('',#17361,#3294);
#2616=LINE('',#17362,#3295);
#2617=LINE('',#17364,#3296);
#2618=LINE('',#17365,#3297);
#2619=LINE('',#17367,#3298);
#2620=LINE('',#17368,#3299);
#2621=LINE('',#17370,#3300);
#2622=LINE('',#17371,#3301);
#2623=LINE('',#17397,#3302);
#2624=LINE('',#17402,#3303);
#2625=LINE('',#17409,#3304);
#2626=LINE('',#17414,#3305);
#2627=LINE('',#17460,#3306);
#2628=LINE('',#17503,#3307);
#2629=LINE('',#17507,#3308);
#2630=LINE('',#17550,#3309);
#2631=LINE('',#17592,#3310);
#2632=LINE('',#17597,#3311);
#2633=LINE('',#17598,#3312);
#2634=LINE('',#17605,#3313);
#2635=LINE('',#17610,#3314);
#2636=LINE('',#17611,#3315);
#2637=LINE('',#17617,#3316);
#2638=LINE('',#17621,#3317);
#2639=LINE('',#17626,#3318);
#2640=LINE('',#17628,#3319);
#2641=LINE('',#17630,#3320);
#2642=LINE('',#17632,#3321);
#2643=LINE('',#17634,#3322);
#2644=LINE('',#17635,#3323);
#2645=LINE('',#17639,#3324);
#2646=LINE('',#17641,#3325);
#2647=LINE('',#17642,#3326);
#2648=LINE('',#17645,#3327);
#2649=LINE('',#17646,#3328);
#2650=LINE('',#17649,#3329);
#2651=LINE('',#17650,#3330);
#2652=LINE('',#17653,#3331);
#2653=LINE('',#17654,#3332);
#2654=LINE('',#17657,#3333);
#2655=LINE('',#17658,#3334);
#2656=LINE('',#17660,#3335);
#2657=VECTOR('',#11033,2.5);
#2658=VECTOR('',#11046,4.25);
#2659=VECTOR('',#11051,4.25);
#2660=VECTOR('',#11054,1.9);
#2661=VECTOR('',#11087,1000.);
#2662=VECTOR('',#11088,1000.);
#2663=VECTOR('',#11089,1000.);
#2664=VECTOR('',#11090,1000.);
#2665=VECTOR('',#11091,1000.);
#2666=VECTOR('',#11092,1000.);
#2667=VECTOR('',#11095,1000.);
#2668=VECTOR('',#11096,1000.);
#2669=VECTOR('',#11099,1000.);
#2670=VECTOR('',#11102,1000.);
#2671=VECTOR('',#11105,1000.);
#2672=VECTOR('',#11108,1000.);
#2673=VECTOR('',#11117,10.);
#2674=VECTOR('',#11120,10.);
#2675=VECTOR('',#11123,10.);
#2676=VECTOR('',#11128,10.);
#2677=VECTOR('',#11133,10.);
#2678=VECTOR('',#11136,10.);
#2679=VECTOR('',#11141,10.);
#2680=VECTOR('',#11144,10.);
#2681=VECTOR('',#11149,10.);
#2682=VECTOR('',#11154,10.);
#2683=VECTOR('',#11157,10.);
#2684=VECTOR('',#11160,10.);
#2685=VECTOR('',#11177,10.);
#2686=VECTOR('',#11178,10.);
#2687=VECTOR('',#11179,10.);
#2688=VECTOR('',#11182,10.);
#2689=VECTOR('',#11187,2.56);
#2690=VECTOR('',#11190,10.);
#2691=VECTOR('',#11191,10.);
#2692=VECTOR('',#11196,2.3);
#2693=VECTOR('',#11205,10.);
#2694=VECTOR('',#11206,10.);
#2695=VECTOR('',#11207,10.);
#2696=VECTOR('',#11210,10.);
#2697=VECTOR('',#11213,10.);
#2698=VECTOR('',#11216,10.);
#2699=VECTOR('',#11219,10.);
#2700=VECTOR('',#11222,10.);
#2701=VECTOR('',#11225,10.);
#2702=VECTOR('',#11228,10.);
#2703=VECTOR('',#11231,10.);
#2704=VECTOR('',#11234,10.);
#2705=VECTOR('',#11245,6.4);
#2706=VECTOR('',#11258,5.85);
#2707=VECTOR('',#11261,5.75);
#2708=VECTOR('',#11268,3.15);
#2709=VECTOR('',#11279,3.25);
#2710=VECTOR('',#11284,2.6);
#2711=VECTOR('',#11289,6.5);
#2712=VECTOR('',#11296,2.5);
#2713=VECTOR('',#11301,6.4);
#2714=VECTOR('',#11312,5.85);
#2715=VECTOR('',#11317,5.75);
#2716=VECTOR('',#11322,3.15);
#2717=VECTOR('',#11331,3.25);
#2718=VECTOR('',#11336,2.6);
#2719=VECTOR('',#11345,1.2645);
#2720=VECTOR('',#11354,3.89999999999995);
#2721=VECTOR('',#11361,3.49999999999998);
#2722=VECTOR('',#11368,3.90000000000003);
#2723=VECTOR('',#11377,3.);
#2724=VECTOR('',#11384,1.09999999999999);
#2725=VECTOR('',#11389,1.09999999999999);
#2726=VECTOR('',#11394,2.4);
#2727=VECTOR('',#11399,3.);
#2728=VECTOR('',#11404,2.4);
#2729=VECTOR('',#11415,5.);
#2730=VECTOR('',#11422,3.8);
#2731=VECTOR('',#11425,2.6);
#2732=VECTOR('',#11430,3.8);
#2733=VECTOR('',#11441,1.5);
#2734=VECTOR('',#11450,3.);
#2735=VECTOR('',#11459,1.05);
#2736=VECTOR('',#11464,1.5);
#2737=VECTOR('',#11481,1000.);
#2738=VECTOR('',#11482,1000.);
#2739=VECTOR('',#11483,1000.);
#2740=VECTOR('',#11486,1000.);
#2741=VECTOR('',#11487,1000.);
#2742=VECTOR('',#11490,1000.);
#2743=VECTOR('',#11491,1000.);
#2744=VECTOR('',#11494,1000.);
#2745=VECTOR('',#11495,1000.);
#2746=VECTOR('',#11498,1000.);
#2747=VECTOR('',#11499,1000.);
#2748=VECTOR('',#11502,1000.);
#2749=VECTOR('',#11521,2.39999999999999);
#2750=VECTOR('',#11526,2.5);
#2751=VECTOR('',#11533,2.40000000000001);
#2752=VECTOR('',#11544,1.2645);
#2753=VECTOR('',#11553,1.09999999999999);
#2754=VECTOR('',#11558,1.09999999999999);
#2755=VECTOR('',#11563,2.4);
#2756=VECTOR('',#11568,3.);
#2757=VECTOR('',#11575,2.4);
#2758=VECTOR('',#11586,2.64999999999999);
#2759=VECTOR('',#11591,2.5);
#2760=VECTOR('',#11602,2.65000000000001);
#2761=VECTOR('',#11611,3.9);
#2762=VECTOR('',#11616,3.99999999999999);
#2763=VECTOR('',#11619,3.89999999999998);
#2764=VECTOR('',#11626,6.55);
#2765=VECTOR('',#11637,6.5);
#2766=VECTOR('',#11644,7.45);
#2767=VECTOR('',#11647,7.5);
#2768=VECTOR('',#11652,7.45);
#2769=VECTOR('',#11663,2.6);
#2770=VECTOR('',#11674,2.5);
#2771=VECTOR('',#11679,3.15);
#2772=VECTOR('',#11684,3.25);
#2773=VECTOR('',#11689,5.85);
#2774=VECTOR('',#11692,5.75);
#2775=VECTOR('',#11699,6.4);
#2776=VECTOR('',#11710,5.85);
#2777=VECTOR('',#11713,5.75);
#2778=VECTOR('',#11720,3.15);
#2779=VECTOR('',#11731,3.25);
#2780=VECTOR('',#11734,2.6);
#2781=VECTOR('',#11743,10.);
#2782=VECTOR('',#11746,10.);
#2783=VECTOR('',#11749,10.);
#2784=VECTOR('',#11756,10.);
#2785=VECTOR('',#11765,10.);
#2786=VECTOR('',#11772,10.);
#2787=VECTOR('',#11777,0.450000000000005);
#2788=VECTOR('',#11780,10.);
#2789=VECTOR('',#11783,10.);
#2790=VECTOR('',#11786,10.);
#2791=VECTOR('',#11787,10.);
#2792=VECTOR('',#11790,10.);
#2793=VECTOR('',#11791,10.);
#2794=VECTOR('',#11792,10.);
#2795=VECTOR('',#11799,10.);
#2796=VECTOR('',#11806,10.);
#2797=VECTOR('',#11809,10.);
#2798=VECTOR('',#11812,10.);
#2799=VECTOR('',#11815,10.);
#2800=VECTOR('',#11816,10.);
#2801=VECTOR('',#11821,10.);
#2802=VECTOR('',#11822,10.);
#2803=VECTOR('',#11823,10.);
#2804=VECTOR('',#11830,10.);
#2805=VECTOR('',#11833,10.);
#2806=VECTOR('',#11834,10.);
#2807=VECTOR('',#11839,2.65000000000001);
#2808=VECTOR('',#11848,10.);
#2809=VECTOR('',#11853,10.);
#2810=VECTOR('',#11856,10.);
#2811=VECTOR('',#11859,10.);
#2812=VECTOR('',#11862,10.);
#2813=VECTOR('',#11865,10.);
#2814=VECTOR('',#11870,2.55000000000001);
#2815=VECTOR('',#11877,2.65000000000001);
#2816=VECTOR('',#11880,2.55000000000001);
#2817=VECTOR('',#11887,10.);
#2818=VECTOR('',#11892,10.);
#2819=VECTOR('',#11895,10.);
#2820=VECTOR('',#11896,10.);
#2821=VECTOR('',#11901,10.);
#2822=VECTOR('',#11904,10.);
#2823=VECTOR('',#11905,10.);
#2824=VECTOR('',#11910,10.);
#2825=VECTOR('',#11913,10.);
#2826=VECTOR('',#11914,10.);
#2827=VECTOR('',#11919,10.);
#2828=VECTOR('',#11922,10.);
#2829=VECTOR('',#11923,10.);
#2830=VECTOR('',#11928,10.);
#2831=VECTOR('',#11931,10.);
#2832=VECTOR('',#11932,10.);
#2833=VECTOR('',#11939,10.);
#2834=VECTOR('',#11940,10.);
#2835=VECTOR('',#11943,10.);
#2836=VECTOR('',#11946,10.);
#2837=VECTOR('',#11947,10.);
#2838=VECTOR('',#11950,10.);
#2839=VECTOR('',#11957,10.);
#2840=VECTOR('',#11958,10.);
#2841=VECTOR('',#11959,10.);
#2842=VECTOR('',#11960,10.);
#2843=VECTOR('',#11961,10.);
#2844=VECTOR('',#11964,10.);
#2845=VECTOR('',#11969,10.);
#2846=VECTOR('',#11970,10.);
#2847=VECTOR('',#11973,10.);
#2848=VECTOR('',#11978,10.);
#2849=VECTOR('',#11979,10.);
#2850=VECTOR('',#11980,10.);
#2851=VECTOR('',#11983,10.);
#2852=VECTOR('',#11986,10.);
#2853=VECTOR('',#11987,10.);
#2854=VECTOR('',#11990,10.);
#2855=VECTOR('',#11995,10.);
#2856=VECTOR('',#12002,1.65);
#2857=VECTOR('',#12011,1.55);
#2858=VECTOR('',#12020,2.65);
#2859=VECTOR('',#12029,2.55);
#2860=VECTOR('',#12034,7.7);
#2861=VECTOR('',#12041,10.);
#2862=VECTOR('',#12044,10.);
#2863=VECTOR('',#12047,10.);
#2864=VECTOR('',#12050,10.);
#2865=VECTOR('',#12053,10.);
#2866=VECTOR('',#12056,10.);
#2867=VECTOR('',#12059,10.);
#2868=VECTOR('',#12062,10.);
#2869=VECTOR('',#12065,10.);
#2870=VECTOR('',#12078,10.);
#2871=VECTOR('',#12081,10.);
#2872=VECTOR('',#12086,7.6);
#2873=VECTOR('',#12093,6.6);
#2874=VECTOR('',#12098,6.5);
#2875=VECTOR('',#12107,10.);
#2876=VECTOR('',#12108,10.);
#2877=VECTOR('',#12111,10.);
#2878=VECTOR('',#12116,10.);
#2879=VECTOR('',#12117,10.);
#2880=VECTOR('',#12120,10.);
#2881=VECTOR('',#12125,10.);
#2882=VECTOR('',#12126,10.);
#2883=VECTOR('',#12129,10.);
#2884=VECTOR('',#12134,10.);
#2885=VECTOR('',#12135,10.);
#2886=VECTOR('',#12138,10.);
#2887=VECTOR('',#12143,10.);
#2888=VECTOR('',#12144,10.);
#2889=VECTOR('',#12147,10.);
#2890=VECTOR('',#12152,10.);
#2891=VECTOR('',#12153,10.);
#2892=VECTOR('',#12156,10.);
#2893=VECTOR('',#12161,10.);
#2894=VECTOR('',#12162,10.);
#2895=VECTOR('',#12165,10.);
#2896=VECTOR('',#12170,10.);
#2897=VECTOR('',#12171,10.);
#2898=VECTOR('',#12174,10.);
#2899=VECTOR('',#12183,1.65);
#2900=VECTOR('',#12192,1.55);
#2901=VECTOR('',#12201,2.6);
#2902=VECTOR('',#12212,2.5);
#2903=VECTOR('',#12217,3.90000000000001);
#2904=VECTOR('',#12220,4.);
#2905=VECTOR('',#12223,10.);
#2906=VECTOR('',#12224,10.);
#2907=VECTOR('',#12227,10.);
#2908=VECTOR('',#12230,10.);
#2909=VECTOR('',#12233,10.);
#2910=VECTOR('',#12236,10.);
#2911=VECTOR('',#12241,10.);
#2912=VECTOR('',#12246,10.);
#2913=VECTOR('',#12249,10.);
#2914=VECTOR('',#12252,10.);
#2915=VECTOR('',#12253,10.);
#2916=VECTOR('',#12254,10.);
#2917=VECTOR('',#12261,10.);
#2918=VECTOR('',#12264,10.);
#2919=VECTOR('',#12265,10.);
#2920=VECTOR('',#12266,10.);
#2921=VECTOR('',#12273,10.);
#2922=VECTOR('',#12276,10.);
#2923=VECTOR('',#12277,10.);
#2924=VECTOR('',#12278,10.);
#2925=VECTOR('',#12285,10.);
#2926=VECTOR('',#12288,10.);
#2927=VECTOR('',#12289,10.);
#2928=VECTOR('',#12290,10.);
#2929=VECTOR('',#12297,10.);
#2930=VECTOR('',#12300,10.);
#2931=VECTOR('',#12301,10.);
#2932=VECTOR('',#12302,10.);
#2933=VECTOR('',#12303,10.);
#2934=VECTOR('',#12304,10.);
#2935=VECTOR('',#12307,10.);
#2936=VECTOR('',#12312,10.);
#2937=VECTOR('',#12317,10.);
#2938=VECTOR('',#12318,10.);
#2939=VECTOR('',#12321,10.);
#2940=VECTOR('',#12322,10.);
#2941=VECTOR('',#12323,10.);
#2942=VECTOR('',#12324,10.);
#2943=VECTOR('',#12327,10.);
#2944=VECTOR('',#12332,10.);
#2945=VECTOR('',#12337,10.);
#2946=VECTOR('',#12338,10.);
#2947=VECTOR('',#12339,10.);
#2948=VECTOR('',#12350,10.);
#2949=VECTOR('',#12353,10.);
#2950=VECTOR('',#12354,10.);
#2951=VECTOR('',#12355,10.);
#2952=VECTOR('',#12362,10.);
#2953=VECTOR('',#12365,10.);
#2954=VECTOR('',#12366,10.);
#2955=VECTOR('',#12367,10.);
#2956=VECTOR('',#12372,10.);
#2957=VECTOR('',#12377,10.);
#2958=VECTOR('',#12380,10.);
#2959=VECTOR('',#12383,10.);
#2960=VECTOR('',#12386,10.);
#2961=VECTOR('',#12389,10.);
#2962=VECTOR('',#12390,10.);
#2963=VECTOR('',#12391,10.);
#2964=VECTOR('',#12394,10.);
#2965=VECTOR('',#12399,10.);
#2966=VECTOR('',#12402,10.);
#2967=VECTOR('',#12403,10.);
#2968=VECTOR('',#12404,10.);
#2969=VECTOR('',#12415,10.);
#2970=VECTOR('',#12418,10.);
#2971=VECTOR('',#12419,10.);
#2972=VECTOR('',#12424,6.75);
#2973=VECTOR('',#12437,2.65000000000001);
#2974=VECTOR('',#12446,4.6);
#2975=VECTOR('',#12453,4.5);
#2976=VECTOR('',#12456,4.6);
#2977=VECTOR('',#12463,4.5);
#2978=VECTOR('',#12468,2.65000000000001);
#2979=VECTOR('',#12475,10.);
#2980=VECTOR('',#12476,10.);
#2981=VECTOR('',#12479,10.);
#2982=VECTOR('',#12484,10.);
#2983=VECTOR('',#12487,10.);
#2984=VECTOR('',#12490,10.);
#2985=VECTOR('',#12491,10.);
#2986=VECTOR('',#12496,10.);
#2987=VECTOR('',#12499,10.);
#2988=VECTOR('',#12500,10.);
#2989=VECTOR('',#12503,10.);
#2990=VECTOR('',#12506,10.);
#2991=VECTOR('',#12509,10.);
#2992=VECTOR('',#12510,10.);
#2993=VECTOR('',#12513,10.);
#2994=VECTOR('',#12516,10.);
#2995=VECTOR('',#12517,10.);
#2996=VECTOR('',#12520,10.);
#2997=VECTOR('',#12523,10.);
#2998=VECTOR('',#12526,10.);
#2999=VECTOR('',#12529,10.);
#3000=VECTOR('',#12534,10.);
#3001=VECTOR('',#12543,2.475);
#3002=VECTOR('',#12546,2.475);
#3003=VECTOR('',#12551,10.);
#3004=VECTOR('',#12554,10.);
#3005=VECTOR('',#12557,10.);
#3006=VECTOR('',#12560,10.);
#3007=VECTOR('',#12565,10.);
#3008=VECTOR('',#12576,10.);
#3009=VECTOR('',#12577,10.);
#3010=VECTOR('',#12578,10.);
#3011=VECTOR('',#12585,10.);
#3012=VECTOR('',#12588,10.);
#3013=VECTOR('',#12589,10.);
#3014=VECTOR('',#12590,10.);
#3015=VECTOR('',#12597,10.);
#3016=VECTOR('',#12604,10.);
#3017=VECTOR('',#12607,10.);
#3018=VECTOR('',#12610,10.);
#3019=VECTOR('',#12613,10.);
#3020=VECTOR('',#12614,10.);
#3021=VECTOR('',#12617,10.);
#3022=VECTOR('',#12618,10.);
#3023=VECTOR('',#12623,10.);
#3024=VECTOR('',#12624,10.);
#3025=VECTOR('',#12625,10.);
#3026=VECTOR('',#12628,10.);
#3027=VECTOR('',#12635,10.);
#3028=VECTOR('',#12636,10.);
#3029=VECTOR('',#12637,10.);
#3030=VECTOR('',#12640,10.);
#3031=VECTOR('',#12647,10.);
#3032=VECTOR('',#12648,10.);
#3033=VECTOR('',#12649,10.);
#3034=VECTOR('',#12652,10.);
#3035=VECTOR('',#12659,10.);
#3036=VECTOR('',#12660,10.);
#3037=VECTOR('',#12661,10.);
#3038=VECTOR('',#12664,10.);
#3039=VECTOR('',#12671,10.);
#3040=VECTOR('',#12672,10.);
#3041=VECTOR('',#12673,10.);
#3042=VECTOR('',#12676,10.);
#3043=VECTOR('',#12683,10.);
#3044=VECTOR('',#12684,10.);
#3045=VECTOR('',#12685,10.);
#3046=VECTOR('',#12688,10.);
#3047=VECTOR('',#12695,10.);
#3048=VECTOR('',#12696,10.);
#3049=VECTOR('',#12697,10.);
#3050=VECTOR('',#12700,10.);
#3051=VECTOR('',#12707,10.);
#3052=VECTOR('',#12708,10.);
#3053=VECTOR('',#12709,10.);
#3054=VECTOR('',#12712,10.);
#3055=VECTOR('',#12721,10.);
#3056=VECTOR('',#12722,10.);
#3057=VECTOR('',#12725,10.);
#3058=VECTOR('',#12726,10.);
#3059=VECTOR('',#12727,10.);
#3060=VECTOR('',#12728,10.);
#3061=VECTOR('',#12729,10.);
#3062=VECTOR('',#12730,10.);
#3063=VECTOR('',#12733,10.);
#3064=VECTOR('',#12738,10.);
#3065=VECTOR('',#12739,10.);
#3066=VECTOR('',#12742,10.);
#3067=VECTOR('',#12747,10.);
#3068=VECTOR('',#12748,10.);
#3069=VECTOR('',#12751,10.);
#3070=VECTOR('',#12756,10.);
#3071=VECTOR('',#12757,10.);
#3072=VECTOR('',#12760,10.);
#3073=VECTOR('',#12765,10.);
#3074=VECTOR('',#12766,10.);
#3075=VECTOR('',#12769,10.);
#3076=VECTOR('',#12774,10.);
#3077=VECTOR('',#12775,10.);
#3078=VECTOR('',#12778,10.);
#3079=VECTOR('',#12783,10.);
#3080=VECTOR('',#12784,10.);
#3081=VECTOR('',#12785,10.);
#3082=VECTOR('',#12788,10.);
#3083=VECTOR('',#12793,10.);
#3084=VECTOR('',#12794,10.);
#3085=VECTOR('',#12797,10.);
#3086=VECTOR('',#12802,10.);
#3087=VECTOR('',#12803,10.);
#3088=VECTOR('',#12804,10.);
#3089=VECTOR('',#12805,10.);
#3090=VECTOR('',#12806,10.);
#3091=VECTOR('',#12813,7.7);
#3092=VECTOR('',#12820,10.);
#3093=VECTOR('',#12823,10.);
#3094=VECTOR('',#12826,10.);
#3095=VECTOR('',#12837,7.6);
#3096=VECTOR('',#12844,6.6);
#3097=VECTOR('',#12849,6.5);
#3098=VECTOR('',#12858,1.65);
#3099=VECTOR('',#12867,1.55);
#3100=VECTOR('',#12876,1.65);
#3101=VECTOR('',#12885,1.55);
#3102=VECTOR('',#12896,2.65);
#3103=VECTOR('',#12905,2.55);
#3104=VECTOR('',#12908,2.6);
#3105=VECTOR('',#12915,2.5);
#3106=VECTOR('',#12920,2.65000000000001);
#3107=VECTOR('',#12927,10.);
#3108=VECTOR('',#12930,10.);
#3109=VECTOR('',#12933,10.);
#3110=VECTOR('',#12936,10.);
#3111=VECTOR('',#12939,10.);
#3112=VECTOR('',#12944,10.);
#3113=VECTOR('',#12951,2.55000000000001);
#3114=VECTOR('',#12956,2.65000000000001);
#3115=VECTOR('',#12961,2.55000000000001);
#3116=VECTOR('',#12966,10.);
#3117=VECTOR('',#12971,10.);
#3118=VECTOR('',#12976,10.);
#3119=VECTOR('',#12977,10.);
#3120=VECTOR('',#12980,10.);
#3121=VECTOR('',#12985,10.);
#3122=VECTOR('',#12986,10.);
#3123=VECTOR('',#12989,10.);
#3124=VECTOR('',#12994,10.);
#3125=VECTOR('',#12995,10.);
#3126=VECTOR('',#12998,10.);
#3127=VECTOR('',#13003,10.);
#3128=VECTOR('',#13006,10.);
#3129=VECTOR('',#13011,10.);
#3130=VECTOR('',#13012,10.);
#3131=VECTOR('',#13019,10.);
#3132=VECTOR('',#13020,10.);
#3133=VECTOR('',#13021,10.);
#3134=VECTOR('',#13022,10.);
#3135=VECTOR('',#13025,10.);
#3136=VECTOR('',#13028,10.);
#3137=VECTOR('',#13029,10.);
#3138=VECTOR('',#13032,10.);
#3139=VECTOR('',#13035,10.);
#3140=VECTOR('',#13038,10.);
#3141=VECTOR('',#13041,10.);
#3142=VECTOR('',#13044,10.);
#3143=VECTOR('',#13047,10.);
#3144=VECTOR('',#13050,10.);
#3145=VECTOR('',#13053,10.);
#3146=VECTOR('',#13054,10.);
#3147=VECTOR('',#13057,10.);
#3148=VECTOR('',#13062,10.);
#3149=VECTOR('',#13063,10.);
#3150=VECTOR('',#13066,10.);
#3151=VECTOR('',#13071,10.);
#3152=VECTOR('',#13072,10.);
#3153=VECTOR('',#13075,10.);
#3154=VECTOR('',#13080,10.);
#3155=VECTOR('',#13081,10.);
#3156=VECTOR('',#13084,10.);
#3157=VECTOR('',#13089,10.);
#3158=VECTOR('',#13090,10.);
#3159=VECTOR('',#13091,10.);
#3160=VECTOR('',#13096,10.);
#3161=VECTOR('',#13099,10.);
#3162=VECTOR('',#13102,10.);
#3163=VECTOR('',#13103,10.);
#3164=VECTOR('',#13104,10.);
#3165=VECTOR('',#13109,10.);
#3166=VECTOR('',#13114,10.);
#3167=VECTOR('',#13117,10.);
#3168=VECTOR('',#13118,10.);
#3169=VECTOR('',#13127,10.);
#3170=VECTOR('',#13132,10.);
#3171=VECTOR('',#13133,10.);
#3172=VECTOR('',#13134,10.);
#3173=VECTOR('',#13139,10.);
#3174=VECTOR('',#13144,10.);
#3175=VECTOR('',#13145,10.);
#3176=VECTOR('',#13150,10.);
#3177=VECTOR('',#13157,10.);
#3178=VECTOR('',#13162,10.);
#3179=VECTOR('',#13165,10.);
#3180=VECTOR('',#13168,10.);
#3181=VECTOR('',#13169,10.);
#3182=VECTOR('',#13172,10.);
#3183=VECTOR('',#13175,10.);
#3184=VECTOR('',#13178,10.);
#3185=VECTOR('',#13179,10.);
#3186=VECTOR('',#13180,10.);
#3187=VECTOR('',#13185,10.);
#3188=VECTOR('',#13188,10.);
#3189=VECTOR('',#13189,10.);
#3190=VECTOR('',#13192,10.);
#3191=VECTOR('',#13193,10.);
#3192=VECTOR('',#13194,10.);
#3193=VECTOR('',#13201,10.);
#3194=VECTOR('',#13206,10.);
#3195=VECTOR('',#13211,6.75);
#3196=VECTOR('',#13224,2.65000000000001);
#3197=VECTOR('',#13233,4.6);
#3198=VECTOR('',#13240,4.5);
#3199=VECTOR('',#13243,4.6);
#3200=VECTOR('',#13250,4.5);
#3201=VECTOR('',#13255,2.65000000000001);
#3202=VECTOR('',#13262,10.);
#3203=VECTOR('',#13263,10.);
#3204=VECTOR('',#13268,10.);
#3205=VECTOR('',#13271,10.);
#3206=VECTOR('',#13274,10.);
#3207=VECTOR('',#13277,10.);
#3208=VECTOR('',#13280,10.);
#3209=VECTOR('',#13283,10.);
#3210=VECTOR('',#13286,10.);
#3211=VECTOR('',#13291,10.);
#3212=VECTOR('',#13294,10.);
#3213=VECTOR('',#13303,2.475);
#3214=VECTOR('',#13306,2.475);
#3215=VECTOR('',#13323,1.6);
#3216=VECTOR('',#13334,1.6);
#3217=VECTOR('',#13339,5.);
#3218=VECTOR('',#13350,5.);
#3219=VECTOR('',#13351,5.);
#3220=VECTOR('',#13684,10.);
#3221=VECTOR('',#13685,7.);
#3222=VECTOR('',#13688,7.);
#3223=VECTOR('',#13691,10.);
#3224=VECTOR('',#13694,7.);
#3225=VECTOR('',#13697,10.);
#3226=VECTOR('',#13700,7.);
#3227=VECTOR('',#13703,10.);
#3228=VECTOR('',#13706,7.);
#3229=VECTOR('',#13709,10.);
#3230=VECTOR('',#13712,7.);
#3231=VECTOR('',#13715,10.);
#3232=VECTOR('',#13718,7.);
#3233=VECTOR('',#13721,10.);
#3234=VECTOR('',#13724,7.);
#3235=VECTOR('',#13727,10.);
#3236=VECTOR('',#13730,7.);
#3237=VECTOR('',#13733,10.);
#3238=VECTOR('',#13736,7.);
#3239=VECTOR('',#13739,10.);
#3240=VECTOR('',#13742,7.);
#3241=VECTOR('',#13745,10.);
#3242=VECTOR('',#13748,7.);
#3243=VECTOR('',#13751,10.);
#3244=VECTOR('',#13754,7.);
#3245=VECTOR('',#13757,10.);
#3246=VECTOR('',#13760,7.);
#3247=VECTOR('',#13763,10.);
#3248=VECTOR('',#13766,7.);
#3249=VECTOR('',#13769,10.);
#3250=VECTOR('',#13772,7.);
#3251=VECTOR('',#13775,10.);
#3252=VECTOR('',#13778,7.);
#3253=VECTOR('',#13781,10.);
#3254=VECTOR('',#13784,7.);
#3255=VECTOR('',#13787,10.);
#3256=VECTOR('',#13790,7.);
#3257=VECTOR('',#13793,10.);
#3258=VECTOR('',#13796,7.);
#3259=VECTOR('',#13799,10.);
#3260=VECTOR('',#13802,10.);
#3261=VECTOR('',#13805,2.5);
#3262=VECTOR('',#13806,2.5);
#3263=VECTOR('',#13809,10.);
#3264=VECTOR('',#13810,7.);
#3265=VECTOR('',#13813,10.);
#3266=VECTOR('',#13814,7.);
#3267=VECTOR('',#13817,10.);
#3268=VECTOR('',#13818,7.);
#3269=VECTOR('',#13821,10.);
#3270=VECTOR('',#13822,7.);
#3271=VECTOR('',#13825,10.);
#3272=VECTOR('',#13826,7.);
#3273=VECTOR('',#13829,10.);
#3274=VECTOR('',#13830,7.);
#3275=VECTOR('',#13833,10.);
#3276=VECTOR('',#13834,7.);
#3277=VECTOR('',#13837,10.);
#3278=VECTOR('',#13838,7.);
#3279=VECTOR('',#13841,10.);
#3280=VECTOR('',#13842,7.);
#3281=VECTOR('',#13845,10.);
#3282=VECTOR('',#13846,7.);
#3283=VECTOR('',#13849,7.);
#3284=VECTOR('',#13852,10.);
#3285=VECTOR('',#13853,7.);
#3286=VECTOR('',#13856,10.);
#3287=VECTOR('',#13857,7.);
#3288=VECTOR('',#13860,10.);
#3289=VECTOR('',#13861,7.);
#3290=VECTOR('',#13864,10.);
#3291=VECTOR('',#13865,7.);
#3292=VECTOR('',#13868,10.);
#3293=VECTOR('',#13869,7.);
#3294=VECTOR('',#13872,10.);
#3295=VECTOR('',#13873,7.);
#3296=VECTOR('',#13876,10.);
#3297=VECTOR('',#13877,7.);
#3298=VECTOR('',#13880,10.);
#3299=VECTOR('',#13881,7.);
#3300=VECTOR('',#13884,10.);
#3301=VECTOR('',#13885,7.);
#3302=VECTOR('',#13932,7.4);
#3303=VECTOR('',#13939,7.5);
#3304=VECTOR('',#13948,7.4);
#3305=VECTOR('',#13955,5.);
#3306=VECTOR('',#13960,1.933);
#3307=VECTOR('',#13965,1.933);
#3308=VECTOR('',#13970,1.6);
#3309=VECTOR('',#13973,1.6);
#3310=VECTOR('',#13978,7.4);
#3311=VECTOR('',#13985,7.5);
#3312=VECTOR('',#13986,7.5);
#3313=VECTOR('',#13995,7.4);
#3314=VECTOR('',#14002,5.);
#3315=VECTOR('',#14003,5.);
#3316=VECTOR('',#14010,1.704);
#3317=VECTOR('',#14015,1.5);
#3318=VECTOR('',#14020,10.);
#3319=VECTOR('',#14021,10.);
#3320=VECTOR('',#14022,10.);
#3321=VECTOR('',#14023,10.);
#3322=VECTOR('',#14024,10.);
#3323=VECTOR('',#14025,10.);
#3324=VECTOR('',#14030,10.);
#3325=VECTOR('',#14031,10.);
#3326=VECTOR('',#14032,10.);
#3327=VECTOR('',#14035,10.);
#3328=VECTOR('',#14036,10.);
#3329=VECTOR('',#14039,10.);
#3330=VECTOR('',#14040,10.);
#3331=VECTOR('',#14043,10.);
#3332=VECTOR('',#14044,10.);
#3333=VECTOR('',#14047,10.);
#3334=VECTOR('',#14048,10.);
#3335=VECTOR('',#14051,10.);
#3336=CIRCLE('',#9822,2.5);
#3337=CIRCLE('',#9823,2.5);
#3338=CIRCLE('',#9824,2.5);
#3339=CIRCLE('',#9826,4.25);
#3340=CIRCLE('',#9828,4.25);
#3341=CIRCLE('',#9829,3.8125);
#3342=CIRCLE('',#9832,1.9);
#3343=CIRCLE('',#9834,1.73205080756883);
#3344=CIRCLE('',#9835,1.73205080756883);
#3345=CIRCLE('',#9836,1.73205080756883);
#3346=CIRCLE('',#9837,1.73205080756883);
#3347=CIRCLE('',#9838,1.73205080756883);
#3348=CIRCLE('',#9839,1.73205080756883);
#3349=CIRCLE('',#9856,0.25);
#3350=CIRCLE('',#9857,0.25);
#3351=CIRCLE('',#9858,0.25);
#3352=CIRCLE('',#9859,0.7);
#3353=CIRCLE('',#9860,7.);
#3354=CIRCLE('',#9861,7.);
#3355=CIRCLE('',#9862,0.699999999998782);
#3356=CIRCLE('',#9863,0.25);
#3357=CIRCLE('',#9865,0.25);
#3358=CIRCLE('',#9866,0.25);
#3359=CIRCLE('',#9867,0.699999999998782);
#3360=CIRCLE('',#9868,7.);
#3361=CIRCLE('',#9869,7.);
#3362=CIRCLE('',#9870,0.7);
#3363=CIRCLE('',#9871,0.25);
#3364=CIRCLE('',#9872,0.25);
#3365=CIRCLE('',#9874,2.1);
#3366=CIRCLE('',#9875,2.1);
#3367=CIRCLE('',#9876,2.5);
#3368=CIRCLE('',#9878,2.1);
#3369=CIRCLE('',#9879,2.5);
#3370=CIRCLE('',#9883,2.1);
#3371=CIRCLE('',#9887,2.5);
#3372=CIRCLE('',#9888,2.5);
#3373=CIRCLE('',#9889,2.5);
#3374=CIRCLE('',#9904,6.5);
#3375=CIRCLE('',#9905,6.3);
#3376=CIRCLE('',#9906,6.5);
#3377=CIRCLE('',#9908,5.95);
#3378=CIRCLE('',#9910,5.75);
#3379=CIRCLE('',#9912,5.75);
#3380=CIRCLE('',#9914,3.25);
#3381=CIRCLE('',#9915,3.05);
#3382=CIRCLE('',#9917,2.7);
#3383=CIRCLE('',#9919,3.25);
#3384=CIRCLE('',#9921,2.5);
#3385=CIRCLE('',#9924,6.5);
#3386=CIRCLE('',#9925,6.5);
#3387=CIRCLE('',#9927,2.5);
#3388=CIRCLE('',#9929,6.3);
#3389=CIRCLE('',#9931,5.95);
#3390=CIRCLE('',#9933,5.75);
#3391=CIRCLE('',#9935,5.75);
#3392=CIRCLE('',#9937,3.25);
#3393=CIRCLE('',#9938,3.05);
#3394=CIRCLE('',#9940,2.7);
#3395=CIRCLE('',#9942,3.25);
#3396=CIRCLE('',#9947,1.2645);
#3397=CIRCLE('',#9948,1.2645);
#3398=CIRCLE('',#9949,1.2645);
#3399=CIRCLE('',#9951,4.);
#3400=CIRCLE('',#9952,3.79999999999999);
#3401=CIRCLE('',#9954,4.);
#3402=CIRCLE('',#9956,2.5);
#3403=CIRCLE('',#9958,3.79999999999999);
#3404=CIRCLE('',#9960,2.5);
#3405=CIRCLE('',#9962,2.5);
#3406=CIRCLE('',#9964,1.7);
#3407=CIRCLE('',#9966,1.69999999999999);
#3408=CIRCLE('',#9968,2.3);
#3409=CIRCLE('',#9969,2.5);
#3410=CIRCLE('',#9973,2.3);
#3411=CIRCLE('',#9977,5.);
#3412=CIRCLE('',#9978,5.);
#3413=CIRCLE('',#9980,2.6);
#3414=CIRCLE('',#9982,2.6);
#3415=CIRCLE('',#9986,1.15470053837925);
#3416=CIRCLE('',#9988,3.);
#3417=CIRCLE('',#9989,1.5);
#3418=CIRCLE('',#9990,1.5);
#3419=CIRCLE('',#9991,3.);
#3420=CIRCLE('',#9993,3.);
#3421=CIRCLE('',#9995,1.5);
#3422=CIRCLE('',#9996,1.5);
#3423=CIRCLE('',#9997,1.05);
#3424=CIRCLE('',#10001,1.15470053837925);
#3425=CIRCLE('',#10002,1.15470053837925);
#3426=CIRCLE('',#10003,1.15470053837925);
#3427=CIRCLE('',#10004,1.15470053837925);
#3428=CIRCLE('',#10005,1.15470053837925);
#3429=CIRCLE('',#10020,2.29999999999999);
#3430=CIRCLE('',#10021,2.5);
#3431=CIRCLE('',#10023,2.5);
#3432=CIRCLE('',#10026,2.30000000000002);
#3433=CIRCLE('',#10030,1.2645);
#3434=CIRCLE('',#10031,1.2645);
#3435=CIRCLE('',#10032,1.2645);
#3436=CIRCLE('',#10034,1.7);
#3437=CIRCLE('',#10036,1.69999999999999);
#3438=CIRCLE('',#10038,2.3);
#3439=CIRCLE('',#10039,2.5);
#3440=CIRCLE('',#10041,2.5);
#3441=CIRCLE('',#10044,2.3);
#3442=CIRCLE('',#10048,2.55);
#3443=CIRCLE('',#10049,2.74999999999997);
#3444=CIRCLE('',#10051,2.55);
#3445=CIRCLE('',#10053,3.79999999999998);
#3446=CIRCLE('',#10055,2.75000000000002);
#3447=CIRCLE('',#10057,3.8);
#3448=CIRCLE('',#10059,3.99999999999999);
#3449=CIRCLE('',#10061,3.99999999999999);
#3450=CIRCLE('',#10065,6.6);
#3451=CIRCLE('',#10066,6.5);
#3452=CIRCLE('',#10068,7.4);
#3453=CIRCLE('',#10070,6.5);
#3454=CIRCLE('',#10071,6.5);
#3455=CIRCLE('',#10073,7.5);
#3456=CIRCLE('',#10075,7.5);
#3457=CIRCLE('',#10077,7.4);
#3458=CIRCLE('',#10079,5.95);
#3459=CIRCLE('',#10081,2.5);
#3460=CIRCLE('',#10082,2.7);
#3461=CIRCLE('',#10084,3.05);
#3462=CIRCLE('',#10086,2.5);
#3463=CIRCLE('',#10088,3.25);
#3464=CIRCLE('',#10090,3.25);
#3465=CIRCLE('',#10092,5.75);
#3466=CIRCLE('',#10094,5.75);
#3467=CIRCLE('',#10097,6.3);
#3468=CIRCLE('',#10099,5.95);
#3469=CIRCLE('',#10101,5.75);
#3470=CIRCLE('',#10103,5.75);
#3471=CIRCLE('',#10105,3.25);
#3472=CIRCLE('',#10106,3.05);
#3473=CIRCLE('',#10108,2.7);
#3474=CIRCLE('',#10110,3.25);
#3475=CIRCLE('',#10115,8.5);
#3476=CIRCLE('',#10116,8.7);
#3477=CIRCLE('',#10118,0.4);
#3478=CIRCLE('',#10120,4.49999999999999);
#3479=CIRCLE('',#10121,3.5);
#3480=CIRCLE('',#10123,0.4);
#3481=CIRCLE('',#10124,0.200000000000018);
#3482=CIRCLE('',#10126,8.5);
#3483=CIRCLE('',#10127,8.69999999999999);
#3484=CIRCLE('',#10129,0.4);
#3485=CIRCLE('',#10131,0.4);
#3486=CIRCLE('',#10135,1.59999999999999);
#3487=CIRCLE('',#10136,1.79999999999996);
#3488=CIRCLE('',#10138,0.4);
#3489=CIRCLE('',#10139,0.200000000000014);
#3490=CIRCLE('',#10141,1.3);
#3491=CIRCLE('',#10146,1.5);
#3492=CIRCLE('',#10147,0.500000000000052);
#3493=CIRCLE('',#10150,2.55000000000001);
#3494=CIRCLE('',#10151,2.75);
#3495=CIRCLE('',#10153,1.79999999999999);
#3496=CIRCLE('',#10154,0.4);
#3497=CIRCLE('',#10155,1.8);
#3498=CIRCLE('',#10156,0.200000000000001);
#3499=CIRCLE('',#10157,1.30000000000001);
#3500=CIRCLE('',#10158,1.29999999999999);
#3501=CIRCLE('',#10159,1.3);
#3502=CIRCLE('',#10160,0.200000000000002);
#3503=CIRCLE('',#10161,2.75);
#3504=CIRCLE('',#10163,2.55000000000001);
#3505=CIRCLE('',#10165,2.55000000000001);
#3506=CIRCLE('',#10167,2.55000000000001);
#3507=CIRCLE('',#10169,1.6);
#3508=CIRCLE('',#10171,0.4);
#3509=CIRCLE('',#10174,1.5);
#3510=CIRCLE('',#10177,1.5);
#3511=CIRCLE('',#10180,1.5);
#3512=CIRCLE('',#10183,0.4);
#3513=CIRCLE('',#10186,1.59999999999999);
#3514=CIRCLE('',#10188,1.59999999999999);
#3515=CIRCLE('',#10192,0.4);
#3516=CIRCLE('',#10203,0.4);
#3517=CIRCLE('',#10205,1.6);
#3518=CIRCLE('',#10207,1.55);
#3519=CIRCLE('',#10208,1.75);
#3520=CIRCLE('',#10210,2.55);
#3521=CIRCLE('',#10212,1.55);
#3522=CIRCLE('',#10213,1.55);
#3523=CIRCLE('',#10215,2.75);
#3524=CIRCLE('',#10216,2.55);
#3525=CIRCLE('',#10217,2.55);
#3526=CIRCLE('',#10221,7.8);
#3527=CIRCLE('',#10222,7.6);
#3528=CIRCLE('',#10223,7.6);
#3529=CIRCLE('',#10225,1.3);
#3530=CIRCLE('',#10226,3.2);
#3531=CIRCLE('',#10227,1.3);
#3532=CIRCLE('',#10228,1.3);
#3533=CIRCLE('',#10229,3.2);
#3534=CIRCLE('',#10230,1.3);
#3535=CIRCLE('',#10231,1.3);
#3536=CIRCLE('',#10232,1.3);
#3537=CIRCLE('',#10233,4.49999999999999);
#3538=CIRCLE('',#10234,0.4);
#3539=CIRCLE('',#10235,8.5);
#3540=CIRCLE('',#10236,0.4);
#3541=CIRCLE('',#10237,8.5);
#3542=CIRCLE('',#10238,0.4);
#3543=CIRCLE('',#10239,0.4);
#3544=CIRCLE('',#10240,4.);
#3545=CIRCLE('',#10242,7.6);
#3546=CIRCLE('',#10244,6.5);
#3547=CIRCLE('',#10245,6.7);
#3548=CIRCLE('',#10247,6.5);
#3549=CIRCLE('',#10252,1.5);
#3550=CIRCLE('',#10255,1.5);
#3551=CIRCLE('',#10258,1.5);
#3552=CIRCLE('',#10261,3.);
#3553=CIRCLE('',#10264,1.5);
#3554=CIRCLE('',#10267,1.5);
#3555=CIRCLE('',#10270,3.);
#3556=CIRCLE('',#10273,1.5);
#3557=CIRCLE('',#10276,1.55);
#3558=CIRCLE('',#10277,1.75);
#3559=CIRCLE('',#10279,2.5);
#3560=CIRCLE('',#10281,1.55);
#3561=CIRCLE('',#10282,1.55);
#3562=CIRCLE('',#10284,2.7);
#3563=CIRCLE('',#10285,2.5);
#3564=CIRCLE('',#10286,2.5);
#3565=CIRCLE('',#10288,3.80000000000001);
#3566=CIRCLE('',#10291,4.);
#3567=CIRCLE('',#10301,3.);
#3568=CIRCLE('',#10302,4.);
#3569=CIRCLE('',#10305,1.5);
#3570=CIRCLE('',#10306,0.500000000000002);
#3571=CIRCLE('',#10309,1.5);
#3572=CIRCLE('',#10310,0.499999999999989);
#3573=CIRCLE('',#10313,3.);
#3574=CIRCLE('',#10314,3.99999999999999);
#3575=CIRCLE('',#10317,1.5);
#3576=CIRCLE('',#10318,0.500000000000069);
#3577=CIRCLE('',#10323,1.5);
#3578=CIRCLE('',#10327,1.3);
#3579=CIRCLE('',#10329,4.);
#3580=CIRCLE('',#10332,1.5);
#3581=CIRCLE('',#10334,1.5);
#3582=CIRCLE('',#10335,1.30000000000001);
#3583=CIRCLE('',#10338,1.5);
#3584=CIRCLE('',#10339,1.30000000000003);
#3585=CIRCLE('',#10342,1.8);
#3586=CIRCLE('',#10344,0.199999999999987);
#3587=CIRCLE('',#10346,1.3);
#3588=CIRCLE('',#10350,1.5);
#3589=CIRCLE('',#10354,1.5);
#3590=CIRCLE('',#10356,1.5);
#3591=CIRCLE('',#10357,0.500000000000018);
#3592=CIRCLE('',#10360,7.00000000000001);
#3593=CIRCLE('',#10362,4.7);
#3594=CIRCLE('',#10363,3.4);
#3595=CIRCLE('',#10364,3.4);
#3596=CIRCLE('',#10365,4.7);
#3597=CIRCLE('',#10367,2.75);
#3598=CIRCLE('',#10369,4.5);
#3599=CIRCLE('',#10371,4.5);
#3600=CIRCLE('',#10372,4.5);
#3601=CIRCLE('',#10375,4.5);
#3602=CIRCLE('',#10376,4.5);
#3603=CIRCLE('',#10378,4.5);
#3604=CIRCLE('',#10380,2.75);
#3605=CIRCLE('',#10409,0.4);
#3606=CIRCLE('',#10411,3.5);
#3607=CIRCLE('',#10412,4.49999999999999);
#3608=CIRCLE('',#10414,0.4);
#3609=CIRCLE('',#10416,8.5);
#3610=CIRCLE('',#10417,8.7);
#3611=CIRCLE('',#10421,1.3);
#3612=CIRCLE('',#10424,0.4);
#3613=CIRCLE('',#10425,0.199999999999999);
#3614=CIRCLE('',#10427,1.59999999999999);
#3615=CIRCLE('',#10428,1.8);
#3616=CIRCLE('',#10430,0.4);
#3617=CIRCLE('',#10436,1.3);
#3618=CIRCLE('',#10437,1.5);
#3619=CIRCLE('',#10440,1.3);
#3620=CIRCLE('',#10441,1.5);
#3621=CIRCLE('',#10444,1.3);
#3622=CIRCLE('',#10445,1.5);
#3623=CIRCLE('',#10448,3.2);
#3624=CIRCLE('',#10449,3.);
#3625=CIRCLE('',#10452,1.3);
#3626=CIRCLE('',#10453,1.5);
#3627=CIRCLE('',#10456,1.3);
#3628=CIRCLE('',#10457,1.5);
#3629=CIRCLE('',#10460,3.2);
#3630=CIRCLE('',#10461,3.);
#3631=CIRCLE('',#10464,1.3);
#3632=CIRCLE('',#10465,1.5);
#3633=CIRCLE('',#10470,1.5);
#3634=CIRCLE('',#10473,3.);
#3635=CIRCLE('',#10476,1.5);
#3636=CIRCLE('',#10479,1.5);
#3637=CIRCLE('',#10482,3.);
#3638=CIRCLE('',#10485,1.5);
#3639=CIRCLE('',#10494,7.6);
#3640=CIRCLE('',#10495,7.6);
#3641=CIRCLE('',#10496,7.8);
#3642=CIRCLE('',#10498,0.4);
#3643=CIRCLE('',#10499,1.59999999999999);
#3644=CIRCLE('',#10500,0.4);
#3645=CIRCLE('',#10501,0.4);
#3646=CIRCLE('',#10502,8.5);
#3647=CIRCLE('',#10503,0.4);
#3648=CIRCLE('',#10504,4.49999999999999);
#3649=CIRCLE('',#10506,7.6);
#3650=CIRCLE('',#10508,6.7);
#3651=CIRCLE('',#10509,6.5);
#3652=CIRCLE('',#10511,6.5);
#3653=CIRCLE('',#10514,1.55);
#3654=CIRCLE('',#10515,1.75);
#3655=CIRCLE('',#10517,2.5);
#3656=CIRCLE('',#10519,1.55);
#3657=CIRCLE('',#10520,1.55);
#3658=CIRCLE('',#10522,1.75);
#3659=CIRCLE('',#10523,1.55);
#3660=CIRCLE('',#10525,2.55);
#3661=CIRCLE('',#10527,1.55);
#3662=CIRCLE('',#10528,1.55);
#3663=CIRCLE('',#10530,2.55);
#3664=CIRCLE('',#10531,2.55);
#3665=CIRCLE('',#10532,2.75);
#3666=CIRCLE('',#10534,2.7);
#3667=CIRCLE('',#10537,2.5);
#3668=CIRCLE('',#10538,2.5);
#3669=CIRCLE('',#10541,2.75);
#3670=CIRCLE('',#10542,2.55000000000001);
#3671=CIRCLE('',#10544,1.79999999999999);
#3672=CIRCLE('',#10545,0.200000000000002);
#3673=CIRCLE('',#10546,1.3);
#3674=CIRCLE('',#10547,1.29999999999999);
#3675=CIRCLE('',#10548,1.30000000000001);
#3676=CIRCLE('',#10549,0.200000000000001);
#3677=CIRCLE('',#10550,1.8);
#3678=CIRCLE('',#10551,0.4);
#3679=CIRCLE('',#10552,2.75);
#3680=CIRCLE('',#10554,2.55000000000001);
#3681=CIRCLE('',#10556,2.55000000000001);
#3682=CIRCLE('',#10558,2.55000000000001);
#3683=CIRCLE('',#10560,1.6);
#3684=CIRCLE('',#10562,0.4);
#3685=CIRCLE('',#10565,1.5);
#3686=CIRCLE('',#10568,1.5);
#3687=CIRCLE('',#10571,1.5);
#3688=CIRCLE('',#10574,0.4);
#3689=CIRCLE('',#10577,1.59999999999999);
#3690=CIRCLE('',#10587,4.);
#3691=CIRCLE('',#10590,0.500000000000002);
#3692=CIRCLE('',#10593,0.499999999999989);
#3693=CIRCLE('',#10596,3.99999999999999);
#3694=CIRCLE('',#10599,0.500000000000069);
#3695=CIRCLE('',#10602,1.5);
#3696=CIRCLE('',#10606,1.3);
#3697=CIRCLE('',#10608,4.);
#3698=CIRCLE('',#10611,1.5);
#3699=CIRCLE('',#10613,1.5);
#3700=CIRCLE('',#10614,1.30000000000001);
#3701=CIRCLE('',#10617,1.5);
#3702=CIRCLE('',#10618,1.30000000000003);
#3703=CIRCLE('',#10621,1.6);
#3704=CIRCLE('',#10622,1.8);
#3705=CIRCLE('',#10624,0.4);
#3706=CIRCLE('',#10625,0.199999999999987);
#3707=CIRCLE('',#10627,1.3);
#3708=CIRCLE('',#10633,1.5);
#3709=CIRCLE('',#10637,1.5);
#3710=CIRCLE('',#10639,0.500000000000018);
#3711=CIRCLE('',#10642,7.00000000000001);
#3712=CIRCLE('',#10644,4.7);
#3713=CIRCLE('',#10645,3.4);
#3714=CIRCLE('',#10646,3.4);
#3715=CIRCLE('',#10647,4.7);
#3716=CIRCLE('',#10649,2.75);
#3717=CIRCLE('',#10651,4.5);
#3718=CIRCLE('',#10653,4.5);
#3719=CIRCLE('',#10654,4.5);
#3720=CIRCLE('',#10657,4.5);
#3721=CIRCLE('',#10658,4.5);
#3722=CIRCLE('',#10660,4.5);
#3723=CIRCLE('',#10662,2.75);
#3724=CIRCLE('',#10684,1.666);
#3725=CIRCLE('',#10685,1.666);
#3726=CIRCLE('',#10687,1.666);
#3727=CIRCLE('',#10690,1.666);
#3728=CIRCLE('',#10692,1.666);
#3729=CIRCLE('',#10695,5.);
#3730=CIRCLE('',#10696,5.);
#3731=CIRCLE('',#10698,2.5);
#3732=CIRCLE('',#10700,5.);
#3733=CIRCLE('',#10701,5.);
#3734=CIRCLE('',#10703,2.5);
#3735=CIRCLE('',#10705,0.55);
#3736=CIRCLE('',#10706,0.16);
#3737=CIRCLE('',#10707,6.11);
#3738=CIRCLE('',#10708,0.16);
#3739=CIRCLE('',#10709,0.55);
#3740=CIRCLE('',#10710,0.16);
#3741=CIRCLE('',#10711,6.11);
#3742=CIRCLE('',#10712,0.16);
#3743=CIRCLE('',#10713,0.55);
#3744=CIRCLE('',#10714,0.16);
#3745=CIRCLE('',#10715,6.11);
#3746=CIRCLE('',#10716,0.16);
#3747=CIRCLE('',#10717,0.55);
#3748=CIRCLE('',#10718,0.16);
#3749=CIRCLE('',#10719,6.11);
#3750=CIRCLE('',#10720,0.16);
#3751=CIRCLE('',#10721,0.55);
#3752=CIRCLE('',#10722,0.16);
#3753=CIRCLE('',#10723,6.11);
#3754=CIRCLE('',#10724,0.16);
#3755=CIRCLE('',#10725,0.55);
#3756=CIRCLE('',#10726,0.16);
#3757=CIRCLE('',#10727,6.11);
#3758=CIRCLE('',#10728,0.16);
#3759=CIRCLE('',#10729,0.55);
#3760=CIRCLE('',#10730,0.16);
#3761=CIRCLE('',#10731,6.11);
#3762=CIRCLE('',#10732,0.16);
#3763=CIRCLE('',#10733,0.55);
#3764=CIRCLE('',#10734,0.16);
#3765=CIRCLE('',#10735,6.11);
#3766=CIRCLE('',#10736,0.16);
#3767=CIRCLE('',#10737,0.55);
#3768=CIRCLE('',#10738,0.16);
#3769=CIRCLE('',#10739,6.11);
#3770=CIRCLE('',#10740,0.16);
#3771=CIRCLE('',#10741,0.55);
#3772=CIRCLE('',#10742,0.16);
#3773=CIRCLE('',#10743,6.11);
#3774=CIRCLE('',#10744,0.16);
#3775=CIRCLE('',#10745,0.55);
#3776=CIRCLE('',#10746,0.16);
#3777=CIRCLE('',#10747,6.11);
#3778=CIRCLE('',#10748,0.16);
#3779=CIRCLE('',#10749,0.55);
#3780=CIRCLE('',#10750,0.16);
#3781=CIRCLE('',#10751,6.11);
#3782=CIRCLE('',#10752,0.16);
#3783=CIRCLE('',#10753,0.55);
#3784=CIRCLE('',#10754,0.16);
#3785=CIRCLE('',#10755,6.11);
#3786=CIRCLE('',#10756,0.16);
#3787=CIRCLE('',#10757,0.55);
#3788=CIRCLE('',#10758,0.16);
#3789=CIRCLE('',#10759,6.11);
#3790=CIRCLE('',#10760,0.16);
#3791=CIRCLE('',#10761,0.55);
#3792=CIRCLE('',#10762,0.16);
#3793=CIRCLE('',#10763,6.11);
#3794=CIRCLE('',#10764,0.16);
#3795=CIRCLE('',#10765,0.55);
#3796=CIRCLE('',#10766,0.16);
#3797=CIRCLE('',#10767,6.11);
#3798=CIRCLE('',#10768,0.16);
#3799=CIRCLE('',#10769,0.55);
#3800=CIRCLE('',#10770,0.16);
#3801=CIRCLE('',#10771,6.11);
#3802=CIRCLE('',#10772,0.16);
#3803=CIRCLE('',#10773,0.55);
#3804=CIRCLE('',#10774,0.16);
#3805=CIRCLE('',#10775,6.11);
#3806=CIRCLE('',#10776,0.16);
#3807=CIRCLE('',#10777,0.55);
#3808=CIRCLE('',#10778,0.16);
#3809=CIRCLE('',#10779,6.11);
#3810=CIRCLE('',#10780,0.16);
#3811=CIRCLE('',#10781,0.55);
#3812=CIRCLE('',#10782,0.16);
#3813=CIRCLE('',#10783,6.11);
#3814=CIRCLE('',#10784,0.16);
#3815=CIRCLE('',#10786,0.55);
#3816=CIRCLE('',#10787,0.16);
#3817=CIRCLE('',#10788,6.11);
#3818=CIRCLE('',#10789,0.16);
#3819=CIRCLE('',#10790,0.55);
#3820=CIRCLE('',#10791,0.16);
#3821=CIRCLE('',#10792,6.11);
#3822=CIRCLE('',#10793,0.16);
#3823=CIRCLE('',#10794,0.55);
#3824=CIRCLE('',#10795,0.16);
#3825=CIRCLE('',#10796,6.11);
#3826=CIRCLE('',#10797,0.16);
#3827=CIRCLE('',#10798,0.55);
#3828=CIRCLE('',#10799,0.16);
#3829=CIRCLE('',#10800,6.11);
#3830=CIRCLE('',#10801,0.16);
#3831=CIRCLE('',#10802,0.55);
#3832=CIRCLE('',#10803,0.16);
#3833=CIRCLE('',#10804,6.11);
#3834=CIRCLE('',#10805,0.16);
#3835=CIRCLE('',#10806,0.55);
#3836=CIRCLE('',#10807,0.16);
#3837=CIRCLE('',#10808,6.11);
#3838=CIRCLE('',#10809,0.16);
#3839=CIRCLE('',#10810,0.55);
#3840=CIRCLE('',#10811,0.16);
#3841=CIRCLE('',#10812,6.11);
#3842=CIRCLE('',#10813,0.16);
#3843=CIRCLE('',#10814,0.55);
#3844=CIRCLE('',#10815,0.16);
#3845=CIRCLE('',#10816,6.11);
#3846=CIRCLE('',#10817,0.16);
#3847=CIRCLE('',#10818,0.55);
#3848=CIRCLE('',#10819,0.16);
#3849=CIRCLE('',#10820,6.11);
#3850=CIRCLE('',#10821,0.16);
#3851=CIRCLE('',#10822,0.55);
#3852=CIRCLE('',#10823,0.16);
#3853=CIRCLE('',#10824,6.11);
#3854=CIRCLE('',#10825,0.16);
#3855=CIRCLE('',#10826,0.55);
#3856=CIRCLE('',#10827,0.16);
#3857=CIRCLE('',#10828,6.11);
#3858=CIRCLE('',#10829,0.16);
#3859=CIRCLE('',#10830,0.55);
#3860=CIRCLE('',#10831,0.16);
#3861=CIRCLE('',#10832,6.11);
#3862=CIRCLE('',#10833,0.16);
#3863=CIRCLE('',#10834,0.55);
#3864=CIRCLE('',#10835,0.16);
#3865=CIRCLE('',#10836,6.11);
#3866=CIRCLE('',#10837,0.16);
#3867=CIRCLE('',#10838,0.55);
#3868=CIRCLE('',#10839,0.16);
#3869=CIRCLE('',#10840,6.11);
#3870=CIRCLE('',#10841,0.16);
#3871=CIRCLE('',#10842,0.55);
#3872=CIRCLE('',#10843,0.16);
#3873=CIRCLE('',#10844,6.11);
#3874=CIRCLE('',#10845,0.16);
#3875=CIRCLE('',#10846,0.55);
#3876=CIRCLE('',#10847,0.16);
#3877=CIRCLE('',#10848,6.11);
#3878=CIRCLE('',#10849,0.16);
#3879=CIRCLE('',#10850,0.55);
#3880=CIRCLE('',#10851,0.16);
#3881=CIRCLE('',#10852,6.11);
#3882=CIRCLE('',#10853,0.16);
#3883=CIRCLE('',#10854,0.55);
#3884=CIRCLE('',#10855,0.16);
#3885=CIRCLE('',#10856,6.11);
#3886=CIRCLE('',#10857,0.16);
#3887=CIRCLE('',#10858,0.55);
#3888=CIRCLE('',#10859,0.16);
#3889=CIRCLE('',#10860,6.11);
#3890=CIRCLE('',#10861,0.16);
#3891=CIRCLE('',#10862,0.55);
#3892=CIRCLE('',#10863,0.16);
#3893=CIRCLE('',#10864,6.11);
#3894=CIRCLE('',#10865,0.16);
#3895=CIRCLE('',#10949,7.5);
#3896=CIRCLE('',#10950,7.3);
#3897=CIRCLE('',#10952,7.5);
#3898=CIRCLE('',#10954,5.);
#3899=CIRCLE('',#10956,7.3);
#3900=CIRCLE('',#10958,5.);
#3901=CIRCLE('',#10962,1.666);
#3902=CIRCLE('',#10964,1.666);
#3903=CIRCLE('',#10968,7.5);
#3904=CIRCLE('',#10969,7.3);
#3905=CIRCLE('',#10971,7.5);
#3906=CIRCLE('',#10973,5.);
#3907=CIRCLE('',#10975,7.3);
#3908=CIRCLE('',#10977,5.);
#3909=CIRCLE('',#10981,1.454);
#3910=CIRCLE('',#10982,1.954);
#3911=CIRCLE('',#10984,1.954);
#3912=VERTEX_POINT('',#14119);
#3913=VERTEX_POINT('',#14120);
#3914=VERTEX_POINT('',#14122);
#3915=VERTEX_POINT('',#14127);
#3916=VERTEX_POINT('',#14130);
#3917=VERTEX_POINT('',#14132);
#3918=VERTEX_POINT('',#14138);
#3919=VERTEX_POINT('',#14142);
#3920=VERTEX_POINT('',#14143);
#3921=VERTEX_POINT('',#14145);
#3922=VERTEX_POINT('',#14147);
#3923=VERTEX_POINT('',#14149);
#3924=VERTEX_POINT('',#14151);
#3925=VERTEX_POINT('',#14180);
#3926=VERTEX_POINT('',#14181);
#3927=VERTEX_POINT('',#14183);
#3928=VERTEX_POINT('',#14185);
#3929=VERTEX_POINT('',#14187);
#3930=VERTEX_POINT('',#14189);
#3931=VERTEX_POINT('',#14206);
#3932=VERTEX_POINT('',#14207);
#3933=VERTEX_POINT('',#14209);
#3934=VERTEX_POINT('',#14211);
#3935=VERTEX_POINT('',#14213);
#3936=VERTEX_POINT('',#14215);
#3937=VERTEX_POINT('',#14217);
#3938=VERTEX_POINT('',#14219);
#3939=VERTEX_POINT('',#14221);
#3940=VERTEX_POINT('',#14223);
#3941=VERTEX_POINT('',#14225);
#3942=VERTEX_POINT('',#14227);
#3943=VERTEX_POINT('',#14229);
#3944=VERTEX_POINT('',#14231);
#3945=VERTEX_POINT('',#14235);
#3946=VERTEX_POINT('',#14236);
#3947=VERTEX_POINT('',#14238);
#3948=VERTEX_POINT('',#14240);
#3949=VERTEX_POINT('',#14242);
#3950=VERTEX_POINT('',#14244);
#3951=VERTEX_POINT('',#14246);
#3952=VERTEX_POINT('',#14248);
#3953=VERTEX_POINT('',#14250);
#3954=VERTEX_POINT('',#14252);
#3955=VERTEX_POINT('',#14254);
#3956=VERTEX_POINT('',#14256);
#3957=VERTEX_POINT('',#14258);
#3958=VERTEX_POINT('',#14260);
#3959=VERTEX_POINT('',#14264);
#3960=VERTEX_POINT('',#14265);
#3961=VERTEX_POINT('',#14267);
#3962=VERTEX_POINT('',#14269);
#3963=VERTEX_POINT('',#14286);
#3964=VERTEX_POINT('',#14291);
#3965=VERTEX_POINT('',#14293);
#3966=VERTEX_POINT('',#14350);
#3967=VERTEX_POINT('',#14360);
#3968=VERTEX_POINT('',#14384);
#3969=VERTEX_POINT('',#14386);
#3970=VERTEX_POINT('',#14400);
#3971=VERTEX_POINT('',#14405);
#3972=VERTEX_POINT('',#14472);
#3973=VERTEX_POINT('',#14480);
#3974=VERTEX_POINT('',#14482);
#3975=VERTEX_POINT('',#14484);
#3976=VERTEX_POINT('',#14499);
#3977=VERTEX_POINT('',#14501);
#3978=VERTEX_POINT('',#14543);
#3979=VERTEX_POINT('',#14544);
#3980=VERTEX_POINT('',#14546);
#3981=VERTEX_POINT('',#14551);
#3982=VERTEX_POINT('',#14554);
#3983=VERTEX_POINT('',#14558);
#3984=VERTEX_POINT('',#14562);
#3985=VERTEX_POINT('',#14564);
#3986=VERTEX_POINT('',#14568);
#3987=VERTEX_POINT('',#14571);
#3988=VERTEX_POINT('',#14575);
#3989=VERTEX_POINT('',#14580);
#3990=VERTEX_POINT('',#14582);
#3991=VERTEX_POINT('',#14586);
#3992=VERTEX_POINT('',#14590);
#3993=VERTEX_POINT('',#14594);
#3994=VERTEX_POINT('',#14597);
#3995=VERTEX_POINT('',#14601);
#3996=VERTEX_POINT('',#14605);
#3997=VERTEX_POINT('',#14607);
#3998=VERTEX_POINT('',#14611);
#3999=VERTEX_POINT('',#14614);
#4000=VERTEX_POINT('',#14622);
#4001=VERTEX_POINT('',#14624);
#4002=VERTEX_POINT('',#14626);
#4003=VERTEX_POINT('',#14630);
#4004=VERTEX_POINT('',#14632);
#4005=VERTEX_POINT('',#14636);
#4006=VERTEX_POINT('',#14640);
#4007=VERTEX_POINT('',#14643);
#4008=VERTEX_POINT('',#14647);
#4009=VERTEX_POINT('',#14650);
#4010=VERTEX_POINT('',#14654);
#4011=VERTEX_POINT('',#14658);
#4012=VERTEX_POINT('',#14662);
#4013=VERTEX_POINT('',#14664);
#4014=VERTEX_POINT('',#14671);
#4015=VERTEX_POINT('',#14677);
#4016=VERTEX_POINT('',#14679);
#4017=VERTEX_POINT('',#14683);
#4018=VERTEX_POINT('',#14687);
#4019=VERTEX_POINT('',#14694);
#4020=VERTEX_POINT('',#14695);
#4021=VERTEX_POINT('',#14701);
#4022=VERTEX_POINT('',#14702);
#4023=VERTEX_POINT('',#14704);
#4024=VERTEX_POINT('',#14706);
#4025=VERTEX_POINT('',#14711);
#4026=VERTEX_POINT('',#14715);
#4027=VERTEX_POINT('',#14716);
#4028=VERTEX_POINT('',#14719);
#4029=VERTEX_POINT('',#14726);
#4030=VERTEX_POINT('',#14728);
#4031=VERTEX_POINT('',#14730);
#4032=VERTEX_POINT('',#14732);
#4033=VERTEX_POINT('',#14736);
#4034=VERTEX_POINT('',#14741);
#4035=VERTEX_POINT('',#14745);
#4036=VERTEX_POINT('',#14749);
#4037=VERTEX_POINT('',#14756);
#4038=VERTEX_POINT('',#14763);
#4039=VERTEX_POINT('',#14782);
#4040=VERTEX_POINT('',#14784);
#4041=VERTEX_POINT('',#14788);
#4042=VERTEX_POINT('',#14793);
#4043=VERTEX_POINT('',#14799);
#4044=VERTEX_POINT('',#14801);
#4045=VERTEX_POINT('',#14803);
#4046=VERTEX_POINT('',#14807);
#4047=VERTEX_POINT('',#14811);
#4048=VERTEX_POINT('',#14815);
#4049=VERTEX_POINT('',#14817);
#4050=VERTEX_POINT('',#14821);
#4051=VERTEX_POINT('',#14826);
#4052=VERTEX_POINT('',#14832);
#4053=VERTEX_POINT('',#14834);
#4054=VERTEX_POINT('',#14838);
#4055=VERTEX_POINT('',#14842);
#4056=VERTEX_POINT('',#14845);
#4057=VERTEX_POINT('',#14849);
#4058=VERTEX_POINT('',#14852);
#4059=VERTEX_POINT('',#14856);
#4060=VERTEX_POINT('',#14863);
#4061=VERTEX_POINT('',#14865);
#4062=VERTEX_POINT('',#14869);
#4063=VERTEX_POINT('',#14872);
#4064=VERTEX_POINT('',#14873);
#4065=VERTEX_POINT('',#14878);
#4066=VERTEX_POINT('',#14882);
#4067=VERTEX_POINT('',#14886);
#4068=VERTEX_POINT('',#14890);
#4069=VERTEX_POINT('',#14893);
#4070=VERTEX_POINT('',#14895);
#4071=VERTEX_POINT('',#14899);
#4072=VERTEX_POINT('',#14902);
#4073=VERTEX_POINT('',#14906);
#4074=VERTEX_POINT('',#14910);
#4075=VERTEX_POINT('',#14914);
#4076=VERTEX_POINT('',#14918);
#4077=VERTEX_POINT('',#14923);
#4078=VERTEX_POINT('',#14927);
#4079=VERTEX_POINT('',#14930);
#4080=VERTEX_POINT('',#14934);
#4081=VERTEX_POINT('',#14938);
#4082=VERTEX_POINT('',#14940);
#4083=VERTEX_POINT('',#14944);
#4084=VERTEX_POINT('',#14947);
#4085=VERTEX_POINT('',#14955);
#4086=VERTEX_POINT('',#14956);
#4087=VERTEX_POINT('',#14958);
#4088=VERTEX_POINT('',#14960);
#4089=VERTEX_POINT('',#14964);
#4090=VERTEX_POINT('',#14973);
#4091=VERTEX_POINT('',#14977);
#4092=VERTEX_POINT('',#14982);
#4093=VERTEX_POINT('',#14993);
#4094=VERTEX_POINT('',#14995);
#4095=VERTEX_POINT('',#14999);
#4096=VERTEX_POINT('',#15001);
#4097=VERTEX_POINT('',#15005);
#4098=VERTEX_POINT('',#15007);
#4099=VERTEX_POINT('',#15011);
#4100=VERTEX_POINT('',#15022);
#4101=VERTEX_POINT('',#15024);
#4102=VERTEX_POINT('',#15026);
#4103=VERTEX_POINT('',#15049);
#4104=VERTEX_POINT('',#15050);
#4105=VERTEX_POINT('',#15054);
#4106=VERTEX_POINT('',#15056);
#4107=VERTEX_POINT('',#15058);
#4108=VERTEX_POINT('',#15060);
#4109=VERTEX_POINT('',#15082);
#4110=VERTEX_POINT('',#15084);
#4111=VERTEX_POINT('',#15088);
#4112=VERTEX_POINT('',#15090);
#4113=VERTEX_POINT('',#15094);
#4114=VERTEX_POINT('',#15096);
#4115=VERTEX_POINT('',#15100);
#4116=VERTEX_POINT('',#15101);
#4117=VERTEX_POINT('',#15105);
#4118=VERTEX_POINT('',#15107);
#4119=VERTEX_POINT('',#15109);
#4120=VERTEX_POINT('',#15119);
#4121=VERTEX_POINT('',#15121);
#4122=VERTEX_POINT('',#15123);
#4123=VERTEX_POINT('',#15127);
#4124=VERTEX_POINT('',#15129);
#4125=VERTEX_POINT('',#15136);
#4126=VERTEX_POINT('',#15138);
#4127=VERTEX_POINT('',#15142);
#4128=VERTEX_POINT('',#15143);
#4129=VERTEX_POINT('',#15145);
#4130=VERTEX_POINT('',#15147);
#4131=VERTEX_POINT('',#15149);
#4132=VERTEX_POINT('',#15151);
#4133=VERTEX_POINT('',#15153);
#4134=VERTEX_POINT('',#15155);
#4135=VERTEX_POINT('',#15157);
#4136=VERTEX_POINT('',#15159);
#4137=VERTEX_POINT('',#15161);
#4138=VERTEX_POINT('',#15163);
#4139=VERTEX_POINT('',#15165);
#4140=VERTEX_POINT('',#15167);
#4141=VERTEX_POINT('',#15170);
#4142=VERTEX_POINT('',#15173);
#4143=VERTEX_POINT('',#15177);
#4144=VERTEX_POINT('',#15181);
#4145=VERTEX_POINT('',#15185);
#4146=VERTEX_POINT('',#15189);
#4147=VERTEX_POINT('',#15193);
#4148=VERTEX_POINT('',#15197);
#4149=VERTEX_POINT('',#15201);
#4150=VERTEX_POINT('',#15205);
#4151=VERTEX_POINT('',#15209);
#4152=VERTEX_POINT('',#15213);
#4153=VERTEX_POINT('',#15217);
#4154=VERTEX_POINT('',#15221);
#4155=VERTEX_POINT('',#15225);
#4156=VERTEX_POINT('',#15229);
#4157=VERTEX_POINT('',#15233);
#4158=VERTEX_POINT('',#15245);
#4159=VERTEX_POINT('',#15247);
#4160=VERTEX_POINT('',#15251);
#4161=VERTEX_POINT('',#15255);
#4162=VERTEX_POINT('',#15257);
#4163=VERTEX_POINT('',#15261);
#4164=VERTEX_POINT('',#15263);
#4165=VERTEX_POINT('',#15265);
#4166=VERTEX_POINT('',#15269);
#4167=VERTEX_POINT('',#15271);
#4168=VERTEX_POINT('',#15275);
#4169=VERTEX_POINT('',#15279);
#4170=VERTEX_POINT('',#15283);
#4171=VERTEX_POINT('',#15287);
#4172=VERTEX_POINT('',#15289);
#4173=VERTEX_POINT('',#15291);
#4174=VERTEX_POINT('',#15297);
#4175=VERTEX_POINT('',#15312);
#4176=VERTEX_POINT('',#15314);
#4177=VERTEX_POINT('',#15320);
#4178=VERTEX_POINT('',#15324);
#4179=VERTEX_POINT('',#15328);
#4180=VERTEX_POINT('',#15330);
#4181=VERTEX_POINT('',#15334);
#4182=VERTEX_POINT('',#15337);
#4183=VERTEX_POINT('',#15339);
#4184=VERTEX_POINT('',#15343);
#4185=VERTEX_POINT('',#15345);
#4186=VERTEX_POINT('',#15347);
#4187=VERTEX_POINT('',#15354);
#4188=VERTEX_POINT('',#15356);
#4189=VERTEX_POINT('',#15358);
#4190=VERTEX_POINT('',#15362);
#4191=VERTEX_POINT('',#15364);
#4192=VERTEX_POINT('',#15366);
#4193=VERTEX_POINT('',#15368);
#4194=VERTEX_POINT('',#15370);
#4195=VERTEX_POINT('',#15372);
#4196=VERTEX_POINT('',#15374);
#4197=VERTEX_POINT('',#15376);
#4198=VERTEX_POINT('',#15378);
#4199=VERTEX_POINT('',#15380);
#4200=VERTEX_POINT('',#15382);
#4201=VERTEX_POINT('',#15384);
#4202=VERTEX_POINT('',#15386);
#4203=VERTEX_POINT('',#15388);
#4204=VERTEX_POINT('',#15390);
#4205=VERTEX_POINT('',#15392);
#4206=VERTEX_POINT('',#15394);
#4207=VERTEX_POINT('',#15396);
#4208=VERTEX_POINT('',#15398);
#4209=VERTEX_POINT('',#15400);
#4210=VERTEX_POINT('',#15402);
#4211=VERTEX_POINT('',#15404);
#4212=VERTEX_POINT('',#15406);
#4213=VERTEX_POINT('',#15408);
#4214=VERTEX_POINT('',#15410);
#4215=VERTEX_POINT('',#15413);
#4216=VERTEX_POINT('',#15416);
#4217=VERTEX_POINT('',#15420);
#4218=VERTEX_POINT('',#15422);
#4219=VERTEX_POINT('',#15426);
#4220=VERTEX_POINT('',#15431);
#4221=VERTEX_POINT('',#15433);
#4222=VERTEX_POINT('',#15437);
#4223=VERTEX_POINT('',#15441);
#4224=VERTEX_POINT('',#15445);
#4225=VERTEX_POINT('',#15449);
#4226=VERTEX_POINT('',#15453);
#4227=VERTEX_POINT('',#15457);
#4228=VERTEX_POINT('',#15461);
#4229=VERTEX_POINT('',#15465);
#4230=VERTEX_POINT('',#15469);
#4231=VERTEX_POINT('',#15473);
#4232=VERTEX_POINT('',#15477);
#4233=VERTEX_POINT('',#15481);
#4234=VERTEX_POINT('',#15485);
#4235=VERTEX_POINT('',#15489);
#4236=VERTEX_POINT('',#15497);
#4237=VERTEX_POINT('',#15499);
#4238=VERTEX_POINT('',#15503);
#4239=VERTEX_POINT('',#15506);
#4240=VERTEX_POINT('',#15508);
#4241=VERTEX_POINT('',#15512);
#4242=VERTEX_POINT('',#15514);
#4243=VERTEX_POINT('',#15516);
#4244=VERTEX_POINT('',#15520);
#4245=VERTEX_POINT('',#15525);
#4246=VERTEX_POINT('',#15545);
#4247=VERTEX_POINT('',#15546);
#4248=VERTEX_POINT('',#15548);
#4249=VERTEX_POINT('',#15550);
#4250=VERTEX_POINT('',#15554);
#4251=VERTEX_POINT('',#15556);
#4252=VERTEX_POINT('',#15560);
#4253=VERTEX_POINT('',#15562);
#4254=VERTEX_POINT('',#15566);
#4255=VERTEX_POINT('',#15568);
#4256=VERTEX_POINT('',#15572);
#4257=VERTEX_POINT('',#15574);
#4258=VERTEX_POINT('',#15578);
#4259=VERTEX_POINT('',#15580);
#4260=VERTEX_POINT('',#15584);
#4261=VERTEX_POINT('',#15586);
#4262=VERTEX_POINT('',#15590);
#4263=VERTEX_POINT('',#15592);
#4264=VERTEX_POINT('',#15596);
#4265=VERTEX_POINT('',#15598);
#4266=VERTEX_POINT('',#15602);
#4267=VERTEX_POINT('',#15603);
#4268=VERTEX_POINT('',#15605);
#4269=VERTEX_POINT('',#15607);
#4270=VERTEX_POINT('',#15609);
#4271=VERTEX_POINT('',#15611);
#4272=VERTEX_POINT('',#15613);
#4273=VERTEX_POINT('',#15615);
#4274=VERTEX_POINT('',#15619);
#4275=VERTEX_POINT('',#15623);
#4276=VERTEX_POINT('',#15630);
#4277=VERTEX_POINT('',#15631);
#4278=VERTEX_POINT('',#15633);
#4279=VERTEX_POINT('',#15635);
#4280=VERTEX_POINT('',#15639);
#4281=VERTEX_POINT('',#15643);
#4282=VERTEX_POINT('',#15647);
#4283=VERTEX_POINT('',#15651);
#4284=VERTEX_POINT('',#15655);
#4285=VERTEX_POINT('',#15657);
#4286=VERTEX_POINT('',#15666);
#4287=VERTEX_POINT('',#15668);
#4288=VERTEX_POINT('',#15672);
#4289=VERTEX_POINT('',#15674);
#4290=VERTEX_POINT('',#15678);
#4291=VERTEX_POINT('',#15680);
#4292=VERTEX_POINT('',#15685);
#4293=VERTEX_POINT('',#15689);
#4294=VERTEX_POINT('',#15693);
#4295=VERTEX_POINT('',#15697);
#4296=VERTEX_POINT('',#15699);
#4297=VERTEX_POINT('',#15705);
#4298=VERTEX_POINT('',#15707);
#4299=VERTEX_POINT('',#15711);
#4300=VERTEX_POINT('',#15717);
#4301=VERTEX_POINT('',#15719);
#4302=VERTEX_POINT('',#15725);
#4303=VERTEX_POINT('',#15727);
#4304=VERTEX_POINT('',#15734);
#4305=VERTEX_POINT('',#15738);
#4306=VERTEX_POINT('',#15740);
#4307=VERTEX_POINT('',#15742);
#4308=VERTEX_POINT('',#15744);
#4309=VERTEX_POINT('',#15747);
#4310=VERTEX_POINT('',#15751);
#4311=VERTEX_POINT('',#15754);
#4312=VERTEX_POINT('',#15756);
#4313=VERTEX_POINT('',#15762);
#4314=VERTEX_POINT('',#15764);
#4315=VERTEX_POINT('',#15768);
#4316=VERTEX_POINT('',#15772);
#4317=VERTEX_POINT('',#15827);
#4318=VERTEX_POINT('',#15828);
#4319=VERTEX_POINT('',#15843);
#4320=VERTEX_POINT('',#15847);
#4321=VERTEX_POINT('',#15849);
#4322=VERTEX_POINT('',#15851);
#4323=VERTEX_POINT('',#15864);
#4324=VERTEX_POINT('',#15865);
#4325=VERTEX_POINT('',#15870);
#4326=VERTEX_POINT('',#15872);
#4327=VERTEX_POINT('',#15874);
#4328=VERTEX_POINT('',#15876);
#4329=VERTEX_POINT('',#15880);
#4330=VERTEX_POINT('',#15891);
#4331=VERTEX_POINT('',#15895);
#4332=VERTEX_POINT('',#15908);
#4333=VERTEX_POINT('',#15917);
#4334=VERTEX_POINT('',#15924);
#4335=VERTEX_POINT('',#15926);
#4336=VERTEX_POINT('',#15928);
#4337=VERTEX_POINT('',#15932);
#4338=VERTEX_POINT('',#15937);
#4339=VERTEX_POINT('',#15939);
#4340=VERTEX_POINT('',#15945);
#4341=VERTEX_POINT('',#15947);
#4342=VERTEX_POINT('',#15951);
#4343=VERTEX_POINT('',#15953);
#4344=VERTEX_POINT('',#15957);
#4345=VERTEX_POINT('',#15959);
#4346=VERTEX_POINT('',#15963);
#4347=VERTEX_POINT('',#15964);
#4348=VERTEX_POINT('',#15968);
#4349=VERTEX_POINT('',#15970);
#4350=VERTEX_POINT('',#15972);
#4351=VERTEX_POINT('',#15974);
#4352=VERTEX_POINT('',#15999);
#4353=VERTEX_POINT('',#16000);
#4354=VERTEX_POINT('',#16002);
#4355=VERTEX_POINT('',#16004);
#4356=VERTEX_POINT('',#16008);
#4357=VERTEX_POINT('',#16009);
#4358=VERTEX_POINT('',#16014);
#4359=VERTEX_POINT('',#16015);
#4360=VERTEX_POINT('',#16020);
#4361=VERTEX_POINT('',#16021);
#4362=VERTEX_POINT('',#16026);
#4363=VERTEX_POINT('',#16027);
#4364=VERTEX_POINT('',#16032);
#4365=VERTEX_POINT('',#16033);
#4366=VERTEX_POINT('',#16038);
#4367=VERTEX_POINT('',#16039);
#4368=VERTEX_POINT('',#16044);
#4369=VERTEX_POINT('',#16045);
#4370=VERTEX_POINT('',#16050);
#4371=VERTEX_POINT('',#16051);
#4372=VERTEX_POINT('',#16056);
#4373=VERTEX_POINT('',#16057);
#4374=VERTEX_POINT('',#16062);
#4375=VERTEX_POINT('',#16063);
#4376=VERTEX_POINT('',#16068);
#4377=VERTEX_POINT('',#16069);
#4378=VERTEX_POINT('',#16074);
#4379=VERTEX_POINT('',#16075);
#4380=VERTEX_POINT('',#16080);
#4381=VERTEX_POINT('',#16081);
#4382=VERTEX_POINT('',#16086);
#4383=VERTEX_POINT('',#16087);
#4384=VERTEX_POINT('',#16092);
#4385=VERTEX_POINT('',#16093);
#4386=VERTEX_POINT('',#16098);
#4387=VERTEX_POINT('',#16099);
#4388=VERTEX_POINT('',#16104);
#4389=VERTEX_POINT('',#16106);
#4390=VERTEX_POINT('',#16108);
#4391=VERTEX_POINT('',#16110);
#4392=VERTEX_POINT('',#16114);
#4393=VERTEX_POINT('',#16116);
#4394=VERTEX_POINT('',#16120);
#4395=VERTEX_POINT('',#16124);
#4396=VERTEX_POINT('',#16128);
#4397=VERTEX_POINT('',#16132);
#4398=VERTEX_POINT('',#16136);
#4399=VERTEX_POINT('',#16140);
#4400=VERTEX_POINT('',#16144);
#4401=VERTEX_POINT('',#16148);
#4402=VERTEX_POINT('',#16152);
#4403=VERTEX_POINT('',#16156);
#4404=VERTEX_POINT('',#16160);
#4405=VERTEX_POINT('',#16164);
#4406=VERTEX_POINT('',#16166);
#4407=VERTEX_POINT('',#16168);
#4408=VERTEX_POINT('',#16174);
#4409=VERTEX_POINT('',#16178);
#4410=VERTEX_POINT('',#16182);
#4411=VERTEX_POINT('',#16186);
#4412=VERTEX_POINT('',#16187);
#4413=VERTEX_POINT('',#16189);
#4414=VERTEX_POINT('',#16193);
#4415=VERTEX_POINT('',#16197);
#4416=VERTEX_POINT('',#16199);
#4417=VERTEX_POINT('',#16207);
#4418=VERTEX_POINT('',#16208);
#4419=VERTEX_POINT('',#16211);
#4420=VERTEX_POINT('',#16215);
#4421=VERTEX_POINT('',#16217);
#4422=VERTEX_POINT('',#16219);
#4423=VERTEX_POINT('',#16221);
#4424=VERTEX_POINT('',#16223);
#4425=VERTEX_POINT('',#16225);
#4426=VERTEX_POINT('',#16227);
#4427=VERTEX_POINT('',#16229);
#4428=VERTEX_POINT('',#16231);
#4429=VERTEX_POINT('',#16235);
#4430=VERTEX_POINT('',#16239);
#4431=VERTEX_POINT('',#16241);
#4432=VERTEX_POINT('',#16245);
#4433=VERTEX_POINT('',#16250);
#4434=VERTEX_POINT('',#16252);
#4435=VERTEX_POINT('',#16256);
#4436=VERTEX_POINT('',#16259);
#4437=VERTEX_POINT('',#16261);
#4438=VERTEX_POINT('',#16265);
#4439=VERTEX_POINT('',#16267);
#4440=VERTEX_POINT('',#16271);
#4441=VERTEX_POINT('',#16274);
#4442=VERTEX_POINT('',#16276);
#4443=VERTEX_POINT('',#16280);
#4444=VERTEX_POINT('',#16281);
#4445=VERTEX_POINT('',#16284);
#4446=VERTEX_POINT('',#16288);
#4447=VERTEX_POINT('',#16293);
#4448=VERTEX_POINT('',#16295);
#4449=VERTEX_POINT('',#16301);
#4450=VERTEX_POINT('',#16303);
#4451=VERTEX_POINT('',#16307);
#4452=VERTEX_POINT('',#16308);
#4453=VERTEX_POINT('',#16310);
#4454=VERTEX_POINT('',#16312);
#4455=VERTEX_POINT('',#16314);
#4456=VERTEX_POINT('',#16316);
#4457=VERTEX_POINT('',#16318);
#4458=VERTEX_POINT('',#16320);
#4459=VERTEX_POINT('',#16322);
#4460=VERTEX_POINT('',#16324);
#4461=VERTEX_POINT('',#16326);
#4462=VERTEX_POINT('',#16328);
#4463=VERTEX_POINT('',#16330);
#4464=VERTEX_POINT('',#16332);
#4465=VERTEX_POINT('',#16335);
#4466=VERTEX_POINT('',#16338);
#4467=VERTEX_POINT('',#16342);
#4468=VERTEX_POINT('',#16346);
#4469=VERTEX_POINT('',#16350);
#4470=VERTEX_POINT('',#16354);
#4471=VERTEX_POINT('',#16358);
#4472=VERTEX_POINT('',#16362);
#4473=VERTEX_POINT('',#16366);
#4474=VERTEX_POINT('',#16370);
#4475=VERTEX_POINT('',#16374);
#4476=VERTEX_POINT('',#16378);
#4477=VERTEX_POINT('',#16387);
#4478=VERTEX_POINT('',#16391);
#4479=VERTEX_POINT('',#16395);
#4480=VERTEX_POINT('',#16407);
#4481=VERTEX_POINT('',#16409);
#4482=VERTEX_POINT('',#16428);
#4483=VERTEX_POINT('',#16430);
#4484=VERTEX_POINT('',#16434);
#4485=VERTEX_POINT('',#16438);
#4486=VERTEX_POINT('',#16442);
#4487=VERTEX_POINT('',#16446);
#4488=VERTEX_POINT('',#16450);
#4489=VERTEX_POINT('',#16454);
#4490=VERTEX_POINT('',#16458);
#4491=VERTEX_POINT('',#16462);
#4492=VERTEX_POINT('',#16466);
#4493=VERTEX_POINT('',#16468);
#4494=VERTEX_POINT('',#16472);
#4495=VERTEX_POINT('',#16478);
#4496=VERTEX_POINT('',#16480);
#4497=VERTEX_POINT('',#16484);
#4498=VERTEX_POINT('',#16488);
#4499=VERTEX_POINT('',#16492);
#4500=VERTEX_POINT('',#16498);
#4501=VERTEX_POINT('',#16500);
#4502=VERTEX_POINT('',#16504);
#4503=VERTEX_POINT('',#16506);
#4504=VERTEX_POINT('',#16511);
#4505=VERTEX_POINT('',#16515);
#4506=VERTEX_POINT('',#16519);
#4507=VERTEX_POINT('',#16521);
#4508=VERTEX_POINT('',#16525);
#4509=VERTEX_POINT('',#16527);
#4510=VERTEX_POINT('',#16531);
#4511=VERTEX_POINT('',#16532);
#4512=VERTEX_POINT('',#16536);
#4513=VERTEX_POINT('',#16549);
#4514=VERTEX_POINT('',#16551);
#4515=VERTEX_POINT('',#16558);
#4516=VERTEX_POINT('',#16559);
#4517=VERTEX_POINT('',#16561);
#4518=VERTEX_POINT('',#16563);
#4519=VERTEX_POINT('',#16566);
#4520=VERTEX_POINT('',#16568);
#4521=VERTEX_POINT('',#16572);
#4522=VERTEX_POINT('',#16576);
#4523=VERTEX_POINT('',#16583);
#4524=VERTEX_POINT('',#16585);
#4525=VERTEX_POINT('',#16591);
#4526=VERTEX_POINT('',#16597);
#4527=VERTEX_POINT('',#16601);
#4528=VERTEX_POINT('',#16603);
#4529=VERTEX_POINT('',#16605);
#4530=VERTEX_POINT('',#16607);
#4531=VERTEX_POINT('',#16610);
#4532=VERTEX_POINT('',#16614);
#4533=VERTEX_POINT('',#16617);
#4534=VERTEX_POINT('',#16619);
#4535=VERTEX_POINT('',#16625);
#4536=VERTEX_POINT('',#16627);
#4537=VERTEX_POINT('',#16631);
#4538=VERTEX_POINT('',#16635);
#4539=VERTEX_POINT('',#16672);
#4540=VERTEX_POINT('',#16673);
#4541=VERTEX_POINT('',#16681);
#4542=VERTEX_POINT('',#16685);
#4543=VERTEX_POINT('',#16686);
#4544=VERTEX_POINT('',#16695);
#4545=VERTEX_POINT('',#16696);
#4546=VERTEX_POINT('',#16707);
#4547=VERTEX_POINT('',#16737);
#4548=VERTEX_POINT('',#16760);
#4549=VERTEX_POINT('',#16784);
#4550=VERTEX_POINT('',#16785);
#4551=VERTEX_POINT('',#16795);
#4552=VERTEX_POINT('',#16796);
#4553=VERTEX_POINT('',#16805);
#4554=VERTEX_POINT('',#16806);
#4555=VERTEX_POINT('',#16844);
#4556=VERTEX_POINT('',#16889);
#4557=VERTEX_POINT('',#16891);
#4558=VERTEX_POINT('',#16895);
#4559=VERTEX_POINT('',#16898);
#4560=VERTEX_POINT('',#16901);
#4561=VERTEX_POINT('',#16905);
#4562=VERTEX_POINT('',#16908);
#4563=VERTEX_POINT('',#16909);
#4564=VERTEX_POINT('',#16911);
#4565=VERTEX_POINT('',#16913);
#4566=VERTEX_POINT('',#16915);
#4567=VERTEX_POINT('',#16917);
#4568=VERTEX_POINT('',#16919);
#4569=VERTEX_POINT('',#16921);
#4570=VERTEX_POINT('',#16923);
#4571=VERTEX_POINT('',#16925);
#4572=VERTEX_POINT('',#16927);
#4573=VERTEX_POINT('',#16929);
#4574=VERTEX_POINT('',#16931);
#4575=VERTEX_POINT('',#16933);
#4576=VERTEX_POINT('',#16935);
#4577=VERTEX_POINT('',#16937);
#4578=VERTEX_POINT('',#16939);
#4579=VERTEX_POINT('',#16941);
#4580=VERTEX_POINT('',#16943);
#4581=VERTEX_POINT('',#16945);
#4582=VERTEX_POINT('',#16947);
#4583=VERTEX_POINT('',#16949);
#4584=VERTEX_POINT('',#16951);
#4585=VERTEX_POINT('',#16953);
#4586=VERTEX_POINT('',#16955);
#4587=VERTEX_POINT('',#16957);
#4588=VERTEX_POINT('',#16959);
#4589=VERTEX_POINT('',#16961);
#4590=VERTEX_POINT('',#16963);
#4591=VERTEX_POINT('',#16965);
#4592=VERTEX_POINT('',#16967);
#4593=VERTEX_POINT('',#16969);
#4594=VERTEX_POINT('',#16971);
#4595=VERTEX_POINT('',#16973);
#4596=VERTEX_POINT('',#16975);
#4597=VERTEX_POINT('',#16977);
#4598=VERTEX_POINT('',#16979);
#4599=VERTEX_POINT('',#16981);
#4600=VERTEX_POINT('',#16983);
#4601=VERTEX_POINT('',#16985);
#4602=VERTEX_POINT('',#16987);
#4603=VERTEX_POINT('',#16989);
#4604=VERTEX_POINT('',#16991);
#4605=VERTEX_POINT('',#16993);
#4606=VERTEX_POINT('',#16995);
#4607=VERTEX_POINT('',#16997);
#4608=VERTEX_POINT('',#16999);
#4609=VERTEX_POINT('',#17001);
#4610=VERTEX_POINT('',#17003);
#4611=VERTEX_POINT('',#17005);
#4612=VERTEX_POINT('',#17007);
#4613=VERTEX_POINT('',#17009);
#4614=VERTEX_POINT('',#17011);
#4615=VERTEX_POINT('',#17013);
#4616=VERTEX_POINT('',#17015);
#4617=VERTEX_POINT('',#17017);
#4618=VERTEX_POINT('',#17019);
#4619=VERTEX_POINT('',#17021);
#4620=VERTEX_POINT('',#17023);
#4621=VERTEX_POINT('',#17025);
#4622=VERTEX_POINT('',#17027);
#4623=VERTEX_POINT('',#17029);
#4624=VERTEX_POINT('',#17031);
#4625=VERTEX_POINT('',#17033);
#4626=VERTEX_POINT('',#17035);
#4627=VERTEX_POINT('',#17037);
#4628=VERTEX_POINT('',#17039);
#4629=VERTEX_POINT('',#17041);
#4630=VERTEX_POINT('',#17043);
#4631=VERTEX_POINT('',#17045);
#4632=VERTEX_POINT('',#17047);
#4633=VERTEX_POINT('',#17049);
#4634=VERTEX_POINT('',#17051);
#4635=VERTEX_POINT('',#17053);
#4636=VERTEX_POINT('',#17055);
#4637=VERTEX_POINT('',#17057);
#4638=VERTEX_POINT('',#17059);
#4639=VERTEX_POINT('',#17061);
#4640=VERTEX_POINT('',#17063);
#4641=VERTEX_POINT('',#17065);
#4642=VERTEX_POINT('',#17069);
#4643=VERTEX_POINT('',#17070);
#4644=VERTEX_POINT('',#17072);
#4645=VERTEX_POINT('',#17074);
#4646=VERTEX_POINT('',#17076);
#4647=VERTEX_POINT('',#17078);
#4648=VERTEX_POINT('',#17080);
#4649=VERTEX_POINT('',#17082);
#4650=VERTEX_POINT('',#17084);
#4651=VERTEX_POINT('',#17086);
#4652=VERTEX_POINT('',#17088);
#4653=VERTEX_POINT('',#17090);
#4654=VERTEX_POINT('',#17092);
#4655=VERTEX_POINT('',#17094);
#4656=VERTEX_POINT('',#17096);
#4657=VERTEX_POINT('',#17098);
#4658=VERTEX_POINT('',#17100);
#4659=VERTEX_POINT('',#17102);
#4660=VERTEX_POINT('',#17104);
#4661=VERTEX_POINT('',#17106);
#4662=VERTEX_POINT('',#17108);
#4663=VERTEX_POINT('',#17110);
#4664=VERTEX_POINT('',#17112);
#4665=VERTEX_POINT('',#17114);
#4666=VERTEX_POINT('',#17116);
#4667=VERTEX_POINT('',#17118);
#4668=VERTEX_POINT('',#17120);
#4669=VERTEX_POINT('',#17122);
#4670=VERTEX_POINT('',#17124);
#4671=VERTEX_POINT('',#17126);
#4672=VERTEX_POINT('',#17128);
#4673=VERTEX_POINT('',#17130);
#4674=VERTEX_POINT('',#17132);
#4675=VERTEX_POINT('',#17134);
#4676=VERTEX_POINT('',#17136);
#4677=VERTEX_POINT('',#17138);
#4678=VERTEX_POINT('',#17140);
#4679=VERTEX_POINT('',#17142);
#4680=VERTEX_POINT('',#17144);
#4681=VERTEX_POINT('',#17146);
#4682=VERTEX_POINT('',#17148);
#4683=VERTEX_POINT('',#17150);
#4684=VERTEX_POINT('',#17152);
#4685=VERTEX_POINT('',#17154);
#4686=VERTEX_POINT('',#17156);
#4687=VERTEX_POINT('',#17158);
#4688=VERTEX_POINT('',#17160);
#4689=VERTEX_POINT('',#17162);
#4690=VERTEX_POINT('',#17164);
#4691=VERTEX_POINT('',#17166);
#4692=VERTEX_POINT('',#17168);
#4693=VERTEX_POINT('',#17170);
#4694=VERTEX_POINT('',#17172);
#4695=VERTEX_POINT('',#17174);
#4696=VERTEX_POINT('',#17176);
#4697=VERTEX_POINT('',#17178);
#4698=VERTEX_POINT('',#17180);
#4699=VERTEX_POINT('',#17182);
#4700=VERTEX_POINT('',#17184);
#4701=VERTEX_POINT('',#17186);
#4702=VERTEX_POINT('',#17188);
#4703=VERTEX_POINT('',#17190);
#4704=VERTEX_POINT('',#17192);
#4705=VERTEX_POINT('',#17194);
#4706=VERTEX_POINT('',#17196);
#4707=VERTEX_POINT('',#17198);
#4708=VERTEX_POINT('',#17200);
#4709=VERTEX_POINT('',#17202);
#4710=VERTEX_POINT('',#17204);
#4711=VERTEX_POINT('',#17206);
#4712=VERTEX_POINT('',#17208);
#4713=VERTEX_POINT('',#17210);
#4714=VERTEX_POINT('',#17212);
#4715=VERTEX_POINT('',#17214);
#4716=VERTEX_POINT('',#17216);
#4717=VERTEX_POINT('',#17218);
#4718=VERTEX_POINT('',#17220);
#4719=VERTEX_POINT('',#17222);
#4720=VERTEX_POINT('',#17224);
#4721=VERTEX_POINT('',#17226);
#4722=VERTEX_POINT('',#17394);
#4723=VERTEX_POINT('',#17396);
#4724=VERTEX_POINT('',#17400);
#4725=VERTEX_POINT('',#17404);
#4726=VERTEX_POINT('',#17407);
#4727=VERTEX_POINT('',#17411);
#4728=VERTEX_POINT('',#17417);
#4729=VERTEX_POINT('',#17418);
#4730=VERTEX_POINT('',#17429);
#4731=VERTEX_POINT('',#17459);
#4732=VERTEX_POINT('',#17463);
#4733=VERTEX_POINT('',#17464);
#4734=VERTEX_POINT('',#17502);
#4735=VERTEX_POINT('',#17506);
#4736=VERTEX_POINT('',#17508);
#4737=VERTEX_POINT('',#17519);
#4738=VERTEX_POINT('',#17549);
#4739=VERTEX_POINT('',#17551);
#4740=VERTEX_POINT('',#17589);
#4741=VERTEX_POINT('',#17591);
#4742=VERTEX_POINT('',#17595);
#4743=VERTEX_POINT('',#17600);
#4744=VERTEX_POINT('',#17603);
#4745=VERTEX_POINT('',#17607);
#4746=VERTEX_POINT('',#17614);
#4747=VERTEX_POINT('',#17616);
#4748=VERTEX_POINT('',#17620);
#4749=VERTEX_POINT('',#17624);
#4750=VERTEX_POINT('',#17625);
#4751=VERTEX_POINT('',#17627);
#4752=VERTEX_POINT('',#17629);
#4753=VERTEX_POINT('',#17631);
#4754=VERTEX_POINT('',#17633);
#4755=VERTEX_POINT('',#17638);
#4756=VERTEX_POINT('',#17640);
#4757=VERTEX_POINT('',#17644);
#4758=VERTEX_POINT('',#17648);
#4759=VERTEX_POINT('',#17652);
#4760=VERTEX_POINT('',#17656);
#4761=EDGE_CURVE('',#3912,#3913,#3336,.T.);
#4762=EDGE_CURVE('',#3913,#3914,#1978,.T.);
#4763=EDGE_CURVE('',#3914,#3914,#3337,.T.);
#4764=EDGE_CURVE('',#3913,#3912,#3338,.T.);
#4765=EDGE_CURVE('',#3915,#3915,#3339,.T.);
#4766=EDGE_CURVE('',#3916,#3916,#3340,.T.);
#4767=EDGE_CURVE('',#3916,#3917,#1979,.T.);
#4768=EDGE_CURVE('',#3917,#3917,#3341,.T.);
#4769=EDGE_CURVE('',#3915,#3916,#1980,.T.);
#4770=EDGE_CURVE('',#3912,#3918,#1981,.T.);
#4771=EDGE_CURVE('',#3918,#3918,#3342,.T.);
#4772=EDGE_CURVE('',#3919,#3920,#3343,.T.);
#4773=EDGE_CURVE('',#3921,#3919,#3344,.T.);
#4774=EDGE_CURVE('',#3922,#3921,#3345,.T.);
#4775=EDGE_CURVE('',#3923,#3922,#3346,.T.);
#4776=EDGE_CURVE('',#3924,#3923,#3347,.T.);
#4777=EDGE_CURVE('',#3920,#3924,#3348,.T.);
#4778=EDGE_CURVE('',#3921,#3922,#297,.T.);
#4779=EDGE_CURVE('',#3919,#3921,#298,.T.);
#4780=EDGE_CURVE('',#3920,#3919,#299,.T.);
#4781=EDGE_CURVE('',#3924,#3920,#300,.T.);
#4782=EDGE_CURVE('',#3923,#3924,#301,.T.);
#4783=EDGE_CURVE('',#3922,#3923,#302,.T.);
#4784=EDGE_CURVE('',#3925,#3926,#1982,.T.);
#4785=EDGE_CURVE('',#3927,#3925,#1983,.T.);
#4786=EDGE_CURVE('',#3928,#3927,#1984,.T.);
#4787=EDGE_CURVE('',#3929,#3928,#1985,.T.);
#4788=EDGE_CURVE('',#3930,#3929,#1986,.T.);
#4789=EDGE_CURVE('',#3926,#3930,#1987,.T.);
#4790=EDGE_CURVE('',#3927,#3921,#1988,.T.);
#4791=EDGE_CURVE('',#3925,#3922,#1989,.T.);
#4792=EDGE_CURVE('',#3928,#3919,#1990,.T.);
#4793=EDGE_CURVE('',#3929,#3920,#1991,.T.);
#4794=EDGE_CURVE('',#3930,#3924,#1992,.T.);
#4795=EDGE_CURVE('',#3926,#3923,#1993,.T.);
#4796=EDGE_CURVE('',#3931,#3932,#3349,.T.);
#4797=EDGE_CURVE('',#3932,#3933,#1994,.T.);
#4798=EDGE_CURVE('',#3933,#3934,#3350,.T.);
#4799=EDGE_CURVE('',#3934,#3935,#1995,.T.);
#4800=EDGE_CURVE('',#3935,#3936,#3351,.T.);
#4801=EDGE_CURVE('',#3936,#3937,#1996,.T.);
#4802=EDGE_CURVE('',#3937,#3938,#3352,.T.);
#4803=EDGE_CURVE('',#3938,#3939,#3353,.T.);
#4804=EDGE_CURVE('',#3939,#3940,#1997,.T.);
#4805=EDGE_CURVE('',#3940,#3941,#3354,.T.);
#4806=EDGE_CURVE('',#3941,#3942,#3355,.T.);
#4807=EDGE_CURVE('',#3942,#3943,#1998,.T.);
#4808=EDGE_CURVE('',#3943,#3944,#3356,.T.);
#4809=EDGE_CURVE('',#3944,#3931,#1999,.T.);
#4810=EDGE_CURVE('',#3945,#3946,#3357,.T.);
#4811=EDGE_CURVE('',#3946,#3947,#2000,.T.);
#4812=EDGE_CURVE('',#3947,#3948,#3358,.T.);
#4813=EDGE_CURVE('',#3948,#3949,#2001,.T.);
#4814=EDGE_CURVE('',#3949,#3950,#3359,.T.);
#4815=EDGE_CURVE('',#3950,#3951,#3360,.T.);
#4816=EDGE_CURVE('',#3951,#3952,#2002,.T.);
#4817=EDGE_CURVE('',#3952,#3953,#3361,.T.);
#4818=EDGE_CURVE('',#3953,#3954,#3362,.T.);
#4819=EDGE_CURVE('',#3954,#3955,#2003,.T.);
#4820=EDGE_CURVE('',#3955,#3956,#3363,.T.);
#4821=EDGE_CURVE('',#3956,#3957,#2004,.T.);
#4822=EDGE_CURVE('',#3957,#3958,#3364,.T.);
#4823=EDGE_CURVE('',#3958,#3945,#2005,.T.);
#4824=EDGE_CURVE('',#3959,#3960,#3365,.T.);
#4825=EDGE_CURVE('',#3960,#3961,#3366,.T.);
#4826=EDGE_CURVE('',#3961,#3962,#151,.T.);
#4827=EDGE_CURVE('',#3962,#3963,#152,.T.);
#4828=EDGE_CURVE('',#3963,#3964,#3367,.T.);
#4829=EDGE_CURVE('',#3964,#3965,#153,.T.);
#4830=EDGE_CURVE('',#3959,#3965,#154,.T.);
#4831=EDGE_CURVE('',#3961,#3966,#155,.T.);
#4832=EDGE_CURVE('',#3966,#3967,#156,.T.);
#4833=EDGE_CURVE('',#3967,#3962,#157,.T.);
#4834=EDGE_CURVE('',#3966,#3968,#3368,.T.);
#4835=EDGE_CURVE('',#3968,#3969,#158,.T.);
#4836=EDGE_CURVE('',#3969,#3970,#159,.T.);
#4837=EDGE_CURVE('',#3970,#3971,#3369,.T.);
#4838=EDGE_CURVE('',#3971,#3967,#160,.T.);
#4839=EDGE_CURVE('',#3965,#3969,#161,.T.);
#4840=EDGE_CURVE('',#3968,#3959,#162,.T.);
#4841=EDGE_CURVE('',#3971,#3939,#2006,.T.);
#4842=EDGE_CURVE('',#3953,#3938,#2007,.T.);
#4843=EDGE_CURVE('',#3952,#3963,#2008,.F.);
#4844=EDGE_CURVE('',#3970,#3940,#2009,.T.);
#4845=EDGE_CURVE('',#3972,#3972,#3370,.T.);
#4846=EDGE_CURVE('',#3972,#3960,#2010,.T.);
#4847=EDGE_CURVE('',#3964,#3951,#2011,.F.);
#4848=EDGE_CURVE('',#3950,#3941,#2012,.T.);
#4849=EDGE_CURVE('',#3972,#3973,#2013,.T.);
#4850=EDGE_CURVE('',#3973,#3974,#3371,.T.);
#4851=EDGE_CURVE('',#3974,#3975,#163,.T.);
#4852=EDGE_CURVE('',#3975,#3976,#3372,.T.);
#4853=EDGE_CURVE('',#3976,#3977,#164,.T.);
#4854=EDGE_CURVE('',#3977,#3973,#3373,.T.);
#4855=EDGE_CURVE('',#3974,#3958,#2014,.T.);
#4856=EDGE_CURVE('',#3957,#3934,#2015,.T.);
#4857=EDGE_CURVE('',#3975,#3933,#2016,.T.);
#4858=EDGE_CURVE('',#3977,#3945,#2017,.T.);
#4859=EDGE_CURVE('',#3976,#3932,#2018,.T.);
#4860=EDGE_CURVE('',#3946,#3931,#2019,.T.);
#4861=EDGE_CURVE('',#3956,#3935,#2020,.T.);
#4862=EDGE_CURVE('',#3936,#3955,#2021,.T.);
#4863=EDGE_CURVE('',#3947,#3944,#2022,.T.);
#4864=EDGE_CURVE('',#3954,#3937,#2023,.T.);
#4865=EDGE_CURVE('',#3949,#3942,#2024,.T.);
#4866=EDGE_CURVE('',#3948,#3943,#2025,.T.);
#4867=EDGE_CURVE('',#3978,#3979,#3374,.T.);
#4868=EDGE_CURVE('',#3979,#3980,#2026,.T.);
#4869=EDGE_CURVE('',#3980,#3980,#3375,.T.);
#4870=EDGE_CURVE('',#3979,#3978,#3376,.T.);
#4871=EDGE_CURVE('',#3981,#3981,#3377,.T.);
#4872=EDGE_CURVE('',#3982,#3982,#3378,.T.);
#4873=EDGE_CURVE('',#3982,#3981,#2027,.T.);
#4874=EDGE_CURVE('',#3982,#3983,#2028,.T.);
#4875=EDGE_CURVE('',#3983,#3983,#3379,.T.);
#4876=EDGE_CURVE('',#3984,#3984,#3380,.T.);
#4877=EDGE_CURVE('',#3984,#3985,#2029,.T.);
#4878=EDGE_CURVE('',#3985,#3985,#3381,.T.);
#4879=EDGE_CURVE('',#3986,#3986,#3382,.T.);
#4880=EDGE_CURVE('',#3987,#3987,#3383,.T.);
#4881=EDGE_CURVE('',#3987,#3984,#2030,.T.);
#4882=EDGE_CURVE('',#3988,#3988,#3384,.T.);
#4883=EDGE_CURVE('',#3988,#3986,#2031,.T.);
#4884=EDGE_CURVE('',#3978,#3989,#2032,.T.);
#4885=EDGE_CURVE('',#3989,#3990,#3385,.T.);
#4886=EDGE_CURVE('',#3990,#3989,#3386,.T.);
#4887=EDGE_CURVE('',#3988,#3991,#2033,.T.);
#4888=EDGE_CURVE('',#3991,#3991,#3387,.T.);
#4889=EDGE_CURVE('',#3990,#3992,#2034,.T.);
#4890=EDGE_CURVE('',#3992,#3992,#3388,.T.);
#4891=EDGE_CURVE('',#3993,#3993,#3389,.T.);
#4892=EDGE_CURVE('',#3994,#3994,#3390,.T.);
#4893=EDGE_CURVE('',#3994,#3993,#2035,.T.);
#4894=EDGE_CURVE('',#3995,#3995,#3391,.T.);
#4895=EDGE_CURVE('',#3995,#3994,#2036,.T.);
#4896=EDGE_CURVE('',#3996,#3996,#3392,.T.);
#4897=EDGE_CURVE('',#3996,#3997,#2037,.T.);
#4898=EDGE_CURVE('',#3997,#3997,#3393,.T.);
#4899=EDGE_CURVE('',#3998,#3998,#3394,.T.);
#4900=EDGE_CURVE('',#3996,#3999,#2038,.T.);
#4901=EDGE_CURVE('',#3999,#3999,#3395,.T.);
#4902=EDGE_CURVE('',#3991,#3998,#2039,.T.);
#4903=EDGE_CURVE('',#4000,#4000,#3396,.T.);
#4904=EDGE_CURVE('',#4000,#4001,#2040,.T.);
#4905=EDGE_CURVE('',#4001,#4002,#3397,.T.);
#4906=EDGE_CURVE('',#4002,#4001,#3398,.T.);
#4907=EDGE_CURVE('',#4003,#4003,#3399,.T.);
#4908=EDGE_CURVE('',#4003,#4004,#2041,.T.);
#4909=EDGE_CURVE('',#4004,#4004,#3400,.T.);
#4910=EDGE_CURVE('',#4005,#4005,#3401,.T.);
#4911=EDGE_CURVE('',#4005,#4003,#2042,.T.);
#4912=EDGE_CURVE('',#4006,#4006,#3402,.T.);
#4913=EDGE_CURVE('',#4005,#4007,#2043,.T.);
#4914=EDGE_CURVE('',#4007,#4007,#3403,.T.);
#4915=EDGE_CURVE('',#4008,#4008,#3404,.T.);
#4916=EDGE_CURVE('',#4008,#4009,#2044,.T.);
#4917=EDGE_CURVE('',#4009,#4009,#3405,.T.);
#4918=EDGE_CURVE('',#4010,#4010,#3406,.T.);
#4919=EDGE_CURVE('',#4010,#4002,#2045,.T.);
#4920=EDGE_CURVE('',#4011,#4011,#3407,.T.);
#4921=EDGE_CURVE('',#4011,#4000,#2046,.T.);
#4922=EDGE_CURVE('',#4012,#4012,#3408,.T.);
#4923=EDGE_CURVE('',#4012,#4013,#2047,.T.);
#4924=EDGE_CURVE('',#4013,#4013,#3409,.T.);
#4925=EDGE_CURVE('',#4013,#4006,#2048,.T.);
#4926=EDGE_CURVE('',#4009,#4014,#2049,.T.);
#4927=EDGE_CURVE('',#4014,#4014,#3410,.T.);
#4928=EDGE_CURVE('',#4015,#4015,#3411,.T.);
#4929=EDGE_CURVE('',#4015,#4016,#2050,.T.);
#4930=EDGE_CURVE('',#4016,#4016,#3412,.T.);
#4931=EDGE_CURVE('',#4017,#4017,#3413,.T.);
#4932=EDGE_CURVE('',#4017,#4015,#2051,.T.);
#4933=EDGE_CURVE('',#4017,#4018,#2052,.T.);
#4934=EDGE_CURVE('',#4018,#4018,#3414,.T.);
#4935=EDGE_CURVE('',#4018,#4016,#2053,.T.);
#4936=EDGE_CURVE('',#4019,#4020,#303,.T.);
#4937=EDGE_CURVE('',#4020,#4019,#3415,.T.);
#4938=EDGE_CURVE('',#4021,#4022,#3416,.T.);
#4939=EDGE_CURVE('',#4022,#4023,#2054,.T.);
#4940=EDGE_CURVE('',#4023,#4024,#3417,.T.);
#4941=EDGE_CURVE('',#4024,#4023,#3418,.T.);
#4942=EDGE_CURVE('',#4022,#4021,#3419,.T.);
#4943=EDGE_CURVE('',#4021,#4025,#2055,.T.);
#4944=EDGE_CURVE('',#4025,#4025,#3420,.T.);
#4945=EDGE_CURVE('',#4026,#4027,#3421,.T.);
#4946=EDGE_CURVE('',#4027,#4026,#3422,.T.);
#4947=EDGE_CURVE('',#4027,#4028,#2056,.T.);
#4948=EDGE_CURVE('',#4028,#4028,#3423,.T.);
#4949=EDGE_CURVE('',#4026,#4024,#2057,.T.);
#4950=EDGE_CURVE('',#4019,#4029,#3424,.T.);
#4951=EDGE_CURVE('',#4030,#4020,#3425,.T.);
#4952=EDGE_CURVE('',#4031,#4030,#3426,.T.);
#4953=EDGE_CURVE('',#4032,#4031,#3427,.T.);
#4954=EDGE_CURVE('',#4029,#4032,#3428,.T.);
#4955=EDGE_CURVE('',#4033,#4019,#2058,.T.);
#4956=EDGE_CURVE('',#4029,#4019,#304,.T.);
#4957=EDGE_CURVE('',#4034,#4029,#2059,.T.);
#4958=EDGE_CURVE('',#4033,#4034,#2060,.T.);
#4959=EDGE_CURVE('',#4035,#4020,#2061,.T.);
#4960=EDGE_CURVE('',#4035,#4033,#2062,.T.);
#4961=EDGE_CURVE('',#4036,#4030,#2063,.T.);
#4962=EDGE_CURVE('',#4020,#4030,#305,.T.);
#4963=EDGE_CURVE('',#4036,#4035,#2064,.T.);
#4964=EDGE_CURVE('',#4037,#4031,#2065,.T.);
#4965=EDGE_CURVE('',#4030,#4031,#306,.T.);
#4966=EDGE_CURVE('',#4037,#4036,#2066,.T.);
#4967=EDGE_CURVE('',#4038,#4032,#2067,.T.);
#4968=EDGE_CURVE('',#4031,#4032,#307,.T.);
#4969=EDGE_CURVE('',#4038,#4037,#2068,.T.);
#4970=EDGE_CURVE('',#4032,#4029,#308,.T.);
#4971=EDGE_CURVE('',#4034,#4038,#2069,.T.);
#4972=EDGE_CURVE('',#4039,#4039,#3429,.T.);
#4973=EDGE_CURVE('',#4039,#4040,#2070,.T.);
#4974=EDGE_CURVE('',#4040,#4040,#3430,.T.);
#4975=EDGE_CURVE('',#4040,#4041,#2071,.T.);
#4976=EDGE_CURVE('',#4041,#4041,#3431,.T.);
#4977=EDGE_CURVE('',#4041,#4042,#2072,.T.);
#4978=EDGE_CURVE('',#4042,#4042,#3432,.T.);
#4979=EDGE_CURVE('',#4043,#4043,#3433,.T.);
#4980=EDGE_CURVE('',#4043,#4044,#2073,.T.);
#4981=EDGE_CURVE('',#4044,#4045,#3434,.T.);
#4982=EDGE_CURVE('',#4045,#4044,#3435,.T.);
#4983=EDGE_CURVE('',#4046,#4046,#3436,.T.);
#4984=EDGE_CURVE('',#4046,#4045,#2074,.T.);
#4985=EDGE_CURVE('',#4047,#4047,#3437,.T.);
#4986=EDGE_CURVE('',#4047,#4043,#2075,.T.);
#4987=EDGE_CURVE('',#4048,#4048,#3438,.T.);
#4988=EDGE_CURVE('',#4048,#4049,#2076,.T.);
#4989=EDGE_CURVE('',#4049,#4049,#3439,.T.);
#4990=EDGE_CURVE('',#4049,#4050,#2077,.T.);
#4991=EDGE_CURVE('',#4050,#4050,#3440,.T.);
#4992=EDGE_CURVE('',#4050,#4051,#2078,.T.);
#4993=EDGE_CURVE('',#4051,#4051,#3441,.T.);
#4994=EDGE_CURVE('',#4052,#4052,#3442,.T.);
#4995=EDGE_CURVE('',#4052,#4053,#2079,.T.);
#4996=EDGE_CURVE('',#4053,#4053,#3443,.T.);
#4997=EDGE_CURVE('',#4052,#4054,#2080,.T.);
#4998=EDGE_CURVE('',#4054,#4054,#3444,.T.);
#4999=EDGE_CURVE('',#4055,#4055,#3445,.T.);
#5000=EDGE_CURVE('',#4056,#4056,#3446,.T.);
#5001=EDGE_CURVE('',#4056,#4054,#2081,.T.);
#5002=EDGE_CURVE('',#4057,#4057,#3447,.T.);
#5003=EDGE_CURVE('',#4058,#4058,#3448,.T.);
#5004=EDGE_CURVE('',#4058,#4057,#2082,.T.);
#5005=EDGE_CURVE('',#4059,#4059,#3449,.T.);
#5006=EDGE_CURVE('',#4059,#4058,#2083,.T.);
#5007=EDGE_CURVE('',#4055,#4059,#2084,.T.);
#5008=EDGE_CURVE('',#4060,#4060,#3450,.T.);
#5009=EDGE_CURVE('',#4060,#4061,#2085,.T.);
#5010=EDGE_CURVE('',#4061,#4061,#3451,.T.);
#5011=EDGE_CURVE('',#4062,#4062,#3452,.T.);
#5012=EDGE_CURVE('',#4063,#4064,#3453,.T.);
#5013=EDGE_CURVE('',#4064,#4061,#2086,.T.);
#5014=EDGE_CURVE('',#4064,#4063,#3454,.T.);
#5015=EDGE_CURVE('',#4065,#4065,#3455,.T.);
#5016=EDGE_CURVE('',#4065,#4062,#2087,.T.);
#5017=EDGE_CURVE('',#4065,#4066,#2088,.T.);
#5018=EDGE_CURVE('',#4066,#4066,#3456,.T.);
#5019=EDGE_CURVE('',#4066,#4067,#2089,.T.);
#5020=EDGE_CURVE('',#4067,#4067,#3457,.T.);
#5021=EDGE_CURVE('',#4068,#4068,#3458,.T.);
#5022=EDGE_CURVE('',#4069,#4069,#3459,.T.);
#5023=EDGE_CURVE('',#4069,#4070,#2090,.T.);
#5024=EDGE_CURVE('',#4070,#4070,#3460,.T.);
#5025=EDGE_CURVE('',#4071,#4071,#3461,.T.);
#5026=EDGE_CURVE('',#4072,#4072,#3462,.T.);
#5027=EDGE_CURVE('',#4072,#4069,#2091,.T.);
#5028=EDGE_CURVE('',#4073,#4073,#3463,.T.);
#5029=EDGE_CURVE('',#4073,#4071,#2092,.T.);
#5030=EDGE_CURVE('',#4074,#4074,#3464,.T.);
#5031=EDGE_CURVE('',#4074,#4073,#2093,.T.);
#5032=EDGE_CURVE('',#4075,#4075,#3465,.T.);
#5033=EDGE_CURVE('',#4075,#4068,#2094,.T.);
#5034=EDGE_CURVE('',#4075,#4076,#2095,.T.);
#5035=EDGE_CURVE('',#4076,#4076,#3466,.T.);
#5036=EDGE_CURVE('',#4063,#4077,#2096,.T.);
#5037=EDGE_CURVE('',#4077,#4077,#3467,.T.);
#5038=EDGE_CURVE('',#4078,#4078,#3468,.T.);
#5039=EDGE_CURVE('',#4079,#4079,#3469,.T.);
#5040=EDGE_CURVE('',#4079,#4078,#2097,.T.);
#5041=EDGE_CURVE('',#4079,#4080,#2098,.T.);
#5042=EDGE_CURVE('',#4080,#4080,#3470,.T.);
#5043=EDGE_CURVE('',#4081,#4081,#3471,.T.);
#5044=EDGE_CURVE('',#4081,#4082,#2099,.T.);
#5045=EDGE_CURVE('',#4082,#4082,#3472,.T.);
#5046=EDGE_CURVE('',#4083,#4083,#3473,.T.);
#5047=EDGE_CURVE('',#4084,#4084,#3474,.T.);
#5048=EDGE_CURVE('',#4084,#4081,#2100,.T.);
#5049=EDGE_CURVE('',#4072,#4083,#2101,.T.);
#5050=EDGE_CURVE('',#4085,#4086,#3475,.T.);
#5051=EDGE_CURVE('',#4085,#4087,#2102,.T.);
#5052=EDGE_CURVE('',#4088,#4087,#3476,.T.);
#5053=EDGE_CURVE('',#4086,#4088,#2103,.T.);
#5054=EDGE_CURVE('',#4089,#4085,#165,.T.);
#5055=EDGE_CURVE('',#4089,#4090,#2104,.T.);
#5056=EDGE_CURVE('',#4090,#4087,#3477,.T.);
#5057=EDGE_CURVE('',#4091,#4089,#166,.T.);
#5058=EDGE_CURVE('',#4092,#4091,#167,.T.);
#5059=EDGE_CURVE('',#4093,#4092,#3478,.T.);
#5060=EDGE_CURVE('',#4093,#4094,#2105,.T.);
#5061=EDGE_CURVE('',#4090,#4094,#3479,.T.);
#5062=EDGE_CURVE('',#4086,#4095,#3480,.T.);
#5063=EDGE_CURVE('',#4096,#4088,#3481,.T.);
#5064=EDGE_CURVE('',#4095,#4096,#2106,.T.);
#5065=EDGE_CURVE('',#4095,#4097,#3482,.T.);
#5066=EDGE_CURVE('',#4098,#4096,#3483,.T.);
#5067=EDGE_CURVE('',#4097,#4098,#2107,.T.);
#5068=EDGE_CURVE('',#4097,#4099,#168,.T.);
#5069=EDGE_CURVE('',#4098,#4100,#3484,.T.);
#5070=EDGE_CURVE('',#4101,#4100,#2108,.T.);
#5071=EDGE_CURVE('',#4102,#4101,#309,.T.);
#5072=EDGE_CURVE('',#4099,#4102,#169,.T.);
#5073=EDGE_CURVE('',#4103,#4104,#310,.T.);
#5074=EDGE_CURVE('',#4103,#4105,#2109,.T.);
#5075=EDGE_CURVE('',#4105,#4106,#3485,.T.);
#5076=EDGE_CURVE('',#4107,#4106,#2110,.T.);
#5077=EDGE_CURVE('',#4108,#4107,#311,.T.);
#5078=EDGE_CURVE('',#4104,#4108,#170,.T.);
#5079=EDGE_CURVE('',#4101,#4103,#2111,.T.);
#5080=EDGE_CURVE('',#4105,#4100,#2112,.T.);
#5081=EDGE_CURVE('',#4107,#4109,#2113,.T.);
#5082=EDGE_CURVE('',#4110,#4106,#2114,.T.);
#5083=EDGE_CURVE('',#4109,#4110,#2115,.T.);
#5084=EDGE_CURVE('',#4109,#4111,#3486,.T.);
#5085=EDGE_CURVE('',#4112,#4110,#3487,.T.);
#5086=EDGE_CURVE('',#4111,#4112,#2116,.T.);
#5087=EDGE_CURVE('',#4111,#4113,#3488,.T.);
#5088=EDGE_CURVE('',#4114,#4112,#3489,.T.);
#5089=EDGE_CURVE('',#4113,#4114,#2117,.T.);
#5090=EDGE_CURVE('',#4115,#4116,#312,.T.);
#5091=EDGE_CURVE('',#4115,#4117,#2118,.T.);
#5092=EDGE_CURVE('',#4117,#4118,#3490,.T.);
#5093=EDGE_CURVE('',#4119,#4118,#2119,.T.);
#5094=EDGE_CURVE('',#4116,#4119,#171,.T.);
#5095=EDGE_CURVE('',#4113,#4115,#2120,.T.);
#5096=EDGE_CURVE('',#4117,#4114,#2121,.T.);
#5097=EDGE_CURVE('',#4119,#4120,#135,.T.);
#5098=EDGE_CURVE('',#4121,#4118,#2122,.T.);
#5099=EDGE_CURVE('',#4122,#4121,#2123,.T.);
#5100=EDGE_CURVE('',#4120,#4122,#2124,.T.);
#5101=EDGE_CURVE('',#4122,#4123,#3491,.T.);
#5102=EDGE_CURVE('',#4124,#4121,#3492,.T.);
#5103=EDGE_CURVE('',#4123,#4124,#2125,.T.);
#5104=EDGE_CURVE('',#4123,#4093,#2126,.T.);
#5105=EDGE_CURVE('',#4094,#4124,#2127,.T.);
#5106=EDGE_CURVE('',#4125,#4125,#3493,.T.);
#5107=EDGE_CURVE('',#4125,#4126,#2128,.T.);
#5108=EDGE_CURVE('',#4126,#4126,#3494,.T.);
#5109=EDGE_CURVE('',#4127,#4128,#3495,.T.);
#5110=EDGE_CURVE('',#4127,#4129,#3496,.T.);
#5111=EDGE_CURVE('',#4130,#4129,#2129,.T.);
#5112=EDGE_CURVE('',#4131,#4130,#3497,.T.);
#5113=EDGE_CURVE('',#4132,#4131,#3498,.T.);
#5114=EDGE_CURVE('',#4133,#4132,#2130,.T.);
#5115=EDGE_CURVE('',#4134,#4133,#3499,.T.);
#5116=EDGE_CURVE('',#4135,#4134,#2131,.T.);
#5117=EDGE_CURVE('',#4136,#4135,#3500,.T.);
#5118=EDGE_CURVE('',#4137,#4136,#2132,.T.);
#5119=EDGE_CURVE('',#4138,#4137,#3501,.T.);
#5120=EDGE_CURVE('',#4139,#4138,#2133,.T.);
#5121=EDGE_CURVE('',#4140,#4139,#3502,.T.);
#5122=EDGE_CURVE('',#4128,#4140,#2134,.T.);
#5123=EDGE_CURVE('',#4141,#4141,#3503,.T.);
#5124=EDGE_CURVE('',#4125,#4142,#2135,.T.);
#5125=EDGE_CURVE('',#4142,#4142,#3504,.T.);
#5126=EDGE_CURVE('',#4143,#4143,#3505,.T.);
#5127=EDGE_CURVE('',#4143,#4141,#2136,.T.);
#5128=EDGE_CURVE('',#4143,#4144,#2137,.T.);
#5129=EDGE_CURVE('',#4144,#4144,#3506,.T.);
#5130=EDGE_CURVE('',#4130,#4145,#313,.F.);
#5131=EDGE_CURVE('',#4145,#4146,#3507,.T.);
#5132=EDGE_CURVE('',#4146,#4131,#2138,.T.);
#5133=EDGE_CURVE('',#4146,#4147,#3508,.T.);
#5134=EDGE_CURVE('',#4147,#4132,#2139,.T.);
#5135=EDGE_CURVE('',#4147,#4148,#2140,.T.);
#5136=EDGE_CURVE('',#4148,#4133,#2141,.T.);
#5137=EDGE_CURVE('',#4148,#4149,#3509,.T.);
#5138=EDGE_CURVE('',#4149,#4134,#2142,.T.);
#5139=EDGE_CURVE('',#4149,#4150,#2143,.T.);
#5140=EDGE_CURVE('',#4150,#4135,#2144,.T.);
#5141=EDGE_CURVE('',#4150,#4151,#3510,.T.);
#5142=EDGE_CURVE('',#4151,#4136,#2145,.T.);
#5143=EDGE_CURVE('',#4151,#4152,#2146,.T.);
#5144=EDGE_CURVE('',#4152,#4137,#2147,.T.);
#5145=EDGE_CURVE('',#4152,#4153,#3511,.T.);
#5146=EDGE_CURVE('',#4153,#4138,#2148,.T.);
#5147=EDGE_CURVE('',#4153,#4154,#2149,.T.);
#5148=EDGE_CURVE('',#4154,#4139,#2150,.T.);
#5149=EDGE_CURVE('',#4154,#4155,#3512,.T.);
#5150=EDGE_CURVE('',#4155,#4140,#2151,.T.);
#5151=EDGE_CURVE('',#4155,#4156,#2152,.T.);
#5152=EDGE_CURVE('',#4156,#4128,#2153,.T.);
#5153=EDGE_CURVE('',#4157,#4127,#172,.T.);
#5154=EDGE_CURVE('',#4156,#4157,#3513,.T.);
#5155=EDGE_CURVE('',#4157,#4111,#2154,.T.);
#5156=EDGE_CURVE('',#4156,#4158,#2155,.T.);
#5157=EDGE_CURVE('',#4158,#4159,#3514,.T.);
#5158=EDGE_CURVE('',#4109,#4159,#2156,.T.);
#5159=EDGE_CURVE('',#4160,#4155,#2157,.T.);
#5160=EDGE_CURVE('',#4160,#4158,#2158,.T.);
#5161=EDGE_CURVE('',#4154,#4161,#2159,.T.);
#5162=EDGE_CURVE('',#4162,#4161,#136,.F.);
#5163=EDGE_CURVE('',#4162,#4160,#3515,.F.);
#5164=EDGE_CURVE('',#4163,#4153,#2160,.T.);
#5165=EDGE_CURVE('',#4163,#4164,#2161,.T.);
#5166=EDGE_CURVE('',#4164,#4165,#314,.T.);
#5167=EDGE_CURVE('',#4165,#4166,#2162,.T.);
#5168=EDGE_CURVE('',#4167,#4166,#2163,.T.);
#5169=EDGE_CURVE('',#4161,#4167,#2164,.T.);
#5170=EDGE_CURVE('',#4152,#4168,#2165,.T.);
#5171=EDGE_CURVE('',#4168,#4163,#137,.T.);
#5172=EDGE_CURVE('',#4169,#4151,#2166,.T.);
#5173=EDGE_CURVE('',#4169,#4168,#2167,.T.);
#5174=EDGE_CURVE('',#4150,#4170,#2168,.T.);
#5175=EDGE_CURVE('',#4170,#4169,#138,.T.);
#5176=EDGE_CURVE('',#4171,#4149,#2169,.T.);
#5177=EDGE_CURVE('',#4171,#4172,#2170,.T.);
#5178=EDGE_CURVE('',#4172,#4173,#315,.T.);
#5179=EDGE_CURVE('',#4173,#4170,#2171,.T.);
#5180=EDGE_CURVE('',#4148,#4174,#2172,.T.);
#5181=EDGE_CURVE('',#4174,#4171,#173,.T.);
#5182=EDGE_CURVE('',#4175,#4147,#2173,.T.);
#5183=EDGE_CURVE('',#4175,#4176,#2174,.T.);
#5184=EDGE_CURVE('',#4176,#4174,#316,.T.);
#5185=EDGE_CURVE('',#4146,#4177,#2175,.T.);
#5186=EDGE_CURVE('',#4177,#4175,#3516,.T.);
#5187=EDGE_CURVE('',#4145,#4178,#2176,.T.);
#5188=EDGE_CURVE('',#4178,#4177,#3517,.T.);
#5189=EDGE_CURVE('',#4179,#4179,#3518,.T.);
#5190=EDGE_CURVE('',#4179,#4180,#2177,.T.);
#5191=EDGE_CURVE('',#4180,#4180,#3519,.T.);
#5192=EDGE_CURVE('',#4181,#4181,#3520,.T.);
#5193=EDGE_CURVE('',#4179,#4182,#2178,.T.);
#5194=EDGE_CURVE('',#4182,#4183,#3521,.T.);
#5195=EDGE_CURVE('',#4183,#4182,#3522,.T.);
#5196=EDGE_CURVE('',#4184,#4184,#3523,.T.);
#5197=EDGE_CURVE('',#4184,#4185,#2179,.T.);
#5198=EDGE_CURVE('',#4185,#4186,#3524,.T.);
#5199=EDGE_CURVE('',#4186,#4185,#3525,.T.);
#5200=EDGE_CURVE('',#4186,#4181,#2180,.T.);
#5201=EDGE_CURVE('',#4187,#4187,#3526,.T.);
#5202=EDGE_CURVE('',#4187,#4188,#2181,.T.);
#5203=EDGE_CURVE('',#4188,#4189,#3527,.T.);
#5204=EDGE_CURVE('',#4189,#4188,#3528,.T.);
#5205=EDGE_CURVE('',#4190,#4162,#2182,.T.);
#5206=EDGE_CURVE('',#4191,#4190,#3529,.T.);
#5207=EDGE_CURVE('',#4192,#4191,#2183,.T.);
#5208=EDGE_CURVE('',#4193,#4192,#3530,.T.);
#5209=EDGE_CURVE('',#4194,#4193,#2184,.T.);
#5210=EDGE_CURVE('',#4195,#4194,#3531,.T.);
#5211=EDGE_CURVE('',#4196,#4195,#2185,.T.);
#5212=EDGE_CURVE('',#4197,#4196,#3532,.T.);
#5213=EDGE_CURVE('',#4198,#4197,#2186,.T.);
#5214=EDGE_CURVE('',#4199,#4198,#3533,.T.);
#5215=EDGE_CURVE('',#4200,#4199,#2187,.T.);
#5216=EDGE_CURVE('',#4201,#4200,#3534,.T.);
#5217=EDGE_CURVE('',#4202,#4201,#2188,.T.);
#5218=EDGE_CURVE('',#4203,#4202,#3535,.T.);
#5219=EDGE_CURVE('',#4204,#4203,#2189,.T.);
#5220=EDGE_CURVE('',#4205,#4204,#3536,.T.);
#5221=EDGE_CURVE('',#4206,#4205,#2190,.T.);
#5222=EDGE_CURVE('',#4207,#4206,#3537,.T.);
#5223=EDGE_CURVE('',#4208,#4207,#3538,.F.);
#5224=EDGE_CURVE('',#4209,#4208,#3539,.T.);
#5225=EDGE_CURVE('',#4210,#4209,#3540,.F.);
#5226=EDGE_CURVE('',#4211,#4210,#3541,.T.);
#5227=EDGE_CURVE('',#4212,#4211,#3542,.F.);
#5228=EDGE_CURVE('',#4213,#4212,#2191,.T.);
#5229=EDGE_CURVE('',#4214,#4213,#3543,.F.);
#5230=EDGE_CURVE('',#4159,#4214,#2192,.T.);
#5231=EDGE_CURVE('',#4215,#4215,#3544,.T.);
#5232=EDGE_CURVE('',#4189,#4216,#2193,.T.);
#5233=EDGE_CURVE('',#4216,#4216,#3545,.T.);
#5234=EDGE_CURVE('',#4217,#4217,#3546,.T.);
#5235=EDGE_CURVE('',#4217,#4218,#2194,.T.);
#5236=EDGE_CURVE('',#4218,#4218,#3547,.T.);
#5237=EDGE_CURVE('',#4217,#4219,#2195,.T.);
#5238=EDGE_CURVE('',#4219,#4219,#3548,.T.);
#5239=EDGE_CURVE('',#4220,#4206,#139,.F.);
#5240=EDGE_CURVE('',#4205,#4221,#2196,.T.);
#5241=EDGE_CURVE('',#4221,#4220,#2197,.T.);
#5242=EDGE_CURVE('',#4204,#4222,#2198,.T.);
#5243=EDGE_CURVE('',#4222,#4221,#3549,.T.);
#5244=EDGE_CURVE('',#4203,#4223,#2199,.T.);
#5245=EDGE_CURVE('',#4223,#4222,#2200,.T.);
#5246=EDGE_CURVE('',#4202,#4224,#2201,.T.);
#5247=EDGE_CURVE('',#4224,#4223,#3550,.T.);
#5248=EDGE_CURVE('',#4201,#4225,#2202,.T.);
#5249=EDGE_CURVE('',#4225,#4224,#2203,.T.);
#5250=EDGE_CURVE('',#4200,#4226,#2204,.T.);
#5251=EDGE_CURVE('',#4226,#4225,#3551,.T.);
#5252=EDGE_CURVE('',#4199,#4227,#2205,.T.);
#5253=EDGE_CURVE('',#4227,#4226,#2206,.T.);
#5254=EDGE_CURVE('',#4198,#4228,#2207,.T.);
#5255=EDGE_CURVE('',#4228,#4227,#3552,.T.);
#5256=EDGE_CURVE('',#4197,#4229,#2208,.T.);
#5257=EDGE_CURVE('',#4229,#4228,#2209,.T.);
#5258=EDGE_CURVE('',#4196,#4230,#2210,.T.);
#5259=EDGE_CURVE('',#4230,#4229,#3553,.T.);
#5260=EDGE_CURVE('',#4195,#4231,#2211,.T.);
#5261=EDGE_CURVE('',#4231,#4230,#2212,.T.);
#5262=EDGE_CURVE('',#4194,#4232,#2213,.T.);
#5263=EDGE_CURVE('',#4232,#4231,#3554,.T.);
#5264=EDGE_CURVE('',#4193,#4233,#2214,.T.);
#5265=EDGE_CURVE('',#4233,#4232,#2215,.T.);
#5266=EDGE_CURVE('',#4192,#4234,#2216,.T.);
#5267=EDGE_CURVE('',#4234,#4233,#3555,.T.);
#5268=EDGE_CURVE('',#4191,#4235,#2217,.T.);
#5269=EDGE_CURVE('',#4235,#4234,#2218,.T.);
#5270=EDGE_CURVE('',#4190,#4167,#2219,.T.);
#5271=EDGE_CURVE('',#4167,#4235,#3556,.T.);
#5272=EDGE_CURVE('',#4236,#4236,#3557,.T.);
#5273=EDGE_CURVE('',#4236,#4237,#2220,.T.);
#5274=EDGE_CURVE('',#4237,#4237,#3558,.T.);
#5275=EDGE_CURVE('',#4238,#4238,#3559,.T.);
#5276=EDGE_CURVE('',#4236,#4239,#2221,.T.);
#5277=EDGE_CURVE('',#4239,#4240,#3560,.T.);
#5278=EDGE_CURVE('',#4240,#4239,#3561,.T.);
#5279=EDGE_CURVE('',#4241,#4241,#3562,.T.);
#5280=EDGE_CURVE('',#4241,#4242,#2222,.T.);
#5281=EDGE_CURVE('',#4242,#4243,#3563,.T.);
#5282=EDGE_CURVE('',#4243,#4242,#3564,.T.);
#5283=EDGE_CURVE('',#4244,#4244,#3565,.T.);
#5284=EDGE_CURVE('',#4243,#4238,#2223,.T.);
#5285=EDGE_CURVE('',#4245,#4245,#3566,.T.);
#5286=EDGE_CURVE('',#4245,#4244,#2224,.T.);
#5287=EDGE_CURVE('',#4245,#4215,#2225,.T.);
#5288=EDGE_CURVE('',#4095,#4210,#2226,.T.);
#5289=EDGE_CURVE('',#4209,#4086,#2227,.T.);
#5290=EDGE_CURVE('',#4211,#4099,#2228,.T.);
#5291=EDGE_CURVE('',#4102,#4212,#2229,.T.);
#5292=EDGE_CURVE('',#4213,#4104,#2230,.T.);
#5293=EDGE_CURVE('',#4108,#4214,#2231,.T.);
#5294=EDGE_CURVE('',#4113,#4129,#2232,.T.);
#5295=EDGE_CURVE('',#4246,#4247,#3567,.T.);
#5296=EDGE_CURVE('',#4246,#4248,#2233,.T.);
#5297=EDGE_CURVE('',#4249,#4248,#3568,.T.);
#5298=EDGE_CURVE('',#4247,#4249,#2234,.T.);
#5299=EDGE_CURVE('',#4247,#4250,#2235,.T.);
#5300=EDGE_CURVE('',#4251,#4249,#2236,.T.);
#5301=EDGE_CURVE('',#4250,#4251,#2237,.T.);
#5302=EDGE_CURVE('',#4250,#4252,#3569,.T.);
#5303=EDGE_CURVE('',#4253,#4251,#3570,.T.);
#5304=EDGE_CURVE('',#4252,#4253,#2238,.T.);
#5305=EDGE_CURVE('',#4252,#4254,#2239,.T.);
#5306=EDGE_CURVE('',#4255,#4253,#2240,.T.);
#5307=EDGE_CURVE('',#4254,#4255,#2241,.T.);
#5308=EDGE_CURVE('',#4254,#4256,#3571,.T.);
#5309=EDGE_CURVE('',#4257,#4255,#3572,.T.);
#5310=EDGE_CURVE('',#4256,#4257,#2242,.T.);
#5311=EDGE_CURVE('',#4256,#4258,#2243,.T.);
#5312=EDGE_CURVE('',#4259,#4257,#2244,.T.);
#5313=EDGE_CURVE('',#4258,#4259,#2245,.T.);
#5314=EDGE_CURVE('',#4258,#4260,#3573,.T.);
#5315=EDGE_CURVE('',#4261,#4259,#3574,.T.);
#5316=EDGE_CURVE('',#4260,#4261,#2246,.T.);
#5317=EDGE_CURVE('',#4260,#4262,#2247,.T.);
#5318=EDGE_CURVE('',#4263,#4261,#2248,.T.);
#5319=EDGE_CURVE('',#4262,#4263,#2249,.T.);
#5320=EDGE_CURVE('',#4262,#4264,#3575,.T.);
#5321=EDGE_CURVE('',#4265,#4263,#3576,.T.);
#5322=EDGE_CURVE('',#4264,#4265,#2250,.T.);
#5323=EDGE_CURVE('',#4266,#4267,#2251,.T.);
#5324=EDGE_CURVE('',#4266,#4268,#2252,.T.);
#5325=EDGE_CURVE('',#4269,#4268,#2253,.T.);
#5326=EDGE_CURVE('',#4270,#4269,#2254,.T.);
#5327=EDGE_CURVE('',#4271,#4270,#2255,.T.);
#5328=EDGE_CURVE('',#4272,#4271,#140,.T.);
#5329=EDGE_CURVE('',#4273,#4272,#2256,.T.);
#5330=EDGE_CURVE('',#4267,#4273,#141,.T.);
#5331=EDGE_CURVE('',#4274,#4266,#317,.T.);
#5332=EDGE_CURVE('',#4275,#4274,#2257,.T.);
#5333=EDGE_CURVE('',#4275,#4268,#3577,.T.);
#5334=EDGE_CURVE('',#4264,#4274,#2258,.T.);
#5335=EDGE_CURVE('',#4275,#4265,#2259,.T.);
#5336=EDGE_CURVE('',#4276,#4277,#2260,.T.);
#5337=EDGE_CURVE('',#4276,#4278,#2261,.T.);
#5338=EDGE_CURVE('',#4279,#4278,#2262,.T.);
#5339=EDGE_CURVE('',#4277,#4279,#2263,.T.);
#5340=EDGE_CURVE('',#4280,#4276,#318,.T.);
#5341=EDGE_CURVE('',#4280,#4281,#2264,.T.);
#5342=EDGE_CURVE('',#4281,#4278,#3578,.T.);
#5343=EDGE_CURVE('',#4282,#4280,#319,.T.);
#5344=EDGE_CURVE('',#4282,#4283,#2265,.T.);
#5345=EDGE_CURVE('',#4281,#4283,#3579,.F.);
#5346=EDGE_CURVE('',#4284,#4282,#2266,.T.);
#5347=EDGE_CURVE('',#4284,#4285,#2267,.T.);
#5348=EDGE_CURVE('',#4283,#4285,#2268,.T.);
#5349=EDGE_CURVE('',#4270,#4284,#320,.T.);
#5350=EDGE_CURVE('',#4269,#4285,#3580,.T.);
#5351=EDGE_CURVE('',#4277,#4286,#3581,.T.);
#5352=EDGE_CURVE('',#4287,#4279,#3582,.T.);
#5353=EDGE_CURVE('',#4286,#4287,#2269,.T.);
#5354=EDGE_CURVE('',#4286,#4288,#2270,.T.);
#5355=EDGE_CURVE('',#4289,#4287,#2271,.T.);
#5356=EDGE_CURVE('',#4288,#4289,#2272,.T.);
#5357=EDGE_CURVE('',#4288,#4290,#3583,.T.);
#5358=EDGE_CURVE('',#4291,#4289,#3584,.T.);
#5359=EDGE_CURVE('',#4290,#4291,#2273,.T.);
#5360=EDGE_CURVE('',#4290,#4178,#2274,.T.);
#5361=EDGE_CURVE('',#4292,#4291,#2275,.T.);
#5362=EDGE_CURVE('',#4178,#4292,#2276,.T.);
#5363=EDGE_CURVE('',#4293,#4292,#3585,.T.);
#5364=EDGE_CURVE('',#4177,#4293,#2277,.T.);
#5365=EDGE_CURVE('',#4294,#4293,#3586,.T.);
#5366=EDGE_CURVE('',#4175,#4294,#2278,.T.);
#5367=EDGE_CURVE('',#4176,#4295,#2279,.T.);
#5368=EDGE_CURVE('',#4295,#4296,#3587,.T.);
#5369=EDGE_CURVE('',#4171,#4296,#2280,.T.);
#5370=EDGE_CURVE('',#4295,#4294,#2281,.T.);
#5371=EDGE_CURVE('',#4173,#4297,#2282,.T.);
#5372=EDGE_CURVE('',#4298,#4297,#2283,.T.);
#5373=EDGE_CURVE('',#4164,#4298,#2284,.T.);
#5374=EDGE_CURVE('',#4172,#4299,#2285,.T.);
#5375=EDGE_CURVE('',#4299,#4297,#3588,.T.);
#5376=EDGE_CURVE('',#4299,#4296,#2286,.T.);
#5377=EDGE_CURVE('',#4165,#4300,#2287,.T.);
#5378=EDGE_CURVE('',#4301,#4300,#2288,.T.);
#5379=EDGE_CURVE('',#4166,#4301,#2289,.T.);
#5380=EDGE_CURVE('',#4298,#4300,#3589,.T.);
#5381=EDGE_CURVE('',#4166,#4302,#3590,.T.);
#5382=EDGE_CURVE('',#4303,#4301,#3591,.T.);
#5383=EDGE_CURVE('',#4302,#4303,#2290,.T.);
#5384=EDGE_CURVE('',#4302,#4246,#2291,.T.);
#5385=EDGE_CURVE('',#4248,#4303,#2292,.T.);
#5386=EDGE_CURVE('',#4304,#4304,#3592,.T.);
#5387=EDGE_CURVE('',#4304,#4219,#2293,.T.);
#5388=EDGE_CURVE('',#4305,#4305,#3593,.T.);
#5389=EDGE_CURVE('',#4306,#4306,#3594,.T.);
#5390=EDGE_CURVE('',#4307,#4307,#3595,.T.);
#5391=EDGE_CURVE('',#4308,#4308,#3596,.T.);
#5392=EDGE_CURVE('',#4144,#4309,#2294,.T.);
#5393=EDGE_CURVE('',#4309,#4309,#3597,.T.);
#5394=EDGE_CURVE('',#4310,#4310,#3598,.T.);
#5395=EDGE_CURVE('',#4305,#4311,#2295,.T.);
#5396=EDGE_CURVE('',#4311,#4312,#3599,.T.);
#5397=EDGE_CURVE('',#4312,#4311,#3600,.T.);
#5398=EDGE_CURVE('',#4312,#4310,#2296,.T.);
#5399=EDGE_CURVE('',#4308,#4313,#2297,.T.);
#5400=EDGE_CURVE('',#4313,#4314,#3601,.T.);
#5401=EDGE_CURVE('',#4314,#4313,#3602,.T.);
#5402=EDGE_CURVE('',#4314,#4315,#2298,.T.);
#5403=EDGE_CURVE('',#4315,#4315,#3603,.T.);
#5404=EDGE_CURVE('',#4142,#4316,#2299,.T.);
#5405=EDGE_CURVE('',#4316,#4316,#3604,.T.);
#5406=EDGE_CURVE('',#4286,#4122,#2300,.T.);
#5407=EDGE_CURVE('',#4120,#4288,#2301,.T.);
#5408=EDGE_CURVE('',#4290,#4116,#2302,.T.);
#5409=EDGE_CURVE('',#4302,#4235,#2303,.T.);
#5410=EDGE_CURVE('',#4234,#4246,#2304,.T.);
#5411=EDGE_CURVE('',#4091,#4208,#2305,.T.);
#5412=EDGE_CURVE('',#4207,#4092,#2306,.T.);
#5413=EDGE_CURVE('',#4220,#4093,#2307,.T.);
#5414=EDGE_CURVE('',#4271,#4221,#2308,.T.);
#5415=EDGE_CURVE('',#4123,#4277,#2309,.T.);
#5416=EDGE_CURVE('',#4247,#4233,#2310,.T.);
#5417=EDGE_CURVE('',#4232,#4250,#2311,.T.);
#5418=EDGE_CURVE('',#4228,#4258,#2312,.T.);
#5419=EDGE_CURVE('',#4260,#4227,#2313,.T.);
#5420=EDGE_CURVE('',#4226,#4262,#2314,.T.);
#5421=EDGE_CURVE('',#4224,#4267,#2315,.T.);
#5422=EDGE_CURVE('',#4273,#4223,#2316,.T.);
#5423=EDGE_CURVE('',#4222,#4272,#2317,.T.);
#5424=EDGE_CURVE('',#4252,#4231,#2318,.T.);
#5425=EDGE_CURVE('',#4230,#4254,#2319,.T.);
#5426=EDGE_CURVE('',#4256,#4229,#2320,.T.);
#5427=EDGE_CURVE('',#4264,#4225,#2321,.T.);
#5428=EDGE_CURVE('',#4307,#4183,#2322,.T.);
#5429=EDGE_CURVE('',#4306,#4240,#2323,.T.);
#5430=EDGE_CURVE('',#4317,#4318,#174,.T.);
#5431=EDGE_CURVE('',#4319,#4317,#321,.T.);
#5432=EDGE_CURVE('',#4319,#4320,#2324,.T.);
#5433=EDGE_CURVE('',#4320,#4321,#3605,.T.);
#5434=EDGE_CURVE('',#4322,#4321,#2325,.T.);
#5435=EDGE_CURVE('',#4318,#4322,#175,.T.);
#5436=EDGE_CURVE('',#4323,#4324,#176,.T.);
#5437=EDGE_CURVE('',#4323,#4325,#2326,.T.);
#5438=EDGE_CURVE('',#4326,#4325,#3606,.T.);
#5439=EDGE_CURVE('',#4327,#4326,#2327,.T.);
#5440=EDGE_CURVE('',#4328,#4327,#322,.T.);
#5441=EDGE_CURVE('',#4329,#4328,#177,.T.);
#5442=EDGE_CURVE('',#4330,#4329,#323,.T.);
#5443=EDGE_CURVE('',#4331,#4330,#3607,.T.);
#5444=EDGE_CURVE('',#4324,#4331,#178,.T.);
#5445=EDGE_CURVE('',#4332,#4323,#179,.T.);
#5446=EDGE_CURVE('',#4332,#4333,#2328,.T.);
#5447=EDGE_CURVE('',#4333,#4325,#3608,.T.);
#5448=EDGE_CURVE('',#4322,#4332,#3609,.T.);
#5449=EDGE_CURVE('',#4333,#4321,#3610,.T.);
#5450=EDGE_CURVE('',#4327,#4334,#2329,.T.);
#5451=EDGE_CURVE('',#4335,#4326,#2330,.T.);
#5452=EDGE_CURVE('',#4336,#4335,#2331,.T.);
#5453=EDGE_CURVE('',#4334,#4336,#142,.T.);
#5454=EDGE_CURVE('',#4336,#4337,#180,.T.);
#5455=EDGE_CURVE('',#4335,#4338,#3611,.T.);
#5456=EDGE_CURVE('',#4339,#4338,#2332,.T.);
#5457=EDGE_CURVE('',#4337,#4339,#324,.T.);
#5458=EDGE_CURVE('',#4339,#4340,#2333,.T.);
#5459=EDGE_CURVE('',#4341,#4338,#2334,.T.);
#5460=EDGE_CURVE('',#4340,#4341,#2335,.T.);
#5461=EDGE_CURVE('',#4340,#4342,#3612,.T.);
#5462=EDGE_CURVE('',#4343,#4341,#3613,.T.);
#5463=EDGE_CURVE('',#4342,#4343,#2336,.T.);
#5464=EDGE_CURVE('',#4342,#4344,#3614,.T.);
#5465=EDGE_CURVE('',#4345,#4343,#3615,.T.);
#5466=EDGE_CURVE('',#4344,#4345,#2337,.T.);
#5467=EDGE_CURVE('',#4346,#4347,#325,.T.);
#5468=EDGE_CURVE('',#4348,#4346,#2338,.T.);
#5469=EDGE_CURVE('',#4348,#4349,#3616,.T.);
#5470=EDGE_CURVE('',#4350,#4349,#2339,.T.);
#5471=EDGE_CURVE('',#4351,#4350,#326,.T.);
#5472=EDGE_CURVE('',#4347,#4351,#181,.T.);
#5473=EDGE_CURVE('',#4344,#4346,#2340,.T.);
#5474=EDGE_CURVE('',#4348,#4345,#2341,.T.);
#5475=EDGE_CURVE('',#4350,#4319,#2342,.T.);
#5476=EDGE_CURVE('',#4320,#4349,#2343,.T.);
#5477=EDGE_CURVE('',#4352,#4353,#143,.F.);
#5478=EDGE_CURVE('',#4353,#4354,#2344,.T.);
#5479=EDGE_CURVE('',#4354,#4355,#2345,.T.);
#5480=EDGE_CURVE('',#4355,#4352,#2346,.T.);
#5481=EDGE_CURVE('',#4356,#4357,#2347,.T.);
#5482=EDGE_CURVE('',#4357,#4355,#3617,.T.);
#5483=EDGE_CURVE('',#4354,#4356,#3618,.T.);
#5484=EDGE_CURVE('',#4358,#4359,#2348,.T.);
#5485=EDGE_CURVE('',#4359,#4357,#2349,.T.);
#5486=EDGE_CURVE('',#4356,#4358,#2350,.T.);
#5487=EDGE_CURVE('',#4360,#4361,#2351,.T.);
#5488=EDGE_CURVE('',#4361,#4359,#3619,.T.);
#5489=EDGE_CURVE('',#4358,#4360,#3620,.T.);
#5490=EDGE_CURVE('',#4362,#4363,#2352,.T.);
#5491=EDGE_CURVE('',#4363,#4361,#2353,.T.);
#5492=EDGE_CURVE('',#4360,#4362,#2354,.T.);
#5493=EDGE_CURVE('',#4364,#4365,#2355,.T.);
#5494=EDGE_CURVE('',#4365,#4363,#3621,.T.);
#5495=EDGE_CURVE('',#4362,#4364,#3622,.T.);
#5496=EDGE_CURVE('',#4366,#4367,#2356,.T.);
#5497=EDGE_CURVE('',#4367,#4365,#2357,.T.);
#5498=EDGE_CURVE('',#4364,#4366,#2358,.T.);
#5499=EDGE_CURVE('',#4368,#4369,#2359,.T.);
#5500=EDGE_CURVE('',#4369,#4367,#3623,.T.);
#5501=EDGE_CURVE('',#4366,#4368,#3624,.T.);
#5502=EDGE_CURVE('',#4370,#4371,#2360,.T.);
#5503=EDGE_CURVE('',#4371,#4369,#2361,.T.);
#5504=EDGE_CURVE('',#4368,#4370,#2362,.T.);
#5505=EDGE_CURVE('',#4372,#4373,#2363,.T.);
#5506=EDGE_CURVE('',#4373,#4371,#3625,.T.);
#5507=EDGE_CURVE('',#4370,#4372,#3626,.T.);
#5508=EDGE_CURVE('',#4374,#4375,#2364,.T.);
#5509=EDGE_CURVE('',#4375,#4373,#2365,.T.);
#5510=EDGE_CURVE('',#4372,#4374,#2366,.T.);
#5511=EDGE_CURVE('',#4376,#4377,#2367,.T.);
#5512=EDGE_CURVE('',#4377,#4375,#3627,.T.);
#5513=EDGE_CURVE('',#4374,#4376,#3628,.T.);
#5514=EDGE_CURVE('',#4378,#4379,#2368,.T.);
#5515=EDGE_CURVE('',#4379,#4377,#2369,.T.);
#5516=EDGE_CURVE('',#4376,#4378,#2370,.T.);
#5517=EDGE_CURVE('',#4380,#4381,#2371,.T.);
#5518=EDGE_CURVE('',#4381,#4379,#3629,.T.);
#5519=EDGE_CURVE('',#4378,#4380,#3630,.T.);
#5520=EDGE_CURVE('',#4382,#4383,#2372,.T.);
#5521=EDGE_CURVE('',#4383,#4381,#2373,.T.);
#5522=EDGE_CURVE('',#4380,#4382,#2374,.T.);
#5523=EDGE_CURVE('',#4384,#4385,#2375,.T.);
#5524=EDGE_CURVE('',#4385,#4383,#3631,.T.);
#5525=EDGE_CURVE('',#4382,#4384,#3632,.T.);
#5526=EDGE_CURVE('',#4386,#4387,#144,.F.);
#5527=EDGE_CURVE('',#4387,#4385,#2376,.T.);
#5528=EDGE_CURVE('',#4384,#4386,#2377,.T.);
#5529=EDGE_CURVE('',#4388,#4386,#2378,.T.);
#5530=EDGE_CURVE('',#4384,#4389,#2379,.T.);
#5531=EDGE_CURVE('',#4390,#4389,#2380,.T.);
#5532=EDGE_CURVE('',#4391,#4390,#327,.T.);
#5533=EDGE_CURVE('',#4392,#4391,#2381,.T.);
#5534=EDGE_CURVE('',#4392,#4393,#2382,.T.);
#5535=EDGE_CURVE('',#4388,#4393,#2383,.T.);
#5536=EDGE_CURVE('',#4394,#4382,#2384,.T.);
#5537=EDGE_CURVE('',#4389,#4394,#3633,.T.);
#5538=EDGE_CURVE('',#4380,#4395,#2385,.T.);
#5539=EDGE_CURVE('',#4394,#4395,#2386,.T.);
#5540=EDGE_CURVE('',#4396,#4378,#2387,.T.);
#5541=EDGE_CURVE('',#4395,#4396,#3634,.T.);
#5542=EDGE_CURVE('',#4376,#4397,#2388,.T.);
#5543=EDGE_CURVE('',#4396,#4397,#2389,.T.);
#5544=EDGE_CURVE('',#4398,#4374,#2390,.T.);
#5545=EDGE_CURVE('',#4397,#4398,#3635,.T.);
#5546=EDGE_CURVE('',#4372,#4399,#2391,.T.);
#5547=EDGE_CURVE('',#4398,#4399,#2392,.T.);
#5548=EDGE_CURVE('',#4400,#4370,#2393,.T.);
#5549=EDGE_CURVE('',#4399,#4400,#3636,.T.);
#5550=EDGE_CURVE('',#4368,#4401,#2394,.T.);
#5551=EDGE_CURVE('',#4400,#4401,#2395,.T.);
#5552=EDGE_CURVE('',#4402,#4366,#2396,.T.);
#5553=EDGE_CURVE('',#4401,#4402,#3637,.T.);
#5554=EDGE_CURVE('',#4364,#4403,#2397,.T.);
#5555=EDGE_CURVE('',#4402,#4403,#2398,.T.);
#5556=EDGE_CURVE('',#4404,#4362,#2399,.T.);
#5557=EDGE_CURVE('',#4403,#4404,#3638,.T.);
#5558=EDGE_CURVE('',#4360,#4405,#2400,.T.);
#5559=EDGE_CURVE('',#4406,#4405,#2401,.T.);
#5560=EDGE_CURVE('',#4407,#4406,#328,.T.);
#5561=EDGE_CURVE('',#4404,#4407,#2402,.T.);
#5562=EDGE_CURVE('',#4408,#4358,#2403,.T.);
#5563=EDGE_CURVE('',#4405,#4408,#145,.T.);
#5564=EDGE_CURVE('',#4356,#4409,#2404,.T.);
#5565=EDGE_CURVE('',#4408,#4409,#2405,.T.);
#5566=EDGE_CURVE('',#4410,#4354,#2406,.T.);
#5567=EDGE_CURVE('',#4409,#4410,#146,.T.);
#5568=EDGE_CURVE('',#4411,#4412,#2407,.T.);
#5569=EDGE_CURVE('',#4413,#4411,#329,.T.);
#5570=EDGE_CURVE('',#4414,#4413,#330,.T.);
#5571=EDGE_CURVE('',#4415,#4414,#2408,.T.);
#5572=EDGE_CURVE('',#4416,#4415,#331,.T.);
#5573=EDGE_CURVE('',#4410,#4416,#2409,.T.);
#5574=EDGE_CURVE('',#4353,#4330,#2410,.T.);
#5575=EDGE_CURVE('',#4329,#4412,#2411,.T.);
#5576=EDGE_CURVE('',#4417,#4418,#3639,.T.);
#5577=EDGE_CURVE('',#4418,#4417,#3640,.T.);
#5578=EDGE_CURVE('',#4417,#4419,#2412,.T.);
#5579=EDGE_CURVE('',#4419,#4419,#3641,.T.);
#5580=EDGE_CURVE('',#4387,#4420,#3642,.F.);
#5581=EDGE_CURVE('',#4420,#4421,#2413,.T.);
#5582=EDGE_CURVE('',#4421,#4422,#3643,.T.);
#5583=EDGE_CURVE('',#4422,#4423,#2414,.T.);
#5584=EDGE_CURVE('',#4423,#4424,#3644,.F.);
#5585=EDGE_CURVE('',#4424,#4425,#2415,.T.);
#5586=EDGE_CURVE('',#4426,#4425,#3645,.F.);
#5587=EDGE_CURVE('',#4426,#4427,#3646,.T.);
#5588=EDGE_CURVE('',#4427,#4428,#3647,.F.);
#5589=EDGE_CURVE('',#4428,#4352,#3648,.T.);
#5590=EDGE_CURVE('',#4418,#4429,#2416,.T.);
#5591=EDGE_CURVE('',#4429,#4429,#3649,.T.);
#5592=EDGE_CURVE('',#4430,#4430,#3650,.T.);
#5593=EDGE_CURVE('',#4430,#4431,#2417,.T.);
#5594=EDGE_CURVE('',#4431,#4431,#3651,.T.);
#5595=EDGE_CURVE('',#4431,#4432,#2418,.T.);
#5596=EDGE_CURVE('',#4432,#4432,#3652,.T.);
#5597=EDGE_CURVE('',#4433,#4433,#3653,.T.);
#5598=EDGE_CURVE('',#4433,#4434,#2419,.T.);
#5599=EDGE_CURVE('',#4434,#4434,#3654,.T.);
#5600=EDGE_CURVE('',#4435,#4435,#3655,.T.);
#5601=EDGE_CURVE('',#4433,#4436,#2420,.T.);
#5602=EDGE_CURVE('',#4437,#4436,#3656,.T.);
#5603=EDGE_CURVE('',#4436,#4437,#3657,.T.);
#5604=EDGE_CURVE('',#4438,#4438,#3658,.T.);
#5605=EDGE_CURVE('',#4438,#4439,#2421,.T.);
#5606=EDGE_CURVE('',#4439,#4439,#3659,.T.);
#5607=EDGE_CURVE('',#4440,#4440,#3660,.T.);
#5608=EDGE_CURVE('',#4439,#4441,#2422,.T.);
#5609=EDGE_CURVE('',#4442,#4441,#3661,.T.);
#5610=EDGE_CURVE('',#4441,#4442,#3662,.T.);
#5611=EDGE_CURVE('',#4443,#4444,#3663,.T.);
#5612=EDGE_CURVE('',#4444,#4443,#3664,.T.);
#5613=EDGE_CURVE('',#4443,#4445,#2423,.T.);
#5614=EDGE_CURVE('',#4445,#4445,#3665,.T.);
#5615=EDGE_CURVE('',#4446,#4446,#3666,.T.);
#5616=EDGE_CURVE('',#4444,#4440,#2424,.T.);
#5617=EDGE_CURVE('',#4446,#4447,#2425,.T.);
#5618=EDGE_CURVE('',#4447,#4448,#3667,.T.);
#5619=EDGE_CURVE('',#4448,#4447,#3668,.T.);
#5620=EDGE_CURVE('',#4448,#4435,#2426,.T.);
#5621=EDGE_CURVE('',#4449,#4449,#3669,.T.);
#5622=EDGE_CURVE('',#4449,#4450,#2427,.T.);
#5623=EDGE_CURVE('',#4450,#4450,#3670,.T.);
#5624=EDGE_CURVE('',#4451,#4452,#3671,.T.);
#5625=EDGE_CURVE('',#4453,#4451,#2428,.T.);
#5626=EDGE_CURVE('',#4454,#4453,#3672,.T.);
#5627=EDGE_CURVE('',#4455,#4454,#2429,.T.);
#5628=EDGE_CURVE('',#4456,#4455,#3673,.T.);
#5629=EDGE_CURVE('',#4457,#4456,#2430,.T.);
#5630=EDGE_CURVE('',#4458,#4457,#3674,.T.);
#5631=EDGE_CURVE('',#4459,#4458,#2431,.T.);
#5632=EDGE_CURVE('',#4460,#4459,#3675,.T.);
#5633=EDGE_CURVE('',#4461,#4460,#2432,.T.);
#5634=EDGE_CURVE('',#4462,#4461,#3676,.T.);
#5635=EDGE_CURVE('',#4463,#4462,#3677,.T.);
#5636=EDGE_CURVE('',#4463,#4464,#2433,.T.);
#5637=EDGE_CURVE('',#4452,#4464,#3678,.T.);
#5638=EDGE_CURVE('',#4465,#4465,#3679,.T.);
#5639=EDGE_CURVE('',#4450,#4466,#2434,.T.);
#5640=EDGE_CURVE('',#4466,#4466,#3680,.T.);
#5641=EDGE_CURVE('',#4465,#4467,#2435,.T.);
#5642=EDGE_CURVE('',#4467,#4467,#3681,.T.);
#5643=EDGE_CURVE('',#4467,#4468,#2436,.T.);
#5644=EDGE_CURVE('',#4468,#4468,#3682,.T.);
#5645=EDGE_CURVE('',#4469,#4463,#332,.F.);
#5646=EDGE_CURVE('',#4462,#4470,#2437,.T.);
#5647=EDGE_CURVE('',#4470,#4469,#3683,.T.);
#5648=EDGE_CURVE('',#4461,#4471,#2438,.T.);
#5649=EDGE_CURVE('',#4471,#4470,#3684,.T.);
#5650=EDGE_CURVE('',#4460,#4472,#2439,.T.);
#5651=EDGE_CURVE('',#4472,#4471,#2440,.T.);
#5652=EDGE_CURVE('',#4459,#4473,#2441,.T.);
#5653=EDGE_CURVE('',#4473,#4472,#3685,.T.);
#5654=EDGE_CURVE('',#4458,#4474,#2442,.T.);
#5655=EDGE_CURVE('',#4474,#4473,#2443,.T.);
#5656=EDGE_CURVE('',#4457,#4475,#2444,.T.);
#5657=EDGE_CURVE('',#4475,#4474,#3686,.T.);
#5658=EDGE_CURVE('',#4456,#4476,#2445,.T.);
#5659=EDGE_CURVE('',#4476,#4475,#2446,.T.);
#5660=EDGE_CURVE('',#4455,#4393,#2447,.T.);
#5661=EDGE_CURVE('',#4393,#4476,#3687,.T.);
#5662=EDGE_CURVE('',#4454,#4388,#2448,.T.);
#5663=EDGE_CURVE('',#4453,#4477,#2449,.T.);
#5664=EDGE_CURVE('',#4477,#4388,#3688,.T.);
#5665=EDGE_CURVE('',#4451,#4478,#2450,.T.);
#5666=EDGE_CURVE('',#4478,#4477,#2451,.T.);
#5667=EDGE_CURVE('',#4452,#4479,#182,.T.);
#5668=EDGE_CURVE('',#4479,#4478,#3689,.T.);
#5669=EDGE_CURVE('',#4340,#4464,#2452,.T.);
#5670=EDGE_CURVE('',#4469,#4480,#2453,.T.);
#5671=EDGE_CURVE('',#4481,#4480,#2454,.T.);
#5672=EDGE_CURVE('',#4481,#4337,#2455,.T.);
#5673=EDGE_CURVE('',#4479,#4342,#2456,.T.);
#5674=EDGE_CURVE('',#4478,#4421,#2457,.T.);
#5675=EDGE_CURVE('',#4344,#4422,#2458,.T.);
#5676=EDGE_CURVE('',#4347,#4423,#2459,.T.);
#5677=EDGE_CURVE('',#4424,#4351,#2460,.T.);
#5678=EDGE_CURVE('',#4425,#4317,#2461,.T.);
#5679=EDGE_CURVE('',#4318,#4426,#2462,.T.);
#5680=EDGE_CURVE('',#4324,#4427,#2463,.T.);
#5681=EDGE_CURVE('',#4396,#4482,#2464,.T.);
#5682=EDGE_CURVE('',#4482,#4483,#3690,.T.);
#5683=EDGE_CURVE('',#4395,#4483,#2465,.T.);
#5684=EDGE_CURVE('',#4397,#4484,#2466,.T.);
#5685=EDGE_CURVE('',#4484,#4482,#2467,.T.);
#5686=EDGE_CURVE('',#4398,#4485,#2468,.T.);
#5687=EDGE_CURVE('',#4485,#4484,#3691,.T.);
#5688=EDGE_CURVE('',#4399,#4486,#2469,.T.);
#5689=EDGE_CURVE('',#4486,#4485,#2470,.T.);
#5690=EDGE_CURVE('',#4400,#4487,#2471,.T.);
#5691=EDGE_CURVE('',#4487,#4486,#3692,.T.);
#5692=EDGE_CURVE('',#4401,#4488,#2472,.T.);
#5693=EDGE_CURVE('',#4488,#4487,#2473,.T.);
#5694=EDGE_CURVE('',#4402,#4489,#2474,.T.);
#5695=EDGE_CURVE('',#4489,#4488,#3693,.T.);
#5696=EDGE_CURVE('',#4403,#4490,#2475,.T.);
#5697=EDGE_CURVE('',#4490,#4489,#2476,.T.);
#5698=EDGE_CURVE('',#4404,#4491,#2477,.T.);
#5699=EDGE_CURVE('',#4491,#4490,#3694,.T.);
#5700=EDGE_CURVE('',#4416,#4492,#2478,.T.);
#5701=EDGE_CURVE('',#4492,#4493,#2479,.T.);
#5702=EDGE_CURVE('',#4406,#4493,#2480,.T.);
#5703=EDGE_CURVE('',#4494,#4493,#3695,.T.);
#5704=EDGE_CURVE('',#4494,#4407,#2481,.T.);
#5705=EDGE_CURVE('',#4494,#4491,#2482,.T.);
#5706=EDGE_CURVE('',#4412,#4495,#2483,.T.);
#5707=EDGE_CURVE('',#4495,#4496,#2484,.T.);
#5708=EDGE_CURVE('',#4411,#4496,#2485,.T.);
#5709=EDGE_CURVE('',#4497,#4496,#3696,.T.);
#5710=EDGE_CURVE('',#4413,#4497,#2486,.T.);
#5711=EDGE_CURVE('',#4497,#4498,#3697,.F.);
#5712=EDGE_CURVE('',#4414,#4498,#2487,.T.);
#5713=EDGE_CURVE('',#4498,#4499,#2488,.T.);
#5714=EDGE_CURVE('',#4415,#4499,#2489,.T.);
#5715=EDGE_CURVE('',#4492,#4499,#3698,.T.);
#5716=EDGE_CURVE('',#4412,#4500,#3699,.T.);
#5717=EDGE_CURVE('',#4500,#4501,#2490,.T.);
#5718=EDGE_CURVE('',#4501,#4495,#3700,.T.);
#5719=EDGE_CURVE('',#4500,#4502,#2491,.T.);
#5720=EDGE_CURVE('',#4502,#4503,#2492,.T.);
#5721=EDGE_CURVE('',#4503,#4501,#2493,.T.);
#5722=EDGE_CURVE('',#4502,#4481,#3701,.T.);
#5723=EDGE_CURVE('',#4481,#4504,#2494,.T.);
#5724=EDGE_CURVE('',#4504,#4503,#3702,.T.);
#5725=EDGE_CURVE('',#4480,#4505,#2495,.T.);
#5726=EDGE_CURVE('',#4505,#4504,#2496,.T.);
#5727=EDGE_CURVE('',#4480,#4506,#3703,.T.);
#5728=EDGE_CURVE('',#4506,#4507,#2497,.T.);
#5729=EDGE_CURVE('',#4507,#4505,#3704,.T.);
#5730=EDGE_CURVE('',#4506,#4508,#3705,.T.);
#5731=EDGE_CURVE('',#4508,#4509,#2498,.T.);
#5732=EDGE_CURVE('',#4509,#4507,#3706,.T.);
#5733=EDGE_CURVE('',#4510,#4511,#333,.T.);
#5734=EDGE_CURVE('',#4511,#4512,#183,.T.);
#5735=EDGE_CURVE('',#4512,#4513,#2499,.T.);
#5736=EDGE_CURVE('',#4514,#4513,#3707,.T.);
#5737=EDGE_CURVE('',#4510,#4514,#2500,.T.);
#5738=EDGE_CURVE('',#4508,#4510,#2501,.T.);
#5739=EDGE_CURVE('',#4514,#4509,#2502,.T.);
#5740=EDGE_CURVE('',#4515,#4516,#2503,.T.);
#5741=EDGE_CURVE('',#4516,#4517,#147,.T.);
#5742=EDGE_CURVE('',#4517,#4518,#2504,.T.);
#5743=EDGE_CURVE('',#4518,#4392,#148,.T.);
#5744=EDGE_CURVE('',#4391,#4519,#2505,.T.);
#5745=EDGE_CURVE('',#4519,#4520,#2506,.T.);
#5746=EDGE_CURVE('',#4515,#4520,#2507,.T.);
#5747=EDGE_CURVE('',#4521,#4515,#334,.T.);
#5748=EDGE_CURVE('',#4522,#4520,#3708,.T.);
#5749=EDGE_CURVE('',#4521,#4522,#2508,.T.);
#5750=EDGE_CURVE('',#4512,#4521,#2509,.T.);
#5751=EDGE_CURVE('',#4522,#4513,#2510,.T.);
#5752=EDGE_CURVE('',#4389,#4523,#2511,.T.);
#5753=EDGE_CURVE('',#4523,#4524,#2512,.T.);
#5754=EDGE_CURVE('',#4390,#4524,#2513,.T.);
#5755=EDGE_CURVE('',#4519,#4524,#3709,.T.);
#5756=EDGE_CURVE('',#4394,#4525,#2514,.T.);
#5757=EDGE_CURVE('',#4525,#4523,#3710,.T.);
#5758=EDGE_CURVE('',#4483,#4525,#2515,.T.);
#5759=EDGE_CURVE('',#4526,#4526,#3711,.T.);
#5760=EDGE_CURVE('',#4526,#4432,#2516,.T.);
#5761=EDGE_CURVE('',#4527,#4527,#3712,.T.);
#5762=EDGE_CURVE('',#4528,#4528,#3713,.T.);
#5763=EDGE_CURVE('',#4529,#4529,#3714,.T.);
#5764=EDGE_CURVE('',#4530,#4530,#3715,.T.);
#5765=EDGE_CURVE('',#4468,#4531,#2517,.T.);
#5766=EDGE_CURVE('',#4531,#4531,#3716,.T.);
#5767=EDGE_CURVE('',#4532,#4532,#3717,.T.);
#5768=EDGE_CURVE('',#4527,#4533,#2518,.T.);
#5769=EDGE_CURVE('',#4534,#4533,#3718,.T.);
#5770=EDGE_CURVE('',#4533,#4534,#3719,.T.);
#5771=EDGE_CURVE('',#4534,#4532,#2519,.T.);
#5772=EDGE_CURVE('',#4530,#4535,#2520,.T.);
#5773=EDGE_CURVE('',#4536,#4535,#3720,.T.);
#5774=EDGE_CURVE('',#4535,#4536,#3721,.T.);
#5775=EDGE_CURVE('',#4536,#4537,#2521,.T.);
#5776=EDGE_CURVE('',#4537,#4537,#3722,.T.);
#5777=EDGE_CURVE('',#4466,#4538,#2522,.T.);
#5778=EDGE_CURVE('',#4538,#4538,#3723,.T.);
#5779=EDGE_CURVE('',#4334,#4502,#2523,.T.);
#5780=EDGE_CURVE('',#4500,#4328,#2524,.T.);
#5781=EDGE_CURVE('',#4470,#4506,#2525,.T.);
#5782=EDGE_CURVE('',#4508,#4471,#2526,.T.);
#5783=EDGE_CURVE('',#4472,#4511,#2527,.T.);
#5784=EDGE_CURVE('',#4512,#4473,#2528,.T.);
#5785=EDGE_CURVE('',#4474,#4516,#2529,.T.);
#5786=EDGE_CURVE('',#4517,#4475,#2530,.T.);
#5787=EDGE_CURVE('',#4476,#4518,#2531,.T.);
#5788=EDGE_CURVE('',#4420,#4477,#2532,.T.);
#5789=EDGE_CURVE('',#4428,#4331,#2533,.T.);
#5790=EDGE_CURVE('',#4529,#4442,#2534,.T.);
#5791=EDGE_CURVE('',#4528,#4437,#2535,.T.);
#5792=EDGE_CURVE('',#4539,#4540,#184,.F.);
#5793=EDGE_CURVE('',#4541,#4539,#3724,.T.);
#5794=EDGE_CURVE('',#4540,#4541,#3725,.T.);
#5795=EDGE_CURVE('',#4542,#4543,#185,.F.);
#5796=EDGE_CURVE('',#4543,#4542,#3726,.T.);
#5797=EDGE_CURVE('',#4544,#4545,#186,.T.);
#5798=EDGE_CURVE('',#4546,#4544,#187,.T.);
#5799=EDGE_CURVE('',#4545,#4546,#188,.T.);
#5800=EDGE_CURVE('',#4545,#4541,#2536,.T.);
#5801=EDGE_CURVE('',#4547,#4539,#189,.F.);
#5802=EDGE_CURVE('',#4543,#4547,#190,.F.);
#5803=EDGE_CURVE('',#4548,#4542,#191,.F.);
#5804=EDGE_CURVE('',#4540,#4548,#192,.F.);
#5805=EDGE_CURVE('',#4549,#4550,#193,.F.);
#5806=EDGE_CURVE('',#4550,#4549,#3727,.T.);
#5807=EDGE_CURVE('',#4551,#4552,#194,.F.);
#5808=EDGE_CURVE('',#4552,#4551,#3728,.T.);
#5809=EDGE_CURVE('',#4553,#4554,#195,.T.);
#5810=EDGE_CURVE('',#4554,#4553,#196,.T.);
#5811=EDGE_CURVE('',#4554,#4555,#2537,.T.);
#5812=EDGE_CURVE('',#4552,#4555,#197,.F.);
#5813=EDGE_CURVE('',#4550,#4551,#198,.F.);
#5814=EDGE_CURVE('',#4555,#4549,#199,.F.);
#5815=EDGE_CURVE('',#4556,#4556,#3729,.T.);
#5816=EDGE_CURVE('',#4556,#4557,#2538,.T.);
#5817=EDGE_CURVE('',#4557,#4557,#3730,.T.);
#5818=EDGE_CURVE('',#4558,#4558,#3731,.T.);
#5819=EDGE_CURVE('',#4559,#4559,#3732,.T.);
#5820=EDGE_CURVE('',#4559,#4546,#2539,.T.);
#5821=EDGE_CURVE('',#4544,#4560,#2540,.T.);
#5822=EDGE_CURVE('',#4560,#4560,#3733,.T.);
#5823=EDGE_CURVE('',#4561,#4561,#3734,.T.);
#5824=EDGE_CURVE('',#4562,#4563,#3735,.T.);
#5825=EDGE_CURVE('',#4563,#4564,#3736,.T.);
#5826=EDGE_CURVE('',#4564,#4565,#3737,.T.);
#5827=EDGE_CURVE('',#4565,#4566,#3738,.T.);
#5828=EDGE_CURVE('',#4566,#4567,#3739,.T.);
#5829=EDGE_CURVE('',#4567,#4568,#3740,.T.);
#5830=EDGE_CURVE('',#4568,#4569,#3741,.T.);
#5831=EDGE_CURVE('',#4569,#4570,#3742,.T.);
#5832=EDGE_CURVE('',#4570,#4571,#3743,.T.);
#5833=EDGE_CURVE('',#4571,#4572,#3744,.T.);
#5834=EDGE_CURVE('',#4572,#4573,#3745,.T.);
#5835=EDGE_CURVE('',#4573,#4574,#3746,.T.);
#5836=EDGE_CURVE('',#4574,#4575,#3747,.T.);
#5837=EDGE_CURVE('',#4575,#4576,#3748,.T.);
#5838=EDGE_CURVE('',#4576,#4577,#3749,.T.);
#5839=EDGE_CURVE('',#4577,#4578,#3750,.T.);
#5840=EDGE_CURVE('',#4578,#4579,#3751,.T.);
#5841=EDGE_CURVE('',#4579,#4580,#3752,.T.);
#5842=EDGE_CURVE('',#4580,#4581,#3753,.T.);
#5843=EDGE_CURVE('',#4581,#4582,#3754,.T.);
#5844=EDGE_CURVE('',#4582,#4583,#3755,.T.);
#5845=EDGE_CURVE('',#4583,#4584,#3756,.T.);
#5846=EDGE_CURVE('',#4584,#4585,#3757,.T.);
#5847=EDGE_CURVE('',#4585,#4586,#3758,.T.);
#5848=EDGE_CURVE('',#4586,#4587,#3759,.T.);
#5849=EDGE_CURVE('',#4587,#4588,#3760,.T.);
#5850=EDGE_CURVE('',#4588,#4589,#3761,.T.);
#5851=EDGE_CURVE('',#4589,#4590,#3762,.T.);
#5852=EDGE_CURVE('',#4590,#4591,#3763,.T.);
#5853=EDGE_CURVE('',#4591,#4592,#3764,.T.);
#5854=EDGE_CURVE('',#4592,#4593,#3765,.T.);
#5855=EDGE_CURVE('',#4593,#4594,#3766,.T.);
#5856=EDGE_CURVE('',#4594,#4595,#3767,.T.);
#5857=EDGE_CURVE('',#4595,#4596,#3768,.T.);
#5858=EDGE_CURVE('',#4596,#4597,#3769,.T.);
#5859=EDGE_CURVE('',#4597,#4598,#3770,.T.);
#5860=EDGE_CURVE('',#4598,#4599,#3771,.T.);
#5861=EDGE_CURVE('',#4599,#4600,#3772,.T.);
#5862=EDGE_CURVE('',#4600,#4601,#3773,.T.);
#5863=EDGE_CURVE('',#4601,#4602,#3774,.T.);
#5864=EDGE_CURVE('',#4602,#4603,#3775,.T.);
#5865=EDGE_CURVE('',#4603,#4604,#3776,.T.);
#5866=EDGE_CURVE('',#4604,#4605,#3777,.T.);
#5867=EDGE_CURVE('',#4605,#4606,#3778,.T.);
#5868=EDGE_CURVE('',#4606,#4607,#3779,.T.);
#5869=EDGE_CURVE('',#4607,#4608,#3780,.T.);
#5870=EDGE_CURVE('',#4608,#4609,#3781,.T.);
#5871=EDGE_CURVE('',#4609,#4610,#3782,.T.);
#5872=EDGE_CURVE('',#4610,#4611,#3783,.T.);
#5873=EDGE_CURVE('',#4611,#4612,#3784,.T.);
#5874=EDGE_CURVE('',#4612,#4613,#3785,.T.);
#5875=EDGE_CURVE('',#4613,#4614,#3786,.T.);
#5876=EDGE_CURVE('',#4614,#4615,#3787,.T.);
#5877=EDGE_CURVE('',#4615,#4616,#3788,.T.);
#5878=EDGE_CURVE('',#4616,#4617,#3789,.T.);
#5879=EDGE_CURVE('',#4617,#4618,#3790,.T.);
#5880=EDGE_CURVE('',#4618,#4619,#3791,.T.);
#5881=EDGE_CURVE('',#4619,#4620,#3792,.T.);
#5882=EDGE_CURVE('',#4620,#4621,#3793,.T.);
#5883=EDGE_CURVE('',#4621,#4622,#3794,.T.);
#5884=EDGE_CURVE('',#4622,#4623,#3795,.T.);
#5885=EDGE_CURVE('',#4623,#4624,#3796,.T.);
#5886=EDGE_CURVE('',#4624,#4625,#3797,.T.);
#5887=EDGE_CURVE('',#4625,#4626,#3798,.T.);
#5888=EDGE_CURVE('',#4626,#4627,#3799,.T.);
#5889=EDGE_CURVE('',#4627,#4628,#3800,.T.);
#5890=EDGE_CURVE('',#4628,#4629,#3801,.T.);
#5891=EDGE_CURVE('',#4629,#4630,#3802,.T.);
#5892=EDGE_CURVE('',#4630,#4631,#3803,.T.);
#5893=EDGE_CURVE('',#4631,#4632,#3804,.T.);
#5894=EDGE_CURVE('',#4632,#4633,#3805,.T.);
#5895=EDGE_CURVE('',#4633,#4634,#3806,.T.);
#5896=EDGE_CURVE('',#4634,#4635,#3807,.T.);
#5897=EDGE_CURVE('',#4635,#4636,#3808,.T.);
#5898=EDGE_CURVE('',#4636,#4637,#3809,.T.);
#5899=EDGE_CURVE('',#4637,#4638,#3810,.T.);
#5900=EDGE_CURVE('',#4638,#4639,#3811,.T.);
#5901=EDGE_CURVE('',#4639,#4640,#3812,.T.);
#5902=EDGE_CURVE('',#4640,#4641,#3813,.T.);
#5903=EDGE_CURVE('',#4641,#4562,#3814,.T.);
#5904=EDGE_CURVE('',#4642,#4643,#3815,.T.);
#5905=EDGE_CURVE('',#4643,#4644,#3816,.T.);
#5906=EDGE_CURVE('',#4644,#4645,#3817,.T.);
#5907=EDGE_CURVE('',#4645,#4646,#3818,.T.);
#5908=EDGE_CURVE('',#4646,#4647,#3819,.T.);
#5909=EDGE_CURVE('',#4647,#4648,#3820,.T.);
#5910=EDGE_CURVE('',#4648,#4649,#3821,.T.);
#5911=EDGE_CURVE('',#4649,#4650,#3822,.T.);
#5912=EDGE_CURVE('',#4650,#4651,#3823,.T.);
#5913=EDGE_CURVE('',#4651,#4652,#3824,.T.);
#5914=EDGE_CURVE('',#4652,#4653,#3825,.T.);
#5915=EDGE_CURVE('',#4653,#4654,#3826,.T.);
#5916=EDGE_CURVE('',#4654,#4655,#3827,.T.);
#5917=EDGE_CURVE('',#4655,#4656,#3828,.T.);
#5918=EDGE_CURVE('',#4656,#4657,#3829,.T.);
#5919=EDGE_CURVE('',#4657,#4658,#3830,.T.);
#5920=EDGE_CURVE('',#4658,#4659,#3831,.T.);
#5921=EDGE_CURVE('',#4659,#4660,#3832,.T.);
#5922=EDGE_CURVE('',#4660,#4661,#3833,.T.);
#5923=EDGE_CURVE('',#4661,#4662,#3834,.T.);
#5924=EDGE_CURVE('',#4662,#4663,#3835,.T.);
#5925=EDGE_CURVE('',#4663,#4664,#3836,.T.);
#5926=EDGE_CURVE('',#4664,#4665,#3837,.T.);
#5927=EDGE_CURVE('',#4665,#4666,#3838,.T.);
#5928=EDGE_CURVE('',#4666,#4667,#3839,.T.);
#5929=EDGE_CURVE('',#4667,#4668,#3840,.T.);
#5930=EDGE_CURVE('',#4668,#4669,#3841,.T.);
#5931=EDGE_CURVE('',#4669,#4670,#3842,.T.);
#5932=EDGE_CURVE('',#4670,#4671,#3843,.T.);
#5933=EDGE_CURVE('',#4671,#4672,#3844,.T.);
#5934=EDGE_CURVE('',#4672,#4673,#3845,.T.);
#5935=EDGE_CURVE('',#4673,#4674,#3846,.T.);
#5936=EDGE_CURVE('',#4674,#4675,#3847,.T.);
#5937=EDGE_CURVE('',#4675,#4676,#3848,.T.);
#5938=EDGE_CURVE('',#4676,#4677,#3849,.T.);
#5939=EDGE_CURVE('',#4677,#4678,#3850,.T.);
#5940=EDGE_CURVE('',#4678,#4679,#3851,.T.);
#5941=EDGE_CURVE('',#4679,#4680,#3852,.T.);
#5942=EDGE_CURVE('',#4680,#4681,#3853,.T.);
#5943=EDGE_CURVE('',#4681,#4682,#3854,.T.);
#5944=EDGE_CURVE('',#4682,#4683,#3855,.T.);
#5945=EDGE_CURVE('',#4683,#4684,#3856,.T.);
#5946=EDGE_CURVE('',#4684,#4685,#3857,.T.);
#5947=EDGE_CURVE('',#4685,#4686,#3858,.T.);
#5948=EDGE_CURVE('',#4686,#4687,#3859,.T.);
#5949=EDGE_CURVE('',#4687,#4688,#3860,.T.);
#5950=EDGE_CURVE('',#4688,#4689,#3861,.T.);
#5951=EDGE_CURVE('',#4689,#4690,#3862,.T.);
#5952=EDGE_CURVE('',#4690,#4691,#3863,.T.);
#5953=EDGE_CURVE('',#4691,#4692,#3864,.T.);
#5954=EDGE_CURVE('',#4692,#4693,#3865,.T.);
#5955=EDGE_CURVE('',#4693,#4694,#3866,.T.);
#5956=EDGE_CURVE('',#4694,#4695,#3867,.T.);
#5957=EDGE_CURVE('',#4695,#4696,#3868,.T.);
#5958=EDGE_CURVE('',#4696,#4697,#3869,.T.);
#5959=EDGE_CURVE('',#4697,#4698,#3870,.T.);
#5960=EDGE_CURVE('',#4698,#4699,#3871,.T.);
#5961=EDGE_CURVE('',#4699,#4700,#3872,.T.);
#5962=EDGE_CURVE('',#4700,#4701,#3873,.T.);
#5963=EDGE_CURVE('',#4701,#4702,#3874,.T.);
#5964=EDGE_CURVE('',#4702,#4703,#3875,.T.);
#5965=EDGE_CURVE('',#4703,#4704,#3876,.T.);
#5966=EDGE_CURVE('',#4704,#4705,#3877,.T.);
#5967=EDGE_CURVE('',#4705,#4706,#3878,.T.);
#5968=EDGE_CURVE('',#4706,#4707,#3879,.T.);
#5969=EDGE_CURVE('',#4707,#4708,#3880,.T.);
#5970=EDGE_CURVE('',#4708,#4709,#3881,.T.);
#5971=EDGE_CURVE('',#4709,#4710,#3882,.T.);
#5972=EDGE_CURVE('',#4710,#4711,#3883,.T.);
#5973=EDGE_CURVE('',#4711,#4712,#3884,.T.);
#5974=EDGE_CURVE('',#4712,#4713,#3885,.T.);
#5975=EDGE_CURVE('',#4713,#4714,#3886,.T.);
#5976=EDGE_CURVE('',#4714,#4715,#3887,.T.);
#5977=EDGE_CURVE('',#4715,#4716,#3888,.T.);
#5978=EDGE_CURVE('',#4716,#4717,#3889,.T.);
#5979=EDGE_CURVE('',#4717,#4718,#3890,.T.);
#5980=EDGE_CURVE('',#4718,#4719,#3891,.T.);
#5981=EDGE_CURVE('',#4719,#4720,#3892,.T.);
#5982=EDGE_CURVE('',#4720,#4721,#3893,.T.);
#5983=EDGE_CURVE('',#4721,#4642,#3894,.T.);
#5984=EDGE_CURVE('',#4604,#4681,#2541,.T.);
#5985=EDGE_CURVE('',#4682,#4603,#2542,.F.);
#5986=EDGE_CURVE('',#4680,#4605,#2543,.F.);
#5987=EDGE_CURVE('',#4606,#4679,#2544,.T.);
#5988=EDGE_CURVE('',#4678,#4607,#2545,.F.);
#5989=EDGE_CURVE('',#4608,#4677,#2546,.T.);
#5990=EDGE_CURVE('',#4676,#4609,#2547,.F.);
#5991=EDGE_CURVE('',#4610,#4675,#2548,.T.);
#5992=EDGE_CURVE('',#4674,#4611,#2549,.F.);
#5993=EDGE_CURVE('',#4612,#4673,#2550,.T.);
#5994=EDGE_CURVE('',#4672,#4613,#2551,.F.);
#5995=EDGE_CURVE('',#4614,#4671,#2552,.T.);
#5996=EDGE_CURVE('',#4670,#4615,#2553,.F.);
#5997=EDGE_CURVE('',#4616,#4669,#2554,.T.);
#5998=EDGE_CURVE('',#4668,#4617,#2555,.F.);
#5999=EDGE_CURVE('',#4618,#4667,#2556,.T.);
#6000=EDGE_CURVE('',#4666,#4619,#2557,.F.);
#6001=EDGE_CURVE('',#4620,#4665,#2558,.T.);
#6002=EDGE_CURVE('',#4664,#4621,#2559,.F.);
#6003=EDGE_CURVE('',#4622,#4663,#2560,.T.);
#6004=EDGE_CURVE('',#4662,#4623,#2561,.F.);
#6005=EDGE_CURVE('',#4624,#4661,#2562,.T.);
#6006=EDGE_CURVE('',#4660,#4625,#2563,.F.);
#6007=EDGE_CURVE('',#4626,#4659,#2564,.T.);
#6008=EDGE_CURVE('',#4658,#4627,#2565,.F.);
#6009=EDGE_CURVE('',#4628,#4657,#2566,.T.);
#6010=EDGE_CURVE('',#4656,#4629,#2567,.F.);
#6011=EDGE_CURVE('',#4630,#4655,#2568,.T.);
#6012=EDGE_CURVE('',#4654,#4631,#2569,.F.);
#6013=EDGE_CURVE('',#4632,#4653,#2570,.T.);
#6014=EDGE_CURVE('',#4652,#4633,#2571,.F.);
#6015=EDGE_CURVE('',#4634,#4651,#2572,.T.);
#6016=EDGE_CURVE('',#4650,#4635,#2573,.F.);
#6017=EDGE_CURVE('',#4636,#4649,#2574,.T.);
#6018=EDGE_CURVE('',#4648,#4637,#2575,.F.);
#6019=EDGE_CURVE('',#4638,#4647,#2576,.T.);
#6020=EDGE_CURVE('',#4646,#4639,#2577,.F.);
#6021=EDGE_CURVE('',#4640,#4645,#2578,.T.);
#6022=EDGE_CURVE('',#4644,#4641,#2579,.F.);
#6023=EDGE_CURVE('',#4562,#4643,#2580,.T.);
#6024=EDGE_CURVE('',#4642,#4563,#2581,.T.);
#6025=EDGE_CURVE('',#4561,#4547,#2582,.T.);
#6026=EDGE_CURVE('',#4548,#4558,#2583,.T.);
#6027=EDGE_CURVE('',#4720,#4565,#2584,.T.);
#6028=EDGE_CURVE('',#4564,#4721,#2585,.T.);
#6029=EDGE_CURVE('',#4716,#4569,#2586,.T.);
#6030=EDGE_CURVE('',#4568,#4717,#2587,.T.);
#6031=EDGE_CURVE('',#4712,#4573,#2588,.T.);
#6032=EDGE_CURVE('',#4572,#4713,#2589,.T.);
#6033=EDGE_CURVE('',#4708,#4577,#2590,.T.);
#6034=EDGE_CURVE('',#4576,#4709,#2591,.T.);
#6035=EDGE_CURVE('',#4704,#4581,#2592,.T.);
#6036=EDGE_CURVE('',#4580,#4705,#2593,.T.);
#6037=EDGE_CURVE('',#4700,#4585,#2594,.T.);
#6038=EDGE_CURVE('',#4584,#4701,#2595,.T.);
#6039=EDGE_CURVE('',#4696,#4589,#2596,.T.);
#6040=EDGE_CURVE('',#4588,#4697,#2597,.T.);
#6041=EDGE_CURVE('',#4692,#4593,#2598,.T.);
#6042=EDGE_CURVE('',#4592,#4693,#2599,.T.);
#6043=EDGE_CURVE('',#4688,#4597,#2600,.T.);
#6044=EDGE_CURVE('',#4596,#4689,#2601,.T.);
#6045=EDGE_CURVE('',#4684,#4601,#2602,.T.);
#6046=EDGE_CURVE('',#4600,#4685,#2603,.T.);
#6047=EDGE_CURVE('',#4602,#4683,#2604,.T.);
#6048=EDGE_CURVE('',#4686,#4599,#2605,.T.);
#6049=EDGE_CURVE('',#4598,#4687,#2606,.T.);
#6050=EDGE_CURVE('',#4690,#4595,#2607,.T.);
#6051=EDGE_CURVE('',#4594,#4691,#2608,.T.);
#6052=EDGE_CURVE('',#4694,#4591,#2609,.T.);
#6053=EDGE_CURVE('',#4590,#4695,#2610,.T.);
#6054=EDGE_CURVE('',#4698,#4587,#2611,.T.);
#6055=EDGE_CURVE('',#4586,#4699,#2612,.T.);
#6056=EDGE_CURVE('',#4702,#4583,#2613,.T.);
#6057=EDGE_CURVE('',#4582,#4703,#2614,.T.);
#6058=EDGE_CURVE('',#4706,#4579,#2615,.T.);
#6059=EDGE_CURVE('',#4578,#4707,#2616,.T.);
#6060=EDGE_CURVE('',#4710,#4575,#2617,.T.);
#6061=EDGE_CURVE('',#4574,#4711,#2618,.T.);
#6062=EDGE_CURVE('',#4714,#4571,#2619,.T.);
#6063=EDGE_CURVE('',#4570,#4715,#2620,.T.);
#6064=EDGE_CURVE('',#4718,#4567,#2621,.T.);
#6065=EDGE_CURVE('',#4566,#4719,#2622,.T.);
#6066=EDGE_CURVE('',#4722,#4722,#3895,.T.);
#6067=EDGE_CURVE('',#4722,#4723,#2623,.T.);
#6068=EDGE_CURVE('',#4723,#4723,#3896,.T.);
#6069=EDGE_CURVE('',#4724,#4724,#3897,.T.);
#6070=EDGE_CURVE('',#4724,#4722,#2624,.T.);
#6071=EDGE_CURVE('',#4725,#4725,#3898,.T.);
#6072=EDGE_CURVE('',#4726,#4726,#3899,.T.);
#6073=EDGE_CURVE('',#4726,#4724,#2625,.T.);
#6074=EDGE_CURVE('',#4727,#4727,#3900,.T.);
#6075=EDGE_CURVE('',#4727,#4725,#2626,.T.);
#6076=EDGE_CURVE('',#4728,#4729,#200,.T.);
#6077=EDGE_CURVE('',#4730,#4728,#201,.T.);
#6078=EDGE_CURVE('',#4729,#4730,#202,.T.);
#6079=EDGE_CURVE('',#4729,#4731,#2627,.T.);
#6080=EDGE_CURVE('',#4731,#4731,#3901,.T.);
#6081=EDGE_CURVE('',#4732,#4733,#203,.T.);
#6082=EDGE_CURVE('',#4733,#4732,#204,.T.);
#6083=EDGE_CURVE('',#4733,#4734,#2628,.T.);
#6084=EDGE_CURVE('',#4734,#4734,#3902,.T.);
#6085=EDGE_CURVE('',#4731,#4735,#2629,.T.);
#6086=EDGE_CURVE('',#4736,#4735,#205,.T.);
#6087=EDGE_CURVE('',#4737,#4736,#206,.T.);
#6088=EDGE_CURVE('',#4735,#4737,#207,.T.);
#6089=EDGE_CURVE('',#4734,#4738,#2630,.T.);
#6090=EDGE_CURVE('',#4739,#4738,#208,.T.);
#6091=EDGE_CURVE('',#4738,#4739,#209,.T.);
#6092=EDGE_CURVE('',#4740,#4740,#3903,.T.);
#6093=EDGE_CURVE('',#4740,#4741,#2631,.T.);
#6094=EDGE_CURVE('',#4741,#4741,#3904,.T.);
#6095=EDGE_CURVE('',#4742,#4742,#3905,.T.);
#6096=EDGE_CURVE('',#4742,#4730,#2632,.T.);
#6097=EDGE_CURVE('',#4728,#4740,#2633,.T.);
#6098=EDGE_CURVE('',#4743,#4743,#3906,.T.);
#6099=EDGE_CURVE('',#4744,#4744,#3907,.T.);
#6100=EDGE_CURVE('',#4744,#4742,#2634,.T.);
#6101=EDGE_CURVE('',#4745,#4745,#3908,.T.);
#6102=EDGE_CURVE('',#4745,#4736,#2635,.T.);
#6103=EDGE_CURVE('',#4737,#4743,#2636,.T.);
#6104=EDGE_CURVE('',#4746,#4746,#3909,.T.);
#6105=EDGE_CURVE('',#4746,#4747,#2637,.T.);
#6106=EDGE_CURVE('',#4747,#4747,#3910,.T.);
#6107=EDGE_CURVE('',#4747,#4748,#2638,.T.);
#6108=EDGE_CURVE('',#4748,#4748,#3911,.F.);
#6109=EDGE_CURVE('',#4749,#4750,#2639,.T.);
#6110=EDGE_CURVE('',#4751,#4749,#2640,.T.);
#6111=EDGE_CURVE('',#4752,#4751,#2641,.T.);
#6112=EDGE_CURVE('',#4753,#4752,#2642,.T.);
#6113=EDGE_CURVE('',#4754,#4753,#2643,.T.);
#6114=EDGE_CURVE('',#4750,#4754,#2644,.T.);
#6115=EDGE_CURVE('',#4749,#4755,#2645,.T.);
#6116=EDGE_CURVE('',#4756,#4755,#2646,.T.);
#6117=EDGE_CURVE('',#4751,#4756,#2647,.T.);
#6118=EDGE_CURVE('',#4750,#4757,#2648,.T.);
#6119=EDGE_CURVE('',#4755,#4757,#2649,.T.);
#6120=EDGE_CURVE('',#4754,#4758,#2650,.F.);
#6121=EDGE_CURVE('',#4757,#4758,#2651,.T.);
#6122=EDGE_CURVE('',#4753,#4759,#2652,.T.);
#6123=EDGE_CURVE('',#4758,#4759,#2653,.T.);
#6124=EDGE_CURVE('',#4752,#4760,#2654,.T.);
#6125=EDGE_CURVE('',#4759,#4760,#2655,.T.);
#6126=EDGE_CURVE('',#4760,#4756,#2656,.T.);
#6127=ORIENTED_EDGE('',*,*,#4761,.T.);
#6128=ORIENTED_EDGE('',*,*,#4762,.T.);
#6129=ORIENTED_EDGE('',*,*,#4763,.T.);
#6130=ORIENTED_EDGE('',*,*,#4762,.F.);
#6131=ORIENTED_EDGE('',*,*,#4764,.T.);
#6132=ORIENTED_EDGE('',*,*,#4765,.T.);
#6133=ORIENTED_EDGE('',*,*,#4763,.F.);
#6134=ORIENTED_EDGE('',*,*,#4766,.F.);
#6135=ORIENTED_EDGE('',*,*,#4767,.T.);
#6136=ORIENTED_EDGE('',*,*,#4768,.T.);
#6137=ORIENTED_EDGE('',*,*,#4767,.F.);
#6138=ORIENTED_EDGE('',*,*,#4765,.F.);
#6139=ORIENTED_EDGE('',*,*,#4769,.T.);
#6140=ORIENTED_EDGE('',*,*,#4766,.T.);
#6141=ORIENTED_EDGE('',*,*,#4769,.F.);
#6142=ORIENTED_EDGE('',*,*,#4761,.F.);
#6143=ORIENTED_EDGE('',*,*,#4770,.T.);
#6144=ORIENTED_EDGE('',*,*,#4771,.F.);
#6145=ORIENTED_EDGE('',*,*,#4770,.F.);
#6146=ORIENTED_EDGE('',*,*,#4764,.F.);
#6147=ORIENTED_EDGE('',*,*,#4768,.F.);
#6148=ORIENTED_EDGE('',*,*,#4772,.F.);
#6149=ORIENTED_EDGE('',*,*,#4773,.F.);
#6150=ORIENTED_EDGE('',*,*,#4774,.F.);
#6151=ORIENTED_EDGE('',*,*,#4775,.F.);
#6152=ORIENTED_EDGE('',*,*,#4776,.F.);
#6153=ORIENTED_EDGE('',*,*,#4777,.F.);
#6154=ORIENTED_EDGE('',*,*,#4771,.T.);
#6155=ORIENTED_EDGE('',*,*,#4778,.T.);
#6156=ORIENTED_EDGE('',*,*,#4774,.T.);
#6157=ORIENTED_EDGE('',*,*,#4779,.T.);
#6158=ORIENTED_EDGE('',*,*,#4773,.T.);
#6159=ORIENTED_EDGE('',*,*,#4780,.T.);
#6160=ORIENTED_EDGE('',*,*,#4772,.T.);
#6161=ORIENTED_EDGE('',*,*,#4781,.T.);
#6162=ORIENTED_EDGE('',*,*,#4777,.T.);
#6163=ORIENTED_EDGE('',*,*,#4782,.T.);
#6164=ORIENTED_EDGE('',*,*,#4776,.T.);
#6165=ORIENTED_EDGE('',*,*,#4783,.T.);
#6166=ORIENTED_EDGE('',*,*,#4775,.T.);
#6167=ORIENTED_EDGE('',*,*,#4784,.F.);
#6168=ORIENTED_EDGE('',*,*,#4785,.F.);
#6169=ORIENTED_EDGE('',*,*,#4786,.F.);
#6170=ORIENTED_EDGE('',*,*,#4787,.F.);
#6171=ORIENTED_EDGE('',*,*,#4788,.F.);
#6172=ORIENTED_EDGE('',*,*,#4789,.F.);
#6173=ORIENTED_EDGE('',*,*,#4778,.F.);
#6174=ORIENTED_EDGE('',*,*,#4790,.F.);
#6175=ORIENTED_EDGE('',*,*,#4785,.T.);
#6176=ORIENTED_EDGE('',*,*,#4791,.T.);
#6177=ORIENTED_EDGE('',*,*,#4779,.F.);
#6178=ORIENTED_EDGE('',*,*,#4792,.F.);
#6179=ORIENTED_EDGE('',*,*,#4786,.T.);
#6180=ORIENTED_EDGE('',*,*,#4790,.T.);
#6181=ORIENTED_EDGE('',*,*,#4780,.F.);
#6182=ORIENTED_EDGE('',*,*,#4793,.F.);
#6183=ORIENTED_EDGE('',*,*,#4787,.T.);
#6184=ORIENTED_EDGE('',*,*,#4792,.T.);
#6185=ORIENTED_EDGE('',*,*,#4781,.F.);
#6186=ORIENTED_EDGE('',*,*,#4794,.F.);
#6187=ORIENTED_EDGE('',*,*,#4788,.T.);
#6188=ORIENTED_EDGE('',*,*,#4793,.T.);
#6189=ORIENTED_EDGE('',*,*,#4782,.F.);
#6190=ORIENTED_EDGE('',*,*,#4795,.F.);
#6191=ORIENTED_EDGE('',*,*,#4789,.T.);
#6192=ORIENTED_EDGE('',*,*,#4794,.T.);
#6193=ORIENTED_EDGE('',*,*,#4783,.F.);
#6194=ORIENTED_EDGE('',*,*,#4791,.F.);
#6195=ORIENTED_EDGE('',*,*,#4784,.T.);
#6196=ORIENTED_EDGE('',*,*,#4795,.T.);
#6197=ORIENTED_EDGE('',*,*,#4796,.T.);
#6198=ORIENTED_EDGE('',*,*,#4797,.T.);
#6199=ORIENTED_EDGE('',*,*,#4798,.T.);
#6200=ORIENTED_EDGE('',*,*,#4799,.T.);
#6201=ORIENTED_EDGE('',*,*,#4800,.T.);
#6202=ORIENTED_EDGE('',*,*,#4801,.T.);
#6203=ORIENTED_EDGE('',*,*,#4802,.T.);
#6204=ORIENTED_EDGE('',*,*,#4803,.T.);
#6205=ORIENTED_EDGE('',*,*,#4804,.T.);
#6206=ORIENTED_EDGE('',*,*,#4805,.T.);
#6207=ORIENTED_EDGE('',*,*,#4806,.T.);
#6208=ORIENTED_EDGE('',*,*,#4807,.T.);
#6209=ORIENTED_EDGE('',*,*,#4808,.T.);
#6210=ORIENTED_EDGE('',*,*,#4809,.T.);
#6211=ORIENTED_EDGE('',*,*,#4810,.T.);
#6212=ORIENTED_EDGE('',*,*,#4811,.T.);
#6213=ORIENTED_EDGE('',*,*,#4812,.T.);
#6214=ORIENTED_EDGE('',*,*,#4813,.T.);
#6215=ORIENTED_EDGE('',*,*,#4814,.T.);
#6216=ORIENTED_EDGE('',*,*,#4815,.T.);
#6217=ORIENTED_EDGE('',*,*,#4816,.T.);
#6218=ORIENTED_EDGE('',*,*,#4817,.T.);
#6219=ORIENTED_EDGE('',*,*,#4818,.T.);
#6220=ORIENTED_EDGE('',*,*,#4819,.T.);
#6221=ORIENTED_EDGE('',*,*,#4820,.T.);
#6222=ORIENTED_EDGE('',*,*,#4821,.T.);
#6223=ORIENTED_EDGE('',*,*,#4822,.T.);
#6224=ORIENTED_EDGE('',*,*,#4823,.T.);
#6225=ORIENTED_EDGE('',*,*,#4824,.T.);
#6226=ORIENTED_EDGE('',*,*,#4825,.T.);
#6227=ORIENTED_EDGE('',*,*,#4826,.T.);
#6228=ORIENTED_EDGE('',*,*,#4827,.T.);
#6229=ORIENTED_EDGE('',*,*,#4828,.T.);
#6230=ORIENTED_EDGE('',*,*,#4829,.T.);
#6231=ORIENTED_EDGE('',*,*,#4830,.F.);
#6232=ORIENTED_EDGE('',*,*,#4831,.T.);
#6233=ORIENTED_EDGE('',*,*,#4832,.T.);
#6234=ORIENTED_EDGE('',*,*,#4833,.T.);
#6235=ORIENTED_EDGE('',*,*,#4826,.F.);
#6236=ORIENTED_EDGE('',*,*,#4834,.T.);
#6237=ORIENTED_EDGE('',*,*,#4835,.T.);
#6238=ORIENTED_EDGE('',*,*,#4836,.T.);
#6239=ORIENTED_EDGE('',*,*,#4837,.T.);
#6240=ORIENTED_EDGE('',*,*,#4838,.T.);
#6241=ORIENTED_EDGE('',*,*,#4832,.F.);
#6242=ORIENTED_EDGE('',*,*,#4839,.T.);
#6243=ORIENTED_EDGE('',*,*,#4835,.F.);
#6244=ORIENTED_EDGE('',*,*,#4840,.T.);
#6245=ORIENTED_EDGE('',*,*,#4830,.T.);
#6246=ORIENTED_EDGE('',*,*,#4827,.F.);
#6247=ORIENTED_EDGE('',*,*,#4833,.F.);
#6248=ORIENTED_EDGE('',*,*,#4838,.F.);
#6249=ORIENTED_EDGE('',*,*,#4841,.T.);
#6250=ORIENTED_EDGE('',*,*,#4803,.F.);
#6251=ORIENTED_EDGE('',*,*,#4842,.F.);
#6252=ORIENTED_EDGE('',*,*,#4817,.F.);
#6253=ORIENTED_EDGE('',*,*,#4843,.T.);
#6254=ORIENTED_EDGE('',*,*,#4837,.F.);
#6255=ORIENTED_EDGE('',*,*,#4844,.T.);
#6256=ORIENTED_EDGE('',*,*,#4804,.F.);
#6257=ORIENTED_EDGE('',*,*,#4841,.F.);
#6258=ORIENTED_EDGE('',*,*,#4845,.F.);
#6259=ORIENTED_EDGE('',*,*,#4846,.T.);
#6260=ORIENTED_EDGE('',*,*,#4824,.F.);
#6261=ORIENTED_EDGE('',*,*,#4840,.F.);
#6262=ORIENTED_EDGE('',*,*,#4834,.F.);
#6263=ORIENTED_EDGE('',*,*,#4831,.F.);
#6264=ORIENTED_EDGE('',*,*,#4825,.F.);
#6265=ORIENTED_EDGE('',*,*,#4846,.F.);
#6266=ORIENTED_EDGE('',*,*,#4829,.F.);
#6267=ORIENTED_EDGE('',*,*,#4847,.T.);
#6268=ORIENTED_EDGE('',*,*,#4815,.F.);
#6269=ORIENTED_EDGE('',*,*,#4848,.T.);
#6270=ORIENTED_EDGE('',*,*,#4805,.F.);
#6271=ORIENTED_EDGE('',*,*,#4844,.F.);
#6272=ORIENTED_EDGE('',*,*,#4836,.F.);
#6273=ORIENTED_EDGE('',*,*,#4839,.F.);
#6274=ORIENTED_EDGE('',*,*,#4828,.F.);
#6275=ORIENTED_EDGE('',*,*,#4843,.F.);
#6276=ORIENTED_EDGE('',*,*,#4816,.F.);
#6277=ORIENTED_EDGE('',*,*,#4847,.F.);
#6278=ORIENTED_EDGE('',*,*,#4845,.T.);
#6279=ORIENTED_EDGE('',*,*,#4849,.T.);
#6280=ORIENTED_EDGE('',*,*,#4850,.T.);
#6281=ORIENTED_EDGE('',*,*,#4851,.T.);
#6282=ORIENTED_EDGE('',*,*,#4852,.T.);
#6283=ORIENTED_EDGE('',*,*,#4853,.T.);
#6284=ORIENTED_EDGE('',*,*,#4854,.T.);
#6285=ORIENTED_EDGE('',*,*,#4849,.F.);
#6286=ORIENTED_EDGE('',*,*,#4851,.F.);
#6287=ORIENTED_EDGE('',*,*,#4855,.T.);
#6288=ORIENTED_EDGE('',*,*,#4822,.F.);
#6289=ORIENTED_EDGE('',*,*,#4856,.T.);
#6290=ORIENTED_EDGE('',*,*,#4798,.F.);
#6291=ORIENTED_EDGE('',*,*,#4857,.F.);
#6292=ORIENTED_EDGE('',*,*,#4854,.F.);
#6293=ORIENTED_EDGE('',*,*,#4858,.T.);
#6294=ORIENTED_EDGE('',*,*,#4823,.F.);
#6295=ORIENTED_EDGE('',*,*,#4855,.F.);
#6296=ORIENTED_EDGE('',*,*,#4850,.F.);
#6297=ORIENTED_EDGE('',*,*,#4852,.F.);
#6298=ORIENTED_EDGE('',*,*,#4857,.T.);
#6299=ORIENTED_EDGE('',*,*,#4797,.F.);
#6300=ORIENTED_EDGE('',*,*,#4859,.F.);
#6301=ORIENTED_EDGE('',*,*,#4853,.F.);
#6302=ORIENTED_EDGE('',*,*,#4859,.T.);
#6303=ORIENTED_EDGE('',*,*,#4796,.F.);
#6304=ORIENTED_EDGE('',*,*,#4860,.F.);
#6305=ORIENTED_EDGE('',*,*,#4810,.F.);
#6306=ORIENTED_EDGE('',*,*,#4858,.F.);
#6307=ORIENTED_EDGE('',*,*,#4861,.T.);
#6308=ORIENTED_EDGE('',*,*,#4799,.F.);
#6309=ORIENTED_EDGE('',*,*,#4856,.F.);
#6310=ORIENTED_EDGE('',*,*,#4821,.F.);
#6311=ORIENTED_EDGE('',*,*,#4861,.F.);
#6312=ORIENTED_EDGE('',*,*,#4820,.F.);
#6313=ORIENTED_EDGE('',*,*,#4862,.F.);
#6314=ORIENTED_EDGE('',*,*,#4800,.F.);
#6315=ORIENTED_EDGE('',*,*,#4863,.F.);
#6316=ORIENTED_EDGE('',*,*,#4811,.F.);
#6317=ORIENTED_EDGE('',*,*,#4860,.T.);
#6318=ORIENTED_EDGE('',*,*,#4809,.F.);
#6319=ORIENTED_EDGE('',*,*,#4864,.F.);
#6320=ORIENTED_EDGE('',*,*,#4818,.F.);
#6321=ORIENTED_EDGE('',*,*,#4842,.T.);
#6322=ORIENTED_EDGE('',*,*,#4802,.F.);
#6323=ORIENTED_EDGE('',*,*,#4848,.F.);
#6324=ORIENTED_EDGE('',*,*,#4814,.F.);
#6325=ORIENTED_EDGE('',*,*,#4865,.T.);
#6326=ORIENTED_EDGE('',*,*,#4806,.F.);
#6327=ORIENTED_EDGE('',*,*,#4865,.F.);
#6328=ORIENTED_EDGE('',*,*,#4813,.F.);
#6329=ORIENTED_EDGE('',*,*,#4866,.T.);
#6330=ORIENTED_EDGE('',*,*,#4807,.F.);
#6331=ORIENTED_EDGE('',*,*,#4863,.T.);
#6332=ORIENTED_EDGE('',*,*,#4808,.F.);
#6333=ORIENTED_EDGE('',*,*,#4866,.F.);
#6334=ORIENTED_EDGE('',*,*,#4812,.F.);
#6335=ORIENTED_EDGE('',*,*,#4862,.T.);
#6336=ORIENTED_EDGE('',*,*,#4819,.F.);
#6337=ORIENTED_EDGE('',*,*,#4864,.T.);
#6338=ORIENTED_EDGE('',*,*,#4801,.F.);
#6339=ORIENTED_EDGE('',*,*,#4867,.T.);
#6340=ORIENTED_EDGE('',*,*,#4868,.T.);
#6341=ORIENTED_EDGE('',*,*,#4869,.T.);
#6342=ORIENTED_EDGE('',*,*,#4868,.F.);
#6343=ORIENTED_EDGE('',*,*,#4870,.T.);
#6344=ORIENTED_EDGE('',*,*,#4869,.F.);
#6345=ORIENTED_EDGE('',*,*,#4871,.F.);
#6346=ORIENTED_EDGE('',*,*,#4872,.T.);
#6347=ORIENTED_EDGE('',*,*,#4873,.T.);
#6348=ORIENTED_EDGE('',*,*,#4871,.T.);
#6349=ORIENTED_EDGE('',*,*,#4873,.F.);
#6350=ORIENTED_EDGE('',*,*,#4872,.F.);
#6351=ORIENTED_EDGE('',*,*,#4874,.T.);
#6352=ORIENTED_EDGE('',*,*,#4875,.T.);
#6353=ORIENTED_EDGE('',*,*,#4874,.F.);
#6354=ORIENTED_EDGE('',*,*,#4876,.T.);
#6355=ORIENTED_EDGE('',*,*,#4877,.T.);
#6356=ORIENTED_EDGE('',*,*,#4878,.T.);
#6357=ORIENTED_EDGE('',*,*,#4877,.F.);
#6358=ORIENTED_EDGE('',*,*,#4878,.F.);
#6359=ORIENTED_EDGE('',*,*,#4879,.F.);
#6360=ORIENTED_EDGE('',*,*,#4880,.T.);
#6361=ORIENTED_EDGE('',*,*,#4881,.T.);
#6362=ORIENTED_EDGE('',*,*,#4876,.F.);
#6363=ORIENTED_EDGE('',*,*,#4881,.F.);
#6364=ORIENTED_EDGE('',*,*,#4882,.T.);
#6365=ORIENTED_EDGE('',*,*,#4883,.T.);
#6366=ORIENTED_EDGE('',*,*,#4879,.T.);
#6367=ORIENTED_EDGE('',*,*,#4883,.F.);
#6368=ORIENTED_EDGE('',*,*,#4875,.F.);
#6369=ORIENTED_EDGE('',*,*,#4880,.F.);
#6370=ORIENTED_EDGE('',*,*,#4867,.F.);
#6371=ORIENTED_EDGE('',*,*,#4884,.T.);
#6372=ORIENTED_EDGE('',*,*,#4885,.T.);
#6373=ORIENTED_EDGE('',*,*,#4886,.T.);
#6374=ORIENTED_EDGE('',*,*,#4884,.F.);
#6375=ORIENTED_EDGE('',*,*,#4870,.F.);
#6376=ORIENTED_EDGE('',*,*,#4882,.F.);
#6377=ORIENTED_EDGE('',*,*,#4887,.T.);
#6378=ORIENTED_EDGE('',*,*,#4888,.T.);
#6379=ORIENTED_EDGE('',*,*,#4887,.F.);
#6380=ORIENTED_EDGE('',*,*,#4886,.F.);
#6381=ORIENTED_EDGE('',*,*,#4889,.T.);
#6382=ORIENTED_EDGE('',*,*,#4890,.F.);
#6383=ORIENTED_EDGE('',*,*,#4889,.F.);
#6384=ORIENTED_EDGE('',*,*,#4885,.F.);
#6385=ORIENTED_EDGE('',*,*,#4890,.T.);
#6386=ORIENTED_EDGE('',*,*,#4891,.T.);
#6387=ORIENTED_EDGE('',*,*,#4892,.F.);
#6388=ORIENTED_EDGE('',*,*,#4893,.T.);
#6389=ORIENTED_EDGE('',*,*,#4891,.F.);
#6390=ORIENTED_EDGE('',*,*,#4893,.F.);
#6391=ORIENTED_EDGE('',*,*,#4894,.F.);
#6392=ORIENTED_EDGE('',*,*,#4895,.T.);
#6393=ORIENTED_EDGE('',*,*,#4892,.T.);
#6394=ORIENTED_EDGE('',*,*,#4895,.F.);
#6395=ORIENTED_EDGE('',*,*,#4896,.F.);
#6396=ORIENTED_EDGE('',*,*,#4897,.T.);
#6397=ORIENTED_EDGE('',*,*,#4898,.F.);
#6398=ORIENTED_EDGE('',*,*,#4897,.F.);
#6399=ORIENTED_EDGE('',*,*,#4898,.T.);
#6400=ORIENTED_EDGE('',*,*,#4899,.T.);
#6401=ORIENTED_EDGE('',*,*,#4896,.T.);
#6402=ORIENTED_EDGE('',*,*,#4900,.T.);
#6403=ORIENTED_EDGE('',*,*,#4901,.F.);
#6404=ORIENTED_EDGE('',*,*,#4900,.F.);
#6405=ORIENTED_EDGE('',*,*,#4888,.F.);
#6406=ORIENTED_EDGE('',*,*,#4902,.T.);
#6407=ORIENTED_EDGE('',*,*,#4899,.F.);
#6408=ORIENTED_EDGE('',*,*,#4902,.F.);
#6409=ORIENTED_EDGE('',*,*,#4894,.T.);
#6410=ORIENTED_EDGE('',*,*,#4901,.T.);
#6411=ORIENTED_EDGE('',*,*,#4903,.T.);
#6412=ORIENTED_EDGE('',*,*,#4904,.T.);
#6413=ORIENTED_EDGE('',*,*,#4905,.T.);
#6414=ORIENTED_EDGE('',*,*,#4906,.T.);
#6415=ORIENTED_EDGE('',*,*,#4904,.F.);
#6416=ORIENTED_EDGE('',*,*,#4907,.T.);
#6417=ORIENTED_EDGE('',*,*,#4908,.T.);
#6418=ORIENTED_EDGE('',*,*,#4909,.T.);
#6419=ORIENTED_EDGE('',*,*,#4908,.F.);
#6420=ORIENTED_EDGE('',*,*,#4910,.F.);
#6421=ORIENTED_EDGE('',*,*,#4911,.T.);
#6422=ORIENTED_EDGE('',*,*,#4907,.F.);
#6423=ORIENTED_EDGE('',*,*,#4911,.F.);
#6424=ORIENTED_EDGE('',*,*,#4909,.F.);
#6425=ORIENTED_EDGE('',*,*,#4912,.F.);
#6426=ORIENTED_EDGE('',*,*,#4910,.T.);
#6427=ORIENTED_EDGE('',*,*,#4913,.T.);
#6428=ORIENTED_EDGE('',*,*,#4914,.T.);
#6429=ORIENTED_EDGE('',*,*,#4913,.F.);
#6430=ORIENTED_EDGE('',*,*,#4914,.F.);
#6431=ORIENTED_EDGE('',*,*,#4915,.F.);
#6432=ORIENTED_EDGE('',*,*,#4915,.T.);
#6433=ORIENTED_EDGE('',*,*,#4916,.T.);
#6434=ORIENTED_EDGE('',*,*,#4917,.F.);
#6435=ORIENTED_EDGE('',*,*,#4916,.F.);
#6436=ORIENTED_EDGE('',*,*,#4918,.F.);
#6437=ORIENTED_EDGE('',*,*,#4919,.T.);
#6438=ORIENTED_EDGE('',*,*,#4905,.F.);
#6439=ORIENTED_EDGE('',*,*,#4906,.F.);
#6440=ORIENTED_EDGE('',*,*,#4919,.F.);
#6441=ORIENTED_EDGE('',*,*,#4920,.F.);
#6442=ORIENTED_EDGE('',*,*,#4921,.T.);
#6443=ORIENTED_EDGE('',*,*,#4903,.F.);
#6444=ORIENTED_EDGE('',*,*,#4921,.F.);
#6445=ORIENTED_EDGE('',*,*,#4922,.T.);
#6446=ORIENTED_EDGE('',*,*,#4923,.T.);
#6447=ORIENTED_EDGE('',*,*,#4924,.T.);
#6448=ORIENTED_EDGE('',*,*,#4923,.F.);
#6449=ORIENTED_EDGE('',*,*,#4924,.F.);
#6450=ORIENTED_EDGE('',*,*,#4925,.T.);
#6451=ORIENTED_EDGE('',*,*,#4912,.T.);
#6452=ORIENTED_EDGE('',*,*,#4925,.F.);
#6453=ORIENTED_EDGE('',*,*,#4922,.F.);
#6454=ORIENTED_EDGE('',*,*,#4918,.T.);
#6455=ORIENTED_EDGE('',*,*,#4917,.T.);
#6456=ORIENTED_EDGE('',*,*,#4926,.T.);
#6457=ORIENTED_EDGE('',*,*,#4927,.T.);
#6458=ORIENTED_EDGE('',*,*,#4926,.F.);
#6459=ORIENTED_EDGE('',*,*,#4927,.F.);
#6460=ORIENTED_EDGE('',*,*,#4920,.T.);
#6461=ORIENTED_EDGE('',*,*,#4928,.F.);
#6462=ORIENTED_EDGE('',*,*,#4929,.T.);
#6463=ORIENTED_EDGE('',*,*,#4930,.T.);
#6464=ORIENTED_EDGE('',*,*,#4929,.F.);
#6465=ORIENTED_EDGE('',*,*,#4931,.F.);
#6466=ORIENTED_EDGE('',*,*,#4932,.T.);
#6467=ORIENTED_EDGE('',*,*,#4928,.T.);
#6468=ORIENTED_EDGE('',*,*,#4932,.F.);
#6469=ORIENTED_EDGE('',*,*,#4931,.T.);
#6470=ORIENTED_EDGE('',*,*,#4933,.T.);
#6471=ORIENTED_EDGE('',*,*,#4934,.F.);
#6472=ORIENTED_EDGE('',*,*,#4933,.F.);
#6473=ORIENTED_EDGE('',*,*,#4934,.T.);
#6474=ORIENTED_EDGE('',*,*,#4935,.T.);
#6475=ORIENTED_EDGE('',*,*,#4930,.F.);
#6476=ORIENTED_EDGE('',*,*,#4935,.F.);
#6477=ORIENTED_EDGE('',*,*,#4936,.T.);
#6478=ORIENTED_EDGE('',*,*,#4937,.T.);
#6479=ORIENTED_EDGE('',*,*,#4938,.T.);
#6480=ORIENTED_EDGE('',*,*,#4939,.T.);
#6481=ORIENTED_EDGE('',*,*,#4940,.T.);
#6482=ORIENTED_EDGE('',*,*,#4941,.T.);
#6483=ORIENTED_EDGE('',*,*,#4939,.F.);
#6484=ORIENTED_EDGE('',*,*,#4942,.T.);
#6485=ORIENTED_EDGE('',*,*,#4938,.F.);
#6486=ORIENTED_EDGE('',*,*,#4943,.T.);
#6487=ORIENTED_EDGE('',*,*,#4944,.T.);
#6488=ORIENTED_EDGE('',*,*,#4943,.F.);
#6489=ORIENTED_EDGE('',*,*,#4942,.F.);
#6490=ORIENTED_EDGE('',*,*,#4945,.F.);
#6491=ORIENTED_EDGE('',*,*,#4946,.F.);
#6492=ORIENTED_EDGE('',*,*,#4947,.T.);
#6493=ORIENTED_EDGE('',*,*,#4948,.F.);
#6494=ORIENTED_EDGE('',*,*,#4947,.F.);
#6495=ORIENTED_EDGE('',*,*,#4945,.T.);
#6496=ORIENTED_EDGE('',*,*,#4946,.T.);
#6497=ORIENTED_EDGE('',*,*,#4949,.T.);
#6498=ORIENTED_EDGE('',*,*,#4940,.F.);
#6499=ORIENTED_EDGE('',*,*,#4941,.F.);
#6500=ORIENTED_EDGE('',*,*,#4949,.F.);
#6501=ORIENTED_EDGE('',*,*,#4948,.T.);
#6502=ORIENTED_EDGE('',*,*,#4944,.F.);
#6503=ORIENTED_EDGE('',*,*,#4950,.F.);
#6504=ORIENTED_EDGE('',*,*,#4937,.F.);
#6505=ORIENTED_EDGE('',*,*,#4951,.F.);
#6506=ORIENTED_EDGE('',*,*,#4952,.F.);
#6507=ORIENTED_EDGE('',*,*,#4953,.F.);
#6508=ORIENTED_EDGE('',*,*,#4954,.F.);
#6509=ORIENTED_EDGE('',*,*,#4955,.T.);
#6510=ORIENTED_EDGE('',*,*,#4956,.F.);
#6511=ORIENTED_EDGE('',*,*,#4957,.F.);
#6512=ORIENTED_EDGE('',*,*,#4958,.F.);
#6513=ORIENTED_EDGE('',*,*,#4959,.T.);
#6514=ORIENTED_EDGE('',*,*,#4936,.F.);
#6515=ORIENTED_EDGE('',*,*,#4955,.F.);
#6516=ORIENTED_EDGE('',*,*,#4960,.F.);
#6517=ORIENTED_EDGE('',*,*,#4961,.T.);
#6518=ORIENTED_EDGE('',*,*,#4962,.F.);
#6519=ORIENTED_EDGE('',*,*,#4959,.F.);
#6520=ORIENTED_EDGE('',*,*,#4963,.F.);
#6521=ORIENTED_EDGE('',*,*,#4964,.T.);
#6522=ORIENTED_EDGE('',*,*,#4965,.F.);
#6523=ORIENTED_EDGE('',*,*,#4961,.F.);
#6524=ORIENTED_EDGE('',*,*,#4966,.F.);
#6525=ORIENTED_EDGE('',*,*,#4967,.T.);
#6526=ORIENTED_EDGE('',*,*,#4968,.F.);
#6527=ORIENTED_EDGE('',*,*,#4964,.F.);
#6528=ORIENTED_EDGE('',*,*,#4969,.F.);
#6529=ORIENTED_EDGE('',*,*,#4957,.T.);
#6530=ORIENTED_EDGE('',*,*,#4970,.F.);
#6531=ORIENTED_EDGE('',*,*,#4967,.F.);
#6532=ORIENTED_EDGE('',*,*,#4971,.F.);
#6533=ORIENTED_EDGE('',*,*,#4958,.T.);
#6534=ORIENTED_EDGE('',*,*,#4971,.T.);
#6535=ORIENTED_EDGE('',*,*,#4969,.T.);
#6536=ORIENTED_EDGE('',*,*,#4966,.T.);
#6537=ORIENTED_EDGE('',*,*,#4963,.T.);
#6538=ORIENTED_EDGE('',*,*,#4960,.T.);
#6539=ORIENTED_EDGE('',*,*,#4970,.T.);
#6540=ORIENTED_EDGE('',*,*,#4954,.T.);
#6541=ORIENTED_EDGE('',*,*,#4965,.T.);
#6542=ORIENTED_EDGE('',*,*,#4952,.T.);
#6543=ORIENTED_EDGE('',*,*,#4962,.T.);
#6544=ORIENTED_EDGE('',*,*,#4951,.T.);
#6545=ORIENTED_EDGE('',*,*,#4968,.T.);
#6546=ORIENTED_EDGE('',*,*,#4953,.T.);
#6547=ORIENTED_EDGE('',*,*,#4956,.T.);
#6548=ORIENTED_EDGE('',*,*,#4950,.T.);
#6549=ORIENTED_EDGE('',*,*,#4972,.T.);
#6550=ORIENTED_EDGE('',*,*,#4973,.T.);
#6551=ORIENTED_EDGE('',*,*,#4974,.T.);
#6552=ORIENTED_EDGE('',*,*,#4973,.F.);
#6553=ORIENTED_EDGE('',*,*,#4974,.F.);
#6554=ORIENTED_EDGE('',*,*,#4975,.T.);
#6555=ORIENTED_EDGE('',*,*,#4976,.F.);
#6556=ORIENTED_EDGE('',*,*,#4975,.F.);
#6557=ORIENTED_EDGE('',*,*,#4972,.F.);
#6558=ORIENTED_EDGE('',*,*,#4976,.T.);
#6559=ORIENTED_EDGE('',*,*,#4977,.T.);
#6560=ORIENTED_EDGE('',*,*,#4978,.T.);
#6561=ORIENTED_EDGE('',*,*,#4977,.F.);
#6562=ORIENTED_EDGE('',*,*,#4978,.F.);
#6563=ORIENTED_EDGE('',*,*,#4979,.T.);
#6564=ORIENTED_EDGE('',*,*,#4980,.T.);
#6565=ORIENTED_EDGE('',*,*,#4981,.T.);
#6566=ORIENTED_EDGE('',*,*,#4982,.T.);
#6567=ORIENTED_EDGE('',*,*,#4980,.F.);
#6568=ORIENTED_EDGE('',*,*,#4983,.F.);
#6569=ORIENTED_EDGE('',*,*,#4984,.T.);
#6570=ORIENTED_EDGE('',*,*,#4981,.F.);
#6571=ORIENTED_EDGE('',*,*,#4982,.F.);
#6572=ORIENTED_EDGE('',*,*,#4984,.F.);
#6573=ORIENTED_EDGE('',*,*,#4985,.F.);
#6574=ORIENTED_EDGE('',*,*,#4986,.T.);
#6575=ORIENTED_EDGE('',*,*,#4979,.F.);
#6576=ORIENTED_EDGE('',*,*,#4986,.F.);
#6577=ORIENTED_EDGE('',*,*,#4987,.T.);
#6578=ORIENTED_EDGE('',*,*,#4988,.T.);
#6579=ORIENTED_EDGE('',*,*,#4989,.T.);
#6580=ORIENTED_EDGE('',*,*,#4988,.F.);
#6581=ORIENTED_EDGE('',*,*,#4989,.F.);
#6582=ORIENTED_EDGE('',*,*,#4990,.T.);
#6583=ORIENTED_EDGE('',*,*,#4991,.F.);
#6584=ORIENTED_EDGE('',*,*,#4990,.F.);
#6585=ORIENTED_EDGE('',*,*,#4987,.F.);
#6586=ORIENTED_EDGE('',*,*,#4983,.T.);
#6587=ORIENTED_EDGE('',*,*,#4991,.T.);
#6588=ORIENTED_EDGE('',*,*,#4992,.T.);
#6589=ORIENTED_EDGE('',*,*,#4993,.T.);
#6590=ORIENTED_EDGE('',*,*,#4992,.F.);
#6591=ORIENTED_EDGE('',*,*,#4993,.F.);
#6592=ORIENTED_EDGE('',*,*,#4985,.T.);
#6593=ORIENTED_EDGE('',*,*,#4994,.T.);
#6594=ORIENTED_EDGE('',*,*,#4995,.T.);
#6595=ORIENTED_EDGE('',*,*,#4996,.T.);
#6596=ORIENTED_EDGE('',*,*,#4995,.F.);
#6597=ORIENTED_EDGE('',*,*,#4994,.F.);
#6598=ORIENTED_EDGE('',*,*,#4997,.T.);
#6599=ORIENTED_EDGE('',*,*,#4998,.F.);
#6600=ORIENTED_EDGE('',*,*,#4997,.F.);
#6601=ORIENTED_EDGE('',*,*,#4999,.F.);
#6602=ORIENTED_EDGE('',*,*,#4996,.F.);
#6603=ORIENTED_EDGE('',*,*,#5000,.T.);
#6604=ORIENTED_EDGE('',*,*,#5001,.T.);
#6605=ORIENTED_EDGE('',*,*,#4998,.T.);
#6606=ORIENTED_EDGE('',*,*,#5001,.F.);
#6607=ORIENTED_EDGE('',*,*,#5002,.F.);
#6608=ORIENTED_EDGE('',*,*,#5000,.F.);
#6609=ORIENTED_EDGE('',*,*,#5003,.T.);
#6610=ORIENTED_EDGE('',*,*,#5004,.T.);
#6611=ORIENTED_EDGE('',*,*,#5002,.T.);
#6612=ORIENTED_EDGE('',*,*,#5004,.F.);
#6613=ORIENTED_EDGE('',*,*,#5005,.F.);
#6614=ORIENTED_EDGE('',*,*,#5006,.T.);
#6615=ORIENTED_EDGE('',*,*,#5003,.F.);
#6616=ORIENTED_EDGE('',*,*,#5006,.F.);
#6617=ORIENTED_EDGE('',*,*,#4999,.T.);
#6618=ORIENTED_EDGE('',*,*,#5007,.T.);
#6619=ORIENTED_EDGE('',*,*,#5005,.T.);
#6620=ORIENTED_EDGE('',*,*,#5007,.F.);
#6621=ORIENTED_EDGE('',*,*,#5008,.F.);
#6622=ORIENTED_EDGE('',*,*,#5009,.T.);
#6623=ORIENTED_EDGE('',*,*,#5010,.F.);
#6624=ORIENTED_EDGE('',*,*,#5009,.F.);
#6625=ORIENTED_EDGE('',*,*,#5011,.T.);
#6626=ORIENTED_EDGE('',*,*,#5008,.T.);
#6627=ORIENTED_EDGE('',*,*,#5012,.T.);
#6628=ORIENTED_EDGE('',*,*,#5013,.T.);
#6629=ORIENTED_EDGE('',*,*,#5010,.T.);
#6630=ORIENTED_EDGE('',*,*,#5013,.F.);
#6631=ORIENTED_EDGE('',*,*,#5014,.T.);
#6632=ORIENTED_EDGE('',*,*,#5015,.F.);
#6633=ORIENTED_EDGE('',*,*,#5016,.T.);
#6634=ORIENTED_EDGE('',*,*,#5011,.F.);
#6635=ORIENTED_EDGE('',*,*,#5016,.F.);
#6636=ORIENTED_EDGE('',*,*,#5015,.T.);
#6637=ORIENTED_EDGE('',*,*,#5017,.T.);
#6638=ORIENTED_EDGE('',*,*,#5018,.T.);
#6639=ORIENTED_EDGE('',*,*,#5017,.F.);
#6640=ORIENTED_EDGE('',*,*,#5018,.F.);
#6641=ORIENTED_EDGE('',*,*,#5019,.T.);
#6642=ORIENTED_EDGE('',*,*,#5020,.F.);
#6643=ORIENTED_EDGE('',*,*,#5019,.F.);
#6644=ORIENTED_EDGE('',*,*,#5020,.T.);
#6645=ORIENTED_EDGE('',*,*,#5021,.T.);
#6646=ORIENTED_EDGE('',*,*,#5022,.F.);
#6647=ORIENTED_EDGE('',*,*,#5023,.T.);
#6648=ORIENTED_EDGE('',*,*,#5024,.F.);
#6649=ORIENTED_EDGE('',*,*,#5023,.F.);
#6650=ORIENTED_EDGE('',*,*,#5025,.T.);
#6651=ORIENTED_EDGE('',*,*,#5024,.T.);
#6652=ORIENTED_EDGE('',*,*,#5026,.T.);
#6653=ORIENTED_EDGE('',*,*,#5027,.T.);
#6654=ORIENTED_EDGE('',*,*,#5022,.T.);
#6655=ORIENTED_EDGE('',*,*,#5027,.F.);
#6656=ORIENTED_EDGE('',*,*,#5028,.F.);
#6657=ORIENTED_EDGE('',*,*,#5029,.T.);
#6658=ORIENTED_EDGE('',*,*,#5025,.F.);
#6659=ORIENTED_EDGE('',*,*,#5029,.F.);
#6660=ORIENTED_EDGE('',*,*,#5030,.F.);
#6661=ORIENTED_EDGE('',*,*,#5031,.T.);
#6662=ORIENTED_EDGE('',*,*,#5028,.T.);
#6663=ORIENTED_EDGE('',*,*,#5031,.F.);
#6664=ORIENTED_EDGE('',*,*,#5032,.F.);
#6665=ORIENTED_EDGE('',*,*,#5033,.T.);
#6666=ORIENTED_EDGE('',*,*,#5021,.F.);
#6667=ORIENTED_EDGE('',*,*,#5033,.F.);
#6668=ORIENTED_EDGE('',*,*,#5032,.T.);
#6669=ORIENTED_EDGE('',*,*,#5034,.T.);
#6670=ORIENTED_EDGE('',*,*,#5035,.F.);
#6671=ORIENTED_EDGE('',*,*,#5034,.F.);
#6672=ORIENTED_EDGE('',*,*,#5035,.T.);
#6673=ORIENTED_EDGE('',*,*,#5030,.T.);
#6674=ORIENTED_EDGE('',*,*,#5012,.F.);
#6675=ORIENTED_EDGE('',*,*,#5036,.T.);
#6676=ORIENTED_EDGE('',*,*,#5037,.F.);
#6677=ORIENTED_EDGE('',*,*,#5036,.F.);
#6678=ORIENTED_EDGE('',*,*,#5014,.F.);
#6679=ORIENTED_EDGE('',*,*,#5037,.T.);
#6680=ORIENTED_EDGE('',*,*,#5038,.T.);
#6681=ORIENTED_EDGE('',*,*,#5039,.F.);
#6682=ORIENTED_EDGE('',*,*,#5040,.T.);
#6683=ORIENTED_EDGE('',*,*,#5038,.F.);
#6684=ORIENTED_EDGE('',*,*,#5040,.F.);
#6685=ORIENTED_EDGE('',*,*,#5039,.T.);
#6686=ORIENTED_EDGE('',*,*,#5041,.T.);
#6687=ORIENTED_EDGE('',*,*,#5042,.F.);
#6688=ORIENTED_EDGE('',*,*,#5041,.F.);
#6689=ORIENTED_EDGE('',*,*,#5043,.F.);
#6690=ORIENTED_EDGE('',*,*,#5044,.T.);
#6691=ORIENTED_EDGE('',*,*,#5045,.F.);
#6692=ORIENTED_EDGE('',*,*,#5044,.F.);
#6693=ORIENTED_EDGE('',*,*,#5045,.T.);
#6694=ORIENTED_EDGE('',*,*,#5046,.T.);
#6695=ORIENTED_EDGE('',*,*,#5047,.F.);
#6696=ORIENTED_EDGE('',*,*,#5048,.T.);
#6697=ORIENTED_EDGE('',*,*,#5043,.T.);
#6698=ORIENTED_EDGE('',*,*,#5048,.F.);
#6699=ORIENTED_EDGE('',*,*,#5026,.F.);
#6700=ORIENTED_EDGE('',*,*,#5049,.T.);
#6701=ORIENTED_EDGE('',*,*,#5046,.F.);
#6702=ORIENTED_EDGE('',*,*,#5049,.F.);
#6703=ORIENTED_EDGE('',*,*,#5042,.T.);
#6704=ORIENTED_EDGE('',*,*,#5047,.T.);
#6705=ORIENTED_EDGE('',*,*,#5050,.F.);
#6706=ORIENTED_EDGE('',*,*,#5051,.T.);
#6707=ORIENTED_EDGE('',*,*,#5052,.F.);
#6708=ORIENTED_EDGE('',*,*,#5053,.F.);
#6709=ORIENTED_EDGE('',*,*,#5054,.F.);
#6710=ORIENTED_EDGE('',*,*,#5055,.T.);
#6711=ORIENTED_EDGE('',*,*,#5056,.T.);
#6712=ORIENTED_EDGE('',*,*,#5051,.F.);
#6713=ORIENTED_EDGE('',*,*,#5057,.F.);
#6714=ORIENTED_EDGE('',*,*,#5058,.F.);
#6715=ORIENTED_EDGE('',*,*,#5059,.F.);
#6716=ORIENTED_EDGE('',*,*,#5060,.T.);
#6717=ORIENTED_EDGE('',*,*,#5061,.F.);
#6718=ORIENTED_EDGE('',*,*,#5055,.F.);
#6719=ORIENTED_EDGE('',*,*,#5062,.F.);
#6720=ORIENTED_EDGE('',*,*,#5053,.T.);
#6721=ORIENTED_EDGE('',*,*,#5063,.F.);
#6722=ORIENTED_EDGE('',*,*,#5064,.F.);
#6723=ORIENTED_EDGE('',*,*,#5065,.F.);
#6724=ORIENTED_EDGE('',*,*,#5064,.T.);
#6725=ORIENTED_EDGE('',*,*,#5066,.F.);
#6726=ORIENTED_EDGE('',*,*,#5067,.F.);
#6727=ORIENTED_EDGE('',*,*,#5068,.F.);
#6728=ORIENTED_EDGE('',*,*,#5067,.T.);
#6729=ORIENTED_EDGE('',*,*,#5069,.T.);
#6730=ORIENTED_EDGE('',*,*,#5070,.F.);
#6731=ORIENTED_EDGE('',*,*,#5071,.F.);
#6732=ORIENTED_EDGE('',*,*,#5072,.F.);
#6733=ORIENTED_EDGE('',*,*,#5073,.F.);
#6734=ORIENTED_EDGE('',*,*,#5074,.T.);
#6735=ORIENTED_EDGE('',*,*,#5075,.T.);
#6736=ORIENTED_EDGE('',*,*,#5076,.F.);
#6737=ORIENTED_EDGE('',*,*,#5077,.F.);
#6738=ORIENTED_EDGE('',*,*,#5078,.F.);
#6739=ORIENTED_EDGE('',*,*,#5079,.F.);
#6740=ORIENTED_EDGE('',*,*,#5070,.T.);
#6741=ORIENTED_EDGE('',*,*,#5080,.F.);
#6742=ORIENTED_EDGE('',*,*,#5074,.F.);
#6743=ORIENTED_EDGE('',*,*,#5081,.F.);
#6744=ORIENTED_EDGE('',*,*,#5076,.T.);
#6745=ORIENTED_EDGE('',*,*,#5082,.F.);
#6746=ORIENTED_EDGE('',*,*,#5083,.F.);
#6747=ORIENTED_EDGE('',*,*,#5084,.F.);
#6748=ORIENTED_EDGE('',*,*,#5083,.T.);
#6749=ORIENTED_EDGE('',*,*,#5085,.F.);
#6750=ORIENTED_EDGE('',*,*,#5086,.F.);
#6751=ORIENTED_EDGE('',*,*,#5087,.F.);
#6752=ORIENTED_EDGE('',*,*,#5086,.T.);
#6753=ORIENTED_EDGE('',*,*,#5088,.F.);
#6754=ORIENTED_EDGE('',*,*,#5089,.F.);
#6755=ORIENTED_EDGE('',*,*,#5090,.F.);
#6756=ORIENTED_EDGE('',*,*,#5091,.T.);
#6757=ORIENTED_EDGE('',*,*,#5092,.T.);
#6758=ORIENTED_EDGE('',*,*,#5093,.F.);
#6759=ORIENTED_EDGE('',*,*,#5094,.F.);
#6760=ORIENTED_EDGE('',*,*,#5095,.F.);
#6761=ORIENTED_EDGE('',*,*,#5089,.T.);
#6762=ORIENTED_EDGE('',*,*,#5096,.F.);
#6763=ORIENTED_EDGE('',*,*,#5091,.F.);
#6764=ORIENTED_EDGE('',*,*,#5097,.F.);
#6765=ORIENTED_EDGE('',*,*,#5093,.T.);
#6766=ORIENTED_EDGE('',*,*,#5098,.F.);
#6767=ORIENTED_EDGE('',*,*,#5099,.F.);
#6768=ORIENTED_EDGE('',*,*,#5100,.F.);
#6769=ORIENTED_EDGE('',*,*,#5101,.F.);
#6770=ORIENTED_EDGE('',*,*,#5099,.T.);
#6771=ORIENTED_EDGE('',*,*,#5102,.F.);
#6772=ORIENTED_EDGE('',*,*,#5103,.F.);
#6773=ORIENTED_EDGE('',*,*,#5104,.F.);
#6774=ORIENTED_EDGE('',*,*,#5103,.T.);
#6775=ORIENTED_EDGE('',*,*,#5105,.F.);
#6776=ORIENTED_EDGE('',*,*,#5060,.F.);
#6777=ORIENTED_EDGE('',*,*,#5106,.T.);
#6778=ORIENTED_EDGE('',*,*,#5107,.T.);
#6779=ORIENTED_EDGE('',*,*,#5108,.T.);
#6780=ORIENTED_EDGE('',*,*,#5107,.F.);
#6781=ORIENTED_EDGE('',*,*,#5109,.F.);
#6782=ORIENTED_EDGE('',*,*,#5110,.T.);
#6783=ORIENTED_EDGE('',*,*,#5111,.F.);
#6784=ORIENTED_EDGE('',*,*,#5112,.F.);
#6785=ORIENTED_EDGE('',*,*,#5113,.F.);
#6786=ORIENTED_EDGE('',*,*,#5114,.F.);
#6787=ORIENTED_EDGE('',*,*,#5115,.F.);
#6788=ORIENTED_EDGE('',*,*,#5116,.F.);
#6789=ORIENTED_EDGE('',*,*,#5117,.F.);
#6790=ORIENTED_EDGE('',*,*,#5118,.F.);
#6791=ORIENTED_EDGE('',*,*,#5119,.F.);
#6792=ORIENTED_EDGE('',*,*,#5120,.F.);
#6793=ORIENTED_EDGE('',*,*,#5121,.F.);
#6794=ORIENTED_EDGE('',*,*,#5122,.F.);
#6795=ORIENTED_EDGE('',*,*,#5123,.F.);
#6796=ORIENTED_EDGE('',*,*,#5108,.F.);
#6797=ORIENTED_EDGE('',*,*,#5106,.F.);
#6798=ORIENTED_EDGE('',*,*,#5124,.T.);
#6799=ORIENTED_EDGE('',*,*,#5125,.F.);
#6800=ORIENTED_EDGE('',*,*,#5124,.F.);
#6801=ORIENTED_EDGE('',*,*,#5126,.T.);
#6802=ORIENTED_EDGE('',*,*,#5127,.T.);
#6803=ORIENTED_EDGE('',*,*,#5123,.T.);
#6804=ORIENTED_EDGE('',*,*,#5127,.F.);
#6805=ORIENTED_EDGE('',*,*,#5126,.F.);
#6806=ORIENTED_EDGE('',*,*,#5128,.T.);
#6807=ORIENTED_EDGE('',*,*,#5129,.F.);
#6808=ORIENTED_EDGE('',*,*,#5128,.F.);
#6809=ORIENTED_EDGE('',*,*,#5130,.T.);
#6810=ORIENTED_EDGE('',*,*,#5131,.T.);
#6811=ORIENTED_EDGE('',*,*,#5132,.T.);
#6812=ORIENTED_EDGE('',*,*,#5112,.T.);
#6813=ORIENTED_EDGE('',*,*,#5132,.F.);
#6814=ORIENTED_EDGE('',*,*,#5133,.T.);
#6815=ORIENTED_EDGE('',*,*,#5134,.T.);
#6816=ORIENTED_EDGE('',*,*,#5113,.T.);
#6817=ORIENTED_EDGE('',*,*,#5134,.F.);
#6818=ORIENTED_EDGE('',*,*,#5135,.T.);
#6819=ORIENTED_EDGE('',*,*,#5136,.T.);
#6820=ORIENTED_EDGE('',*,*,#5114,.T.);
#6821=ORIENTED_EDGE('',*,*,#5136,.F.);
#6822=ORIENTED_EDGE('',*,*,#5137,.T.);
#6823=ORIENTED_EDGE('',*,*,#5138,.T.);
#6824=ORIENTED_EDGE('',*,*,#5115,.T.);
#6825=ORIENTED_EDGE('',*,*,#5138,.F.);
#6826=ORIENTED_EDGE('',*,*,#5139,.T.);
#6827=ORIENTED_EDGE('',*,*,#5140,.T.);
#6828=ORIENTED_EDGE('',*,*,#5116,.T.);
#6829=ORIENTED_EDGE('',*,*,#5140,.F.);
#6830=ORIENTED_EDGE('',*,*,#5141,.T.);
#6831=ORIENTED_EDGE('',*,*,#5142,.T.);
#6832=ORIENTED_EDGE('',*,*,#5117,.T.);
#6833=ORIENTED_EDGE('',*,*,#5142,.F.);
#6834=ORIENTED_EDGE('',*,*,#5143,.T.);
#6835=ORIENTED_EDGE('',*,*,#5144,.T.);
#6836=ORIENTED_EDGE('',*,*,#5118,.T.);
#6837=ORIENTED_EDGE('',*,*,#5144,.F.);
#6838=ORIENTED_EDGE('',*,*,#5145,.T.);
#6839=ORIENTED_EDGE('',*,*,#5146,.T.);
#6840=ORIENTED_EDGE('',*,*,#5119,.T.);
#6841=ORIENTED_EDGE('',*,*,#5146,.F.);
#6842=ORIENTED_EDGE('',*,*,#5147,.T.);
#6843=ORIENTED_EDGE('',*,*,#5148,.T.);
#6844=ORIENTED_EDGE('',*,*,#5120,.T.);
#6845=ORIENTED_EDGE('',*,*,#5148,.F.);
#6846=ORIENTED_EDGE('',*,*,#5149,.T.);
#6847=ORIENTED_EDGE('',*,*,#5150,.T.);
#6848=ORIENTED_EDGE('',*,*,#5121,.T.);
#6849=ORIENTED_EDGE('',*,*,#5150,.F.);
#6850=ORIENTED_EDGE('',*,*,#5151,.T.);
#6851=ORIENTED_EDGE('',*,*,#5152,.T.);
#6852=ORIENTED_EDGE('',*,*,#5122,.T.);
#6853=ORIENTED_EDGE('',*,*,#5153,.T.);
#6854=ORIENTED_EDGE('',*,*,#5109,.T.);
#6855=ORIENTED_EDGE('',*,*,#5152,.F.);
#6856=ORIENTED_EDGE('',*,*,#5154,.T.);
#6857=ORIENTED_EDGE('',*,*,#5084,.T.);
#6858=ORIENTED_EDGE('',*,*,#5155,.F.);
#6859=ORIENTED_EDGE('',*,*,#5154,.F.);
#6860=ORIENTED_EDGE('',*,*,#5156,.T.);
#6861=ORIENTED_EDGE('',*,*,#5157,.T.);
#6862=ORIENTED_EDGE('',*,*,#5158,.F.);
#6863=ORIENTED_EDGE('',*,*,#5151,.F.);
#6864=ORIENTED_EDGE('',*,*,#5159,.F.);
#6865=ORIENTED_EDGE('',*,*,#5160,.T.);
#6866=ORIENTED_EDGE('',*,*,#5156,.F.);
#6867=ORIENTED_EDGE('',*,*,#5149,.F.);
#6868=ORIENTED_EDGE('',*,*,#5161,.T.);
#6869=ORIENTED_EDGE('',*,*,#5162,.F.);
#6870=ORIENTED_EDGE('',*,*,#5163,.T.);
#6871=ORIENTED_EDGE('',*,*,#5159,.T.);
#6872=ORIENTED_EDGE('',*,*,#5147,.F.);
#6873=ORIENTED_EDGE('',*,*,#5164,.F.);
#6874=ORIENTED_EDGE('',*,*,#5165,.T.);
#6875=ORIENTED_EDGE('',*,*,#5166,.T.);
#6876=ORIENTED_EDGE('',*,*,#5167,.T.);
#6877=ORIENTED_EDGE('',*,*,#5168,.F.);
#6878=ORIENTED_EDGE('',*,*,#5169,.F.);
#6879=ORIENTED_EDGE('',*,*,#5161,.F.);
#6880=ORIENTED_EDGE('',*,*,#5145,.F.);
#6881=ORIENTED_EDGE('',*,*,#5170,.T.);
#6882=ORIENTED_EDGE('',*,*,#5171,.T.);
#6883=ORIENTED_EDGE('',*,*,#5164,.T.);
#6884=ORIENTED_EDGE('',*,*,#5143,.F.);
#6885=ORIENTED_EDGE('',*,*,#5172,.F.);
#6886=ORIENTED_EDGE('',*,*,#5173,.T.);
#6887=ORIENTED_EDGE('',*,*,#5170,.F.);
#6888=ORIENTED_EDGE('',*,*,#5141,.F.);
#6889=ORIENTED_EDGE('',*,*,#5174,.T.);
#6890=ORIENTED_EDGE('',*,*,#5175,.T.);
#6891=ORIENTED_EDGE('',*,*,#5172,.T.);
#6892=ORIENTED_EDGE('',*,*,#5139,.F.);
#6893=ORIENTED_EDGE('',*,*,#5176,.F.);
#6894=ORIENTED_EDGE('',*,*,#5177,.T.);
#6895=ORIENTED_EDGE('',*,*,#5178,.T.);
#6896=ORIENTED_EDGE('',*,*,#5179,.T.);
#6897=ORIENTED_EDGE('',*,*,#5174,.F.);
#6898=ORIENTED_EDGE('',*,*,#5137,.F.);
#6899=ORIENTED_EDGE('',*,*,#5180,.T.);
#6900=ORIENTED_EDGE('',*,*,#5181,.T.);
#6901=ORIENTED_EDGE('',*,*,#5176,.T.);
#6902=ORIENTED_EDGE('',*,*,#5135,.F.);
#6903=ORIENTED_EDGE('',*,*,#5182,.F.);
#6904=ORIENTED_EDGE('',*,*,#5183,.T.);
#6905=ORIENTED_EDGE('',*,*,#5184,.T.);
#6906=ORIENTED_EDGE('',*,*,#5180,.F.);
#6907=ORIENTED_EDGE('',*,*,#5133,.F.);
#6908=ORIENTED_EDGE('',*,*,#5185,.T.);
#6909=ORIENTED_EDGE('',*,*,#5186,.T.);
#6910=ORIENTED_EDGE('',*,*,#5182,.T.);
#6911=ORIENTED_EDGE('',*,*,#5131,.F.);
#6912=ORIENTED_EDGE('',*,*,#5187,.T.);
#6913=ORIENTED_EDGE('',*,*,#5188,.T.);
#6914=ORIENTED_EDGE('',*,*,#5185,.F.);
#6915=ORIENTED_EDGE('',*,*,#5189,.T.);
#6916=ORIENTED_EDGE('',*,*,#5190,.T.);
#6917=ORIENTED_EDGE('',*,*,#5191,.T.);
#6918=ORIENTED_EDGE('',*,*,#5190,.F.);
#6919=ORIENTED_EDGE('',*,*,#5192,.F.);
#6920=ORIENTED_EDGE('',*,*,#5191,.F.);
#6921=ORIENTED_EDGE('',*,*,#5189,.F.);
#6922=ORIENTED_EDGE('',*,*,#5193,.T.);
#6923=ORIENTED_EDGE('',*,*,#5194,.T.);
#6924=ORIENTED_EDGE('',*,*,#5195,.T.);
#6925=ORIENTED_EDGE('',*,*,#5193,.F.);
#6926=ORIENTED_EDGE('',*,*,#5196,.T.);
#6927=ORIENTED_EDGE('',*,*,#5197,.T.);
#6928=ORIENTED_EDGE('',*,*,#5198,.T.);
#6929=ORIENTED_EDGE('',*,*,#5199,.T.);
#6930=ORIENTED_EDGE('',*,*,#5197,.F.);
#6931=ORIENTED_EDGE('',*,*,#5075,.F.);
#6932=ORIENTED_EDGE('',*,*,#5080,.T.);
#6933=ORIENTED_EDGE('',*,*,#5069,.F.);
#6934=ORIENTED_EDGE('',*,*,#5066,.T.);
#6935=ORIENTED_EDGE('',*,*,#5063,.T.);
#6936=ORIENTED_EDGE('',*,*,#5052,.T.);
#6937=ORIENTED_EDGE('',*,*,#5056,.F.);
#6938=ORIENTED_EDGE('',*,*,#5061,.T.);
#6939=ORIENTED_EDGE('',*,*,#5105,.T.);
#6940=ORIENTED_EDGE('',*,*,#5102,.T.);
#6941=ORIENTED_EDGE('',*,*,#5098,.T.);
#6942=ORIENTED_EDGE('',*,*,#5092,.F.);
#6943=ORIENTED_EDGE('',*,*,#5096,.T.);
#6944=ORIENTED_EDGE('',*,*,#5088,.T.);
#6945=ORIENTED_EDGE('',*,*,#5085,.T.);
#6946=ORIENTED_EDGE('',*,*,#5082,.T.);
#6947=ORIENTED_EDGE('',*,*,#5196,.F.);
#6948=ORIENTED_EDGE('',*,*,#5198,.F.);
#6949=ORIENTED_EDGE('',*,*,#5199,.F.);
#6950=ORIENTED_EDGE('',*,*,#5200,.T.);
#6951=ORIENTED_EDGE('',*,*,#5192,.T.);
#6952=ORIENTED_EDGE('',*,*,#5200,.F.);
#6953=ORIENTED_EDGE('',*,*,#5201,.T.);
#6954=ORIENTED_EDGE('',*,*,#5202,.T.);
#6955=ORIENTED_EDGE('',*,*,#5203,.T.);
#6956=ORIENTED_EDGE('',*,*,#5204,.T.);
#6957=ORIENTED_EDGE('',*,*,#5202,.F.);
#6958=ORIENTED_EDGE('',*,*,#5205,.F.);
#6959=ORIENTED_EDGE('',*,*,#5206,.F.);
#6960=ORIENTED_EDGE('',*,*,#5207,.F.);
#6961=ORIENTED_EDGE('',*,*,#5208,.F.);
#6962=ORIENTED_EDGE('',*,*,#5209,.F.);
#6963=ORIENTED_EDGE('',*,*,#5210,.F.);
#6964=ORIENTED_EDGE('',*,*,#5211,.F.);
#6965=ORIENTED_EDGE('',*,*,#5212,.F.);
#6966=ORIENTED_EDGE('',*,*,#5213,.F.);
#6967=ORIENTED_EDGE('',*,*,#5214,.F.);
#6968=ORIENTED_EDGE('',*,*,#5215,.F.);
#6969=ORIENTED_EDGE('',*,*,#5216,.F.);
#6970=ORIENTED_EDGE('',*,*,#5217,.F.);
#6971=ORIENTED_EDGE('',*,*,#5218,.F.);
#6972=ORIENTED_EDGE('',*,*,#5219,.F.);
#6973=ORIENTED_EDGE('',*,*,#5220,.F.);
#6974=ORIENTED_EDGE('',*,*,#5221,.F.);
#6975=ORIENTED_EDGE('',*,*,#5222,.F.);
#6976=ORIENTED_EDGE('',*,*,#5223,.F.);
#6977=ORIENTED_EDGE('',*,*,#5224,.F.);
#6978=ORIENTED_EDGE('',*,*,#5225,.F.);
#6979=ORIENTED_EDGE('',*,*,#5226,.F.);
#6980=ORIENTED_EDGE('',*,*,#5227,.F.);
#6981=ORIENTED_EDGE('',*,*,#5228,.F.);
#6982=ORIENTED_EDGE('',*,*,#5229,.F.);
#6983=ORIENTED_EDGE('',*,*,#5230,.F.);
#6984=ORIENTED_EDGE('',*,*,#5157,.F.);
#6985=ORIENTED_EDGE('',*,*,#5160,.F.);
#6986=ORIENTED_EDGE('',*,*,#5163,.F.);
#6987=ORIENTED_EDGE('',*,*,#5231,.F.);
#6988=ORIENTED_EDGE('',*,*,#5201,.F.);
#6989=ORIENTED_EDGE('',*,*,#5203,.F.);
#6990=ORIENTED_EDGE('',*,*,#5204,.F.);
#6991=ORIENTED_EDGE('',*,*,#5232,.T.);
#6992=ORIENTED_EDGE('',*,*,#5233,.T.);
#6993=ORIENTED_EDGE('',*,*,#5232,.F.);
#6994=ORIENTED_EDGE('',*,*,#5234,.T.);
#6995=ORIENTED_EDGE('',*,*,#5235,.T.);
#6996=ORIENTED_EDGE('',*,*,#5236,.T.);
#6997=ORIENTED_EDGE('',*,*,#5235,.F.);
#6998=ORIENTED_EDGE('',*,*,#5234,.F.);
#6999=ORIENTED_EDGE('',*,*,#5237,.T.);
#7000=ORIENTED_EDGE('',*,*,#5238,.F.);
#7001=ORIENTED_EDGE('',*,*,#5237,.F.);
#7002=ORIENTED_EDGE('',*,*,#5233,.F.);
#7003=ORIENTED_EDGE('',*,*,#5236,.F.);
#7004=ORIENTED_EDGE('',*,*,#5239,.T.);
#7005=ORIENTED_EDGE('',*,*,#5221,.T.);
#7006=ORIENTED_EDGE('',*,*,#5240,.T.);
#7007=ORIENTED_EDGE('',*,*,#5241,.T.);
#7008=ORIENTED_EDGE('',*,*,#5242,.T.);
#7009=ORIENTED_EDGE('',*,*,#5243,.T.);
#7010=ORIENTED_EDGE('',*,*,#5240,.F.);
#7011=ORIENTED_EDGE('',*,*,#5220,.T.);
#7012=ORIENTED_EDGE('',*,*,#5244,.T.);
#7013=ORIENTED_EDGE('',*,*,#5245,.T.);
#7014=ORIENTED_EDGE('',*,*,#5242,.F.);
#7015=ORIENTED_EDGE('',*,*,#5219,.T.);
#7016=ORIENTED_EDGE('',*,*,#5246,.T.);
#7017=ORIENTED_EDGE('',*,*,#5247,.T.);
#7018=ORIENTED_EDGE('',*,*,#5244,.F.);
#7019=ORIENTED_EDGE('',*,*,#5218,.T.);
#7020=ORIENTED_EDGE('',*,*,#5248,.T.);
#7021=ORIENTED_EDGE('',*,*,#5249,.T.);
#7022=ORIENTED_EDGE('',*,*,#5246,.F.);
#7023=ORIENTED_EDGE('',*,*,#5217,.T.);
#7024=ORIENTED_EDGE('',*,*,#5250,.T.);
#7025=ORIENTED_EDGE('',*,*,#5251,.T.);
#7026=ORIENTED_EDGE('',*,*,#5248,.F.);
#7027=ORIENTED_EDGE('',*,*,#5216,.T.);
#7028=ORIENTED_EDGE('',*,*,#5252,.T.);
#7029=ORIENTED_EDGE('',*,*,#5253,.T.);
#7030=ORIENTED_EDGE('',*,*,#5250,.F.);
#7031=ORIENTED_EDGE('',*,*,#5215,.T.);
#7032=ORIENTED_EDGE('',*,*,#5254,.T.);
#7033=ORIENTED_EDGE('',*,*,#5255,.T.);
#7034=ORIENTED_EDGE('',*,*,#5252,.F.);
#7035=ORIENTED_EDGE('',*,*,#5214,.T.);
#7036=ORIENTED_EDGE('',*,*,#5256,.T.);
#7037=ORIENTED_EDGE('',*,*,#5257,.T.);
#7038=ORIENTED_EDGE('',*,*,#5254,.F.);
#7039=ORIENTED_EDGE('',*,*,#5213,.T.);
#7040=ORIENTED_EDGE('',*,*,#5258,.T.);
#7041=ORIENTED_EDGE('',*,*,#5259,.T.);
#7042=ORIENTED_EDGE('',*,*,#5256,.F.);
#7043=ORIENTED_EDGE('',*,*,#5212,.T.);
#7044=ORIENTED_EDGE('',*,*,#5260,.T.);
#7045=ORIENTED_EDGE('',*,*,#5261,.T.);
#7046=ORIENTED_EDGE('',*,*,#5258,.F.);
#7047=ORIENTED_EDGE('',*,*,#5211,.T.);
#7048=ORIENTED_EDGE('',*,*,#5262,.T.);
#7049=ORIENTED_EDGE('',*,*,#5263,.T.);
#7050=ORIENTED_EDGE('',*,*,#5260,.F.);
#7051=ORIENTED_EDGE('',*,*,#5210,.T.);
#7052=ORIENTED_EDGE('',*,*,#5264,.T.);
#7053=ORIENTED_EDGE('',*,*,#5265,.T.);
#7054=ORIENTED_EDGE('',*,*,#5262,.F.);
#7055=ORIENTED_EDGE('',*,*,#5209,.T.);
#7056=ORIENTED_EDGE('',*,*,#5266,.T.);
#7057=ORIENTED_EDGE('',*,*,#5267,.T.);
#7058=ORIENTED_EDGE('',*,*,#5264,.F.);
#7059=ORIENTED_EDGE('',*,*,#5208,.T.);
#7060=ORIENTED_EDGE('',*,*,#5268,.T.);
#7061=ORIENTED_EDGE('',*,*,#5269,.T.);
#7062=ORIENTED_EDGE('',*,*,#5266,.F.);
#7063=ORIENTED_EDGE('',*,*,#5207,.T.);
#7064=ORIENTED_EDGE('',*,*,#5270,.T.);
#7065=ORIENTED_EDGE('',*,*,#5271,.T.);
#7066=ORIENTED_EDGE('',*,*,#5268,.F.);
#7067=ORIENTED_EDGE('',*,*,#5206,.T.);
#7068=ORIENTED_EDGE('',*,*,#5162,.T.);
#7069=ORIENTED_EDGE('',*,*,#5169,.T.);
#7070=ORIENTED_EDGE('',*,*,#5270,.F.);
#7071=ORIENTED_EDGE('',*,*,#5205,.T.);
#7072=ORIENTED_EDGE('',*,*,#5272,.T.);
#7073=ORIENTED_EDGE('',*,*,#5273,.T.);
#7074=ORIENTED_EDGE('',*,*,#5274,.T.);
#7075=ORIENTED_EDGE('',*,*,#5273,.F.);
#7076=ORIENTED_EDGE('',*,*,#5275,.F.);
#7077=ORIENTED_EDGE('',*,*,#5274,.F.);
#7078=ORIENTED_EDGE('',*,*,#5272,.F.);
#7079=ORIENTED_EDGE('',*,*,#5276,.T.);
#7080=ORIENTED_EDGE('',*,*,#5277,.T.);
#7081=ORIENTED_EDGE('',*,*,#5278,.T.);
#7082=ORIENTED_EDGE('',*,*,#5276,.F.);
#7083=ORIENTED_EDGE('',*,*,#5279,.T.);
#7084=ORIENTED_EDGE('',*,*,#5280,.T.);
#7085=ORIENTED_EDGE('',*,*,#5281,.T.);
#7086=ORIENTED_EDGE('',*,*,#5282,.T.);
#7087=ORIENTED_EDGE('',*,*,#5280,.F.);
#7088=ORIENTED_EDGE('',*,*,#5283,.F.);
#7089=ORIENTED_EDGE('',*,*,#5279,.F.);
#7090=ORIENTED_EDGE('',*,*,#5281,.F.);
#7091=ORIENTED_EDGE('',*,*,#5282,.F.);
#7092=ORIENTED_EDGE('',*,*,#5284,.T.);
#7093=ORIENTED_EDGE('',*,*,#5275,.T.);
#7094=ORIENTED_EDGE('',*,*,#5284,.F.);
#7095=ORIENTED_EDGE('',*,*,#5285,.T.);
#7096=ORIENTED_EDGE('',*,*,#5286,.T.);
#7097=ORIENTED_EDGE('',*,*,#5283,.T.);
#7098=ORIENTED_EDGE('',*,*,#5286,.F.);
#7099=ORIENTED_EDGE('',*,*,#5285,.F.);
#7100=ORIENTED_EDGE('',*,*,#5287,.T.);
#7101=ORIENTED_EDGE('',*,*,#5231,.T.);
#7102=ORIENTED_EDGE('',*,*,#5287,.F.);
#7103=ORIENTED_EDGE('',*,*,#5062,.T.);
#7104=ORIENTED_EDGE('',*,*,#5288,.T.);
#7105=ORIENTED_EDGE('',*,*,#5225,.T.);
#7106=ORIENTED_EDGE('',*,*,#5289,.T.);
#7107=ORIENTED_EDGE('',*,*,#5065,.T.);
#7108=ORIENTED_EDGE('',*,*,#5068,.T.);
#7109=ORIENTED_EDGE('',*,*,#5290,.F.);
#7110=ORIENTED_EDGE('',*,*,#5226,.T.);
#7111=ORIENTED_EDGE('',*,*,#5288,.F.);
#7112=ORIENTED_EDGE('',*,*,#5072,.T.);
#7113=ORIENTED_EDGE('',*,*,#5291,.T.);
#7114=ORIENTED_EDGE('',*,*,#5227,.T.);
#7115=ORIENTED_EDGE('',*,*,#5290,.T.);
#7116=ORIENTED_EDGE('',*,*,#5073,.T.);
#7117=ORIENTED_EDGE('',*,*,#5292,.F.);
#7118=ORIENTED_EDGE('',*,*,#5228,.T.);
#7119=ORIENTED_EDGE('',*,*,#5291,.F.);
#7120=ORIENTED_EDGE('',*,*,#5071,.T.);
#7121=ORIENTED_EDGE('',*,*,#5079,.T.);
#7122=ORIENTED_EDGE('',*,*,#5078,.T.);
#7123=ORIENTED_EDGE('',*,*,#5293,.T.);
#7124=ORIENTED_EDGE('',*,*,#5229,.T.);
#7125=ORIENTED_EDGE('',*,*,#5292,.T.);
#7126=ORIENTED_EDGE('',*,*,#5081,.T.);
#7127=ORIENTED_EDGE('',*,*,#5158,.T.);
#7128=ORIENTED_EDGE('',*,*,#5230,.T.);
#7129=ORIENTED_EDGE('',*,*,#5293,.F.);
#7130=ORIENTED_EDGE('',*,*,#5077,.T.);
#7131=ORIENTED_EDGE('',*,*,#5087,.T.);
#7132=ORIENTED_EDGE('',*,*,#5294,.T.);
#7133=ORIENTED_EDGE('',*,*,#5110,.F.);
#7134=ORIENTED_EDGE('',*,*,#5153,.F.);
#7135=ORIENTED_EDGE('',*,*,#5155,.T.);
#7136=ORIENTED_EDGE('',*,*,#5295,.F.);
#7137=ORIENTED_EDGE('',*,*,#5296,.T.);
#7138=ORIENTED_EDGE('',*,*,#5297,.F.);
#7139=ORIENTED_EDGE('',*,*,#5298,.F.);
#7140=ORIENTED_EDGE('',*,*,#5299,.F.);
#7141=ORIENTED_EDGE('',*,*,#5298,.T.);
#7142=ORIENTED_EDGE('',*,*,#5300,.F.);
#7143=ORIENTED_EDGE('',*,*,#5301,.F.);
#7144=ORIENTED_EDGE('',*,*,#5302,.F.);
#7145=ORIENTED_EDGE('',*,*,#5301,.T.);
#7146=ORIENTED_EDGE('',*,*,#5303,.F.);
#7147=ORIENTED_EDGE('',*,*,#5304,.F.);
#7148=ORIENTED_EDGE('',*,*,#5305,.F.);
#7149=ORIENTED_EDGE('',*,*,#5304,.T.);
#7150=ORIENTED_EDGE('',*,*,#5306,.F.);
#7151=ORIENTED_EDGE('',*,*,#5307,.F.);
#7152=ORIENTED_EDGE('',*,*,#5308,.F.);
#7153=ORIENTED_EDGE('',*,*,#5307,.T.);
#7154=ORIENTED_EDGE('',*,*,#5309,.F.);
#7155=ORIENTED_EDGE('',*,*,#5310,.F.);
#7156=ORIENTED_EDGE('',*,*,#5311,.F.);
#7157=ORIENTED_EDGE('',*,*,#5310,.T.);
#7158=ORIENTED_EDGE('',*,*,#5312,.F.);
#7159=ORIENTED_EDGE('',*,*,#5313,.F.);
#7160=ORIENTED_EDGE('',*,*,#5314,.F.);
#7161=ORIENTED_EDGE('',*,*,#5313,.T.);
#7162=ORIENTED_EDGE('',*,*,#5315,.F.);
#7163=ORIENTED_EDGE('',*,*,#5316,.F.);
#7164=ORIENTED_EDGE('',*,*,#5317,.F.);
#7165=ORIENTED_EDGE('',*,*,#5316,.T.);
#7166=ORIENTED_EDGE('',*,*,#5318,.F.);
#7167=ORIENTED_EDGE('',*,*,#5319,.F.);
#7168=ORIENTED_EDGE('',*,*,#5320,.F.);
#7169=ORIENTED_EDGE('',*,*,#5319,.T.);
#7170=ORIENTED_EDGE('',*,*,#5321,.F.);
#7171=ORIENTED_EDGE('',*,*,#5322,.F.);
#7172=ORIENTED_EDGE('',*,*,#5323,.F.);
#7173=ORIENTED_EDGE('',*,*,#5324,.T.);
#7174=ORIENTED_EDGE('',*,*,#5325,.F.);
#7175=ORIENTED_EDGE('',*,*,#5326,.F.);
#7176=ORIENTED_EDGE('',*,*,#5327,.F.);
#7177=ORIENTED_EDGE('',*,*,#5328,.F.);
#7178=ORIENTED_EDGE('',*,*,#5329,.F.);
#7179=ORIENTED_EDGE('',*,*,#5330,.F.);
#7180=ORIENTED_EDGE('',*,*,#5331,.F.);
#7181=ORIENTED_EDGE('',*,*,#5332,.F.);
#7182=ORIENTED_EDGE('',*,*,#5333,.T.);
#7183=ORIENTED_EDGE('',*,*,#5324,.F.);
#7184=ORIENTED_EDGE('',*,*,#5334,.F.);
#7185=ORIENTED_EDGE('',*,*,#5322,.T.);
#7186=ORIENTED_EDGE('',*,*,#5335,.F.);
#7187=ORIENTED_EDGE('',*,*,#5332,.T.);
#7188=ORIENTED_EDGE('',*,*,#5336,.F.);
#7189=ORIENTED_EDGE('',*,*,#5337,.T.);
#7190=ORIENTED_EDGE('',*,*,#5338,.F.);
#7191=ORIENTED_EDGE('',*,*,#5339,.F.);
#7192=ORIENTED_EDGE('',*,*,#5340,.F.);
#7193=ORIENTED_EDGE('',*,*,#5341,.T.);
#7194=ORIENTED_EDGE('',*,*,#5342,.T.);
#7195=ORIENTED_EDGE('',*,*,#5337,.F.);
#7196=ORIENTED_EDGE('',*,*,#5343,.F.);
#7197=ORIENTED_EDGE('',*,*,#5344,.T.);
#7198=ORIENTED_EDGE('',*,*,#5345,.F.);
#7199=ORIENTED_EDGE('',*,*,#5341,.F.);
#7200=ORIENTED_EDGE('',*,*,#5346,.F.);
#7201=ORIENTED_EDGE('',*,*,#5347,.T.);
#7202=ORIENTED_EDGE('',*,*,#5348,.F.);
#7203=ORIENTED_EDGE('',*,*,#5344,.F.);
#7204=ORIENTED_EDGE('',*,*,#5349,.F.);
#7205=ORIENTED_EDGE('',*,*,#5326,.T.);
#7206=ORIENTED_EDGE('',*,*,#5350,.T.);
#7207=ORIENTED_EDGE('',*,*,#5347,.F.);
#7208=ORIENTED_EDGE('',*,*,#5351,.F.);
#7209=ORIENTED_EDGE('',*,*,#5339,.T.);
#7210=ORIENTED_EDGE('',*,*,#5352,.F.);
#7211=ORIENTED_EDGE('',*,*,#5353,.F.);
#7212=ORIENTED_EDGE('',*,*,#5354,.F.);
#7213=ORIENTED_EDGE('',*,*,#5353,.T.);
#7214=ORIENTED_EDGE('',*,*,#5355,.F.);
#7215=ORIENTED_EDGE('',*,*,#5356,.F.);
#7216=ORIENTED_EDGE('',*,*,#5357,.F.);
#7217=ORIENTED_EDGE('',*,*,#5356,.T.);
#7218=ORIENTED_EDGE('',*,*,#5358,.F.);
#7219=ORIENTED_EDGE('',*,*,#5359,.F.);
#7220=ORIENTED_EDGE('',*,*,#5360,.F.);
#7221=ORIENTED_EDGE('',*,*,#5359,.T.);
#7222=ORIENTED_EDGE('',*,*,#5361,.F.);
#7223=ORIENTED_EDGE('',*,*,#5362,.F.);
#7224=ORIENTED_EDGE('',*,*,#5188,.F.);
#7225=ORIENTED_EDGE('',*,*,#5362,.T.);
#7226=ORIENTED_EDGE('',*,*,#5363,.F.);
#7227=ORIENTED_EDGE('',*,*,#5364,.F.);
#7228=ORIENTED_EDGE('',*,*,#5186,.F.);
#7229=ORIENTED_EDGE('',*,*,#5364,.T.);
#7230=ORIENTED_EDGE('',*,*,#5365,.F.);
#7231=ORIENTED_EDGE('',*,*,#5366,.F.);
#7232=ORIENTED_EDGE('',*,*,#5184,.F.);
#7233=ORIENTED_EDGE('',*,*,#5367,.T.);
#7234=ORIENTED_EDGE('',*,*,#5368,.T.);
#7235=ORIENTED_EDGE('',*,*,#5369,.F.);
#7236=ORIENTED_EDGE('',*,*,#5181,.F.);
#7237=ORIENTED_EDGE('',*,*,#5183,.F.);
#7238=ORIENTED_EDGE('',*,*,#5366,.T.);
#7239=ORIENTED_EDGE('',*,*,#5370,.F.);
#7240=ORIENTED_EDGE('',*,*,#5367,.F.);
#7241=ORIENTED_EDGE('',*,*,#5179,.F.);
#7242=ORIENTED_EDGE('',*,*,#5371,.T.);
#7243=ORIENTED_EDGE('',*,*,#5372,.F.);
#7244=ORIENTED_EDGE('',*,*,#5373,.F.);
#7245=ORIENTED_EDGE('',*,*,#5165,.F.);
#7246=ORIENTED_EDGE('',*,*,#5171,.F.);
#7247=ORIENTED_EDGE('',*,*,#5173,.F.);
#7248=ORIENTED_EDGE('',*,*,#5175,.F.);
#7249=ORIENTED_EDGE('',*,*,#5178,.F.);
#7250=ORIENTED_EDGE('',*,*,#5374,.T.);
#7251=ORIENTED_EDGE('',*,*,#5375,.T.);
#7252=ORIENTED_EDGE('',*,*,#5371,.F.);
#7253=ORIENTED_EDGE('',*,*,#5177,.F.);
#7254=ORIENTED_EDGE('',*,*,#5369,.T.);
#7255=ORIENTED_EDGE('',*,*,#5376,.F.);
#7256=ORIENTED_EDGE('',*,*,#5374,.F.);
#7257=ORIENTED_EDGE('',*,*,#5167,.F.);
#7258=ORIENTED_EDGE('',*,*,#5377,.T.);
#7259=ORIENTED_EDGE('',*,*,#5378,.F.);
#7260=ORIENTED_EDGE('',*,*,#5379,.F.);
#7261=ORIENTED_EDGE('',*,*,#5166,.F.);
#7262=ORIENTED_EDGE('',*,*,#5373,.T.);
#7263=ORIENTED_EDGE('',*,*,#5380,.T.);
#7264=ORIENTED_EDGE('',*,*,#5377,.F.);
#7265=ORIENTED_EDGE('',*,*,#5381,.F.);
#7266=ORIENTED_EDGE('',*,*,#5379,.T.);
#7267=ORIENTED_EDGE('',*,*,#5382,.F.);
#7268=ORIENTED_EDGE('',*,*,#5383,.F.);
#7269=ORIENTED_EDGE('',*,*,#5384,.F.);
#7270=ORIENTED_EDGE('',*,*,#5383,.T.);
#7271=ORIENTED_EDGE('',*,*,#5385,.F.);
#7272=ORIENTED_EDGE('',*,*,#5296,.F.);
#7273=ORIENTED_EDGE('',*,*,#5386,.T.);
#7274=ORIENTED_EDGE('',*,*,#5387,.T.);
#7275=ORIENTED_EDGE('',*,*,#5238,.T.);
#7276=ORIENTED_EDGE('',*,*,#5387,.F.);
#7277=ORIENTED_EDGE('',*,*,#5368,.F.);
#7278=ORIENTED_EDGE('',*,*,#5370,.T.);
#7279=ORIENTED_EDGE('',*,*,#5365,.T.);
#7280=ORIENTED_EDGE('',*,*,#5363,.T.);
#7281=ORIENTED_EDGE('',*,*,#5361,.T.);
#7282=ORIENTED_EDGE('',*,*,#5358,.T.);
#7283=ORIENTED_EDGE('',*,*,#5355,.T.);
#7284=ORIENTED_EDGE('',*,*,#5352,.T.);
#7285=ORIENTED_EDGE('',*,*,#5338,.T.);
#7286=ORIENTED_EDGE('',*,*,#5342,.F.);
#7287=ORIENTED_EDGE('',*,*,#5345,.T.);
#7288=ORIENTED_EDGE('',*,*,#5348,.T.);
#7289=ORIENTED_EDGE('',*,*,#5350,.F.);
#7290=ORIENTED_EDGE('',*,*,#5325,.T.);
#7291=ORIENTED_EDGE('',*,*,#5333,.F.);
#7292=ORIENTED_EDGE('',*,*,#5335,.T.);
#7293=ORIENTED_EDGE('',*,*,#5321,.T.);
#7294=ORIENTED_EDGE('',*,*,#5318,.T.);
#7295=ORIENTED_EDGE('',*,*,#5315,.T.);
#7296=ORIENTED_EDGE('',*,*,#5312,.T.);
#7297=ORIENTED_EDGE('',*,*,#5309,.T.);
#7298=ORIENTED_EDGE('',*,*,#5306,.T.);
#7299=ORIENTED_EDGE('',*,*,#5303,.T.);
#7300=ORIENTED_EDGE('',*,*,#5300,.T.);
#7301=ORIENTED_EDGE('',*,*,#5297,.T.);
#7302=ORIENTED_EDGE('',*,*,#5385,.T.);
#7303=ORIENTED_EDGE('',*,*,#5382,.T.);
#7304=ORIENTED_EDGE('',*,*,#5378,.T.);
#7305=ORIENTED_EDGE('',*,*,#5380,.F.);
#7306=ORIENTED_EDGE('',*,*,#5372,.T.);
#7307=ORIENTED_EDGE('',*,*,#5375,.F.);
#7308=ORIENTED_EDGE('',*,*,#5376,.T.);
#7309=ORIENTED_EDGE('',*,*,#5388,.F.);
#7310=ORIENTED_EDGE('',*,*,#5389,.T.);
#7311=ORIENTED_EDGE('',*,*,#5390,.T.);
#7312=ORIENTED_EDGE('',*,*,#5391,.F.);
#7313=ORIENTED_EDGE('',*,*,#5386,.F.);
#7314=ORIENTED_EDGE('',*,*,#5129,.T.);
#7315=ORIENTED_EDGE('',*,*,#5392,.T.);
#7316=ORIENTED_EDGE('',*,*,#5393,.T.);
#7317=ORIENTED_EDGE('',*,*,#5392,.F.);
#7318=ORIENTED_EDGE('',*,*,#5394,.F.);
#7319=ORIENTED_EDGE('',*,*,#5393,.F.);
#7320=ORIENTED_EDGE('',*,*,#5388,.T.);
#7321=ORIENTED_EDGE('',*,*,#5395,.T.);
#7322=ORIENTED_EDGE('',*,*,#5396,.T.);
#7323=ORIENTED_EDGE('',*,*,#5397,.T.);
#7324=ORIENTED_EDGE('',*,*,#5395,.F.);
#7325=ORIENTED_EDGE('',*,*,#5396,.F.);
#7326=ORIENTED_EDGE('',*,*,#5397,.F.);
#7327=ORIENTED_EDGE('',*,*,#5398,.T.);
#7328=ORIENTED_EDGE('',*,*,#5394,.T.);
#7329=ORIENTED_EDGE('',*,*,#5398,.F.);
#7330=ORIENTED_EDGE('',*,*,#5391,.T.);
#7331=ORIENTED_EDGE('',*,*,#5399,.T.);
#7332=ORIENTED_EDGE('',*,*,#5400,.T.);
#7333=ORIENTED_EDGE('',*,*,#5401,.T.);
#7334=ORIENTED_EDGE('',*,*,#5399,.F.);
#7335=ORIENTED_EDGE('',*,*,#5400,.F.);
#7336=ORIENTED_EDGE('',*,*,#5401,.F.);
#7337=ORIENTED_EDGE('',*,*,#5402,.T.);
#7338=ORIENTED_EDGE('',*,*,#5403,.T.);
#7339=ORIENTED_EDGE('',*,*,#5402,.F.);
#7340=ORIENTED_EDGE('',*,*,#5125,.T.);
#7341=ORIENTED_EDGE('',*,*,#5404,.T.);
#7342=ORIENTED_EDGE('',*,*,#5405,.T.);
#7343=ORIENTED_EDGE('',*,*,#5404,.F.);
#7344=ORIENTED_EDGE('',*,*,#5403,.F.);
#7345=ORIENTED_EDGE('',*,*,#5405,.F.);
#7346=ORIENTED_EDGE('',*,*,#5100,.T.);
#7347=ORIENTED_EDGE('',*,*,#5406,.F.);
#7348=ORIENTED_EDGE('',*,*,#5354,.T.);
#7349=ORIENTED_EDGE('',*,*,#5407,.F.);
#7350=ORIENTED_EDGE('',*,*,#5097,.T.);
#7351=ORIENTED_EDGE('',*,*,#5407,.T.);
#7352=ORIENTED_EDGE('',*,*,#5357,.T.);
#7353=ORIENTED_EDGE('',*,*,#5408,.T.);
#7354=ORIENTED_EDGE('',*,*,#5094,.T.);
#7355=ORIENTED_EDGE('',*,*,#5090,.T.);
#7356=ORIENTED_EDGE('',*,*,#5408,.F.);
#7357=ORIENTED_EDGE('',*,*,#5360,.T.);
#7358=ORIENTED_EDGE('',*,*,#5187,.F.);
#7359=ORIENTED_EDGE('',*,*,#5130,.F.);
#7360=ORIENTED_EDGE('',*,*,#5111,.T.);
#7361=ORIENTED_EDGE('',*,*,#5294,.F.);
#7362=ORIENTED_EDGE('',*,*,#5095,.T.);
#7363=ORIENTED_EDGE('',*,*,#5271,.F.);
#7364=ORIENTED_EDGE('',*,*,#5168,.T.);
#7365=ORIENTED_EDGE('',*,*,#5381,.T.);
#7366=ORIENTED_EDGE('',*,*,#5409,.T.);
#7367=ORIENTED_EDGE('',*,*,#5269,.F.);
#7368=ORIENTED_EDGE('',*,*,#5409,.F.);
#7369=ORIENTED_EDGE('',*,*,#5384,.T.);
#7370=ORIENTED_EDGE('',*,*,#5410,.F.);
#7371=ORIENTED_EDGE('',*,*,#5058,.T.);
#7372=ORIENTED_EDGE('',*,*,#5411,.T.);
#7373=ORIENTED_EDGE('',*,*,#5223,.T.);
#7374=ORIENTED_EDGE('',*,*,#5412,.T.);
#7375=ORIENTED_EDGE('',*,*,#5050,.T.);
#7376=ORIENTED_EDGE('',*,*,#5289,.F.);
#7377=ORIENTED_EDGE('',*,*,#5224,.T.);
#7378=ORIENTED_EDGE('',*,*,#5411,.F.);
#7379=ORIENTED_EDGE('',*,*,#5057,.T.);
#7380=ORIENTED_EDGE('',*,*,#5054,.T.);
#7381=ORIENTED_EDGE('',*,*,#5059,.T.);
#7382=ORIENTED_EDGE('',*,*,#5412,.F.);
#7383=ORIENTED_EDGE('',*,*,#5222,.T.);
#7384=ORIENTED_EDGE('',*,*,#5239,.F.);
#7385=ORIENTED_EDGE('',*,*,#5413,.T.);
#7386=ORIENTED_EDGE('',*,*,#5104,.T.);
#7387=ORIENTED_EDGE('',*,*,#5413,.F.);
#7388=ORIENTED_EDGE('',*,*,#5241,.F.);
#7389=ORIENTED_EDGE('',*,*,#5414,.F.);
#7390=ORIENTED_EDGE('',*,*,#5327,.T.);
#7391=ORIENTED_EDGE('',*,*,#5349,.T.);
#7392=ORIENTED_EDGE('',*,*,#5346,.T.);
#7393=ORIENTED_EDGE('',*,*,#5343,.T.);
#7394=ORIENTED_EDGE('',*,*,#5340,.T.);
#7395=ORIENTED_EDGE('',*,*,#5336,.T.);
#7396=ORIENTED_EDGE('',*,*,#5415,.F.);
#7397=ORIENTED_EDGE('',*,*,#5267,.F.);
#7398=ORIENTED_EDGE('',*,*,#5410,.T.);
#7399=ORIENTED_EDGE('',*,*,#5295,.T.);
#7400=ORIENTED_EDGE('',*,*,#5416,.T.);
#7401=ORIENTED_EDGE('',*,*,#5265,.F.);
#7402=ORIENTED_EDGE('',*,*,#5416,.F.);
#7403=ORIENTED_EDGE('',*,*,#5299,.T.);
#7404=ORIENTED_EDGE('',*,*,#5417,.F.);
#7405=ORIENTED_EDGE('',*,*,#5255,.F.);
#7406=ORIENTED_EDGE('',*,*,#5418,.T.);
#7407=ORIENTED_EDGE('',*,*,#5314,.T.);
#7408=ORIENTED_EDGE('',*,*,#5419,.T.);
#7409=ORIENTED_EDGE('',*,*,#5253,.F.);
#7410=ORIENTED_EDGE('',*,*,#5419,.F.);
#7411=ORIENTED_EDGE('',*,*,#5317,.T.);
#7412=ORIENTED_EDGE('',*,*,#5420,.F.);
#7413=ORIENTED_EDGE('',*,*,#5247,.F.);
#7414=ORIENTED_EDGE('',*,*,#5421,.T.);
#7415=ORIENTED_EDGE('',*,*,#5330,.T.);
#7416=ORIENTED_EDGE('',*,*,#5422,.T.);
#7417=ORIENTED_EDGE('',*,*,#5245,.F.);
#7418=ORIENTED_EDGE('',*,*,#5422,.F.);
#7419=ORIENTED_EDGE('',*,*,#5329,.T.);
#7420=ORIENTED_EDGE('',*,*,#5423,.F.);
#7421=ORIENTED_EDGE('',*,*,#5263,.F.);
#7422=ORIENTED_EDGE('',*,*,#5417,.T.);
#7423=ORIENTED_EDGE('',*,*,#5302,.T.);
#7424=ORIENTED_EDGE('',*,*,#5424,.T.);
#7425=ORIENTED_EDGE('',*,*,#5261,.F.);
#7426=ORIENTED_EDGE('',*,*,#5424,.F.);
#7427=ORIENTED_EDGE('',*,*,#5305,.T.);
#7428=ORIENTED_EDGE('',*,*,#5425,.F.);
#7429=ORIENTED_EDGE('',*,*,#5259,.F.);
#7430=ORIENTED_EDGE('',*,*,#5425,.T.);
#7431=ORIENTED_EDGE('',*,*,#5308,.T.);
#7432=ORIENTED_EDGE('',*,*,#5426,.T.);
#7433=ORIENTED_EDGE('',*,*,#5257,.F.);
#7434=ORIENTED_EDGE('',*,*,#5426,.F.);
#7435=ORIENTED_EDGE('',*,*,#5311,.T.);
#7436=ORIENTED_EDGE('',*,*,#5418,.F.);
#7437=ORIENTED_EDGE('',*,*,#5251,.F.);
#7438=ORIENTED_EDGE('',*,*,#5420,.T.);
#7439=ORIENTED_EDGE('',*,*,#5320,.T.);
#7440=ORIENTED_EDGE('',*,*,#5427,.T.);
#7441=ORIENTED_EDGE('',*,*,#5249,.F.);
#7442=ORIENTED_EDGE('',*,*,#5427,.F.);
#7443=ORIENTED_EDGE('',*,*,#5334,.T.);
#7444=ORIENTED_EDGE('',*,*,#5331,.T.);
#7445=ORIENTED_EDGE('',*,*,#5323,.T.);
#7446=ORIENTED_EDGE('',*,*,#5421,.F.);
#7447=ORIENTED_EDGE('',*,*,#5243,.F.);
#7448=ORIENTED_EDGE('',*,*,#5423,.T.);
#7449=ORIENTED_EDGE('',*,*,#5328,.T.);
#7450=ORIENTED_EDGE('',*,*,#5414,.T.);
#7451=ORIENTED_EDGE('',*,*,#5101,.T.);
#7452=ORIENTED_EDGE('',*,*,#5415,.T.);
#7453=ORIENTED_EDGE('',*,*,#5351,.T.);
#7454=ORIENTED_EDGE('',*,*,#5406,.T.);
#7455=ORIENTED_EDGE('',*,*,#5390,.F.);
#7456=ORIENTED_EDGE('',*,*,#5428,.T.);
#7457=ORIENTED_EDGE('',*,*,#5194,.F.);
#7458=ORIENTED_EDGE('',*,*,#5195,.F.);
#7459=ORIENTED_EDGE('',*,*,#5428,.F.);
#7460=ORIENTED_EDGE('',*,*,#5389,.F.);
#7461=ORIENTED_EDGE('',*,*,#5429,.T.);
#7462=ORIENTED_EDGE('',*,*,#5277,.F.);
#7463=ORIENTED_EDGE('',*,*,#5278,.F.);
#7464=ORIENTED_EDGE('',*,*,#5429,.F.);
#7465=ORIENTED_EDGE('',*,*,#5430,.F.);
#7466=ORIENTED_EDGE('',*,*,#5431,.F.);
#7467=ORIENTED_EDGE('',*,*,#5432,.T.);
#7468=ORIENTED_EDGE('',*,*,#5433,.T.);
#7469=ORIENTED_EDGE('',*,*,#5434,.F.);
#7470=ORIENTED_EDGE('',*,*,#5435,.F.);
#7471=ORIENTED_EDGE('',*,*,#5436,.F.);
#7472=ORIENTED_EDGE('',*,*,#5437,.T.);
#7473=ORIENTED_EDGE('',*,*,#5438,.F.);
#7474=ORIENTED_EDGE('',*,*,#5439,.F.);
#7475=ORIENTED_EDGE('',*,*,#5440,.F.);
#7476=ORIENTED_EDGE('',*,*,#5441,.F.);
#7477=ORIENTED_EDGE('',*,*,#5442,.F.);
#7478=ORIENTED_EDGE('',*,*,#5443,.F.);
#7479=ORIENTED_EDGE('',*,*,#5444,.F.);
#7480=ORIENTED_EDGE('',*,*,#5445,.F.);
#7481=ORIENTED_EDGE('',*,*,#5446,.T.);
#7482=ORIENTED_EDGE('',*,*,#5447,.T.);
#7483=ORIENTED_EDGE('',*,*,#5437,.F.);
#7484=ORIENTED_EDGE('',*,*,#5448,.F.);
#7485=ORIENTED_EDGE('',*,*,#5434,.T.);
#7486=ORIENTED_EDGE('',*,*,#5449,.F.);
#7487=ORIENTED_EDGE('',*,*,#5446,.F.);
#7488=ORIENTED_EDGE('',*,*,#5450,.F.);
#7489=ORIENTED_EDGE('',*,*,#5439,.T.);
#7490=ORIENTED_EDGE('',*,*,#5451,.F.);
#7491=ORIENTED_EDGE('',*,*,#5452,.F.);
#7492=ORIENTED_EDGE('',*,*,#5453,.F.);
#7493=ORIENTED_EDGE('',*,*,#5454,.F.);
#7494=ORIENTED_EDGE('',*,*,#5452,.T.);
#7495=ORIENTED_EDGE('',*,*,#5455,.T.);
#7496=ORIENTED_EDGE('',*,*,#5456,.F.);
#7497=ORIENTED_EDGE('',*,*,#5457,.F.);
#7498=ORIENTED_EDGE('',*,*,#5458,.F.);
#7499=ORIENTED_EDGE('',*,*,#5456,.T.);
#7500=ORIENTED_EDGE('',*,*,#5459,.F.);
#7501=ORIENTED_EDGE('',*,*,#5460,.F.);
#7502=ORIENTED_EDGE('',*,*,#5461,.F.);
#7503=ORIENTED_EDGE('',*,*,#5460,.T.);
#7504=ORIENTED_EDGE('',*,*,#5462,.F.);
#7505=ORIENTED_EDGE('',*,*,#5463,.F.);
#7506=ORIENTED_EDGE('',*,*,#5464,.F.);
#7507=ORIENTED_EDGE('',*,*,#5463,.T.);
#7508=ORIENTED_EDGE('',*,*,#5465,.F.);
#7509=ORIENTED_EDGE('',*,*,#5466,.F.);
#7510=ORIENTED_EDGE('',*,*,#5467,.F.);
#7511=ORIENTED_EDGE('',*,*,#5468,.F.);
#7512=ORIENTED_EDGE('',*,*,#5469,.T.);
#7513=ORIENTED_EDGE('',*,*,#5470,.F.);
#7514=ORIENTED_EDGE('',*,*,#5471,.F.);
#7515=ORIENTED_EDGE('',*,*,#5472,.F.);
#7516=ORIENTED_EDGE('',*,*,#5473,.F.);
#7517=ORIENTED_EDGE('',*,*,#5466,.T.);
#7518=ORIENTED_EDGE('',*,*,#5474,.F.);
#7519=ORIENTED_EDGE('',*,*,#5468,.T.);
#7520=ORIENTED_EDGE('',*,*,#5475,.F.);
#7521=ORIENTED_EDGE('',*,*,#5470,.T.);
#7522=ORIENTED_EDGE('',*,*,#5476,.F.);
#7523=ORIENTED_EDGE('',*,*,#5432,.F.);
#7524=ORIENTED_EDGE('',*,*,#5477,.T.);
#7525=ORIENTED_EDGE('',*,*,#5478,.T.);
#7526=ORIENTED_EDGE('',*,*,#5479,.T.);
#7527=ORIENTED_EDGE('',*,*,#5480,.T.);
#7528=ORIENTED_EDGE('',*,*,#5481,.T.);
#7529=ORIENTED_EDGE('',*,*,#5482,.T.);
#7530=ORIENTED_EDGE('',*,*,#5479,.F.);
#7531=ORIENTED_EDGE('',*,*,#5483,.T.);
#7532=ORIENTED_EDGE('',*,*,#5484,.T.);
#7533=ORIENTED_EDGE('',*,*,#5485,.T.);
#7534=ORIENTED_EDGE('',*,*,#5481,.F.);
#7535=ORIENTED_EDGE('',*,*,#5486,.T.);
#7536=ORIENTED_EDGE('',*,*,#5487,.T.);
#7537=ORIENTED_EDGE('',*,*,#5488,.T.);
#7538=ORIENTED_EDGE('',*,*,#5484,.F.);
#7539=ORIENTED_EDGE('',*,*,#5489,.T.);
#7540=ORIENTED_EDGE('',*,*,#5490,.T.);
#7541=ORIENTED_EDGE('',*,*,#5491,.T.);
#7542=ORIENTED_EDGE('',*,*,#5487,.F.);
#7543=ORIENTED_EDGE('',*,*,#5492,.T.);
#7544=ORIENTED_EDGE('',*,*,#5493,.T.);
#7545=ORIENTED_EDGE('',*,*,#5494,.T.);
#7546=ORIENTED_EDGE('',*,*,#5490,.F.);
#7547=ORIENTED_EDGE('',*,*,#5495,.T.);
#7548=ORIENTED_EDGE('',*,*,#5496,.T.);
#7549=ORIENTED_EDGE('',*,*,#5497,.T.);
#7550=ORIENTED_EDGE('',*,*,#5493,.F.);
#7551=ORIENTED_EDGE('',*,*,#5498,.T.);
#7552=ORIENTED_EDGE('',*,*,#5499,.T.);
#7553=ORIENTED_EDGE('',*,*,#5500,.T.);
#7554=ORIENTED_EDGE('',*,*,#5496,.F.);
#7555=ORIENTED_EDGE('',*,*,#5501,.T.);
#7556=ORIENTED_EDGE('',*,*,#5502,.T.);
#7557=ORIENTED_EDGE('',*,*,#5503,.T.);
#7558=ORIENTED_EDGE('',*,*,#5499,.F.);
#7559=ORIENTED_EDGE('',*,*,#5504,.T.);
#7560=ORIENTED_EDGE('',*,*,#5505,.T.);
#7561=ORIENTED_EDGE('',*,*,#5506,.T.);
#7562=ORIENTED_EDGE('',*,*,#5502,.F.);
#7563=ORIENTED_EDGE('',*,*,#5507,.T.);
#7564=ORIENTED_EDGE('',*,*,#5508,.T.);
#7565=ORIENTED_EDGE('',*,*,#5509,.T.);
#7566=ORIENTED_EDGE('',*,*,#5505,.F.);
#7567=ORIENTED_EDGE('',*,*,#5510,.T.);
#7568=ORIENTED_EDGE('',*,*,#5511,.T.);
#7569=ORIENTED_EDGE('',*,*,#5512,.T.);
#7570=ORIENTED_EDGE('',*,*,#5508,.F.);
#7571=ORIENTED_EDGE('',*,*,#5513,.T.);
#7572=ORIENTED_EDGE('',*,*,#5514,.T.);
#7573=ORIENTED_EDGE('',*,*,#5515,.T.);
#7574=ORIENTED_EDGE('',*,*,#5511,.F.);
#7575=ORIENTED_EDGE('',*,*,#5516,.T.);
#7576=ORIENTED_EDGE('',*,*,#5517,.T.);
#7577=ORIENTED_EDGE('',*,*,#5518,.T.);
#7578=ORIENTED_EDGE('',*,*,#5514,.F.);
#7579=ORIENTED_EDGE('',*,*,#5519,.T.);
#7580=ORIENTED_EDGE('',*,*,#5520,.T.);
#7581=ORIENTED_EDGE('',*,*,#5521,.T.);
#7582=ORIENTED_EDGE('',*,*,#5517,.F.);
#7583=ORIENTED_EDGE('',*,*,#5522,.T.);
#7584=ORIENTED_EDGE('',*,*,#5523,.T.);
#7585=ORIENTED_EDGE('',*,*,#5524,.T.);
#7586=ORIENTED_EDGE('',*,*,#5520,.F.);
#7587=ORIENTED_EDGE('',*,*,#5525,.T.);
#7588=ORIENTED_EDGE('',*,*,#5526,.T.);
#7589=ORIENTED_EDGE('',*,*,#5527,.T.);
#7590=ORIENTED_EDGE('',*,*,#5523,.F.);
#7591=ORIENTED_EDGE('',*,*,#5528,.T.);
#7592=ORIENTED_EDGE('',*,*,#5529,.T.);
#7593=ORIENTED_EDGE('',*,*,#5528,.F.);
#7594=ORIENTED_EDGE('',*,*,#5530,.T.);
#7595=ORIENTED_EDGE('',*,*,#5531,.F.);
#7596=ORIENTED_EDGE('',*,*,#5532,.F.);
#7597=ORIENTED_EDGE('',*,*,#5533,.F.);
#7598=ORIENTED_EDGE('',*,*,#5534,.T.);
#7599=ORIENTED_EDGE('',*,*,#5535,.F.);
#7600=ORIENTED_EDGE('',*,*,#5525,.F.);
#7601=ORIENTED_EDGE('',*,*,#5536,.F.);
#7602=ORIENTED_EDGE('',*,*,#5537,.F.);
#7603=ORIENTED_EDGE('',*,*,#5530,.F.);
#7604=ORIENTED_EDGE('',*,*,#5522,.F.);
#7605=ORIENTED_EDGE('',*,*,#5538,.T.);
#7606=ORIENTED_EDGE('',*,*,#5539,.F.);
#7607=ORIENTED_EDGE('',*,*,#5536,.T.);
#7608=ORIENTED_EDGE('',*,*,#5519,.F.);
#7609=ORIENTED_EDGE('',*,*,#5540,.F.);
#7610=ORIENTED_EDGE('',*,*,#5541,.F.);
#7611=ORIENTED_EDGE('',*,*,#5538,.F.);
#7612=ORIENTED_EDGE('',*,*,#5516,.F.);
#7613=ORIENTED_EDGE('',*,*,#5542,.T.);
#7614=ORIENTED_EDGE('',*,*,#5543,.F.);
#7615=ORIENTED_EDGE('',*,*,#5540,.T.);
#7616=ORIENTED_EDGE('',*,*,#5513,.F.);
#7617=ORIENTED_EDGE('',*,*,#5544,.F.);
#7618=ORIENTED_EDGE('',*,*,#5545,.F.);
#7619=ORIENTED_EDGE('',*,*,#5542,.F.);
#7620=ORIENTED_EDGE('',*,*,#5510,.F.);
#7621=ORIENTED_EDGE('',*,*,#5546,.T.);
#7622=ORIENTED_EDGE('',*,*,#5547,.F.);
#7623=ORIENTED_EDGE('',*,*,#5544,.T.);
#7624=ORIENTED_EDGE('',*,*,#5507,.F.);
#7625=ORIENTED_EDGE('',*,*,#5548,.F.);
#7626=ORIENTED_EDGE('',*,*,#5549,.F.);
#7627=ORIENTED_EDGE('',*,*,#5546,.F.);
#7628=ORIENTED_EDGE('',*,*,#5504,.F.);
#7629=ORIENTED_EDGE('',*,*,#5550,.T.);
#7630=ORIENTED_EDGE('',*,*,#5551,.F.);
#7631=ORIENTED_EDGE('',*,*,#5548,.T.);
#7632=ORIENTED_EDGE('',*,*,#5501,.F.);
#7633=ORIENTED_EDGE('',*,*,#5552,.F.);
#7634=ORIENTED_EDGE('',*,*,#5553,.F.);
#7635=ORIENTED_EDGE('',*,*,#5550,.F.);
#7636=ORIENTED_EDGE('',*,*,#5498,.F.);
#7637=ORIENTED_EDGE('',*,*,#5554,.T.);
#7638=ORIENTED_EDGE('',*,*,#5555,.F.);
#7639=ORIENTED_EDGE('',*,*,#5552,.T.);
#7640=ORIENTED_EDGE('',*,*,#5495,.F.);
#7641=ORIENTED_EDGE('',*,*,#5556,.F.);
#7642=ORIENTED_EDGE('',*,*,#5557,.F.);
#7643=ORIENTED_EDGE('',*,*,#5554,.F.);
#7644=ORIENTED_EDGE('',*,*,#5492,.F.);
#7645=ORIENTED_EDGE('',*,*,#5558,.T.);
#7646=ORIENTED_EDGE('',*,*,#5559,.F.);
#7647=ORIENTED_EDGE('',*,*,#5560,.F.);
#7648=ORIENTED_EDGE('',*,*,#5561,.F.);
#7649=ORIENTED_EDGE('',*,*,#5556,.T.);
#7650=ORIENTED_EDGE('',*,*,#5489,.F.);
#7651=ORIENTED_EDGE('',*,*,#5562,.F.);
#7652=ORIENTED_EDGE('',*,*,#5563,.F.);
#7653=ORIENTED_EDGE('',*,*,#5558,.F.);
#7654=ORIENTED_EDGE('',*,*,#5486,.F.);
#7655=ORIENTED_EDGE('',*,*,#5564,.T.);
#7656=ORIENTED_EDGE('',*,*,#5565,.F.);
#7657=ORIENTED_EDGE('',*,*,#5562,.T.);
#7658=ORIENTED_EDGE('',*,*,#5483,.F.);
#7659=ORIENTED_EDGE('',*,*,#5566,.F.);
#7660=ORIENTED_EDGE('',*,*,#5567,.F.);
#7661=ORIENTED_EDGE('',*,*,#5564,.F.);
#7662=ORIENTED_EDGE('',*,*,#5568,.F.);
#7663=ORIENTED_EDGE('',*,*,#5569,.F.);
#7664=ORIENTED_EDGE('',*,*,#5570,.F.);
#7665=ORIENTED_EDGE('',*,*,#5571,.F.);
#7666=ORIENTED_EDGE('',*,*,#5572,.F.);
#7667=ORIENTED_EDGE('',*,*,#5573,.F.);
#7668=ORIENTED_EDGE('',*,*,#5566,.T.);
#7669=ORIENTED_EDGE('',*,*,#5478,.F.);
#7670=ORIENTED_EDGE('',*,*,#5574,.T.);
#7671=ORIENTED_EDGE('',*,*,#5442,.T.);
#7672=ORIENTED_EDGE('',*,*,#5575,.T.);
#7673=ORIENTED_EDGE('',*,*,#5576,.T.);
#7674=ORIENTED_EDGE('',*,*,#5577,.T.);
#7675=ORIENTED_EDGE('',*,*,#5578,.T.);
#7676=ORIENTED_EDGE('',*,*,#5579,.T.);
#7677=ORIENTED_EDGE('',*,*,#5578,.F.);
#7678=ORIENTED_EDGE('',*,*,#5527,.F.);
#7679=ORIENTED_EDGE('',*,*,#5580,.T.);
#7680=ORIENTED_EDGE('',*,*,#5581,.T.);
#7681=ORIENTED_EDGE('',*,*,#5582,.T.);
#7682=ORIENTED_EDGE('',*,*,#5583,.T.);
#7683=ORIENTED_EDGE('',*,*,#5584,.T.);
#7684=ORIENTED_EDGE('',*,*,#5585,.T.);
#7685=ORIENTED_EDGE('',*,*,#5586,.F.);
#7686=ORIENTED_EDGE('',*,*,#5587,.T.);
#7687=ORIENTED_EDGE('',*,*,#5588,.T.);
#7688=ORIENTED_EDGE('',*,*,#5589,.T.);
#7689=ORIENTED_EDGE('',*,*,#5480,.F.);
#7690=ORIENTED_EDGE('',*,*,#5482,.F.);
#7691=ORIENTED_EDGE('',*,*,#5485,.F.);
#7692=ORIENTED_EDGE('',*,*,#5488,.F.);
#7693=ORIENTED_EDGE('',*,*,#5491,.F.);
#7694=ORIENTED_EDGE('',*,*,#5494,.F.);
#7695=ORIENTED_EDGE('',*,*,#5497,.F.);
#7696=ORIENTED_EDGE('',*,*,#5500,.F.);
#7697=ORIENTED_EDGE('',*,*,#5503,.F.);
#7698=ORIENTED_EDGE('',*,*,#5506,.F.);
#7699=ORIENTED_EDGE('',*,*,#5509,.F.);
#7700=ORIENTED_EDGE('',*,*,#5512,.F.);
#7701=ORIENTED_EDGE('',*,*,#5515,.F.);
#7702=ORIENTED_EDGE('',*,*,#5518,.F.);
#7703=ORIENTED_EDGE('',*,*,#5521,.F.);
#7704=ORIENTED_EDGE('',*,*,#5524,.F.);
#7705=ORIENTED_EDGE('',*,*,#5579,.F.);
#7706=ORIENTED_EDGE('',*,*,#5576,.F.);
#7707=ORIENTED_EDGE('',*,*,#5577,.F.);
#7708=ORIENTED_EDGE('',*,*,#5590,.T.);
#7709=ORIENTED_EDGE('',*,*,#5591,.F.);
#7710=ORIENTED_EDGE('',*,*,#5590,.F.);
#7711=ORIENTED_EDGE('',*,*,#5592,.T.);
#7712=ORIENTED_EDGE('',*,*,#5593,.T.);
#7713=ORIENTED_EDGE('',*,*,#5594,.T.);
#7714=ORIENTED_EDGE('',*,*,#5593,.F.);
#7715=ORIENTED_EDGE('',*,*,#5594,.F.);
#7716=ORIENTED_EDGE('',*,*,#5595,.T.);
#7717=ORIENTED_EDGE('',*,*,#5596,.T.);
#7718=ORIENTED_EDGE('',*,*,#5595,.F.);
#7719=ORIENTED_EDGE('',*,*,#5591,.T.);
#7720=ORIENTED_EDGE('',*,*,#5592,.F.);
#7721=ORIENTED_EDGE('',*,*,#5597,.T.);
#7722=ORIENTED_EDGE('',*,*,#5598,.T.);
#7723=ORIENTED_EDGE('',*,*,#5599,.T.);
#7724=ORIENTED_EDGE('',*,*,#5598,.F.);
#7725=ORIENTED_EDGE('',*,*,#5600,.F.);
#7726=ORIENTED_EDGE('',*,*,#5599,.F.);
#7727=ORIENTED_EDGE('',*,*,#5597,.F.);
#7728=ORIENTED_EDGE('',*,*,#5601,.T.);
#7729=ORIENTED_EDGE('',*,*,#5602,.F.);
#7730=ORIENTED_EDGE('',*,*,#5603,.F.);
#7731=ORIENTED_EDGE('',*,*,#5601,.F.);
#7732=ORIENTED_EDGE('',*,*,#5604,.T.);
#7733=ORIENTED_EDGE('',*,*,#5605,.T.);
#7734=ORIENTED_EDGE('',*,*,#5606,.T.);
#7735=ORIENTED_EDGE('',*,*,#5605,.F.);
#7736=ORIENTED_EDGE('',*,*,#5607,.T.);
#7737=ORIENTED_EDGE('',*,*,#5604,.F.);
#7738=ORIENTED_EDGE('',*,*,#5606,.F.);
#7739=ORIENTED_EDGE('',*,*,#5608,.T.);
#7740=ORIENTED_EDGE('',*,*,#5609,.F.);
#7741=ORIENTED_EDGE('',*,*,#5610,.F.);
#7742=ORIENTED_EDGE('',*,*,#5608,.F.);
#7743=ORIENTED_EDGE('',*,*,#5611,.T.);
#7744=ORIENTED_EDGE('',*,*,#5612,.T.);
#7745=ORIENTED_EDGE('',*,*,#5613,.T.);
#7746=ORIENTED_EDGE('',*,*,#5614,.T.);
#7747=ORIENTED_EDGE('',*,*,#5613,.F.);
#7748=ORIENTED_EDGE('',*,*,#5455,.F.);
#7749=ORIENTED_EDGE('',*,*,#5451,.T.);
#7750=ORIENTED_EDGE('',*,*,#5438,.T.);
#7751=ORIENTED_EDGE('',*,*,#5447,.F.);
#7752=ORIENTED_EDGE('',*,*,#5449,.T.);
#7753=ORIENTED_EDGE('',*,*,#5433,.F.);
#7754=ORIENTED_EDGE('',*,*,#5476,.T.);
#7755=ORIENTED_EDGE('',*,*,#5469,.F.);
#7756=ORIENTED_EDGE('',*,*,#5474,.T.);
#7757=ORIENTED_EDGE('',*,*,#5465,.T.);
#7758=ORIENTED_EDGE('',*,*,#5462,.T.);
#7759=ORIENTED_EDGE('',*,*,#5459,.T.);
#7760=ORIENTED_EDGE('',*,*,#5615,.F.);
#7761=ORIENTED_EDGE('',*,*,#5614,.F.);
#7762=ORIENTED_EDGE('',*,*,#5611,.F.);
#7763=ORIENTED_EDGE('',*,*,#5612,.F.);
#7764=ORIENTED_EDGE('',*,*,#5616,.T.);
#7765=ORIENTED_EDGE('',*,*,#5607,.F.);
#7766=ORIENTED_EDGE('',*,*,#5616,.F.);
#7767=ORIENTED_EDGE('',*,*,#5615,.T.);
#7768=ORIENTED_EDGE('',*,*,#5617,.T.);
#7769=ORIENTED_EDGE('',*,*,#5618,.T.);
#7770=ORIENTED_EDGE('',*,*,#5619,.T.);
#7771=ORIENTED_EDGE('',*,*,#5617,.F.);
#7772=ORIENTED_EDGE('',*,*,#5618,.F.);
#7773=ORIENTED_EDGE('',*,*,#5619,.F.);
#7774=ORIENTED_EDGE('',*,*,#5620,.T.);
#7775=ORIENTED_EDGE('',*,*,#5600,.T.);
#7776=ORIENTED_EDGE('',*,*,#5620,.F.);
#7777=ORIENTED_EDGE('',*,*,#5621,.T.);
#7778=ORIENTED_EDGE('',*,*,#5622,.T.);
#7779=ORIENTED_EDGE('',*,*,#5623,.T.);
#7780=ORIENTED_EDGE('',*,*,#5622,.F.);
#7781=ORIENTED_EDGE('',*,*,#5624,.F.);
#7782=ORIENTED_EDGE('',*,*,#5625,.F.);
#7783=ORIENTED_EDGE('',*,*,#5626,.F.);
#7784=ORIENTED_EDGE('',*,*,#5627,.F.);
#7785=ORIENTED_EDGE('',*,*,#5628,.F.);
#7786=ORIENTED_EDGE('',*,*,#5629,.F.);
#7787=ORIENTED_EDGE('',*,*,#5630,.F.);
#7788=ORIENTED_EDGE('',*,*,#5631,.F.);
#7789=ORIENTED_EDGE('',*,*,#5632,.F.);
#7790=ORIENTED_EDGE('',*,*,#5633,.F.);
#7791=ORIENTED_EDGE('',*,*,#5634,.F.);
#7792=ORIENTED_EDGE('',*,*,#5635,.F.);
#7793=ORIENTED_EDGE('',*,*,#5636,.T.);
#7794=ORIENTED_EDGE('',*,*,#5637,.F.);
#7795=ORIENTED_EDGE('',*,*,#5638,.F.);
#7796=ORIENTED_EDGE('',*,*,#5621,.F.);
#7797=ORIENTED_EDGE('',*,*,#5623,.F.);
#7798=ORIENTED_EDGE('',*,*,#5639,.T.);
#7799=ORIENTED_EDGE('',*,*,#5640,.T.);
#7800=ORIENTED_EDGE('',*,*,#5639,.F.);
#7801=ORIENTED_EDGE('',*,*,#5638,.T.);
#7802=ORIENTED_EDGE('',*,*,#5641,.T.);
#7803=ORIENTED_EDGE('',*,*,#5642,.T.);
#7804=ORIENTED_EDGE('',*,*,#5641,.F.);
#7805=ORIENTED_EDGE('',*,*,#5642,.F.);
#7806=ORIENTED_EDGE('',*,*,#5643,.T.);
#7807=ORIENTED_EDGE('',*,*,#5644,.T.);
#7808=ORIENTED_EDGE('',*,*,#5643,.F.);
#7809=ORIENTED_EDGE('',*,*,#5645,.T.);
#7810=ORIENTED_EDGE('',*,*,#5635,.T.);
#7811=ORIENTED_EDGE('',*,*,#5646,.T.);
#7812=ORIENTED_EDGE('',*,*,#5647,.T.);
#7813=ORIENTED_EDGE('',*,*,#5646,.F.);
#7814=ORIENTED_EDGE('',*,*,#5634,.T.);
#7815=ORIENTED_EDGE('',*,*,#5648,.T.);
#7816=ORIENTED_EDGE('',*,*,#5649,.T.);
#7817=ORIENTED_EDGE('',*,*,#5648,.F.);
#7818=ORIENTED_EDGE('',*,*,#5633,.T.);
#7819=ORIENTED_EDGE('',*,*,#5650,.T.);
#7820=ORIENTED_EDGE('',*,*,#5651,.T.);
#7821=ORIENTED_EDGE('',*,*,#5650,.F.);
#7822=ORIENTED_EDGE('',*,*,#5632,.T.);
#7823=ORIENTED_EDGE('',*,*,#5652,.T.);
#7824=ORIENTED_EDGE('',*,*,#5653,.T.);
#7825=ORIENTED_EDGE('',*,*,#5652,.F.);
#7826=ORIENTED_EDGE('',*,*,#5631,.T.);
#7827=ORIENTED_EDGE('',*,*,#5654,.T.);
#7828=ORIENTED_EDGE('',*,*,#5655,.T.);
#7829=ORIENTED_EDGE('',*,*,#5654,.F.);
#7830=ORIENTED_EDGE('',*,*,#5630,.T.);
#7831=ORIENTED_EDGE('',*,*,#5656,.T.);
#7832=ORIENTED_EDGE('',*,*,#5657,.T.);
#7833=ORIENTED_EDGE('',*,*,#5656,.F.);
#7834=ORIENTED_EDGE('',*,*,#5629,.T.);
#7835=ORIENTED_EDGE('',*,*,#5658,.T.);
#7836=ORIENTED_EDGE('',*,*,#5659,.T.);
#7837=ORIENTED_EDGE('',*,*,#5658,.F.);
#7838=ORIENTED_EDGE('',*,*,#5628,.T.);
#7839=ORIENTED_EDGE('',*,*,#5660,.T.);
#7840=ORIENTED_EDGE('',*,*,#5661,.T.);
#7841=ORIENTED_EDGE('',*,*,#5660,.F.);
#7842=ORIENTED_EDGE('',*,*,#5627,.T.);
#7843=ORIENTED_EDGE('',*,*,#5662,.T.);
#7844=ORIENTED_EDGE('',*,*,#5535,.T.);
#7845=ORIENTED_EDGE('',*,*,#5662,.F.);
#7846=ORIENTED_EDGE('',*,*,#5626,.T.);
#7847=ORIENTED_EDGE('',*,*,#5663,.T.);
#7848=ORIENTED_EDGE('',*,*,#5664,.T.);
#7849=ORIENTED_EDGE('',*,*,#5663,.F.);
#7850=ORIENTED_EDGE('',*,*,#5625,.T.);
#7851=ORIENTED_EDGE('',*,*,#5665,.T.);
#7852=ORIENTED_EDGE('',*,*,#5666,.T.);
#7853=ORIENTED_EDGE('',*,*,#5667,.T.);
#7854=ORIENTED_EDGE('',*,*,#5668,.T.);
#7855=ORIENTED_EDGE('',*,*,#5665,.F.);
#7856=ORIENTED_EDGE('',*,*,#5624,.T.);
#7857=ORIENTED_EDGE('',*,*,#5458,.T.);
#7858=ORIENTED_EDGE('',*,*,#5669,.T.);
#7859=ORIENTED_EDGE('',*,*,#5636,.F.);
#7860=ORIENTED_EDGE('',*,*,#5645,.F.);
#7861=ORIENTED_EDGE('',*,*,#5670,.T.);
#7862=ORIENTED_EDGE('',*,*,#5671,.F.);
#7863=ORIENTED_EDGE('',*,*,#5672,.T.);
#7864=ORIENTED_EDGE('',*,*,#5457,.T.);
#7865=ORIENTED_EDGE('',*,*,#5461,.T.);
#7866=ORIENTED_EDGE('',*,*,#5673,.F.);
#7867=ORIENTED_EDGE('',*,*,#5667,.F.);
#7868=ORIENTED_EDGE('',*,*,#5637,.T.);
#7869=ORIENTED_EDGE('',*,*,#5669,.F.);
#7870=ORIENTED_EDGE('',*,*,#5582,.F.);
#7871=ORIENTED_EDGE('',*,*,#5674,.F.);
#7872=ORIENTED_EDGE('',*,*,#5668,.F.);
#7873=ORIENTED_EDGE('',*,*,#5673,.T.);
#7874=ORIENTED_EDGE('',*,*,#5464,.T.);
#7875=ORIENTED_EDGE('',*,*,#5675,.T.);
#7876=ORIENTED_EDGE('',*,*,#5467,.T.);
#7877=ORIENTED_EDGE('',*,*,#5676,.T.);
#7878=ORIENTED_EDGE('',*,*,#5583,.F.);
#7879=ORIENTED_EDGE('',*,*,#5675,.F.);
#7880=ORIENTED_EDGE('',*,*,#5473,.T.);
#7881=ORIENTED_EDGE('',*,*,#5472,.T.);
#7882=ORIENTED_EDGE('',*,*,#5677,.F.);
#7883=ORIENTED_EDGE('',*,*,#5584,.F.);
#7884=ORIENTED_EDGE('',*,*,#5676,.F.);
#7885=ORIENTED_EDGE('',*,*,#5431,.T.);
#7886=ORIENTED_EDGE('',*,*,#5678,.F.);
#7887=ORIENTED_EDGE('',*,*,#5585,.F.);
#7888=ORIENTED_EDGE('',*,*,#5677,.T.);
#7889=ORIENTED_EDGE('',*,*,#5471,.T.);
#7890=ORIENTED_EDGE('',*,*,#5475,.T.);
#7891=ORIENTED_EDGE('',*,*,#5430,.T.);
#7892=ORIENTED_EDGE('',*,*,#5679,.T.);
#7893=ORIENTED_EDGE('',*,*,#5586,.T.);
#7894=ORIENTED_EDGE('',*,*,#5678,.T.);
#7895=ORIENTED_EDGE('',*,*,#5436,.T.);
#7896=ORIENTED_EDGE('',*,*,#5680,.T.);
#7897=ORIENTED_EDGE('',*,*,#5587,.F.);
#7898=ORIENTED_EDGE('',*,*,#5679,.F.);
#7899=ORIENTED_EDGE('',*,*,#5435,.T.);
#7900=ORIENTED_EDGE('',*,*,#5448,.T.);
#7901=ORIENTED_EDGE('',*,*,#5445,.T.);
#7902=ORIENTED_EDGE('',*,*,#5541,.T.);
#7903=ORIENTED_EDGE('',*,*,#5681,.T.);
#7904=ORIENTED_EDGE('',*,*,#5682,.T.);
#7905=ORIENTED_EDGE('',*,*,#5683,.F.);
#7906=ORIENTED_EDGE('',*,*,#5543,.T.);
#7907=ORIENTED_EDGE('',*,*,#5684,.T.);
#7908=ORIENTED_EDGE('',*,*,#5685,.T.);
#7909=ORIENTED_EDGE('',*,*,#5681,.F.);
#7910=ORIENTED_EDGE('',*,*,#5545,.T.);
#7911=ORIENTED_EDGE('',*,*,#5686,.T.);
#7912=ORIENTED_EDGE('',*,*,#5687,.T.);
#7913=ORIENTED_EDGE('',*,*,#5684,.F.);
#7914=ORIENTED_EDGE('',*,*,#5547,.T.);
#7915=ORIENTED_EDGE('',*,*,#5688,.T.);
#7916=ORIENTED_EDGE('',*,*,#5689,.T.);
#7917=ORIENTED_EDGE('',*,*,#5686,.F.);
#7918=ORIENTED_EDGE('',*,*,#5549,.T.);
#7919=ORIENTED_EDGE('',*,*,#5690,.T.);
#7920=ORIENTED_EDGE('',*,*,#5691,.T.);
#7921=ORIENTED_EDGE('',*,*,#5688,.F.);
#7922=ORIENTED_EDGE('',*,*,#5551,.T.);
#7923=ORIENTED_EDGE('',*,*,#5692,.T.);
#7924=ORIENTED_EDGE('',*,*,#5693,.T.);
#7925=ORIENTED_EDGE('',*,*,#5690,.F.);
#7926=ORIENTED_EDGE('',*,*,#5553,.T.);
#7927=ORIENTED_EDGE('',*,*,#5694,.T.);
#7928=ORIENTED_EDGE('',*,*,#5695,.T.);
#7929=ORIENTED_EDGE('',*,*,#5692,.F.);
#7930=ORIENTED_EDGE('',*,*,#5555,.T.);
#7931=ORIENTED_EDGE('',*,*,#5696,.T.);
#7932=ORIENTED_EDGE('',*,*,#5697,.T.);
#7933=ORIENTED_EDGE('',*,*,#5694,.F.);
#7934=ORIENTED_EDGE('',*,*,#5557,.T.);
#7935=ORIENTED_EDGE('',*,*,#5698,.T.);
#7936=ORIENTED_EDGE('',*,*,#5699,.T.);
#7937=ORIENTED_EDGE('',*,*,#5696,.F.);
#7938=ORIENTED_EDGE('',*,*,#5559,.T.);
#7939=ORIENTED_EDGE('',*,*,#5563,.T.);
#7940=ORIENTED_EDGE('',*,*,#5565,.T.);
#7941=ORIENTED_EDGE('',*,*,#5567,.T.);
#7942=ORIENTED_EDGE('',*,*,#5573,.T.);
#7943=ORIENTED_EDGE('',*,*,#5700,.T.);
#7944=ORIENTED_EDGE('',*,*,#5701,.T.);
#7945=ORIENTED_EDGE('',*,*,#5702,.F.);
#7946=ORIENTED_EDGE('',*,*,#5560,.T.);
#7947=ORIENTED_EDGE('',*,*,#5702,.T.);
#7948=ORIENTED_EDGE('',*,*,#5703,.F.);
#7949=ORIENTED_EDGE('',*,*,#5704,.T.);
#7950=ORIENTED_EDGE('',*,*,#5561,.T.);
#7951=ORIENTED_EDGE('',*,*,#5704,.F.);
#7952=ORIENTED_EDGE('',*,*,#5705,.T.);
#7953=ORIENTED_EDGE('',*,*,#5698,.F.);
#7954=ORIENTED_EDGE('',*,*,#5568,.T.);
#7955=ORIENTED_EDGE('',*,*,#5706,.T.);
#7956=ORIENTED_EDGE('',*,*,#5707,.T.);
#7957=ORIENTED_EDGE('',*,*,#5708,.F.);
#7958=ORIENTED_EDGE('',*,*,#5569,.T.);
#7959=ORIENTED_EDGE('',*,*,#5708,.T.);
#7960=ORIENTED_EDGE('',*,*,#5709,.F.);
#7961=ORIENTED_EDGE('',*,*,#5710,.F.);
#7962=ORIENTED_EDGE('',*,*,#5570,.T.);
#7963=ORIENTED_EDGE('',*,*,#5710,.T.);
#7964=ORIENTED_EDGE('',*,*,#5711,.T.);
#7965=ORIENTED_EDGE('',*,*,#5712,.F.);
#7966=ORIENTED_EDGE('',*,*,#5571,.T.);
#7967=ORIENTED_EDGE('',*,*,#5712,.T.);
#7968=ORIENTED_EDGE('',*,*,#5713,.T.);
#7969=ORIENTED_EDGE('',*,*,#5714,.F.);
#7970=ORIENTED_EDGE('',*,*,#5572,.T.);
#7971=ORIENTED_EDGE('',*,*,#5714,.T.);
#7972=ORIENTED_EDGE('',*,*,#5715,.F.);
#7973=ORIENTED_EDGE('',*,*,#5700,.F.);
#7974=ORIENTED_EDGE('',*,*,#5716,.T.);
#7975=ORIENTED_EDGE('',*,*,#5717,.T.);
#7976=ORIENTED_EDGE('',*,*,#5718,.T.);
#7977=ORIENTED_EDGE('',*,*,#5706,.F.);
#7978=ORIENTED_EDGE('',*,*,#5719,.T.);
#7979=ORIENTED_EDGE('',*,*,#5720,.T.);
#7980=ORIENTED_EDGE('',*,*,#5721,.T.);
#7981=ORIENTED_EDGE('',*,*,#5717,.F.);
#7982=ORIENTED_EDGE('',*,*,#5722,.T.);
#7983=ORIENTED_EDGE('',*,*,#5723,.T.);
#7984=ORIENTED_EDGE('',*,*,#5724,.T.);
#7985=ORIENTED_EDGE('',*,*,#5720,.F.);
#7986=ORIENTED_EDGE('',*,*,#5671,.T.);
#7987=ORIENTED_EDGE('',*,*,#5725,.T.);
#7988=ORIENTED_EDGE('',*,*,#5726,.T.);
#7989=ORIENTED_EDGE('',*,*,#5723,.F.);
#7990=ORIENTED_EDGE('',*,*,#5727,.T.);
#7991=ORIENTED_EDGE('',*,*,#5728,.T.);
#7992=ORIENTED_EDGE('',*,*,#5729,.T.);
#7993=ORIENTED_EDGE('',*,*,#5725,.F.);
#7994=ORIENTED_EDGE('',*,*,#5730,.T.);
#7995=ORIENTED_EDGE('',*,*,#5731,.T.);
#7996=ORIENTED_EDGE('',*,*,#5732,.T.);
#7997=ORIENTED_EDGE('',*,*,#5728,.F.);
#7998=ORIENTED_EDGE('',*,*,#5733,.T.);
#7999=ORIENTED_EDGE('',*,*,#5734,.T.);
#8000=ORIENTED_EDGE('',*,*,#5735,.T.);
#8001=ORIENTED_EDGE('',*,*,#5736,.F.);
#8002=ORIENTED_EDGE('',*,*,#5737,.F.);
#8003=ORIENTED_EDGE('',*,*,#5738,.T.);
#8004=ORIENTED_EDGE('',*,*,#5737,.T.);
#8005=ORIENTED_EDGE('',*,*,#5739,.T.);
#8006=ORIENTED_EDGE('',*,*,#5731,.F.);
#8007=ORIENTED_EDGE('',*,*,#5740,.T.);
#8008=ORIENTED_EDGE('',*,*,#5741,.T.);
#8009=ORIENTED_EDGE('',*,*,#5742,.T.);
#8010=ORIENTED_EDGE('',*,*,#5743,.T.);
#8011=ORIENTED_EDGE('',*,*,#5533,.T.);
#8012=ORIENTED_EDGE('',*,*,#5744,.T.);
#8013=ORIENTED_EDGE('',*,*,#5745,.T.);
#8014=ORIENTED_EDGE('',*,*,#5746,.F.);
#8015=ORIENTED_EDGE('',*,*,#5747,.T.);
#8016=ORIENTED_EDGE('',*,*,#5746,.T.);
#8017=ORIENTED_EDGE('',*,*,#5748,.F.);
#8018=ORIENTED_EDGE('',*,*,#5749,.F.);
#8019=ORIENTED_EDGE('',*,*,#5750,.T.);
#8020=ORIENTED_EDGE('',*,*,#5749,.T.);
#8021=ORIENTED_EDGE('',*,*,#5751,.T.);
#8022=ORIENTED_EDGE('',*,*,#5735,.F.);
#8023=ORIENTED_EDGE('',*,*,#5531,.T.);
#8024=ORIENTED_EDGE('',*,*,#5752,.T.);
#8025=ORIENTED_EDGE('',*,*,#5753,.T.);
#8026=ORIENTED_EDGE('',*,*,#5754,.F.);
#8027=ORIENTED_EDGE('',*,*,#5532,.T.);
#8028=ORIENTED_EDGE('',*,*,#5754,.T.);
#8029=ORIENTED_EDGE('',*,*,#5755,.F.);
#8030=ORIENTED_EDGE('',*,*,#5744,.F.);
#8031=ORIENTED_EDGE('',*,*,#5537,.T.);
#8032=ORIENTED_EDGE('',*,*,#5756,.T.);
#8033=ORIENTED_EDGE('',*,*,#5757,.T.);
#8034=ORIENTED_EDGE('',*,*,#5752,.F.);
#8035=ORIENTED_EDGE('',*,*,#5539,.T.);
#8036=ORIENTED_EDGE('',*,*,#5683,.T.);
#8037=ORIENTED_EDGE('',*,*,#5758,.T.);
#8038=ORIENTED_EDGE('',*,*,#5756,.F.);
#8039=ORIENTED_EDGE('',*,*,#5759,.F.);
#8040=ORIENTED_EDGE('',*,*,#5760,.T.);
#8041=ORIENTED_EDGE('',*,*,#5596,.F.);
#8042=ORIENTED_EDGE('',*,*,#5760,.F.);
#8043=ORIENTED_EDGE('',*,*,#5736,.T.);
#8044=ORIENTED_EDGE('',*,*,#5751,.F.);
#8045=ORIENTED_EDGE('',*,*,#5748,.T.);
#8046=ORIENTED_EDGE('',*,*,#5745,.F.);
#8047=ORIENTED_EDGE('',*,*,#5755,.T.);
#8048=ORIENTED_EDGE('',*,*,#5753,.F.);
#8049=ORIENTED_EDGE('',*,*,#5757,.F.);
#8050=ORIENTED_EDGE('',*,*,#5758,.F.);
#8051=ORIENTED_EDGE('',*,*,#5682,.F.);
#8052=ORIENTED_EDGE('',*,*,#5685,.F.);
#8053=ORIENTED_EDGE('',*,*,#5687,.F.);
#8054=ORIENTED_EDGE('',*,*,#5689,.F.);
#8055=ORIENTED_EDGE('',*,*,#5691,.F.);
#8056=ORIENTED_EDGE('',*,*,#5693,.F.);
#8057=ORIENTED_EDGE('',*,*,#5695,.F.);
#8058=ORIENTED_EDGE('',*,*,#5697,.F.);
#8059=ORIENTED_EDGE('',*,*,#5699,.F.);
#8060=ORIENTED_EDGE('',*,*,#5705,.F.);
#8061=ORIENTED_EDGE('',*,*,#5703,.T.);
#8062=ORIENTED_EDGE('',*,*,#5701,.F.);
#8063=ORIENTED_EDGE('',*,*,#5715,.T.);
#8064=ORIENTED_EDGE('',*,*,#5713,.F.);
#8065=ORIENTED_EDGE('',*,*,#5711,.F.);
#8066=ORIENTED_EDGE('',*,*,#5709,.T.);
#8067=ORIENTED_EDGE('',*,*,#5707,.F.);
#8068=ORIENTED_EDGE('',*,*,#5718,.F.);
#8069=ORIENTED_EDGE('',*,*,#5721,.F.);
#8070=ORIENTED_EDGE('',*,*,#5724,.F.);
#8071=ORIENTED_EDGE('',*,*,#5726,.F.);
#8072=ORIENTED_EDGE('',*,*,#5729,.F.);
#8073=ORIENTED_EDGE('',*,*,#5732,.F.);
#8074=ORIENTED_EDGE('',*,*,#5739,.F.);
#8075=ORIENTED_EDGE('',*,*,#5761,.T.);
#8076=ORIENTED_EDGE('',*,*,#5762,.F.);
#8077=ORIENTED_EDGE('',*,*,#5763,.F.);
#8078=ORIENTED_EDGE('',*,*,#5764,.T.);
#8079=ORIENTED_EDGE('',*,*,#5759,.T.);
#8080=ORIENTED_EDGE('',*,*,#5644,.F.);
#8081=ORIENTED_EDGE('',*,*,#5765,.T.);
#8082=ORIENTED_EDGE('',*,*,#5766,.F.);
#8083=ORIENTED_EDGE('',*,*,#5765,.F.);
#8084=ORIENTED_EDGE('',*,*,#5767,.T.);
#8085=ORIENTED_EDGE('',*,*,#5766,.T.);
#8086=ORIENTED_EDGE('',*,*,#5761,.F.);
#8087=ORIENTED_EDGE('',*,*,#5768,.T.);
#8088=ORIENTED_EDGE('',*,*,#5769,.F.);
#8089=ORIENTED_EDGE('',*,*,#5770,.F.);
#8090=ORIENTED_EDGE('',*,*,#5768,.F.);
#8091=ORIENTED_EDGE('',*,*,#5770,.T.);
#8092=ORIENTED_EDGE('',*,*,#5771,.T.);
#8093=ORIENTED_EDGE('',*,*,#5767,.F.);
#8094=ORIENTED_EDGE('',*,*,#5771,.F.);
#8095=ORIENTED_EDGE('',*,*,#5769,.T.);
#8096=ORIENTED_EDGE('',*,*,#5764,.F.);
#8097=ORIENTED_EDGE('',*,*,#5772,.T.);
#8098=ORIENTED_EDGE('',*,*,#5773,.F.);
#8099=ORIENTED_EDGE('',*,*,#5774,.F.);
#8100=ORIENTED_EDGE('',*,*,#5772,.F.);
#8101=ORIENTED_EDGE('',*,*,#5774,.T.);
#8102=ORIENTED_EDGE('',*,*,#5775,.T.);
#8103=ORIENTED_EDGE('',*,*,#5776,.F.);
#8104=ORIENTED_EDGE('',*,*,#5775,.F.);
#8105=ORIENTED_EDGE('',*,*,#5773,.T.);
#8106=ORIENTED_EDGE('',*,*,#5640,.F.);
#8107=ORIENTED_EDGE('',*,*,#5777,.T.);
#8108=ORIENTED_EDGE('',*,*,#5778,.F.);
#8109=ORIENTED_EDGE('',*,*,#5777,.F.);
#8110=ORIENTED_EDGE('',*,*,#5776,.T.);
#8111=ORIENTED_EDGE('',*,*,#5778,.T.);
#8112=ORIENTED_EDGE('',*,*,#5450,.T.);
#8113=ORIENTED_EDGE('',*,*,#5779,.T.);
#8114=ORIENTED_EDGE('',*,*,#5719,.F.);
#8115=ORIENTED_EDGE('',*,*,#5780,.T.);
#8116=ORIENTED_EDGE('',*,*,#5440,.T.);
#8117=ORIENTED_EDGE('',*,*,#5454,.T.);
#8118=ORIENTED_EDGE('',*,*,#5672,.F.);
#8119=ORIENTED_EDGE('',*,*,#5722,.F.);
#8120=ORIENTED_EDGE('',*,*,#5779,.F.);
#8121=ORIENTED_EDGE('',*,*,#5453,.T.);
#8122=ORIENTED_EDGE('',*,*,#5647,.F.);
#8123=ORIENTED_EDGE('',*,*,#5781,.T.);
#8124=ORIENTED_EDGE('',*,*,#5727,.F.);
#8125=ORIENTED_EDGE('',*,*,#5670,.F.);
#8126=ORIENTED_EDGE('',*,*,#5649,.F.);
#8127=ORIENTED_EDGE('',*,*,#5782,.F.);
#8128=ORIENTED_EDGE('',*,*,#5730,.F.);
#8129=ORIENTED_EDGE('',*,*,#5781,.F.);
#8130=ORIENTED_EDGE('',*,*,#5651,.F.);
#8131=ORIENTED_EDGE('',*,*,#5783,.T.);
#8132=ORIENTED_EDGE('',*,*,#5733,.F.);
#8133=ORIENTED_EDGE('',*,*,#5738,.F.);
#8134=ORIENTED_EDGE('',*,*,#5782,.T.);
#8135=ORIENTED_EDGE('',*,*,#5653,.F.);
#8136=ORIENTED_EDGE('',*,*,#5784,.F.);
#8137=ORIENTED_EDGE('',*,*,#5734,.F.);
#8138=ORIENTED_EDGE('',*,*,#5783,.F.);
#8139=ORIENTED_EDGE('',*,*,#5655,.F.);
#8140=ORIENTED_EDGE('',*,*,#5785,.T.);
#8141=ORIENTED_EDGE('',*,*,#5740,.F.);
#8142=ORIENTED_EDGE('',*,*,#5747,.F.);
#8143=ORIENTED_EDGE('',*,*,#5750,.F.);
#8144=ORIENTED_EDGE('',*,*,#5784,.T.);
#8145=ORIENTED_EDGE('',*,*,#5657,.F.);
#8146=ORIENTED_EDGE('',*,*,#5786,.F.);
#8147=ORIENTED_EDGE('',*,*,#5741,.F.);
#8148=ORIENTED_EDGE('',*,*,#5785,.F.);
#8149=ORIENTED_EDGE('',*,*,#5659,.F.);
#8150=ORIENTED_EDGE('',*,*,#5787,.T.);
#8151=ORIENTED_EDGE('',*,*,#5742,.F.);
#8152=ORIENTED_EDGE('',*,*,#5786,.T.);
#8153=ORIENTED_EDGE('',*,*,#5661,.F.);
#8154=ORIENTED_EDGE('',*,*,#5534,.F.);
#8155=ORIENTED_EDGE('',*,*,#5743,.F.);
#8156=ORIENTED_EDGE('',*,*,#5787,.F.);
#8157=ORIENTED_EDGE('',*,*,#5664,.F.);
#8158=ORIENTED_EDGE('',*,*,#5788,.F.);
#8159=ORIENTED_EDGE('',*,*,#5580,.F.);
#8160=ORIENTED_EDGE('',*,*,#5526,.F.);
#8161=ORIENTED_EDGE('',*,*,#5529,.F.);
#8162=ORIENTED_EDGE('',*,*,#5444,.T.);
#8163=ORIENTED_EDGE('',*,*,#5789,.F.);
#8164=ORIENTED_EDGE('',*,*,#5588,.F.);
#8165=ORIENTED_EDGE('',*,*,#5680,.F.);
#8166=ORIENTED_EDGE('',*,*,#5666,.F.);
#8167=ORIENTED_EDGE('',*,*,#5674,.T.);
#8168=ORIENTED_EDGE('',*,*,#5581,.F.);
#8169=ORIENTED_EDGE('',*,*,#5788,.T.);
#8170=ORIENTED_EDGE('',*,*,#5443,.T.);
#8171=ORIENTED_EDGE('',*,*,#5574,.F.);
#8172=ORIENTED_EDGE('',*,*,#5477,.F.);
#8173=ORIENTED_EDGE('',*,*,#5589,.F.);
#8174=ORIENTED_EDGE('',*,*,#5789,.T.);
#8175=ORIENTED_EDGE('',*,*,#5441,.T.);
#8176=ORIENTED_EDGE('',*,*,#5780,.F.);
#8177=ORIENTED_EDGE('',*,*,#5716,.F.);
#8178=ORIENTED_EDGE('',*,*,#5575,.F.);
#8179=ORIENTED_EDGE('',*,*,#5763,.T.);
#8180=ORIENTED_EDGE('',*,*,#5790,.T.);
#8181=ORIENTED_EDGE('',*,*,#5609,.T.);
#8182=ORIENTED_EDGE('',*,*,#5610,.T.);
#8183=ORIENTED_EDGE('',*,*,#5790,.F.);
#8184=ORIENTED_EDGE('',*,*,#5762,.T.);
#8185=ORIENTED_EDGE('',*,*,#5791,.T.);
#8186=ORIENTED_EDGE('',*,*,#5602,.T.);
#8187=ORIENTED_EDGE('',*,*,#5603,.T.);
#8188=ORIENTED_EDGE('',*,*,#5791,.F.);
#8189=ORIENTED_EDGE('',*,*,#5792,.F.);
#8190=ORIENTED_EDGE('',*,*,#5793,.F.);
#8191=ORIENTED_EDGE('',*,*,#5794,.F.);
#8192=ORIENTED_EDGE('',*,*,#5795,.F.);
#8193=ORIENTED_EDGE('',*,*,#5796,.F.);
#8194=ORIENTED_EDGE('',*,*,#5797,.F.);
#8195=ORIENTED_EDGE('',*,*,#5798,.F.);
#8196=ORIENTED_EDGE('',*,*,#5799,.F.);
#8197=ORIENTED_EDGE('',*,*,#5800,.T.);
#8198=ORIENTED_EDGE('',*,*,#5793,.T.);
#8199=ORIENTED_EDGE('',*,*,#5801,.F.);
#8200=ORIENTED_EDGE('',*,*,#5802,.F.);
#8201=ORIENTED_EDGE('',*,*,#5796,.T.);
#8202=ORIENTED_EDGE('',*,*,#5803,.F.);
#8203=ORIENTED_EDGE('',*,*,#5804,.F.);
#8204=ORIENTED_EDGE('',*,*,#5794,.T.);
#8205=ORIENTED_EDGE('',*,*,#5800,.F.);
#8206=ORIENTED_EDGE('',*,*,#5805,.F.);
#8207=ORIENTED_EDGE('',*,*,#5806,.F.);
#8208=ORIENTED_EDGE('',*,*,#5807,.F.);
#8209=ORIENTED_EDGE('',*,*,#5808,.F.);
#8210=ORIENTED_EDGE('',*,*,#5809,.F.);
#8211=ORIENTED_EDGE('',*,*,#5810,.F.);
#8212=ORIENTED_EDGE('',*,*,#5811,.T.);
#8213=ORIENTED_EDGE('',*,*,#5812,.F.);
#8214=ORIENTED_EDGE('',*,*,#5808,.T.);
#8215=ORIENTED_EDGE('',*,*,#5813,.F.);
#8216=ORIENTED_EDGE('',*,*,#5806,.T.);
#8217=ORIENTED_EDGE('',*,*,#5814,.F.);
#8218=ORIENTED_EDGE('',*,*,#5811,.F.);
#8219=ORIENTED_EDGE('',*,*,#5815,.F.);
#8220=ORIENTED_EDGE('',*,*,#5816,.T.);
#8221=ORIENTED_EDGE('',*,*,#5817,.F.);
#8222=ORIENTED_EDGE('',*,*,#5816,.F.);
#8223=ORIENTED_EDGE('',*,*,#5815,.T.);
#8224=ORIENTED_EDGE('',*,*,#5818,.T.);
#8225=ORIENTED_EDGE('',*,*,#5819,.F.);
#8226=ORIENTED_EDGE('',*,*,#5820,.T.);
#8227=ORIENTED_EDGE('',*,*,#5798,.T.);
#8228=ORIENTED_EDGE('',*,*,#5821,.T.);
#8229=ORIENTED_EDGE('',*,*,#5822,.F.);
#8230=ORIENTED_EDGE('',*,*,#5821,.F.);
#8231=ORIENTED_EDGE('',*,*,#5797,.T.);
#8232=ORIENTED_EDGE('',*,*,#5799,.T.);
#8233=ORIENTED_EDGE('',*,*,#5820,.F.);
#8234=ORIENTED_EDGE('',*,*,#5809,.T.);
#8235=ORIENTED_EDGE('',*,*,#5810,.T.);
#8236=ORIENTED_EDGE('',*,*,#5819,.T.);
#8237=ORIENTED_EDGE('',*,*,#5823,.T.);
#8238=ORIENTED_EDGE('',*,*,#5824,.T.);
#8239=ORIENTED_EDGE('',*,*,#5825,.T.);
#8240=ORIENTED_EDGE('',*,*,#5826,.T.);
#8241=ORIENTED_EDGE('',*,*,#5827,.T.);
#8242=ORIENTED_EDGE('',*,*,#5828,.T.);
#8243=ORIENTED_EDGE('',*,*,#5829,.T.);
#8244=ORIENTED_EDGE('',*,*,#5830,.T.);
#8245=ORIENTED_EDGE('',*,*,#5831,.T.);
#8246=ORIENTED_EDGE('',*,*,#5832,.T.);
#8247=ORIENTED_EDGE('',*,*,#5833,.T.);
#8248=ORIENTED_EDGE('',*,*,#5834,.T.);
#8249=ORIENTED_EDGE('',*,*,#5835,.T.);
#8250=ORIENTED_EDGE('',*,*,#5836,.T.);
#8251=ORIENTED_EDGE('',*,*,#5837,.T.);
#8252=ORIENTED_EDGE('',*,*,#5838,.T.);
#8253=ORIENTED_EDGE('',*,*,#5839,.T.);
#8254=ORIENTED_EDGE('',*,*,#5840,.T.);
#8255=ORIENTED_EDGE('',*,*,#5841,.T.);
#8256=ORIENTED_EDGE('',*,*,#5842,.T.);
#8257=ORIENTED_EDGE('',*,*,#5843,.T.);
#8258=ORIENTED_EDGE('',*,*,#5844,.T.);
#8259=ORIENTED_EDGE('',*,*,#5845,.T.);
#8260=ORIENTED_EDGE('',*,*,#5846,.T.);
#8261=ORIENTED_EDGE('',*,*,#5847,.T.);
#8262=ORIENTED_EDGE('',*,*,#5848,.T.);
#8263=ORIENTED_EDGE('',*,*,#5849,.T.);
#8264=ORIENTED_EDGE('',*,*,#5850,.T.);
#8265=ORIENTED_EDGE('',*,*,#5851,.T.);
#8266=ORIENTED_EDGE('',*,*,#5852,.T.);
#8267=ORIENTED_EDGE('',*,*,#5853,.T.);
#8268=ORIENTED_EDGE('',*,*,#5854,.T.);
#8269=ORIENTED_EDGE('',*,*,#5855,.T.);
#8270=ORIENTED_EDGE('',*,*,#5856,.T.);
#8271=ORIENTED_EDGE('',*,*,#5857,.T.);
#8272=ORIENTED_EDGE('',*,*,#5858,.T.);
#8273=ORIENTED_EDGE('',*,*,#5859,.T.);
#8274=ORIENTED_EDGE('',*,*,#5860,.T.);
#8275=ORIENTED_EDGE('',*,*,#5861,.T.);
#8276=ORIENTED_EDGE('',*,*,#5862,.T.);
#8277=ORIENTED_EDGE('',*,*,#5863,.T.);
#8278=ORIENTED_EDGE('',*,*,#5864,.T.);
#8279=ORIENTED_EDGE('',*,*,#5865,.T.);
#8280=ORIENTED_EDGE('',*,*,#5866,.T.);
#8281=ORIENTED_EDGE('',*,*,#5867,.T.);
#8282=ORIENTED_EDGE('',*,*,#5868,.T.);
#8283=ORIENTED_EDGE('',*,*,#5869,.T.);
#8284=ORIENTED_EDGE('',*,*,#5870,.T.);
#8285=ORIENTED_EDGE('',*,*,#5871,.T.);
#8286=ORIENTED_EDGE('',*,*,#5872,.T.);
#8287=ORIENTED_EDGE('',*,*,#5873,.T.);
#8288=ORIENTED_EDGE('',*,*,#5874,.T.);
#8289=ORIENTED_EDGE('',*,*,#5875,.T.);
#8290=ORIENTED_EDGE('',*,*,#5876,.T.);
#8291=ORIENTED_EDGE('',*,*,#5877,.T.);
#8292=ORIENTED_EDGE('',*,*,#5878,.T.);
#8293=ORIENTED_EDGE('',*,*,#5879,.T.);
#8294=ORIENTED_EDGE('',*,*,#5880,.T.);
#8295=ORIENTED_EDGE('',*,*,#5881,.T.);
#8296=ORIENTED_EDGE('',*,*,#5882,.T.);
#8297=ORIENTED_EDGE('',*,*,#5883,.T.);
#8298=ORIENTED_EDGE('',*,*,#5884,.T.);
#8299=ORIENTED_EDGE('',*,*,#5885,.T.);
#8300=ORIENTED_EDGE('',*,*,#5886,.T.);
#8301=ORIENTED_EDGE('',*,*,#5887,.T.);
#8302=ORIENTED_EDGE('',*,*,#5888,.T.);
#8303=ORIENTED_EDGE('',*,*,#5889,.T.);
#8304=ORIENTED_EDGE('',*,*,#5890,.T.);
#8305=ORIENTED_EDGE('',*,*,#5891,.T.);
#8306=ORIENTED_EDGE('',*,*,#5892,.T.);
#8307=ORIENTED_EDGE('',*,*,#5893,.T.);
#8308=ORIENTED_EDGE('',*,*,#5894,.T.);
#8309=ORIENTED_EDGE('',*,*,#5895,.T.);
#8310=ORIENTED_EDGE('',*,*,#5896,.T.);
#8311=ORIENTED_EDGE('',*,*,#5897,.T.);
#8312=ORIENTED_EDGE('',*,*,#5898,.T.);
#8313=ORIENTED_EDGE('',*,*,#5899,.T.);
#8314=ORIENTED_EDGE('',*,*,#5900,.T.);
#8315=ORIENTED_EDGE('',*,*,#5901,.T.);
#8316=ORIENTED_EDGE('',*,*,#5902,.T.);
#8317=ORIENTED_EDGE('',*,*,#5903,.T.);
#8318=ORIENTED_EDGE('',*,*,#5817,.T.);
#8319=ORIENTED_EDGE('',*,*,#5904,.T.);
#8320=ORIENTED_EDGE('',*,*,#5905,.T.);
#8321=ORIENTED_EDGE('',*,*,#5906,.T.);
#8322=ORIENTED_EDGE('',*,*,#5907,.T.);
#8323=ORIENTED_EDGE('',*,*,#5908,.T.);
#8324=ORIENTED_EDGE('',*,*,#5909,.T.);
#8325=ORIENTED_EDGE('',*,*,#5910,.T.);
#8326=ORIENTED_EDGE('',*,*,#5911,.T.);
#8327=ORIENTED_EDGE('',*,*,#5912,.T.);
#8328=ORIENTED_EDGE('',*,*,#5913,.T.);
#8329=ORIENTED_EDGE('',*,*,#5914,.T.);
#8330=ORIENTED_EDGE('',*,*,#5915,.T.);
#8331=ORIENTED_EDGE('',*,*,#5916,.T.);
#8332=ORIENTED_EDGE('',*,*,#5917,.T.);
#8333=ORIENTED_EDGE('',*,*,#5918,.T.);
#8334=ORIENTED_EDGE('',*,*,#5919,.T.);
#8335=ORIENTED_EDGE('',*,*,#5920,.T.);
#8336=ORIENTED_EDGE('',*,*,#5921,.T.);
#8337=ORIENTED_EDGE('',*,*,#5922,.T.);
#8338=ORIENTED_EDGE('',*,*,#5923,.T.);
#8339=ORIENTED_EDGE('',*,*,#5924,.T.);
#8340=ORIENTED_EDGE('',*,*,#5925,.T.);
#8341=ORIENTED_EDGE('',*,*,#5926,.T.);
#8342=ORIENTED_EDGE('',*,*,#5927,.T.);
#8343=ORIENTED_EDGE('',*,*,#5928,.T.);
#8344=ORIENTED_EDGE('',*,*,#5929,.T.);
#8345=ORIENTED_EDGE('',*,*,#5930,.T.);
#8346=ORIENTED_EDGE('',*,*,#5931,.T.);
#8347=ORIENTED_EDGE('',*,*,#5932,.T.);
#8348=ORIENTED_EDGE('',*,*,#5933,.T.);
#8349=ORIENTED_EDGE('',*,*,#5934,.T.);
#8350=ORIENTED_EDGE('',*,*,#5935,.T.);
#8351=ORIENTED_EDGE('',*,*,#5936,.T.);
#8352=ORIENTED_EDGE('',*,*,#5937,.T.);
#8353=ORIENTED_EDGE('',*,*,#5938,.T.);
#8354=ORIENTED_EDGE('',*,*,#5939,.T.);
#8355=ORIENTED_EDGE('',*,*,#5940,.T.);
#8356=ORIENTED_EDGE('',*,*,#5941,.T.);
#8357=ORIENTED_EDGE('',*,*,#5942,.T.);
#8358=ORIENTED_EDGE('',*,*,#5943,.T.);
#8359=ORIENTED_EDGE('',*,*,#5944,.T.);
#8360=ORIENTED_EDGE('',*,*,#5945,.T.);
#8361=ORIENTED_EDGE('',*,*,#5946,.T.);
#8362=ORIENTED_EDGE('',*,*,#5947,.T.);
#8363=ORIENTED_EDGE('',*,*,#5948,.T.);
#8364=ORIENTED_EDGE('',*,*,#5949,.T.);
#8365=ORIENTED_EDGE('',*,*,#5950,.T.);
#8366=ORIENTED_EDGE('',*,*,#5951,.T.);
#8367=ORIENTED_EDGE('',*,*,#5952,.T.);
#8368=ORIENTED_EDGE('',*,*,#5953,.T.);
#8369=ORIENTED_EDGE('',*,*,#5954,.T.);
#8370=ORIENTED_EDGE('',*,*,#5955,.T.);
#8371=ORIENTED_EDGE('',*,*,#5956,.T.);
#8372=ORIENTED_EDGE('',*,*,#5957,.T.);
#8373=ORIENTED_EDGE('',*,*,#5958,.T.);
#8374=ORIENTED_EDGE('',*,*,#5959,.T.);
#8375=ORIENTED_EDGE('',*,*,#5960,.T.);
#8376=ORIENTED_EDGE('',*,*,#5961,.T.);
#8377=ORIENTED_EDGE('',*,*,#5962,.T.);
#8378=ORIENTED_EDGE('',*,*,#5963,.T.);
#8379=ORIENTED_EDGE('',*,*,#5964,.T.);
#8380=ORIENTED_EDGE('',*,*,#5965,.T.);
#8381=ORIENTED_EDGE('',*,*,#5966,.T.);
#8382=ORIENTED_EDGE('',*,*,#5967,.T.);
#8383=ORIENTED_EDGE('',*,*,#5968,.T.);
#8384=ORIENTED_EDGE('',*,*,#5969,.T.);
#8385=ORIENTED_EDGE('',*,*,#5970,.T.);
#8386=ORIENTED_EDGE('',*,*,#5971,.T.);
#8387=ORIENTED_EDGE('',*,*,#5972,.T.);
#8388=ORIENTED_EDGE('',*,*,#5973,.T.);
#8389=ORIENTED_EDGE('',*,*,#5974,.T.);
#8390=ORIENTED_EDGE('',*,*,#5975,.T.);
#8391=ORIENTED_EDGE('',*,*,#5976,.T.);
#8392=ORIENTED_EDGE('',*,*,#5977,.T.);
#8393=ORIENTED_EDGE('',*,*,#5978,.T.);
#8394=ORIENTED_EDGE('',*,*,#5979,.T.);
#8395=ORIENTED_EDGE('',*,*,#5980,.T.);
#8396=ORIENTED_EDGE('',*,*,#5981,.T.);
#8397=ORIENTED_EDGE('',*,*,#5982,.T.);
#8398=ORIENTED_EDGE('',*,*,#5983,.T.);
#8399=ORIENTED_EDGE('',*,*,#5822,.T.);
#8400=ORIENTED_EDGE('',*,*,#5984,.F.);
#8401=ORIENTED_EDGE('',*,*,#5865,.F.);
#8402=ORIENTED_EDGE('',*,*,#5985,.F.);
#8403=ORIENTED_EDGE('',*,*,#5943,.F.);
#8404=ORIENTED_EDGE('',*,*,#5986,.T.);
#8405=ORIENTED_EDGE('',*,*,#5866,.F.);
#8406=ORIENTED_EDGE('',*,*,#5984,.T.);
#8407=ORIENTED_EDGE('',*,*,#5942,.F.);
#8408=ORIENTED_EDGE('',*,*,#5987,.F.);
#8409=ORIENTED_EDGE('',*,*,#5867,.F.);
#8410=ORIENTED_EDGE('',*,*,#5986,.F.);
#8411=ORIENTED_EDGE('',*,*,#5941,.F.);
#8412=ORIENTED_EDGE('',*,*,#5988,.T.);
#8413=ORIENTED_EDGE('',*,*,#5868,.F.);
#8414=ORIENTED_EDGE('',*,*,#5987,.T.);
#8415=ORIENTED_EDGE('',*,*,#5940,.F.);
#8416=ORIENTED_EDGE('',*,*,#5989,.F.);
#8417=ORIENTED_EDGE('',*,*,#5869,.F.);
#8418=ORIENTED_EDGE('',*,*,#5988,.F.);
#8419=ORIENTED_EDGE('',*,*,#5939,.F.);
#8420=ORIENTED_EDGE('',*,*,#5990,.T.);
#8421=ORIENTED_EDGE('',*,*,#5870,.F.);
#8422=ORIENTED_EDGE('',*,*,#5989,.T.);
#8423=ORIENTED_EDGE('',*,*,#5938,.F.);
#8424=ORIENTED_EDGE('',*,*,#5991,.F.);
#8425=ORIENTED_EDGE('',*,*,#5871,.F.);
#8426=ORIENTED_EDGE('',*,*,#5990,.F.);
#8427=ORIENTED_EDGE('',*,*,#5937,.F.);
#8428=ORIENTED_EDGE('',*,*,#5992,.T.);
#8429=ORIENTED_EDGE('',*,*,#5872,.F.);
#8430=ORIENTED_EDGE('',*,*,#5991,.T.);
#8431=ORIENTED_EDGE('',*,*,#5936,.F.);
#8432=ORIENTED_EDGE('',*,*,#5993,.F.);
#8433=ORIENTED_EDGE('',*,*,#5873,.F.);
#8434=ORIENTED_EDGE('',*,*,#5992,.F.);
#8435=ORIENTED_EDGE('',*,*,#5935,.F.);
#8436=ORIENTED_EDGE('',*,*,#5994,.T.);
#8437=ORIENTED_EDGE('',*,*,#5874,.F.);
#8438=ORIENTED_EDGE('',*,*,#5993,.T.);
#8439=ORIENTED_EDGE('',*,*,#5934,.F.);
#8440=ORIENTED_EDGE('',*,*,#5995,.F.);
#8441=ORIENTED_EDGE('',*,*,#5875,.F.);
#8442=ORIENTED_EDGE('',*,*,#5994,.F.);
#8443=ORIENTED_EDGE('',*,*,#5933,.F.);
#8444=ORIENTED_EDGE('',*,*,#5996,.T.);
#8445=ORIENTED_EDGE('',*,*,#5876,.F.);
#8446=ORIENTED_EDGE('',*,*,#5995,.T.);
#8447=ORIENTED_EDGE('',*,*,#5932,.F.);
#8448=ORIENTED_EDGE('',*,*,#5997,.F.);
#8449=ORIENTED_EDGE('',*,*,#5877,.F.);
#8450=ORIENTED_EDGE('',*,*,#5996,.F.);
#8451=ORIENTED_EDGE('',*,*,#5931,.F.);
#8452=ORIENTED_EDGE('',*,*,#5998,.T.);
#8453=ORIENTED_EDGE('',*,*,#5878,.F.);
#8454=ORIENTED_EDGE('',*,*,#5997,.T.);
#8455=ORIENTED_EDGE('',*,*,#5930,.F.);
#8456=ORIENTED_EDGE('',*,*,#5999,.F.);
#8457=ORIENTED_EDGE('',*,*,#5879,.F.);
#8458=ORIENTED_EDGE('',*,*,#5998,.F.);
#8459=ORIENTED_EDGE('',*,*,#5929,.F.);
#8460=ORIENTED_EDGE('',*,*,#6000,.T.);
#8461=ORIENTED_EDGE('',*,*,#5880,.F.);
#8462=ORIENTED_EDGE('',*,*,#5999,.T.);
#8463=ORIENTED_EDGE('',*,*,#5928,.F.);
#8464=ORIENTED_EDGE('',*,*,#6001,.F.);
#8465=ORIENTED_EDGE('',*,*,#5881,.F.);
#8466=ORIENTED_EDGE('',*,*,#6000,.F.);
#8467=ORIENTED_EDGE('',*,*,#5927,.F.);
#8468=ORIENTED_EDGE('',*,*,#6002,.T.);
#8469=ORIENTED_EDGE('',*,*,#5882,.F.);
#8470=ORIENTED_EDGE('',*,*,#6001,.T.);
#8471=ORIENTED_EDGE('',*,*,#5926,.F.);
#8472=ORIENTED_EDGE('',*,*,#6003,.F.);
#8473=ORIENTED_EDGE('',*,*,#5883,.F.);
#8474=ORIENTED_EDGE('',*,*,#6002,.F.);
#8475=ORIENTED_EDGE('',*,*,#5925,.F.);
#8476=ORIENTED_EDGE('',*,*,#6004,.T.);
#8477=ORIENTED_EDGE('',*,*,#5884,.F.);
#8478=ORIENTED_EDGE('',*,*,#6003,.T.);
#8479=ORIENTED_EDGE('',*,*,#5924,.F.);
#8480=ORIENTED_EDGE('',*,*,#6005,.F.);
#8481=ORIENTED_EDGE('',*,*,#5885,.F.);
#8482=ORIENTED_EDGE('',*,*,#6004,.F.);
#8483=ORIENTED_EDGE('',*,*,#5923,.F.);
#8484=ORIENTED_EDGE('',*,*,#6006,.T.);
#8485=ORIENTED_EDGE('',*,*,#5886,.F.);
#8486=ORIENTED_EDGE('',*,*,#6005,.T.);
#8487=ORIENTED_EDGE('',*,*,#5922,.F.);
#8488=ORIENTED_EDGE('',*,*,#6007,.F.);
#8489=ORIENTED_EDGE('',*,*,#5887,.F.);
#8490=ORIENTED_EDGE('',*,*,#6006,.F.);
#8491=ORIENTED_EDGE('',*,*,#5921,.F.);
#8492=ORIENTED_EDGE('',*,*,#6008,.T.);
#8493=ORIENTED_EDGE('',*,*,#5888,.F.);
#8494=ORIENTED_EDGE('',*,*,#6007,.T.);
#8495=ORIENTED_EDGE('',*,*,#5920,.F.);
#8496=ORIENTED_EDGE('',*,*,#6009,.F.);
#8497=ORIENTED_EDGE('',*,*,#5889,.F.);
#8498=ORIENTED_EDGE('',*,*,#6008,.F.);
#8499=ORIENTED_EDGE('',*,*,#5919,.F.);
#8500=ORIENTED_EDGE('',*,*,#6010,.T.);
#8501=ORIENTED_EDGE('',*,*,#5890,.F.);
#8502=ORIENTED_EDGE('',*,*,#6009,.T.);
#8503=ORIENTED_EDGE('',*,*,#5918,.F.);
#8504=ORIENTED_EDGE('',*,*,#6011,.F.);
#8505=ORIENTED_EDGE('',*,*,#5891,.F.);
#8506=ORIENTED_EDGE('',*,*,#6010,.F.);
#8507=ORIENTED_EDGE('',*,*,#5917,.F.);
#8508=ORIENTED_EDGE('',*,*,#6012,.T.);
#8509=ORIENTED_EDGE('',*,*,#5892,.F.);
#8510=ORIENTED_EDGE('',*,*,#6011,.T.);
#8511=ORIENTED_EDGE('',*,*,#5916,.F.);
#8512=ORIENTED_EDGE('',*,*,#6013,.F.);
#8513=ORIENTED_EDGE('',*,*,#5893,.F.);
#8514=ORIENTED_EDGE('',*,*,#6012,.F.);
#8515=ORIENTED_EDGE('',*,*,#5915,.F.);
#8516=ORIENTED_EDGE('',*,*,#6014,.T.);
#8517=ORIENTED_EDGE('',*,*,#5894,.F.);
#8518=ORIENTED_EDGE('',*,*,#6013,.T.);
#8519=ORIENTED_EDGE('',*,*,#5914,.F.);
#8520=ORIENTED_EDGE('',*,*,#6015,.F.);
#8521=ORIENTED_EDGE('',*,*,#5895,.F.);
#8522=ORIENTED_EDGE('',*,*,#6014,.F.);
#8523=ORIENTED_EDGE('',*,*,#5913,.F.);
#8524=ORIENTED_EDGE('',*,*,#6016,.T.);
#8525=ORIENTED_EDGE('',*,*,#5896,.F.);
#8526=ORIENTED_EDGE('',*,*,#6015,.T.);
#8527=ORIENTED_EDGE('',*,*,#5912,.F.);
#8528=ORIENTED_EDGE('',*,*,#6017,.F.);
#8529=ORIENTED_EDGE('',*,*,#5897,.F.);
#8530=ORIENTED_EDGE('',*,*,#6016,.F.);
#8531=ORIENTED_EDGE('',*,*,#5911,.F.);
#8532=ORIENTED_EDGE('',*,*,#6018,.T.);
#8533=ORIENTED_EDGE('',*,*,#5898,.F.);
#8534=ORIENTED_EDGE('',*,*,#6017,.T.);
#8535=ORIENTED_EDGE('',*,*,#5910,.F.);
#8536=ORIENTED_EDGE('',*,*,#6019,.F.);
#8537=ORIENTED_EDGE('',*,*,#5899,.F.);
#8538=ORIENTED_EDGE('',*,*,#6018,.F.);
#8539=ORIENTED_EDGE('',*,*,#5909,.F.);
#8540=ORIENTED_EDGE('',*,*,#6020,.T.);
#8541=ORIENTED_EDGE('',*,*,#5900,.F.);
#8542=ORIENTED_EDGE('',*,*,#6019,.T.);
#8543=ORIENTED_EDGE('',*,*,#5908,.F.);
#8544=ORIENTED_EDGE('',*,*,#6021,.F.);
#8545=ORIENTED_EDGE('',*,*,#5901,.F.);
#8546=ORIENTED_EDGE('',*,*,#6020,.F.);
#8547=ORIENTED_EDGE('',*,*,#5907,.F.);
#8548=ORIENTED_EDGE('',*,*,#6022,.T.);
#8549=ORIENTED_EDGE('',*,*,#5902,.F.);
#8550=ORIENTED_EDGE('',*,*,#6021,.T.);
#8551=ORIENTED_EDGE('',*,*,#5906,.F.);
#8552=ORIENTED_EDGE('',*,*,#6023,.F.);
#8553=ORIENTED_EDGE('',*,*,#5903,.F.);
#8554=ORIENTED_EDGE('',*,*,#6022,.F.);
#8555=ORIENTED_EDGE('',*,*,#5905,.F.);
#8556=ORIENTED_EDGE('',*,*,#6024,.T.);
#8557=ORIENTED_EDGE('',*,*,#5824,.F.);
#8558=ORIENTED_EDGE('',*,*,#6023,.T.);
#8559=ORIENTED_EDGE('',*,*,#5904,.F.);
#8560=ORIENTED_EDGE('',*,*,#5823,.F.);
#8561=ORIENTED_EDGE('',*,*,#6025,.T.);
#8562=ORIENTED_EDGE('',*,*,#5801,.T.);
#8563=ORIENTED_EDGE('',*,*,#5792,.T.);
#8564=ORIENTED_EDGE('',*,*,#5804,.T.);
#8565=ORIENTED_EDGE('',*,*,#6026,.T.);
#8566=ORIENTED_EDGE('',*,*,#5818,.F.);
#8567=ORIENTED_EDGE('',*,*,#6026,.F.);
#8568=ORIENTED_EDGE('',*,*,#5803,.T.);
#8569=ORIENTED_EDGE('',*,*,#5795,.T.);
#8570=ORIENTED_EDGE('',*,*,#5802,.T.);
#8571=ORIENTED_EDGE('',*,*,#6025,.F.);
#8572=ORIENTED_EDGE('',*,*,#5805,.T.);
#8573=ORIENTED_EDGE('',*,*,#5813,.T.);
#8574=ORIENTED_EDGE('',*,*,#5807,.T.);
#8575=ORIENTED_EDGE('',*,*,#5812,.T.);
#8576=ORIENTED_EDGE('',*,*,#5814,.T.);
#8577=ORIENTED_EDGE('',*,*,#6027,.T.);
#8578=ORIENTED_EDGE('',*,*,#5826,.F.);
#8579=ORIENTED_EDGE('',*,*,#6028,.T.);
#8580=ORIENTED_EDGE('',*,*,#5982,.F.);
#8581=ORIENTED_EDGE('',*,*,#6029,.T.);
#8582=ORIENTED_EDGE('',*,*,#5830,.F.);
#8583=ORIENTED_EDGE('',*,*,#6030,.T.);
#8584=ORIENTED_EDGE('',*,*,#5978,.F.);
#8585=ORIENTED_EDGE('',*,*,#6031,.T.);
#8586=ORIENTED_EDGE('',*,*,#5834,.F.);
#8587=ORIENTED_EDGE('',*,*,#6032,.T.);
#8588=ORIENTED_EDGE('',*,*,#5974,.F.);
#8589=ORIENTED_EDGE('',*,*,#6033,.T.);
#8590=ORIENTED_EDGE('',*,*,#5838,.F.);
#8591=ORIENTED_EDGE('',*,*,#6034,.T.);
#8592=ORIENTED_EDGE('',*,*,#5970,.F.);
#8593=ORIENTED_EDGE('',*,*,#6035,.T.);
#8594=ORIENTED_EDGE('',*,*,#5842,.F.);
#8595=ORIENTED_EDGE('',*,*,#6036,.T.);
#8596=ORIENTED_EDGE('',*,*,#5966,.F.);
#8597=ORIENTED_EDGE('',*,*,#6037,.T.);
#8598=ORIENTED_EDGE('',*,*,#5846,.F.);
#8599=ORIENTED_EDGE('',*,*,#6038,.T.);
#8600=ORIENTED_EDGE('',*,*,#5962,.F.);
#8601=ORIENTED_EDGE('',*,*,#6039,.T.);
#8602=ORIENTED_EDGE('',*,*,#5850,.F.);
#8603=ORIENTED_EDGE('',*,*,#6040,.T.);
#8604=ORIENTED_EDGE('',*,*,#5958,.F.);
#8605=ORIENTED_EDGE('',*,*,#6041,.T.);
#8606=ORIENTED_EDGE('',*,*,#5854,.F.);
#8607=ORIENTED_EDGE('',*,*,#6042,.T.);
#8608=ORIENTED_EDGE('',*,*,#5954,.F.);
#8609=ORIENTED_EDGE('',*,*,#6043,.T.);
#8610=ORIENTED_EDGE('',*,*,#5858,.F.);
#8611=ORIENTED_EDGE('',*,*,#6044,.T.);
#8612=ORIENTED_EDGE('',*,*,#5950,.F.);
#8613=ORIENTED_EDGE('',*,*,#6045,.T.);
#8614=ORIENTED_EDGE('',*,*,#5862,.F.);
#8615=ORIENTED_EDGE('',*,*,#6046,.T.);
#8616=ORIENTED_EDGE('',*,*,#5946,.F.);
#8617=ORIENTED_EDGE('',*,*,#5985,.T.);
#8618=ORIENTED_EDGE('',*,*,#5864,.F.);
#8619=ORIENTED_EDGE('',*,*,#6047,.T.);
#8620=ORIENTED_EDGE('',*,*,#5944,.F.);
#8621=ORIENTED_EDGE('',*,*,#6048,.T.);
#8622=ORIENTED_EDGE('',*,*,#5860,.F.);
#8623=ORIENTED_EDGE('',*,*,#6049,.T.);
#8624=ORIENTED_EDGE('',*,*,#5948,.F.);
#8625=ORIENTED_EDGE('',*,*,#6050,.T.);
#8626=ORIENTED_EDGE('',*,*,#5856,.F.);
#8627=ORIENTED_EDGE('',*,*,#6051,.T.);
#8628=ORIENTED_EDGE('',*,*,#5952,.F.);
#8629=ORIENTED_EDGE('',*,*,#6052,.T.);
#8630=ORIENTED_EDGE('',*,*,#5852,.F.);
#8631=ORIENTED_EDGE('',*,*,#6053,.T.);
#8632=ORIENTED_EDGE('',*,*,#5956,.F.);
#8633=ORIENTED_EDGE('',*,*,#6054,.T.);
#8634=ORIENTED_EDGE('',*,*,#5848,.F.);
#8635=ORIENTED_EDGE('',*,*,#6055,.T.);
#8636=ORIENTED_EDGE('',*,*,#5960,.F.);
#8637=ORIENTED_EDGE('',*,*,#6056,.T.);
#8638=ORIENTED_EDGE('',*,*,#5844,.F.);
#8639=ORIENTED_EDGE('',*,*,#6057,.T.);
#8640=ORIENTED_EDGE('',*,*,#5964,.F.);
#8641=ORIENTED_EDGE('',*,*,#6058,.T.);
#8642=ORIENTED_EDGE('',*,*,#5840,.F.);
#8643=ORIENTED_EDGE('',*,*,#6059,.T.);
#8644=ORIENTED_EDGE('',*,*,#5968,.F.);
#8645=ORIENTED_EDGE('',*,*,#6060,.T.);
#8646=ORIENTED_EDGE('',*,*,#5836,.F.);
#8647=ORIENTED_EDGE('',*,*,#6061,.T.);
#8648=ORIENTED_EDGE('',*,*,#5972,.F.);
#8649=ORIENTED_EDGE('',*,*,#6062,.T.);
#8650=ORIENTED_EDGE('',*,*,#5832,.F.);
#8651=ORIENTED_EDGE('',*,*,#6063,.T.);
#8652=ORIENTED_EDGE('',*,*,#5976,.F.);
#8653=ORIENTED_EDGE('',*,*,#6064,.T.);
#8654=ORIENTED_EDGE('',*,*,#5828,.F.);
#8655=ORIENTED_EDGE('',*,*,#6065,.T.);
#8656=ORIENTED_EDGE('',*,*,#5980,.F.);
#8657=ORIENTED_EDGE('',*,*,#6047,.F.);
#8658=ORIENTED_EDGE('',*,*,#5863,.F.);
#8659=ORIENTED_EDGE('',*,*,#6045,.F.);
#8660=ORIENTED_EDGE('',*,*,#5945,.F.);
#8661=ORIENTED_EDGE('',*,*,#6046,.F.);
#8662=ORIENTED_EDGE('',*,*,#5861,.F.);
#8663=ORIENTED_EDGE('',*,*,#6048,.F.);
#8664=ORIENTED_EDGE('',*,*,#5947,.F.);
#8665=ORIENTED_EDGE('',*,*,#6049,.F.);
#8666=ORIENTED_EDGE('',*,*,#5859,.F.);
#8667=ORIENTED_EDGE('',*,*,#6043,.F.);
#8668=ORIENTED_EDGE('',*,*,#5949,.F.);
#8669=ORIENTED_EDGE('',*,*,#6044,.F.);
#8670=ORIENTED_EDGE('',*,*,#5857,.F.);
#8671=ORIENTED_EDGE('',*,*,#6050,.F.);
#8672=ORIENTED_EDGE('',*,*,#5951,.F.);
#8673=ORIENTED_EDGE('',*,*,#6051,.F.);
#8674=ORIENTED_EDGE('',*,*,#5855,.F.);
#8675=ORIENTED_EDGE('',*,*,#6041,.F.);
#8676=ORIENTED_EDGE('',*,*,#5953,.F.);
#8677=ORIENTED_EDGE('',*,*,#6042,.F.);
#8678=ORIENTED_EDGE('',*,*,#5853,.F.);
#8679=ORIENTED_EDGE('',*,*,#6052,.F.);
#8680=ORIENTED_EDGE('',*,*,#5955,.F.);
#8681=ORIENTED_EDGE('',*,*,#6053,.F.);
#8682=ORIENTED_EDGE('',*,*,#5851,.F.);
#8683=ORIENTED_EDGE('',*,*,#6039,.F.);
#8684=ORIENTED_EDGE('',*,*,#5957,.F.);
#8685=ORIENTED_EDGE('',*,*,#6040,.F.);
#8686=ORIENTED_EDGE('',*,*,#5849,.F.);
#8687=ORIENTED_EDGE('',*,*,#6054,.F.);
#8688=ORIENTED_EDGE('',*,*,#5959,.F.);
#8689=ORIENTED_EDGE('',*,*,#6055,.F.);
#8690=ORIENTED_EDGE('',*,*,#5847,.F.);
#8691=ORIENTED_EDGE('',*,*,#6037,.F.);
#8692=ORIENTED_EDGE('',*,*,#5961,.F.);
#8693=ORIENTED_EDGE('',*,*,#6038,.F.);
#8694=ORIENTED_EDGE('',*,*,#5845,.F.);
#8695=ORIENTED_EDGE('',*,*,#6056,.F.);
#8696=ORIENTED_EDGE('',*,*,#5963,.F.);
#8697=ORIENTED_EDGE('',*,*,#6057,.F.);
#8698=ORIENTED_EDGE('',*,*,#5843,.F.);
#8699=ORIENTED_EDGE('',*,*,#6035,.F.);
#8700=ORIENTED_EDGE('',*,*,#5965,.F.);
#8701=ORIENTED_EDGE('',*,*,#6059,.F.);
#8702=ORIENTED_EDGE('',*,*,#5839,.F.);
#8703=ORIENTED_EDGE('',*,*,#6033,.F.);
#8704=ORIENTED_EDGE('',*,*,#5969,.F.);
#8705=ORIENTED_EDGE('',*,*,#6061,.F.);
#8706=ORIENTED_EDGE('',*,*,#5835,.F.);
#8707=ORIENTED_EDGE('',*,*,#6031,.F.);
#8708=ORIENTED_EDGE('',*,*,#5973,.F.);
#8709=ORIENTED_EDGE('',*,*,#6063,.F.);
#8710=ORIENTED_EDGE('',*,*,#5831,.F.);
#8711=ORIENTED_EDGE('',*,*,#6029,.F.);
#8712=ORIENTED_EDGE('',*,*,#5977,.F.);
#8713=ORIENTED_EDGE('',*,*,#6065,.F.);
#8714=ORIENTED_EDGE('',*,*,#5827,.F.);
#8715=ORIENTED_EDGE('',*,*,#6027,.F.);
#8716=ORIENTED_EDGE('',*,*,#5981,.F.);
#8717=ORIENTED_EDGE('',*,*,#6028,.F.);
#8718=ORIENTED_EDGE('',*,*,#5825,.F.);
#8719=ORIENTED_EDGE('',*,*,#6024,.F.);
#8720=ORIENTED_EDGE('',*,*,#5983,.F.);
#8721=ORIENTED_EDGE('',*,*,#6030,.F.);
#8722=ORIENTED_EDGE('',*,*,#5829,.F.);
#8723=ORIENTED_EDGE('',*,*,#6064,.F.);
#8724=ORIENTED_EDGE('',*,*,#5979,.F.);
#8725=ORIENTED_EDGE('',*,*,#6036,.F.);
#8726=ORIENTED_EDGE('',*,*,#5841,.F.);
#8727=ORIENTED_EDGE('',*,*,#6058,.F.);
#8728=ORIENTED_EDGE('',*,*,#5967,.F.);
#8729=ORIENTED_EDGE('',*,*,#6034,.F.);
#8730=ORIENTED_EDGE('',*,*,#5837,.F.);
#8731=ORIENTED_EDGE('',*,*,#6060,.F.);
#8732=ORIENTED_EDGE('',*,*,#5971,.F.);
#8733=ORIENTED_EDGE('',*,*,#6032,.F.);
#8734=ORIENTED_EDGE('',*,*,#5833,.F.);
#8735=ORIENTED_EDGE('',*,*,#6062,.F.);
#8736=ORIENTED_EDGE('',*,*,#5975,.F.);
#8737=ORIENTED_EDGE('',*,*,#6066,.T.);
#8738=ORIENTED_EDGE('',*,*,#6067,.T.);
#8739=ORIENTED_EDGE('',*,*,#6068,.T.);
#8740=ORIENTED_EDGE('',*,*,#6067,.F.);
#8741=ORIENTED_EDGE('',*,*,#6069,.F.);
#8742=ORIENTED_EDGE('',*,*,#6070,.T.);
#8743=ORIENTED_EDGE('',*,*,#6066,.F.);
#8744=ORIENTED_EDGE('',*,*,#6070,.F.);
#8745=ORIENTED_EDGE('',*,*,#6068,.F.);
#8746=ORIENTED_EDGE('',*,*,#6071,.F.);
#8747=ORIENTED_EDGE('',*,*,#6072,.T.);
#8748=ORIENTED_EDGE('',*,*,#6073,.T.);
#8749=ORIENTED_EDGE('',*,*,#6069,.T.);
#8750=ORIENTED_EDGE('',*,*,#6073,.F.);
#8751=ORIENTED_EDGE('',*,*,#6072,.F.);
#8752=ORIENTED_EDGE('',*,*,#6074,.T.);
#8753=ORIENTED_EDGE('',*,*,#6074,.F.);
#8754=ORIENTED_EDGE('',*,*,#6075,.T.);
#8755=ORIENTED_EDGE('',*,*,#6071,.T.);
#8756=ORIENTED_EDGE('',*,*,#6075,.F.);
#8757=ORIENTED_EDGE('',*,*,#6076,.F.);
#8758=ORIENTED_EDGE('',*,*,#6077,.F.);
#8759=ORIENTED_EDGE('',*,*,#6078,.F.);
#8760=ORIENTED_EDGE('',*,*,#6079,.T.);
#8761=ORIENTED_EDGE('',*,*,#6080,.F.);
#8762=ORIENTED_EDGE('',*,*,#6079,.F.);
#8763=ORIENTED_EDGE('',*,*,#6081,.F.);
#8764=ORIENTED_EDGE('',*,*,#6082,.F.);
#8765=ORIENTED_EDGE('',*,*,#6083,.T.);
#8766=ORIENTED_EDGE('',*,*,#6084,.F.);
#8767=ORIENTED_EDGE('',*,*,#6083,.F.);
#8768=ORIENTED_EDGE('',*,*,#6080,.T.);
#8769=ORIENTED_EDGE('',*,*,#6085,.T.);
#8770=ORIENTED_EDGE('',*,*,#6086,.F.);
#8771=ORIENTED_EDGE('',*,*,#6087,.F.);
#8772=ORIENTED_EDGE('',*,*,#6088,.F.);
#8773=ORIENTED_EDGE('',*,*,#6085,.F.);
#8774=ORIENTED_EDGE('',*,*,#6084,.T.);
#8775=ORIENTED_EDGE('',*,*,#6089,.T.);
#8776=ORIENTED_EDGE('',*,*,#6090,.F.);
#8777=ORIENTED_EDGE('',*,*,#6091,.F.);
#8778=ORIENTED_EDGE('',*,*,#6089,.F.);
#8779=ORIENTED_EDGE('',*,*,#6092,.T.);
#8780=ORIENTED_EDGE('',*,*,#6093,.T.);
#8781=ORIENTED_EDGE('',*,*,#6094,.T.);
#8782=ORIENTED_EDGE('',*,*,#6093,.F.);
#8783=ORIENTED_EDGE('',*,*,#6095,.F.);
#8784=ORIENTED_EDGE('',*,*,#6096,.T.);
#8785=ORIENTED_EDGE('',*,*,#6077,.T.);
#8786=ORIENTED_EDGE('',*,*,#6097,.T.);
#8787=ORIENTED_EDGE('',*,*,#6092,.F.);
#8788=ORIENTED_EDGE('',*,*,#6097,.F.);
#8789=ORIENTED_EDGE('',*,*,#6076,.T.);
#8790=ORIENTED_EDGE('',*,*,#6078,.T.);
#8791=ORIENTED_EDGE('',*,*,#6096,.F.);
#8792=ORIENTED_EDGE('',*,*,#6082,.T.);
#8793=ORIENTED_EDGE('',*,*,#6081,.T.);
#8794=ORIENTED_EDGE('',*,*,#6094,.F.);
#8795=ORIENTED_EDGE('',*,*,#6098,.F.);
#8796=ORIENTED_EDGE('',*,*,#6099,.T.);
#8797=ORIENTED_EDGE('',*,*,#6100,.T.);
#8798=ORIENTED_EDGE('',*,*,#6095,.T.);
#8799=ORIENTED_EDGE('',*,*,#6100,.F.);
#8800=ORIENTED_EDGE('',*,*,#6099,.F.);
#8801=ORIENTED_EDGE('',*,*,#6101,.T.);
#8802=ORIENTED_EDGE('',*,*,#6101,.F.);
#8803=ORIENTED_EDGE('',*,*,#6102,.T.);
#8804=ORIENTED_EDGE('',*,*,#6086,.T.);
#8805=ORIENTED_EDGE('',*,*,#6088,.T.);
#8806=ORIENTED_EDGE('',*,*,#6103,.T.);
#8807=ORIENTED_EDGE('',*,*,#6098,.T.);
#8808=ORIENTED_EDGE('',*,*,#6103,.F.);
#8809=ORIENTED_EDGE('',*,*,#6087,.T.);
#8810=ORIENTED_EDGE('',*,*,#6102,.F.);
#8811=ORIENTED_EDGE('',*,*,#6090,.T.);
#8812=ORIENTED_EDGE('',*,*,#6091,.T.);
#8813=ORIENTED_EDGE('',*,*,#6104,.T.);
#8814=ORIENTED_EDGE('',*,*,#6105,.T.);
#8815=ORIENTED_EDGE('',*,*,#6106,.T.);
#8816=ORIENTED_EDGE('',*,*,#6105,.F.);
#8817=ORIENTED_EDGE('',*,*,#6106,.F.);
#8818=ORIENTED_EDGE('',*,*,#6107,.T.);
#8819=ORIENTED_EDGE('',*,*,#6108,.T.);
#8820=ORIENTED_EDGE('',*,*,#6107,.F.);
#8821=ORIENTED_EDGE('',*,*,#6104,.F.);
#8822=ORIENTED_EDGE('',*,*,#6109,.F.);
#8823=ORIENTED_EDGE('',*,*,#6110,.F.);
#8824=ORIENTED_EDGE('',*,*,#6111,.F.);
#8825=ORIENTED_EDGE('',*,*,#6112,.F.);
#8826=ORIENTED_EDGE('',*,*,#6113,.F.);
#8827=ORIENTED_EDGE('',*,*,#6114,.F.);
#8828=ORIENTED_EDGE('',*,*,#6108,.F.);
#8829=ORIENTED_EDGE('',*,*,#6110,.T.);
#8830=ORIENTED_EDGE('',*,*,#6115,.T.);
#8831=ORIENTED_EDGE('',*,*,#6116,.F.);
#8832=ORIENTED_EDGE('',*,*,#6117,.F.);
#8833=ORIENTED_EDGE('',*,*,#6109,.T.);
#8834=ORIENTED_EDGE('',*,*,#6118,.T.);
#8835=ORIENTED_EDGE('',*,*,#6119,.F.);
#8836=ORIENTED_EDGE('',*,*,#6115,.F.);
#8837=ORIENTED_EDGE('',*,*,#6114,.T.);
#8838=ORIENTED_EDGE('',*,*,#6120,.T.);
#8839=ORIENTED_EDGE('',*,*,#6121,.F.);
#8840=ORIENTED_EDGE('',*,*,#6118,.F.);
#8841=ORIENTED_EDGE('',*,*,#6113,.T.);
#8842=ORIENTED_EDGE('',*,*,#6122,.T.);
#8843=ORIENTED_EDGE('',*,*,#6123,.F.);
#8844=ORIENTED_EDGE('',*,*,#6120,.F.);
#8845=ORIENTED_EDGE('',*,*,#6112,.T.);
#8846=ORIENTED_EDGE('',*,*,#6124,.T.);
#8847=ORIENTED_EDGE('',*,*,#6125,.F.);
#8848=ORIENTED_EDGE('',*,*,#6122,.F.);
#8849=ORIENTED_EDGE('',*,*,#6111,.T.);
#8850=ORIENTED_EDGE('',*,*,#6117,.T.);
#8851=ORIENTED_EDGE('',*,*,#6126,.F.);
#8852=ORIENTED_EDGE('',*,*,#6124,.F.);
#8853=ORIENTED_EDGE('',*,*,#6116,.T.);
#8854=ORIENTED_EDGE('',*,*,#6119,.T.);
#8855=ORIENTED_EDGE('',*,*,#6121,.T.);
#8856=ORIENTED_EDGE('',*,*,#6123,.T.);
#8857=ORIENTED_EDGE('',*,*,#6125,.T.);
#8858=ORIENTED_EDGE('',*,*,#6126,.T.);
#8859=CYLINDRICAL_SURFACE('',#9821,2.5);
#8860=CYLINDRICAL_SURFACE('',#9830,4.25);
#8861=CYLINDRICAL_SURFACE('',#9880,7.);
#8862=CYLINDRICAL_SURFACE('',#9882,2.1);
#8863=CYLINDRICAL_SURFACE('',#9884,7.);
#8864=CYLINDRICAL_SURFACE('',#9890,0.25);
#8865=CYLINDRICAL_SURFACE('',#9893,0.25);
#8866=CYLINDRICAL_SURFACE('',#9895,0.25);
#8867=CYLINDRICAL_SURFACE('',#9897,0.7);
#8868=CYLINDRICAL_SURFACE('',#9898,0.699999999998782);
#8869=CYLINDRICAL_SURFACE('',#9900,0.25);
#8870=CYLINDRICAL_SURFACE('',#9911,5.75);
#8871=CYLINDRICAL_SURFACE('',#9918,3.25);
#8872=CYLINDRICAL_SURFACE('',#9923,6.5);
#8873=CYLINDRICAL_SURFACE('',#9926,2.5);
#8874=CYLINDRICAL_SURFACE('',#9934,5.75);
#8875=CYLINDRICAL_SURFACE('',#9941,3.25);
#8876=CYLINDRICAL_SURFACE('',#9946,1.2645);
#8877=CYLINDRICAL_SURFACE('',#9953,4.);
#8878=CYLINDRICAL_SURFACE('',#9961,2.5);
#8879=CYLINDRICAL_SURFACE('',#9970,2.5);
#8880=CYLINDRICAL_SURFACE('',#9976,5.);
#8881=CYLINDRICAL_SURFACE('',#9981,2.6);
#8882=CYLINDRICAL_SURFACE('',#9992,3.);
#8883=CYLINDRICAL_SURFACE('',#9998,1.5);
#8884=CYLINDRICAL_SURFACE('',#10022,2.5);
#8885=CYLINDRICAL_SURFACE('',#10029,1.2645);
#8886=CYLINDRICAL_SURFACE('',#10040,2.5);
#8887=CYLINDRICAL_SURFACE('',#10050,2.55);
#8888=CYLINDRICAL_SURFACE('',#10060,3.99999999999999);
#8889=CYLINDRICAL_SURFACE('',#10069,6.5);
#8890=CYLINDRICAL_SURFACE('',#10074,7.5);
#8891=CYLINDRICAL_SURFACE('',#10085,2.5);
#8892=CYLINDRICAL_SURFACE('',#10089,3.25);
#8893=CYLINDRICAL_SURFACE('',#10093,5.75);
#8894=CYLINDRICAL_SURFACE('',#10102,5.75);
#8895=CYLINDRICAL_SURFACE('',#10109,3.25);
#8896=CYLINDRICAL_SURFACE('',#10162,2.55000000000001);
#8897=CYLINDRICAL_SURFACE('',#10166,2.55000000000001);
#8898=CYLINDRICAL_SURFACE('',#10187,1.59999999999999);
#8899=CYLINDRICAL_SURFACE('',#10190,0.4);
#8900=CYLINDRICAL_SURFACE('',#10194,1.5);
#8901=CYLINDRICAL_SURFACE('',#10197,1.5);
#8902=CYLINDRICAL_SURFACE('',#10200,1.5);
#8903=CYLINDRICAL_SURFACE('',#10202,0.4);
#8904=CYLINDRICAL_SURFACE('',#10204,1.6);
#8905=CYLINDRICAL_SURFACE('',#10211,1.55);
#8906=CYLINDRICAL_SURFACE('',#10219,2.55);
#8907=CYLINDRICAL_SURFACE('',#10241,7.6);
#8908=CYLINDRICAL_SURFACE('',#10246,6.5);
#8909=CYLINDRICAL_SURFACE('',#10280,1.55);
#8910=CYLINDRICAL_SURFACE('',#10289,2.5);
#8911=CYLINDRICAL_SURFACE('',#10292,4.);
#8912=CYLINDRICAL_SURFACE('',#10293,0.4);
#8913=CYLINDRICAL_SURFACE('',#10294,8.5);
#8914=CYLINDRICAL_SURFACE('',#10295,0.4);
#8915=CYLINDRICAL_SURFACE('',#10297,0.4);
#8916=CYLINDRICAL_SURFACE('',#10299,0.4);
#8917=CYLINDRICAL_SURFACE('',#10373,4.5);
#8918=CYLINDRICAL_SURFACE('',#10377,4.5);
#8919=CYLINDRICAL_SURFACE('',#10383,1.5);
#8920=CYLINDRICAL_SURFACE('',#10385,1.5);
#8921=CYLINDRICAL_SURFACE('',#10387,0.4);
#8922=CYLINDRICAL_SURFACE('',#10388,8.5);
#8923=CYLINDRICAL_SURFACE('',#10389,4.49999999999999);
#8924=CYLINDRICAL_SURFACE('',#10391,3.);
#8925=CYLINDRICAL_SURFACE('',#10393,3.);
#8926=CYLINDRICAL_SURFACE('',#10395,1.5);
#8927=CYLINDRICAL_SURFACE('',#10397,1.5);
#8928=CYLINDRICAL_SURFACE('',#10399,1.5);
#8929=CYLINDRICAL_SURFACE('',#10401,1.5);
#8930=CYLINDRICAL_SURFACE('',#10403,1.5);
#8931=CYLINDRICAL_SURFACE('',#10404,1.5);
#8932=CYLINDRICAL_SURFACE('',#10469,1.5);
#8933=CYLINDRICAL_SURFACE('',#10472,3.);
#8934=CYLINDRICAL_SURFACE('',#10475,1.5);
#8935=CYLINDRICAL_SURFACE('',#10478,1.5);
#8936=CYLINDRICAL_SURFACE('',#10481,3.);
#8937=CYLINDRICAL_SURFACE('',#10484,1.5);
#8938=CYLINDRICAL_SURFACE('',#10487,1.5);
#8939=CYLINDRICAL_SURFACE('',#10490,1.5);
#8940=CYLINDRICAL_SURFACE('',#10505,7.6);
#8941=CYLINDRICAL_SURFACE('',#10510,6.5);
#8942=CYLINDRICAL_SURFACE('',#10518,1.55);
#8943=CYLINDRICAL_SURFACE('',#10526,1.55);
#8944=CYLINDRICAL_SURFACE('',#10535,2.55);
#8945=CYLINDRICAL_SURFACE('',#10539,2.5);
#8946=CYLINDRICAL_SURFACE('',#10553,2.55000000000001);
#8947=CYLINDRICAL_SURFACE('',#10557,2.55000000000001);
#8948=CYLINDRICAL_SURFACE('',#10579,0.4);
#8949=CYLINDRICAL_SURFACE('',#10580,1.59999999999999);
#8950=CYLINDRICAL_SURFACE('',#10582,0.4);
#8951=CYLINDRICAL_SURFACE('',#10584,0.4);
#8952=CYLINDRICAL_SURFACE('',#10585,8.5);
#8953=CYLINDRICAL_SURFACE('',#10655,4.5);
#8954=CYLINDRICAL_SURFACE('',#10659,4.5);
#8955=CYLINDRICAL_SURFACE('',#10665,1.5);
#8956=CYLINDRICAL_SURFACE('',#10666,1.6);
#8957=CYLINDRICAL_SURFACE('',#10667,0.4);
#8958=CYLINDRICAL_SURFACE('',#10669,1.5);
#8959=CYLINDRICAL_SURFACE('',#10671,1.5);
#8960=CYLINDRICAL_SURFACE('',#10673,1.5);
#8961=CYLINDRICAL_SURFACE('',#10674,0.4);
#8962=CYLINDRICAL_SURFACE('',#10675,0.4);
#8963=CYLINDRICAL_SURFACE('',#10677,4.49999999999999);
#8964=CYLINDRICAL_SURFACE('',#10678,1.5);
#8965=CYLINDRICAL_SURFACE('',#10688,1.666);
#8966=CYLINDRICAL_SURFACE('',#10693,1.666);
#8967=CYLINDRICAL_SURFACE('',#10694,5.);
#8968=CYLINDRICAL_SURFACE('',#10699,5.);
#8969=CYLINDRICAL_SURFACE('',#10866,0.16);
#8970=CYLINDRICAL_SURFACE('',#10867,6.11);
#8971=CYLINDRICAL_SURFACE('',#10868,0.16);
#8972=CYLINDRICAL_SURFACE('',#10869,0.55);
#8973=CYLINDRICAL_SURFACE('',#10870,0.16);
#8974=CYLINDRICAL_SURFACE('',#10871,6.11);
#8975=CYLINDRICAL_SURFACE('',#10872,0.16);
#8976=CYLINDRICAL_SURFACE('',#10873,0.55);
#8977=CYLINDRICAL_SURFACE('',#10874,0.16);
#8978=CYLINDRICAL_SURFACE('',#10875,6.11);
#8979=CYLINDRICAL_SURFACE('',#10876,0.16);
#8980=CYLINDRICAL_SURFACE('',#10877,0.55);
#8981=CYLINDRICAL_SURFACE('',#10878,0.16);
#8982=CYLINDRICAL_SURFACE('',#10879,6.11);
#8983=CYLINDRICAL_SURFACE('',#10880,0.16);
#8984=CYLINDRICAL_SURFACE('',#10881,0.55);
#8985=CYLINDRICAL_SURFACE('',#10882,0.16);
#8986=CYLINDRICAL_SURFACE('',#10883,6.11);
#8987=CYLINDRICAL_SURFACE('',#10884,0.16);
#8988=CYLINDRICAL_SURFACE('',#10885,0.55);
#8989=CYLINDRICAL_SURFACE('',#10886,0.16);
#8990=CYLINDRICAL_SURFACE('',#10887,6.11);
#8991=CYLINDRICAL_SURFACE('',#10888,0.16);
#8992=CYLINDRICAL_SURFACE('',#10889,0.55);
#8993=CYLINDRICAL_SURFACE('',#10890,0.16);
#8994=CYLINDRICAL_SURFACE('',#10891,6.11);
#8995=CYLINDRICAL_SURFACE('',#10892,0.16);
#8996=CYLINDRICAL_SURFACE('',#10893,0.55);
#8997=CYLINDRICAL_SURFACE('',#10894,0.16);
#8998=CYLINDRICAL_SURFACE('',#10895,6.11);
#8999=CYLINDRICAL_SURFACE('',#10896,0.16);
#9000=CYLINDRICAL_SURFACE('',#10897,0.55);
#9001=CYLINDRICAL_SURFACE('',#10898,0.16);
#9002=CYLINDRICAL_SURFACE('',#10899,6.11);
#9003=CYLINDRICAL_SURFACE('',#10900,0.16);
#9004=CYLINDRICAL_SURFACE('',#10901,0.55);
#9005=CYLINDRICAL_SURFACE('',#10902,0.16);
#9006=CYLINDRICAL_SURFACE('',#10903,6.11);
#9007=CYLINDRICAL_SURFACE('',#10904,0.16);
#9008=CYLINDRICAL_SURFACE('',#10905,0.55);
#9009=CYLINDRICAL_SURFACE('',#10906,2.5);
#9010=CYLINDRICAL_SURFACE('',#10907,6.11);
#9011=CYLINDRICAL_SURFACE('',#10908,6.11);
#9012=CYLINDRICAL_SURFACE('',#10909,6.11);
#9013=CYLINDRICAL_SURFACE('',#10910,6.11);
#9014=CYLINDRICAL_SURFACE('',#10911,6.11);
#9015=CYLINDRICAL_SURFACE('',#10912,6.11);
#9016=CYLINDRICAL_SURFACE('',#10913,6.11);
#9017=CYLINDRICAL_SURFACE('',#10914,6.11);
#9018=CYLINDRICAL_SURFACE('',#10915,6.11);
#9019=CYLINDRICAL_SURFACE('',#10916,6.11);
#9020=CYLINDRICAL_SURFACE('',#10917,0.55);
#9021=CYLINDRICAL_SURFACE('',#10918,0.55);
#9022=CYLINDRICAL_SURFACE('',#10919,0.55);
#9023=CYLINDRICAL_SURFACE('',#10920,0.55);
#9024=CYLINDRICAL_SURFACE('',#10921,0.55);
#9025=CYLINDRICAL_SURFACE('',#10922,0.55);
#9026=CYLINDRICAL_SURFACE('',#10923,0.55);
#9027=CYLINDRICAL_SURFACE('',#10924,0.55);
#9028=CYLINDRICAL_SURFACE('',#10925,0.55);
#9029=CYLINDRICAL_SURFACE('',#10926,0.55);
#9030=CYLINDRICAL_SURFACE('',#10927,0.16);
#9031=CYLINDRICAL_SURFACE('',#10928,0.16);
#9032=CYLINDRICAL_SURFACE('',#10929,0.16);
#9033=CYLINDRICAL_SURFACE('',#10930,0.16);
#9034=CYLINDRICAL_SURFACE('',#10931,0.16);
#9035=CYLINDRICAL_SURFACE('',#10932,0.16);
#9036=CYLINDRICAL_SURFACE('',#10933,0.16);
#9037=CYLINDRICAL_SURFACE('',#10934,0.16);
#9038=CYLINDRICAL_SURFACE('',#10935,0.16);
#9039=CYLINDRICAL_SURFACE('',#10936,0.16);
#9040=CYLINDRICAL_SURFACE('',#10937,0.16);
#9041=CYLINDRICAL_SURFACE('',#10938,0.16);
#9042=CYLINDRICAL_SURFACE('',#10939,0.16);
#9043=CYLINDRICAL_SURFACE('',#10940,0.16);
#9044=CYLINDRICAL_SURFACE('',#10941,0.16);
#9045=CYLINDRICAL_SURFACE('',#10942,0.16);
#9046=CYLINDRICAL_SURFACE('',#10943,0.16);
#9047=CYLINDRICAL_SURFACE('',#10944,0.16);
#9048=CYLINDRICAL_SURFACE('',#10945,0.16);
#9049=CYLINDRICAL_SURFACE('',#10946,0.16);
#9050=CYLINDRICAL_SURFACE('',#10951,7.5);
#9051=CYLINDRICAL_SURFACE('',#10959,5.);
#9052=CYLINDRICAL_SURFACE('',#10965,1.666);
#9053=CYLINDRICAL_SURFACE('',#10966,1.666);
#9054=CYLINDRICAL_SURFACE('',#10970,7.5);
#9055=CYLINDRICAL_SURFACE('',#10978,5.);
#9056=CYLINDRICAL_SURFACE('',#10983,1.954);
#9057=ADVANCED_FACE('',(#772),#8859,.T.);
#9058=ADVANCED_FACE('',(#773,#515),#583,.T.);
#9059=ADVANCED_FACE('',(#774),#335,.T.);
#9060=ADVANCED_FACE('',(#775),#8860,.T.);
#9061=ADVANCED_FACE('',(#776),#336,.T.);
#9062=ADVANCED_FACE('',(#777,#516),#584,.T.);
#9063=ADVANCED_FACE('',(#778),#585,.T.);
#9064=ADVANCED_FACE('',(#779),#337,.F.);
#9065=ADVANCED_FACE('',(#780),#338,.F.);
#9066=ADVANCED_FACE('',(#781),#339,.F.);
#9067=ADVANCED_FACE('',(#782),#340,.F.);
#9068=ADVANCED_FACE('',(#783),#341,.F.);
#9069=ADVANCED_FACE('',(#784),#342,.F.);
#9070=ADVANCED_FACE('',(#785),#586,.F.);
#9071=ADVANCED_FACE('',(#786),#587,.T.);
#9072=ADVANCED_FACE('',(#787),#588,.T.);
#9073=ADVANCED_FACE('',(#788),#589,.T.);
#9074=ADVANCED_FACE('',(#789),#590,.T.);
#9075=ADVANCED_FACE('',(#790),#591,.T.);
#9076=ADVANCED_FACE('',(#791),#592,.T.);
#9077=ADVANCED_FACE('',(#792),#593,.T.);
#9078=ADVANCED_FACE('',(#793),#594,.F.);
#9079=ADVANCED_FACE('',(#794),#343,.F.);
#9080=ADVANCED_FACE('',(#795),#149,.T.);
#9081=ADVANCED_FACE('',(#796),#344,.F.);
#9082=ADVANCED_FACE('',(#797),#150,.T.);
#9083=ADVANCED_FACE('',(#798),#8861,.T.);
#9084=ADVANCED_FACE('',(#799),#595,.T.);
#9085=ADVANCED_FACE('',(#800),#8862,.F.);
#9086=ADVANCED_FACE('',(#801),#8863,.T.);
#9087=ADVANCED_FACE('',(#802),#596,.T.);
#9088=ADVANCED_FACE('',(#803),#345,.F.);
#9089=ADVANCED_FACE('',(#804),#8864,.T.);
#9090=ADVANCED_FACE('',(#805),#597,.T.);
#9091=ADVANCED_FACE('',(#806),#598,.T.);
#9092=ADVANCED_FACE('',(#807),#8865,.T.);
#9093=ADVANCED_FACE('',(#808),#599,.T.);
#9094=ADVANCED_FACE('',(#809),#8866,.F.);
#9095=ADVANCED_FACE('',(#810),#600,.T.);
#9096=ADVANCED_FACE('',(#811),#8867,.T.);
#9097=ADVANCED_FACE('',(#812),#8868,.T.);
#9098=ADVANCED_FACE('',(#813),#601,.T.);
#9099=ADVANCED_FACE('',(#814),#8869,.F.);
#9100=ADVANCED_FACE('',(#815),#602,.T.);
#9101=ADVANCED_FACE('',(#816),#346,.T.);
#9102=ADVANCED_FACE('',(#817,#517),#603,.T.);
#9103=ADVANCED_FACE('',(#818),#347,.F.);
#9104=ADVANCED_FACE('',(#819),#8870,.F.);
#9105=ADVANCED_FACE('',(#820),#348,.T.);
#9106=ADVANCED_FACE('',(#821,#518),#604,.T.);
#9107=ADVANCED_FACE('',(#822),#8871,.T.);
#9108=ADVANCED_FACE('',(#823),#349,.F.);
#9109=ADVANCED_FACE('',(#824,#519),#605,.T.);
#9110=ADVANCED_FACE('',(#825),#8872,.T.);
#9111=ADVANCED_FACE('',(#826),#8873,.F.);
#9112=ADVANCED_FACE('',(#827),#350,.T.);
#9113=ADVANCED_FACE('',(#828,#520),#606,.F.);
#9114=ADVANCED_FACE('',(#829),#351,.F.);
#9115=ADVANCED_FACE('',(#830),#8874,.F.);
#9116=ADVANCED_FACE('',(#831),#352,.T.);
#9117=ADVANCED_FACE('',(#832,#521),#607,.F.);
#9118=ADVANCED_FACE('',(#833),#8875,.T.);
#9119=ADVANCED_FACE('',(#834),#353,.F.);
#9120=ADVANCED_FACE('',(#835,#522),#608,.F.);
#9121=ADVANCED_FACE('',(#836),#8876,.F.);
#9122=ADVANCED_FACE('',(#837),#354,.T.);
#9123=ADVANCED_FACE('',(#838),#8877,.T.);
#9124=ADVANCED_FACE('',(#839,#523),#609,.T.);
#9125=ADVANCED_FACE('',(#840),#355,.T.);
#9126=ADVANCED_FACE('',(#841,#524),#610,.F.);
#9127=ADVANCED_FACE('',(#842),#8878,.T.);
#9128=ADVANCED_FACE('',(#843),#356,.F.);
#9129=ADVANCED_FACE('',(#844),#357,.F.);
#9130=ADVANCED_FACE('',(#845),#358,.T.);
#9131=ADVANCED_FACE('',(#846),#8879,.T.);
#9132=ADVANCED_FACE('',(#847,#525),#611,.T.);
#9133=ADVANCED_FACE('',(#848),#359,.T.);
#9134=ADVANCED_FACE('',(#849,#526),#612,.F.);
#9135=ADVANCED_FACE('',(#850),#8880,.T.);
#9136=ADVANCED_FACE('',(#851),#360,.T.);
#9137=ADVANCED_FACE('',(#852),#8881,.F.);
#9138=ADVANCED_FACE('',(#853),#361,.F.);
#9139=ADVANCED_FACE('',(#854),#362,.F.);
#9140=ADVANCED_FACE('',(#855),#363,.T.);
#9141=ADVANCED_FACE('',(#856),#8882,.T.);
#9142=ADVANCED_FACE('',(#857),#364,.T.);
#9143=ADVANCED_FACE('',(#858),#8883,.T.);
#9144=ADVANCED_FACE('',(#859),#613,.T.);
#9145=ADVANCED_FACE('',(#860,#527),#614,.T.);
#9146=ADVANCED_FACE('',(#861),#615,.F.);
#9147=ADVANCED_FACE('',(#862),#616,.F.);
#9148=ADVANCED_FACE('',(#863),#617,.F.);
#9149=ADVANCED_FACE('',(#864),#618,.F.);
#9150=ADVANCED_FACE('',(#865),#619,.F.);
#9151=ADVANCED_FACE('',(#866),#620,.F.);
#9152=ADVANCED_FACE('',(#867),#621,.T.);
#9153=ADVANCED_FACE('',(#868),#365,.F.);
#9154=ADVANCED_FACE('',(#869),#366,.F.);
#9155=ADVANCED_FACE('',(#870),#367,.F.);
#9156=ADVANCED_FACE('',(#871),#368,.F.);
#9157=ADVANCED_FACE('',(#872),#369,.F.);
#9158=ADVANCED_FACE('',(#873),#370,.T.);
#9159=ADVANCED_FACE('',(#874),#8884,.T.);
#9160=ADVANCED_FACE('',(#875),#622,.F.);
#9161=ADVANCED_FACE('',(#876),#371,.T.);
#9162=ADVANCED_FACE('',(#877),#623,.T.);
#9163=ADVANCED_FACE('',(#878),#8885,.F.);
#9164=ADVANCED_FACE('',(#879),#372,.F.);
#9165=ADVANCED_FACE('',(#880),#373,.F.);
#9166=ADVANCED_FACE('',(#881),#374,.T.);
#9167=ADVANCED_FACE('',(#882),#8886,.T.);
#9168=ADVANCED_FACE('',(#883,#528),#624,.T.);
#9169=ADVANCED_FACE('',(#884),#375,.T.);
#9170=ADVANCED_FACE('',(#885,#529),#625,.F.);
#9171=ADVANCED_FACE('',(#886),#376,.F.);
#9172=ADVANCED_FACE('',(#887),#8887,.F.);
#9173=ADVANCED_FACE('',(#888,#530),#626,.T.);
#9174=ADVANCED_FACE('',(#889),#377,.F.);
#9175=ADVANCED_FACE('',(#890,#531),#627,.F.);
#9176=ADVANCED_FACE('',(#891),#378,.T.);
#9177=ADVANCED_FACE('',(#892),#8888,.T.);
#9178=ADVANCED_FACE('',(#893),#379,.T.);
#9179=ADVANCED_FACE('',(#894),#380,.T.);
#9180=ADVANCED_FACE('',(#895,#532),#628,.F.);
#9181=ADVANCED_FACE('',(#896),#8889,.T.);
#9182=ADVANCED_FACE('',(#897),#381,.T.);
#9183=ADVANCED_FACE('',(#898),#8890,.T.);
#9184=ADVANCED_FACE('',(#899),#382,.T.);
#9185=ADVANCED_FACE('',(#900,#533),#629,.F.);
#9186=ADVANCED_FACE('',(#901),#383,.F.);
#9187=ADVANCED_FACE('',(#902,#534),#630,.F.);
#9188=ADVANCED_FACE('',(#903),#8891,.F.);
#9189=ADVANCED_FACE('',(#904),#384,.T.);
#9190=ADVANCED_FACE('',(#905),#8892,.T.);
#9191=ADVANCED_FACE('',(#906),#385,.F.);
#9192=ADVANCED_FACE('',(#907),#8893,.F.);
#9193=ADVANCED_FACE('',(#908,#535),#631,.F.);
#9194=ADVANCED_FACE('',(#909),#386,.T.);
#9195=ADVANCED_FACE('',(#910,#536),#632,.F.);
#9196=ADVANCED_FACE('',(#911),#387,.F.);
#9197=ADVANCED_FACE('',(#912),#8894,.F.);
#9198=ADVANCED_FACE('',(#913),#388,.T.);
#9199=ADVANCED_FACE('',(#914,#537),#633,.F.);
#9200=ADVANCED_FACE('',(#915),#8895,.T.);
#9201=ADVANCED_FACE('',(#916),#389,.F.);
#9202=ADVANCED_FACE('',(#917,#538),#634,.F.);
#9203=ADVANCED_FACE('',(#918),#390,.F.);
#9204=ADVANCED_FACE('',(#919),#391,.T.);
#9205=ADVANCED_FACE('',(#920),#392,.T.);
#9206=ADVANCED_FACE('',(#921),#393,.T.);
#9207=ADVANCED_FACE('',(#922),#394,.F.);
#9208=ADVANCED_FACE('',(#923),#395,.T.);
#9209=ADVANCED_FACE('',(#924),#396,.T.);
#9210=ADVANCED_FACE('',(#925),#635,.T.);
#9211=ADVANCED_FACE('',(#926),#636,.T.);
#9212=ADVANCED_FACE('',(#927),#397,.F.);
#9213=ADVANCED_FACE('',(#928),#398,.T.);
#9214=ADVANCED_FACE('',(#929),#399,.T.);
#9215=ADVANCED_FACE('',(#930),#637,.T.);
#9216=ADVANCED_FACE('',(#931),#638,.T.);
#9217=ADVANCED_FACE('',(#932),#400,.T.);
#9218=ADVANCED_FACE('',(#933),#639,.T.);
#9219=ADVANCED_FACE('',(#934),#401,.F.);
#9220=ADVANCED_FACE('',(#935,#539,#540),#640,.T.);
#9221=ADVANCED_FACE('',(#936),#8896,.F.);
#9222=ADVANCED_FACE('',(#937),#402,.F.);
#9223=ADVANCED_FACE('',(#938),#8897,.F.);
#9224=ADVANCED_FACE('',(#939),#403,.F.);
#9225=ADVANCED_FACE('',(#940),#404,.T.);
#9226=ADVANCED_FACE('',(#941),#641,.T.);
#9227=ADVANCED_FACE('',(#942),#405,.T.);
#9228=ADVANCED_FACE('',(#943),#642,.T.);
#9229=ADVANCED_FACE('',(#944),#406,.T.);
#9230=ADVANCED_FACE('',(#945),#643,.T.);
#9231=ADVANCED_FACE('',(#946),#407,.T.);
#9232=ADVANCED_FACE('',(#947),#644,.T.);
#9233=ADVANCED_FACE('',(#948),#408,.T.);
#9234=ADVANCED_FACE('',(#949),#645,.T.);
#9235=ADVANCED_FACE('',(#950),#409,.F.);
#9236=ADVANCED_FACE('',(#951),#8898,.F.);
#9237=ADVANCED_FACE('',(#952),#646,.F.);
#9238=ADVANCED_FACE('',(#953),#8899,.T.);
#9239=ADVANCED_FACE('',(#954),#647,.T.);
#9240=ADVANCED_FACE('',(#955),#8900,.T.);
#9241=ADVANCED_FACE('',(#956),#648,.T.);
#9242=ADVANCED_FACE('',(#957),#8901,.T.);
#9243=ADVANCED_FACE('',(#958),#649,.T.);
#9244=ADVANCED_FACE('',(#959),#8902,.T.);
#9245=ADVANCED_FACE('',(#960),#650,.T.);
#9246=ADVANCED_FACE('',(#961),#8903,.T.);
#9247=ADVANCED_FACE('',(#962),#8904,.F.);
#9248=ADVANCED_FACE('',(#963),#410,.F.);
#9249=ADVANCED_FACE('',(#964,#541),#651,.F.);
#9250=ADVANCED_FACE('',(#965),#8905,.F.);
#9251=ADVANCED_FACE('',(#966),#411,.F.);
#9252=ADVANCED_FACE('',(#967,#542),#652,.T.);
#9253=ADVANCED_FACE('',(#968),#8906,.F.);
#9254=ADVANCED_FACE('',(#969),#412,.F.);
#9255=ADVANCED_FACE('',(#970,#543,#544),#653,.T.);
#9256=ADVANCED_FACE('',(#971),#8907,.F.);
#9257=ADVANCED_FACE('',(#972),#413,.F.);
#9258=ADVANCED_FACE('',(#973),#8908,.F.);
#9259=ADVANCED_FACE('',(#974,#545),#654,.F.);
#9260=ADVANCED_FACE('',(#975),#655,.T.);
#9261=ADVANCED_FACE('',(#976),#414,.T.);
#9262=ADVANCED_FACE('',(#977),#656,.T.);
#9263=ADVANCED_FACE('',(#978),#415,.T.);
#9264=ADVANCED_FACE('',(#979),#657,.T.);
#9265=ADVANCED_FACE('',(#980),#416,.T.);
#9266=ADVANCED_FACE('',(#981),#658,.T.);
#9267=ADVANCED_FACE('',(#982),#417,.F.);
#9268=ADVANCED_FACE('',(#983),#659,.T.);
#9269=ADVANCED_FACE('',(#984),#418,.T.);
#9270=ADVANCED_FACE('',(#985),#660,.T.);
#9271=ADVANCED_FACE('',(#986),#419,.T.);
#9272=ADVANCED_FACE('',(#987),#661,.T.);
#9273=ADVANCED_FACE('',(#988),#420,.F.);
#9274=ADVANCED_FACE('',(#989),#662,.T.);
#9275=ADVANCED_FACE('',(#990),#421,.T.);
#9276=ADVANCED_FACE('',(#991),#663,.T.);
#9277=ADVANCED_FACE('',(#992),#422,.F.);
#9278=ADVANCED_FACE('',(#993,#546),#664,.F.);
#9279=ADVANCED_FACE('',(#994),#8909,.F.);
#9280=ADVANCED_FACE('',(#995),#423,.F.);
#9281=ADVANCED_FACE('',(#996,#547),#665,.T.);
#9282=ADVANCED_FACE('',(#997),#8910,.F.);
#9283=ADVANCED_FACE('',(#998),#424,.T.);
#9284=ADVANCED_FACE('',(#999),#8911,.T.);
#9285=ADVANCED_FACE('',(#1000),#8912,.T.);
#9286=ADVANCED_FACE('',(#1001),#8913,.F.);
#9287=ADVANCED_FACE('',(#1002),#8914,.T.);
#9288=ADVANCED_FACE('',(#1003),#666,.F.);
#9289=ADVANCED_FACE('',(#1004),#8915,.T.);
#9290=ADVANCED_FACE('',(#1005),#667,.F.);
#9291=ADVANCED_FACE('',(#1006),#8916,.T.);
#9292=ADVANCED_FACE('',(#1007),#425,.F.);
#9293=ADVANCED_FACE('',(#1008),#668,.T.);
#9294=ADVANCED_FACE('',(#1009),#426,.T.);
#9295=ADVANCED_FACE('',(#1010),#669,.T.);
#9296=ADVANCED_FACE('',(#1011),#427,.T.);
#9297=ADVANCED_FACE('',(#1012),#670,.T.);
#9298=ADVANCED_FACE('',(#1013),#428,.F.);
#9299=ADVANCED_FACE('',(#1014),#671,.T.);
#9300=ADVANCED_FACE('',(#1015),#429,.T.);
#9301=ADVANCED_FACE('',(#1016),#672,.T.);
#9302=ADVANCED_FACE('',(#1017),#430,.T.);
#9303=ADVANCED_FACE('',(#1018),#673,.T.);
#9304=ADVANCED_FACE('',(#1019),#674,.T.);
#9305=ADVANCED_FACE('',(#1020),#431,.T.);
#9306=ADVANCED_FACE('',(#1021),#432,.F.);
#9307=ADVANCED_FACE('',(#1022),#675,.T.);
#9308=ADVANCED_FACE('',(#1023),#433,.T.);
#9309=ADVANCED_FACE('',(#1024),#434,.T.);
#9310=ADVANCED_FACE('',(#1025),#676,.T.);
#9311=ADVANCED_FACE('',(#1026),#435,.T.);
#9312=ADVANCED_FACE('',(#1027),#677,.T.);
#9313=ADVANCED_FACE('',(#1028),#436,.F.);
#9314=ADVANCED_FACE('',(#1029),#437,.T.);
#9315=ADVANCED_FACE('',(#1030),#438,.T.);
#9316=ADVANCED_FACE('',(#1031),#678,.T.);
#9317=ADVANCED_FACE('',(#1032),#679,.T.);
#9318=ADVANCED_FACE('',(#1033),#439,.T.);
#9319=ADVANCED_FACE('',(#1034),#680,.T.);
#9320=ADVANCED_FACE('',(#1035),#681,.T.);
#9321=ADVANCED_FACE('',(#1036),#440,.T.);
#9322=ADVANCED_FACE('',(#1037),#441,.T.);
#9323=ADVANCED_FACE('',(#1038),#682,.T.);
#9324=ADVANCED_FACE('',(#1039),#442,.F.);
#9325=ADVANCED_FACE('',(#1040,#548,#549,#550,#551,#552),#683,.F.);
#9326=ADVANCED_FACE('',(#1041),#443,.F.);
#9327=ADVANCED_FACE('',(#1042,#553),#684,.F.);
#9328=ADVANCED_FACE('',(#1043),#444,.F.);
#9329=ADVANCED_FACE('',(#1044),#8917,.F.);
#9330=ADVANCED_FACE('',(#1045),#445,.F.);
#9331=ADVANCED_FACE('',(#1046),#8918,.F.);
#9332=ADVANCED_FACE('',(#1047),#446,.F.);
#9333=ADVANCED_FACE('',(#1048,#554),#685,.F.);
#9334=ADVANCED_FACE('',(#1049),#686,.T.);
#9335=ADVANCED_FACE('',(#1050),#8919,.T.);
#9336=ADVANCED_FACE('',(#1051),#687,.T.);
#9337=ADVANCED_FACE('',(#1052),#8920,.T.);
#9338=ADVANCED_FACE('',(#1053),#688,.T.);
#9339=ADVANCED_FACE('',(#1054),#8921,.T.);
#9340=ADVANCED_FACE('',(#1055),#8922,.F.);
#9341=ADVANCED_FACE('',(#1056),#8923,.T.);
#9342=ADVANCED_FACE('',(#1057),#689,.T.);
#9343=ADVANCED_FACE('',(#1058),#8924,.F.);
#9344=ADVANCED_FACE('',(#1059),#690,.T.);
#9345=ADVANCED_FACE('',(#1060),#8925,.F.);
#9346=ADVANCED_FACE('',(#1061),#691,.T.);
#9347=ADVANCED_FACE('',(#1062),#8926,.T.);
#9348=ADVANCED_FACE('',(#1063),#692,.T.);
#9349=ADVANCED_FACE('',(#1064),#8927,.T.);
#9350=ADVANCED_FACE('',(#1065),#693,.T.);
#9351=ADVANCED_FACE('',(#1066),#8928,.T.);
#9352=ADVANCED_FACE('',(#1067),#694,.T.);
#9353=ADVANCED_FACE('',(#1068),#8929,.T.);
#9354=ADVANCED_FACE('',(#1069),#695,.T.);
#9355=ADVANCED_FACE('',(#1070),#8930,.T.);
#9356=ADVANCED_FACE('',(#1071),#8931,.T.);
#9357=ADVANCED_FACE('',(#1072),#447,.F.);
#9358=ADVANCED_FACE('',(#1073),#448,.F.);
#9359=ADVANCED_FACE('',(#1074),#449,.T.);
#9360=ADVANCED_FACE('',(#1075),#450,.T.);
#9361=ADVANCED_FACE('',(#1076),#451,.T.);
#9362=ADVANCED_FACE('',(#1077),#452,.F.);
#9363=ADVANCED_FACE('',(#1078),#696,.T.);
#9364=ADVANCED_FACE('',(#1079),#453,.T.);
#9365=ADVANCED_FACE('',(#1080),#697,.T.);
#9366=ADVANCED_FACE('',(#1081),#454,.T.);
#9367=ADVANCED_FACE('',(#1082),#455,.F.);
#9368=ADVANCED_FACE('',(#1083),#456,.T.);
#9369=ADVANCED_FACE('',(#1084),#698,.T.);
#9370=ADVANCED_FACE('',(#1085),#699,.T.);
#9371=ADVANCED_FACE('',(#1086),#700,.T.);
#9372=ADVANCED_FACE('',(#1087),#457,.T.);
#9373=ADVANCED_FACE('',(#1088),#701,.T.);
#9374=ADVANCED_FACE('',(#1089),#458,.T.);
#9375=ADVANCED_FACE('',(#1090),#702,.T.);
#9376=ADVANCED_FACE('',(#1091),#459,.T.);
#9377=ADVANCED_FACE('',(#1092),#703,.T.);
#9378=ADVANCED_FACE('',(#1093),#460,.F.);
#9379=ADVANCED_FACE('',(#1094),#704,.T.);
#9380=ADVANCED_FACE('',(#1095),#461,.T.);
#9381=ADVANCED_FACE('',(#1096),#705,.T.);
#9382=ADVANCED_FACE('',(#1097),#462,.T.);
#9383=ADVANCED_FACE('',(#1098),#706,.T.);
#9384=ADVANCED_FACE('',(#1099),#463,.F.);
#9385=ADVANCED_FACE('',(#1100),#707,.T.);
#9386=ADVANCED_FACE('',(#1101),#464,.T.);
#9387=ADVANCED_FACE('',(#1102),#708,.T.);
#9388=ADVANCED_FACE('',(#1103),#709,.F.);
#9389=ADVANCED_FACE('',(#1104),#8932,.T.);
#9390=ADVANCED_FACE('',(#1105),#710,.F.);
#9391=ADVANCED_FACE('',(#1106),#8933,.F.);
#9392=ADVANCED_FACE('',(#1107),#711,.F.);
#9393=ADVANCED_FACE('',(#1108),#8934,.T.);
#9394=ADVANCED_FACE('',(#1109),#712,.F.);
#9395=ADVANCED_FACE('',(#1110),#8935,.T.);
#9396=ADVANCED_FACE('',(#1111),#713,.F.);
#9397=ADVANCED_FACE('',(#1112),#8936,.F.);
#9398=ADVANCED_FACE('',(#1113),#714,.F.);
#9399=ADVANCED_FACE('',(#1114),#8937,.T.);
#9400=ADVANCED_FACE('',(#1115),#715,.F.);
#9401=ADVANCED_FACE('',(#1116),#8938,.T.);
#9402=ADVANCED_FACE('',(#1117),#716,.F.);
#9403=ADVANCED_FACE('',(#1118),#8939,.T.);
#9404=ADVANCED_FACE('',(#1119),#717,.F.);
#9405=ADVANCED_FACE('',(#1120),#465,.F.);
#9406=ADVANCED_FACE('',(#1121,#555),#718,.F.);
#9407=ADVANCED_FACE('',(#1122),#8940,.F.);
#9408=ADVANCED_FACE('',(#1123),#466,.F.);
#9409=ADVANCED_FACE('',(#1124),#8941,.F.);
#9410=ADVANCED_FACE('',(#1125,#556),#719,.T.);
#9411=ADVANCED_FACE('',(#1126),#467,.F.);
#9412=ADVANCED_FACE('',(#1127,#557),#720,.F.);
#9413=ADVANCED_FACE('',(#1128),#8942,.F.);
#9414=ADVANCED_FACE('',(#1129),#468,.F.);
#9415=ADVANCED_FACE('',(#1130,#558),#721,.T.);
#9416=ADVANCED_FACE('',(#1131),#8943,.F.);
#9417=ADVANCED_FACE('',(#1132),#469,.F.);
#9418=ADVANCED_FACE('',(#1133,#559,#560),#722,.F.);
#9419=ADVANCED_FACE('',(#1134),#8944,.F.);
#9420=ADVANCED_FACE('',(#1135),#470,.F.);
#9421=ADVANCED_FACE('',(#1136),#8945,.F.);
#9422=ADVANCED_FACE('',(#1137),#471,.F.);
#9423=ADVANCED_FACE('',(#1138,#561,#562),#723,.F.);
#9424=ADVANCED_FACE('',(#1139),#8946,.F.);
#9425=ADVANCED_FACE('',(#1140),#472,.F.);
#9426=ADVANCED_FACE('',(#1141),#8947,.F.);
#9427=ADVANCED_FACE('',(#1142),#473,.F.);
#9428=ADVANCED_FACE('',(#1143),#474,.T.);
#9429=ADVANCED_FACE('',(#1144),#724,.T.);
#9430=ADVANCED_FACE('',(#1145),#475,.T.);
#9431=ADVANCED_FACE('',(#1146),#725,.T.);
#9432=ADVANCED_FACE('',(#1147),#476,.T.);
#9433=ADVANCED_FACE('',(#1148),#726,.T.);
#9434=ADVANCED_FACE('',(#1149),#477,.T.);
#9435=ADVANCED_FACE('',(#1150),#727,.T.);
#9436=ADVANCED_FACE('',(#1151),#478,.T.);
#9437=ADVANCED_FACE('',(#1152),#728,.T.);
#9438=ADVANCED_FACE('',(#1153),#479,.F.);
#9439=ADVANCED_FACE('',(#1154),#729,.F.);
#9440=ADVANCED_FACE('',(#1155),#8948,.T.);
#9441=ADVANCED_FACE('',(#1156),#8949,.F.);
#9442=ADVANCED_FACE('',(#1157),#730,.T.);
#9443=ADVANCED_FACE('',(#1158),#8950,.T.);
#9444=ADVANCED_FACE('',(#1159),#731,.T.);
#9445=ADVANCED_FACE('',(#1160),#8951,.T.);
#9446=ADVANCED_FACE('',(#1161),#8952,.F.);
#9447=ADVANCED_FACE('',(#1162),#480,.F.);
#9448=ADVANCED_FACE('',(#1163),#732,.F.);
#9449=ADVANCED_FACE('',(#1164),#481,.T.);
#9450=ADVANCED_FACE('',(#1165),#733,.F.);
#9451=ADVANCED_FACE('',(#1166),#482,.T.);
#9452=ADVANCED_FACE('',(#1167),#734,.F.);
#9453=ADVANCED_FACE('',(#1168),#483,.F.);
#9454=ADVANCED_FACE('',(#1169),#735,.F.);
#9455=ADVANCED_FACE('',(#1170),#484,.T.);
#9456=ADVANCED_FACE('',(#1171),#736,.F.);
#9457=ADVANCED_FACE('',(#1172),#485,.T.);
#9458=ADVANCED_FACE('',(#1173),#737,.F.);
#9459=ADVANCED_FACE('',(#1174),#738,.F.);
#9460=ADVANCED_FACE('',(#1175),#486,.T.);
#9461=ADVANCED_FACE('',(#1176),#487,.F.);
#9462=ADVANCED_FACE('',(#1177),#739,.F.);
#9463=ADVANCED_FACE('',(#1178),#488,.T.);
#9464=ADVANCED_FACE('',(#1179),#489,.T.);
#9465=ADVANCED_FACE('',(#1180),#740,.F.);
#9466=ADVANCED_FACE('',(#1181),#490,.T.);
#9467=ADVANCED_FACE('',(#1182),#741,.F.);
#9468=ADVANCED_FACE('',(#1183),#491,.F.);
#9469=ADVANCED_FACE('',(#1184),#492,.T.);
#9470=ADVANCED_FACE('',(#1185),#493,.T.);
#9471=ADVANCED_FACE('',(#1186),#742,.F.);
#9472=ADVANCED_FACE('',(#1187),#743,.F.);
#9473=ADVANCED_FACE('',(#1188),#494,.T.);
#9474=ADVANCED_FACE('',(#1189),#744,.F.);
#9475=ADVANCED_FACE('',(#1190),#745,.F.);
#9476=ADVANCED_FACE('',(#1191),#495,.T.);
#9477=ADVANCED_FACE('',(#1192),#496,.T.);
#9478=ADVANCED_FACE('',(#1193),#746,.F.);
#9479=ADVANCED_FACE('',(#1194),#497,.F.);
#9480=ADVANCED_FACE('',(#1195,#563,#564,#565,#566,#567),#747,.T.);
#9481=ADVANCED_FACE('',(#1196),#498,.F.);
#9482=ADVANCED_FACE('',(#1197,#568),#748,.T.);
#9483=ADVANCED_FACE('',(#1198),#499,.F.);
#9484=ADVANCED_FACE('',(#1199),#8953,.F.);
#9485=ADVANCED_FACE('',(#1200),#500,.F.);
#9486=ADVANCED_FACE('',(#1201),#8954,.F.);
#9487=ADVANCED_FACE('',(#1202),#501,.F.);
#9488=ADVANCED_FACE('',(#1203,#569),#749,.T.);
#9489=ADVANCED_FACE('',(#1204),#750,.F.);
#9490=ADVANCED_FACE('',(#1205),#8955,.T.);
#9491=ADVANCED_FACE('',(#1206),#8956,.F.);
#9492=ADVANCED_FACE('',(#1207),#8957,.T.);
#9493=ADVANCED_FACE('',(#1208),#751,.F.);
#9494=ADVANCED_FACE('',(#1209),#8958,.T.);
#9495=ADVANCED_FACE('',(#1210),#752,.F.);
#9496=ADVANCED_FACE('',(#1211),#8959,.T.);
#9497=ADVANCED_FACE('',(#1212),#753,.F.);
#9498=ADVANCED_FACE('',(#1213),#8960,.T.);
#9499=ADVANCED_FACE('',(#1214),#8961,.T.);
#9500=ADVANCED_FACE('',(#1215),#8962,.T.);
#9501=ADVANCED_FACE('',(#1216),#754,.T.);
#9502=ADVANCED_FACE('',(#1217),#8963,.T.);
#9503=ADVANCED_FACE('',(#1218),#8964,.T.);
#9504=ADVANCED_FACE('',(#1219),#502,.F.);
#9505=ADVANCED_FACE('',(#1220),#503,.F.);
#9506=ADVANCED_FACE('',(#1221),#504,.F.);
#9507=ADVANCED_FACE('',(#1222),#505,.F.);
#9508=ADVANCED_FACE('',(#1223),#8965,.F.);
#9509=ADVANCED_FACE('',(#1224),#506,.F.);
#9510=ADVANCED_FACE('',(#1225),#507,.F.);
#9511=ADVANCED_FACE('',(#1226),#8966,.F.);
#9512=ADVANCED_FACE('',(#1227),#8967,.T.);
#9513=ADVANCED_FACE('',(#1228,#570),#755,.F.);
#9514=ADVANCED_FACE('',(#1229,#571),#8968,.T.);
#9515=ADVANCED_FACE('',(#1230,#572),#756,.T.);
#9516=ADVANCED_FACE('',(#1231,#573),#757,.F.);
#9517=ADVANCED_FACE('',(#1232,#574),#758,.T.);
#9518=ADVANCED_FACE('',(#1233),#8969,.T.);
#9519=ADVANCED_FACE('',(#1234),#8970,.T.);
#9520=ADVANCED_FACE('',(#1235),#8971,.T.);
#9521=ADVANCED_FACE('',(#1236),#8972,.F.);
#9522=ADVANCED_FACE('',(#1237),#8973,.T.);
#9523=ADVANCED_FACE('',(#1238),#8974,.T.);
#9524=ADVANCED_FACE('',(#1239),#8975,.T.);
#9525=ADVANCED_FACE('',(#1240),#8976,.F.);
#9526=ADVANCED_FACE('',(#1241),#8977,.T.);
#9527=ADVANCED_FACE('',(#1242),#8978,.T.);
#9528=ADVANCED_FACE('',(#1243),#8979,.T.);
#9529=ADVANCED_FACE('',(#1244),#8980,.F.);
#9530=ADVANCED_FACE('',(#1245),#8981,.T.);
#9531=ADVANCED_FACE('',(#1246),#8982,.T.);
#9532=ADVANCED_FACE('',(#1247),#8983,.T.);
#9533=ADVANCED_FACE('',(#1248),#8984,.F.);
#9534=ADVANCED_FACE('',(#1249),#8985,.T.);
#9535=ADVANCED_FACE('',(#1250),#8986,.T.);
#9536=ADVANCED_FACE('',(#1251),#8987,.T.);
#9537=ADVANCED_FACE('',(#1252),#8988,.F.);
#9538=ADVANCED_FACE('',(#1253),#8989,.T.);
#9539=ADVANCED_FACE('',(#1254),#8990,.T.);
#9540=ADVANCED_FACE('',(#1255),#8991,.T.);
#9541=ADVANCED_FACE('',(#1256),#8992,.F.);
#9542=ADVANCED_FACE('',(#1257),#8993,.T.);
#9543=ADVANCED_FACE('',(#1258),#8994,.T.);
#9544=ADVANCED_FACE('',(#1259),#8995,.T.);
#9545=ADVANCED_FACE('',(#1260),#8996,.F.);
#9546=ADVANCED_FACE('',(#1261),#8997,.T.);
#9547=ADVANCED_FACE('',(#1262),#8998,.T.);
#9548=ADVANCED_FACE('',(#1263),#8999,.T.);
#9549=ADVANCED_FACE('',(#1264),#9000,.F.);
#9550=ADVANCED_FACE('',(#1265),#9001,.T.);
#9551=ADVANCED_FACE('',(#1266),#9002,.T.);
#9552=ADVANCED_FACE('',(#1267),#9003,.T.);
#9553=ADVANCED_FACE('',(#1268),#9004,.F.);
#9554=ADVANCED_FACE('',(#1269),#9005,.T.);
#9555=ADVANCED_FACE('',(#1270),#9006,.T.);
#9556=ADVANCED_FACE('',(#1271),#9007,.T.);
#9557=ADVANCED_FACE('',(#1272),#9008,.F.);
#9558=ADVANCED_FACE('',(#1273,#575),#9009,.F.);
#9559=ADVANCED_FACE('',(#1274),#9010,.T.);
#9560=ADVANCED_FACE('',(#1275),#9011,.T.);
#9561=ADVANCED_FACE('',(#1276),#9012,.T.);
#9562=ADVANCED_FACE('',(#1277),#9013,.T.);
#9563=ADVANCED_FACE('',(#1278),#9014,.T.);
#9564=ADVANCED_FACE('',(#1279),#9015,.T.);
#9565=ADVANCED_FACE('',(#1280),#9016,.T.);
#9566=ADVANCED_FACE('',(#1281),#9017,.T.);
#9567=ADVANCED_FACE('',(#1282),#9018,.T.);
#9568=ADVANCED_FACE('',(#1283),#9019,.T.);
#9569=ADVANCED_FACE('',(#1284),#9020,.F.);
#9570=ADVANCED_FACE('',(#1285),#9021,.F.);
#9571=ADVANCED_FACE('',(#1286),#9022,.F.);
#9572=ADVANCED_FACE('',(#1287),#9023,.F.);
#9573=ADVANCED_FACE('',(#1288),#9024,.F.);
#9574=ADVANCED_FACE('',(#1289),#9025,.F.);
#9575=ADVANCED_FACE('',(#1290),#9026,.F.);
#9576=ADVANCED_FACE('',(#1291),#9027,.F.);
#9577=ADVANCED_FACE('',(#1292),#9028,.F.);
#9578=ADVANCED_FACE('',(#1293),#9029,.F.);
#9579=ADVANCED_FACE('',(#1294),#9030,.T.);
#9580=ADVANCED_FACE('',(#1295),#9031,.T.);
#9581=ADVANCED_FACE('',(#1296),#9032,.T.);
#9582=ADVANCED_FACE('',(#1297),#9033,.T.);
#9583=ADVANCED_FACE('',(#1298),#9034,.T.);
#9584=ADVANCED_FACE('',(#1299),#9035,.T.);
#9585=ADVANCED_FACE('',(#1300),#9036,.T.);
#9586=ADVANCED_FACE('',(#1301),#9037,.T.);
#9587=ADVANCED_FACE('',(#1302),#9038,.T.);
#9588=ADVANCED_FACE('',(#1303),#9039,.T.);
#9589=ADVANCED_FACE('',(#1304),#9040,.T.);
#9590=ADVANCED_FACE('',(#1305),#9041,.T.);
#9591=ADVANCED_FACE('',(#1306),#9042,.T.);
#9592=ADVANCED_FACE('',(#1307),#9043,.T.);
#9593=ADVANCED_FACE('',(#1308),#9044,.T.);
#9594=ADVANCED_FACE('',(#1309),#9045,.T.);
#9595=ADVANCED_FACE('',(#1310),#9046,.T.);
#9596=ADVANCED_FACE('',(#1311),#9047,.T.);
#9597=ADVANCED_FACE('',(#1312),#9048,.T.);
#9598=ADVANCED_FACE('',(#1313),#9049,.T.);
#9599=ADVANCED_FACE('',(#1314),#508,.T.);
#9600=ADVANCED_FACE('',(#1315),#9050,.T.);
#9601=ADVANCED_FACE('',(#1316,#576),#759,.F.);
#9602=ADVANCED_FACE('',(#1317),#509,.T.);
#9603=ADVANCED_FACE('',(#1318,#577),#760,.T.);
#9604=ADVANCED_FACE('',(#1319),#9051,.F.);
#9605=ADVANCED_FACE('',(#1320),#510,.F.);
#9606=ADVANCED_FACE('',(#1321),#511,.F.);
#9607=ADVANCED_FACE('',(#1322),#9052,.F.);
#9608=ADVANCED_FACE('',(#1323),#9053,.F.);
#9609=ADVANCED_FACE('',(#1324),#512,.T.);
#9610=ADVANCED_FACE('',(#1325,#578),#9054,.T.);
#9611=ADVANCED_FACE('',(#1326,#579),#761,.F.);
#9612=ADVANCED_FACE('',(#1327),#513,.T.);
#9613=ADVANCED_FACE('',(#1328,#580),#762,.T.);
#9614=ADVANCED_FACE('',(#1329,#581),#9055,.F.);
#9615=ADVANCED_FACE('',(#1330),#514,.T.);
#9616=ADVANCED_FACE('',(#1331),#9056,.T.);
#9617=ADVANCED_FACE('',(#1332,#582),#763,.T.);
#9618=ADVANCED_FACE('',(#1333),#764,.F.);
#9619=ADVANCED_FACE('',(#1334),#765,.T.);
#9620=ADVANCED_FACE('',(#1335),#766,.T.);
#9621=ADVANCED_FACE('',(#1336),#767,.T.);
#9622=ADVANCED_FACE('',(#1337),#768,.T.);
#9623=ADVANCED_FACE('',(#1338),#769,.T.);
#9624=ADVANCED_FACE('',(#1339),#770,.T.);
#9625=ADVANCED_FACE('',(#1340),#771,.T.);
#9626=CLOSED_SHELL('',(#9057,#9058,#9059,#9060,#9061,#9062,#9063,#9064,
#9065,#9066,#9067,#9068,#9069,#9070,#9071,#9072,#9073,#9074,#9075,#9076));
#9627=CLOSED_SHELL('',(#9077,#9078,#9079,#9080,#9081,#9082,#9083,#9084,
#9085,#9086,#9087,#9088,#9089,#9090,#9091,#9092,#9093,#9094,#9095,#9096,
#9097,#9098,#9099,#9100));
#9628=CLOSED_SHELL('',(#9101,#9102,#9103,#9104,#9105,#9106,#9107,#9108,
#9109,#9110,#9111,#9112,#9113,#9114,#9115,#9116,#9117,#9118,#9119,#9120));
#9629=CLOSED_SHELL('',(#9121,#9122,#9123,#9124,#9125,#9126,#9127,#9128,
#9129,#9130,#9131,#9132,#9133,#9134));
#9630=CLOSED_SHELL('',(#9135,#9136,#9137,#9138));
#9631=CLOSED_SHELL('',(#9139,#9140,#9141,#9142,#9143,#9144,#9145,#9146,
#9147,#9148,#9149,#9150,#9151,#9152,#9153,#9154,#9155,#9156,#9157));
#9632=CLOSED_SHELL('',(#9158,#9159,#9160,#9161,#9162));
#9633=CLOSED_SHELL('',(#9163,#9164,#9165,#9166,#9167,#9168,#9169,#9170));
#9634=CLOSED_SHELL('',(#9171,#9172,#9173,#9174,#9175,#9176,#9177,#9178));
#9635=CLOSED_SHELL('',(#9179,#9180,#9181,#9182,#9183,#9184,#9185,#9186,
#9187,#9188,#9189,#9190,#9191,#9192,#9193,#9194,#9195,#9196,#9197,#9198,
#9199,#9200,#9201,#9202));
#9636=CLOSED_SHELL('',(#9203,#9204,#9205,#9206,#9207,#9208,#9209,#9210,
#9211,#9212,#9213,#9214,#9215,#9216,#9217,#9218,#9219,#9220,#9221,#9222,
#9223,#9224,#9225,#9226,#9227,#9228,#9229,#9230,#9231,#9232,#9233,#9234,
#9235,#9236,#9237,#9238,#9239,#9240,#9241,#9242,#9243,#9244,#9245,#9246,
#9247,#9248,#9249,#9250,#9251,#9252,#9253,#9254,#9255,#9256,#9257,#9258,
#9259,#9260,#9261,#9262,#9263,#9264,#9265,#9266,#9267,#9268,#9269,#9270,
#9271,#9272,#9273,#9274,#9275,#9276,#9277,#9278,#9279,#9280,#9281,#9282,
#9283,#9284,#9285,#9286,#9287,#9288,#9289,#9290,#9291,#9292,#9293,#9294,
#9295,#9296,#9297,#9298,#9299,#9300,#9301,#9302,#9303,#9304,#9305,#9306,
#9307,#9308,#9309,#9310,#9311,#9312,#9313,#9314,#9315,#9316,#9317,#9318,
#9319,#9320,#9321,#9322,#9323,#9324,#9325,#9326,#9327,#9328,#9329,#9330,
#9331,#9332,#9333,#9334,#9335,#9336,#9337,#9338,#9339,#9340,#9341,#9342,
#9343,#9344,#9345,#9346,#9347,#9348,#9349,#9350,#9351,#9352,#9353,#9354,
#9355,#9356,#9357,#9358));
#9637=CLOSED_SHELL('',(#9359,#9360,#9361,#9362,#9363,#9364,#9365,#9366,
#9367,#9368,#9369,#9370,#9371,#9372,#9373,#9374,#9375,#9376,#9377,#9378,
#9379,#9380,#9381,#9382,#9383,#9384,#9385,#9386,#9387,#9388,#9389,#9390,
#9391,#9392,#9393,#9394,#9395,#9396,#9397,#9398,#9399,#9400,#9401,#9402,
#9403,#9404,#9405,#9406,#9407,#9408,#9409,#9410,#9411,#9412,#9413,#9414,
#9415,#9416,#9417,#9418,#9419,#9420,#9421,#9422,#9423,#9424,#9425,#9426,
#9427,#9428,#9429,#9430,#9431,#9432,#9433,#9434,#9435,#9436,#9437,#9438,
#9439,#9440,#9441,#9442,#9443,#9444,#9445,#9446,#9447,#9448,#9449,#9450,
#9451,#9452,#9453,#9454,#9455,#9456,#9457,#9458,#9459,#9460,#9461,#9462,
#9463,#9464,#9465,#9466,#9467,#9468,#9469,#9470,#9471,#9472,#9473,#9474,
#9475,#9476,#9477,#9478,#9479,#9480,#9481,#9482,#9483,#9484,#9485,#9486,
#9487,#9488,#9489,#9490,#9491,#9492,#9493,#9494,#9495,#9496,#9497,#9498,
#9499,#9500,#9501,#9502,#9503,#9504,#9505));
#9638=CLOSED_SHELL('',(#9506,#9507,#9508,#9509,#9510,#9511,#9512,#9513,
#9514,#9515,#9516,#9517,#9518,#9519,#9520,#9521,#9522,#9523,#9524,#9525,
#9526,#9527,#9528,#9529,#9530,#9531,#9532,#9533,#9534,#9535,#9536,#9537,
#9538,#9539,#9540,#9541,#9542,#9543,#9544,#9545,#9546,#9547,#9548,#9549,
#9550,#9551,#9552,#9553,#9554,#9555,#9556,#9557,#9558,#9559,#9560,#9561,
#9562,#9563,#9564,#9565,#9566,#9567,#9568,#9569,#9570,#9571,#9572,#9573,
#9574,#9575,#9576,#9577,#9578,#9579,#9580,#9581,#9582,#9583,#9584,#9585,
#9586,#9587,#9588,#9589,#9590,#9591,#9592,#9593,#9594,#9595,#9596,#9597,
#9598));
#9639=CLOSED_SHELL('',(#9599,#9600,#9601,#9602,#9603,#9604));
#9640=CLOSED_SHELL('',(#9605,#9606,#9607,#9608,#9609,#9610,#9611,#9612,
#9613,#9614));
#9641=CLOSED_SHELL('',(#9615,#9616,#9617,#9618,#9619,#9620,#9621,#9622,
#9623,#9624,#9625));
#9642=DERIVED_UNIT_ELEMENT(#9674,1.);
#9643=DERIVED_UNIT_ELEMENT(#17732,-3.);
#9644=DERIVED_UNIT_ELEMENT(#9674,1.);
#9645=DERIVED_UNIT_ELEMENT(#17732,-3.);
#9646=DERIVED_UNIT_ELEMENT(#9674,1.);
#9647=DERIVED_UNIT_ELEMENT(#17732,-3.);
#9648=DERIVED_UNIT_ELEMENT(#9674,1.);
#9649=DERIVED_UNIT_ELEMENT(#17732,-3.);
#9650=DERIVED_UNIT_ELEMENT(#9674,1.);
#9651=DERIVED_UNIT_ELEMENT(#17732,-3.);
#9652=DERIVED_UNIT_ELEMENT(#9674,1.);
#9653=DERIVED_UNIT_ELEMENT(#17732,-3.);
#9654=DERIVED_UNIT_ELEMENT(#9674,1.);
#9655=DERIVED_UNIT_ELEMENT(#17732,-3.);
#9656=DERIVED_UNIT_ELEMENT(#9674,1.);
#9657=DERIVED_UNIT_ELEMENT(#17732,-3.);
#9658=DERIVED_UNIT_ELEMENT(#9674,1.);
#9659=DERIVED_UNIT_ELEMENT(#17732,-3.);
#9660=DERIVED_UNIT_ELEMENT(#9674,1.);
#9661=DERIVED_UNIT_ELEMENT(#17732,-3.);
#9662=DERIVED_UNIT_ELEMENT(#9674,1.);
#9663=DERIVED_UNIT_ELEMENT(#17732,-3.);
#9664=DERIVED_UNIT_ELEMENT(#9674,1.);
#9665=DERIVED_UNIT_ELEMENT(#17732,-3.);
#9666=DERIVED_UNIT_ELEMENT(#9674,1.);
#9667=DERIVED_UNIT_ELEMENT(#17732,-3.);
#9668=DERIVED_UNIT_ELEMENT(#9674,1.);
#9669=DERIVED_UNIT_ELEMENT(#17732,-3.);
#9670=DERIVED_UNIT_ELEMENT(#9674,1.);
#9671=DERIVED_UNIT_ELEMENT(#17732,-3.);
#9672=DERIVED_UNIT_ELEMENT(#9674,1.);
#9673=DERIVED_UNIT_ELEMENT(#17732,-3.);
#9674=(
MASS_UNIT()
NAMED_UNIT(*)
SI_UNIT(.KILO.,.GRAM.)
);
#9675=DERIVED_UNIT((#9642,#9643));
#9676=DERIVED_UNIT((#9644,#9645));
#9677=DERIVED_UNIT((#9646,#9647));
#9678=DERIVED_UNIT((#9648,#9649));
#9679=DERIVED_UNIT((#9650,#9651));
#9680=DERIVED_UNIT((#9652,#9653));
#9681=DERIVED_UNIT((#9654,#9655));
#9682=DERIVED_UNIT((#9656,#9657));
#9683=DERIVED_UNIT((#9658,#9659));
#9684=DERIVED_UNIT((#9660,#9661));
#9685=DERIVED_UNIT((#9662,#9663));
#9686=DERIVED_UNIT((#9664,#9665));
#9687=DERIVED_UNIT((#9666,#9667));
#9688=DERIVED_UNIT((#9668,#9669));
#9689=DERIVED_UNIT((#9670,#9671));
#9690=DERIVED_UNIT((#9672,#9673));
#9691=MEASURE_REPRESENTATION_ITEM('density measure',
POSITIVE_RATIO_MEASURE(7850.),#9675);
#9692=MEASURE_REPRESENTATION_ITEM('density measure',
POSITIVE_RATIO_MEASURE(7850.),#9676);
#9693=MEASURE_REPRESENTATION_ITEM('density measure',
POSITIVE_RATIO_MEASURE(7850.),#9677);
#9694=MEASURE_REPRESENTATION_ITEM('density measure',
POSITIVE_RATIO_MEASURE(8000.),#9678);
#9695=MEASURE_REPRESENTATION_ITEM('density measure',
POSITIVE_RATIO_MEASURE(7850.),#9679);
#9696=MEASURE_REPRESENTATION_ITEM('density measure',
POSITIVE_RATIO_MEASURE(7850.),#9680);
#9697=MEASURE_REPRESENTATION_ITEM('density measure',
POSITIVE_RATIO_MEASURE(7850.),#9681);
#9698=MEASURE_REPRESENTATION_ITEM('density measure',
POSITIVE_RATIO_MEASURE(7850.),#9682);
#9699=MEASURE_REPRESENTATION_ITEM('density measure',
POSITIVE_RATIO_MEASURE(7850.),#9683);
#9700=MEASURE_REPRESENTATION_ITEM('density measure',
POSITIVE_RATIO_MEASURE(7850.),#9684);
#9701=MEASURE_REPRESENTATION_ITEM('density measure',
POSITIVE_RATIO_MEASURE(2700.),#9685);
#9702=MEASURE_REPRESENTATION_ITEM('density measure',
POSITIVE_RATIO_MEASURE(2700.),#9686);
#9703=MEASURE_REPRESENTATION_ITEM('density measure',
POSITIVE_RATIO_MEASURE(2700.),#9687);
#9704=MEASURE_REPRESENTATION_ITEM('density measure',
POSITIVE_RATIO_MEASURE(2700.),#9688);
#9705=MEASURE_REPRESENTATION_ITEM('density measure',
POSITIVE_RATIO_MEASURE(2700.),#9689);
#9706=MEASURE_REPRESENTATION_ITEM('density measure',
POSITIVE_RATIO_MEASURE(7850.),#9690);
#9707=PROPERTY_DEFINITION_REPRESENTATION(#9787,#9739);
#9708=PROPERTY_DEFINITION_REPRESENTATION(#9788,#9740);
#9709=PROPERTY_DEFINITION_REPRESENTATION(#9789,#9741);
#9710=PROPERTY_DEFINITION_REPRESENTATION(#9790,#9742);
#9711=PROPERTY_DEFINITION_REPRESENTATION(#9791,#9743);
#9712=PROPERTY_DEFINITION_REPRESENTATION(#9792,#9744);
#9713=PROPERTY_DEFINITION_REPRESENTATION(#9793,#9745);
#9714=PROPERTY_DEFINITION_REPRESENTATION(#9794,#9746);
#9715=PROPERTY_DEFINITION_REPRESENTATION(#9795,#9747);
#9716=PROPERTY_DEFINITION_REPRESENTATION(#9796,#9748);
#9717=PROPERTY_DEFINITION_REPRESENTATION(#9797,#9749);
#9718=PROPERTY_DEFINITION_REPRESENTATION(#9798,#9750);
#9719=PROPERTY_DEFINITION_REPRESENTATION(#9799,#9751);
#9720=PROPERTY_DEFINITION_REPRESENTATION(#9800,#9752);
#9721=PROPERTY_DEFINITION_REPRESENTATION(#9801,#9753);
#9722=PROPERTY_DEFINITION_REPRESENTATION(#9802,#9754);
#9723=PROPERTY_DEFINITION_REPRESENTATION(#9803,#9755);
#9724=PROPERTY_DEFINITION_REPRESENTATION(#9804,#9756);
#9725=PROPERTY_DEFINITION_REPRESENTATION(#9805,#9757);
#9726=PROPERTY_DEFINITION_REPRESENTATION(#9806,#9758);
#9727=PROPERTY_DEFINITION_REPRESENTATION(#9807,#9759);
#9728=PROPERTY_DEFINITION_REPRESENTATION(#9808,#9760);
#9729=PROPERTY_DEFINITION_REPRESENTATION(#9809,#9761);
#9730=PROPERTY_DEFINITION_REPRESENTATION(#9810,#9762);
#9731=PROPERTY_DEFINITION_REPRESENTATION(#9811,#9763);
#9732=PROPERTY_DEFINITION_REPRESENTATION(#9812,#9764);
#9733=PROPERTY_DEFINITION_REPRESENTATION(#9813,#9765);
#9734=PROPERTY_DEFINITION_REPRESENTATION(#9814,#9766);
#9735=PROPERTY_DEFINITION_REPRESENTATION(#9815,#9767);
#9736=PROPERTY_DEFINITION_REPRESENTATION(#9816,#9768);
#9737=PROPERTY_DEFINITION_REPRESENTATION(#9817,#9769);
#9738=PROPERTY_DEFINITION_REPRESENTATION(#9818,#9770);
#9739=REPRESENTATION('material name',(#9771),#17713);
#9740=REPRESENTATION('density',(#9691),#17713);
#9741=REPRESENTATION('material name',(#9772),#17714);
#9742=REPRESENTATION('density',(#9692),#17714);
#9743=REPRESENTATION('material name',(#9773),#17715);
#9744=REPRESENTATION('density',(#9693),#17715);
#9745=REPRESENTATION('material name',(#9774),#17716);
#9746=REPRESENTATION('density',(#9694),#17716);
#9747=REPRESENTATION('material name',(#9775),#17717);
#9748=REPRESENTATION('density',(#9695),#17717);
#9749=REPRESENTATION('material name',(#9776),#17718);
#9750=REPRESENTATION('density',(#9696),#17718);
#9751=REPRESENTATION('material name',(#9777),#17719);
#9752=REPRESENTATION('density',(#9697),#17719);
#9753=REPRESENTATION('material name',(#9778),#17720);
#9754=REPRESENTATION('density',(#9698),#17720);
#9755=REPRESENTATION('material name',(#9779),#17721);
#9756=REPRESENTATION('density',(#9699),#17721);
#9757=REPRESENTATION('material name',(#9780),#17722);
#9758=REPRESENTATION('density',(#9700),#17722);
#9759=REPRESENTATION('material name',(#9781),#17723);
#9760=REPRESENTATION('density',(#9701),#17723);
#9761=REPRESENTATION('material name',(#9782),#17724);
#9762=REPRESENTATION('density',(#9702),#17724);
#9763=REPRESENTATION('material name',(#9783),#17726);
#9764=REPRESENTATION('density',(#9703),#17726);
#9765=REPRESENTATION('material name',(#9784),#17727);
#9766=REPRESENTATION('density',(#9704),#17727);
#9767=REPRESENTATION('material name',(#9785),#17728);
#9768=REPRESENTATION('density',(#9705),#17728);
#9769=REPRESENTATION('material name',(#9786),#17729);
#9770=REPRESENTATION('density',(#9706),#17729);
#9771=DESCRIPTIVE_REPRESENTATION_ITEM('Steel','Steel');
#9772=DESCRIPTIVE_REPRESENTATION_ITEM('Steel','Steel');
#9773=DESCRIPTIVE_REPRESENTATION_ITEM('Steel','Steel');
#9774=DESCRIPTIVE_REPRESENTATION_ITEM('Stainless Steel',
'Stainless Steel');
#9775=DESCRIPTIVE_REPRESENTATION_ITEM('Steel','Steel');
#9776=DESCRIPTIVE_REPRESENTATION_ITEM('Steel','Steel');
#9777=DESCRIPTIVE_REPRESENTATION_ITEM('Steel','Steel');
#9778=DESCRIPTIVE_REPRESENTATION_ITEM('Steel','Steel');
#9779=DESCRIPTIVE_REPRESENTATION_ITEM('Steel','Steel');
#9780=DESCRIPTIVE_REPRESENTATION_ITEM('Steel','Steel');
#9781=DESCRIPTIVE_REPRESENTATION_ITEM('Aluminum 6061','Aluminum 6061');
#9782=DESCRIPTIVE_REPRESENTATION_ITEM('Aluminum 6061','Aluminum 6061');
#9783=DESCRIPTIVE_REPRESENTATION_ITEM('Aluminum','Aluminum');
#9784=DESCRIPTIVE_REPRESENTATION_ITEM('Aluminum','Aluminum');
#9785=DESCRIPTIVE_REPRESENTATION_ITEM('Aluminum','Aluminum');
#9786=DESCRIPTIVE_REPRESENTATION_ITEM('Steel','Steel');
#9787=PROPERTY_DEFINITION('material property','material name',#17822);
#9788=PROPERTY_DEFINITION('material property','density of part',#17822);
#9789=PROPERTY_DEFINITION('material property','material name',#17823);
#9790=PROPERTY_DEFINITION('material property','density of part',#17823);
#9791=PROPERTY_DEFINITION('material property','material name',#17824);
#9792=PROPERTY_DEFINITION('material property','density of part',#17824);
#9793=PROPERTY_DEFINITION('material property','material name',#17825);
#9794=PROPERTY_DEFINITION('material property','density of part',#17825);
#9795=PROPERTY_DEFINITION('material property','material name',#17826);
#9796=PROPERTY_DEFINITION('material property','density of part',#17826);
#9797=PROPERTY_DEFINITION('material property','material name',#17827);
#9798=PROPERTY_DEFINITION('material property','density of part',#17827);
#9799=PROPERTY_DEFINITION('material property','material name',#17828);
#9800=PROPERTY_DEFINITION('material property','density of part',#17828);
#9801=PROPERTY_DEFINITION('material property','material name',#17829);
#9802=PROPERTY_DEFINITION('material property','density of part',#17829);
#9803=PROPERTY_DEFINITION('material property','material name',#17830);
#9804=PROPERTY_DEFINITION('material property','density of part',#17830);
#9805=PROPERTY_DEFINITION('material property','material name',#17831);
#9806=PROPERTY_DEFINITION('material property','density of part',#17831);
#9807=PROPERTY_DEFINITION('material property','material name',#17832);
#9808=PROPERTY_DEFINITION('material property','density of part',#17832);
#9809=PROPERTY_DEFINITION('material property','material name',#17833);
#9810=PROPERTY_DEFINITION('material property','density of part',#17833);
#9811=PROPERTY_DEFINITION('material property','material name',#17835);
#9812=PROPERTY_DEFINITION('material property','density of part',#17835);
#9813=PROPERTY_DEFINITION('material property','material name',#17836);
#9814=PROPERTY_DEFINITION('material property','density of part',#17836);
#9815=PROPERTY_DEFINITION('material property','material name',#17837);
#9816=PROPERTY_DEFINITION('material property','density of part',#17837);
#9817=PROPERTY_DEFINITION('material property','material name',#17838);
#9818=PROPERTY_DEFINITION('material property','density of part',#17838);
#9819=AXIS2_PLACEMENT_3D('',#14116,#11025,#11026);
#9820=AXIS2_PLACEMENT_3D('',#14117,#11027,#11028);
#9821=AXIS2_PLACEMENT_3D('',#14118,#11029,#11030);
#9822=AXIS2_PLACEMENT_3D('',#14121,#11031,#11032);
#9823=AXIS2_PLACEMENT_3D('',#14124,#11034,#11035);
#9824=AXIS2_PLACEMENT_3D('',#14125,#11036,#11037);
#9825=AXIS2_PLACEMENT_3D('',#14126,#11038,#11039);
#9826=AXIS2_PLACEMENT_3D('',#14128,#11040,#11041);
#9827=AXIS2_PLACEMENT_3D('',#14129,#11042,#11043);
#9828=AXIS2_PLACEMENT_3D('',#14131,#11044,#11045);
#9829=AXIS2_PLACEMENT_3D('',#14134,#11047,#11048);
#9830=AXIS2_PLACEMENT_3D('',#14135,#11049,#11050);
#9831=AXIS2_PLACEMENT_3D('',#14137,#11052,#11053);
#9832=AXIS2_PLACEMENT_3D('',#14140,#11055,#11056);
#9833=AXIS2_PLACEMENT_3D('',#14141,#11057,#11058);
#9834=AXIS2_PLACEMENT_3D('',#14144,#11059,#11060);
#9835=AXIS2_PLACEMENT_3D('',#14146,#11061,#11062);
#9836=AXIS2_PLACEMENT_3D('',#14148,#11063,#11064);
#9837=AXIS2_PLACEMENT_3D('',#14150,#11065,#11066);
#9838=AXIS2_PLACEMENT_3D('',#14152,#11067,#11068);
#9839=AXIS2_PLACEMENT_3D('',#14153,#11069,#11070);
#9840=AXIS2_PLACEMENT_3D('',#14154,#11071,#11072);
#9841=AXIS2_PLACEMENT_3D('',#14155,#11073,#11074);
#9842=AXIS2_PLACEMENT_3D('',#14159,#11075,#11076);
#9843=AXIS2_PLACEMENT_3D('',#14163,#11077,#11078);
#9844=AXIS2_PLACEMENT_3D('',#14167,#11079,#11080);
#9845=AXIS2_PLACEMENT_3D('',#14171,#11081,#11082);
#9846=AXIS2_PLACEMENT_3D('',#14175,#11083,#11084);
#9847=AXIS2_PLACEMENT_3D('',#14179,#11085,#11086);
#9848=AXIS2_PLACEMENT_3D('',#14192,#11093,#11094);
#9849=AXIS2_PLACEMENT_3D('',#14195,#11097,#11098);
#9850=AXIS2_PLACEMENT_3D('',#14197,#11100,#11101);
#9851=AXIS2_PLACEMENT_3D('',#14199,#11103,#11104);
#9852=AXIS2_PLACEMENT_3D('',#14201,#11106,#11107);
#9853=AXIS2_PLACEMENT_3D('',#14203,#11109,#11110);
#9854=AXIS2_PLACEMENT_3D('',#14204,#11111,#11112);
#9855=AXIS2_PLACEMENT_3D('',#14205,#11113,#11114);
#9856=AXIS2_PLACEMENT_3D('',#14208,#11115,#11116);
#9857=AXIS2_PLACEMENT_3D('',#14212,#11118,#11119);
#9858=AXIS2_PLACEMENT_3D('',#14216,#11121,#11122);
#9859=AXIS2_PLACEMENT_3D('',#14220,#11124,#11125);
#9860=AXIS2_PLACEMENT_3D('',#14222,#11126,#11127);
#9861=AXIS2_PLACEMENT_3D('',#14226,#11129,#11130);
#9862=AXIS2_PLACEMENT_3D('',#14228,#11131,#11132);
#9863=AXIS2_PLACEMENT_3D('',#14232,#11134,#11135);
#9864=AXIS2_PLACEMENT_3D('',#14234,#11137,#11138);
#9865=AXIS2_PLACEMENT_3D('',#14237,#11139,#11140);
#9866=AXIS2_PLACEMENT_3D('',#14241,#11142,#11143);
#9867=AXIS2_PLACEMENT_3D('',#14245,#11145,#11146);
#9868=AXIS2_PLACEMENT_3D('',#14247,#11147,#11148);
#9869=AXIS2_PLACEMENT_3D('',#14251,#11150,#11151);
#9870=AXIS2_PLACEMENT_3D('',#14253,#11152,#11153);
#9871=AXIS2_PLACEMENT_3D('',#14257,#11155,#11156);
#9872=AXIS2_PLACEMENT_3D('',#14261,#11158,#11159);
#9873=AXIS2_PLACEMENT_3D('',#14263,#11161,#11162);
#9874=AXIS2_PLACEMENT_3D('',#14266,#11163,#11164);
#9875=AXIS2_PLACEMENT_3D('',#14268,#11165,#11166);
#9876=AXIS2_PLACEMENT_3D('',#14292,#11167,#11168);
#9877=AXIS2_PLACEMENT_3D('',#14383,#11169,#11170);
#9878=AXIS2_PLACEMENT_3D('',#14385,#11171,#11172);
#9879=AXIS2_PLACEMENT_3D('',#14406,#11173,#11174);
#9880=AXIS2_PLACEMENT_3D('',#14465,#11175,#11176);
#9881=AXIS2_PLACEMENT_3D('',#14469,#11180,#11181);
#9882=AXIS2_PLACEMENT_3D('',#14471,#11183,#11184);
#9883=AXIS2_PLACEMENT_3D('',#14473,#11185,#11186);
#9884=AXIS2_PLACEMENT_3D('',#14475,#11188,#11189);
#9885=AXIS2_PLACEMENT_3D('',#14478,#11192,#11193);
#9886=AXIS2_PLACEMENT_3D('',#14479,#11194,#11195);
#9887=AXIS2_PLACEMENT_3D('',#14483,#11197,#11198);
#9888=AXIS2_PLACEMENT_3D('',#14500,#11199,#11200);
#9889=AXIS2_PLACEMENT_3D('',#14516,#11201,#11202);
#9890=AXIS2_PLACEMENT_3D('',#14517,#11203,#11204);
#9891=AXIS2_PLACEMENT_3D('',#14521,#11208,#11209);
#9892=AXIS2_PLACEMENT_3D('',#14523,#11211,#11212);
#9893=AXIS2_PLACEMENT_3D('',#14525,#11214,#11215);
#9894=AXIS2_PLACEMENT_3D('',#14527,#11217,#11218);
#9895=AXIS2_PLACEMENT_3D('',#14529,#11220,#11221);
#9896=AXIS2_PLACEMENT_3D('',#14531,#11223,#11224);
#9897=AXIS2_PLACEMENT_3D('',#14533,#11226,#11227);
#9898=AXIS2_PLACEMENT_3D('',#14535,#11229,#11230);
#9899=AXIS2_PLACEMENT_3D('',#14537,#11232,#11233);
#9900=AXIS2_PLACEMENT_3D('',#14539,#11235,#11236);
#9901=AXIS2_PLACEMENT_3D('',#14540,#11237,#11238);
#9902=AXIS2_PLACEMENT_3D('',#14541,#11239,#11240);
#9903=AXIS2_PLACEMENT_3D('',#14542,#11241,#11242);
#9904=AXIS2_PLACEMENT_3D('',#14545,#11243,#11244);
#9905=AXIS2_PLACEMENT_3D('',#14548,#11246,#11247);
#9906=AXIS2_PLACEMENT_3D('',#14549,#11248,#11249);
#9907=AXIS2_PLACEMENT_3D('',#14550,#11250,#11251);
#9908=AXIS2_PLACEMENT_3D('',#14552,#11252,#11253);
#9909=AXIS2_PLACEMENT_3D('',#14553,#11254,#11255);
#9910=AXIS2_PLACEMENT_3D('',#14555,#11256,#11257);
#9911=AXIS2_PLACEMENT_3D('',#14557,#11259,#11260);
#9912=AXIS2_PLACEMENT_3D('',#14560,#11262,#11263);
#9913=AXIS2_PLACEMENT_3D('',#14561,#11264,#11265);
#9914=AXIS2_PLACEMENT_3D('',#14563,#11266,#11267);
#9915=AXIS2_PLACEMENT_3D('',#14566,#11269,#11270);
#9916=AXIS2_PLACEMENT_3D('',#14567,#11271,#11272);
#9917=AXIS2_PLACEMENT_3D('',#14569,#11273,#11274);
#9918=AXIS2_PLACEMENT_3D('',#14570,#11275,#11276);
#9919=AXIS2_PLACEMENT_3D('',#14572,#11277,#11278);
#9920=AXIS2_PLACEMENT_3D('',#14574,#11280,#11281);
#9921=AXIS2_PLACEMENT_3D('',#14576,#11282,#11283);
#9922=AXIS2_PLACEMENT_3D('',#14578,#11285,#11286);
#9923=AXIS2_PLACEMENT_3D('',#14579,#11287,#11288);
#9924=AXIS2_PLACEMENT_3D('',#14583,#11290,#11291);
#9925=AXIS2_PLACEMENT_3D('',#14584,#11292,#11293);
#9926=AXIS2_PLACEMENT_3D('',#14585,#11294,#11295);
#9927=AXIS2_PLACEMENT_3D('',#14588,#11297,#11298);
#9928=AXIS2_PLACEMENT_3D('',#14589,#11299,#11300);
#9929=AXIS2_PLACEMENT_3D('',#14592,#11302,#11303);
#9930=AXIS2_PLACEMENT_3D('',#14593,#11304,#11305);
#9931=AXIS2_PLACEMENT_3D('',#14595,#11306,#11307);
#9932=AXIS2_PLACEMENT_3D('',#14596,#11308,#11309);
#9933=AXIS2_PLACEMENT_3D('',#14598,#11310,#11311);
#9934=AXIS2_PLACEMENT_3D('',#14600,#11313,#11314);
#9935=AXIS2_PLACEMENT_3D('',#14602,#11315,#11316);
#9936=AXIS2_PLACEMENT_3D('',#14604,#11318,#11319);
#9937=AXIS2_PLACEMENT_3D('',#14606,#11320,#11321);
#9938=AXIS2_PLACEMENT_3D('',#14609,#11323,#11324);
#9939=AXIS2_PLACEMENT_3D('',#14610,#11325,#11326);
#9940=AXIS2_PLACEMENT_3D('',#14612,#11327,#11328);
#9941=AXIS2_PLACEMENT_3D('',#14613,#11329,#11330);
#9942=AXIS2_PLACEMENT_3D('',#14616,#11332,#11333);
#9943=AXIS2_PLACEMENT_3D('',#14617,#11334,#11335);
#9944=AXIS2_PLACEMENT_3D('',#14619,#11337,#11338);
#9945=AXIS2_PLACEMENT_3D('',#14620,#11339,#11340);
#9946=AXIS2_PLACEMENT_3D('',#14621,#11341,#11342);
#9947=AXIS2_PLACEMENT_3D('',#14623,#11343,#11344);
#9948=AXIS2_PLACEMENT_3D('',#14627,#11346,#11347);
#9949=AXIS2_PLACEMENT_3D('',#14628,#11348,#11349);
#9950=AXIS2_PLACEMENT_3D('',#14629,#11350,#11351);
#9951=AXIS2_PLACEMENT_3D('',#14631,#11352,#11353);
#9952=AXIS2_PLACEMENT_3D('',#14634,#11355,#11356);
#9953=AXIS2_PLACEMENT_3D('',#14635,#11357,#11358);
#9954=AXIS2_PLACEMENT_3D('',#14637,#11359,#11360);
#9955=AXIS2_PLACEMENT_3D('',#14639,#11362,#11363);
#9956=AXIS2_PLACEMENT_3D('',#14641,#11364,#11365);
#9957=AXIS2_PLACEMENT_3D('',#14642,#11366,#11367);
#9958=AXIS2_PLACEMENT_3D('',#14645,#11369,#11370);
#9959=AXIS2_PLACEMENT_3D('',#14646,#11371,#11372);
#9960=AXIS2_PLACEMENT_3D('',#14648,#11373,#11374);
#9961=AXIS2_PLACEMENT_3D('',#14649,#11375,#11376);
#9962=AXIS2_PLACEMENT_3D('',#14652,#11378,#11379);
#9963=AXIS2_PLACEMENT_3D('',#14653,#11380,#11381);
#9964=AXIS2_PLACEMENT_3D('',#14655,#11382,#11383);
#9965=AXIS2_PLACEMENT_3D('',#14657,#11385,#11386);
#9966=AXIS2_PLACEMENT_3D('',#14659,#11387,#11388);
#9967=AXIS2_PLACEMENT_3D('',#14661,#11390,#11391);
#9968=AXIS2_PLACEMENT_3D('',#14663,#11392,#11393);
#9969=AXIS2_PLACEMENT_3D('',#14666,#11395,#11396);
#9970=AXIS2_PLACEMENT_3D('',#14667,#11397,#11398);
#9971=AXIS2_PLACEMENT_3D('',#14669,#11400,#11401);
#9972=AXIS2_PLACEMENT_3D('',#14670,#11402,#11403);
#9973=AXIS2_PLACEMENT_3D('',#14673,#11405,#11406);
#9974=AXIS2_PLACEMENT_3D('',#14674,#11407,#11408);
#9975=AXIS2_PLACEMENT_3D('',#14675,#11409,#11410);
#9976=AXIS2_PLACEMENT_3D('',#14676,#11411,#11412);
#9977=AXIS2_PLACEMENT_3D('',#14678,#11413,#11414);
#9978=AXIS2_PLACEMENT_3D('',#14681,#11416,#11417);
#9979=AXIS2_PLACEMENT_3D('',#14682,#11418,#11419);
#9980=AXIS2_PLACEMENT_3D('',#14684,#11420,#11421);
#9981=AXIS2_PLACEMENT_3D('',#14686,#11423,#11424);
#9982=AXIS2_PLACEMENT_3D('',#14689,#11426,#11427);
#9983=AXIS2_PLACEMENT_3D('',#14690,#11428,#11429);
#9984=AXIS2_PLACEMENT_3D('',#14692,#11431,#11432);
#9985=AXIS2_PLACEMENT_3D('',#14693,#11433,#11434);
#9986=AXIS2_PLACEMENT_3D('',#14699,#11435,#11436);
#9987=AXIS2_PLACEMENT_3D('',#14700,#11437,#11438);
#9988=AXIS2_PLACEMENT_3D('',#14703,#11439,#11440);
#9989=AXIS2_PLACEMENT_3D('',#14707,#11442,#11443);
#9990=AXIS2_PLACEMENT_3D('',#14708,#11444,#11445);
#9991=AXIS2_PLACEMENT_3D('',#14709,#11446,#11447);
#9992=AXIS2_PLACEMENT_3D('',#14710,#11448,#11449);
#9993=AXIS2_PLACEMENT_3D('',#14713,#11451,#11452);
#9994=AXIS2_PLACEMENT_3D('',#14714,#11453,#11454);
#9995=AXIS2_PLACEMENT_3D('',#14717,#11455,#11456);
#9996=AXIS2_PLACEMENT_3D('',#14718,#11457,#11458);
#9997=AXIS2_PLACEMENT_3D('',#14721,#11460,#11461);
#9998=AXIS2_PLACEMENT_3D('',#14722,#11462,#11463);
#9999=AXIS2_PLACEMENT_3D('',#14724,#11465,#11466);
#10000=AXIS2_PLACEMENT_3D('',#14725,#11467,#11468);
#10001=AXIS2_PLACEMENT_3D('',#14727,#11469,#11470);
#10002=AXIS2_PLACEMENT_3D('',#14729,#11471,#11472);
#10003=AXIS2_PLACEMENT_3D('',#14731,#11473,#11474);
#10004=AXIS2_PLACEMENT_3D('',#14733,#11475,#11476);
#10005=AXIS2_PLACEMENT_3D('',#14734,#11477,#11478);
#10006=AXIS2_PLACEMENT_3D('',#14735,#11479,#11480);
#10007=AXIS2_PLACEMENT_3D('',#14744,#11484,#11485);
#10008=AXIS2_PLACEMENT_3D('',#14748,#11488,#11489);
#10009=AXIS2_PLACEMENT_3D('',#14755,#11492,#11493);
#10010=AXIS2_PLACEMENT_3D('',#14762,#11496,#11497);
#10011=AXIS2_PLACEMENT_3D('',#14769,#11500,#11501);
#10012=AXIS2_PLACEMENT_3D('',#14774,#11503,#11504);
#10013=AXIS2_PLACEMENT_3D('',#14775,#11505,#11506);
#10014=AXIS2_PLACEMENT_3D('',#14776,#11507,#11508);
#10015=AXIS2_PLACEMENT_3D('',#14777,#11509,#11510);
#10016=AXIS2_PLACEMENT_3D('',#14778,#11511,#11512);
#10017=AXIS2_PLACEMENT_3D('',#14779,#11513,#11514);
#10018=AXIS2_PLACEMENT_3D('',#14780,#11515,#11516);
#10019=AXIS2_PLACEMENT_3D('',#14781,#11517,#11518);
#10020=AXIS2_PLACEMENT_3D('',#14783,#11519,#11520);
#10021=AXIS2_PLACEMENT_3D('',#14786,#11522,#11523);
#10022=AXIS2_PLACEMENT_3D('',#14787,#11524,#11525);
#10023=AXIS2_PLACEMENT_3D('',#14790,#11527,#11528);
#10024=AXIS2_PLACEMENT_3D('',#14791,#11529,#11530);
#10025=AXIS2_PLACEMENT_3D('',#14792,#11531,#11532);
#10026=AXIS2_PLACEMENT_3D('',#14795,#11534,#11535);
#10027=AXIS2_PLACEMENT_3D('',#14796,#11536,#11537);
#10028=AXIS2_PLACEMENT_3D('',#14797,#11538,#11539);
#10029=AXIS2_PLACEMENT_3D('',#14798,#11540,#11541);
#10030=AXIS2_PLACEMENT_3D('',#14800,#11542,#11543);
#10031=AXIS2_PLACEMENT_3D('',#14804,#11545,#11546);
#10032=AXIS2_PLACEMENT_3D('',#14805,#11547,#11548);
#10033=AXIS2_PLACEMENT_3D('',#14806,#11549,#11550);
#10034=AXIS2_PLACEMENT_3D('',#14808,#11551,#11552);
#10035=AXIS2_PLACEMENT_3D('',#14810,#11554,#11555);
#10036=AXIS2_PLACEMENT_3D('',#14812,#11556,#11557);
#10037=AXIS2_PLACEMENT_3D('',#14814,#11559,#11560);
#10038=AXIS2_PLACEMENT_3D('',#14816,#11561,#11562);
#10039=AXIS2_PLACEMENT_3D('',#14819,#11564,#11565);
#10040=AXIS2_PLACEMENT_3D('',#14820,#11566,#11567);
#10041=AXIS2_PLACEMENT_3D('',#14823,#11569,#11570);
#10042=AXIS2_PLACEMENT_3D('',#14824,#11571,#11572);
#10043=AXIS2_PLACEMENT_3D('',#14825,#11573,#11574);
#10044=AXIS2_PLACEMENT_3D('',#14828,#11576,#11577);
#10045=AXIS2_PLACEMENT_3D('',#14829,#11578,#11579);
#10046=AXIS2_PLACEMENT_3D('',#14830,#11580,#11581);
#10047=AXIS2_PLACEMENT_3D('',#14831,#11582,#11583);
#10048=AXIS2_PLACEMENT_3D('',#14833,#11584,#11585);
#10049=AXIS2_PLACEMENT_3D('',#14836,#11587,#11588);
#10050=AXIS2_PLACEMENT_3D('',#14837,#11589,#11590);
#10051=AXIS2_PLACEMENT_3D('',#14840,#11592,#11593);
#10052=AXIS2_PLACEMENT_3D('',#14841,#11594,#11595);
#10053=AXIS2_PLACEMENT_3D('',#14843,#11596,#11597);
#10054=AXIS2_PLACEMENT_3D('',#14844,#11598,#11599);
#10055=AXIS2_PLACEMENT_3D('',#14846,#11600,#11601);
#10056=AXIS2_PLACEMENT_3D('',#14848,#11603,#11604);
#10057=AXIS2_PLACEMENT_3D('',#14850,#11605,#11606);
#10058=AXIS2_PLACEMENT_3D('',#14851,#11607,#11608);
#10059=AXIS2_PLACEMENT_3D('',#14853,#11609,#11610);
#10060=AXIS2_PLACEMENT_3D('',#14855,#11612,#11613);
#10061=AXIS2_PLACEMENT_3D('',#14857,#11614,#11615);
#10062=AXIS2_PLACEMENT_3D('',#14859,#11617,#11618);
#10063=AXIS2_PLACEMENT_3D('',#14861,#11620,#11621);
#10064=AXIS2_PLACEMENT_3D('',#14862,#11622,#11623);
#10065=AXIS2_PLACEMENT_3D('',#14864,#11624,#11625);
#10066=AXIS2_PLACEMENT_3D('',#14867,#11627,#11628);
#10067=AXIS2_PLACEMENT_3D('',#14868,#11629,#11630);
#10068=AXIS2_PLACEMENT_3D('',#14870,#11631,#11632);
#10069=AXIS2_PLACEMENT_3D('',#14871,#11633,#11634);
#10070=AXIS2_PLACEMENT_3D('',#14874,#11635,#11636);
#10071=AXIS2_PLACEMENT_3D('',#14876,#11638,#11639);
#10072=AXIS2_PLACEMENT_3D('',#14877,#11640,#11641);
#10073=AXIS2_PLACEMENT_3D('',#14879,#11642,#11643);
#10074=AXIS2_PLACEMENT_3D('',#14881,#11645,#11646);
#10075=AXIS2_PLACEMENT_3D('',#14884,#11648,#11649);
#10076=AXIS2_PLACEMENT_3D('',#14885,#11650,#11651);
#10077=AXIS2_PLACEMENT_3D('',#14888,#11653,#11654);
#10078=AXIS2_PLACEMENT_3D('',#14889,#11655,#11656);
#10079=AXIS2_PLACEMENT_3D('',#14891,#11657,#11658);
#10080=AXIS2_PLACEMENT_3D('',#14892,#11659,#11660);
#10081=AXIS2_PLACEMENT_3D('',#14894,#11661,#11662);
#10082=AXIS2_PLACEMENT_3D('',#14897,#11664,#11665);
#10083=AXIS2_PLACEMENT_3D('',#14898,#11666,#11667);
#10084=AXIS2_PLACEMENT_3D('',#14900,#11668,#11669);
#10085=AXIS2_PLACEMENT_3D('',#14901,#11670,#11671);
#10086=AXIS2_PLACEMENT_3D('',#14903,#11672,#11673);
#10087=AXIS2_PLACEMENT_3D('',#14905,#11675,#11676);
#10088=AXIS2_PLACEMENT_3D('',#14907,#11677,#11678);
#10089=AXIS2_PLACEMENT_3D('',#14909,#11680,#11681);
#10090=AXIS2_PLACEMENT_3D('',#14911,#11682,#11683);
#10091=AXIS2_PLACEMENT_3D('',#14913,#11685,#11686);
#10092=AXIS2_PLACEMENT_3D('',#14915,#11687,#11688);
#10093=AXIS2_PLACEMENT_3D('',#14917,#11690,#11691);
#10094=AXIS2_PLACEMENT_3D('',#14920,#11693,#11694);
#10095=AXIS2_PLACEMENT_3D('',#14921,#11695,#11696);
#10096=AXIS2_PLACEMENT_3D('',#14922,#11697,#11698);
#10097=AXIS2_PLACEMENT_3D('',#14925,#11700,#11701);
#10098=AXIS2_PLACEMENT_3D('',#14926,#11702,#11703);
#10099=AXIS2_PLACEMENT_3D('',#14928,#11704,#11705);
#10100=AXIS2_PLACEMENT_3D('',#14929,#11706,#11707);
#10101=AXIS2_PLACEMENT_3D('',#14931,#11708,#11709);
#10102=AXIS2_PLACEMENT_3D('',#14933,#11711,#11712);
#10103=AXIS2_PLACEMENT_3D('',#14936,#11714,#11715);
#10104=AXIS2_PLACEMENT_3D('',#14937,#11716,#11717);
#10105=AXIS2_PLACEMENT_3D('',#14939,#11718,#11719);
#10106=AXIS2_PLACEMENT_3D('',#14942,#11721,#11722);
#10107=AXIS2_PLACEMENT_3D('',#14943,#11723,#11724);
#10108=AXIS2_PLACEMENT_3D('',#14945,#11725,#11726);
#10109=AXIS2_PLACEMENT_3D('',#14946,#11727,#11728);
#10110=AXIS2_PLACEMENT_3D('',#14948,#11729,#11730);
#10111=AXIS2_PLACEMENT_3D('',#14950,#11732,#11733);
#10112=AXIS2_PLACEMENT_3D('',#14952,#11735,#11736);
#10113=AXIS2_PLACEMENT_3D('',#14953,#11737,#11738);
#10114=AXIS2_PLACEMENT_3D('',#14954,#11739,#11740);
#10115=AXIS2_PLACEMENT_3D('',#14957,#11741,#11742);
#10116=AXIS2_PLACEMENT_3D('',#14961,#11744,#11745);
#10117=AXIS2_PLACEMENT_3D('',#14963,#11747,#11748);
#10118=AXIS2_PLACEMENT_3D('',#14975,#11750,#11751);
#10119=AXIS2_PLACEMENT_3D('',#14976,#11752,#11753);
#10120=AXIS2_PLACEMENT_3D('',#14994,#11754,#11755);
#10121=AXIS2_PLACEMENT_3D('',#14997,#11757,#11758);
#10122=AXIS2_PLACEMENT_3D('',#14998,#11759,#11760);
#10123=AXIS2_PLACEMENT_3D('',#15000,#11761,#11762);
#10124=AXIS2_PLACEMENT_3D('',#15002,#11763,#11764);
#10125=AXIS2_PLACEMENT_3D('',#15004,#11766,#11767);
#10126=AXIS2_PLACEMENT_3D('',#15006,#11768,#11769);
#10127=AXIS2_PLACEMENT_3D('',#15008,#11770,#11771);
#10128=AXIS2_PLACEMENT_3D('',#15010,#11773,#11774);
#10129=AXIS2_PLACEMENT_3D('',#15023,#11775,#11776);
#10130=AXIS2_PLACEMENT_3D('',#15048,#11778,#11779);
#10131=AXIS2_PLACEMENT_3D('',#15057,#11781,#11782);
#10132=AXIS2_PLACEMENT_3D('',#15078,#11784,#11785);
#10133=AXIS2_PLACEMENT_3D('',#15081,#11788,#11789);
#10134=AXIS2_PLACEMENT_3D('',#15087,#11793,#11794);
#10135=AXIS2_PLACEMENT_3D('',#15089,#11795,#11796);
#10136=AXIS2_PLACEMENT_3D('',#15091,#11797,#11798);
#10137=AXIS2_PLACEMENT_3D('',#15093,#11800,#11801);
#10138=AXIS2_PLACEMENT_3D('',#15095,#11802,#11803);
#10139=AXIS2_PLACEMENT_3D('',#15097,#11804,#11805);
#10140=AXIS2_PLACEMENT_3D('',#15099,#11807,#11808);
#10141=AXIS2_PLACEMENT_3D('',#15108,#11810,#11811);
#10142=AXIS2_PLACEMENT_3D('',#15115,#11813,#11814);
#10143=AXIS2_PLACEMENT_3D('',#15118,#11817,#11818);
#10144=AXIS2_PLACEMENT_3D('',#15120,#11819,#11820);
#10145=AXIS2_PLACEMENT_3D('',#15126,#11824,#11825);
#10146=AXIS2_PLACEMENT_3D('',#15128,#11826,#11827);
#10147=AXIS2_PLACEMENT_3D('',#15130,#11828,#11829);
#10148=AXIS2_PLACEMENT_3D('',#15132,#11831,#11832);
#10149=AXIS2_PLACEMENT_3D('',#15135,#11835,#11836);
#10150=AXIS2_PLACEMENT_3D('',#15137,#11837,#11838);
#10151=AXIS2_PLACEMENT_3D('',#15140,#11840,#11841);
#10152=AXIS2_PLACEMENT_3D('',#15141,#11842,#11843);
#10153=AXIS2_PLACEMENT_3D('',#15144,#11844,#11845);
#10154=AXIS2_PLACEMENT_3D('',#15146,#11846,#11847);
#10155=AXIS2_PLACEMENT_3D('',#15150,#11849,#11850);
#10156=AXIS2_PLACEMENT_3D('',#15152,#11851,#11852);
#10157=AXIS2_PLACEMENT_3D('',#15156,#11854,#11855);
#10158=AXIS2_PLACEMENT_3D('',#15160,#11857,#11858);
#10159=AXIS2_PLACEMENT_3D('',#15164,#11860,#11861);
#10160=AXIS2_PLACEMENT_3D('',#15168,#11863,#11864);
#10161=AXIS2_PLACEMENT_3D('',#15171,#11866,#11867);
#10162=AXIS2_PLACEMENT_3D('',#15172,#11868,#11869);
#10163=AXIS2_PLACEMENT_3D('',#15175,#11871,#11872);
#10164=AXIS2_PLACEMENT_3D('',#15176,#11873,#11874);
#10165=AXIS2_PLACEMENT_3D('',#15178,#11875,#11876);
#10166=AXIS2_PLACEMENT_3D('',#15180,#11878,#11879);
#10167=AXIS2_PLACEMENT_3D('',#15183,#11881,#11882);
#10168=AXIS2_PLACEMENT_3D('',#15184,#11883,#11884);
#10169=AXIS2_PLACEMENT_3D('',#15190,#11885,#11886);
#10170=AXIS2_PLACEMENT_3D('',#15192,#11888,#11889);
#10171=AXIS2_PLACEMENT_3D('',#15194,#11890,#11891);
#10172=AXIS2_PLACEMENT_3D('',#15196,#11893,#11894);
#10173=AXIS2_PLACEMENT_3D('',#15200,#11897,#11898);
#10174=AXIS2_PLACEMENT_3D('',#15202,#11899,#11900);
#10175=AXIS2_PLACEMENT_3D('',#15204,#11902,#11903);
#10176=AXIS2_PLACEMENT_3D('',#15208,#11906,#11907);
#10177=AXIS2_PLACEMENT_3D('',#15210,#11908,#11909);
#10178=AXIS2_PLACEMENT_3D('',#15212,#11911,#11912);
#10179=AXIS2_PLACEMENT_3D('',#15216,#11915,#11916);
#10180=AXIS2_PLACEMENT_3D('',#15218,#11917,#11918);
#10181=AXIS2_PLACEMENT_3D('',#15220,#11920,#11921);
#10182=AXIS2_PLACEMENT_3D('',#15224,#11924,#11925);
#10183=AXIS2_PLACEMENT_3D('',#15226,#11926,#11927);
#10184=AXIS2_PLACEMENT_3D('',#15228,#11929,#11930);
#10185=AXIS2_PLACEMENT_3D('',#15232,#11933,#11934);
#10186=AXIS2_PLACEMENT_3D('',#15242,#11935,#11936);
#10187=AXIS2_PLACEMENT_3D('',#15243,#11937,#11938);
#10188=AXIS2_PLACEMENT_3D('',#15248,#11941,#11942);
#10189=AXIS2_PLACEMENT_3D('',#15250,#11944,#11945);
#10190=AXIS2_PLACEMENT_3D('',#15254,#11948,#11949);
#10191=AXIS2_PLACEMENT_3D('',#15258,#11951,#11952);
#10192=AXIS2_PLACEMENT_3D('',#15259,#11953,#11954);
#10193=AXIS2_PLACEMENT_3D('',#15260,#11955,#11956);
#10194=AXIS2_PLACEMENT_3D('',#15274,#11962,#11963);
#10195=AXIS2_PLACEMENT_3D('',#15277,#11965,#11966);
#10196=AXIS2_PLACEMENT_3D('',#15278,#11967,#11968);
#10197=AXIS2_PLACEMENT_3D('',#15282,#11971,#11972);
#10198=AXIS2_PLACEMENT_3D('',#15285,#11974,#11975);
#10199=AXIS2_PLACEMENT_3D('',#15286,#11976,#11977);
#10200=AXIS2_PLACEMENT_3D('',#15296,#11981,#11982);
#10201=AXIS2_PLACEMENT_3D('',#15311,#11984,#11985);
#10202=AXIS2_PLACEMENT_3D('',#15319,#11988,#11989);
#10203=AXIS2_PLACEMENT_3D('',#15322,#11991,#11992);
#10204=AXIS2_PLACEMENT_3D('',#15323,#11993,#11994);
#10205=AXIS2_PLACEMENT_3D('',#15326,#11996,#11997);
#10206=AXIS2_PLACEMENT_3D('',#15327,#11998,#11999);
#10207=AXIS2_PLACEMENT_3D('',#15329,#12000,#12001);
#10208=AXIS2_PLACEMENT_3D('',#15332,#12003,#12004);
#10209=AXIS2_PLACEMENT_3D('',#15333,#12005,#12006);
#10210=AXIS2_PLACEMENT_3D('',#15335,#12007,#12008);
#10211=AXIS2_PLACEMENT_3D('',#15336,#12009,#12010);
#10212=AXIS2_PLACEMENT_3D('',#15340,#12012,#12013);
#10213=AXIS2_PLACEMENT_3D('',#15341,#12014,#12015);
#10214=AXIS2_PLACEMENT_3D('',#15342,#12016,#12017);
#10215=AXIS2_PLACEMENT_3D('',#15344,#12018,#12019);
#10216=AXIS2_PLACEMENT_3D('',#15348,#12021,#12022);
#10217=AXIS2_PLACEMENT_3D('',#15349,#12023,#12024);
#10218=AXIS2_PLACEMENT_3D('',#15350,#12025,#12026);
#10219=AXIS2_PLACEMENT_3D('',#15351,#12027,#12028);
#10220=AXIS2_PLACEMENT_3D('',#15353,#12030,#12031);
#10221=AXIS2_PLACEMENT_3D('',#15355,#12032,#12033);
#10222=AXIS2_PLACEMENT_3D('',#15359,#12035,#12036);
#10223=AXIS2_PLACEMENT_3D('',#15360,#12037,#12038);
#10224=AXIS2_PLACEMENT_3D('',#15361,#12039,#12040);
#10225=AXIS2_PLACEMENT_3D('',#15365,#12042,#12043);
#10226=AXIS2_PLACEMENT_3D('',#15369,#12045,#12046);
#10227=AXIS2_PLACEMENT_3D('',#15373,#12048,#12049);
#10228=AXIS2_PLACEMENT_3D('',#15377,#12051,#12052);
#10229=AXIS2_PLACEMENT_3D('',#15381,#12054,#12055);
#10230=AXIS2_PLACEMENT_3D('',#15385,#12057,#12058);
#10231=AXIS2_PLACEMENT_3D('',#15389,#12060,#12061);
#10232=AXIS2_PLACEMENT_3D('',#15393,#12063,#12064);
#10233=AXIS2_PLACEMENT_3D('',#15397,#12066,#12067);
#10234=AXIS2_PLACEMENT_3D('',#15399,#12068,#12069);
#10235=AXIS2_PLACEMENT_3D('',#15401,#12070,#12071);
#10236=AXIS2_PLACEMENT_3D('',#15403,#12072,#12073);
#10237=AXIS2_PLACEMENT_3D('',#15405,#12074,#12075);
#10238=AXIS2_PLACEMENT_3D('',#15407,#12076,#12077);
#10239=AXIS2_PLACEMENT_3D('',#15411,#12079,#12080);
#10240=AXIS2_PLACEMENT_3D('',#15414,#12082,#12083);
#10241=AXIS2_PLACEMENT_3D('',#15415,#12084,#12085);
#10242=AXIS2_PLACEMENT_3D('',#15418,#12087,#12088);
#10243=AXIS2_PLACEMENT_3D('',#15419,#12089,#12090);
#10244=AXIS2_PLACEMENT_3D('',#15421,#12091,#12092);
#10245=AXIS2_PLACEMENT_3D('',#15424,#12094,#12095);
#10246=AXIS2_PLACEMENT_3D('',#15425,#12096,#12097);
#10247=AXIS2_PLACEMENT_3D('',#15428,#12099,#12100);
#10248=AXIS2_PLACEMENT_3D('',#15429,#12101,#12102);
#10249=AXIS2_PLACEMENT_3D('',#15430,#12103,#12104);
#10250=AXIS2_PLACEMENT_3D('',#15432,#12105,#12106);
#10251=AXIS2_PLACEMENT_3D('',#15436,#12109,#12110);
#10252=AXIS2_PLACEMENT_3D('',#15439,#12112,#12113);
#10253=AXIS2_PLACEMENT_3D('',#15440,#12114,#12115);
#10254=AXIS2_PLACEMENT_3D('',#15444,#12118,#12119);
#10255=AXIS2_PLACEMENT_3D('',#15447,#12121,#12122);
#10256=AXIS2_PLACEMENT_3D('',#15448,#12123,#12124);
#10257=AXIS2_PLACEMENT_3D('',#15452,#12127,#12128);
#10258=AXIS2_PLACEMENT_3D('',#15455,#12130,#12131);
#10259=AXIS2_PLACEMENT_3D('',#15456,#12132,#12133);
#10260=AXIS2_PLACEMENT_3D('',#15460,#12136,#12137);
#10261=AXIS2_PLACEMENT_3D('',#15463,#12139,#12140);
#10262=AXIS2_PLACEMENT_3D('',#15464,#12141,#12142);
#10263=AXIS2_PLACEMENT_3D('',#15468,#12145,#12146);
#10264=AXIS2_PLACEMENT_3D('',#15471,#12148,#12149);
#10265=AXIS2_PLACEMENT_3D('',#15472,#12150,#12151);
#10266=AXIS2_PLACEMENT_3D('',#15476,#12154,#12155);
#10267=AXIS2_PLACEMENT_3D('',#15479,#12157,#12158);
#10268=AXIS2_PLACEMENT_3D('',#15480,#12159,#12160);
#10269=AXIS2_PLACEMENT_3D('',#15484,#12163,#12164);
#10270=AXIS2_PLACEMENT_3D('',#15487,#12166,#12167);
#10271=AXIS2_PLACEMENT_3D('',#15488,#12168,#12169);
#10272=AXIS2_PLACEMENT_3D('',#15492,#12172,#12173);
#10273=AXIS2_PLACEMENT_3D('',#15494,#12175,#12176);
#10274=AXIS2_PLACEMENT_3D('',#15495,#12177,#12178);
#10275=AXIS2_PLACEMENT_3D('',#15496,#12179,#12180);
#10276=AXIS2_PLACEMENT_3D('',#15498,#12181,#12182);
#10277=AXIS2_PLACEMENT_3D('',#15501,#12184,#12185);
#10278=AXIS2_PLACEMENT_3D('',#15502,#12186,#12187);
#10279=AXIS2_PLACEMENT_3D('',#15504,#12188,#12189);
#10280=AXIS2_PLACEMENT_3D('',#15505,#12190,#12191);
#10281=AXIS2_PLACEMENT_3D('',#15509,#12193,#12194);
#10282=AXIS2_PLACEMENT_3D('',#15510,#12195,#12196);
#10283=AXIS2_PLACEMENT_3D('',#15511,#12197,#12198);
#10284=AXIS2_PLACEMENT_3D('',#15513,#12199,#12200);
#10285=AXIS2_PLACEMENT_3D('',#15517,#12202,#12203);
#10286=AXIS2_PLACEMENT_3D('',#15518,#12204,#12205);
#10287=AXIS2_PLACEMENT_3D('',#15519,#12206,#12207);
#10288=AXIS2_PLACEMENT_3D('',#15521,#12208,#12209);
#10289=AXIS2_PLACEMENT_3D('',#15522,#12210,#12211);
#10290=AXIS2_PLACEMENT_3D('',#15524,#12213,#12214);
#10291=AXIS2_PLACEMENT_3D('',#15526,#12215,#12216);
#10292=AXIS2_PLACEMENT_3D('',#15528,#12218,#12219);
#10293=AXIS2_PLACEMENT_3D('',#15530,#12221,#12222);
#10294=AXIS2_PLACEMENT_3D('',#15533,#12225,#12226);
#10295=AXIS2_PLACEMENT_3D('',#15535,#12228,#12229);
#10296=AXIS2_PLACEMENT_3D('',#15537,#12231,#12232);
#10297=AXIS2_PLACEMENT_3D('',#15539,#12234,#12235);
#10298=AXIS2_PLACEMENT_3D('',#15541,#12237,#12238);
#10299=AXIS2_PLACEMENT_3D('',#15542,#12239,#12240);
#10300=AXIS2_PLACEMENT_3D('',#15544,#12242,#12243);
#10301=AXIS2_PLACEMENT_3D('',#15547,#12244,#12245);
#10302=AXIS2_PLACEMENT_3D('',#15551,#12247,#12248);
#10303=AXIS2_PLACEMENT_3D('',#15553,#12250,#12251);
#10304=AXIS2_PLACEMENT_3D('',#15559,#12255,#12256);
#10305=AXIS2_PLACEMENT_3D('',#15561,#12257,#12258);
#10306=AXIS2_PLACEMENT_3D('',#15563,#12259,#12260);
#10307=AXIS2_PLACEMENT_3D('',#15565,#12262,#12263);
#10308=AXIS2_PLACEMENT_3D('',#15571,#12267,#12268);
#10309=AXIS2_PLACEMENT_3D('',#15573,#12269,#12270);
#10310=AXIS2_PLACEMENT_3D('',#15575,#12271,#12272);
#10311=AXIS2_PLACEMENT_3D('',#15577,#12274,#12275);
#10312=AXIS2_PLACEMENT_3D('',#15583,#12279,#12280);
#10313=AXIS2_PLACEMENT_3D('',#15585,#12281,#12282);
#10314=AXIS2_PLACEMENT_3D('',#15587,#12283,#12284);
#10315=AXIS2_PLACEMENT_3D('',#15589,#12286,#12287);
#10316=AXIS2_PLACEMENT_3D('',#15595,#12291,#12292);
#10317=AXIS2_PLACEMENT_3D('',#15597,#12293,#12294);
#10318=AXIS2_PLACEMENT_3D('',#15599,#12295,#12296);
#10319=AXIS2_PLACEMENT_3D('',#15601,#12298,#12299);
#10320=AXIS2_PLACEMENT_3D('',#15614,#12305,#12306);
#10321=AXIS2_PLACEMENT_3D('',#15617,#12308,#12309);
#10322=AXIS2_PLACEMENT_3D('',#15618,#12310,#12311);
#10323=AXIS2_PLACEMENT_3D('',#15625,#12313,#12314);
#10324=AXIS2_PLACEMENT_3D('',#15626,#12315,#12316);
#10325=AXIS2_PLACEMENT_3D('',#15629,#12319,#12320);
#10326=AXIS2_PLACEMENT_3D('',#15638,#12325,#12326);
#10327=AXIS2_PLACEMENT_3D('',#15645,#12328,#12329);
#10328=AXIS2_PLACEMENT_3D('',#15646,#12330,#12331);
#10329=AXIS2_PLACEMENT_3D('',#15653,#12333,#12334);
#10330=AXIS2_PLACEMENT_3D('',#15654,#12335,#12336);
#10331=AXIS2_PLACEMENT_3D('',#15660,#12340,#12341);
#10332=AXIS2_PLACEMENT_3D('',#15664,#12342,#12343);
#10333=AXIS2_PLACEMENT_3D('',#15665,#12344,#12345);
#10334=AXIS2_PLACEMENT_3D('',#15667,#12346,#12347);
#10335=AXIS2_PLACEMENT_3D('',#15669,#12348,#12349);
#10336=AXIS2_PLACEMENT_3D('',#15671,#12351,#12352);
#10337=AXIS2_PLACEMENT_3D('',#15677,#12356,#12357);
#10338=AXIS2_PLACEMENT_3D('',#15679,#12358,#12359);
#10339=AXIS2_PLACEMENT_3D('',#15681,#12360,#12361);
#10340=AXIS2_PLACEMENT_3D('',#15683,#12363,#12364);
#10341=AXIS2_PLACEMENT_3D('',#15688,#12368,#12369);
#10342=AXIS2_PLACEMENT_3D('',#15690,#12370,#12371);
#10343=AXIS2_PLACEMENT_3D('',#15692,#12373,#12374);
#10344=AXIS2_PLACEMENT_3D('',#15694,#12375,#12376);
#10345=AXIS2_PLACEMENT_3D('',#15696,#12378,#12379);
#10346=AXIS2_PLACEMENT_3D('',#15700,#12381,#12382);
#10347=AXIS2_PLACEMENT_3D('',#15702,#12384,#12385);
#10348=AXIS2_PLACEMENT_3D('',#15704,#12387,#12388);
#10349=AXIS2_PLACEMENT_3D('',#15710,#12392,#12393);
#10350=AXIS2_PLACEMENT_3D('',#15713,#12395,#12396);
#10351=AXIS2_PLACEMENT_3D('',#15714,#12397,#12398);
#10352=AXIS2_PLACEMENT_3D('',#15716,#12400,#12401);
#10353=AXIS2_PLACEMENT_3D('',#15722,#12405,#12406);
#10354=AXIS2_PLACEMENT_3D('',#15723,#12407,#12408);
#10355=AXIS2_PLACEMENT_3D('',#15724,#12409,#12410);
#10356=AXIS2_PLACEMENT_3D('',#15726,#12411,#12412);
#10357=AXIS2_PLACEMENT_3D('',#15728,#12413,#12414);
#10358=AXIS2_PLACEMENT_3D('',#15730,#12416,#12417);
#10359=AXIS2_PLACEMENT_3D('',#15733,#12420,#12421);
#10360=AXIS2_PLACEMENT_3D('',#15735,#12422,#12423);
#10361=AXIS2_PLACEMENT_3D('',#15737,#12425,#12426);
#10362=AXIS2_PLACEMENT_3D('',#15739,#12427,#12428);
#10363=AXIS2_PLACEMENT_3D('',#15741,#12429,#12430);
#10364=AXIS2_PLACEMENT_3D('',#15743,#12431,#12432);
#10365=AXIS2_PLACEMENT_3D('',#15745,#12433,#12434);
#10366=AXIS2_PLACEMENT_3D('',#15746,#12435,#12436);
#10367=AXIS2_PLACEMENT_3D('',#15749,#12438,#12439);
#10368=AXIS2_PLACEMENT_3D('',#15750,#12440,#12441);
#10369=AXIS2_PLACEMENT_3D('',#15752,#12442,#12443);
#10370=AXIS2_PLACEMENT_3D('',#15753,#12444,#12445);
#10371=AXIS2_PLACEMENT_3D('',#15757,#12447,#12448);
#10372=AXIS2_PLACEMENT_3D('',#15758,#12449,#12450);
#10373=AXIS2_PLACEMENT_3D('',#15759,#12451,#12452);
#10374=AXIS2_PLACEMENT_3D('',#15761,#12454,#12455);
#10375=AXIS2_PLACEMENT_3D('',#15765,#12457,#12458);
#10376=AXIS2_PLACEMENT_3D('',#15766,#12459,#12460);
#10377=AXIS2_PLACEMENT_3D('',#15767,#12461,#12462);
#10378=AXIS2_PLACEMENT_3D('',#15770,#12464,#12465);
#10379=AXIS2_PLACEMENT_3D('',#15771,#12466,#12467);
#10380=AXIS2_PLACEMENT_3D('',#15774,#12469,#12470);
#10381=AXIS2_PLACEMENT_3D('',#15775,#12471,#12472);
#10382=AXIS2_PLACEMENT_3D('',#15776,#12473,#12474);
#10383=AXIS2_PLACEMENT_3D('',#15779,#12477,#12478);
#10384=AXIS2_PLACEMENT_3D('',#15781,#12480,#12481);
#10385=AXIS2_PLACEMENT_3D('',#15782,#12482,#12483);
#10386=AXIS2_PLACEMENT_3D('',#15784,#12485,#12486);
#10387=AXIS2_PLACEMENT_3D('',#15786,#12488,#12489);
#10388=AXIS2_PLACEMENT_3D('',#15789,#12492,#12493);
#10389=AXIS2_PLACEMENT_3D('',#15790,#12494,#12495);
#10390=AXIS2_PLACEMENT_3D('',#15792,#12497,#12498);
#10391=AXIS2_PLACEMENT_3D('',#15795,#12501,#12502);
#10392=AXIS2_PLACEMENT_3D('',#15797,#12504,#12505);
#10393=AXIS2_PLACEMENT_3D('',#15799,#12507,#12508);
#10394=AXIS2_PLACEMENT_3D('',#15802,#12511,#12512);
#10395=AXIS2_PLACEMENT_3D('',#15804,#12514,#12515);
#10396=AXIS2_PLACEMENT_3D('',#15807,#12518,#12519);
#10397=AXIS2_PLACEMENT_3D('',#15809,#12521,#12522);
#10398=AXIS2_PLACEMENT_3D('',#15811,#12524,#12525);
#10399=AXIS2_PLACEMENT_3D('',#15813,#12527,#12528);
#10400=AXIS2_PLACEMENT_3D('',#15815,#12530,#12531);
#10401=AXIS2_PLACEMENT_3D('',#15816,#12532,#12533);
#10402=AXIS2_PLACEMENT_3D('',#15818,#12535,#12536);
#10403=AXIS2_PLACEMENT_3D('',#15819,#12537,#12538);
#10404=AXIS2_PLACEMENT_3D('',#15820,#12539,#12540);
#10405=AXIS2_PLACEMENT_3D('',#15821,#12541,#12542);
#10406=AXIS2_PLACEMENT_3D('',#15823,#12544,#12545);
#10407=AXIS2_PLACEMENT_3D('',#15825,#12547,#12548);
#10408=AXIS2_PLACEMENT_3D('',#15826,#12549,#12550);
#10409=AXIS2_PLACEMENT_3D('',#15850,#12552,#12553);
#10410=AXIS2_PLACEMENT_3D('',#15863,#12555,#12556);
#10411=AXIS2_PLACEMENT_3D('',#15873,#12558,#12559);
#10412=AXIS2_PLACEMENT_3D('',#15896,#12561,#12562);
#10413=AXIS2_PLACEMENT_3D('',#15907,#12563,#12564);
#10414=AXIS2_PLACEMENT_3D('',#15919,#12566,#12567);
#10415=AXIS2_PLACEMENT_3D('',#15920,#12568,#12569);
#10416=AXIS2_PLACEMENT_3D('',#15921,#12570,#12571);
#10417=AXIS2_PLACEMENT_3D('',#15922,#12572,#12573);
#10418=AXIS2_PLACEMENT_3D('',#15923,#12574,#12575);
#10419=AXIS2_PLACEMENT_3D('',#15930,#12579,#12580);
#10420=AXIS2_PLACEMENT_3D('',#15931,#12581,#12582);
#10421=AXIS2_PLACEMENT_3D('',#15938,#12583,#12584);
#10422=AXIS2_PLACEMENT_3D('',#15944,#12586,#12587);
#10423=AXIS2_PLACEMENT_3D('',#15950,#12591,#12592);
#10424=AXIS2_PLACEMENT_3D('',#15952,#12593,#12594);
#10425=AXIS2_PLACEMENT_3D('',#15954,#12595,#12596);
#10426=AXIS2_PLACEMENT_3D('',#15956,#12598,#12599);
#10427=AXIS2_PLACEMENT_3D('',#15958,#12600,#12601);
#10428=AXIS2_PLACEMENT_3D('',#15960,#12602,#12603);
#10429=AXIS2_PLACEMENT_3D('',#15962,#12605,#12606);
#10430=AXIS2_PLACEMENT_3D('',#15971,#12608,#12609);
#10431=AXIS2_PLACEMENT_3D('',#15992,#12611,#12612);
#10432=AXIS2_PLACEMENT_3D('',#15995,#12615,#12616);
#10433=AXIS2_PLACEMENT_3D('',#15998,#12619,#12620);
#10434=AXIS2_PLACEMENT_3D('',#16001,#12621,#12622);
#10435=AXIS2_PLACEMENT_3D('',#16007,#12626,#12627);
#10436=AXIS2_PLACEMENT_3D('',#16011,#12629,#12630);
#10437=AXIS2_PLACEMENT_3D('',#16012,#12631,#12632);
#10438=AXIS2_PLACEMENT_3D('',#16013,#12633,#12634);
#10439=AXIS2_PLACEMENT_3D('',#16019,#12638,#12639);
#10440=AXIS2_PLACEMENT_3D('',#16023,#12641,#12642);
#10441=AXIS2_PLACEMENT_3D('',#16024,#12643,#12644);
#10442=AXIS2_PLACEMENT_3D('',#16025,#12645,#12646);
#10443=AXIS2_PLACEMENT_3D('',#16031,#12650,#12651);
#10444=AXIS2_PLACEMENT_3D('',#16035,#12653,#12654);
#10445=AXIS2_PLACEMENT_3D('',#16036,#12655,#12656);
#10446=AXIS2_PLACEMENT_3D('',#16037,#12657,#12658);
#10447=AXIS2_PLACEMENT_3D('',#16043,#12662,#12663);
#10448=AXIS2_PLACEMENT_3D('',#16047,#12665,#12666);
#10449=AXIS2_PLACEMENT_3D('',#16048,#12667,#12668);
#10450=AXIS2_PLACEMENT_3D('',#16049,#12669,#12670);
#10451=AXIS2_PLACEMENT_3D('',#16055,#12674,#12675);
#10452=AXIS2_PLACEMENT_3D('',#16059,#12677,#12678);
#10453=AXIS2_PLACEMENT_3D('',#16060,#12679,#12680);
#10454=AXIS2_PLACEMENT_3D('',#16061,#12681,#12682);
#10455=AXIS2_PLACEMENT_3D('',#16067,#12686,#12687);
#10456=AXIS2_PLACEMENT_3D('',#16071,#12689,#12690);
#10457=AXIS2_PLACEMENT_3D('',#16072,#12691,#12692);
#10458=AXIS2_PLACEMENT_3D('',#16073,#12693,#12694);
#10459=AXIS2_PLACEMENT_3D('',#16079,#12698,#12699);
#10460=AXIS2_PLACEMENT_3D('',#16083,#12701,#12702);
#10461=AXIS2_PLACEMENT_3D('',#16084,#12703,#12704);
#10462=AXIS2_PLACEMENT_3D('',#16085,#12705,#12706);
#10463=AXIS2_PLACEMENT_3D('',#16091,#12710,#12711);
#10464=AXIS2_PLACEMENT_3D('',#16095,#12713,#12714);
#10465=AXIS2_PLACEMENT_3D('',#16096,#12715,#12716);
#10466=AXIS2_PLACEMENT_3D('',#16097,#12717,#12718);
#10467=AXIS2_PLACEMENT_3D('',#16100,#12719,#12720);
#10468=AXIS2_PLACEMENT_3D('',#16103,#12723,#12724);
#10469=AXIS2_PLACEMENT_3D('',#16119,#12731,#12732);
#10470=AXIS2_PLACEMENT_3D('',#16122,#12734,#12735);
#10471=AXIS2_PLACEMENT_3D('',#16123,#12736,#12737);
#10472=AXIS2_PLACEMENT_3D('',#16127,#12740,#12741);
#10473=AXIS2_PLACEMENT_3D('',#16130,#12743,#12744);
#10474=AXIS2_PLACEMENT_3D('',#16131,#12745,#12746);
#10475=AXIS2_PLACEMENT_3D('',#16135,#12749,#12750);
#10476=AXIS2_PLACEMENT_3D('',#16138,#12752,#12753);
#10477=AXIS2_PLACEMENT_3D('',#16139,#12754,#12755);
#10478=AXIS2_PLACEMENT_3D('',#16143,#12758,#12759);
#10479=AXIS2_PLACEMENT_3D('',#16146,#12761,#12762);
#10480=AXIS2_PLACEMENT_3D('',#16147,#12763,#12764);
#10481=AXIS2_PLACEMENT_3D('',#16151,#12767,#12768);
#10482=AXIS2_PLACEMENT_3D('',#16154,#12770,#12771);
#10483=AXIS2_PLACEMENT_3D('',#16155,#12772,#12773);
#10484=AXIS2_PLACEMENT_3D('',#16159,#12776,#12777);
#10485=AXIS2_PLACEMENT_3D('',#16162,#12779,#12780);
#10486=AXIS2_PLACEMENT_3D('',#16163,#12781,#12782);
#10487=AXIS2_PLACEMENT_3D('',#16173,#12786,#12787);
#10488=AXIS2_PLACEMENT_3D('',#16176,#12789,#12790);
#10489=AXIS2_PLACEMENT_3D('',#16177,#12791,#12792);
#10490=AXIS2_PLACEMENT_3D('',#16181,#12795,#12796);
#10491=AXIS2_PLACEMENT_3D('',#16184,#12798,#12799);
#10492=AXIS2_PLACEMENT_3D('',#16185,#12800,#12801);
#10493=AXIS2_PLACEMENT_3D('',#16206,#12807,#12808);
#10494=AXIS2_PLACEMENT_3D('',#16209,#12809,#12810);
#10495=AXIS2_PLACEMENT_3D('',#16210,#12811,#12812);
#10496=AXIS2_PLACEMENT_3D('',#16213,#12814,#12815);
#10497=AXIS2_PLACEMENT_3D('',#16214,#12816,#12817);
#10498=AXIS2_PLACEMENT_3D('',#16216,#12818,#12819);
#10499=AXIS2_PLACEMENT_3D('',#16220,#12821,#12822);
#10500=AXIS2_PLACEMENT_3D('',#16224,#12824,#12825);
#10501=AXIS2_PLACEMENT_3D('',#16228,#12827,#12828);
#10502=AXIS2_PLACEMENT_3D('',#16230,#12829,#12830);
#10503=AXIS2_PLACEMENT_3D('',#16232,#12831,#12832);
#10504=AXIS2_PLACEMENT_3D('',#16233,#12833,#12834);
#10505=AXIS2_PLACEMENT_3D('',#16234,#12835,#12836);
#10506=AXIS2_PLACEMENT_3D('',#16237,#12838,#12839);
#10507=AXIS2_PLACEMENT_3D('',#16238,#12840,#12841);
#10508=AXIS2_PLACEMENT_3D('',#16240,#12842,#12843);
#10509=AXIS2_PLACEMENT_3D('',#16243,#12845,#12846);
#10510=AXIS2_PLACEMENT_3D('',#16244,#12847,#12848);
#10511=AXIS2_PLACEMENT_3D('',#16247,#12850,#12851);
#10512=AXIS2_PLACEMENT_3D('',#16248,#12852,#12853);
#10513=AXIS2_PLACEMENT_3D('',#16249,#12854,#12855);
#10514=AXIS2_PLACEMENT_3D('',#16251,#12856,#12857);
#10515=AXIS2_PLACEMENT_3D('',#16254,#12859,#12860);
#10516=AXIS2_PLACEMENT_3D('',#16255,#12861,#12862);
#10517=AXIS2_PLACEMENT_3D('',#16257,#12863,#12864);
#10518=AXIS2_PLACEMENT_3D('',#16258,#12865,#12866);
#10519=AXIS2_PLACEMENT_3D('',#16262,#12868,#12869);
#10520=AXIS2_PLACEMENT_3D('',#16263,#12870,#12871);
#10521=AXIS2_PLACEMENT_3D('',#16264,#12872,#12873);
#10522=AXIS2_PLACEMENT_3D('',#16266,#12874,#12875);
#10523=AXIS2_PLACEMENT_3D('',#16269,#12877,#12878);
#10524=AXIS2_PLACEMENT_3D('',#16270,#12879,#12880);
#10525=AXIS2_PLACEMENT_3D('',#16272,#12881,#12882);
#10526=AXIS2_PLACEMENT_3D('',#16273,#12883,#12884);
#10527=AXIS2_PLACEMENT_3D('',#16277,#12886,#12887);
#10528=AXIS2_PLACEMENT_3D('',#16278,#12888,#12889);
#10529=AXIS2_PLACEMENT_3D('',#16279,#12890,#12891);
#10530=AXIS2_PLACEMENT_3D('',#16282,#12892,#12893);
#10531=AXIS2_PLACEMENT_3D('',#16283,#12894,#12895);
#10532=AXIS2_PLACEMENT_3D('',#16286,#12897,#12898);
#10533=AXIS2_PLACEMENT_3D('',#16287,#12899,#12900);
#10534=AXIS2_PLACEMENT_3D('',#16289,#12901,#12902);
#10535=AXIS2_PLACEMENT_3D('',#16290,#12903,#12904);
#10536=AXIS2_PLACEMENT_3D('',#16292,#12906,#12907);
#10537=AXIS2_PLACEMENT_3D('',#16296,#12909,#12910);
#10538=AXIS2_PLACEMENT_3D('',#16297,#12911,#12912);
#10539=AXIS2_PLACEMENT_3D('',#16298,#12913,#12914);
#10540=AXIS2_PLACEMENT_3D('',#16300,#12916,#12917);
#10541=AXIS2_PLACEMENT_3D('',#16302,#12918,#12919);
#10542=AXIS2_PLACEMENT_3D('',#16305,#12921,#12922);
#10543=AXIS2_PLACEMENT_3D('',#16306,#12923,#12924);
#10544=AXIS2_PLACEMENT_3D('',#16309,#12925,#12926);
#10545=AXIS2_PLACEMENT_3D('',#16313,#12928,#12929);
#10546=AXIS2_PLACEMENT_3D('',#16317,#12931,#12932);
#10547=AXIS2_PLACEMENT_3D('',#16321,#12934,#12935);
#10548=AXIS2_PLACEMENT_3D('',#16325,#12937,#12938);
#10549=AXIS2_PLACEMENT_3D('',#16329,#12940,#12941);
#10550=AXIS2_PLACEMENT_3D('',#16331,#12942,#12943);
#10551=AXIS2_PLACEMENT_3D('',#16334,#12945,#12946);
#10552=AXIS2_PLACEMENT_3D('',#16336,#12947,#12948);
#10553=AXIS2_PLACEMENT_3D('',#16337,#12949,#12950);
#10554=AXIS2_PLACEMENT_3D('',#16340,#12952,#12953);
#10555=AXIS2_PLACEMENT_3D('',#16341,#12954,#12955);
#10556=AXIS2_PLACEMENT_3D('',#16344,#12957,#12958);
#10557=AXIS2_PLACEMENT_3D('',#16345,#12959,#12960);
#10558=AXIS2_PLACEMENT_3D('',#16348,#12962,#12963);
#10559=AXIS2_PLACEMENT_3D('',#16349,#12964,#12965);
#10560=AXIS2_PLACEMENT_3D('',#16356,#12967,#12968);
#10561=AXIS2_PLACEMENT_3D('',#16357,#12969,#12970);
#10562=AXIS2_PLACEMENT_3D('',#16360,#12972,#12973);
#10563=AXIS2_PLACEMENT_3D('',#16361,#12974,#12975);
#10564=AXIS2_PLACEMENT_3D('',#16365,#12978,#12979);
#10565=AXIS2_PLACEMENT_3D('',#16368,#12981,#12982);
#10566=AXIS2_PLACEMENT_3D('',#16369,#12983,#12984);
#10567=AXIS2_PLACEMENT_3D('',#16373,#12987,#12988);
#10568=AXIS2_PLACEMENT_3D('',#16376,#12990,#12991);
#10569=AXIS2_PLACEMENT_3D('',#16377,#12992,#12993);
#10570=AXIS2_PLACEMENT_3D('',#16381,#12996,#12997);
#10571=AXIS2_PLACEMENT_3D('',#16383,#12999,#13000);
#10572=AXIS2_PLACEMENT_3D('',#16384,#13001,#13002);
#10573=AXIS2_PLACEMENT_3D('',#16386,#13004,#13005);
#10574=AXIS2_PLACEMENT_3D('',#16389,#13007,#13008);
#10575=AXIS2_PLACEMENT_3D('',#16390,#13009,#13010);
#10576=AXIS2_PLACEMENT_3D('',#16394,#13013,#13014);
#10577=AXIS2_PLACEMENT_3D('',#16404,#13015,#13016);
#10578=AXIS2_PLACEMENT_3D('',#16405,#13017,#13018);
#10579=AXIS2_PLACEMENT_3D('',#16412,#13023,#13024);
#10580=AXIS2_PLACEMENT_3D('',#16414,#13026,#13027);
#10581=AXIS2_PLACEMENT_3D('',#16417,#13030,#13031);
#10582=AXIS2_PLACEMENT_3D('',#16419,#13033,#13034);
#10583=AXIS2_PLACEMENT_3D('',#16421,#13036,#13037);
#10584=AXIS2_PLACEMENT_3D('',#16423,#13039,#13040);
#10585=AXIS2_PLACEMENT_3D('',#16425,#13042,#13043);
#10586=AXIS2_PLACEMENT_3D('',#16427,#13045,#13046);
#10587=AXIS2_PLACEMENT_3D('',#16431,#13048,#13049);
#10588=AXIS2_PLACEMENT_3D('',#16433,#13051,#13052);
#10589=AXIS2_PLACEMENT_3D('',#16437,#13055,#13056);
#10590=AXIS2_PLACEMENT_3D('',#16440,#13058,#13059);
#10591=AXIS2_PLACEMENT_3D('',#16441,#13060,#13061);
#10592=AXIS2_PLACEMENT_3D('',#16445,#13064,#13065);
#10593=AXIS2_PLACEMENT_3D('',#16448,#13067,#13068);
#10594=AXIS2_PLACEMENT_3D('',#16449,#13069,#13070);
#10595=AXIS2_PLACEMENT_3D('',#16453,#13073,#13074);
#10596=AXIS2_PLACEMENT_3D('',#16456,#13076,#13077);
#10597=AXIS2_PLACEMENT_3D('',#16457,#13078,#13079);
#10598=AXIS2_PLACEMENT_3D('',#16461,#13082,#13083);
#10599=AXIS2_PLACEMENT_3D('',#16464,#13085,#13086);
#10600=AXIS2_PLACEMENT_3D('',#16465,#13087,#13088);
#10601=AXIS2_PLACEMENT_3D('',#16471,#13092,#13093);
#10602=AXIS2_PLACEMENT_3D('',#16473,#13094,#13095);
#10603=AXIS2_PLACEMENT_3D('',#16475,#13097,#13098);
#10604=AXIS2_PLACEMENT_3D('',#16477,#13100,#13101);
#10605=AXIS2_PLACEMENT_3D('',#16483,#13105,#13106);
#10606=AXIS2_PLACEMENT_3D('',#16485,#13107,#13108);
#10607=AXIS2_PLACEMENT_3D('',#16487,#13110,#13111);
#10608=AXIS2_PLACEMENT_3D('',#16489,#13112,#13113);
#10609=AXIS2_PLACEMENT_3D('',#16491,#13115,#13116);
#10610=AXIS2_PLACEMENT_3D('',#16495,#13119,#13120);
#10611=AXIS2_PLACEMENT_3D('',#16496,#13121,#13122);
#10612=AXIS2_PLACEMENT_3D('',#16497,#13123,#13124);
#10613=AXIS2_PLACEMENT_3D('',#16499,#13125,#13126);
#10614=AXIS2_PLACEMENT_3D('',#16502,#13128,#13129);
#10615=AXIS2_PLACEMENT_3D('',#16503,#13130,#13131);
#10616=AXIS2_PLACEMENT_3D('',#16509,#13135,#13136);
#10617=AXIS2_PLACEMENT_3D('',#16510,#13137,#13138);
#10618=AXIS2_PLACEMENT_3D('',#16513,#13140,#13141);
#10619=AXIS2_PLACEMENT_3D('',#16514,#13142,#13143);
#10620=AXIS2_PLACEMENT_3D('',#16518,#13146,#13147);
#10621=AXIS2_PLACEMENT_3D('',#16520,#13148,#13149);
#10622=AXIS2_PLACEMENT_3D('',#16523,#13151,#13152);
#10623=AXIS2_PLACEMENT_3D('',#16524,#13153,#13154);
#10624=AXIS2_PLACEMENT_3D('',#16526,#13155,#13156);
#10625=AXIS2_PLACEMENT_3D('',#16529,#13158,#13159);
#10626=AXIS2_PLACEMENT_3D('',#16530,#13160,#13161);
#10627=AXIS2_PLACEMENT_3D('',#16552,#13163,#13164);
#10628=AXIS2_PLACEMENT_3D('',#16554,#13166,#13167);
#10629=AXIS2_PLACEMENT_3D('',#16557,#13170,#13171);
#10630=AXIS2_PLACEMENT_3D('',#16562,#13173,#13174);
#10631=AXIS2_PLACEMENT_3D('',#16565,#13176,#13177);
#10632=AXIS2_PLACEMENT_3D('',#16571,#13181,#13182);
#10633=AXIS2_PLACEMENT_3D('',#16577,#13183,#13184);
#10634=AXIS2_PLACEMENT_3D('',#16579,#13186,#13187);
#10635=AXIS2_PLACEMENT_3D('',#16582,#13190,#13191);
#10636=AXIS2_PLACEMENT_3D('',#16588,#13195,#13196);
#10637=AXIS2_PLACEMENT_3D('',#16589,#13197,#13198);
#10638=AXIS2_PLACEMENT_3D('',#16590,#13199,#13200);
#10639=AXIS2_PLACEMENT_3D('',#16593,#13202,#13203);
#10640=AXIS2_PLACEMENT_3D('',#16594,#13204,#13205);
#10641=AXIS2_PLACEMENT_3D('',#16596,#13207,#13208);
#10642=AXIS2_PLACEMENT_3D('',#16598,#13209,#13210);
#10643=AXIS2_PLACEMENT_3D('',#16600,#13212,#13213);
#10644=AXIS2_PLACEMENT_3D('',#16602,#13214,#13215);
#10645=AXIS2_PLACEMENT_3D('',#16604,#13216,#13217);
#10646=AXIS2_PLACEMENT_3D('',#16606,#13218,#13219);
#10647=AXIS2_PLACEMENT_3D('',#16608,#13220,#13221);
#10648=AXIS2_PLACEMENT_3D('',#16609,#13222,#13223);
#10649=AXIS2_PLACEMENT_3D('',#16612,#13225,#13226);
#10650=AXIS2_PLACEMENT_3D('',#16613,#13227,#13228);
#10651=AXIS2_PLACEMENT_3D('',#16615,#13229,#13230);
#10652=AXIS2_PLACEMENT_3D('',#16616,#13231,#13232);
#10653=AXIS2_PLACEMENT_3D('',#16620,#13234,#13235);
#10654=AXIS2_PLACEMENT_3D('',#16621,#13236,#13237);
#10655=AXIS2_PLACEMENT_3D('',#16622,#13238,#13239);
#10656=AXIS2_PLACEMENT_3D('',#16624,#13241,#13242);
#10657=AXIS2_PLACEMENT_3D('',#16628,#13244,#13245);
#10658=AXIS2_PLACEMENT_3D('',#16629,#13246,#13247);
#10659=AXIS2_PLACEMENT_3D('',#16630,#13248,#13249);
#10660=AXIS2_PLACEMENT_3D('',#16633,#13251,#13252);
#10661=AXIS2_PLACEMENT_3D('',#16634,#13253,#13254);
#10662=AXIS2_PLACEMENT_3D('',#16637,#13256,#13257);
#10663=AXIS2_PLACEMENT_3D('',#16638,#13258,#13259);
#10664=AXIS2_PLACEMENT_3D('',#16639,#13260,#13261);
#10665=AXIS2_PLACEMENT_3D('',#16642,#13264,#13265);
#10666=AXIS2_PLACEMENT_3D('',#16643,#13266,#13267);
#10667=AXIS2_PLACEMENT_3D('',#16645,#13269,#13270);
#10668=AXIS2_PLACEMENT_3D('',#16647,#13272,#13273);
#10669=AXIS2_PLACEMENT_3D('',#16649,#13275,#13276);
#10670=AXIS2_PLACEMENT_3D('',#16651,#13278,#13279);
#10671=AXIS2_PLACEMENT_3D('',#16653,#13281,#13282);
#10672=AXIS2_PLACEMENT_3D('',#16655,#13284,#13285);
#10673=AXIS2_PLACEMENT_3D('',#16657,#13287,#13288);
#10674=AXIS2_PLACEMENT_3D('',#16658,#13289,#13290);
#10675=AXIS2_PLACEMENT_3D('',#16660,#13292,#13293);
#10676=AXIS2_PLACEMENT_3D('',#16662,#13295,#13296);
#10677=AXIS2_PLACEMENT_3D('',#16663,#13297,#13298);
#10678=AXIS2_PLACEMENT_3D('',#16664,#13299,#13300);
#10679=AXIS2_PLACEMENT_3D('',#16665,#13301,#13302);
#10680=AXIS2_PLACEMENT_3D('',#16667,#13304,#13305);
#10681=AXIS2_PLACEMENT_3D('',#16669,#13307,#13308);
#10682=AXIS2_PLACEMENT_3D('',#16670,#13309,#13310);
#10683=AXIS2_PLACEMENT_3D('',#16671,#13311,#13312);
#10684=AXIS2_PLACEMENT_3D('',#16682,#13313,#13314);
#10685=AXIS2_PLACEMENT_3D('',#16683,#13315,#13316);
#10686=AXIS2_PLACEMENT_3D('',#16684,#13317,#13318);
#10687=AXIS2_PLACEMENT_3D('',#16693,#13319,#13320);
#10688=AXIS2_PLACEMENT_3D('',#16694,#13321,#13322);
#10689=AXIS2_PLACEMENT_3D('',#16783,#13324,#13325);
#10690=AXIS2_PLACEMENT_3D('',#16793,#13326,#13327);
#10691=AXIS2_PLACEMENT_3D('',#16794,#13328,#13329);
#10692=AXIS2_PLACEMENT_3D('',#16803,#13330,#13331);
#10693=AXIS2_PLACEMENT_3D('',#16804,#13332,#13333);
#10694=AXIS2_PLACEMENT_3D('',#16888,#13335,#13336);
#10695=AXIS2_PLACEMENT_3D('',#16890,#13337,#13338);
#10696=AXIS2_PLACEMENT_3D('',#16893,#13340,#13341);
#10697=AXIS2_PLACEMENT_3D('',#16894,#13342,#13343);
#10698=AXIS2_PLACEMENT_3D('',#16896,#13344,#13345);
#10699=AXIS2_PLACEMENT_3D('',#16897,#13346,#13347);
#10700=AXIS2_PLACEMENT_3D('',#16899,#13348,#13349);
#10701=AXIS2_PLACEMENT_3D('',#16903,#13352,#13353);
#10702=AXIS2_PLACEMENT_3D('',#16904,#13354,#13355);
#10703=AXIS2_PLACEMENT_3D('',#16906,#13356,#13357);
#10704=AXIS2_PLACEMENT_3D('',#16907,#13358,#13359);
#10705=AXIS2_PLACEMENT_3D('',#16910,#13360,#13361);
#10706=AXIS2_PLACEMENT_3D('',#16912,#13362,#13363);
#10707=AXIS2_PLACEMENT_3D('',#16914,#13364,#13365);
#10708=AXIS2_PLACEMENT_3D('',#16916,#13366,#13367);
#10709=AXIS2_PLACEMENT_3D('',#16918,#13368,#13369);
#10710=AXIS2_PLACEMENT_3D('',#16920,#13370,#13371);
#10711=AXIS2_PLACEMENT_3D('',#16922,#13372,#13373);
#10712=AXIS2_PLACEMENT_3D('',#16924,#13374,#13375);
#10713=AXIS2_PLACEMENT_3D('',#16926,#13376,#13377);
#10714=AXIS2_PLACEMENT_3D('',#16928,#13378,#13379);
#10715=AXIS2_PLACEMENT_3D('',#16930,#13380,#13381);
#10716=AXIS2_PLACEMENT_3D('',#16932,#13382,#13383);
#10717=AXIS2_PLACEMENT_3D('',#16934,#13384,#13385);
#10718=AXIS2_PLACEMENT_3D('',#16936,#13386,#13387);
#10719=AXIS2_PLACEMENT_3D('',#16938,#13388,#13389);
#10720=AXIS2_PLACEMENT_3D('',#16940,#13390,#13391);
#10721=AXIS2_PLACEMENT_3D('',#16942,#13392,#13393);
#10722=AXIS2_PLACEMENT_3D('',#16944,#13394,#13395);
#10723=AXIS2_PLACEMENT_3D('',#16946,#13396,#13397);
#10724=AXIS2_PLACEMENT_3D('',#16948,#13398,#13399);
#10725=AXIS2_PLACEMENT_3D('',#16950,#13400,#13401);
#10726=AXIS2_PLACEMENT_3D('',#16952,#13402,#13403);
#10727=AXIS2_PLACEMENT_3D('',#16954,#13404,#13405);
#10728=AXIS2_PLACEMENT_3D('',#16956,#13406,#13407);
#10729=AXIS2_PLACEMENT_3D('',#16958,#13408,#13409);
#10730=AXIS2_PLACEMENT_3D('',#16960,#13410,#13411);
#10731=AXIS2_PLACEMENT_3D('',#16962,#13412,#13413);
#10732=AXIS2_PLACEMENT_3D('',#16964,#13414,#13415);
#10733=AXIS2_PLACEMENT_3D('',#16966,#13416,#13417);
#10734=AXIS2_PLACEMENT_3D('',#16968,#13418,#13419);
#10735=AXIS2_PLACEMENT_3D('',#16970,#13420,#13421);
#10736=AXIS2_PLACEMENT_3D('',#16972,#13422,#13423);
#10737=AXIS2_PLACEMENT_3D('',#16974,#13424,#13425);
#10738=AXIS2_PLACEMENT_3D('',#16976,#13426,#13427);
#10739=AXIS2_PLACEMENT_3D('',#16978,#13428,#13429);
#10740=AXIS2_PLACEMENT_3D('',#16980,#13430,#13431);
#10741=AXIS2_PLACEMENT_3D('',#16982,#13432,#13433);
#10742=AXIS2_PLACEMENT_3D('',#16984,#13434,#13435);
#10743=AXIS2_PLACEMENT_3D('',#16986,#13436,#13437);
#10744=AXIS2_PLACEMENT_3D('',#16988,#13438,#13439);
#10745=AXIS2_PLACEMENT_3D('',#16990,#13440,#13441);
#10746=AXIS2_PLACEMENT_3D('',#16992,#13442,#13443);
#10747=AXIS2_PLACEMENT_3D('',#16994,#13444,#13445);
#10748=AXIS2_PLACEMENT_3D('',#16996,#13446,#13447);
#10749=AXIS2_PLACEMENT_3D('',#16998,#13448,#13449);
#10750=AXIS2_PLACEMENT_3D('',#17000,#13450,#13451);
#10751=AXIS2_PLACEMENT_3D('',#17002,#13452,#13453);
#10752=AXIS2_PLACEMENT_3D('',#17004,#13454,#13455);
#10753=AXIS2_PLACEMENT_3D('',#17006,#13456,#13457);
#10754=AXIS2_PLACEMENT_3D('',#17008,#13458,#13459);
#10755=AXIS2_PLACEMENT_3D('',#17010,#13460,#13461);
#10756=AXIS2_PLACEMENT_3D('',#17012,#13462,#13463);
#10757=AXIS2_PLACEMENT_3D('',#17014,#13464,#13465);
#10758=AXIS2_PLACEMENT_3D('',#17016,#13466,#13467);
#10759=AXIS2_PLACEMENT_3D('',#17018,#13468,#13469);
#10760=AXIS2_PLACEMENT_3D('',#17020,#13470,#13471);
#10761=AXIS2_PLACEMENT_3D('',#17022,#13472,#13473);
#10762=AXIS2_PLACEMENT_3D('',#17024,#13474,#13475);
#10763=AXIS2_PLACEMENT_3D('',#17026,#13476,#13477);
#10764=AXIS2_PLACEMENT_3D('',#17028,#13478,#13479);
#10765=AXIS2_PLACEMENT_3D('',#17030,#13480,#13481);
#10766=AXIS2_PLACEMENT_3D('',#17032,#13482,#13483);
#10767=AXIS2_PLACEMENT_3D('',#17034,#13484,#13485);
#10768=AXIS2_PLACEMENT_3D('',#17036,#13486,#13487);
#10769=AXIS2_PLACEMENT_3D('',#17038,#13488,#13489);
#10770=AXIS2_PLACEMENT_3D('',#17040,#13490,#13491);
#10771=AXIS2_PLACEMENT_3D('',#17042,#13492,#13493);
#10772=AXIS2_PLACEMENT_3D('',#17044,#13494,#13495);
#10773=AXIS2_PLACEMENT_3D('',#17046,#13496,#13497);
#10774=AXIS2_PLACEMENT_3D('',#17048,#13498,#13499);
#10775=AXIS2_PLACEMENT_3D('',#17050,#13500,#13501);
#10776=AXIS2_PLACEMENT_3D('',#17052,#13502,#13503);
#10777=AXIS2_PLACEMENT_3D('',#17054,#13504,#13505);
#10778=AXIS2_PLACEMENT_3D('',#17056,#13506,#13507);
#10779=AXIS2_PLACEMENT_3D('',#17058,#13508,#13509);
#10780=AXIS2_PLACEMENT_3D('',#17060,#13510,#13511);
#10781=AXIS2_PLACEMENT_3D('',#17062,#13512,#13513);
#10782=AXIS2_PLACEMENT_3D('',#17064,#13514,#13515);
#10783=AXIS2_PLACEMENT_3D('',#17066,#13516,#13517);
#10784=AXIS2_PLACEMENT_3D('',#17067,#13518,#13519);
#10785=AXIS2_PLACEMENT_3D('',#17068,#13520,#13521);
#10786=AXIS2_PLACEMENT_3D('',#17071,#13522,#13523);
#10787=AXIS2_PLACEMENT_3D('',#17073,#13524,#13525);
#10788=AXIS2_PLACEMENT_3D('',#17075,#13526,#13527);
#10789=AXIS2_PLACEMENT_3D('',#17077,#13528,#13529);
#10790=AXIS2_PLACEMENT_3D('',#17079,#13530,#13531);
#10791=AXIS2_PLACEMENT_3D('',#17081,#13532,#13533);
#10792=AXIS2_PLACEMENT_3D('',#17083,#13534,#13535);
#10793=AXIS2_PLACEMENT_3D('',#17085,#13536,#13537);
#10794=AXIS2_PLACEMENT_3D('',#17087,#13538,#13539);
#10795=AXIS2_PLACEMENT_3D('',#17089,#13540,#13541);
#10796=AXIS2_PLACEMENT_3D('',#17091,#13542,#13543);
#10797=AXIS2_PLACEMENT_3D('',#17093,#13544,#13545);
#10798=AXIS2_PLACEMENT_3D('',#17095,#13546,#13547);
#10799=AXIS2_PLACEMENT_3D('',#17097,#13548,#13549);
#10800=AXIS2_PLACEMENT_3D('',#17099,#13550,#13551);
#10801=AXIS2_PLACEMENT_3D('',#17101,#13552,#13553);
#10802=AXIS2_PLACEMENT_3D('',#17103,#13554,#13555);
#10803=AXIS2_PLACEMENT_3D('',#17105,#13556,#13557);
#10804=AXIS2_PLACEMENT_3D('',#17107,#13558,#13559);
#10805=AXIS2_PLACEMENT_3D('',#17109,#13560,#13561);
#10806=AXIS2_PLACEMENT_3D('',#17111,#13562,#13563);
#10807=AXIS2_PLACEMENT_3D('',#17113,#13564,#13565);
#10808=AXIS2_PLACEMENT_3D('',#17115,#13566,#13567);
#10809=AXIS2_PLACEMENT_3D('',#17117,#13568,#13569);
#10810=AXIS2_PLACEMENT_3D('',#17119,#13570,#13571);
#10811=AXIS2_PLACEMENT_3D('',#17121,#13572,#13573);
#10812=AXIS2_PLACEMENT_3D('',#17123,#13574,#13575);
#10813=AXIS2_PLACEMENT_3D('',#17125,#13576,#13577);
#10814=AXIS2_PLACEMENT_3D('',#17127,#13578,#13579);
#10815=AXIS2_PLACEMENT_3D('',#17129,#13580,#13581);
#10816=AXIS2_PLACEMENT_3D('',#17131,#13582,#13583);
#10817=AXIS2_PLACEMENT_3D('',#17133,#13584,#13585);
#10818=AXIS2_PLACEMENT_3D('',#17135,#13586,#13587);
#10819=AXIS2_PLACEMENT_3D('',#17137,#13588,#13589);
#10820=AXIS2_PLACEMENT_3D('',#17139,#13590,#13591);
#10821=AXIS2_PLACEMENT_3D('',#17141,#13592,#13593);
#10822=AXIS2_PLACEMENT_3D('',#17143,#13594,#13595);
#10823=AXIS2_PLACEMENT_3D('',#17145,#13596,#13597);
#10824=AXIS2_PLACEMENT_3D('',#17147,#13598,#13599);
#10825=AXIS2_PLACEMENT_3D('',#17149,#13600,#13601);
#10826=AXIS2_PLACEMENT_3D('',#17151,#13602,#13603);
#10827=AXIS2_PLACEMENT_3D('',#17153,#13604,#13605);
#10828=AXIS2_PLACEMENT_3D('',#17155,#13606,#13607);
#10829=AXIS2_PLACEMENT_3D('',#17157,#13608,#13609);
#10830=AXIS2_PLACEMENT_3D('',#17159,#13610,#13611);
#10831=AXIS2_PLACEMENT_3D('',#17161,#13612,#13613);
#10832=AXIS2_PLACEMENT_3D('',#17163,#13614,#13615);
#10833=AXIS2_PLACEMENT_3D('',#17165,#13616,#13617);
#10834=AXIS2_PLACEMENT_3D('',#17167,#13618,#13619);
#10835=AXIS2_PLACEMENT_3D('',#17169,#13620,#13621);
#10836=AXIS2_PLACEMENT_3D('',#17171,#13622,#13623);
#10837=AXIS2_PLACEMENT_3D('',#17173,#13624,#13625);
#10838=AXIS2_PLACEMENT_3D('',#17175,#13626,#13627);
#10839=AXIS2_PLACEMENT_3D('',#17177,#13628,#13629);
#10840=AXIS2_PLACEMENT_3D('',#17179,#13630,#13631);
#10841=AXIS2_PLACEMENT_3D('',#17181,#13632,#13633);
#10842=AXIS2_PLACEMENT_3D('',#17183,#13634,#13635);
#10843=AXIS2_PLACEMENT_3D('',#17185,#13636,#13637);
#10844=AXIS2_PLACEMENT_3D('',#17187,#13638,#13639);
#10845=AXIS2_PLACEMENT_3D('',#17189,#13640,#13641);
#10846=AXIS2_PLACEMENT_3D('',#17191,#13642,#13643);
#10847=AXIS2_PLACEMENT_3D('',#17193,#13644,#13645);
#10848=AXIS2_PLACEMENT_3D('',#17195,#13646,#13647);
#10849=AXIS2_PLACEMENT_3D('',#17197,#13648,#13649);
#10850=AXIS2_PLACEMENT_3D('',#17199,#13650,#13651);
#10851=AXIS2_PLACEMENT_3D('',#17201,#13652,#13653);
#10852=AXIS2_PLACEMENT_3D('',#17203,#13654,#13655);
#10853=AXIS2_PLACEMENT_3D('',#17205,#13656,#13657);
#10854=AXIS2_PLACEMENT_3D('',#17207,#13658,#13659);
#10855=AXIS2_PLACEMENT_3D('',#17209,#13660,#13661);
#10856=AXIS2_PLACEMENT_3D('',#17211,#13662,#13663);
#10857=AXIS2_PLACEMENT_3D('',#17213,#13664,#13665);
#10858=AXIS2_PLACEMENT_3D('',#17215,#13666,#13667);
#10859=AXIS2_PLACEMENT_3D('',#17217,#13668,#13669);
#10860=AXIS2_PLACEMENT_3D('',#17219,#13670,#13671);
#10861=AXIS2_PLACEMENT_3D('',#17221,#13672,#13673);
#10862=AXIS2_PLACEMENT_3D('',#17223,#13674,#13675);
#10863=AXIS2_PLACEMENT_3D('',#17225,#13676,#13677);
#10864=AXIS2_PLACEMENT_3D('',#17227,#13678,#13679);
#10865=AXIS2_PLACEMENT_3D('',#17228,#13680,#13681);
#10866=AXIS2_PLACEMENT_3D('',#17229,#13682,#13683);
#10867=AXIS2_PLACEMENT_3D('',#17232,#13686,#13687);
#10868=AXIS2_PLACEMENT_3D('',#17234,#13689,#13690);
#10869=AXIS2_PLACEMENT_3D('',#17236,#13692,#13693);
#10870=AXIS2_PLACEMENT_3D('',#17238,#13695,#13696);
#10871=AXIS2_PLACEMENT_3D('',#17240,#13698,#13699);
#10872=AXIS2_PLACEMENT_3D('',#17242,#13701,#13702);
#10873=AXIS2_PLACEMENT_3D('',#17244,#13704,#13705);
#10874=AXIS2_PLACEMENT_3D('',#17246,#13707,#13708);
#10875=AXIS2_PLACEMENT_3D('',#17248,#13710,#13711);
#10876=AXIS2_PLACEMENT_3D('',#17250,#13713,#13714);
#10877=AXIS2_PLACEMENT_3D('',#17252,#13716,#13717);
#10878=AXIS2_PLACEMENT_3D('',#17254,#13719,#13720);
#10879=AXIS2_PLACEMENT_3D('',#17256,#13722,#13723);
#10880=AXIS2_PLACEMENT_3D('',#17258,#13725,#13726);
#10881=AXIS2_PLACEMENT_3D('',#17260,#13728,#13729);
#10882=AXIS2_PLACEMENT_3D('',#17262,#13731,#13732);
#10883=AXIS2_PLACEMENT_3D('',#17264,#13734,#13735);
#10884=AXIS2_PLACEMENT_3D('',#17266,#13737,#13738);
#10885=AXIS2_PLACEMENT_3D('',#17268,#13740,#13741);
#10886=AXIS2_PLACEMENT_3D('',#17270,#13743,#13744);
#10887=AXIS2_PLACEMENT_3D('',#17272,#13746,#13747);
#10888=AXIS2_PLACEMENT_3D('',#17274,#13749,#13750);
#10889=AXIS2_PLACEMENT_3D('',#17276,#13752,#13753);
#10890=AXIS2_PLACEMENT_3D('',#17278,#13755,#13756);
#10891=AXIS2_PLACEMENT_3D('',#17280,#13758,#13759);
#10892=AXIS2_PLACEMENT_3D('',#17282,#13761,#13762);
#10893=AXIS2_PLACEMENT_3D('',#17284,#13764,#13765);
#10894=AXIS2_PLACEMENT_3D('',#17286,#13767,#13768);
#10895=AXIS2_PLACEMENT_3D('',#17288,#13770,#13771);
#10896=AXIS2_PLACEMENT_3D('',#17290,#13773,#13774);
#10897=AXIS2_PLACEMENT_3D('',#17292,#13776,#13777);
#10898=AXIS2_PLACEMENT_3D('',#17294,#13779,#13780);
#10899=AXIS2_PLACEMENT_3D('',#17296,#13782,#13783);
#10900=AXIS2_PLACEMENT_3D('',#17298,#13785,#13786);
#10901=AXIS2_PLACEMENT_3D('',#17300,#13788,#13789);
#10902=AXIS2_PLACEMENT_3D('',#17302,#13791,#13792);
#10903=AXIS2_PLACEMENT_3D('',#17304,#13794,#13795);
#10904=AXIS2_PLACEMENT_3D('',#17306,#13797,#13798);
#10905=AXIS2_PLACEMENT_3D('',#17308,#13800,#13801);
#10906=AXIS2_PLACEMENT_3D('',#17310,#13803,#13804);
#10907=AXIS2_PLACEMENT_3D('',#17313,#13807,#13808);
#10908=AXIS2_PLACEMENT_3D('',#17316,#13811,#13812);
#10909=AXIS2_PLACEMENT_3D('',#17319,#13815,#13816);
#10910=AXIS2_PLACEMENT_3D('',#17322,#13819,#13820);
#10911=AXIS2_PLACEMENT_3D('',#17325,#13823,#13824);
#10912=AXIS2_PLACEMENT_3D('',#17328,#13827,#13828);
#10913=AXIS2_PLACEMENT_3D('',#17331,#13831,#13832);
#10914=AXIS2_PLACEMENT_3D('',#17334,#13835,#13836);
#10915=AXIS2_PLACEMENT_3D('',#17337,#13839,#13840);
#10916=AXIS2_PLACEMENT_3D('',#17340,#13843,#13844);
#10917=AXIS2_PLACEMENT_3D('',#17343,#13847,#13848);
#10918=AXIS2_PLACEMENT_3D('',#17345,#13850,#13851);
#10919=AXIS2_PLACEMENT_3D('',#17348,#13854,#13855);
#10920=AXIS2_PLACEMENT_3D('',#17351,#13858,#13859);
#10921=AXIS2_PLACEMENT_3D('',#17354,#13862,#13863);
#10922=AXIS2_PLACEMENT_3D('',#17357,#13866,#13867);
#10923=AXIS2_PLACEMENT_3D('',#17360,#13870,#13871);
#10924=AXIS2_PLACEMENT_3D('',#17363,#13874,#13875);
#10925=AXIS2_PLACEMENT_3D('',#17366,#13878,#13879);
#10926=AXIS2_PLACEMENT_3D('',#17369,#13882,#13883);
#10927=AXIS2_PLACEMENT_3D('',#17372,#13886,#13887);
#10928=AXIS2_PLACEMENT_3D('',#17373,#13888,#13889);
#10929=AXIS2_PLACEMENT_3D('',#17374,#13890,#13891);
#10930=AXIS2_PLACEMENT_3D('',#17375,#13892,#13893);
#10931=AXIS2_PLACEMENT_3D('',#17376,#13894,#13895);
#10932=AXIS2_PLACEMENT_3D('',#17377,#13896,#13897);
#10933=AXIS2_PLACEMENT_3D('',#17378,#13898,#13899);
#10934=AXIS2_PLACEMENT_3D('',#17379,#13900,#13901);
#10935=AXIS2_PLACEMENT_3D('',#17380,#13902,#13903);
#10936=AXIS2_PLACEMENT_3D('',#17381,#13904,#13905);
#10937=AXIS2_PLACEMENT_3D('',#17382,#13906,#13907);
#10938=AXIS2_PLACEMENT_3D('',#17383,#13908,#13909);
#10939=AXIS2_PLACEMENT_3D('',#17384,#13910,#13911);
#10940=AXIS2_PLACEMENT_3D('',#17385,#13912,#13913);
#10941=AXIS2_PLACEMENT_3D('',#17386,#13914,#13915);
#10942=AXIS2_PLACEMENT_3D('',#17387,#13916,#13917);
#10943=AXIS2_PLACEMENT_3D('',#17388,#13918,#13919);
#10944=AXIS2_PLACEMENT_3D('',#17389,#13920,#13921);
#10945=AXIS2_PLACEMENT_3D('',#17390,#13922,#13923);
#10946=AXIS2_PLACEMENT_3D('',#17391,#13924,#13925);
#10947=AXIS2_PLACEMENT_3D('',#17392,#13926,#13927);
#10948=AXIS2_PLACEMENT_3D('',#17393,#13928,#13929);
#10949=AXIS2_PLACEMENT_3D('',#17395,#13930,#13931);
#10950=AXIS2_PLACEMENT_3D('',#17398,#13933,#13934);
#10951=AXIS2_PLACEMENT_3D('',#17399,#13935,#13936);
#10952=AXIS2_PLACEMENT_3D('',#17401,#13937,#13938);
#10953=AXIS2_PLACEMENT_3D('',#17403,#13940,#13941);
#10954=AXIS2_PLACEMENT_3D('',#17405,#13942,#13943);
#10955=AXIS2_PLACEMENT_3D('',#17406,#13944,#13945);
#10956=AXIS2_PLACEMENT_3D('',#17408,#13946,#13947);
#10957=AXIS2_PLACEMENT_3D('',#17410,#13949,#13950);
#10958=AXIS2_PLACEMENT_3D('',#17412,#13951,#13952);
#10959=AXIS2_PLACEMENT_3D('',#17413,#13953,#13954);
#10960=AXIS2_PLACEMENT_3D('',#17415,#13956,#13957);
#10961=AXIS2_PLACEMENT_3D('',#17416,#13958,#13959);
#10962=AXIS2_PLACEMENT_3D('',#17461,#13961,#13962);
#10963=AXIS2_PLACEMENT_3D('',#17462,#13963,#13964);
#10964=AXIS2_PLACEMENT_3D('',#17504,#13966,#13967);
#10965=AXIS2_PLACEMENT_3D('',#17505,#13968,#13969);
#10966=AXIS2_PLACEMENT_3D('',#17548,#13971,#13972);
#10967=AXIS2_PLACEMENT_3D('',#17588,#13974,#13975);
#10968=AXIS2_PLACEMENT_3D('',#17590,#13976,#13977);
#10969=AXIS2_PLACEMENT_3D('',#17593,#13979,#13980);
#10970=AXIS2_PLACEMENT_3D('',#17594,#13981,#13982);
#10971=AXIS2_PLACEMENT_3D('',#17596,#13983,#13984);
#10972=AXIS2_PLACEMENT_3D('',#17599,#13987,#13988);
#10973=AXIS2_PLACEMENT_3D('',#17601,#13989,#13990);
#10974=AXIS2_PLACEMENT_3D('',#17602,#13991,#13992);
#10975=AXIS2_PLACEMENT_3D('',#17604,#13993,#13994);
#10976=AXIS2_PLACEMENT_3D('',#17606,#13996,#13997);
#10977=AXIS2_PLACEMENT_3D('',#17608,#13998,#13999);
#10978=AXIS2_PLACEMENT_3D('',#17609,#14000,#14001);
#10979=AXIS2_PLACEMENT_3D('',#17612,#14004,#14005);
#10980=AXIS2_PLACEMENT_3D('',#17613,#14006,#14007);
#10981=AXIS2_PLACEMENT_3D('',#17615,#14008,#14009);
#10982=AXIS2_PLACEMENT_3D('',#17618,#14011,#14012);
#10983=AXIS2_PLACEMENT_3D('',#17619,#14013,#14014);
#10984=AXIS2_PLACEMENT_3D('',#17622,#14016,#14017);
#10985=AXIS2_PLACEMENT_3D('',#17623,#14018,#14019);
#10986=AXIS2_PLACEMENT_3D('',#17636,#14026,#14027);
#10987=AXIS2_PLACEMENT_3D('',#17637,#14028,#14029);
#10988=AXIS2_PLACEMENT_3D('',#17643,#14033,#14034);
#10989=AXIS2_PLACEMENT_3D('',#17647,#14037,#14038);
#10990=AXIS2_PLACEMENT_3D('',#17651,#14041,#14042);
#10991=AXIS2_PLACEMENT_3D('',#17655,#14045,#14046);
#10992=AXIS2_PLACEMENT_3D('',#17659,#14049,#14050);
#10993=AXIS2_PLACEMENT_3D('',#17661,#14052,#14053);
#10994=AXIS2_PLACEMENT_3D('',#17662,#14054,#14055);
#10995=AXIS2_PLACEMENT_3D('',#17663,#14056,#14057);
#10996=AXIS2_PLACEMENT_3D('',#17664,#14058,#14059);
#10997=AXIS2_PLACEMENT_3D('',#17665,#14060,#14061);
#10998=AXIS2_PLACEMENT_3D('',#17666,#14062,#14063);
#10999=AXIS2_PLACEMENT_3D('',#17667,#14064,#14065);
#11000=AXIS2_PLACEMENT_3D('',#17668,#14066,#14067);
#11001=AXIS2_PLACEMENT_3D('',#17669,#14068,#14069);
#11002=AXIS2_PLACEMENT_3D('',#17670,#14070,#14071);
#11003=AXIS2_PLACEMENT_3D('',#17671,#14072,#14073);
#11004=AXIS2_PLACEMENT_3D('',#17672,#14074,#14075);
#11005=AXIS2_PLACEMENT_3D('',#17673,#14076,#14077);
#11006=AXIS2_PLACEMENT_3D('',#17674,#14078,#14079);
#11007=AXIS2_PLACEMENT_3D('',#17675,#14080,#14081);
#11008=AXIS2_PLACEMENT_3D('',#17676,#14082,#14083);
#11009=AXIS2_PLACEMENT_3D('',#17677,#14084,#14085);
#11010=AXIS2_PLACEMENT_3D('',#17678,#14086,#14087);
#11011=AXIS2_PLACEMENT_3D('',#17679,#14088,#14089);
#11012=AXIS2_PLACEMENT_3D('',#17680,#14090,#14091);
#11013=AXIS2_PLACEMENT_3D('',#17681,#14092,#14093);
#11014=AXIS2_PLACEMENT_3D('',#17682,#14094,#14095);
#11015=AXIS2_PLACEMENT_3D('',#17683,#14096,#14097);
#11016=AXIS2_PLACEMENT_3D('',#17684,#14098,#14099);
#11017=AXIS2_PLACEMENT_3D('',#17685,#14100,#14101);
#11018=AXIS2_PLACEMENT_3D('',#17686,#14102,#14103);
#11019=AXIS2_PLACEMENT_3D('',#17687,#14104,#14105);
#11020=AXIS2_PLACEMENT_3D('',#17688,#14106,#14107);
#11021=AXIS2_PLACEMENT_3D('',#17689,#14108,#14109);
#11022=AXIS2_PLACEMENT_3D('',#17690,#14110,#14111);
#11023=AXIS2_PLACEMENT_3D('',#17691,#14112,#14113);
#11024=AXIS2_PLACEMENT_3D('',#17692,#14114,#14115);
#11025=DIRECTION('axis',(0.,0.,1.));
#11026=DIRECTION('refdir',(1.,0.,0.));
#11027=DIRECTION('axis',(0.,0.,1.));
#11028=DIRECTION('refdir',(1.,0.,0.));
#11029=DIRECTION('center_axis',(0.,0.,-1.));
#11030=DIRECTION('ref_axis',(-1.,0.,0.));
#11031=DIRECTION('center_axis',(0.,0.,1.));
#11032=DIRECTION('ref_axis',(-1.,7.105427357601E-15,0.));
#11033=DIRECTION('',(0.,0.,1.));
#11034=DIRECTION('center_axis',(0.,0.,-1.));
#11035=DIRECTION('ref_axis',(-1.,0.,0.));
#11036=DIRECTION('center_axis',(0.,0.,1.));
#11037=DIRECTION('ref_axis',(-1.,7.105427357601E-15,0.));
#11038=DIRECTION('center_axis',(0.,-7.59823448526186E-16,-1.));
#11039=DIRECTION('ref_axis',(0.,1.,-7.59823448526186E-16));
#11040=DIRECTION('center_axis',(0.,-7.59823448526186E-16,-1.));
#11041=DIRECTION('ref_axis',(0.,1.,-7.59823448526186E-16));
#11042=DIRECTION('center_axis',(0.,-7.59823448526186E-16,-1.));
#11043=DIRECTION('ref_axis',(0.,1.,-7.59823448526186E-16));
#11044=DIRECTION('center_axis',(0.,-7.59823448526186E-16,-1.));
#11045=DIRECTION('ref_axis',(0.,1.,-7.59823448526185E-16));
#11046=DIRECTION('',(8.65956056235495E-17,0.707106781186549,0.707106781186546));
#11047=DIRECTION('center_axis',(0.,-7.59823448526186E-16,-1.));
#11048=DIRECTION('ref_axis',(0.,1.,-7.59823448526185E-16));
#11049=DIRECTION('center_axis',(0.,-7.59823448526186E-16,-1.));
#11050=DIRECTION('ref_axis',(0.,1.,-7.59823448526186E-16));
#11051=DIRECTION('',(0.,7.59823448526186E-16,1.));
#11052=DIRECTION('center_axis',(0.,0.,1.));
#11053=DIRECTION('ref_axis',(1.,0.,0.));
#11054=DIRECTION('',(0.707106781186547,8.65956056235492E-17,-0.707106781186548));
#11055=DIRECTION('center_axis',(0.,0.,-1.));
#11056=DIRECTION('ref_axis',(-1.,0.,0.));
#11057=DIRECTION('center_axis',(0.,7.59823448526186E-16,1.));
#11058=DIRECTION('ref_axis',(0.,-1.,7.59823448526186E-16));
#11059=DIRECTION('center_axis',(0.,2.91151226142999E-15,1.));
#11060=DIRECTION('ref_axis',(0.,-1.,2.91151226142999E-15));
#11061=DIRECTION('center_axis',(0.,2.91151226142999E-15,1.));
#11062=DIRECTION('ref_axis',(0.,-1.,2.91151226142999E-15));
#11063=DIRECTION('center_axis',(0.,2.91151226142999E-15,1.));
#11064=DIRECTION('ref_axis',(0.,-1.,2.91151226142999E-15));
#11065=DIRECTION('center_axis',(0.,2.91151226142999E-15,1.));
#11066=DIRECTION('ref_axis',(0.,-1.,2.91151226142999E-15));
#11067=DIRECTION('center_axis',(0.,2.91151226142999E-15,1.));
#11068=DIRECTION('ref_axis',(0.,-1.,2.91151226142999E-15));
#11069=DIRECTION('center_axis',(0.,2.91151226142999E-15,1.));
#11070=DIRECTION('ref_axis',(0.,-1.,2.91151226142999E-15));
#11071=DIRECTION('center_axis',(0.,0.,-1.));
#11072=DIRECTION('ref_axis',(-1.,0.,0.));
#11073=DIRECTION('center_axis',(0.,2.91151226142999E-15,1.));
#11074=DIRECTION('ref_axis',(0.,-1.,2.91151226142999E-15));
#11075=DIRECTION('center_axis',(0.,2.91151226142999E-15,1.));
#11076=DIRECTION('ref_axis',(0.,-1.,2.91151226142999E-15));
#11077=DIRECTION('center_axis',(0.,2.91151226142999E-15,1.));
#11078=DIRECTION('ref_axis',(0.,-1.,2.91151226142999E-15));
#11079=DIRECTION('center_axis',(0.,2.91151226142999E-15,1.));
#11080=DIRECTION('ref_axis',(0.,-1.,2.91151226142999E-15));
#11081=DIRECTION('center_axis',(0.,2.91151226142999E-15,1.));
#11082=DIRECTION('ref_axis',(0.,-1.,2.91151226142999E-15));
#11083=DIRECTION('center_axis',(0.,2.91151226142999E-15,1.));
#11084=DIRECTION('ref_axis',(0.,-1.,2.91151226142999E-15));
#11085=DIRECTION('center_axis',(0.,0.,-1.));
#11086=DIRECTION('ref_axis',(-1.,0.,0.));
#11087=DIRECTION('',(0.866025403784439,0.5,0.));
#11088=DIRECTION('',(1.25192883228096E-16,1.,0.));
#11089=DIRECTION('',(-0.866025403784439,0.5,0.));
#11090=DIRECTION('',(-0.866025403784439,-0.5,0.));
#11091=DIRECTION('',(-1.25192883228096E-16,-1.,0.));
#11092=DIRECTION('',(0.866025403784439,-0.5,0.));
#11093=DIRECTION('center_axis',(1.,-1.25192883228096E-16,0.));
#11094=DIRECTION('ref_axis',(-1.25192883228096E-16,-1.,0.));
#11095=DIRECTION('',(0.,0.,1.));
#11096=DIRECTION('',(0.,0.,1.));
#11097=DIRECTION('center_axis',(0.5,0.866025403784439,0.));
#11098=DIRECTION('ref_axis',(0.866025403784439,-0.5,0.));
#11099=DIRECTION('',(0.,0.,1.));
#11100=DIRECTION('center_axis',(-0.5,0.866025403784439,0.));
#11101=DIRECTION('ref_axis',(0.866025403784439,0.5,0.));
#11102=DIRECTION('',(0.,0.,1.));
#11103=DIRECTION('center_axis',(-1.,1.25192883228097E-16,0.));
#11104=DIRECTION('ref_axis',(1.25192883228097E-16,1.,0.));
#11105=DIRECTION('',(0.,0.,1.));
#11106=DIRECTION('center_axis',(-0.5,-0.866025403784439,0.));
#11107=DIRECTION('ref_axis',(-0.866025403784439,0.5,0.));
#11108=DIRECTION('',(0.,0.,1.));
#11109=DIRECTION('center_axis',(0.5,-0.866025403784439,0.));
#11110=DIRECTION('ref_axis',(-0.866025403784439,-0.5,0.));
#11111=DIRECTION('axis',(0.,0.,1.));
#11112=DIRECTION('refdir',(1.,0.,0.));
#11113=DIRECTION('center_axis',(1.,-1.69406587095111E-21,0.));
#11114=DIRECTION('ref_axis',(1.69406587095111E-21,1.,1.33638217715332E-51));
#11115=DIRECTION('center_axis',(1.,-1.69406587095111E-21,0.));
#11116=DIRECTION('ref_axis',(1.69406587095111E-21,1.,5.55111512312578E-16));
#11117=DIRECTION('',(-1.69406587095111E-21,-1.,-1.33638217715332E-51));
#11118=DIRECTION('center_axis',(1.,-1.69406587095111E-21,0.));
#11119=DIRECTION('ref_axis',(-1.88079093515079E-36,-1.11022302462516E-15,
1.));
#11120=DIRECTION('',(0.,-3.45446659842862E-77,-1.));
#11121=DIRECTION('center_axis',(-1.,1.69406587095111E-21,0.));
#11122=DIRECTION('ref_axis',(0.,-3.45446659842862E-77,-1.));
#11123=DIRECTION('',(-1.69406587095111E-21,-1.,3.08395284618099E-16));
#11124=DIRECTION('center_axis',(1.,-1.69406587095111E-21,0.));
#11125=DIRECTION('ref_axis',(0.,3.45446659842862E-77,1.));
#11126=DIRECTION('center_axis',(1.,-1.69406587095111E-21,0.));
#11127=DIRECTION('ref_axis',(-1.52384547446485E-21,-0.899519611719295,-0.436880381949532));
#11128=DIRECTION('',(1.69406587095111E-21,1.,1.33638217715332E-51));
#11129=DIRECTION('center_axis',(1.,-1.69406587095111E-21,0.));
#11130=DIRECTION('ref_axis',(8.51140695226503E-22,0.502424793404665,-0.864620915183226));
#11131=DIRECTION('center_axis',(1.,-1.69406587095111E-21,0.));
#11132=DIRECTION('ref_axis',(1.52384547446485E-21,0.899519611719295,-0.436880381949532));
#11133=DIRECTION('',(-1.69406587095111E-21,-1.,-3.08395284618099E-16));
#11134=DIRECTION('center_axis',(-1.,1.69406587095111E-21,0.));
#11135=DIRECTION('ref_axis',(-1.69406587095111E-21,-1.,5.55111512312579E-16));
#11136=DIRECTION('',(0.,3.45446659842862E-77,1.));
#11137=DIRECTION('center_axis',(1.,-1.69406587095111E-21,0.));
#11138=DIRECTION('ref_axis',(1.69406587095111E-21,1.,1.33638217715332E-51));
#11139=DIRECTION('center_axis',(-1.,1.69406587095111E-21,0.));
#11140=DIRECTION('ref_axis',(1.69406587095111E-21,1.,5.55111512312578E-16));
#11141=DIRECTION('',(0.,-3.45446659842862E-77,-1.));
#11142=DIRECTION('center_axis',(1.,-1.69406587095111E-21,0.));
#11143=DIRECTION('ref_axis',(-1.69406587095111E-21,-1.,5.55111512312579E-16));
#11144=DIRECTION('',(1.69406587095111E-21,1.,3.08395284618099E-16));
#11145=DIRECTION('center_axis',(-1.,1.69406587095111E-21,0.));
#11146=DIRECTION('ref_axis',(1.52384547446485E-21,0.899519611719295,-0.436880381949532));
#11147=DIRECTION('center_axis',(-1.,1.69406587095111E-21,0.));
#11148=DIRECTION('ref_axis',(8.51140695226503E-22,0.502424793404665,-0.864620915183226));
#11149=DIRECTION('',(-1.69406587095111E-21,-1.,-1.33638217715332E-51));
#11150=DIRECTION('center_axis',(-1.,1.69406587095111E-21,0.));
#11151=DIRECTION('ref_axis',(-1.52384547446485E-21,-0.899519611719295,-0.436880381949532));
#11152=DIRECTION('center_axis',(-1.,1.69406587095111E-21,0.));
#11153=DIRECTION('ref_axis',(0.,3.45446659842862E-77,1.));
#11154=DIRECTION('',(1.69406587095111E-21,1.,-3.08395284618099E-16));
#11155=DIRECTION('center_axis',(1.,-1.69406587095111E-21,0.));
#11156=DIRECTION('ref_axis',(0.,-3.45446659842862E-77,-1.));
#11157=DIRECTION('',(0.,3.45446659842862E-77,1.));
#11158=DIRECTION('center_axis',(-1.,1.69406587095111E-21,0.));
#11159=DIRECTION('ref_axis',(-1.88079093515079E-36,-1.11022302462516E-15,
1.));
#11160=DIRECTION('',(1.69406587095111E-21,1.,1.33638217715332E-51));
#11161=DIRECTION('center_axis',(0.,-3.45446659842862E-77,-1.));
#11162=DIRECTION('ref_axis',(-1.,5.69497951019794E-15,0.));
#11163=DIRECTION('center_axis',(0.,3.45446659842862E-77,1.));
#11164=DIRECTION('ref_axis',(-1.,5.69497951019794E-15,-2.08526557191193E-46));
#11165=DIRECTION('center_axis',(0.,3.45446659842862E-77,1.));
#11166=DIRECTION('ref_axis',(-1.,5.69497951019794E-15,-2.08526557191193E-46));
#11167=DIRECTION('center_axis',(0.,-3.45446659842862E-77,-1.));
#11168=DIRECTION('ref_axis',(-1.,5.69497951019794E-15,8.75811540203011E-47));
#11169=DIRECTION('center_axis',(0.,-3.45446659842862E-77,-1.));
#11170=DIRECTION('ref_axis',(1.,-5.69497951019794E-15,0.));
#11171=DIRECTION('center_axis',(0.,3.45446659842862E-77,1.));
#11172=DIRECTION('ref_axis',(1.,-5.69497951019794E-15,2.08526557191193E-46));
#11173=DIRECTION('center_axis',(0.,-3.45446659842862E-77,-1.));
#11174=DIRECTION('ref_axis',(1.,-5.69497951019794E-15,-8.75811540203011E-47));
#11175=DIRECTION('center_axis',(-1.,1.69406587095111E-21,0.));
#11176=DIRECTION('ref_axis',(-1.52384547446485E-21,-0.899519611719295,-0.436880381949532));
#11177=DIRECTION('',(1.,-1.69406587095111E-21,0.));
#11178=DIRECTION('',(1.,-1.69406587095111E-21,0.));
#11179=DIRECTION('',(-1.,1.69406587095111E-21,0.));
#11180=DIRECTION('center_axis',(0.,-3.45446659842862E-77,-1.));
#11181=DIRECTION('ref_axis',(-1.69406587095111E-21,-1.,-1.33638217715332E-51));
#11182=DIRECTION('',(1.,-1.69406587095111E-21,0.));
#11183=DIRECTION('center_axis',(0.,-3.45446659842862E-77,-1.));
#11184=DIRECTION('ref_axis',(1.,-5.69497951019794E-15,2.08526557191193E-46));
#11185=DIRECTION('center_axis',(0.,-3.45446659842862E-77,-1.));
#11186=DIRECTION('ref_axis',(1.,-5.69497951019794E-15,2.08526557191193E-46));
#11187=DIRECTION('',(1.22464679914735E-16,-7.12431440663986E-31,-1.));
#11188=DIRECTION('center_axis',(-1.,1.69406587095111E-21,0.));
#11189=DIRECTION('ref_axis',(8.51140695226503E-22,0.502424793404665,-0.864620915183226));
#11190=DIRECTION('',(1.,-1.69406587095111E-21,0.));
#11191=DIRECTION('',(1.,-1.69406587095111E-21,0.));
#11192=DIRECTION('center_axis',(0.,-3.45446659842862E-77,-1.));
#11193=DIRECTION('ref_axis',(-1.69406587095111E-21,-1.,-1.33638217715332E-51));
#11194=DIRECTION('center_axis',(0.,3.45446659842862E-77,1.));
#11195=DIRECTION('ref_axis',(1.,-5.69497951019794E-15,0.));
#11196=DIRECTION('',(-0.707106781186548,4.11355423600296E-15,0.707106781186548));
#11197=DIRECTION('center_axis',(0.,3.45446659842862E-77,1.));
#11198=DIRECTION('ref_axis',(1.,-5.69497951019794E-15,-8.75811540203011E-47));
#11199=DIRECTION('center_axis',(0.,3.45446659842862E-77,1.));
#11200=DIRECTION('ref_axis',(1.,-5.69497951019794E-15,-8.75811540203011E-47));
#11201=DIRECTION('center_axis',(0.,3.45446659842862E-77,1.));
#11202=DIRECTION('ref_axis',(1.,-5.69497951019794E-15,-8.75811540203011E-47));
#11203=DIRECTION('center_axis',(-1.,1.69406587095111E-21,0.));
#11204=DIRECTION('ref_axis',(-1.88079093515079E-36,-1.11022302462516E-15,
1.));
#11205=DIRECTION('',(-1.,1.69406587095111E-21,0.));
#11206=DIRECTION('',(1.,-1.69406587095111E-21,0.));
#11207=DIRECTION('',(1.,-1.69406587095111E-21,0.));
#11208=DIRECTION('center_axis',(0.,3.45446659842862E-77,1.));
#11209=DIRECTION('ref_axis',(1.69406587095111E-21,1.,1.33638217715332E-51));
#11210=DIRECTION('',(-1.,1.69406587095111E-21,0.));
#11211=DIRECTION('center_axis',(0.,3.45446659842862E-77,1.));
#11212=DIRECTION('ref_axis',(1.69406587095111E-21,1.,1.33638217715332E-51));
#11213=DIRECTION('',(1.,-1.69406587095111E-21,0.));
#11214=DIRECTION('center_axis',(-1.,1.69406587095111E-21,0.));
#11215=DIRECTION('ref_axis',(1.69406587095111E-21,1.,5.55111512312578E-16));
#11216=DIRECTION('',(1.,-1.69406587095111E-21,0.));
#11217=DIRECTION('center_axis',(-1.69406587095111E-21,-1.,-1.33638217715332E-51));
#11218=DIRECTION('ref_axis',(0.,3.45446659842862E-77,1.));
#11219=DIRECTION('',(1.,-1.69406587095111E-21,0.));
#11220=DIRECTION('center_axis',(-1.,1.69406587095111E-21,0.));
#11221=DIRECTION('ref_axis',(0.,-3.45446659842862E-77,-1.));
#11222=DIRECTION('',(-1.,1.69406587095111E-21,0.));
#11223=DIRECTION('center_axis',(1.69406587095111E-21,1.,1.33638217715332E-51));
#11224=DIRECTION('ref_axis',(0.,-3.45446659842862E-77,-1.));
#11225=DIRECTION('',(1.,-1.69406587095111E-21,0.));
#11226=DIRECTION('center_axis',(-1.,1.69406587095111E-21,0.));
#11227=DIRECTION('ref_axis',(0.,3.45446659842862E-77,1.));
#11228=DIRECTION('',(1.,-1.69406587095111E-21,0.));
#11229=DIRECTION('center_axis',(-1.,1.69406587095111E-21,0.));
#11230=DIRECTION('ref_axis',(1.52384547446485E-21,0.899519611719295,-0.436880381949532));
#11231=DIRECTION('',(1.,-1.69406587095111E-21,0.));
#11232=DIRECTION('center_axis',(-5.22441926468484E-37,-3.08395284618099E-16,
1.));
#11233=DIRECTION('ref_axis',(1.69406587095111E-21,1.,3.08395284618099E-16));
#11234=DIRECTION('',(1.,-1.69406587095111E-21,0.));
#11235=DIRECTION('center_axis',(-1.,1.69406587095111E-21,0.));
#11236=DIRECTION('ref_axis',(-1.69406587095111E-21,-1.,5.55111512312579E-16));
#11237=DIRECTION('center_axis',(5.22441926468484E-37,3.08395284618099E-16,
1.));
#11238=DIRECTION('ref_axis',(1.69406587095111E-21,1.,-3.08395284618099E-16));
#11239=DIRECTION('axis',(0.,0.,1.));
#11240=DIRECTION('refdir',(1.,0.,0.));
#11241=DIRECTION('center_axis',(-7.88860905221012E-31,-1.49352366668669E-59,
1.));
#11242=DIRECTION('ref_axis',(-2.76498183725102E-32,1.,6.13949299675798E-48));
#11243=DIRECTION('center_axis',(7.88860905221012E-31,1.49352366668669E-59,
-1.));
#11244=DIRECTION('ref_axis',(-2.76498183725102E-32,1.,3.44996401532999E-44));
#11245=DIRECTION('',(-8.65956056235487E-17,0.707106781186547,-0.707106781186548));
#11246=DIRECTION('center_axis',(-7.88860905221012E-31,-1.49352366668669E-59,
1.));
#11247=DIRECTION('ref_axis',(-2.76498183725102E-32,1.,6.13949299675798E-48));
#11248=DIRECTION('center_axis',(7.88860905221012E-31,1.49352366668669E-59,
-1.));
#11249=DIRECTION('ref_axis',(-2.76498183725102E-32,1.,3.44996401532999E-44));
#11250=DIRECTION('center_axis',(7.88860905221012E-31,1.49352366668669E-59,
-1.));
#11251=DIRECTION('ref_axis',(1.,2.76498183725102E-32,8.0118685686509E-31));
#11252=DIRECTION('center_axis',(7.88860905221012E-31,1.49352366668669E-59,
-1.));
#11253=DIRECTION('ref_axis',(-2.76498183725102E-32,1.,6.13949299675798E-48));
#11254=DIRECTION('center_axis',(7.88860905221012E-31,1.49352366668669E-59,
-1.));
#11255=DIRECTION('ref_axis',(-2.76498183725102E-32,1.,6.13949299675798E-48));
#11256=DIRECTION('center_axis',(-7.88860905221012E-31,-1.49352366668669E-59,
1.));
#11257=DIRECTION('ref_axis',(-2.76498183725102E-32,1.,3.89987924133395E-44));
#11258=DIRECTION('',(-8.65956056235487E-17,-0.707106781186547,-0.707106781186548));
#11259=DIRECTION('center_axis',(0.,-1.49352366668669E-59,1.));
#11260=DIRECTION('ref_axis',(-1.12555406764793E-58,1.,3.89926529203427E-44));
#11261=DIRECTION('',(0.,-1.49352366668669E-59,1.));
#11262=DIRECTION('center_axis',(-7.88860905221012E-31,-1.49352366668669E-59,
1.));
#11263=DIRECTION('ref_axis',(-2.76498183725102E-32,1.,3.89987924133395E-44));
#11264=DIRECTION('center_axis',(-7.88860905221012E-31,-1.49352366668669E-59,
1.));
#11265=DIRECTION('ref_axis',(-2.76498183725102E-32,1.,6.13949299675798E-48));
#11266=DIRECTION('center_axis',(7.88860905221012E-31,1.49352366668669E-59,
-1.));
#11267=DIRECTION('ref_axis',(-2.76498183725102E-32,1.,3.44996401532999E-44));
#11268=DIRECTION('',(-8.65956056235487E-17,0.707106781186547,-0.707106781186548));
#11269=DIRECTION('center_axis',(-7.88860905221012E-31,-1.49352366668669E-59,
1.));
#11270=DIRECTION('ref_axis',(-2.76498183725102E-32,1.,6.13949299675798E-48));
#11271=DIRECTION('center_axis',(7.88860905221012E-31,1.49352366668669E-59,
-1.));
#11272=DIRECTION('ref_axis',(1.,2.76498183725102E-32,8.0118685686509E-31));
#11273=DIRECTION('center_axis',(7.88860905221012E-31,1.49352366668669E-59,
-1.));
#11274=DIRECTION('ref_axis',(-2.76498183725102E-32,1.,6.13949299675798E-48));
#11275=DIRECTION('center_axis',(0.,-1.49352366668669E-59,1.));
#11276=DIRECTION('ref_axis',(-3.29341116243728E-58,1.,3.44935006603032E-44));
#11277=DIRECTION('center_axis',(7.88860905221012E-31,1.49352366668669E-59,
-1.));
#11278=DIRECTION('ref_axis',(-2.76498183725102E-32,1.,3.44996401532999E-44));
#11279=DIRECTION('',(0.,1.49352366668669E-59,-1.));
#11280=DIRECTION('center_axis',(7.88860905221012E-31,1.49352366668669E-59,
-1.));
#11281=DIRECTION('ref_axis',(-2.76498183725102E-32,1.,-4.31107363323822E-44));
#11282=DIRECTION('center_axis',(-7.88860905221012E-31,-1.49352366668669E-59,
1.));
#11283=DIRECTION('ref_axis',(-2.76498183725102E-32,1.,6.13949299675798E-48));
#11284=DIRECTION('',(-8.65956056235487E-17,-0.707106781186547,-0.707106781186548));
#11285=DIRECTION('center_axis',(7.88860905221012E-31,1.49352366668669E-59,
-1.));
#11286=DIRECTION('ref_axis',(1.,2.76498183725102E-32,8.0118685686509E-31));
#11287=DIRECTION('center_axis',(-9.86076131526265E-31,3.02922587604869E-28,
-1.));
#11288=DIRECTION('ref_axis',(0.,-1.,-3.02922587604869E-28));
#11289=DIRECTION('',(9.86076131526265E-31,-3.02922587604869E-28,1.));
#11290=DIRECTION('center_axis',(-1.97215226305253E-31,3.02922587604869E-28,
-1.));
#11291=DIRECTION('ref_axis',(-2.76498183725102E-32,1.,3.02922587604869E-28));
#11292=DIRECTION('center_axis',(-1.97215226305253E-31,3.02922587604869E-28,
-1.));
#11293=DIRECTION('ref_axis',(-2.76498183725102E-32,1.,3.02922587604869E-28));
#11294=DIRECTION('center_axis',(9.86076131526265E-31,-3.02922587604869E-28,
1.));
#11295=DIRECTION('ref_axis',(0.,1.,3.02922587604869E-28));
#11296=DIRECTION('',(9.86076131526265E-31,-3.02922587604869E-28,1.));
#11297=DIRECTION('center_axis',(1.97215226305253E-31,-3.02922587604869E-28,
1.));
#11298=DIRECTION('ref_axis',(-2.76498183725102E-32,1.,3.02922587604869E-28));
#11299=DIRECTION('center_axis',(-1.97215226305253E-31,3.02922587604869E-28,
-1.));
#11300=DIRECTION('ref_axis',(-2.76498183725102E-32,1.,3.02922587604869E-28));
#11301=DIRECTION('',(8.65956056235494E-17,0.707106781186547,0.707106781186548));
#11302=DIRECTION('center_axis',(1.97215226305253E-31,-3.02922587604869E-28,
1.));
#11303=DIRECTION('ref_axis',(-2.76498183725102E-32,1.,3.02922587604869E-28));
#11304=DIRECTION('center_axis',(-1.97215226305253E-31,3.02922587604869E-28,
-1.));
#11305=DIRECTION('ref_axis',(1.,2.76498183725102E-32,-1.84889274661175E-31));
#11306=DIRECTION('center_axis',(-1.97215226305253E-31,3.02922587604869E-28,
-1.));
#11307=DIRECTION('ref_axis',(-2.76498183725102E-32,1.,3.02922587604869E-28));
#11308=DIRECTION('center_axis',(1.97215226305253E-31,-3.02922587604869E-28,
1.));
#11309=DIRECTION('ref_axis',(-2.76498183725102E-32,1.,3.02922587604869E-28));
#11310=DIRECTION('center_axis',(1.97215226305253E-31,-3.02922587604869E-28,
1.));
#11311=DIRECTION('ref_axis',(-2.76498183725102E-32,1.,3.02922587604869E-28));
#11312=DIRECTION('',(8.65956056235495E-17,-0.707106781186547,0.707106781186548));
#11313=DIRECTION('center_axis',(9.86076131526265E-31,-3.02922587604869E-28,
1.));
#11314=DIRECTION('ref_axis',(0.,1.,3.02922587604869E-28));
#11315=DIRECTION('center_axis',(1.97215226305253E-31,-3.02922587604869E-28,
1.));
#11316=DIRECTION('ref_axis',(-2.76498183725102E-32,1.,3.02922587604869E-28));
#11317=DIRECTION('',(9.86076131526265E-31,-3.02922587604869E-28,1.));
#11318=DIRECTION('center_axis',(-1.97215226305253E-31,3.02922587604869E-28,
-1.));
#11319=DIRECTION('ref_axis',(-2.76498183725102E-32,1.,3.02922587604869E-28));
#11320=DIRECTION('center_axis',(-1.97215226305253E-31,3.02922587604869E-28,
-1.));
#11321=DIRECTION('ref_axis',(-2.76498183725102E-32,1.,3.02922587604869E-28));
#11322=DIRECTION('',(8.65956056235494E-17,0.707106781186547,0.707106781186548));
#11323=DIRECTION('center_axis',(1.97215226305253E-31,-3.02922587604869E-28,
1.));
#11324=DIRECTION('ref_axis',(-2.76498183725102E-32,1.,3.02922587604869E-28));
#11325=DIRECTION('center_axis',(-1.97215226305253E-31,3.02922587604869E-28,
-1.));
#11326=DIRECTION('ref_axis',(1.,2.76498183725102E-32,-1.84889274661175E-31));
#11327=DIRECTION('center_axis',(-1.97215226305253E-31,3.02922587604869E-28,
-1.));
#11328=DIRECTION('ref_axis',(-2.76498183725102E-32,1.,3.02922587604869E-28));
#11329=DIRECTION('center_axis',(9.86076131526265E-31,-3.02922587604869E-28,
1.));
#11330=DIRECTION('ref_axis',(0.,1.,3.02922587604869E-28));
#11331=DIRECTION('',(-9.86076131526265E-31,3.02922587604869E-28,-1.));
#11332=DIRECTION('center_axis',(-1.97215226305253E-31,3.02922587604869E-28,
-1.));
#11333=DIRECTION('ref_axis',(-2.76498183725102E-32,1.,3.02922587604869E-28));
#11334=DIRECTION('center_axis',(1.97215226305253E-31,-3.02922587604869E-28,
1.));
#11335=DIRECTION('ref_axis',(-2.76498183725102E-32,1.,3.02922587604869E-28));
#11336=DIRECTION('',(8.65956056235495E-17,-0.707106781186547,0.707106781186548));
#11337=DIRECTION('center_axis',(-1.97215226305253E-31,3.02922587604869E-28,
-1.));
#11338=DIRECTION('ref_axis',(1.,2.76498183725102E-32,-1.84889274661175E-31));
#11339=DIRECTION('axis',(0.,0.,1.));
#11340=DIRECTION('refdir',(1.,0.,0.));
#11341=DIRECTION('center_axis',(0.,0.,-1.));
#11342=DIRECTION('ref_axis',(-7.27612459882483E-31,1.,-7.23668366988041E-32));
#11343=DIRECTION('center_axis',(0.,0.,1.));
#11344=DIRECTION('ref_axis',(-7.27612459882483E-31,1.,-7.23668366988041E-32));
#11345=DIRECTION('',(0.,0.,-1.));
#11346=DIRECTION('center_axis',(0.,0.,-1.));
#11347=DIRECTION('ref_axis',(-7.27612459882483E-31,1.,-7.23668366988041E-32));
#11348=DIRECTION('center_axis',(0.,0.,-1.));
#11349=DIRECTION('ref_axis',(-7.27612459882483E-31,1.,-7.23668366988041E-32));
#11350=DIRECTION('center_axis',(1.19022470563131E-31,6.31088724176809E-30,
1.));
#11351=DIRECTION('ref_axis',(-3.47378376064353E-16,1.,-5.5694395304392E-16));
#11352=DIRECTION('center_axis',(1.25027520129731E-29,-1.56976960231923E-18,
-1.));
#11353=DIRECTION('ref_axis',(-3.47378376064353E-16,1.,-1.08454942731344E-15));
#11354=DIRECTION('',(-3.3222921097623E-16,0.70710678118656,-0.707106781186535));
#11355=DIRECTION('center_axis',(-1.25027520129731E-29,1.56976960231923E-18,
1.));
#11356=DIRECTION('ref_axis',(-3.47378376064353E-16,1.,-1.56976960231919E-18));
#11357=DIRECTION('center_axis',(-2.49800180540664E-15,1.08454942731344E-15,
1.));
#11358=DIRECTION('ref_axis',(-3.47378376064353E-16,1.,-1.08454942731344E-15));
#11359=DIRECTION('center_axis',(-1.25027520129731E-29,1.56976960231923E-18,
1.));
#11360=DIRECTION('ref_axis',(-3.47378376064353E-16,1.,-1.08454942731344E-15));
#11361=DIRECTION('',(2.49800180540664E-15,-1.08454942731344E-15,-1.));
#11362=DIRECTION('center_axis',(1.25027520129731E-29,-1.56976960231923E-18,
-1.));
#11363=DIRECTION('ref_axis',(-3.47378376064356E-16,1.,-1.56976960231923E-18));
#11364=DIRECTION('center_axis',(1.25027520129731E-29,-1.56976960231923E-18,
-1.));
#11365=DIRECTION('ref_axis',(-1.14395242076411E-32,1.,-6.31088724176809E-30));
#11366=DIRECTION('center_axis',(-1.19022470563131E-31,-6.31088724176809E-30,
-1.));
#11367=DIRECTION('ref_axis',(-3.47378376064353E-16,1.,-5.5694395304392E-16));
#11368=DIRECTION('',(-1.59037999729125E-16,0.707106781186545,0.70710678118655));
#11369=DIRECTION('center_axis',(1.25027520129731E-29,-1.56976960231923E-18,
-1.));
#11370=DIRECTION('ref_axis',(-3.47378376064353E-16,1.,-1.56976960231919E-18));
#11371=DIRECTION('center_axis',(1.25027520129731E-29,-1.56976960231923E-18,
-1.));
#11372=DIRECTION('ref_axis',(-3.47378376064356E-16,1.,-1.56976960231923E-18));
#11373=DIRECTION('center_axis',(-1.25027520129731E-29,1.56976960231923E-18,
1.));
#11374=DIRECTION('ref_axis',(-1.14395242076411E-32,1.,-6.31088724176809E-30));
#11375=DIRECTION('center_axis',(-1.19407656552009E-31,-6.31088724176809E-30,
-1.));
#11376=DIRECTION('ref_axis',(-1.14395242076411E-32,1.,-6.31088724176809E-30));
#11377=DIRECTION('',(1.19407656552009E-31,6.31088724176809E-30,1.));
#11378=DIRECTION('center_axis',(1.20563214518641E-31,6.31088724176809E-30,
1.));
#11379=DIRECTION('ref_axis',(-1.14395242076411E-32,1.,-6.31088724176809E-30));
#11380=DIRECTION('center_axis',(0.,0.,-1.));
#11381=DIRECTION('ref_axis',(7.35820456367141E-31,-1.,6.31088724176809E-30));
#11382=DIRECTION('center_axis',(1.20563214518641E-31,6.31088724176809E-30,
1.));
#11383=DIRECTION('ref_axis',(7.35820456367141E-31,-1.,6.31088724176809E-30));
#11384=DIRECTION('',(8.65956056235498E-17,-0.707106781186547,0.707106781186548));
#11385=DIRECTION('center_axis',(0.,0.,1.));
#11386=DIRECTION('ref_axis',(-7.3582045636714E-31,1.,8.60575532968415E-31));
#11387=DIRECTION('center_axis',(-1.20563214518641E-31,-6.31088724176809E-30,
-1.));
#11388=DIRECTION('ref_axis',(-7.3582045636714E-31,1.,8.60575532968416E-31));
#11389=DIRECTION('',(8.65956056235488E-17,0.707106781186547,-0.707106781186547));
#11390=DIRECTION('center_axis',(1.19022470563131E-31,6.31088724176809E-30,
1.));
#11391=DIRECTION('ref_axis',(-1.14395242076411E-32,1.,-6.31088724176809E-30));
#11392=DIRECTION('center_axis',(1.20563214518641E-31,6.31088724176809E-30,
1.));
#11393=DIRECTION('ref_axis',(-1.14395242076411E-32,1.,-6.31088724176809E-30));
#11394=DIRECTION('',(-8.65956056235488E-17,-0.707106781186544,0.707106781186551));
#11395=DIRECTION('center_axis',(-1.20563214518641E-31,-6.31088724176809E-30,
-1.));
#11396=DIRECTION('ref_axis',(-1.14395242076411E-32,1.,-6.31088724176809E-30));
#11397=DIRECTION('center_axis',(-1.19407656552009E-31,-6.31088724176809E-30,
-1.));
#11398=DIRECTION('ref_axis',(-1.14395242076411E-32,1.,-6.31088724176809E-30));
#11399=DIRECTION('',(1.19407656552009E-31,6.31088724176809E-30,1.));
#11400=DIRECTION('center_axis',(-1.20563214518641E-31,-6.31088724176809E-30,
-1.));
#11401=DIRECTION('ref_axis',(-3.43185722889936E-32,1.,-6.31088724176809E-30));
#11402=DIRECTION('center_axis',(-1.19022470563131E-31,-6.31088724176809E-30,
-1.));
#11403=DIRECTION('ref_axis',(-1.14395242076411E-32,1.,-6.31088724176809E-30));
#11404=DIRECTION('',(8.65956056235485E-17,0.70710678118654,0.707106781186555));
#11405=DIRECTION('center_axis',(-1.20563214518641E-31,-6.31088724176809E-30,
-1.));
#11406=DIRECTION('ref_axis',(-1.14395242076411E-32,1.,-6.31088724176809E-30));
#11407=DIRECTION('center_axis',(-1.20563214518641E-31,-6.31088724176809E-30,
-1.));
#11408=DIRECTION('ref_axis',(-3.43185722889936E-32,1.,-6.31088724176809E-30));
#11409=DIRECTION('axis',(0.,0.,1.));
#11410=DIRECTION('refdir',(1.,0.,0.));
#11411=DIRECTION('center_axis',(0.,0.,-1.));
#11412=DIRECTION('ref_axis',(-1.,2.81658876956403E-19,6.77305815494758E-21));
#11413=DIRECTION('center_axis',(0.,0.,-1.));
#11414=DIRECTION('ref_axis',(-7.27740101104164E-26,1.,0.));
#11415=DIRECTION('',(0.,0.,1.));
#11416=DIRECTION('center_axis',(0.,0.,-1.));
#11417=DIRECTION('ref_axis',(-7.27740101104164E-26,1.,0.));
#11418=DIRECTION('center_axis',(0.,0.,1.));
#11419=DIRECTION('ref_axis',(-1.,2.81658876956403E-19,6.77305815494758E-21));
#11420=DIRECTION('center_axis',(0.,0.,-1.));
#11421=DIRECTION('ref_axis',(-7.27740101104164E-26,1.,0.));
#11422=DIRECTION('',(0.992375320854372,-1.21810437342104E-16,0.123252677695793));
#11423=DIRECTION('center_axis',(0.,0.,-1.));
#11424=DIRECTION('ref_axis',(-1.,2.81658876956403E-19,6.77305815494757E-21));
#11425=DIRECTION('',(0.,0.,1.));
#11426=DIRECTION('center_axis',(0.,0.,-1.));
#11427=DIRECTION('ref_axis',(-7.27740101104164E-26,1.,0.));
#11428=DIRECTION('center_axis',(0.,0.,1.));
#11429=DIRECTION('ref_axis',(-1.,2.81658876956403E-19,6.77305815494758E-21));
#11430=DIRECTION('',(0.992375320854372,-1.21810437342104E-16,0.123252677695793));
#11431=DIRECTION('axis',(0.,0.,1.));
#11432=DIRECTION('refdir',(1.,0.,0.));
#11433=DIRECTION('center_axis',(-1.22464679914735E-16,0.,1.));
#11434=DIRECTION('ref_axis',(0.,1.,0.));
#11435=DIRECTION('center_axis',(-1.22464679914735E-16,0.,1.));
#11436=DIRECTION('ref_axis',(0.,1.,0.));
#11437=DIRECTION('center_axis',(0.,0.,1.));
#11438=DIRECTION('ref_axis',(1.,0.,0.));
#11439=DIRECTION('center_axis',(0.,0.,-1.));
#11440=DIRECTION('ref_axis',(-1.,0.,0.));
#11441=DIRECTION('',(0.707106781186549,8.65956056235495E-17,-0.707106781186546));
#11442=DIRECTION('center_axis',(0.,0.,1.));
#11443=DIRECTION('ref_axis',(-1.,0.,0.));
#11444=DIRECTION('center_axis',(0.,0.,1.));
#11445=DIRECTION('ref_axis',(-1.,0.,0.));
#11446=DIRECTION('center_axis',(0.,0.,-1.));
#11447=DIRECTION('ref_axis',(-1.,0.,0.));
#11448=DIRECTION('center_axis',(0.,0.,-1.));
#11449=DIRECTION('ref_axis',(-1.,0.,-2.05432527401305E-32));
#11450=DIRECTION('',(0.,0.,1.));
#11451=DIRECTION('center_axis',(0.,0.,-1.));
#11452=DIRECTION('ref_axis',(-1.,0.,0.));
#11453=DIRECTION('center_axis',(2.46519032881566E-32,0.,1.));
#11454=DIRECTION('ref_axis',(1.,0.,-1.46737519572361E-32));
#11455=DIRECTION('center_axis',(2.46519032881566E-32,0.,1.));
#11456=DIRECTION('ref_axis',(-1.,0.,4.1086505480261E-32));
#11457=DIRECTION('center_axis',(2.46519032881566E-32,0.,1.));
#11458=DIRECTION('ref_axis',(-1.,0.,4.1086505480261E-32));
#11459=DIRECTION('',(0.707106781186547,8.65956056235492E-17,-0.707106781186548));
#11460=DIRECTION('center_axis',(0.,0.,-1.));
#11461=DIRECTION('ref_axis',(-1.,0.,0.));
#11462=DIRECTION('center_axis',(0.,0.,-1.));
#11463=DIRECTION('ref_axis',(-1.,0.,0.));
#11464=DIRECTION('',(0.,0.,1.));
#11465=DIRECTION('center_axis',(0.,0.,-1.));
#11466=DIRECTION('ref_axis',(-1.,0.,0.));
#11467=DIRECTION('center_axis',(0.,0.,1.));
#11468=DIRECTION('ref_axis',(1.,0.,0.));
#11469=DIRECTION('center_axis',(-1.22464679914735E-16,0.,1.));
#11470=DIRECTION('ref_axis',(0.,1.,0.));
#11471=DIRECTION('center_axis',(-1.22464679914735E-16,0.,1.));
#11472=DIRECTION('ref_axis',(0.,1.,0.));
#11473=DIRECTION('center_axis',(-1.22464679914735E-16,0.,1.));
#11474=DIRECTION('ref_axis',(0.,1.,0.));
#11475=DIRECTION('center_axis',(-1.22464679914735E-16,0.,1.));
#11476=DIRECTION('ref_axis',(0.,1.,0.));
#11477=DIRECTION('center_axis',(-1.22464679914735E-16,0.,1.));
#11478=DIRECTION('ref_axis',(0.,1.,0.));
#11479=DIRECTION('center_axis',(-0.866025403784439,0.5,-1.06057523872491E-16));
#11480=DIRECTION('ref_axis',(-0.5,-0.866025403784439,-6.12323399573677E-17));
#11481=DIRECTION('',(-1.22464679914735E-16,0.,1.));
#11482=DIRECTION('',(-1.22464679914735E-16,0.,1.));
#11483=DIRECTION('',(-0.5,-0.866025403784438,-6.12323399573677E-17));
#11484=DIRECTION('center_axis',(0.,1.,0.));
#11485=DIRECTION('ref_axis',(1.22464679914735E-16,0.,-1.));
#11486=DIRECTION('',(-1.22464679914735E-16,0.,1.));
#11487=DIRECTION('',(-1.,0.,-1.22464679914735E-16));
#11488=DIRECTION('center_axis',(0.866025403784439,0.5,1.06057523872491E-16));
#11489=DIRECTION('ref_axis',(-0.5,0.866025403784439,-6.12323399573676E-17));
#11490=DIRECTION('',(-1.22464679914735E-16,0.,1.));
#11491=DIRECTION('',(-0.499999999999999,0.866025403784439,-6.12323399573676E-17));
#11492=DIRECTION('center_axis',(0.866025403784439,-0.5,1.06057523872491E-16));
#11493=DIRECTION('ref_axis',(0.5,0.866025403784439,6.12323399573677E-17));
#11494=DIRECTION('',(-1.22464679914735E-16,0.,1.));
#11495=DIRECTION('',(0.5,0.866025403784439,6.12323399573676E-17));
#11496=DIRECTION('center_axis',(-1.87789324842145E-16,-1.,-2.29975595581975E-32));
#11497=DIRECTION('ref_axis',(1.,-1.87789324842145E-16,1.22464679914735E-16));
#11498=DIRECTION('',(-1.22464679914735E-16,0.,1.));
#11499=DIRECTION('',(1.,-1.87789324842145E-16,1.22464679914735E-16));
#11500=DIRECTION('center_axis',(-0.866025403784439,-0.5,-1.06057523872491E-16));
#11501=DIRECTION('ref_axis',(0.5,-0.866025403784439,6.12323399573676E-17));
#11502=DIRECTION('',(0.5,-0.866025403784439,6.12323399573676E-17));
#11503=DIRECTION('center_axis',(-1.22464679914735E-16,0.,1.));
#11504=DIRECTION('ref_axis',(0.,1.,0.));
#11505=DIRECTION('center_axis',(-1.22464679914735E-16,0.,1.));
#11506=DIRECTION('ref_axis',(0.,1.,0.));
#11507=DIRECTION('center_axis',(-1.22464679914735E-16,0.,1.));
#11508=DIRECTION('ref_axis',(0.,1.,0.));
#11509=DIRECTION('center_axis',(-1.22464679914735E-16,0.,1.));
#11510=DIRECTION('ref_axis',(0.,1.,0.));
#11511=DIRECTION('center_axis',(-1.22464679914735E-16,0.,1.));
#11512=DIRECTION('ref_axis',(3.67517835871524E-15,-1.,4.50079541329624E-31));
#11513=DIRECTION('center_axis',(-1.22464679914735E-16,0.,1.));
#11514=DIRECTION('ref_axis',(0.,1.,0.));
#11515=DIRECTION('axis',(0.,0.,1.));
#11516=DIRECTION('refdir',(1.,0.,0.));
#11517=DIRECTION('center_axis',(-9.60193565495053E-16,5.66513812190488E-14,
1.));
#11518=DIRECTION('ref_axis',(-2.73492620772586E-8,1.,1.08510024772074E-16));
#11519=DIRECTION('center_axis',(2.04495439279537E-16,-2.26455698279356E-16,
1.));
#11520=DIRECTION('ref_axis',(-2.73492620772586E-8,1.,2.26455703872156E-16));
#11521=DIRECTION('',(1.93388479097233E-8,-0.707106781186531,0.707106781186563));
#11522=DIRECTION('center_axis',(-2.04495439279537E-16,2.26455698279356E-16,
-1.));
#11523=DIRECTION('ref_axis',(-2.73492620772586E-8,1.,2.52435489670724E-29));
#11524=DIRECTION('center_axis',(0.,0.,-1.));
#11525=DIRECTION('ref_axis',(-2.73492620772586E-8,1.,0.));
#11526=DIRECTION('',(0.,0.,1.));
#11527=DIRECTION('center_axis',(2.04495439279587E-16,-2.26455698279305E-16,
1.));
#11528=DIRECTION('ref_axis',(-2.73492620772586E-8,1.,0.));
#11529=DIRECTION('center_axis',(2.04495439279537E-16,-2.26455698279356E-16,
1.));
#11530=DIRECTION('ref_axis',(-2.73492620772586E-8,1.,2.26455703872114E-16));
#11531=DIRECTION('center_axis',(9.60193565497956E-16,-5.66513812190547E-14,
-1.));
#11532=DIRECTION('ref_axis',(-2.73492620772586E-8,1.,1.08510024772048E-16));
#11533=DIRECTION('',(-1.93388492676402E-8,0.707106781186543,0.707106781186552));
#11534=DIRECTION('center_axis',(-2.04495439279587E-16,2.26455698279305E-16,
-1.));
#11535=DIRECTION('ref_axis',(-2.73492620772586E-8,1.,2.26455703872099E-16));
#11536=DIRECTION('center_axis',(2.04495439279587E-16,-2.26455698279305E-16,
1.));
#11537=DIRECTION('ref_axis',(-2.73492620772586E-8,1.,2.26455703872064E-16));
#11538=DIRECTION('axis',(0.,0.,1.));
#11539=DIRECTION('refdir',(1.,0.,0.));
#11540=DIRECTION('center_axis',(0.,0.,-1.));
#11541=DIRECTION('ref_axis',(-7.27612459882483E-31,1.,-7.23668366988041E-32));
#11542=DIRECTION('center_axis',(0.,0.,1.));
#11543=DIRECTION('ref_axis',(-7.27612459882483E-31,1.,-7.23668366988041E-32));
#11544=DIRECTION('',(0.,0.,-1.));
#11545=DIRECTION('center_axis',(0.,0.,-1.));
#11546=DIRECTION('ref_axis',(-7.27612459882483E-31,1.,-7.23668366988041E-32));
#11547=DIRECTION('center_axis',(0.,0.,-1.));
#11548=DIRECTION('ref_axis',(-7.27612459882483E-31,1.,-7.23668366988041E-32));
#11549=DIRECTION('center_axis',(0.,0.,-1.));
#11550=DIRECTION('ref_axis',(7.35820456367141E-31,-1.,6.31088724176809E-30));
#11551=DIRECTION('center_axis',(1.20563214518641E-31,6.31088724176809E-30,
1.));
#11552=DIRECTION('ref_axis',(7.35820456367141E-31,-1.,6.31088724176809E-30));
#11553=DIRECTION('',(8.65956056235498E-17,-0.707106781186547,0.707106781186548));
#11554=DIRECTION('center_axis',(0.,0.,1.));
#11555=DIRECTION('ref_axis',(-7.3582045636714E-31,1.,8.60575532968415E-31));
#11556=DIRECTION('center_axis',(-1.20563214518641E-31,-6.31088724176809E-30,
-1.));
#11557=DIRECTION('ref_axis',(-7.3582045636714E-31,1.,8.60575532968416E-31));
#11558=DIRECTION('',(8.65956056235488E-17,0.707106781186547,-0.707106781186547));
#11559=DIRECTION('center_axis',(1.19022470563131E-31,6.31088724176809E-30,
1.));
#11560=DIRECTION('ref_axis',(-1.14395242076411E-32,1.,-6.31088724176809E-30));
#11561=DIRECTION('center_axis',(1.20563214518641E-31,6.31088724176809E-30,
1.));
#11562=DIRECTION('ref_axis',(-1.14395242076411E-32,1.,-6.31088724176809E-30));
#11563=DIRECTION('',(-8.65956056235488E-17,-0.707106781186544,0.707106781186551));
#11564=DIRECTION('center_axis',(-1.20563214518641E-31,-6.31088724176809E-30,
-1.));
#11565=DIRECTION('ref_axis',(-1.14395242076411E-32,1.,-6.31088724176809E-30));
#11566=DIRECTION('center_axis',(-1.19407656552009E-31,-6.31088724176809E-30,
-1.));
#11567=DIRECTION('ref_axis',(-1.14395242076411E-32,1.,-6.31088724176809E-30));
#11568=DIRECTION('',(1.19407656552009E-31,6.31088724176809E-30,1.));
#11569=DIRECTION('center_axis',(1.20563214518641E-31,6.31088724176809E-30,
1.));
#11570=DIRECTION('ref_axis',(-1.14395242076411E-32,1.,-6.31088724176809E-30));
#11571=DIRECTION('center_axis',(-1.20563214518641E-31,-6.31088724176809E-30,
-1.));
#11572=DIRECTION('ref_axis',(-3.43185722889936E-32,1.,-6.31088724176809E-30));
#11573=DIRECTION('center_axis',(-1.19022470563131E-31,-6.31088724176809E-30,
-1.));
#11574=DIRECTION('ref_axis',(-1.14395242076411E-32,1.,-6.31088724176809E-30));
#11575=DIRECTION('',(8.65956056235485E-17,0.70710678118654,0.707106781186555));
#11576=DIRECTION('center_axis',(-1.20563214518641E-31,-6.31088724176809E-30,
-1.));
#11577=DIRECTION('ref_axis',(-1.14395242076411E-32,1.,-6.31088724176809E-30));
#11578=DIRECTION('center_axis',(-1.20563214518641E-31,-6.31088724176809E-30,
-1.));
#11579=DIRECTION('ref_axis',(-3.43185722889936E-32,1.,-6.31088724176809E-30));
#11580=DIRECTION('axis',(0.,0.,1.));
#11581=DIRECTION('refdir',(1.,0.,0.));
#11582=DIRECTION('center_axis',(1.77635683940017E-15,5.68434188608079E-14,
-1.));
#11583=DIRECTION('ref_axis',(-5.55111512207462E-17,1.,-1.78584255550042E-17));
#11584=DIRECTION('center_axis',(-6.11667834623654E-16,3.4418056524169E-17,
1.));
#11585=DIRECTION('ref_axis',(-5.55111512207462E-17,1.,0.));
#11586=DIRECTION('',(1.3819218840303E-15,-0.707106781186476,-0.707106781186619));
#11587=DIRECTION('center_axis',(6.11667834623654E-16,-3.4418056524169E-17,
-1.));
#11588=DIRECTION('ref_axis',(-5.55111512207462E-17,1.,-3.44180565241671E-17));
#11589=DIRECTION('center_axis',(0.,0.,-1.));
#11590=DIRECTION('ref_axis',(-5.55111512207462E-17,1.,0.));
#11591=DIRECTION('',(0.,0.,1.));
#11592=DIRECTION('center_axis',(6.11667834623654E-16,-3.44180565241943E-17,
-1.));
#11593=DIRECTION('ref_axis',(-5.55111512207462E-17,1.,0.));
#11594=DIRECTION('center_axis',(6.11667834623654E-16,-3.4418056524169E-17,
-1.));
#11595=DIRECTION('ref_axis',(5.55111512207469E-17,-1.,3.4418056524169E-17));
#11596=DIRECTION('center_axis',(-6.11667834623654E-16,3.4418056524169E-17,
1.));
#11597=DIRECTION('ref_axis',(5.55111512207469E-17,-1.,3.44180565241573E-17));
#11598=DIRECTION('center_axis',(-1.7763568394003E-15,-5.68434188608081E-14,
1.));
#11599=DIRECTION('ref_axis',(-5.55111512207462E-17,1.,-1.7858425555004E-17));
#11600=DIRECTION('center_axis',(-6.11667834623654E-16,3.44180565241943E-17,
1.));
#11601=DIRECTION('ref_axis',(-5.55111512207462E-17,1.,-3.44180565241894E-17));
#11602=DIRECTION('',(1.13022604986374E-15,0.707106781186604,-0.707106781186492));
#11603=DIRECTION('center_axis',(6.11667834623654E-16,-3.44180565241943E-17,
-1.));
#11604=DIRECTION('ref_axis',(5.55111512207469E-17,-1.,3.44180565241943E-17));
#11605=DIRECTION('center_axis',(6.11667834623654E-16,-3.44180565241943E-17,
-1.));
#11606=DIRECTION('ref_axis',(5.55111512207469E-17,-1.,3.44180565241903E-17));
#11607=DIRECTION('center_axis',(1.77635683940054E-15,5.68434188608086E-14,
-1.));
#11608=DIRECTION('ref_axis',(5.55111512207469E-17,-1.,1.67677711271697E-17));
#11609=DIRECTION('center_axis',(-6.11667834623654E-16,3.44180565241943E-17,
1.));
#11610=DIRECTION('ref_axis',(5.55111512207469E-17,-1.,-3.15544362088406E-29));
#11611=DIRECTION('',(-1.30341726111112E-15,-0.707106781186542,0.707106781186553));
#11612=DIRECTION('center_axis',(0.,0.,-1.));
#11613=DIRECTION('ref_axis',(5.55111512207469E-17,-1.,0.));
#11614=DIRECTION('center_axis',(6.11667834623654E-16,-3.4418056524169E-17,
-1.));
#11615=DIRECTION('ref_axis',(5.55111512207469E-17,-1.,-6.31088724176812E-29));
#11616=DIRECTION('',(0.,0.,1.));
#11617=DIRECTION('center_axis',(-1.77635683940116E-15,-5.68434188608099E-14,
1.));
#11618=DIRECTION('ref_axis',(5.55111512207469E-17,-1.,1.6767771127105E-17));
#11619=DIRECTION('',(-1.20873067278378E-15,0.707106781186543,0.707106781186552));
#11620=DIRECTION('axis',(0.,0.,1.));
#11621=DIRECTION('refdir',(1.,0.,0.));
#11622=DIRECTION('center_axis',(-2.22044604925031E-16,2.98704733337335E-59,
1.));
#11623=DIRECTION('ref_axis',(-9.12075521640717E-59,-1.,-1.49352366668668E-59));
#11624=DIRECTION('center_axis',(-2.22044604925031E-16,2.98704733337335E-59,
1.));
#11625=DIRECTION('ref_axis',(-9.05165858597984E-59,-1.,-1.49352366668668E-59));
#11626=DIRECTION('',(7.04136402448281E-17,-0.707106781186547,-0.707106781186548));
#11627=DIRECTION('center_axis',(2.22044604925031E-16,-2.98704733337335E-59,
-1.));
#11628=DIRECTION('ref_axis',(-9.19091487191799E-59,-1.,-1.49352366668668E-59));
#11629=DIRECTION('center_axis',(-2.22044604925031E-16,2.98704733337335E-59,
1.));
#11630=DIRECTION('ref_axis',(-1.,8.7122213890056E-59,-2.22044604925031E-16));
#11631=DIRECTION('center_axis',(2.22044604925031E-16,-2.98704733337335E-59,
-1.));
#11632=DIRECTION('ref_axis',(-9.41861771784389E-59,-1.,-1.49352366668668E-59));
#11633=DIRECTION('center_axis',(0.,1.49352366668668E-59,1.));
#11634=DIRECTION('ref_axis',(-9.19091487191799E-59,-1.,-1.49352366668668E-59));
#11635=DIRECTION('center_axis',(0.,1.49352366668668E-59,1.));
#11636=DIRECTION('ref_axis',(9.19091487191799E-59,1.,1.49352366668668E-59));
#11637=DIRECTION('',(0.,1.49352366668668E-59,1.));
#11638=DIRECTION('center_axis',(0.,1.49352366668668E-59,1.));
#11639=DIRECTION('ref_axis',(9.19091487191799E-59,1.,1.49352366668668E-59));
#11640=DIRECTION('center_axis',(-2.22044604925031E-16,2.98704733337335E-59,
1.));
#11641=DIRECTION('ref_axis',(-9.35540551839527E-59,-1.,-1.49352366668668E-59));
#11642=DIRECTION('center_axis',(-2.22044604925031E-16,2.98704733337335E-59,
1.));
#11643=DIRECTION('ref_axis',(-9.29303614827264E-59,-1.,-1.49352366668668E-59));
#11644=DIRECTION('',(7.04136402448281E-17,-0.707106781186547,-0.707106781186548));
#11645=DIRECTION('center_axis',(-2.22044604925031E-16,2.98704733337335E-59,
1.));
#11646=DIRECTION('ref_axis',(-9.29303614827264E-59,-1.,-1.49352366668668E-59));
#11647=DIRECTION('',(-2.22044604925031E-16,2.98704733337335E-59,1.));
#11648=DIRECTION('center_axis',(0.,-1.49352366668668E-59,-1.));
#11649=DIRECTION('ref_axis',(-9.29303614827264E-59,-1.,-1.49352366668668E-59));
#11650=DIRECTION('center_axis',(0.,-1.49352366668668E-59,-1.));
#11651=DIRECTION('ref_axis',(-9.35540551839527E-59,-1.,-1.49352366668668E-59));
#11652=DIRECTION('',(8.65956056235494E-17,-0.707106781186548,0.707106781186547));
#11653=DIRECTION('center_axis',(0.,1.49352366668668E-59,1.));
#11654=DIRECTION('ref_axis',(-9.41861771784389E-59,-1.,-1.49352366668668E-59));
#11655=DIRECTION('center_axis',(0.,-1.49352366668668E-59,-1.));
#11656=DIRECTION('ref_axis',(1.,-9.95682444457783E-59,0.));
#11657=DIRECTION('center_axis',(0.,-1.49352366668668E-59,-1.));
#11658=DIRECTION('ref_axis',(-9.2037873017106E-59,-1.,-1.49352366668668E-59));
#11659=DIRECTION('center_axis',(0.,1.49352366668668E-59,1.));
#11660=DIRECTION('ref_axis',(8.61648269242312E-59,1.,1.49352366668668E-59));
#11661=DIRECTION('center_axis',(0.,1.49352366668668E-59,1.));
#11662=DIRECTION('ref_axis',(8.96114200012004E-59,1.,1.49352366668668E-59));
#11663=DIRECTION('',(-8.65956056235493E-17,-0.707106781186547,0.707106781186548));
#11664=DIRECTION('center_axis',(0.,-1.49352366668668E-59,-1.));
#11665=DIRECTION('ref_axis',(9.21928189312762E-59,1.,1.49352366668668E-59));
#11666=DIRECTION('center_axis',(0.,-1.49352366668668E-59,-1.));
#11667=DIRECTION('ref_axis',(1.,-9.95682444457783E-59,0.));
#11668=DIRECTION('center_axis',(0.,1.49352366668668E-59,1.));
#11669=DIRECTION('ref_axis',(-8.97746466314394E-59,-1.,-1.49352366668668E-59));
#11670=DIRECTION('center_axis',(0.,-1.49352366668668E-59,-1.));
#11671=DIRECTION('ref_axis',(8.96114200012004E-59,1.,1.49352366668668E-59));
#11672=DIRECTION('center_axis',(0.,-1.49352366668668E-59,-1.));
#11673=DIRECTION('ref_axis',(8.96114200012004E-59,1.,1.49352366668668E-59));
#11674=DIRECTION('',(0.,1.49352366668668E-59,1.));
#11675=DIRECTION('center_axis',(0.,-1.49352366668668E-59,-1.));
#11676=DIRECTION('ref_axis',(-8.6924657849489E-59,-1.,-1.49352366668668E-59));
#11677=DIRECTION('center_axis',(0.,-1.49352366668668E-59,-1.));
#11678=DIRECTION('ref_axis',(-9.19091487191799E-59,-1.,-1.49352366668668E-59));
#11679=DIRECTION('',(8.65956056235494E-17,-0.707106781186548,0.707106781186547));
#11680=DIRECTION('center_axis',(0.,1.49352366668668E-59,1.));
#11681=DIRECTION('ref_axis',(-9.19091487191799E-59,-1.,-1.49352366668668E-59));
#11682=DIRECTION('center_axis',(0.,-1.49352366668668E-59,-1.));
#11683=DIRECTION('ref_axis',(-9.19091487191799E-59,-1.,-1.49352366668668E-59));
#11684=DIRECTION('',(0.,1.49352366668668E-59,1.));
#11685=DIRECTION('center_axis',(0.,1.49352366668668E-59,1.));
#11686=DIRECTION('ref_axis',(-9.36111699917573E-59,-1.,-1.49352366668668E-59));
#11687=DIRECTION('center_axis',(0.,1.49352366668668E-59,1.));
#11688=DIRECTION('ref_axis',(-8.65810821267637E-59,-1.,-1.49352366668668E-59));
#11689=DIRECTION('',(8.65956056235494E-17,0.707106781186548,0.707106781186547));
#11690=DIRECTION('center_axis',(0.,1.49352366668668E-59,1.));
#11691=DIRECTION('ref_axis',(-8.65810821267637E-59,-1.,-1.49352366668668E-59));
#11692=DIRECTION('',(0.,-1.49352366668668E-59,-1.));
#11693=DIRECTION('center_axis',(0.,1.49352366668668E-59,1.));
#11694=DIRECTION('ref_axis',(-8.65810821267637E-59,-1.,-1.49352366668668E-59));
#11695=DIRECTION('center_axis',(0.,-1.49352366668668E-59,-1.));
#11696=DIRECTION('ref_axis',(1.,-9.95682444457783E-59,0.));
#11697=DIRECTION('center_axis',(0.,1.49352366668668E-59,1.));
#11698=DIRECTION('ref_axis',(9.33452291679171E-59,1.,1.49352366668668E-59));
#11699=DIRECTION('',(8.65956056235493E-17,0.707106781186547,-0.707106781186548));
#11700=DIRECTION('center_axis',(0.,-1.49352366668668E-59,-1.));
#11701=DIRECTION('ref_axis',(8.6924657849489E-59,1.,1.49352366668668E-59));
#11702=DIRECTION('center_axis',(0.,1.49352366668668E-59,1.));
#11703=DIRECTION('ref_axis',(-1.,9.95682444457783E-59,0.));
#11704=DIRECTION('center_axis',(0.,1.49352366668668E-59,1.));
#11705=DIRECTION('ref_axis',(9.2037873017106E-59,1.,1.49352366668668E-59));
#11706=DIRECTION('center_axis',(0.,-1.49352366668668E-59,-1.));
#11707=DIRECTION('ref_axis',(9.36111699917573E-59,1.,1.49352366668668E-59));
#11708=DIRECTION('center_axis',(0.,-1.49352366668668E-59,-1.));
#11709=DIRECTION('ref_axis',(8.65810821267637E-59,1.,1.49352366668668E-59));
#11710=DIRECTION('',(8.65956056235493E-17,-0.707106781186547,-0.707106781186548));
#11711=DIRECTION('center_axis',(0.,-1.49352366668668E-59,-1.));
#11712=DIRECTION('ref_axis',(8.65810821267637E-59,1.,1.49352366668668E-59));
#11713=DIRECTION('',(0.,1.49352366668668E-59,1.));
#11714=DIRECTION('center_axis',(0.,-1.49352366668668E-59,-1.));
#11715=DIRECTION('ref_axis',(8.65810821267637E-59,1.,1.49352366668668E-59));
#11716=DIRECTION('center_axis',(0.,1.49352366668668E-59,1.));
#11717=DIRECTION('ref_axis',(8.6924657849489E-59,1.,1.49352366668668E-59));
#11718=DIRECTION('center_axis',(0.,1.49352366668668E-59,1.));
#11719=DIRECTION('ref_axis',(9.19091487191799E-59,1.,1.49352366668668E-59));
#11720=DIRECTION('',(8.65956056235493E-17,0.707106781186547,-0.707106781186548));
#11721=DIRECTION('center_axis',(0.,-1.49352366668668E-59,-1.));
#11722=DIRECTION('ref_axis',(8.97746466314394E-59,1.,1.49352366668668E-59));
#11723=DIRECTION('center_axis',(0.,1.49352366668668E-59,1.));
#11724=DIRECTION('ref_axis',(-1.,9.95682444457783E-59,0.));
#11725=DIRECTION('center_axis',(0.,1.49352366668668E-59,1.));
#11726=DIRECTION('ref_axis',(9.21928189312762E-59,1.,1.49352366668668E-59));
#11727=DIRECTION('center_axis',(0.,-1.49352366668668E-59,-1.));
#11728=DIRECTION('ref_axis',(9.19091487191799E-59,1.,1.49352366668668E-59));
#11729=DIRECTION('center_axis',(0.,1.49352366668668E-59,1.));
#11730=DIRECTION('ref_axis',(9.19091487191799E-59,1.,1.49352366668668E-59));
#11731=DIRECTION('',(0.,-1.49352366668668E-59,-1.));
#11732=DIRECTION('center_axis',(0.,-1.49352366668668E-59,-1.));
#11733=DIRECTION('ref_axis',(8.61648269242312E-59,1.,1.49352366668668E-59));
#11734=DIRECTION('',(8.65956056235493E-17,-0.707106781186547,-0.707106781186548));
#11735=DIRECTION('center_axis',(0.,1.49352366668668E-59,1.));
#11736=DIRECTION('ref_axis',(-1.,9.95682444457783E-59,0.));
#11737=DIRECTION('axis',(0.,0.,1.));
#11738=DIRECTION('refdir',(1.,0.,0.));
#11739=DIRECTION('center_axis',(0.,0.,1.));
#11740=DIRECTION('ref_axis',(0.390002860118384,-0.920813645152742,0.));
#11741=DIRECTION('center_axis',(0.,0.,1.));
#11742=DIRECTION('ref_axis',(1.,0.,0.));
#11743=DIRECTION('',(0.356711909215196,-0.610537970829008,0.707106781186581));
#11744=DIRECTION('center_axis',(0.,0.,-1.));
#11745=DIRECTION('ref_axis',(0.390002860118384,-0.920813645152742,0.));
#11746=DIRECTION('',(0.4199439111595,0.568899913411952,0.707106781186502));
#11747=DIRECTION('center_axis',(0.,0.,-1.));
#11748=DIRECTION('ref_axis',(-0.769619717582858,0.638502537432454,0.));
#11749=DIRECTION('',(0.665901146081407,-0.237856392908445,0.707106781186584));
#11750=DIRECTION('center_axis',(0.,0.,-1.));
#11751=DIRECTION('ref_axis',(-0.769619717582858,0.638502537432454,0.));
#11752=DIRECTION('center_axis',(0.,0.,-1.));
#11753=DIRECTION('ref_axis',(-1.,0.,0.));
#11754=DIRECTION('center_axis',(0.,0.,-1.));
#11755=DIRECTION('ref_axis',(1.,0.,0.));
#11756=DIRECTION('',(0.,0.707106781186571,0.707106781186524));
#11757=DIRECTION('center_axis',(0.,0.,1.));
#11758=DIRECTION('ref_axis',(1.,0.,0.));
#11759=DIRECTION('center_axis',(0.,0.,-1.));
#11760=DIRECTION('ref_axis',(-0.116362284709915,0.993206835808679,0.));
#11761=DIRECTION('center_axis',(0.,0.,-1.));
#11762=DIRECTION('ref_axis',(-0.966485126926498,0.256722611839845,0.));
#11763=DIRECTION('center_axis',(0.,0.,1.));
#11764=DIRECTION('ref_axis',(-0.116362284709915,0.993206835808679,0.));
#11765=DIRECTION('',(0.0822805605928157,-0.702303288721099,0.70710678118659));
#11766=DIRECTION('center_axis',(0.,0.,1.));
#11767=DIRECTION('ref_axis',(-0.116362284709947,0.993206835808675,0.));
#11768=DIRECTION('center_axis',(0.,0.,1.));
#11769=DIRECTION('ref_axis',(1.,0.,0.));
#11770=DIRECTION('center_axis',(0.,0.,-1.));
#11771=DIRECTION('ref_axis',(0.116362284709947,-0.993206835808676,0.));
#11772=DIRECTION('',(-0.259531499908032,0.657756338286072,0.707106781186537));
#11773=DIRECTION('center_axis',(0.,0.,-1.));
#11774=DIRECTION('ref_axis',(-0.562568677126182,-0.826750557010092,0.));
#11775=DIRECTION('center_axis',(0.,0.,-1.));
#11776=DIRECTION('ref_axis',(-0.562568677126183,-0.826750557010092,0.));
#11777=DIRECTION('',(0.707106781186583,5.45170992598554E-17,0.707106781186512));
#11778=DIRECTION('center_axis',(0.,0.,-1.));
#11779=DIRECTION('ref_axis',(-0.70710678118654,0.707106781186555,0.));
#11780=DIRECTION('',(0.707106781186602,0.,0.707106781186493));
#11781=DIRECTION('center_axis',(0.,0.,-1.));
#11782=DIRECTION('ref_axis',(-0.70710678118654,0.707106781186555,0.));
#11783=DIRECTION('',(0.,-0.70710678118654,0.707106781186555));
#11784=DIRECTION('center_axis',(-0.707106781186555,0.,0.70710678118654));
#11785=DIRECTION('ref_axis',(0.70710678118654,0.,0.707106781186555));
#11786=DIRECTION('',(1.72143618294838E-15,1.,1.72143618294842E-15));
#11787=DIRECTION('',(0.,-1.,0.));
#11788=DIRECTION('center_axis',(2.61682076447291E-16,0.707106781186555,
0.70710678118654));
#11789=DIRECTION('ref_axis',(1.,0.,-3.70074341541717E-16));
#11790=DIRECTION('',(1.,0.,-3.70074341541717E-16));
#11791=DIRECTION('',(-1.,3.70074341541708E-16,0.));
#11792=DIRECTION('',(0.,-0.707106781186571,0.707106781186524));
#11793=DIRECTION('center_axis',(0.,0.,1.));
#11794=DIRECTION('ref_axis',(0.,-1.,0.));
#11795=DIRECTION('center_axis',(0.,0.,1.));
#11796=DIRECTION('ref_axis',(0.,-1.,0.));
#11797=DIRECTION('center_axis',(0.,0.,-1.));
#11798=DIRECTION('ref_axis',(0.,-1.,0.));
#11799=DIRECTION('',(0.424264068711926,-0.565685424949277,0.707106781186518));
#11800=DIRECTION('center_axis',(0.,0.,-1.));
#11801=DIRECTION('ref_axis',(1.,-4.44089209850033E-14,0.));
#11802=DIRECTION('center_axis',(0.,0.,-1.));
#11803=DIRECTION('ref_axis',(0.447213595499928,0.894427190999931,0.));
#11804=DIRECTION('center_axis',(0.,0.,1.));
#11805=DIRECTION('ref_axis',(1.,-4.44089209850033E-14,0.));
#11806=DIRECTION('',(-0.70710678118654,0.,0.707106781186555));
#11807=DIRECTION('center_axis',(0.,0.,-1.));
#11808=DIRECTION('ref_axis',(0.923879532511298,-0.382683432365062,0.));
#11809=DIRECTION('',(-0.707106781186414,0.,0.707106781186681));
#11810=DIRECTION('center_axis',(0.,0.,-1.));
#11811=DIRECTION('ref_axis',(0.923879532511298,-0.382683432365062,0.));
#11812=DIRECTION('',(-0.500000000000056,0.49999999999993,0.707106781186557));
#11813=DIRECTION('center_axis',(0.707106781186555,0.,0.70710678118654));
#11814=DIRECTION('ref_axis',(0.70710678118654,0.,-0.707106781186555));
#11815=DIRECTION('',(0.,-1.,0.));
#11816=DIRECTION('',(0.,1.,0.));
#11817=DIRECTION('center_axis',(0.500000000000021,-0.499999999999962,0.70710678118656));
#11818=DIRECTION('ref_axis',(0.816496580927719,0.,-0.577350269189635));
#11819=DIRECTION('center_axis',(-0.500000000000021,0.499999999999962,-0.70710678118656));
#11820=DIRECTION('ref_axis',(0.500000000000038,-0.499999999999979,-0.707106781186535));
#11821=DIRECTION('',(0.707106781186506,0.707106781186589,0.));
#11822=DIRECTION('',(-0.50000000000004,0.499999999999977,0.707106781186535));
#11823=DIRECTION('',(-0.707106781186506,-0.707106781186589,-3.1401849173675E-16));
#11824=DIRECTION('center_axis',(0.,0.,-1.));
#11825=DIRECTION('ref_axis',(3.55271367880013E-14,-1.,0.));
#11826=DIRECTION('center_axis',(0.,0.,-1.));
#11827=DIRECTION('ref_axis',(0.382683432365114,-0.923879532511277,0.));
#11828=DIRECTION('center_axis',(0.,0.,1.));
#11829=DIRECTION('ref_axis',(3.55271367880013E-14,-1.,0.));
#11830=DIRECTION('',(0.,0.70710678118654,0.707106781186555));
#11831=DIRECTION('center_axis',(-1.01081026878415E-14,-0.707106781186555,
0.70710678118654));
#11832=DIRECTION('ref_axis',(1.,0.,1.42950159110056E-14));
#11833=DIRECTION('',(-1.,0.,-1.42950159110056E-14));
#11834=DIRECTION('',(1.,-1.42950159110053E-14,0.));
#11835=DIRECTION('center_axis',(0.,0.,1.));
#11836=DIRECTION('ref_axis',(1.,0.,0.));
#11837=DIRECTION('center_axis',(0.,0.,-1.));
#11838=DIRECTION('ref_axis',(1.,0.,0.));
#11839=DIRECTION('',(-0.70710678118654,8.65956056235484E-17,0.707106781186555));
#11840=DIRECTION('center_axis',(0.,0.,1.));
#11841=DIRECTION('ref_axis',(1.,0.,0.));
#11842=DIRECTION('center_axis',(0.,0.,1.));
#11843=DIRECTION('ref_axis',(1.,0.,0.));
#11844=DIRECTION('center_axis',(0.,0.,1.));
#11845=DIRECTION('ref_axis',(0.,-1.,0.));
#11846=DIRECTION('center_axis',(0.,0.,-1.));
#11847=DIRECTION('ref_axis',(0.447213595499928,0.894427190999931,0.));
#11848=DIRECTION('',(0.,1.,0.));
#11849=DIRECTION('center_axis',(0.,0.,1.));
#11850=DIRECTION('ref_axis',(0.707106781186548,0.707106781186548,0.));
#11851=DIRECTION('center_axis',(0.,0.,-1.));
#11852=DIRECTION('ref_axis',(-0.632455532033704,-0.77459666924146,0.));
#11853=DIRECTION('',(-1.,0.,0.));
#11854=DIRECTION('center_axis',(0.,0.,-1.));
#11855=DIRECTION('ref_axis',(0.707106781186543,-0.707106781186552,0.));
#11856=DIRECTION('',(0.,-1.,0.));
#11857=DIRECTION('center_axis',(0.,0.,-1.));
#11858=DIRECTION('ref_axis',(0.923879532511287,0.382683432365089,0.));
#11859=DIRECTION('',(0.707106781186547,-0.707106781186548,0.));
#11860=DIRECTION('center_axis',(0.,0.,-1.));
#11861=DIRECTION('ref_axis',(0.382683432365095,0.923879532511285,0.));
#11862=DIRECTION('',(1.,-2.80810520837905E-16,0.));
#11863=DIRECTION('center_axis',(0.,0.,-1.));
#11864=DIRECTION('ref_axis',(-0.70710678118654,0.707106781186555,0.));
#11865=DIRECTION('',(0.,1.,0.));
#11866=DIRECTION('center_axis',(0.,0.,1.));
#11867=DIRECTION('ref_axis',(1.,0.,0.));
#11868=DIRECTION('center_axis',(0.,0.,1.));
#11869=DIRECTION('ref_axis',(1.,0.,0.));
#11870=DIRECTION('',(0.,0.,-1.));
#11871=DIRECTION('center_axis',(0.,0.,1.));
#11872=DIRECTION('ref_axis',(1.,0.,0.));
#11873=DIRECTION('center_axis',(0.,0.,1.));
#11874=DIRECTION('ref_axis',(1.,0.,0.));
#11875=DIRECTION('center_axis',(0.,0.,-1.));
#11876=DIRECTION('ref_axis',(1.,0.,0.));
#11877=DIRECTION('',(-0.70710678118654,8.65956056235484E-17,0.707106781186555));
#11878=DIRECTION('center_axis',(0.,0.,1.));
#11879=DIRECTION('ref_axis',(1.,0.,0.));
#11880=DIRECTION('',(0.,0.,-1.));
#11881=DIRECTION('center_axis',(0.,0.,1.));
#11882=DIRECTION('ref_axis',(1.,0.,0.));
#11883=DIRECTION('center_axis',(0.,0.,1.));
#11884=DIRECTION('ref_axis',(0.707106781186547,0.707106781186547,0.));
#11885=DIRECTION('center_axis',(0.,0.,-1.));
#11886=DIRECTION('ref_axis',(0.707106781186548,0.707106781186548,0.));
#11887=DIRECTION('',(0.692820323027576,0.14142135623732,0.707106781186521));
#11888=DIRECTION('center_axis',(0.,0.,-1.));
#11889=DIRECTION('ref_axis',(-0.632455532033704,-0.77459666924146,0.));
#11890=DIRECTION('center_axis',(0.,0.,1.));
#11891=DIRECTION('ref_axis',(-0.632455532033704,-0.77459666924146,0.));
#11892=DIRECTION('',(0.,0.70710678118654,0.707106781186555));
#11893=DIRECTION('center_axis',(0.,-0.707106781186555,0.70710678118654));
#11894=DIRECTION('ref_axis',(1.,0.,0.));
#11895=DIRECTION('',(1.,0.,0.));
#11896=DIRECTION('',(0.,0.70710678118654,0.707106781186555));
#11897=DIRECTION('center_axis',(0.,0.,-1.));
#11898=DIRECTION('ref_axis',(0.707106781186543,-0.707106781186552,0.));
#11899=DIRECTION('center_axis',(0.,0.,1.));
#11900=DIRECTION('ref_axis',(0.707106781186543,-0.707106781186552,0.));
#11901=DIRECTION('',(-0.70710678118654,0.,0.707106781186555));
#11902=DIRECTION('center_axis',(0.707106781186555,0.,0.70710678118654));
#11903=DIRECTION('ref_axis',(0.70710678118654,0.,-0.707106781186555));
#11904=DIRECTION('',(0.,1.,0.));
#11905=DIRECTION('',(-0.70710678118654,0.,0.707106781186555));
#11906=DIRECTION('center_axis',(0.,0.,-1.));
#11907=DIRECTION('ref_axis',(0.923879532511287,0.382683432365089,0.));
#11908=DIRECTION('center_axis',(0.,0.,1.));
#11909=DIRECTION('ref_axis',(0.923879532511287,0.382683432365089,0.));
#11910=DIRECTION('',(-0.499999999999989,-0.500000000000005,0.707106781186552));
#11911=DIRECTION('center_axis',(0.500000000000003,0.500000000000003,0.707106781186543));
#11912=DIRECTION('ref_axis',(0.816496580927722,0.,-0.577350269189631));
#11913=DIRECTION('',(-0.707106781186547,0.707106781186548,0.));
#11914=DIRECTION('',(-0.499999999999987,-0.500000000000011,0.707106781186549));
#11915=DIRECTION('center_axis',(0.,0.,-1.));
#11916=DIRECTION('ref_axis',(0.382683432365095,0.923879532511285,0.));
#11917=DIRECTION('center_axis',(0.,0.,1.));
#11918=DIRECTION('ref_axis',(0.382683432365095,0.923879532511285,0.));
#11919=DIRECTION('',(0.,-0.707106781186548,0.707106781186548));
#11920=DIRECTION('center_axis',(1.9856302351301E-16,0.707106781186551,0.707106781186544));
#11921=DIRECTION('ref_axis',(1.,0.,-2.80810520837908E-16));
#11922=DIRECTION('',(-1.,2.80810520837905E-16,0.));
#11923=DIRECTION('',(0.,-0.707106781186544,0.707106781186551));
#11924=DIRECTION('center_axis',(0.,0.,-1.));
#11925=DIRECTION('ref_axis',(-0.70710678118654,0.707106781186555,0.));
#11926=DIRECTION('center_axis',(0.,0.,1.));
#11927=DIRECTION('ref_axis',(-0.70710678118654,0.707106781186555,0.));
#11928=DIRECTION('',(0.70710678118654,0.,0.707106781186555));
#11929=DIRECTION('center_axis',(-0.707106781186555,0.,0.70710678118654));
#11930=DIRECTION('ref_axis',(0.70710678118654,0.,0.707106781186555));
#11931=DIRECTION('',(0.,-1.,0.));
#11932=DIRECTION('',(0.70710678118654,0.,0.707106781186555));
#11933=DIRECTION('center_axis',(0.,0.,1.));
#11934=DIRECTION('ref_axis',(0.,-1.,0.));
#11935=DIRECTION('center_axis',(0.,0.,-1.));
#11936=DIRECTION('ref_axis',(0.,-1.,0.));
#11937=DIRECTION('center_axis',(0.,0.,-1.));
#11938=DIRECTION('ref_axis',(0.,-1.,0.));
#11939=DIRECTION('',(0.,0.,1.));
#11940=DIRECTION('',(0.,0.,-1.));
#11941=DIRECTION('center_axis',(0.,0.,-1.));
#11942=DIRECTION('ref_axis',(0.,-1.,0.));
#11943=DIRECTION('',(0.,0.,-1.));
#11944=DIRECTION('center_axis',(1.,0.,0.));
#11945=DIRECTION('ref_axis',(0.,-1.,0.));
#11946=DIRECTION('',(0.,0.,1.));
#11947=DIRECTION('',(0.,-1.,0.));
#11948=DIRECTION('center_axis',(0.,0.,1.));
#11949=DIRECTION('ref_axis',(-0.70710678118654,0.707106781186555,0.));
#11950=DIRECTION('',(0.,0.,-1.));
#11951=DIRECTION('center_axis',(1.98563023513005E-16,0.707106781186532,
0.707106781186563));
#11952=DIRECTION('ref_axis',(2.45326946669345E-16,0.707106781186563,-0.707106781186532));
#11953=DIRECTION('center_axis',(0.,0.,-1.));
#11954=DIRECTION('ref_axis',(-0.70710678118654,0.707106781186555,0.));
#11955=DIRECTION('center_axis',(2.80810520837905E-16,1.,0.));
#11956=DIRECTION('ref_axis',(-1.,2.80810520837905E-16,0.));
#11957=DIRECTION('',(0.,0.,1.));
#11958=DIRECTION('',(-0.816496580927761,2.29280830152693E-16,-0.577350269189576));
#11959=DIRECTION('',(-1.,2.80810520837905E-16,1.82032648022456E-16));
#11960=DIRECTION('',(0.,0.,-1.));
#11961=DIRECTION('',(-1.,2.80810520837905E-16,0.));
#11962=DIRECTION('center_axis',(0.,0.,1.));
#11963=DIRECTION('ref_axis',(0.382683432365095,0.923879532511285,0.));
#11964=DIRECTION('',(0.,0.,-1.));
#11965=DIRECTION('center_axis',(-0.499999999999968,-0.499999999999967,0.707106781186593));
#11966=DIRECTION('ref_axis',(0.500000000000033,0.500000000000032,0.707106781186502));
#11967=DIRECTION('center_axis',(0.707106781186548,0.707106781186547,0.));
#11968=DIRECTION('ref_axis',(-0.707106781186547,0.707106781186548,0.));
#11969=DIRECTION('',(0.,0.,1.));
#11970=DIRECTION('',(-0.707106781186547,0.707106781186548,-3.14018491736735E-16));
#11971=DIRECTION('center_axis',(0.,0.,1.));
#11972=DIRECTION('ref_axis',(0.923879532511287,0.382683432365089,0.));
#11973=DIRECTION('',(0.,0.,-1.));
#11974=DIRECTION('center_axis',(-0.499999999999968,-0.499999999999967,0.707106781186593));
#11975=DIRECTION('ref_axis',(0.500000000000033,0.500000000000032,0.707106781186502));
#11976=DIRECTION('center_axis',(1.,0.,0.));
#11977=DIRECTION('ref_axis',(0.,1.,0.));
#11978=DIRECTION('',(0.,0.,1.));
#11979=DIRECTION('',(0.,1.,0.));
#11980=DIRECTION('',(0.,0.816496580927761,0.577350269189576));
#11981=DIRECTION('center_axis',(0.,0.,1.));
#11982=DIRECTION('ref_axis',(0.707106781186543,-0.707106781186552,0.));
#11983=DIRECTION('',(0.,0.,-1.));
#11984=DIRECTION('center_axis',(0.,-1.,0.));
#11985=DIRECTION('ref_axis',(1.,0.,0.));
#11986=DIRECTION('',(0.,0.,1.));
#11987=DIRECTION('',(1.,0.,0.));
#11988=DIRECTION('center_axis',(0.,0.,1.));
#11989=DIRECTION('ref_axis',(-0.632455532033704,-0.77459666924146,0.));
#11990=DIRECTION('',(0.,0.,-1.));
#11991=DIRECTION('center_axis',(0.,0.,1.));
#11992=DIRECTION('ref_axis',(-0.632455532033704,-0.77459666924146,0.));
#11993=DIRECTION('center_axis',(0.,0.,1.));
#11994=DIRECTION('ref_axis',(0.707106781186548,0.707106781186548,0.));
#11995=DIRECTION('',(0.,0.,-1.));
#11996=DIRECTION('center_axis',(0.,0.,-1.));
#11997=DIRECTION('ref_axis',(0.707106781186548,0.707106781186548,0.));
#11998=DIRECTION('center_axis',(0.,0.,1.));
#11999=DIRECTION('ref_axis',(1.,0.,0.));
#12000=DIRECTION('center_axis',(0.,0.,-1.));
#12001=DIRECTION('ref_axis',(1.,0.,0.));
#12002=DIRECTION('',(-0.70710678118654,8.65956056235484E-17,0.707106781186555));
#12003=DIRECTION('center_axis',(0.,0.,1.));
#12004=DIRECTION('ref_axis',(1.,0.,0.));
#12005=DIRECTION('center_axis',(0.,0.,-1.));
#12006=DIRECTION('ref_axis',(1.,0.,0.));
#12007=DIRECTION('center_axis',(0.,0.,-1.));
#12008=DIRECTION('ref_axis',(1.,0.,0.));
#12009=DIRECTION('center_axis',(0.,0.,-1.));
#12010=DIRECTION('ref_axis',(1.,0.,0.));
#12011=DIRECTION('',(0.,0.,-1.));
#12012=DIRECTION('center_axis',(0.,0.,-1.));
#12013=DIRECTION('ref_axis',(1.,0.,0.));
#12014=DIRECTION('center_axis',(0.,0.,-1.));
#12015=DIRECTION('ref_axis',(1.,0.,0.));
#12016=DIRECTION('center_axis',(0.,0.,1.));
#12017=DIRECTION('ref_axis',(-1.,0.,0.));
#12018=DIRECTION('center_axis',(0.,0.,1.));
#12019=DIRECTION('ref_axis',(-1.,0.,0.));
#12020=DIRECTION('',(-0.70710678118654,-8.65956056235484E-17,-0.707106781186555));
#12021=DIRECTION('center_axis',(0.,0.,-1.));
#12022=DIRECTION('ref_axis',(-1.,0.,0.));
#12023=DIRECTION('center_axis',(0.,0.,-1.));
#12024=DIRECTION('ref_axis',(-1.,0.,0.));
#12025=DIRECTION('center_axis',(0.,0.,1.));
#12026=DIRECTION('ref_axis',(1.,0.,0.));
#12027=DIRECTION('center_axis',(0.,0.,-1.));
#12028=DIRECTION('ref_axis',(1.,0.,0.));
#12029=DIRECTION('',(0.,0.,-1.));
#12030=DIRECTION('center_axis',(0.,0.,1.));
#12031=DIRECTION('ref_axis',(-1.,0.,0.));
#12032=DIRECTION('center_axis',(0.,0.,1.));
#12033=DIRECTION('ref_axis',(-1.,0.,0.));
#12034=DIRECTION('',(-0.70710678118654,-8.65956056235484E-17,-0.707106781186555));
#12035=DIRECTION('center_axis',(0.,0.,-1.));
#12036=DIRECTION('ref_axis',(-1.,0.,0.));
#12037=DIRECTION('center_axis',(0.,0.,-1.));
#12038=DIRECTION('ref_axis',(-1.,0.,0.));
#12039=DIRECTION('center_axis',(0.,0.,1.));
#12040=DIRECTION('ref_axis',(1.,0.,0.));
#12041=DIRECTION('',(1.,-2.80810520837905E-16,0.));
#12042=DIRECTION('center_axis',(0.,0.,-1.));
#12043=DIRECTION('ref_axis',(-0.382683432365083,0.92387953251129,0.));
#12044=DIRECTION('',(0.707106781186549,0.707106781186546,0.));
#12045=DIRECTION('center_axis',(0.,0.,1.));
#12046=DIRECTION('ref_axis',(0.382683432365084,-0.923879532511289,0.));
#12047=DIRECTION('',(1.,-9.64586774311318E-15,0.));
#12048=DIRECTION('center_axis',(0.,0.,-1.));
#12049=DIRECTION('ref_axis',(-0.382683432365085,0.923879532511289,0.));
#12050=DIRECTION('',(0.707106781186548,0.707106781186547,0.));
#12051=DIRECTION('center_axis',(0.,0.,-1.));
#12052=DIRECTION('ref_axis',(-0.923879532511287,0.382683432365089,0.));
#12053=DIRECTION('',(-8.20151960874278E-16,1.,0.));
#12054=DIRECTION('center_axis',(0.,0.,1.));
#12055=DIRECTION('ref_axis',(0.923879532511285,-0.382683432365093,0.));
#12056=DIRECTION('',(0.707106781186548,0.707106781186547,0.));
#12057=DIRECTION('center_axis',(0.,0.,-1.));
#12058=DIRECTION('ref_axis',(-0.923879532511287,0.382683432365089,0.));
#12059=DIRECTION('',(-2.31366670906719E-15,1.,0.));
#12060=DIRECTION('center_axis',(0.,0.,-1.));
#12061=DIRECTION('ref_axis',(-0.923879532511287,-0.382683432365089,0.));
#12062=DIRECTION('',(-0.707106781186549,0.707106781186546,0.));
#12063=DIRECTION('center_axis',(0.,0.,-1.));
#12064=DIRECTION('ref_axis',(-0.382683432365089,-0.923879532511287,0.));
#12065=DIRECTION('',(-1.,0.,0.));
#12066=DIRECTION('center_axis',(0.,0.,1.));
#12067=DIRECTION('ref_axis',(1.,0.,0.));
#12068=DIRECTION('center_axis',(0.,0.,-1.));
#12069=DIRECTION('ref_axis',(-0.782916711110868,0.622126533322074,0.));
#12070=DIRECTION('center_axis',(0.,0.,-1.));
#12071=DIRECTION('ref_axis',(1.,0.,0.));
#12072=DIRECTION('center_axis',(0.,0.,-1.));
#12073=DIRECTION('ref_axis',(-0.966485126926498,0.256722611839845,0.));
#12074=DIRECTION('center_axis',(0.,0.,-1.));
#12075=DIRECTION('ref_axis',(1.,0.,0.));
#12076=DIRECTION('center_axis',(0.,0.,-1.));
#12077=DIRECTION('ref_axis',(-0.506142050496599,-0.862450128830125,0.));
#12078=DIRECTION('',(-1.72143618294838E-15,-1.,0.));
#12079=DIRECTION('center_axis',(0.,0.,-1.));
#12080=DIRECTION('ref_axis',(-0.70710678118654,0.707106781186555,0.));
#12081=DIRECTION('',(-1.,0.,0.));
#12082=DIRECTION('center_axis',(0.,0.,1.));
#12083=DIRECTION('ref_axis',(1.,0.,0.));
#12084=DIRECTION('center_axis',(0.,0.,-1.));
#12085=DIRECTION('ref_axis',(1.,0.,0.));
#12086=DIRECTION('',(0.,0.,-1.));
#12087=DIRECTION('center_axis',(0.,0.,-1.));
#12088=DIRECTION('ref_axis',(1.,0.,0.));
#12089=DIRECTION('center_axis',(0.,0.,1.));
#12090=DIRECTION('ref_axis',(1.,0.,0.));
#12091=DIRECTION('center_axis',(0.,0.,-1.));
#12092=DIRECTION('ref_axis',(1.,0.,0.));
#12093=DIRECTION('',(-0.70710678118654,8.65956056235484E-17,0.707106781186555));
#12094=DIRECTION('center_axis',(0.,0.,1.));
#12095=DIRECTION('ref_axis',(1.,0.,0.));
#12096=DIRECTION('center_axis',(0.,0.,-1.));
#12097=DIRECTION('ref_axis',(1.,0.,0.));
#12098=DIRECTION('',(0.,0.,-1.));
#12099=DIRECTION('center_axis',(0.,0.,1.));
#12100=DIRECTION('ref_axis',(1.,0.,0.));
#12101=DIRECTION('center_axis',(0.,0.,-1.));
#12102=DIRECTION('ref_axis',(1.,0.,0.));
#12103=DIRECTION('center_axis',(0.,-0.707106781186551,0.707106781186544));
#12104=DIRECTION('ref_axis',(1.,0.,0.));
#12105=DIRECTION('center_axis',(0.,-0.707106781186551,0.707106781186544));
#12106=DIRECTION('ref_axis',(0.,-0.707106781186544,-0.707106781186551));
#12107=DIRECTION('',(0.,-0.707106781186544,-0.707106781186551));
#12108=DIRECTION('',(1.,0.,0.));
#12109=DIRECTION('center_axis',(0.,0.,-1.));
#12110=DIRECTION('ref_axis',(-0.382683432365089,-0.923879532511287,0.));
#12111=DIRECTION('',(-0.499999999999969,-0.500000000000001,-0.707106781186569));
#12112=DIRECTION('center_axis',(0.,0.,1.));
#12113=DIRECTION('ref_axis',(-0.382683432365089,-0.923879532511287,0.));
#12114=DIRECTION('center_axis',(-0.500000000000003,-0.500000000000005,0.707106781186542));
#12115=DIRECTION('ref_axis',(0.816496580927722,0.,0.577350269189632));
#12116=DIRECTION('',(-0.499999999999996,-0.499999999999996,-0.707106781186554));
#12117=DIRECTION('',(0.707106781186549,-0.707106781186546,0.));
#12118=DIRECTION('center_axis',(0.,0.,-1.));
#12119=DIRECTION('ref_axis',(-0.923879532511287,-0.382683432365089,0.));
#12120=DIRECTION('',(-0.70710678118654,0.,-0.707106781186555));
#12121=DIRECTION('center_axis',(0.,0.,1.));
#12122=DIRECTION('ref_axis',(-0.923879532511287,-0.382683432365089,0.));
#12123=DIRECTION('center_axis',(-0.707106781186536,-1.63600941938694E-15,
0.707106781186559));
#12124=DIRECTION('ref_axis',(0.707106781186559,0.,0.707106781186536));
#12125=DIRECTION('',(-0.707106781186559,0.,-0.707106781186536));
#12126=DIRECTION('',(2.31366670906719E-15,-1.,0.));
#12127=DIRECTION('center_axis',(0.,0.,-1.));
#12128=DIRECTION('ref_axis',(-0.923879532511287,0.382683432365089,0.));
#12129=DIRECTION('',(-0.499999999999993,0.499999999999993,-0.707106781186557));
#12130=DIRECTION('center_axis',(0.,0.,1.));
#12131=DIRECTION('ref_axis',(-0.923879532511287,0.382683432365089,0.));
#12132=DIRECTION('center_axis',(-0.500000000000004,0.500000000000005,0.707106781186542));
#12133=DIRECTION('ref_axis',(0.816496580927722,0.,0.577350269189632));
#12134=DIRECTION('',(-0.499999999999996,0.499999999999996,-0.707106781186554));
#12135=DIRECTION('',(-0.707106781186548,-0.707106781186547,0.));
#12136=DIRECTION('center_axis',(0.,0.,1.));
#12137=DIRECTION('ref_axis',(0.923879532511285,-0.382683432365093,0.));
#12138=DIRECTION('',(-0.70710678118654,0.,-0.707106781186555));
#12139=DIRECTION('center_axis',(0.,0.,-1.));
#12140=DIRECTION('ref_axis',(0.923879532511286,-0.382683432365093,0.));
#12141=DIRECTION('center_axis',(-0.707106781186551,-5.7993501313765E-16,
0.707106781186544));
#12142=DIRECTION('ref_axis',(0.707106781186544,0.,0.707106781186551));
#12143=DIRECTION('',(-0.707106781186544,0.,-0.707106781186551));
#12144=DIRECTION('',(8.20151960874278E-16,-1.,0.));
#12145=DIRECTION('center_axis',(0.,0.,-1.));
#12146=DIRECTION('ref_axis',(-0.923879532511287,0.382683432365089,0.));
#12147=DIRECTION('',(-0.499999999999993,0.499999999999993,-0.707106781186557));
#12148=DIRECTION('center_axis',(0.,0.,1.));
#12149=DIRECTION('ref_axis',(-0.923879532511287,0.382683432365089,0.));
#12150=DIRECTION('center_axis',(-0.5,0.5,0.707106781186547));
#12151=DIRECTION('ref_axis',(0.816496580927726,0.,0.577350269189626));
#12152=DIRECTION('',(-0.499999999999992,0.500000000000008,-0.707106781186548));
#12153=DIRECTION('',(-0.707106781186548,-0.707106781186547,0.));
#12154=DIRECTION('center_axis',(0.,0.,-1.));
#12155=DIRECTION('ref_axis',(-0.382683432365085,0.923879532511289,0.));
#12156=DIRECTION('',(0.,0.707106781186548,-0.707106781186548));
#12157=DIRECTION('center_axis',(0.,0.,1.));
#12158=DIRECTION('ref_axis',(-0.382683432365085,0.923879532511289,0.));
#12159=DIRECTION('center_axis',(6.82065849158372E-15,0.707106781186528,
0.707106781186567));
#12160=DIRECTION('ref_axis',(1.,0.,-9.64586774311264E-15));
#12161=DIRECTION('',(0.,0.707106781186575,-0.70710678118652));
#12162=DIRECTION('',(-1.,9.64586774311318E-15,0.));
#12163=DIRECTION('center_axis',(0.,0.,1.));
#12164=DIRECTION('ref_axis',(0.382683432365084,-0.923879532511289,0.));
#12165=DIRECTION('',(-0.50000000000003,0.500000000000007,-0.707106781186521));
#12166=DIRECTION('center_axis',(0.,0.,-1.));
#12167=DIRECTION('ref_axis',(0.382683432365084,-0.923879532511289,0.));
#12168=DIRECTION('center_axis',(-0.500000000000003,0.500000000000005,0.707106781186542));
#12169=DIRECTION('ref_axis',(0.816496580927722,0.,0.577350269189632));
#12170=DIRECTION('',(-0.5,0.499999999999984,-0.707106781186559));
#12171=DIRECTION('',(-0.707106781186549,-0.707106781186546,0.));
#12172=DIRECTION('center_axis',(0.,0.,-1.));
#12173=DIRECTION('ref_axis',(-0.382683432365083,0.92387953251129,0.));
#12174=DIRECTION('',(0.,0.707106781186548,-0.707106781186548));
#12175=DIRECTION('center_axis',(0.,0.,1.));
#12176=DIRECTION('ref_axis',(-0.382683432365083,0.92387953251129,0.));
#12177=DIRECTION('center_axis',(1.98563023513005E-16,0.707106781186532,
0.707106781186563));
#12178=DIRECTION('ref_axis',(1.,0.,-2.80810520837893E-16));
#12179=DIRECTION('center_axis',(0.,0.,1.));
#12180=DIRECTION('ref_axis',(1.,0.,0.));
#12181=DIRECTION('center_axis',(0.,0.,-1.));
#12182=DIRECTION('ref_axis',(1.,0.,0.));
#12183=DIRECTION('',(-0.70710678118654,8.65956056235484E-17,0.707106781186555));
#12184=DIRECTION('center_axis',(0.,0.,1.));
#12185=DIRECTION('ref_axis',(1.,0.,0.));
#12186=DIRECTION('center_axis',(0.,0.,-1.));
#12187=DIRECTION('ref_axis',(1.,0.,0.));
#12188=DIRECTION('center_axis',(0.,0.,-1.));
#12189=DIRECTION('ref_axis',(1.,0.,0.));
#12190=DIRECTION('center_axis',(0.,0.,-1.));
#12191=DIRECTION('ref_axis',(1.,0.,0.));
#12192=DIRECTION('',(0.,0.,-1.));
#12193=DIRECTION('center_axis',(0.,0.,-1.));
#12194=DIRECTION('ref_axis',(1.,0.,0.));
#12195=DIRECTION('center_axis',(0.,0.,-1.));
#12196=DIRECTION('ref_axis',(1.,0.,0.));
#12197=DIRECTION('center_axis',(0.,0.,1.));
#12198=DIRECTION('ref_axis',(-1.,0.,0.));
#12199=DIRECTION('center_axis',(0.,0.,1.));
#12200=DIRECTION('ref_axis',(-1.,0.,0.));
#12201=DIRECTION('',(-0.70710678118654,-8.65956056235484E-17,-0.707106781186555));
#12202=DIRECTION('center_axis',(0.,0.,-1.));
#12203=DIRECTION('ref_axis',(-1.,0.,0.));
#12204=DIRECTION('center_axis',(0.,0.,-1.));
#12205=DIRECTION('ref_axis',(-1.,0.,0.));
#12206=DIRECTION('center_axis',(0.,0.,1.));
#12207=DIRECTION('ref_axis',(1.,0.,0.));
#12208=DIRECTION('center_axis',(0.,0.,-1.));
#12209=DIRECTION('ref_axis',(1.,0.,0.));
#12210=DIRECTION('center_axis',(0.,0.,-1.));
#12211=DIRECTION('ref_axis',(1.,0.,0.));
#12212=DIRECTION('',(0.,0.,-1.));
#12213=DIRECTION('center_axis',(0.,0.,-1.));
#12214=DIRECTION('ref_axis',(1.,0.,0.));
#12215=DIRECTION('center_axis',(0.,0.,1.));
#12216=DIRECTION('ref_axis',(1.,0.,0.));
#12217=DIRECTION('',(0.70710678118654,-8.65956056235484E-17,0.707106781186555));
#12218=DIRECTION('center_axis',(0.,0.,-1.));
#12219=DIRECTION('ref_axis',(1.,0.,0.));
#12220=DIRECTION('',(0.,0.,-1.));
#12221=DIRECTION('center_axis',(0.,0.,-1.));
#12222=DIRECTION('ref_axis',(-0.966485126926498,0.256722611839845,0.));
#12223=DIRECTION('',(0.,0.,-1.));
#12224=DIRECTION('',(0.,0.,1.));
#12225=DIRECTION('center_axis',(0.,0.,-1.));
#12226=DIRECTION('ref_axis',(1.,0.,0.));
#12227=DIRECTION('',(0.,0.,1.));
#12228=DIRECTION('center_axis',(0.,0.,-1.));
#12229=DIRECTION('ref_axis',(-0.506142050496599,-0.862450128830125,0.));
#12230=DIRECTION('',(0.,0.,-1.));
#12231=DIRECTION('center_axis',(1.,-1.72143618294838E-15,0.));
#12232=DIRECTION('ref_axis',(-1.72143618294838E-15,-1.,0.));
#12233=DIRECTION('',(0.,0.,1.));
#12234=DIRECTION('center_axis',(0.,0.,-1.));
#12235=DIRECTION('ref_axis',(-0.70710678118654,0.707106781186555,0.));
#12236=DIRECTION('',(0.,0.,-1.));
#12237=DIRECTION('center_axis',(0.,-1.,0.));
#12238=DIRECTION('ref_axis',(-1.,0.,0.));
#12239=DIRECTION('center_axis',(0.,0.,-1.));
#12240=DIRECTION('ref_axis',(0.447213595499928,0.894427190999931,0.));
#12241=DIRECTION('',(0.,0.,-1.));
#12242=DIRECTION('center_axis',(0.,0.,-1.));
#12243=DIRECTION('ref_axis',(0.707106781186546,-0.707106781186549,0.));
#12244=DIRECTION('center_axis',(0.,0.,-1.));
#12245=DIRECTION('ref_axis',(0.382683432365084,-0.923879532511289,0.));
#12246=DIRECTION('',(0.499999999999954,-0.499999999999985,-0.707106781186591));
#12247=DIRECTION('center_axis',(0.,0.,1.));
#12248=DIRECTION('ref_axis',(0.707106781186546,-0.707106781186549,0.));
#12249=DIRECTION('',(0.,-0.707106781186571,-0.707106781186524));
#12250=DIRECTION('center_axis',(5.14677877866461E-15,0.70710678118654,-0.707106781186555));
#12251=DIRECTION('ref_axis',(-1.,0.,-7.27864435132144E-15));
#12252=DIRECTION('',(-1.,9.64586774311318E-15,2.36722339179153E-15));
#12253=DIRECTION('',(1.,-7.2786443513216E-15,0.));
#12254=DIRECTION('',(0.,-0.707106781186555,-0.70710678118654));
#12255=DIRECTION('center_axis',(0.,0.,1.));
#12256=DIRECTION('ref_axis',(-0.707106781186525,0.70710678118657,0.));
#12257=DIRECTION('center_axis',(0.,0.,1.));
#12258=DIRECTION('ref_axis',(-0.382683432365085,0.923879532511289,0.));
#12259=DIRECTION('center_axis',(0.,0.,-1.));
#12260=DIRECTION('ref_axis',(-0.707106781186525,0.70710678118657,0.));
#12261=DIRECTION('',(0.499999999999993,-0.499999999999993,-0.707106781186557));
#12262=DIRECTION('center_axis',(-0.500000000000007,0.500000000000007,-0.707106781186538));
#12263=DIRECTION('ref_axis',(-0.816496580927718,0.,0.577350269189637));
#12264=DIRECTION('',(-0.707106781186548,-0.707106781186547,4.71027737605139E-16));
#12265=DIRECTION('',(0.707106781186547,0.707106781186548,0.));
#12266=DIRECTION('',(0.499999999999977,-0.50000000000004,-0.707106781186535));
#12267=DIRECTION('center_axis',(0.,0.,1.));
#12268=DIRECTION('ref_axis',(-1.,-8.88178419700144E-15,0.));
#12269=DIRECTION('center_axis',(0.,0.,1.));
#12270=DIRECTION('ref_axis',(-0.923879532511287,0.382683432365089,0.));
#12271=DIRECTION('center_axis',(0.,0.,-1.));
#12272=DIRECTION('ref_axis',(-1.,-8.88178419700144E-15,0.));
#12273=DIRECTION('',(0.707106781186508,0.,-0.707106781186587));
#12274=DIRECTION('center_axis',(-0.707106781186587,-6.34543802730214E-16,
-0.707106781186508));
#12275=DIRECTION('ref_axis',(-0.707106781186508,0.,0.707106781186587));
#12276=DIRECTION('',(8.20151960874279E-16,-1.,7.72284908665472E-17));
#12277=DIRECTION('',(-8.97380451740817E-16,1.,0.));
#12278=DIRECTION('',(0.707106781186571,0.,-0.707106781186524));
#12279=DIRECTION('center_axis',(0.,0.,-1.));
#12280=DIRECTION('ref_axis',(1.,0.,0.));
#12281=DIRECTION('center_axis',(0.,0.,-1.));
#12282=DIRECTION('ref_axis',(0.923879532511286,-0.382683432365093,0.));
#12283=DIRECTION('center_axis',(0.,0.,1.));
#12284=DIRECTION('ref_axis',(1.,0.,0.));
#12285=DIRECTION('',(0.499999999999993,-0.499999999999993,-0.707106781186557));
#12286=DIRECTION('center_axis',(-0.500000000000006,0.500000000000008,-0.707106781186538));
#12287=DIRECTION('ref_axis',(-0.816496580927719,0.,0.577350269189636));
#12288=DIRECTION('',(-0.707106781186548,-0.707106781186547,-9.42055475210278E-16));
#12289=DIRECTION('',(0.707106781186549,0.707106781186546,0.));
#12290=DIRECTION('',(0.500000000000009,-0.499999999999946,-0.70710678118658));
#12291=DIRECTION('center_axis',(0.,0.,1.));
#12292=DIRECTION('ref_axis',(-1.,7.10542735760002E-14,0.));
#12293=DIRECTION('center_axis',(0.,0.,1.));
#12294=DIRECTION('ref_axis',(-0.923879532511287,0.382683432365089,0.));
#12295=DIRECTION('center_axis',(0.,0.,-1.));
#12296=DIRECTION('ref_axis',(-1.,7.10542735760002E-14,0.));
#12297=DIRECTION('',(0.707106781186508,0.,-0.707106781186587));
#12298=DIRECTION('center_axis',(-0.500000000000007,-0.500000000000007,-0.707106781186538));
#12299=DIRECTION('ref_axis',(-0.816496580927718,0.,0.577350269189637));
#12300=DIRECTION('',(1.88910095735965E-15,-0.816496580927719,0.577350269189635));
#12301=DIRECTION('',(0.499999999999993,0.499999999999993,-0.707106781186557));
#12302=DIRECTION('',(-0.707106781186547,0.707106781186548,0.));
#12303=DIRECTION('',(0.500000000000056,0.500000000000056,-0.707106781186469));
#12304=DIRECTION('',(0.816496580927718,0.,-0.577350269189637));
#12305=DIRECTION('center_axis',(0.500000000000007,0.500000000000007,0.707106781186538));
#12306=DIRECTION('ref_axis',(-0.499999999999993,-0.499999999999993,0.707106781186557));
#12307=DIRECTION('',(0.707106781186549,-0.707106781186546,-2.11962481922313E-15));
#12308=DIRECTION('center_axis',(0.500000000000007,0.500000000000007,0.707106781186538));
#12309=DIRECTION('ref_axis',(-0.499999999999993,-0.499999999999993,0.707106781186558));
#12310=DIRECTION('center_axis',(0.,0.,1.));
#12311=DIRECTION('ref_axis',(-0.923879532511287,-0.382683432365089,0.));
#12312=DIRECTION('',(-0.707106781186477,0.,0.707106781186618));
#12313=DIRECTION('center_axis',(0.,0.,1.));
#12314=DIRECTION('ref_axis',(-0.923879532511287,-0.382683432365089,0.));
#12315=DIRECTION('center_axis',(-0.707106781186618,-1.78006208850988E-15,
-0.707106781186477));
#12316=DIRECTION('ref_axis',(-0.707106781186477,0.,0.707106781186618));
#12317=DIRECTION('',(2.31366670906719E-15,-1.,2.03721238369456E-16));
#12318=DIRECTION('',(-2.5173879474366E-15,1.,0.));
#12319=DIRECTION('center_axis',(5.06114510439601E-16,-0.707106781186587,
-0.707106781186508));
#12320=DIRECTION('ref_axis',(-1.,0.,-7.15754004777543E-16));
#12321=DIRECTION('',(1.,0.,7.15754004777543E-16));
#12322=DIRECTION('',(0.,0.707106781186508,-0.707106781186587));
#12323=DIRECTION('',(-1.,-7.15754004777464E-16,0.));
#12324=DIRECTION('',(0.,0.707106781186571,-0.707106781186524));
#12325=DIRECTION('center_axis',(0.,0.,1.));
#12326=DIRECTION('ref_axis',(-0.382683432365056,-0.923879532511301,0.));
#12327=DIRECTION('',(0.373565846664681,0.600373682139536,-0.707106781186487));
#12328=DIRECTION('center_axis',(0.,0.,1.));
#12329=DIRECTION('ref_axis',(-0.382683432365056,-0.923879532511301,0.));
#12330=DIRECTION('center_axis',(0.,0.,-1.));
#12331=DIRECTION('ref_axis',(0.,1.,0.));
#12332=DIRECTION('',(0.,0.707106781186571,-0.707106781186524));
#12333=DIRECTION('center_axis',(0.,0.,-1.));
#12334=DIRECTION('ref_axis',(0.,-1.,0.));
#12335=DIRECTION('center_axis',(5.06114510439556E-16,-0.707106781186524,
-0.707106781186571));
#12336=DIRECTION('ref_axis',(-1.,0.,-7.15754004777416E-16));
#12337=DIRECTION('',(1.,0.,7.15754004777416E-16));
#12338=DIRECTION('',(0.,0.707106781186571,-0.707106781186524));
#12339=DIRECTION('',(-1.,-7.15754004777464E-16,0.));
#12340=DIRECTION('center_axis',(0.,0.,1.));
#12341=DIRECTION('ref_axis',(-0.382683432365083,-0.923879532511289,0.));
#12342=DIRECTION('center_axis',(0.,0.,1.));
#12343=DIRECTION('ref_axis',(-0.382683432365084,-0.923879532511289,0.));
#12344=DIRECTION('center_axis',(0.,0.,1.));
#12345=DIRECTION('ref_axis',(0.707106781186585,-0.70710678118651,0.));
#12346=DIRECTION('center_axis',(0.,0.,1.));
#12347=DIRECTION('ref_axis',(0.382683432365114,-0.923879532511277,0.));
#12348=DIRECTION('center_axis',(0.,0.,-1.));
#12349=DIRECTION('ref_axis',(0.707106781186585,-0.70710678118651,0.));
#12350=DIRECTION('',(-0.50000000000004,0.499999999999977,-0.707106781186535));
#12351=DIRECTION('center_axis',(0.500000000000022,-0.499999999999961,-0.70710678118656));
#12352=DIRECTION('ref_axis',(-0.816496580927719,0.,-0.577350269189636));
#12353=DIRECTION('',(0.707106781186506,0.707106781186589,2.35513868802562E-15));
#12354=DIRECTION('',(-0.707106781186504,-0.707106781186591,0.));
#12355=DIRECTION('',(-0.50000000000004,0.499999999999977,-0.707106781186535));
#12356=DIRECTION('center_axis',(0.,0.,1.));
#12357=DIRECTION('ref_axis',(1.,0.,0.));
#12358=DIRECTION('center_axis',(0.,0.,1.));
#12359=DIRECTION('ref_axis',(0.923879532511298,-0.382683432365063,0.));
#12360=DIRECTION('center_axis',(0.,0.,-1.));
#12361=DIRECTION('ref_axis',(1.,0.,0.));
#12362=DIRECTION('',(-0.70710678118654,0.,-0.707106781186555));
#12363=DIRECTION('center_axis',(0.707106781186555,0.,-0.70710678118654));
#12364=DIRECTION('ref_axis',(-0.70710678118654,0.,-0.707106781186555));
#12365=DIRECTION('',(0.,1.,0.));
#12366=DIRECTION('',(0.,-1.,0.));
#12367=DIRECTION('',(-0.70710678118654,0.,-0.707106781186555));
#12368=DIRECTION('center_axis',(0.,0.,-1.));
#12369=DIRECTION('ref_axis',(-1.,0.,0.));
#12370=DIRECTION('center_axis',(0.,0.,1.));
#12371=DIRECTION('ref_axis',(-1.,0.,0.));
#12372=DIRECTION('',(0.692820323027612,0.141421356237283,-0.707106781186493));
#12373=DIRECTION('center_axis',(0.,0.,1.));
#12374=DIRECTION('ref_axis',(8.88178419700184E-14,-1.,0.));
#12375=DIRECTION('center_axis',(0.,0.,-1.));
#12376=DIRECTION('ref_axis',(8.88178419700184E-14,-1.,0.));
#12377=DIRECTION('',(0.,0.70710678118654,-0.707106781186555));
#12378=DIRECTION('center_axis',(0.,0.,1.));
#12379=DIRECTION('ref_axis',(0.,-1.,0.));
#12380=DIRECTION('',(0.,0.707106781186571,-0.707106781186524));
#12381=DIRECTION('center_axis',(0.,0.,1.));
#12382=DIRECTION('ref_axis',(0.,-1.,0.));
#12383=DIRECTION('',(-0.707106781186602,0.,-0.707106781186493));
#12384=DIRECTION('center_axis',(0.,-0.707106781186555,-0.70710678118654));
#12385=DIRECTION('ref_axis',(-1.,0.,0.));
#12386=DIRECTION('',(-1.,0.,0.));
#12387=DIRECTION('center_axis',(0.499999999999968,0.499999999999967,-0.707106781186593));
#12388=DIRECTION('ref_axis',(-0.816496580927761,0.,-0.577350269189576));
#12389=DIRECTION('',(-0.500000000000017,-0.500000000000048,-0.707106781186502));
#12390=DIRECTION('',(0.707106781186547,-0.707106781186548,0.));
#12391=DIRECTION('',(-0.499999999999973,-0.499999999999926,-0.707106781186619));
#12392=DIRECTION('center_axis',(0.,0.,1.));
#12393=DIRECTION('ref_axis',(0.923879532511287,0.382683432365089,0.));
#12394=DIRECTION('',(-0.70710678118654,0.,-0.707106781186555));
#12395=DIRECTION('center_axis',(0.,0.,1.));
#12396=DIRECTION('ref_axis',(0.923879532511287,0.382683432365089,0.));
#12397=DIRECTION('center_axis',(0.707106781186493,0.,-0.707106781186603));
#12398=DIRECTION('ref_axis',(-0.707106781186602,0.,-0.707106781186493));
#12399=DIRECTION('',(0.,-1.,0.));
#12400=DIRECTION('center_axis',(6.98465036989897E-17,0.707106781186555,
-0.70710678118654));
#12401=DIRECTION('ref_axis',(-1.,0.,-9.87778728154549E-17));
#12402=DIRECTION('',(0.,-0.70710678118654,-0.707106781186555));
#12403=DIRECTION('',(1.,-9.87778728154527E-17,0.));
#12404=DIRECTION('',(0.,-0.707106781186524,-0.707106781186571));
#12405=DIRECTION('center_axis',(0.,0.,1.));
#12406=DIRECTION('ref_axis',(0.382683432365083,0.92387953251129,0.));
#12407=DIRECTION('center_axis',(0.,0.,1.));
#12408=DIRECTION('ref_axis',(0.382683432365083,0.92387953251129,0.));
#12409=DIRECTION('center_axis',(0.,0.,1.));
#12410=DIRECTION('ref_axis',(-0.707106781186521,0.707106781186574,0.));
#12411=DIRECTION('center_axis',(0.,0.,1.));
#12412=DIRECTION('ref_axis',(-0.382683432365083,0.92387953251129,0.));
#12413=DIRECTION('center_axis',(0.,0.,-1.));
#12414=DIRECTION('ref_axis',(-0.707106781186521,0.707106781186574,0.));
#12415=DIRECTION('',(0.500000000000024,-0.500000000000024,-0.707106781186513));
#12416=DIRECTION('center_axis',(-0.499999999999977,0.499999999999974,-0.707106781186582));
#12417=DIRECTION('ref_axis',(-0.816496580927752,0.,0.577350269189589));
#12418=DIRECTION('',(-0.707106781186549,-0.707106781186546,5.02429586778783E-15));
#12419=DIRECTION('',(0.707106781186545,0.70710678118655,0.));
#12420=DIRECTION('center_axis',(0.,0.,-1.));
#12421=DIRECTION('ref_axis',(1.,0.,0.));
#12422=DIRECTION('center_axis',(0.,0.,-1.));
#12423=DIRECTION('ref_axis',(1.,0.,0.));
#12424=DIRECTION('',(0.707106781186552,-8.65956056235499E-17,0.707106781186543));
#12425=DIRECTION('center_axis',(0.,0.,1.));
#12426=DIRECTION('ref_axis',(1.,0.,0.));
#12427=DIRECTION('center_axis',(0.,0.,-1.));
#12428=DIRECTION('ref_axis',(1.,0.,0.));
#12429=DIRECTION('center_axis',(0.,0.,1.));
#12430=DIRECTION('ref_axis',(-1.,0.,0.));
#12431=DIRECTION('center_axis',(0.,0.,1.));
#12432=DIRECTION('ref_axis',(-1.,0.,0.));
#12433=DIRECTION('center_axis',(0.,0.,-1.));
#12434=DIRECTION('ref_axis',(1.,0.,0.));
#12435=DIRECTION('center_axis',(0.,0.,-1.));
#12436=DIRECTION('ref_axis',(1.,0.,0.));
#12437=DIRECTION('',(-0.70710678118654,-8.65956056235484E-17,-0.707106781186555));
#12438=DIRECTION('center_axis',(0.,0.,-1.));
#12439=DIRECTION('ref_axis',(1.,0.,0.));
#12440=DIRECTION('center_axis',(0.,0.,1.));
#12441=DIRECTION('ref_axis',(-1.,0.,0.));
#12442=DIRECTION('center_axis',(0.,0.,1.));
#12443=DIRECTION('ref_axis',(-1.,0.,0.));
#12444=DIRECTION('center_axis',(0.,0.,-1.));
#12445=DIRECTION('ref_axis',(1.,0.,0.));
#12446=DIRECTION('',(0.70710678118654,-8.65956056235484E-17,0.707106781186555));
#12447=DIRECTION('center_axis',(0.,0.,1.));
#12448=DIRECTION('ref_axis',(1.,0.,0.));
#12449=DIRECTION('center_axis',(0.,0.,1.));
#12450=DIRECTION('ref_axis',(1.,0.,0.));
#12451=DIRECTION('center_axis',(0.,0.,1.));
#12452=DIRECTION('ref_axis',(-1.,0.,0.));
#12453=DIRECTION('',(0.,0.,1.));
#12454=DIRECTION('center_axis',(0.,0.,-1.));
#12455=DIRECTION('ref_axis',(1.,0.,0.));
#12456=DIRECTION('',(0.70710678118654,-8.65956056235484E-17,0.707106781186555));
#12457=DIRECTION('center_axis',(0.,0.,1.));
#12458=DIRECTION('ref_axis',(1.,0.,0.));
#12459=DIRECTION('center_axis',(0.,0.,1.));
#12460=DIRECTION('ref_axis',(1.,0.,0.));
#12461=DIRECTION('center_axis',(0.,0.,1.));
#12462=DIRECTION('ref_axis',(-1.,0.,0.));
#12463=DIRECTION('',(0.,0.,1.));
#12464=DIRECTION('center_axis',(0.,0.,1.));
#12465=DIRECTION('ref_axis',(-1.,0.,0.));
#12466=DIRECTION('center_axis',(0.,0.,-1.));
#12467=DIRECTION('ref_axis',(1.,0.,0.));
#12468=DIRECTION('',(-0.70710678118654,-8.65956056235484E-17,-0.707106781186555));
#12469=DIRECTION('center_axis',(0.,0.,-1.));
#12470=DIRECTION('ref_axis',(1.,0.,0.));
#12471=DIRECTION('center_axis',(0.,0.,1.));
#12472=DIRECTION('ref_axis',(-1.,0.,0.));
#12473=DIRECTION('center_axis',(0.707106781186589,-0.707106781186506,0.));
#12474=DIRECTION('ref_axis',(0.707106781186506,0.707106781186589,0.));
#12475=DIRECTION('',(0.,0.,1.));
#12476=DIRECTION('',(0.,0.,-1.));
#12477=DIRECTION('center_axis',(0.,0.,1.));
#12478=DIRECTION('ref_axis',(0.923879532511298,-0.382683432365063,0.));
#12479=DIRECTION('',(0.,0.,1.));
#12480=DIRECTION('center_axis',(1.,0.,0.));
#12481=DIRECTION('ref_axis',(0.,1.,0.));
#12482=DIRECTION('center_axis',(0.,0.,1.));
#12483=DIRECTION('ref_axis',(-0.382683432365083,0.92387953251129,0.));
#12484=DIRECTION('',(0.,0.,1.));
#12485=DIRECTION('center_axis',(-0.707106781186546,0.707106781186549,0.));
#12486=DIRECTION('ref_axis',(-0.707106781186549,-0.707106781186546,0.));
#12487=DIRECTION('',(0.,0.,-1.));
#12488=DIRECTION('center_axis',(0.,0.,-1.));
#12489=DIRECTION('ref_axis',(-0.782916711110868,0.622126533322074,0.));
#12490=DIRECTION('',(0.,0.,-1.));
#12491=DIRECTION('',(0.,0.,1.));
#12492=DIRECTION('center_axis',(0.,0.,-1.));
#12493=DIRECTION('ref_axis',(1.,0.,0.));
#12494=DIRECTION('center_axis',(0.,0.,-1.));
#12495=DIRECTION('ref_axis',(-0.765471204962604,-0.643470150335739,0.));
#12496=DIRECTION('',(0.,0.,1.));
#12497=DIRECTION('center_axis',(0.,-1.,0.));
#12498=DIRECTION('ref_axis',(1.,0.,0.));
#12499=DIRECTION('',(0.,0.,1.));
#12500=DIRECTION('',(0.,0.,-1.));
#12501=DIRECTION('center_axis',(0.,0.,1.));
#12502=DIRECTION('ref_axis',(0.382683432365084,-0.923879532511289,0.));
#12503=DIRECTION('',(0.,0.,1.));
#12504=DIRECTION('center_axis',(9.64586774311318E-15,1.,0.));
#12505=DIRECTION('ref_axis',(-1.,9.64586774311318E-15,0.));
#12506=DIRECTION('',(0.,0.,-1.));
#12507=DIRECTION('center_axis',(0.,0.,1.));
#12508=DIRECTION('ref_axis',(0.923879532511286,-0.382683432365093,0.));
#12509=DIRECTION('',(0.,0.,-1.));
#12510=DIRECTION('',(0.,0.,1.));
#12511=DIRECTION('center_axis',(-0.707106781186547,0.707106781186548,0.));
#12512=DIRECTION('ref_axis',(-0.707106781186548,-0.707106781186547,0.));
#12513=DIRECTION('',(0.,0.,-1.));
#12514=DIRECTION('center_axis',(0.,0.,1.));
#12515=DIRECTION('ref_axis',(-0.923879532511287,-0.382683432365089,0.));
#12516=DIRECTION('',(0.,0.,-1.));
#12517=DIRECTION('',(0.,0.,1.));
#12518=DIRECTION('center_axis',(-0.707106781186546,-0.707106781186549,0.));
#12519=DIRECTION('ref_axis',(0.707106781186549,-0.707106781186546,0.));
#12520=DIRECTION('',(0.,0.,-1.));
#12521=DIRECTION('center_axis',(0.,0.,1.));
#12522=DIRECTION('ref_axis',(-0.382683432365085,0.923879532511289,0.));
#12523=DIRECTION('',(0.,0.,1.));
#12524=DIRECTION('center_axis',(-0.707106781186547,0.707106781186548,0.));
#12525=DIRECTION('ref_axis',(-0.707106781186548,-0.707106781186547,0.));
#12526=DIRECTION('',(0.,0.,-1.));
#12527=DIRECTION('center_axis',(0.,0.,1.));
#12528=DIRECTION('ref_axis',(-0.923879532511287,0.382683432365089,0.));
#12529=DIRECTION('',(0.,0.,1.));
#12530=DIRECTION('center_axis',(-1.,-8.20151960874279E-16,0.));
#12531=DIRECTION('ref_axis',(8.20151960874278E-16,-1.,0.));
#12532=DIRECTION('center_axis',(0.,0.,1.));
#12533=DIRECTION('ref_axis',(-0.923879532511287,0.382683432365089,0.));
#12534=DIRECTION('',(0.,0.,1.));
#12535=DIRECTION('center_axis',(-1.,-2.31366670906719E-15,0.));
#12536=DIRECTION('ref_axis',(2.31366670906719E-15,-1.,0.));
#12537=DIRECTION('center_axis',(0.,0.,1.));
#12538=DIRECTION('ref_axis',(-0.382683432365089,-0.923879532511287,0.));
#12539=DIRECTION('center_axis',(0.,0.,1.));
#12540=DIRECTION('ref_axis',(0.382683432365114,-0.923879532511277,0.));
#12541=DIRECTION('center_axis',(0.,0.,-1.));
#12542=DIRECTION('ref_axis',(-1.,0.,0.));
#12543=DIRECTION('',(-0.707106781186547,-8.65956056235493E-17,0.707106781186548));
#12544=DIRECTION('center_axis',(0.,0.,-1.));
#12545=DIRECTION('ref_axis',(-1.,0.,0.));
#12546=DIRECTION('',(-0.707106781186547,-8.65956056235493E-17,0.707106781186548));
#12547=DIRECTION('axis',(0.,0.,1.));
#12548=DIRECTION('refdir',(1.,0.,0.));
#12549=DIRECTION('center_axis',(0.,0.,1.));
#12550=DIRECTION('ref_axis',(-0.74161984870955,-0.670820393249955,0.));
#12551=DIRECTION('',(0.70710678118654,0.,-0.707106781186555));
#12552=DIRECTION('center_axis',(0.,0.,1.));
#12553=DIRECTION('ref_axis',(-0.74161984870955,-0.670820393249955,0.));
#12554=DIRECTION('',(0.0707106781186165,0.703562363973508,-0.707106781186558));
#12555=DIRECTION('center_axis',(0.,0.,1.));
#12556=DIRECTION('ref_axis',(-1.,0.,0.));
#12557=DIRECTION('',(0.665901146081477,-0.237856392908425,-0.707106781186525));
#12558=DIRECTION('center_axis',(0.,0.,-1.));
#12559=DIRECTION('ref_axis',(-1.,0.,0.));
#12560=DIRECTION('',(-0.499999999997339,0.499999999997277,-0.707106781190354));
#12561=DIRECTION('center_axis',(0.,0.,1.));
#12562=DIRECTION('ref_axis',(1.,0.,0.));
#12563=DIRECTION('center_axis',(0.,0.,1.));
#12564=DIRECTION('ref_axis',(-0.769619717582858,0.638502537432454,0.));
#12565=DIRECTION('',(0.356711909215196,-0.610537970829008,-0.707106781186581));
#12566=DIRECTION('center_axis',(0.,0.,1.));
#12567=DIRECTION('ref_axis',(-0.769619717582858,0.638502537432454,0.));
#12568=DIRECTION('center_axis',(0.,0.,-1.));
#12569=DIRECTION('ref_axis',(-0.0101123595505691,0.999948868784959,0.));
#12570=DIRECTION('center_axis',(0.,0.,-1.));
#12571=DIRECTION('ref_axis',(1.,0.,0.));
#12572=DIRECTION('center_axis',(0.,0.,1.));
#12573=DIRECTION('ref_axis',(-0.0101123595505691,0.99994886878496,0.));
#12574=DIRECTION('center_axis',(0.500000000000017,-0.499999999999966,-0.70710678118656));
#12575=DIRECTION('ref_axis',(-0.816496580927721,0.,-0.577350269189632));
#12576=DIRECTION('',(0.707106781186506,0.707106781186589,-7.37943455581361E-15));
#12577=DIRECTION('',(-0.707106781186511,-0.707106781186584,0.));
#12578=DIRECTION('',(-0.499999999999899,0.499999999999899,-0.707106781186691));
#12579=DIRECTION('center_axis',(-0.500000000000017,0.499999999999966,0.70710678118656));
#12580=DIRECTION('ref_axis',(0.500000000000035,-0.499999999999983,0.707106781186535));
#12581=DIRECTION('center_axis',(0.,0.,1.));
#12582=DIRECTION('ref_axis',(0.923879532511298,-0.382683432365062,0.));
#12583=DIRECTION('center_axis',(0.,0.,1.));
#12584=DIRECTION('ref_axis',(0.923879532511298,-0.382683432365062,0.));
#12585=DIRECTION('',(-0.707106781186477,0.,-0.707106781186618));
#12586=DIRECTION('center_axis',(0.707106781186618,-2.68721225091877E-16,
-0.707106781186477));
#12587=DIRECTION('ref_axis',(-0.707106781186477,0.,-0.707106781186618));
#12588=DIRECTION('',(0.,1.,-3.80029201022484E-16));
#12589=DIRECTION('',(-3.80029201022408E-16,-1.,0.));
#12590=DIRECTION('',(-0.70710678118654,0.,-0.707106781186555));
#12591=DIRECTION('center_axis',(0.,0.,1.));
#12592=DIRECTION('ref_axis',(-0.600000000000025,0.799999999999981,0.));
#12593=DIRECTION('center_axis',(0.,0.,1.));
#12594=DIRECTION('ref_axis',(0.447213595499928,0.894427190999931,0.));
#12595=DIRECTION('center_axis',(0.,0.,-1.));
#12596=DIRECTION('ref_axis',(-0.600000000000025,0.799999999999981,0.));
#12597=DIRECTION('',(0.424264068711934,-0.565685424949256,-0.70710678118653));
#12598=DIRECTION('center_axis',(0.,0.,-1.));
#12599=DIRECTION('ref_axis',(0.600000000000005,-0.799999999999997,0.));
#12600=DIRECTION('center_axis',(0.,0.,-1.));
#12601=DIRECTION('ref_axis',(0.,-1.,0.));
#12602=DIRECTION('center_axis',(0.,0.,1.));
#12603=DIRECTION('ref_axis',(0.600000000000005,-0.799999999999996,0.));
#12604=DIRECTION('',(0.,-0.707106781186524,-0.707106781186571));
#12605=DIRECTION('center_axis',(0.,0.,1.));
#12606=DIRECTION('ref_axis',(-0.70710678118654,0.707106781186555,0.));
#12607=DIRECTION('',(0.,0.70710678118654,0.707106781186555));
#12608=DIRECTION('center_axis',(0.,0.,1.));
#12609=DIRECTION('ref_axis',(-0.70710678118654,0.707106781186555,0.));
#12610=DIRECTION('',(0.70710678118654,0.,-0.707106781186555));
#12611=DIRECTION('center_axis',(-5.23364152894583E-16,0.707106781186555,
-0.70710678118654));
#12612=DIRECTION('ref_axis',(-1.,0.,7.40148683083433E-16));
#12613=DIRECTION('',(-1.,0.,7.40148683083433E-16));
#12614=DIRECTION('',(1.,7.40148683083417E-16,0.));
#12615=DIRECTION('center_axis',(-0.707106781186555,9.09746970859109E-16,
-0.70710678118654));
#12616=DIRECTION('ref_axis',(-0.70710678118654,0.,0.707106781186555));
#12617=DIRECTION('',(-1.72143618294838E-15,-1.,4.3485967843161E-16));
#12618=DIRECTION('',(1.28657650451678E-15,1.,0.));
#12619=DIRECTION('center_axis',(0.,-0.707106781186551,-0.707106781186544));
#12620=DIRECTION('ref_axis',(-1.,0.,0.));
#12621=DIRECTION('center_axis',(0.,-0.707106781186551,-0.707106781186544));
#12622=DIRECTION('ref_axis',(0.,-0.707106781186544,0.707106781186551));
#12623=DIRECTION('',(-1.,0.,0.));
#12624=DIRECTION('',(0.,0.707106781186544,-0.707106781186551));
#12625=DIRECTION('',(1.,0.,0.));
#12626=DIRECTION('center_axis',(0.,0.,1.));
#12627=DIRECTION('ref_axis',(-0.382683432365089,-0.923879532511287,0.));
#12628=DIRECTION('',(0.499999999999969,0.500000000000001,-0.707106781186569));
#12629=DIRECTION('center_axis',(0.,0.,1.));
#12630=DIRECTION('ref_axis',(-0.382683432365089,-0.923879532511287,0.));
#12631=DIRECTION('center_axis',(0.,0.,-1.));
#12632=DIRECTION('ref_axis',(-0.382683432365089,-0.923879532511287,0.));
#12633=DIRECTION('center_axis',(-0.500000000000003,-0.500000000000005,-0.707106781186542));
#12634=DIRECTION('ref_axis',(-0.816496580927722,0.,0.577350269189632));
#12635=DIRECTION('',(0.499999999999996,0.499999999999996,-0.707106781186554));
#12636=DIRECTION('',(0.707106781186549,-0.707106781186546,0.));
#12637=DIRECTION('',(-0.707106781186549,0.707106781186546,0.));
#12638=DIRECTION('center_axis',(0.,0.,1.));
#12639=DIRECTION('ref_axis',(-0.923879532511287,-0.382683432365089,0.));
#12640=DIRECTION('',(0.70710678118654,0.,-0.707106781186555));
#12641=DIRECTION('center_axis',(0.,0.,1.));
#12642=DIRECTION('ref_axis',(-0.923879532511287,-0.382683432365089,0.));
#12643=DIRECTION('center_axis',(0.,0.,-1.));
#12644=DIRECTION('ref_axis',(-0.923879532511287,-0.382683432365089,0.));
#12645=DIRECTION('center_axis',(-0.707106781186551,-1.63600941938698E-15,
-0.707106781186544));
#12646=DIRECTION('ref_axis',(-0.707106781186544,0.,0.707106781186551));
#12647=DIRECTION('',(0.707106781186544,0.,-0.707106781186551));
#12648=DIRECTION('',(2.31366670906719E-15,-1.,0.));
#12649=DIRECTION('',(-2.31366670906719E-15,1.,0.));
#12650=DIRECTION('center_axis',(0.,0.,1.));
#12651=DIRECTION('ref_axis',(-0.923879532511287,0.382683432365089,0.));
#12652=DIRECTION('',(0.499999999999993,-0.499999999999993,-0.707106781186557));
#12653=DIRECTION('center_axis',(0.,0.,1.));
#12654=DIRECTION('ref_axis',(-0.923879532511287,0.382683432365089,0.));
#12655=DIRECTION('center_axis',(0.,0.,-1.));
#12656=DIRECTION('ref_axis',(-0.923879532511287,0.382683432365089,0.));
#12657=DIRECTION('center_axis',(-0.500000000000004,0.500000000000005,-0.707106781186542));
#12658=DIRECTION('ref_axis',(-0.816496580927722,0.,0.577350269189632));
#12659=DIRECTION('',(0.499999999999996,-0.499999999999996,-0.707106781186554));
#12660=DIRECTION('',(-0.707106781186548,-0.707106781186547,0.));
#12661=DIRECTION('',(0.707106781186548,0.707106781186547,0.));
#12662=DIRECTION('center_axis',(0.,0.,-1.));
#12663=DIRECTION('ref_axis',(0.923879532511285,-0.382683432365093,0.));
#12664=DIRECTION('',(0.70710678118654,0.,-0.707106781186555));
#12665=DIRECTION('center_axis',(0.,0.,-1.));
#12666=DIRECTION('ref_axis',(0.923879532511285,-0.382683432365093,0.));
#12667=DIRECTION('center_axis',(0.,0.,1.));
#12668=DIRECTION('ref_axis',(0.923879532511286,-0.382683432365093,0.));
#12669=DIRECTION('center_axis',(-0.707106781186551,-5.7993501313765E-16,
-0.707106781186544));
#12670=DIRECTION('ref_axis',(-0.707106781186544,0.,0.707106781186551));
#12671=DIRECTION('',(0.707106781186544,0.,-0.707106781186551));
#12672=DIRECTION('',(8.20151960874278E-16,-1.,0.));
#12673=DIRECTION('',(-8.20151960874278E-16,1.,0.));
#12674=DIRECTION('center_axis',(0.,0.,1.));
#12675=DIRECTION('ref_axis',(-0.923879532511287,0.382683432365089,0.));
#12676=DIRECTION('',(0.499999999999993,-0.499999999999993,-0.707106781186557));
#12677=DIRECTION('center_axis',(0.,0.,1.));
#12678=DIRECTION('ref_axis',(-0.923879532511287,0.382683432365089,0.));
#12679=DIRECTION('center_axis',(0.,0.,-1.));
#12680=DIRECTION('ref_axis',(-0.923879532511287,0.382683432365089,0.));
#12681=DIRECTION('center_axis',(-0.500000000000004,0.500000000000004,-0.707106781186542));
#12682=DIRECTION('ref_axis',(-0.816496580927721,0.,0.577350269189632));
#12683=DIRECTION('',(0.5,-0.499999999999984,-0.707106781186559));
#12684=DIRECTION('',(-0.707106781186548,-0.707106781186547,0.));
#12685=DIRECTION('',(0.707106781186548,0.707106781186547,0.));
#12686=DIRECTION('center_axis',(0.,0.,1.));
#12687=DIRECTION('ref_axis',(-0.382683432365085,0.923879532511289,0.));
#12688=DIRECTION('',(0.,-0.707106781186548,-0.707106781186548));
#12689=DIRECTION('center_axis',(0.,0.,1.));
#12690=DIRECTION('ref_axis',(-0.382683432365085,0.923879532511289,0.));
#12691=DIRECTION('center_axis',(0.,0.,-1.));
#12692=DIRECTION('ref_axis',(-0.382683432365085,0.923879532511289,0.));
#12693=DIRECTION('center_axis',(6.82065849158379E-15,0.707106781186536,
-0.707106781186559));
#12694=DIRECTION('ref_axis',(-1.,0.,-9.64586774311286E-15));
#12695=DIRECTION('',(0.,-0.707106781186567,-0.707106781186528));
#12696=DIRECTION('',(-1.,9.64586774311318E-15,0.));
#12697=DIRECTION('',(1.,-9.64586774311318E-15,0.));
#12698=DIRECTION('center_axis',(0.,0.,-1.));
#12699=DIRECTION('ref_axis',(0.382683432365084,-0.923879532511289,0.));
#12700=DIRECTION('',(0.50000000000003,-0.500000000000007,-0.707106781186521));
#12701=DIRECTION('center_axis',(0.,0.,-1.));
#12702=DIRECTION('ref_axis',(0.382683432365084,-0.923879532511289,0.));
#12703=DIRECTION('center_axis',(0.,0.,1.));
#12704=DIRECTION('ref_axis',(0.382683432365084,-0.923879532511289,0.));
#12705=DIRECTION('center_axis',(-0.500000000000003,0.500000000000005,-0.707106781186542));
#12706=DIRECTION('ref_axis',(-0.816496580927722,0.,0.577350269189632));
#12707=DIRECTION('',(0.5,-0.499999999999984,-0.707106781186559));
#12708=DIRECTION('',(-0.707106781186549,-0.707106781186546,0.));
#12709=DIRECTION('',(0.707106781186549,0.707106781186546,0.));
#12710=DIRECTION('center_axis',(0.,0.,1.));
#12711=DIRECTION('ref_axis',(-0.382683432365083,0.92387953251129,0.));
#12712=DIRECTION('',(0.,-0.707106781186548,-0.707106781186548));
#12713=DIRECTION('center_axis',(0.,0.,1.));
#12714=DIRECTION('ref_axis',(-0.382683432365083,0.92387953251129,0.));
#12715=DIRECTION('center_axis',(0.,0.,-1.));
#12716=DIRECTION('ref_axis',(-0.382683432365083,0.92387953251129,0.));
#12717=DIRECTION('center_axis',(1.98563023513007E-16,0.70710678118654,-0.707106781186555));
#12718=DIRECTION('ref_axis',(-1.,0.,-2.80810520837899E-16));
#12719=DIRECTION('center_axis',(1.98563023513007E-16,0.70710678118654,-0.707106781186555));
#12720=DIRECTION('ref_axis',(2.45326946669343E-16,0.707106781186555,0.70710678118654));
#12721=DIRECTION('',(-1.,2.80810520837905E-16,0.));
#12722=DIRECTION('',(1.,-2.80810520837905E-16,0.));
#12723=DIRECTION('center_axis',(-2.80810520837905E-16,-1.,0.));
#12724=DIRECTION('ref_axis',(-1.,2.80810520837905E-16,0.));
#12725=DIRECTION('',(0.,0.,1.));
#12726=DIRECTION('',(0.,0.,1.));
#12727=DIRECTION('',(-1.,2.80810520837905E-16,-1.82032648022456E-16));
#12728=DIRECTION('',(-0.816496580927761,2.29280830152693E-16,0.577350269189576));
#12729=DIRECTION('',(0.,0.,-1.));
#12730=DIRECTION('',(1.,-2.80810520837905E-16,0.));
#12731=DIRECTION('center_axis',(0.,0.,1.));
#12732=DIRECTION('ref_axis',(-0.382683432365083,0.92387953251129,0.));
#12733=DIRECTION('',(0.,0.,-1.));
#12734=DIRECTION('center_axis',(0.,0.,1.));
#12735=DIRECTION('ref_axis',(-0.382683432365083,0.92387953251129,0.));
#12736=DIRECTION('center_axis',(0.707106781186546,-0.707106781186549,0.));
#12737=DIRECTION('ref_axis',(-0.707106781186549,-0.707106781186546,0.));
#12738=DIRECTION('',(0.,0.,1.));
#12739=DIRECTION('',(-0.707106781186549,-0.707106781186546,-5.02429586778783E-15));
#12740=DIRECTION('center_axis',(0.,0.,1.));
#12741=DIRECTION('ref_axis',(0.382683432365084,-0.923879532511289,0.));
#12742=DIRECTION('',(0.,0.,-1.));
#12743=DIRECTION('center_axis',(0.,0.,-1.));
#12744=DIRECTION('ref_axis',(0.382683432365084,-0.923879532511289,0.));
#12745=DIRECTION('center_axis',(-9.64586774311318E-15,-1.,0.));
#12746=DIRECTION('ref_axis',(-1.,9.64586774311318E-15,0.));
#12747=DIRECTION('',(0.,0.,1.));
#12748=DIRECTION('',(-1.,9.64586774311318E-15,-2.36722339179153E-15));
#12749=DIRECTION('center_axis',(0.,0.,1.));
#12750=DIRECTION('ref_axis',(-0.382683432365085,0.923879532511289,0.));
#12751=DIRECTION('',(0.,0.,-1.));
#12752=DIRECTION('center_axis',(0.,0.,1.));
#12753=DIRECTION('ref_axis',(-0.382683432365085,0.923879532511289,0.));
#12754=DIRECTION('center_axis',(0.707106781186547,-0.707106781186548,0.));
#12755=DIRECTION('ref_axis',(-0.707106781186548,-0.707106781186547,0.));
#12756=DIRECTION('',(0.,0.,1.));
#12757=DIRECTION('',(-0.707106781186548,-0.707106781186547,-4.71027737605139E-16));
#12758=DIRECTION('center_axis',(0.,0.,1.));
#12759=DIRECTION('ref_axis',(-0.923879532511287,0.382683432365089,0.));
#12760=DIRECTION('',(0.,0.,-1.));
#12761=DIRECTION('center_axis',(0.,0.,1.));
#12762=DIRECTION('ref_axis',(-0.923879532511287,0.382683432365089,0.));
#12763=DIRECTION('center_axis',(1.,8.20151960874279E-16,0.));
#12764=DIRECTION('ref_axis',(8.20151960874278E-16,-1.,0.));
#12765=DIRECTION('',(0.,0.,1.));
#12766=DIRECTION('',(8.20151960874279E-16,-1.,-7.72284908665472E-17));
#12767=DIRECTION('center_axis',(0.,0.,1.));
#12768=DIRECTION('ref_axis',(0.923879532511286,-0.382683432365093,0.));
#12769=DIRECTION('',(0.,0.,-1.));
#12770=DIRECTION('center_axis',(0.,0.,-1.));
#12771=DIRECTION('ref_axis',(0.923879532511286,-0.382683432365093,0.));
#12772=DIRECTION('center_axis',(0.707106781186547,-0.707106781186548,0.));
#12773=DIRECTION('ref_axis',(-0.707106781186548,-0.707106781186547,0.));
#12774=DIRECTION('',(0.,0.,1.));
#12775=DIRECTION('',(-0.707106781186548,-0.707106781186547,9.42055475210278E-16));
#12776=DIRECTION('center_axis',(0.,0.,1.));
#12777=DIRECTION('ref_axis',(-0.923879532511287,0.382683432365089,0.));
#12778=DIRECTION('',(0.,0.,-1.));
#12779=DIRECTION('center_axis',(0.,0.,1.));
#12780=DIRECTION('ref_axis',(-0.923879532511287,0.382683432365089,0.));
#12781=DIRECTION('center_axis',(1.,2.31366670906719E-15,0.));
#12782=DIRECTION('ref_axis',(2.31366670906719E-15,-1.,0.));
#12783=DIRECTION('',(0.,0.,1.));
#12784=DIRECTION('',(1.88910095735965E-15,-0.816496580927719,-0.577350269189635));
#12785=DIRECTION('',(2.31366670906719E-15,-1.,-2.03721238369456E-16));
#12786=DIRECTION('center_axis',(0.,0.,1.));
#12787=DIRECTION('ref_axis',(-0.923879532511287,-0.382683432365089,0.));
#12788=DIRECTION('',(0.,0.,-1.));
#12789=DIRECTION('center_axis',(-0.500000000000007,-0.500000000000007,0.707106781186538));
#12790=DIRECTION('ref_axis',(-0.499999999999993,-0.499999999999993,-0.707106781186558));
#12791=DIRECTION('center_axis',(0.707106781186546,0.707106781186549,0.));
#12792=DIRECTION('ref_axis',(0.707106781186549,-0.707106781186546,0.));
#12793=DIRECTION('',(0.,0.,1.));
#12794=DIRECTION('',(0.707106781186549,-0.707106781186546,2.11962481922313E-15));
#12795=DIRECTION('center_axis',(0.,0.,1.));
#12796=DIRECTION('ref_axis',(-0.382683432365089,-0.923879532511287,0.));
#12797=DIRECTION('',(0.,0.,-1.));
#12798=DIRECTION('center_axis',(-0.500000000000007,-0.500000000000007,0.707106781186538));
#12799=DIRECTION('ref_axis',(-0.499999999999993,-0.499999999999993,-0.707106781186557));
#12800=DIRECTION('center_axis',(0.,1.,0.));
#12801=DIRECTION('ref_axis',(1.,0.,0.));
#12802=DIRECTION('',(1.,0.,-7.15754004777543E-16));
#12803=DIRECTION('',(1.,0.,-7.15754004777416E-16));
#12804=DIRECTION('',(0.816496580927718,0.,0.577350269189637));
#12805=DIRECTION('',(0.,0.,-1.));
#12806=DIRECTION('',(0.,0.,1.));
#12807=DIRECTION('center_axis',(0.,0.,-1.));
#12808=DIRECTION('ref_axis',(-1.,0.,0.));
#12809=DIRECTION('center_axis',(0.,0.,1.));
#12810=DIRECTION('ref_axis',(-1.,0.,0.));
#12811=DIRECTION('center_axis',(0.,0.,1.));
#12812=DIRECTION('ref_axis',(-1.,0.,0.));
#12813=DIRECTION('',(0.70710678118654,8.65956056235484E-17,-0.707106781186555));
#12814=DIRECTION('center_axis',(0.,0.,-1.));
#12815=DIRECTION('ref_axis',(-1.,0.,0.));
#12816=DIRECTION('center_axis',(0.,0.,1.));
#12817=DIRECTION('ref_axis',(1.,0.,0.));
#12818=DIRECTION('center_axis',(0.,0.,-1.));
#12819=DIRECTION('ref_axis',(-0.70710678118654,0.707106781186555,0.));
#12820=DIRECTION('',(0.,-1.,0.));
#12821=DIRECTION('center_axis',(0.,0.,-1.));
#12822=DIRECTION('ref_axis',(0.,-1.,0.));
#12823=DIRECTION('',(-1.,0.,0.));
#12824=DIRECTION('center_axis',(0.,0.,-1.));
#12825=DIRECTION('ref_axis',(-0.70710678118654,0.707106781186555,0.));
#12826=DIRECTION('',(-1.72143618294838E-15,-1.,0.));
#12827=DIRECTION('center_axis',(0.,0.,1.));
#12828=DIRECTION('ref_axis',(-0.703522437612856,-0.710673047030254,0.));
#12829=DIRECTION('center_axis',(0.,0.,-1.));
#12830=DIRECTION('ref_axis',(1.,0.,0.));
#12831=DIRECTION('center_axis',(0.,0.,-1.));
#12832=DIRECTION('ref_axis',(-0.782916711110868,0.622126533322074,0.));
#12833=DIRECTION('center_axis',(0.,0.,1.));
#12834=DIRECTION('ref_axis',(1.,0.,0.));
#12835=DIRECTION('center_axis',(0.,0.,-1.));
#12836=DIRECTION('ref_axis',(1.,0.,0.));
#12837=DIRECTION('',(0.,0.,1.));
#12838=DIRECTION('center_axis',(0.,0.,-1.));
#12839=DIRECTION('ref_axis',(1.,0.,0.));
#12840=DIRECTION('center_axis',(0.,0.,-1.));
#12841=DIRECTION('ref_axis',(1.,0.,0.));
#12842=DIRECTION('center_axis',(0.,0.,-1.));
#12843=DIRECTION('ref_axis',(1.,0.,0.));
#12844=DIRECTION('',(0.70710678118654,-8.65956056235484E-17,0.707106781186555));
#12845=DIRECTION('center_axis',(0.,0.,1.));
#12846=DIRECTION('ref_axis',(1.,0.,0.));
#12847=DIRECTION('center_axis',(0.,0.,-1.));
#12848=DIRECTION('ref_axis',(1.,0.,0.));
#12849=DIRECTION('',(0.,0.,1.));
#12850=DIRECTION('center_axis',(0.,0.,1.));
#12851=DIRECTION('ref_axis',(1.,0.,0.));
#12852=DIRECTION('center_axis',(0.,0.,-1.));
#12853=DIRECTION('ref_axis',(1.,0.,0.));
#12854=DIRECTION('center_axis',(0.,0.,-1.));
#12855=DIRECTION('ref_axis',(1.,0.,0.));
#12856=DIRECTION('center_axis',(0.,0.,1.));
#12857=DIRECTION('ref_axis',(1.,0.,0.));
#12858=DIRECTION('',(-0.70710678118654,-8.65956056235484E-17,-0.707106781186555));
#12859=DIRECTION('center_axis',(0.,0.,-1.));
#12860=DIRECTION('ref_axis',(1.,0.,0.));
#12861=DIRECTION('center_axis',(0.,0.,1.));
#12862=DIRECTION('ref_axis',(-1.,0.,0.));
#12863=DIRECTION('center_axis',(0.,0.,1.));
#12864=DIRECTION('ref_axis',(-1.,0.,0.));
#12865=DIRECTION('center_axis',(0.,0.,-1.));
#12866=DIRECTION('ref_axis',(1.,0.,0.));
#12867=DIRECTION('',(0.,0.,1.));
#12868=DIRECTION('center_axis',(0.,0.,-1.));
#12869=DIRECTION('ref_axis',(1.,0.,0.));
#12870=DIRECTION('center_axis',(0.,0.,-1.));
#12871=DIRECTION('ref_axis',(1.,0.,0.));
#12872=DIRECTION('center_axis',(0.,0.,-1.));
#12873=DIRECTION('ref_axis',(1.,0.,0.));
#12874=DIRECTION('center_axis',(0.,0.,-1.));
#12875=DIRECTION('ref_axis',(1.,0.,0.));
#12876=DIRECTION('',(0.70710678118654,-8.65956056235484E-17,0.707106781186555));
#12877=DIRECTION('center_axis',(0.,0.,1.));
#12878=DIRECTION('ref_axis',(1.,0.,0.));
#12879=DIRECTION('center_axis',(0.,0.,-1.));
#12880=DIRECTION('ref_axis',(1.,0.,0.));
#12881=DIRECTION('center_axis',(0.,0.,-1.));
#12882=DIRECTION('ref_axis',(1.,0.,0.));
#12883=DIRECTION('center_axis',(0.,0.,-1.));
#12884=DIRECTION('ref_axis',(1.,0.,0.));
#12885=DIRECTION('',(0.,0.,1.));
#12886=DIRECTION('center_axis',(0.,0.,-1.));
#12887=DIRECTION('ref_axis',(1.,0.,0.));
#12888=DIRECTION('center_axis',(0.,0.,-1.));
#12889=DIRECTION('ref_axis',(1.,0.,0.));
#12890=DIRECTION('center_axis',(0.,0.,-1.));
#12891=DIRECTION('ref_axis',(-1.,0.,0.));
#12892=DIRECTION('center_axis',(0.,0.,1.));
#12893=DIRECTION('ref_axis',(-1.,0.,0.));
#12894=DIRECTION('center_axis',(0.,0.,1.));
#12895=DIRECTION('ref_axis',(-1.,0.,0.));
#12896=DIRECTION('',(0.70710678118654,8.65956056235484E-17,-0.707106781186555));
#12897=DIRECTION('center_axis',(0.,0.,-1.));
#12898=DIRECTION('ref_axis',(-1.,0.,0.));
#12899=DIRECTION('center_axis',(0.,0.,1.));
#12900=DIRECTION('ref_axis',(1.,0.,0.));
#12901=DIRECTION('center_axis',(0.,0.,-1.));
#12902=DIRECTION('ref_axis',(1.,0.,0.));
#12903=DIRECTION('center_axis',(0.,0.,-1.));
#12904=DIRECTION('ref_axis',(1.,0.,0.));
#12905=DIRECTION('',(0.,0.,1.));
#12906=DIRECTION('center_axis',(0.,0.,-1.));
#12907=DIRECTION('ref_axis',(1.,0.,0.));
#12908=DIRECTION('',(0.70710678118654,-8.65956056235484E-17,0.707106781186555));
#12909=DIRECTION('center_axis',(0.,0.,1.));
#12910=DIRECTION('ref_axis',(1.,0.,0.));
#12911=DIRECTION('center_axis',(0.,0.,1.));
#12912=DIRECTION('ref_axis',(1.,0.,0.));
#12913=DIRECTION('center_axis',(0.,0.,1.));
#12914=DIRECTION('ref_axis',(-1.,0.,0.));
#12915=DIRECTION('',(0.,0.,1.));
#12916=DIRECTION('center_axis',(0.,0.,-1.));
#12917=DIRECTION('ref_axis',(1.,0.,0.));
#12918=DIRECTION('center_axis',(0.,0.,-1.));
#12919=DIRECTION('ref_axis',(1.,0.,0.));
#12920=DIRECTION('',(0.70710678118654,-8.65956056235484E-17,0.707106781186555));
#12921=DIRECTION('center_axis',(0.,0.,1.));
#12922=DIRECTION('ref_axis',(1.,0.,0.));
#12923=DIRECTION('center_axis',(0.,0.,1.));
#12924=DIRECTION('ref_axis',(1.,0.,0.));
#12925=DIRECTION('center_axis',(0.,0.,-1.));
#12926=DIRECTION('ref_axis',(0.,-1.,0.));
#12927=DIRECTION('',(0.,-1.,0.));
#12928=DIRECTION('center_axis',(0.,0.,1.));
#12929=DIRECTION('ref_axis',(-0.70710678118654,0.707106781186555,0.));
#12930=DIRECTION('',(-1.,2.80810520837905E-16,0.));
#12931=DIRECTION('center_axis',(0.,0.,1.));
#12932=DIRECTION('ref_axis',(0.382683432365095,0.923879532511285,0.));
#12933=DIRECTION('',(-0.707106781186547,0.707106781186548,0.));
#12934=DIRECTION('center_axis',(0.,0.,1.));
#12935=DIRECTION('ref_axis',(0.923879532511287,0.382683432365089,0.));
#12936=DIRECTION('',(0.,1.,0.));
#12937=DIRECTION('center_axis',(0.,0.,1.));
#12938=DIRECTION('ref_axis',(0.707106781186543,-0.707106781186552,0.));
#12939=DIRECTION('',(1.,0.,0.));
#12940=DIRECTION('center_axis',(0.,0.,1.));
#12941=DIRECTION('ref_axis',(-0.632455532033704,-0.77459666924146,0.));
#12942=DIRECTION('center_axis',(0.,0.,-1.));
#12943=DIRECTION('ref_axis',(0.707106781186548,0.707106781186548,0.));
#12944=DIRECTION('',(0.,1.,0.));
#12945=DIRECTION('center_axis',(0.,0.,-1.));
#12946=DIRECTION('ref_axis',(0.447213595499928,0.894427190999931,0.));
#12947=DIRECTION('center_axis',(0.,0.,-1.));
#12948=DIRECTION('ref_axis',(1.,0.,0.));
#12949=DIRECTION('center_axis',(0.,0.,1.));
#12950=DIRECTION('ref_axis',(1.,0.,0.));
#12951=DIRECTION('',(0.,0.,1.));
#12952=DIRECTION('center_axis',(0.,0.,1.));
#12953=DIRECTION('ref_axis',(1.,0.,0.));
#12954=DIRECTION('center_axis',(0.,0.,-1.));
#12955=DIRECTION('ref_axis',(1.,0.,0.));
#12956=DIRECTION('',(0.70710678118654,-8.65956056235484E-17,0.707106781186555));
#12957=DIRECTION('center_axis',(0.,0.,1.));
#12958=DIRECTION('ref_axis',(1.,0.,0.));
#12959=DIRECTION('center_axis',(0.,0.,1.));
#12960=DIRECTION('ref_axis',(1.,0.,0.));
#12961=DIRECTION('',(0.,0.,1.));
#12962=DIRECTION('center_axis',(0.,0.,1.));
#12963=DIRECTION('ref_axis',(1.,0.,0.));
#12964=DIRECTION('center_axis',(0.,0.,-1.));
#12965=DIRECTION('ref_axis',(0.707106781186547,0.707106781186547,0.));
#12966=DIRECTION('',(-0.692820323027576,-0.14142135623732,0.707106781186521));
#12967=DIRECTION('center_axis',(0.,0.,1.));
#12968=DIRECTION('ref_axis',(0.707106781186548,0.707106781186548,0.));
#12969=DIRECTION('center_axis',(0.,0.,1.));
#12970=DIRECTION('ref_axis',(-0.632455532033704,-0.77459666924146,0.));
#12971=DIRECTION('',(0.,-0.70710678118654,0.707106781186555));
#12972=DIRECTION('center_axis',(0.,0.,-1.));
#12973=DIRECTION('ref_axis',(-0.632455532033704,-0.77459666924146,0.));
#12974=DIRECTION('center_axis',(0.,-0.707106781186555,-0.70710678118654));
#12975=DIRECTION('ref_axis',(-1.,0.,0.));
#12976=DIRECTION('',(0.,-0.70710678118654,0.707106781186555));
#12977=DIRECTION('',(-1.,0.,0.));
#12978=DIRECTION('center_axis',(0.,0.,1.));
#12979=DIRECTION('ref_axis',(0.707106781186543,-0.707106781186552,0.));
#12980=DIRECTION('',(0.70710678118654,0.,0.707106781186555));
#12981=DIRECTION('center_axis',(0.,0.,-1.));
#12982=DIRECTION('ref_axis',(0.707106781186543,-0.707106781186552,0.));
#12983=DIRECTION('center_axis',(0.707106781186555,0.,-0.70710678118654));
#12984=DIRECTION('ref_axis',(-0.70710678118654,0.,-0.707106781186555));
#12985=DIRECTION('',(0.70710678118654,0.,0.707106781186555));
#12986=DIRECTION('',(0.,-1.,0.));
#12987=DIRECTION('center_axis',(0.,0.,1.));
#12988=DIRECTION('ref_axis',(0.923879532511287,0.382683432365089,0.));
#12989=DIRECTION('',(0.499999999999989,0.500000000000005,0.707106781186552));
#12990=DIRECTION('center_axis',(0.,0.,-1.));
#12991=DIRECTION('ref_axis',(0.923879532511287,0.382683432365089,0.));
#12992=DIRECTION('center_axis',(0.500000000000015,0.500000000000015,-0.707106781186527));
#12993=DIRECTION('ref_axis',(-0.81649658092771,0.,-0.577350269189649));
#12994=DIRECTION('',(0.500000000000003,0.499999999999964,0.707106781186571));
#12995=DIRECTION('',(0.707106781186547,-0.707106781186548,0.));
#12996=DIRECTION('center_axis',(0.,0.,1.));
#12997=DIRECTION('ref_axis',(0.382683432365095,0.923879532511285,0.));
#12998=DIRECTION('',(0.,0.707106781186548,0.707106781186548));
#12999=DIRECTION('center_axis',(0.,0.,-1.));
#13000=DIRECTION('ref_axis',(0.382683432365095,0.923879532511285,0.));
#13001=DIRECTION('center_axis',(1.9856302351301E-16,0.707106781186551,-0.707106781186544));
#13002=DIRECTION('ref_axis',(-1.,0.,-2.80810520837908E-16));
#13003=DIRECTION('',(0.,0.707106781186544,0.707106781186551));
#13004=DIRECTION('center_axis',(0.,0.,1.));
#13005=DIRECTION('ref_axis',(-0.70710678118654,0.707106781186555,0.));
#13006=DIRECTION('',(-0.70710678118654,0.,0.707106781186555));
#13007=DIRECTION('center_axis',(0.,0.,-1.));
#13008=DIRECTION('ref_axis',(-0.70710678118654,0.707106781186555,0.));
#13009=DIRECTION('center_axis',(-0.707106781186555,0.,-0.70710678118654));
#13010=DIRECTION('ref_axis',(-0.70710678118654,0.,0.707106781186555));
#13011=DIRECTION('',(-0.70710678118654,0.,0.707106781186555));
#13012=DIRECTION('',(0.,1.,0.));
#13013=DIRECTION('center_axis',(0.,0.,-1.));
#13014=DIRECTION('ref_axis',(0.,-1.,0.));
#13015=DIRECTION('center_axis',(0.,0.,1.));
#13016=DIRECTION('ref_axis',(0.,-1.,0.));
#13017=DIRECTION('center_axis',(-1.,0.,0.));
#13018=DIRECTION('ref_axis',(0.,1.,0.));
#13019=DIRECTION('',(0.,0.,1.));
#13020=DIRECTION('',(0.,0.,1.));
#13021=DIRECTION('',(0.,1.,0.));
#13022=DIRECTION('',(0.,0.,-1.));
#13023=DIRECTION('center_axis',(0.,0.,-1.));
#13024=DIRECTION('ref_axis',(0.447213595499928,0.894427190999931,0.));
#13025=DIRECTION('',(0.,0.,-1.));
#13026=DIRECTION('center_axis',(0.,0.,-1.));
#13027=DIRECTION('ref_axis',(0.,-1.,0.));
#13028=DIRECTION('',(0.,0.,1.));
#13029=DIRECTION('',(0.,0.,1.));
#13030=DIRECTION('center_axis',(0.,1.,0.));
#13031=DIRECTION('ref_axis',(-1.,0.,0.));
#13032=DIRECTION('',(0.,0.,1.));
#13033=DIRECTION('center_axis',(0.,0.,-1.));
#13034=DIRECTION('ref_axis',(-0.70710678118654,0.707106781186555,0.));
#13035=DIRECTION('',(0.,0.,-1.));
#13036=DIRECTION('center_axis',(-1.,1.72143618294838E-15,0.));
#13037=DIRECTION('ref_axis',(-1.72143618294838E-15,-1.,0.));
#13038=DIRECTION('',(0.,0.,-1.));
#13039=DIRECTION('center_axis',(0.,0.,-1.));
#13040=DIRECTION('ref_axis',(-0.703522437612856,-0.710673047030254,0.));
#13041=DIRECTION('',(0.,0.,1.));
#13042=DIRECTION('center_axis',(0.,0.,-1.));
#13043=DIRECTION('ref_axis',(1.,0.,0.));
#13044=DIRECTION('',(0.,0.,1.));
#13045=DIRECTION('center_axis',(0.,0.,1.));
#13046=DIRECTION('ref_axis',(0.707106781186546,-0.707106781186549,0.));
#13047=DIRECTION('',(0.,-0.707106781186571,0.707106781186524));
#13048=DIRECTION('center_axis',(0.,0.,1.));
#13049=DIRECTION('ref_axis',(0.707106781186546,-0.707106781186549,0.));
#13050=DIRECTION('',(0.499999999999954,-0.499999999999985,0.707106781186591));
#13051=DIRECTION('center_axis',(-5.14677877866461E-15,-0.70710678118654,
-0.707106781186555));
#13052=DIRECTION('ref_axis',(-1.,0.,7.27864435132144E-15));
#13053=DIRECTION('',(0.,-0.707106781186555,0.70710678118654));
#13054=DIRECTION('',(1.,-7.2786443513216E-15,0.));
#13055=DIRECTION('center_axis',(0.,0.,-1.));
#13056=DIRECTION('ref_axis',(-0.707106781186525,0.70710678118657,0.));
#13057=DIRECTION('',(0.499999999999993,-0.499999999999993,0.707106781186557));
#13058=DIRECTION('center_axis',(0.,0.,-1.));
#13059=DIRECTION('ref_axis',(-0.707106781186525,0.70710678118657,0.));
#13060=DIRECTION('center_axis',(0.500000000000007,-0.500000000000007,-0.707106781186538));
#13061=DIRECTION('ref_axis',(-0.816496580927718,0.,-0.577350269189637));
#13062=DIRECTION('',(0.499999999999977,-0.50000000000004,0.707106781186535));
#13063=DIRECTION('',(0.707106781186547,0.707106781186548,0.));
#13064=DIRECTION('center_axis',(0.,0.,-1.));
#13065=DIRECTION('ref_axis',(-1.,-8.88178419700144E-15,0.));
#13066=DIRECTION('',(0.707106781186508,0.,0.707106781186587));
#13067=DIRECTION('center_axis',(0.,0.,-1.));
#13068=DIRECTION('ref_axis',(-1.,-8.88178419700144E-15,0.));
#13069=DIRECTION('center_axis',(0.707106781186587,6.34543802730214E-16,
-0.707106781186508));
#13070=DIRECTION('ref_axis',(-0.707106781186508,0.,-0.707106781186587));
#13071=DIRECTION('',(0.707106781186571,0.,0.707106781186524));
#13072=DIRECTION('',(-8.97380451740817E-16,1.,0.));
#13073=DIRECTION('center_axis',(0.,0.,1.));
#13074=DIRECTION('ref_axis',(1.,0.,0.));
#13075=DIRECTION('',(0.499999999999993,-0.499999999999993,0.707106781186557));
#13076=DIRECTION('center_axis',(0.,0.,1.));
#13077=DIRECTION('ref_axis',(1.,0.,0.));
#13078=DIRECTION('center_axis',(0.500000000000006,-0.500000000000008,-0.707106781186538));
#13079=DIRECTION('ref_axis',(-0.816496580927719,0.,-0.577350269189636));
#13080=DIRECTION('',(0.500000000000009,-0.499999999999946,0.70710678118658));
#13081=DIRECTION('',(0.707106781186549,0.707106781186546,0.));
#13082=DIRECTION('center_axis',(0.,0.,-1.));
#13083=DIRECTION('ref_axis',(-1.,7.10542735760002E-14,0.));
#13084=DIRECTION('',(0.707106781186508,0.,0.707106781186587));
#13085=DIRECTION('center_axis',(0.,0.,-1.));
#13086=DIRECTION('ref_axis',(-1.,7.10542735760002E-14,0.));
#13087=DIRECTION('center_axis',(0.500000000000007,0.500000000000007,-0.707106781186538));
#13088=DIRECTION('ref_axis',(-0.816496580927718,0.,-0.577350269189637));
#13089=DIRECTION('',(0.500000000000056,0.500000000000056,0.707106781186469));
#13090=DIRECTION('',(-0.707106781186547,0.707106781186548,0.));
#13091=DIRECTION('',(0.499999999999993,0.499999999999993,0.707106781186557));
#13092=DIRECTION('center_axis',(0.,0.,-1.));
#13093=DIRECTION('ref_axis',(-0.923879532511287,-0.382683432365089,0.));
#13094=DIRECTION('center_axis',(0.,0.,1.));
#13095=DIRECTION('ref_axis',(-0.923879532511287,-0.382683432365089,0.));
#13096=DIRECTION('',(-0.707106781186477,0.,-0.707106781186618));
#13097=DIRECTION('center_axis',(0.707106781186618,1.78006208850988E-15,
-0.707106781186477));
#13098=DIRECTION('ref_axis',(-0.707106781186477,0.,-0.707106781186618));
#13099=DIRECTION('',(-2.5173879474366E-15,1.,0.));
#13100=DIRECTION('center_axis',(-5.06114510439601E-16,0.707106781186587,
-0.707106781186508));
#13101=DIRECTION('ref_axis',(-1.,0.,7.15754004777543E-16));
#13102=DIRECTION('',(0.,0.707106781186571,0.707106781186524));
#13103=DIRECTION('',(-1.,-7.15754004777464E-16,0.));
#13104=DIRECTION('',(0.,0.707106781186508,0.707106781186587));
#13105=DIRECTION('center_axis',(0.,0.,-1.));
#13106=DIRECTION('ref_axis',(-0.382683432365056,-0.923879532511301,0.));
#13107=DIRECTION('center_axis',(0.,0.,1.));
#13108=DIRECTION('ref_axis',(-0.382683432365056,-0.923879532511301,0.));
#13109=DIRECTION('',(0.373565846664681,0.600373682139536,0.707106781186487));
#13110=DIRECTION('center_axis',(0.,0.,1.));
#13111=DIRECTION('ref_axis',(0.,1.,0.));
#13112=DIRECTION('center_axis',(0.,0.,-1.));
#13113=DIRECTION('ref_axis',(0.,-1.,0.));
#13114=DIRECTION('',(0.,0.707106781186571,0.707106781186524));
#13115=DIRECTION('center_axis',(-5.06114510439556E-16,0.707106781186524,
-0.707106781186571));
#13116=DIRECTION('ref_axis',(-1.,0.,7.15754004777416E-16));
#13117=DIRECTION('',(-1.,-7.15754004777464E-16,0.));
#13118=DIRECTION('',(0.,0.707106781186571,0.707106781186524));
#13119=DIRECTION('center_axis',(0.,0.,-1.));
#13120=DIRECTION('ref_axis',(-0.382683432365083,-0.923879532511289,0.));
#13121=DIRECTION('center_axis',(0.,0.,1.));
#13122=DIRECTION('ref_axis',(-0.382683432365084,-0.923879532511289,0.));
#13123=DIRECTION('center_axis',(0.,0.,-1.));
#13124=DIRECTION('ref_axis',(0.707106781186585,-0.70710678118651,0.));
#13125=DIRECTION('center_axis',(0.,0.,1.));
#13126=DIRECTION('ref_axis',(0.382683432365114,-0.923879532511277,0.));
#13127=DIRECTION('',(-0.50000000000004,0.499999999999977,0.707106781186535));
#13128=DIRECTION('center_axis',(0.,0.,-1.));
#13129=DIRECTION('ref_axis',(0.707106781186585,-0.70710678118651,0.));
#13130=DIRECTION('center_axis',(-0.500000000000022,0.499999999999961,-0.70710678118656));
#13131=DIRECTION('ref_axis',(-0.816496580927719,0.,0.577350269189636));
#13132=DIRECTION('',(0.707106781186506,0.707106781186589,-2.35513868802562E-15));
#13133=DIRECTION('',(-0.50000000000004,0.499999999999977,0.707106781186535));
#13134=DIRECTION('',(-0.707106781186504,-0.707106781186591,0.));
#13135=DIRECTION('center_axis',(0.,0.,-1.));
#13136=DIRECTION('ref_axis',(1.,0.,0.));
#13137=DIRECTION('center_axis',(0.,0.,1.));
#13138=DIRECTION('ref_axis',(0.923879532511298,-0.382683432365063,0.));
#13139=DIRECTION('',(-0.70710678118654,0.,0.707106781186555));
#13140=DIRECTION('center_axis',(0.,0.,-1.));
#13141=DIRECTION('ref_axis',(1.,0.,0.));
#13142=DIRECTION('center_axis',(-0.707106781186555,0.,-0.70710678118654));
#13143=DIRECTION('ref_axis',(-0.70710678118654,0.,0.707106781186555));
#13144=DIRECTION('',(-0.70710678118654,0.,0.707106781186555));
#13145=DIRECTION('',(0.,-1.,0.));
#13146=DIRECTION('center_axis',(0.,0.,1.));
#13147=DIRECTION('ref_axis',(-1.,0.,0.));
#13148=DIRECTION('center_axis',(0.,0.,-1.));
#13149=DIRECTION('ref_axis',(0.707106781186548,0.707106781186548,0.));
#13150=DIRECTION('',(0.692820323027612,0.141421356237283,0.707106781186493));
#13151=DIRECTION('center_axis',(0.,0.,1.));
#13152=DIRECTION('ref_axis',(-1.,0.,0.));
#13153=DIRECTION('center_axis',(0.,0.,-1.));
#13154=DIRECTION('ref_axis',(8.88178419700184E-14,-1.,0.));
#13155=DIRECTION('center_axis',(0.,0.,1.));
#13156=DIRECTION('ref_axis',(-0.632455532033704,-0.77459666924146,0.));
#13157=DIRECTION('',(0.,0.70710678118654,0.707106781186555));
#13158=DIRECTION('center_axis',(0.,0.,-1.));
#13159=DIRECTION('ref_axis',(8.88178419700184E-14,-1.,0.));
#13160=DIRECTION('center_axis',(0.,0.,-1.));
#13161=DIRECTION('ref_axis',(0.,-1.,0.));
#13162=DIRECTION('',(-0.707106781186602,0.,0.707106781186493));
#13163=DIRECTION('center_axis',(0.,0.,1.));
#13164=DIRECTION('ref_axis',(0.,-1.,0.));
#13165=DIRECTION('',(0.,0.707106781186571,0.707106781186524));
#13166=DIRECTION('center_axis',(0.,0.707106781186555,-0.70710678118654));
#13167=DIRECTION('ref_axis',(-1.,0.,0.));
#13168=DIRECTION('',(1.,0.,0.));
#13169=DIRECTION('',(-1.,0.,0.));
#13170=DIRECTION('center_axis',(-0.499999999999968,-0.499999999999967,-0.707106781186593));
#13171=DIRECTION('ref_axis',(-0.816496580927761,0.,0.577350269189576));
#13172=DIRECTION('',(0.,0.816496580927761,-0.577350269189576));
#13173=DIRECTION('center_axis',(0.499999999999968,0.499999999999967,0.707106781186593));
#13174=DIRECTION('ref_axis',(0.500000000000033,0.500000000000032,-0.707106781186502));
#13175=DIRECTION('',(-0.707106781186547,0.707106781186548,3.14018491736735E-16));
#13176=DIRECTION('center_axis',(0.499999999999968,0.499999999999967,0.707106781186593));
#13177=DIRECTION('ref_axis',(0.500000000000033,0.500000000000032,-0.707106781186502));
#13178=DIRECTION('',(-0.499999999999973,-0.499999999999926,0.707106781186619));
#13179=DIRECTION('',(0.707106781186547,-0.707106781186548,0.));
#13180=DIRECTION('',(-0.500000000000017,-0.500000000000048,0.707106781186502));
#13181=DIRECTION('center_axis',(0.,0.,-1.));
#13182=DIRECTION('ref_axis',(0.923879532511287,0.382683432365089,0.));
#13183=DIRECTION('center_axis',(0.,0.,1.));
#13184=DIRECTION('ref_axis',(0.923879532511287,0.382683432365089,0.));
#13185=DIRECTION('',(-0.70710678118654,0.,0.707106781186555));
#13186=DIRECTION('center_axis',(-0.707106781186493,0.,-0.707106781186603));
#13187=DIRECTION('ref_axis',(-0.707106781186602,0.,0.707106781186493));
#13188=DIRECTION('',(0.,1.,0.));
#13189=DIRECTION('',(0.,-1.,0.));
#13190=DIRECTION('center_axis',(-6.98465036989897E-17,-0.707106781186555,
-0.70710678118654));
#13191=DIRECTION('ref_axis',(-1.,0.,9.87778728154549E-17));
#13192=DIRECTION('',(0.,-0.707106781186524,0.707106781186571));
#13193=DIRECTION('',(1.,-9.87778728154527E-17,0.));
#13194=DIRECTION('',(0.,-0.70710678118654,0.707106781186555));
#13195=DIRECTION('center_axis',(0.,0.,-1.));
#13196=DIRECTION('ref_axis',(0.382683432365083,0.92387953251129,0.));
#13197=DIRECTION('center_axis',(0.,0.,1.));
#13198=DIRECTION('ref_axis',(0.382683432365083,0.92387953251129,0.));
#13199=DIRECTION('center_axis',(0.,0.,-1.));
#13200=DIRECTION('ref_axis',(-0.707106781186521,0.707106781186574,0.));
#13201=DIRECTION('',(0.500000000000024,-0.500000000000024,0.707106781186513));
#13202=DIRECTION('center_axis',(0.,0.,-1.));
#13203=DIRECTION('ref_axis',(-0.707106781186521,0.707106781186574,0.));
#13204=DIRECTION('center_axis',(0.499999999999977,-0.499999999999974,-0.707106781186582));
#13205=DIRECTION('ref_axis',(-0.816496580927752,0.,-0.577350269189589));
#13206=DIRECTION('',(0.707106781186545,0.70710678118655,0.));
#13207=DIRECTION('center_axis',(0.,0.,1.));
#13208=DIRECTION('ref_axis',(1.,0.,0.));
#13209=DIRECTION('center_axis',(0.,0.,-1.));
#13210=DIRECTION('ref_axis',(1.,0.,0.));
#13211=DIRECTION('',(0.707106781186552,-8.65956056235499E-17,-0.707106781186543));
#13212=DIRECTION('center_axis',(0.,0.,1.));
#13213=DIRECTION('ref_axis',(1.,0.,0.));
#13214=DIRECTION('center_axis',(0.,0.,-1.));
#13215=DIRECTION('ref_axis',(1.,0.,0.));
#13216=DIRECTION('center_axis',(0.,0.,1.));
#13217=DIRECTION('ref_axis',(-1.,0.,0.));
#13218=DIRECTION('center_axis',(0.,0.,1.));
#13219=DIRECTION('ref_axis',(-1.,0.,0.));
#13220=DIRECTION('center_axis',(0.,0.,-1.));
#13221=DIRECTION('ref_axis',(1.,0.,0.));
#13222=DIRECTION('center_axis',(0.,0.,1.));
#13223=DIRECTION('ref_axis',(1.,0.,0.));
#13224=DIRECTION('',(-0.70710678118654,-8.65956056235484E-17,0.707106781186555));
#13225=DIRECTION('center_axis',(0.,0.,-1.));
#13226=DIRECTION('ref_axis',(1.,0.,0.));
#13227=DIRECTION('center_axis',(0.,0.,1.));
#13228=DIRECTION('ref_axis',(-1.,0.,0.));
#13229=DIRECTION('center_axis',(0.,0.,1.));
#13230=DIRECTION('ref_axis',(-1.,0.,0.));
#13231=DIRECTION('center_axis',(0.,0.,1.));
#13232=DIRECTION('ref_axis',(1.,0.,0.));
#13233=DIRECTION('',(0.70710678118654,-8.65956056235484E-17,-0.707106781186555));
#13234=DIRECTION('center_axis',(0.,0.,1.));
#13235=DIRECTION('ref_axis',(1.,0.,0.));
#13236=DIRECTION('center_axis',(0.,0.,1.));
#13237=DIRECTION('ref_axis',(1.,0.,0.));
#13238=DIRECTION('center_axis',(0.,0.,1.));
#13239=DIRECTION('ref_axis',(-1.,0.,0.));
#13240=DIRECTION('',(0.,0.,-1.));
#13241=DIRECTION('center_axis',(0.,0.,1.));
#13242=DIRECTION('ref_axis',(1.,0.,0.));
#13243=DIRECTION('',(0.70710678118654,-8.65956056235484E-17,-0.707106781186555));
#13244=DIRECTION('center_axis',(0.,0.,1.));
#13245=DIRECTION('ref_axis',(1.,0.,0.));
#13246=DIRECTION('center_axis',(0.,0.,1.));
#13247=DIRECTION('ref_axis',(1.,0.,0.));
#13248=DIRECTION('center_axis',(0.,0.,1.));
#13249=DIRECTION('ref_axis',(-1.,0.,0.));
#13250=DIRECTION('',(0.,0.,-1.));
#13251=DIRECTION('center_axis',(0.,0.,1.));
#13252=DIRECTION('ref_axis',(-1.,0.,0.));
#13253=DIRECTION('center_axis',(0.,0.,1.));
#13254=DIRECTION('ref_axis',(1.,0.,0.));
#13255=DIRECTION('',(-0.70710678118654,-8.65956056235484E-17,0.707106781186555));
#13256=DIRECTION('center_axis',(0.,0.,-1.));
#13257=DIRECTION('ref_axis',(1.,0.,0.));
#13258=DIRECTION('center_axis',(0.,0.,1.));
#13259=DIRECTION('ref_axis',(-1.,0.,0.));
#13260=DIRECTION('center_axis',(-0.707106781186589,0.707106781186506,0.));
#13261=DIRECTION('ref_axis',(0.707106781186506,0.707106781186589,0.));
#13262=DIRECTION('',(0.,0.,1.));
#13263=DIRECTION('',(0.,0.,-1.));
#13264=DIRECTION('center_axis',(0.,0.,1.));
#13265=DIRECTION('ref_axis',(0.923879532511298,-0.382683432365063,0.));
#13266=DIRECTION('center_axis',(0.,0.,1.));
#13267=DIRECTION('ref_axis',(0.707106781186548,0.707106781186548,0.));
#13268=DIRECTION('',(0.,0.,1.));
#13269=DIRECTION('center_axis',(0.,0.,1.));
#13270=DIRECTION('ref_axis',(-0.632455532033704,-0.77459666924146,0.));
#13271=DIRECTION('',(0.,0.,-1.));
#13272=DIRECTION('center_axis',(0.,1.,0.));
#13273=DIRECTION('ref_axis',(1.,0.,0.));
#13274=DIRECTION('',(0.,0.,1.));
#13275=DIRECTION('center_axis',(0.,0.,1.));
#13276=DIRECTION('ref_axis',(0.707106781186543,-0.707106781186552,0.));
#13277=DIRECTION('',(0.,0.,-1.));
#13278=DIRECTION('center_axis',(-1.,0.,0.));
#13279=DIRECTION('ref_axis',(0.,1.,0.));
#13280=DIRECTION('',(0.,0.,1.));
#13281=DIRECTION('center_axis',(0.,0.,1.));
#13282=DIRECTION('ref_axis',(0.923879532511287,0.382683432365089,0.));
#13283=DIRECTION('',(0.,0.,-1.));
#13284=DIRECTION('center_axis',(-0.707106781186548,-0.707106781186547,0.));
#13285=DIRECTION('ref_axis',(-0.707106781186547,0.707106781186548,0.));
#13286=DIRECTION('',(0.,0.,1.));
#13287=DIRECTION('center_axis',(0.,0.,1.));
#13288=DIRECTION('ref_axis',(0.382683432365095,0.923879532511285,0.));
#13289=DIRECTION('center_axis',(0.,0.,1.));
#13290=DIRECTION('ref_axis',(-0.70710678118654,0.707106781186555,0.));
#13291=DIRECTION('',(0.,0.,-1.));
#13292=DIRECTION('center_axis',(0.,0.,-1.));
#13293=DIRECTION('ref_axis',(-0.782916711110868,0.622126533322074,0.));
#13294=DIRECTION('',(0.,0.,-1.));
#13295=DIRECTION('center_axis',(-1.,0.,0.));
#13296=DIRECTION('ref_axis',(0.,-1.,0.));
#13297=DIRECTION('center_axis',(0.,0.,-1.));
#13298=DIRECTION('ref_axis',(-0.765471204962604,-0.643470150335739,0.));
#13299=DIRECTION('center_axis',(0.,0.,1.));
#13300=DIRECTION('ref_axis',(0.382683432365114,-0.923879532511277,0.));
#13301=DIRECTION('center_axis',(0.,0.,1.));
#13302=DIRECTION('ref_axis',(-1.,0.,0.));
#13303=DIRECTION('',(-0.707106781186547,-8.65956056235493E-17,-0.707106781186548));
#13304=DIRECTION('center_axis',(0.,0.,1.));
#13305=DIRECTION('ref_axis',(-1.,0.,0.));
#13306=DIRECTION('',(-0.707106781186547,-8.65956056235493E-17,-0.707106781186548));
#13307=DIRECTION('axis',(0.,0.,1.));
#13308=DIRECTION('refdir',(1.,0.,0.));
#13309=DIRECTION('axis',(0.,0.,1.));
#13310=DIRECTION('refdir',(1.,0.,0.));
#13311=DIRECTION('center_axis',(-1.,0.,0.));
#13312=DIRECTION('ref_axis',(0.,1.,-1.22464679914735E-16));
#13313=DIRECTION('center_axis',(1.,0.,0.));
#13314=DIRECTION('ref_axis',(0.,-1.,0.));
#13315=DIRECTION('center_axis',(1.,0.,0.));
#13316=DIRECTION('ref_axis',(0.,-1.,0.));
#13317=DIRECTION('center_axis',(-1.,0.,0.));
#13318=DIRECTION('ref_axis',(0.,-1.,0.));
#13319=DIRECTION('center_axis',(1.,0.,0.));
#13320=DIRECTION('ref_axis',(0.,-1.,0.));
#13321=DIRECTION('center_axis',(1.,0.,0.));
#13322=DIRECTION('ref_axis',(0.,-1.,0.));
#13323=DIRECTION('',(1.,0.,0.));
#13324=DIRECTION('center_axis',(0.,-1.,0.));
#13325=DIRECTION('ref_axis',(0.,0.,-1.));
#13326=DIRECTION('center_axis',(0.,1.,0.));
#13327=DIRECTION('ref_axis',(0.,0.,-1.));
#13328=DIRECTION('center_axis',(0.,-1.,0.));
#13329=DIRECTION('ref_axis',(0.,0.,-1.));
#13330=DIRECTION('center_axis',(0.,1.,0.));
#13331=DIRECTION('ref_axis',(0.,0.,-1.));
#13332=DIRECTION('center_axis',(0.,1.,0.));
#13333=DIRECTION('ref_axis',(0.,0.,-1.));
#13334=DIRECTION('',(0.,1.,0.));
#13335=DIRECTION('center_axis',(0.,0.,-1.));
#13336=DIRECTION('ref_axis',(1.,0.,0.));
#13337=DIRECTION('center_axis',(0.,0.,-1.));
#13338=DIRECTION('ref_axis',(1.,0.,0.));
#13339=DIRECTION('',(0.,0.,1.));
#13340=DIRECTION('center_axis',(0.,0.,1.));
#13341=DIRECTION('ref_axis',(1.,0.,0.));
#13342=DIRECTION('center_axis',(0.,0.,1.));
#13343=DIRECTION('ref_axis',(1.,0.,0.));
#13344=DIRECTION('center_axis',(0.,0.,1.));
#13345=DIRECTION('ref_axis',(1.,0.,0.));
#13346=DIRECTION('center_axis',(0.,0.,1.));
#13347=DIRECTION('ref_axis',(1.,0.,0.));
#13348=DIRECTION('center_axis',(0.,0.,1.));
#13349=DIRECTION('ref_axis',(1.,0.,0.));
#13350=DIRECTION('',(0.,0.,-1.));
#13351=DIRECTION('',(0.,0.,-1.));
#13352=DIRECTION('center_axis',(0.,0.,-1.));
#13353=DIRECTION('ref_axis',(1.,0.,0.));
#13354=DIRECTION('center_axis',(0.,0.,1.));
#13355=DIRECTION('ref_axis',(1.,0.,0.));
#13356=DIRECTION('center_axis',(0.,0.,-1.));
#13357=DIRECTION('ref_axis',(1.,0.,0.));
#13358=DIRECTION('center_axis',(0.,0.,1.));
#13359=DIRECTION('ref_axis',(1.,0.,0.));
#13360=DIRECTION('center_axis',(0.,0.,1.));
#13361=DIRECTION('ref_axis',(-1.,-6.67556288025359E-14,0.));
#13362=DIRECTION('center_axis',(0.,0.,-1.));
#13363=DIRECTION('ref_axis',(1.,6.67556288025359E-14,1.54074395550979E-30));
#13364=DIRECTION('center_axis',(0.,0.,-1.));
#13365=DIRECTION('ref_axis',(-1.,-6.67556288025359E-14,-1.29109804455157E-30));
#13366=DIRECTION('center_axis',(0.,0.,-1.));
#13367=DIRECTION('ref_axis',(-1.,-6.67556288025359E-14,-1.54074395550979E-30));
#13368=DIRECTION('center_axis',(0.,0.,1.));
#13369=DIRECTION('ref_axis',(-1.,-6.67556288025359E-14,0.));
#13370=DIRECTION('center_axis',(0.,0.,-1.));
#13371=DIRECTION('ref_axis',(1.,6.67556288025359E-14,1.54074395550979E-30));
#13372=DIRECTION('center_axis',(0.,0.,-1.));
#13373=DIRECTION('ref_axis',(-1.,-6.67556288025359E-14,-1.29109804455157E-30));
#13374=DIRECTION('center_axis',(0.,0.,-1.));
#13375=DIRECTION('ref_axis',(-1.,-6.67556288025359E-14,-1.54074395550979E-30));
#13376=DIRECTION('center_axis',(0.,0.,1.));
#13377=DIRECTION('ref_axis',(-1.,-6.67556288025359E-14,0.));
#13378=DIRECTION('center_axis',(0.,0.,-1.));
#13379=DIRECTION('ref_axis',(1.,6.67556288025359E-14,1.54074395550979E-30));
#13380=DIRECTION('center_axis',(0.,0.,-1.));
#13381=DIRECTION('ref_axis',(-1.,-6.67556288025359E-14,-1.29109804455157E-30));
#13382=DIRECTION('center_axis',(0.,0.,-1.));
#13383=DIRECTION('ref_axis',(-1.,-6.67556288025359E-14,-1.54074395550979E-30));
#13384=DIRECTION('center_axis',(0.,0.,1.));
#13385=DIRECTION('ref_axis',(-1.,-6.67556288025359E-14,0.));
#13386=DIRECTION('center_axis',(0.,0.,-1.));
#13387=DIRECTION('ref_axis',(1.,6.67556288025359E-14,1.54074395550979E-30));
#13388=DIRECTION('center_axis',(0.,0.,-1.));
#13389=DIRECTION('ref_axis',(-1.,-6.67556288025359E-14,-1.29109804455157E-30));
#13390=DIRECTION('center_axis',(0.,0.,-1.));
#13391=DIRECTION('ref_axis',(-1.,-6.67556288025359E-14,-1.54074395550979E-30));
#13392=DIRECTION('center_axis',(0.,0.,1.));
#13393=DIRECTION('ref_axis',(-6.65719317826638E-14,1.,2.41863370951722E-30));
#13394=DIRECTION('center_axis',(0.,0.,-1.));
#13395=DIRECTION('ref_axis',(1.,6.67556288025359E-14,1.54074395550979E-30));
#13396=DIRECTION('center_axis',(0.,0.,-1.));
#13397=DIRECTION('ref_axis',(-1.,-6.67556288025359E-14,-1.29109804455157E-30));
#13398=DIRECTION('center_axis',(0.,0.,-1.));
#13399=DIRECTION('ref_axis',(-1.,-6.67556288025359E-14,-1.54074395550979E-30));
#13400=DIRECTION('center_axis',(0.,0.,1.));
#13401=DIRECTION('ref_axis',(0.309016994374886,0.951056516295174,-1.34464927026309E-29));
#13402=DIRECTION('center_axis',(0.,0.,-1.));
#13403=DIRECTION('ref_axis',(1.,6.67556288025359E-14,1.54074395550979E-30));
#13404=DIRECTION('center_axis',(0.,0.,-1.));
#13405=DIRECTION('ref_axis',(-1.,-6.67556288025359E-14,-1.29109804455157E-30));
#13406=DIRECTION('center_axis',(0.,0.,-1.));
#13407=DIRECTION('ref_axis',(-1.,-6.67556288025359E-14,-1.54074395550979E-30));
#13408=DIRECTION('center_axis',(0.,0.,1.));
#13409=DIRECTION('ref_axis',(0.58778525229242,0.809016994374986,8.96432846842059E-31));
#13410=DIRECTION('center_axis',(0.,0.,-1.));
#13411=DIRECTION('ref_axis',(1.,6.67556288025359E-14,1.54074395550979E-30));
#13412=DIRECTION('center_axis',(0.,0.,-1.));
#13413=DIRECTION('ref_axis',(-1.,-6.67556288025359E-14,-1.29109804455157E-30));
#13414=DIRECTION('center_axis',(0.,0.,-1.));
#13415=DIRECTION('ref_axis',(-1.,-6.67556288025359E-14,-1.54074395550979E-30));
#13416=DIRECTION('center_axis',(0.,0.,1.));
#13417=DIRECTION('ref_axis',(0.809016994374907,0.587785252292529,-1.70322240899991E-29));
#13418=DIRECTION('center_axis',(0.,0.,-1.));
#13419=DIRECTION('ref_axis',(1.,6.67556288025359E-14,1.54074395550979E-30));
#13420=DIRECTION('center_axis',(0.,0.,-1.));
#13421=DIRECTION('ref_axis',(-1.,-6.67556288025359E-14,-1.29109804455157E-30));
#13422=DIRECTION('center_axis',(0.,0.,-1.));
#13423=DIRECTION('ref_axis',(-1.,-6.67556288025359E-14,-1.54074395550979E-30));
#13424=DIRECTION('center_axis',(0.,0.,1.));
#13425=DIRECTION('ref_axis',(0.951056516295133,0.309016994375011,-3.58573138736823E-30));
#13426=DIRECTION('center_axis',(0.,0.,-1.));
#13427=DIRECTION('ref_axis',(1.,6.67556288025359E-14,1.54074395550979E-30));
#13428=DIRECTION('center_axis',(0.,0.,-1.));
#13429=DIRECTION('ref_axis',(-1.,-6.67556288025359E-14,-1.29109804455157E-30));
#13430=DIRECTION('center_axis',(0.,0.,-1.));
#13431=DIRECTION('ref_axis',(-1.,-6.67556288025359E-14,-1.54074395550979E-30));
#13432=DIRECTION('center_axis',(0.,0.,1.));
#13433=DIRECTION('ref_axis',(1.,6.66331641226211E-14,0.));
#13434=DIRECTION('center_axis',(0.,0.,-1.));
#13435=DIRECTION('ref_axis',(-0.730206642393079,-0.683226360297249,-3.08148791101958E-30));
#13436=DIRECTION('center_axis',(0.,0.,-1.));
#13437=DIRECTION('ref_axis',(-1.,-6.67556288025359E-14,-1.29109804455157E-30));
#13438=DIRECTION('center_axis',(0.,0.,-1.));
#13439=DIRECTION('ref_axis',(-1.,-6.67556288025359E-14,-1.54074395550979E-30));
#13440=DIRECTION('center_axis',(0.,0.,1.));
#13441=DIRECTION('ref_axis',(0.951056516295174,-0.309016994374885,1.79286569368412E-30));
#13442=DIRECTION('center_axis',(0.,0.,-1.));
#13443=DIRECTION('ref_axis',(-0.905596341826738,-0.424140620160378,3.08148791101958E-30));
#13444=DIRECTION('center_axis',(0.,0.,-1.));
#13445=DIRECTION('ref_axis',(-1.,-6.67556288025359E-14,-1.29109804455157E-30));
#13446=DIRECTION('center_axis',(0.,0.,-1.));
#13447=DIRECTION('ref_axis',(-1.,-6.67556288025359E-14,-1.54074395550979E-30));
#13448=DIRECTION('center_axis',(0.,0.,1.));
#13449=DIRECTION('ref_axis',(0.809016994374986,-0.58778525229242,-5.37859708105235E-30));
#13450=DIRECTION('center_axis',(0.,0.,-1.));
#13451=DIRECTION('ref_axis',(-0.99233996166166,-0.12353704096074,4.62223186652937E-30));
#13452=DIRECTION('center_axis',(0.,0.,-1.));
#13453=DIRECTION('ref_axis',(-1.,-6.67556288025359E-14,-1.29109804455157E-30));
#13454=DIRECTION('center_axis',(0.,0.,-1.));
#13455=DIRECTION('ref_axis',(-1.,-6.67556288025359E-14,-1.54074395550979E-30));
#13456=DIRECTION('center_axis',(0.,0.,1.));
#13457=DIRECTION('ref_axis',(0.587785252292528,-0.809016994374907,-1.79286569368412E-30));
#13458=DIRECTION('center_axis',(0.,0.,-1.));
#13459=DIRECTION('ref_axis',(-0.981946432010067,0.189159204541302,-3.08148791101958E-30));
#13460=DIRECTION('center_axis',(0.,0.,-1.));
#13461=DIRECTION('ref_axis',(-1.,-6.67556288025359E-14,-1.29109804455157E-30));
#13462=DIRECTION('center_axis',(0.,0.,-1.));
#13463=DIRECTION('ref_axis',(-1.,-6.67556288025359E-14,-1.54074395550979E-30));
#13464=DIRECTION('center_axis',(0.,0.,1.));
#13465=DIRECTION('ref_axis',(0.309016994375011,-0.951056516295133,-1.79286569368412E-30));
#13466=DIRECTION('center_axis',(0.,0.,-1.));
#13467=DIRECTION('ref_axis',(-0.875433143970251,0.483339229153151,-4.62223186652937E-30));
#13468=DIRECTION('center_axis',(0.,0.,-1.));
#13469=DIRECTION('ref_axis',(-1.,-6.67556288025359E-14,-1.29109804455157E-30));
#13470=DIRECTION('center_axis',(0.,0.,-1.));
#13471=DIRECTION('ref_axis',(0.683226360297151,0.730206642393171,-8.47409175530384E-30));
#13472=DIRECTION('center_axis',(0.,0.,1.));
#13473=DIRECTION('ref_axis',(6.64723518576535E-14,-1.,-3.28928669641829E-30));
#13474=DIRECTION('center_axis',(0.,0.,-1.));
#13475=DIRECTION('ref_axis',(-0.683226360297247,0.730206642393081,7.70371977754894E-31));
#13476=DIRECTION('center_axis',(0.,0.,-1.));
#13477=DIRECTION('ref_axis',(-1.,-6.67556288025359E-14,-1.29109804455157E-30));
#13478=DIRECTION('center_axis',(0.,0.,-1.));
#13479=DIRECTION('ref_axis',(0.875433143970185,0.48333922915327,-1.54074395550979E-30));
#13480=DIRECTION('center_axis',(0.,0.,1.));
#13481=DIRECTION('ref_axis',(-1.,-6.67556288025359E-14,0.));
#13482=DIRECTION('center_axis',(0.,0.,-1.));
#13483=DIRECTION('ref_axis',(1.,6.67556288025359E-14,1.54074395550979E-30));
#13484=DIRECTION('center_axis',(0.,0.,-1.));
#13485=DIRECTION('ref_axis',(-1.,-6.67556288025359E-14,-1.29109804455157E-30));
#13486=DIRECTION('center_axis',(0.,0.,-1.));
#13487=DIRECTION('ref_axis',(0.981946432010041,0.189159204541438,3.08148791101958E-30));
#13488=DIRECTION('center_axis',(0.,0.,1.));
#13489=DIRECTION('ref_axis',(-1.,-6.67556288025359E-14,0.));
#13490=DIRECTION('center_axis',(0.,0.,-1.));
#13491=DIRECTION('ref_axis',(1.,6.67556288025359E-14,1.54074395550979E-30));
#13492=DIRECTION('center_axis',(0.,0.,-1.));
#13493=DIRECTION('ref_axis',(-1.,-6.67556288025359E-14,-1.29109804455157E-30));
#13494=DIRECTION('center_axis',(0.,0.,-1.));
#13495=DIRECTION('ref_axis',(0.992339961661674,-0.123537040960624,4.62223186652937E-30));
#13496=DIRECTION('center_axis',(0.,0.,1.));
#13497=DIRECTION('ref_axis',(-1.,-6.67556288025359E-14,0.));
#13498=DIRECTION('center_axis',(0.,0.,-1.));
#13499=DIRECTION('ref_axis',(1.,6.67556288025359E-14,1.54074395550979E-30));
#13500=DIRECTION('center_axis',(0.,0.,-1.));
#13501=DIRECTION('ref_axis',(-1.,-6.67556288025359E-14,-1.29109804455157E-30));
#13502=DIRECTION('center_axis',(0.,0.,-1.));
#13503=DIRECTION('ref_axis',(0.905596341826795,-0.424140620160257,9.24446373305873E-30));
#13504=DIRECTION('center_axis',(0.,0.,1.));
#13505=DIRECTION('ref_axis',(-1.,-6.67556288025359E-14,0.));
#13506=DIRECTION('center_axis',(0.,0.,-1.));
#13507=DIRECTION('ref_axis',(1.,6.67556288025359E-14,1.54074395550979E-30));
#13508=DIRECTION('center_axis',(0.,0.,-1.));
#13509=DIRECTION('ref_axis',(-1.,-6.67556288025359E-14,-1.29109804455157E-30));
#13510=DIRECTION('center_axis',(0.,0.,-1.));
#13511=DIRECTION('ref_axis',(0.730206642393171,-0.683226360297151,1.00148357108136E-29));
#13512=DIRECTION('center_axis',(0.,0.,1.));
#13513=DIRECTION('ref_axis',(-1.,-6.67556288025359E-14,0.));
#13514=DIRECTION('center_axis',(0.,0.,-1.));
#13515=DIRECTION('ref_axis',(1.,6.67556288025359E-14,1.54074395550979E-30));
#13516=DIRECTION('center_axis',(0.,0.,-1.));
#13517=DIRECTION('ref_axis',(-1.,-6.67556288025359E-14,-1.29109804455157E-30));
#13518=DIRECTION('center_axis',(0.,0.,-1.));
#13519=DIRECTION('ref_axis',(-1.,-6.67556288025359E-14,-1.54074395550979E-30));
#13520=DIRECTION('center_axis',(0.,0.,1.));
#13521=DIRECTION('ref_axis',(1.,0.,0.));
#13522=DIRECTION('center_axis',(0.,0.,-1.));
#13523=DIRECTION('ref_axis',(-1.,-6.67556288025359E-14,0.));
#13524=DIRECTION('center_axis',(0.,0.,1.));
#13525=DIRECTION('ref_axis',(-1.,-6.67556288025359E-14,-1.54074395550979E-30));
#13526=DIRECTION('center_axis',(0.,0.,1.));
#13527=DIRECTION('ref_axis',(-1.,-6.67556288025359E-14,-1.29109804455157E-30));
#13528=DIRECTION('center_axis',(0.,0.,1.));
#13529=DIRECTION('ref_axis',(1.,6.67556288025359E-14,1.54074395550979E-30));
#13530=DIRECTION('center_axis',(0.,0.,-1.));
#13531=DIRECTION('ref_axis',(-1.,-6.67556288025359E-14,0.));
#13532=DIRECTION('center_axis',(0.,0.,1.));
#13533=DIRECTION('ref_axis',(0.730206642393171,-0.683226360297151,1.00148357108136E-29));
#13534=DIRECTION('center_axis',(0.,0.,1.));
#13535=DIRECTION('ref_axis',(-1.,-6.67556288025359E-14,-1.29109804455157E-30));
#13536=DIRECTION('center_axis',(0.,0.,1.));
#13537=DIRECTION('ref_axis',(1.,6.67556288025359E-14,1.54074395550979E-30));
#13538=DIRECTION('center_axis',(0.,0.,-1.));
#13539=DIRECTION('ref_axis',(-1.,-6.67556288025359E-14,0.));
#13540=DIRECTION('center_axis',(0.,0.,1.));
#13541=DIRECTION('ref_axis',(0.905596341826795,-0.424140620160257,9.24446373305873E-30));
#13542=DIRECTION('center_axis',(0.,0.,1.));
#13543=DIRECTION('ref_axis',(-1.,-6.67556288025359E-14,-1.29109804455157E-30));
#13544=DIRECTION('center_axis',(0.,0.,1.));
#13545=DIRECTION('ref_axis',(1.,6.67556288025359E-14,1.54074395550979E-30));
#13546=DIRECTION('center_axis',(0.,0.,-1.));
#13547=DIRECTION('ref_axis',(-1.,-6.67556288025359E-14,0.));
#13548=DIRECTION('center_axis',(0.,0.,1.));
#13549=DIRECTION('ref_axis',(0.992339961661674,-0.123537040960624,4.62223186652937E-30));
#13550=DIRECTION('center_axis',(0.,0.,1.));
#13551=DIRECTION('ref_axis',(-1.,-6.67556288025359E-14,-1.29109804455157E-30));
#13552=DIRECTION('center_axis',(0.,0.,1.));
#13553=DIRECTION('ref_axis',(1.,6.67556288025359E-14,1.54074395550979E-30));
#13554=DIRECTION('center_axis',(0.,0.,-1.));
#13555=DIRECTION('ref_axis',(-1.,-6.67556288025359E-14,0.));
#13556=DIRECTION('center_axis',(0.,0.,1.));
#13557=DIRECTION('ref_axis',(0.981946432010041,0.189159204541438,3.08148791101958E-30));
#13558=DIRECTION('center_axis',(0.,0.,1.));
#13559=DIRECTION('ref_axis',(-1.,-6.67556288025359E-14,-1.29109804455157E-30));
#13560=DIRECTION('center_axis',(0.,0.,1.));
#13561=DIRECTION('ref_axis',(1.,6.67556288025359E-14,1.54074395550979E-30));
#13562=DIRECTION('center_axis',(0.,0.,-1.));
#13563=DIRECTION('ref_axis',(-1.,-6.67556288025359E-14,0.));
#13564=DIRECTION('center_axis',(0.,0.,1.));
#13565=DIRECTION('ref_axis',(0.875433143970185,0.48333922915327,-1.54074395550979E-30));
#13566=DIRECTION('center_axis',(0.,0.,1.));
#13567=DIRECTION('ref_axis',(-1.,-6.67556288025359E-14,-1.29109804455157E-30));
#13568=DIRECTION('center_axis',(0.,0.,1.));
#13569=DIRECTION('ref_axis',(-0.683226360297247,0.730206642393081,7.70371977754894E-31));
#13570=DIRECTION('center_axis',(0.,0.,-1.));
#13571=DIRECTION('ref_axis',(6.64723518576535E-14,-1.,-3.28928669641829E-30));
#13572=DIRECTION('center_axis',(0.,0.,1.));
#13573=DIRECTION('ref_axis',(0.683226360297151,0.730206642393171,-8.47409175530384E-30));
#13574=DIRECTION('center_axis',(0.,0.,1.));
#13575=DIRECTION('ref_axis',(-1.,-6.67556288025359E-14,-1.29109804455157E-30));
#13576=DIRECTION('center_axis',(0.,0.,1.));
#13577=DIRECTION('ref_axis',(-0.875433143970251,0.483339229153151,-4.62223186652937E-30));
#13578=DIRECTION('center_axis',(0.,0.,-1.));
#13579=DIRECTION('ref_axis',(0.309016994375011,-0.951056516295133,-1.79286569368412E-30));
#13580=DIRECTION('center_axis',(0.,0.,1.));
#13581=DIRECTION('ref_axis',(-1.,-6.67556288025359E-14,-1.54074395550979E-30));
#13582=DIRECTION('center_axis',(0.,0.,1.));
#13583=DIRECTION('ref_axis',(-1.,-6.67556288025359E-14,-1.29109804455157E-30));
#13584=DIRECTION('center_axis',(0.,0.,1.));
#13585=DIRECTION('ref_axis',(-0.981946432010067,0.189159204541302,-3.08148791101958E-30));
#13586=DIRECTION('center_axis',(0.,0.,-1.));
#13587=DIRECTION('ref_axis',(0.587785252292528,-0.809016994374907,-1.79286569368412E-30));
#13588=DIRECTION('center_axis',(0.,0.,1.));
#13589=DIRECTION('ref_axis',(-1.,-6.67556288025359E-14,-1.54074395550979E-30));
#13590=DIRECTION('center_axis',(0.,0.,1.));
#13591=DIRECTION('ref_axis',(-1.,-6.67556288025359E-14,-1.29109804455157E-30));
#13592=DIRECTION('center_axis',(0.,0.,1.));
#13593=DIRECTION('ref_axis',(-0.99233996166166,-0.12353704096074,4.62223186652937E-30));
#13594=DIRECTION('center_axis',(0.,0.,-1.));
#13595=DIRECTION('ref_axis',(0.809016994374986,-0.58778525229242,-5.37859708105235E-30));
#13596=DIRECTION('center_axis',(0.,0.,1.));
#13597=DIRECTION('ref_axis',(-1.,-6.67556288025359E-14,-1.54074395550979E-30));
#13598=DIRECTION('center_axis',(0.,0.,1.));
#13599=DIRECTION('ref_axis',(-1.,-6.67556288025359E-14,-1.29109804455157E-30));
#13600=DIRECTION('center_axis',(0.,0.,1.));
#13601=DIRECTION('ref_axis',(-0.905596341826738,-0.424140620160378,3.08148791101958E-30));
#13602=DIRECTION('center_axis',(0.,0.,-1.));
#13603=DIRECTION('ref_axis',(0.951056516295174,-0.309016994374885,1.79286569368412E-30));
#13604=DIRECTION('center_axis',(0.,0.,1.));
#13605=DIRECTION('ref_axis',(-1.,-6.67556288025359E-14,-1.54074395550979E-30));
#13606=DIRECTION('center_axis',(0.,0.,1.));
#13607=DIRECTION('ref_axis',(-1.,-6.67556288025359E-14,-1.29109804455157E-30));
#13608=DIRECTION('center_axis',(0.,0.,1.));
#13609=DIRECTION('ref_axis',(-0.730206642393079,-0.683226360297249,-3.08148791101958E-30));
#13610=DIRECTION('center_axis',(0.,0.,-1.));
#13611=DIRECTION('ref_axis',(1.,6.66331641226211E-14,0.));
#13612=DIRECTION('center_axis',(0.,0.,1.));
#13613=DIRECTION('ref_axis',(-1.,-6.67556288025359E-14,-1.54074395550979E-30));
#13614=DIRECTION('center_axis',(0.,0.,1.));
#13615=DIRECTION('ref_axis',(-1.,-6.67556288025359E-14,-1.29109804455157E-30));
#13616=DIRECTION('center_axis',(0.,0.,1.));
#13617=DIRECTION('ref_axis',(1.,6.67556288025359E-14,1.54074395550979E-30));
#13618=DIRECTION('center_axis',(0.,0.,-1.));
#13619=DIRECTION('ref_axis',(0.951056516295133,0.309016994375011,-3.58573138736823E-30));
#13620=DIRECTION('center_axis',(0.,0.,1.));
#13621=DIRECTION('ref_axis',(-1.,-6.67556288025359E-14,-1.54074395550979E-30));
#13622=DIRECTION('center_axis',(0.,0.,1.));
#13623=DIRECTION('ref_axis',(-1.,-6.67556288025359E-14,-1.29109804455157E-30));
#13624=DIRECTION('center_axis',(0.,0.,1.));
#13625=DIRECTION('ref_axis',(1.,6.67556288025359E-14,1.54074395550979E-30));
#13626=DIRECTION('center_axis',(0.,0.,-1.));
#13627=DIRECTION('ref_axis',(0.809016994374907,0.587785252292529,-1.70322240899991E-29));
#13628=DIRECTION('center_axis',(0.,0.,1.));
#13629=DIRECTION('ref_axis',(-1.,-6.67556288025359E-14,-1.54074395550979E-30));
#13630=DIRECTION('center_axis',(0.,0.,1.));
#13631=DIRECTION('ref_axis',(-1.,-6.67556288025359E-14,-1.29109804455157E-30));
#13632=DIRECTION('center_axis',(0.,0.,1.));
#13633=DIRECTION('ref_axis',(1.,6.67556288025359E-14,1.54074395550979E-30));
#13634=DIRECTION('center_axis',(0.,0.,-1.));
#13635=DIRECTION('ref_axis',(0.58778525229242,0.809016994374986,8.96432846842059E-31));
#13636=DIRECTION('center_axis',(0.,0.,1.));
#13637=DIRECTION('ref_axis',(-1.,-6.67556288025359E-14,-1.54074395550979E-30));
#13638=DIRECTION('center_axis',(0.,0.,1.));
#13639=DIRECTION('ref_axis',(-1.,-6.67556288025359E-14,-1.29109804455157E-30));
#13640=DIRECTION('center_axis',(0.,0.,1.));
#13641=DIRECTION('ref_axis',(1.,6.67556288025359E-14,1.54074395550979E-30));
#13642=DIRECTION('center_axis',(0.,0.,-1.));
#13643=DIRECTION('ref_axis',(0.309016994374886,0.951056516295174,-1.34464927026309E-29));
#13644=DIRECTION('center_axis',(0.,0.,1.));
#13645=DIRECTION('ref_axis',(-1.,-6.67556288025359E-14,-1.54074395550979E-30));
#13646=DIRECTION('center_axis',(0.,0.,1.));
#13647=DIRECTION('ref_axis',(-1.,-6.67556288025359E-14,-1.29109804455157E-30));
#13648=DIRECTION('center_axis',(0.,0.,1.));
#13649=DIRECTION('ref_axis',(1.,6.67556288025359E-14,1.54074395550979E-30));
#13650=DIRECTION('center_axis',(0.,0.,-1.));
#13651=DIRECTION('ref_axis',(-6.65719317826638E-14,1.,2.41863370951722E-30));
#13652=DIRECTION('center_axis',(0.,0.,1.));
#13653=DIRECTION('ref_axis',(-1.,-6.67556288025359E-14,-1.54074395550979E-30));
#13654=DIRECTION('center_axis',(0.,0.,1.));
#13655=DIRECTION('ref_axis',(-1.,-6.67556288025359E-14,-1.29109804455157E-30));
#13656=DIRECTION('center_axis',(0.,0.,1.));
#13657=DIRECTION('ref_axis',(1.,6.67556288025359E-14,1.54074395550979E-30));
#13658=DIRECTION('center_axis',(0.,0.,-1.));
#13659=DIRECTION('ref_axis',(-1.,-6.67556288025359E-14,0.));
#13660=DIRECTION('center_axis',(0.,0.,1.));
#13661=DIRECTION('ref_axis',(-1.,-6.67556288025359E-14,-1.54074395550979E-30));
#13662=DIRECTION('center_axis',(0.,0.,1.));
#13663=DIRECTION('ref_axis',(-1.,-6.67556288025359E-14,-1.29109804455157E-30));
#13664=DIRECTION('center_axis',(0.,0.,1.));
#13665=DIRECTION('ref_axis',(1.,6.67556288025359E-14,1.54074395550979E-30));
#13666=DIRECTION('center_axis',(0.,0.,-1.));
#13667=DIRECTION('ref_axis',(-1.,-6.67556288025359E-14,0.));
#13668=DIRECTION('center_axis',(0.,0.,1.));
#13669=DIRECTION('ref_axis',(-1.,-6.67556288025359E-14,-1.54074395550979E-30));
#13670=DIRECTION('center_axis',(0.,0.,1.));
#13671=DIRECTION('ref_axis',(-1.,-6.67556288025359E-14,-1.29109804455157E-30));
#13672=DIRECTION('center_axis',(0.,0.,1.));
#13673=DIRECTION('ref_axis',(1.,6.67556288025359E-14,1.54074395550979E-30));
#13674=DIRECTION('center_axis',(0.,0.,-1.));
#13675=DIRECTION('ref_axis',(-1.,-6.67556288025359E-14,0.));
#13676=DIRECTION('center_axis',(0.,0.,1.));
#13677=DIRECTION('ref_axis',(-1.,-6.67556288025359E-14,-1.54074395550979E-30));
#13678=DIRECTION('center_axis',(0.,0.,1.));
#13679=DIRECTION('ref_axis',(-1.,-6.67556288025359E-14,-1.29109804455157E-30));
#13680=DIRECTION('center_axis',(0.,0.,1.));
#13681=DIRECTION('ref_axis',(1.,6.67556288025359E-14,1.54074395550979E-30));
#13682=DIRECTION('center_axis',(0.,-3.25856244567419E-43,-1.));
#13683=DIRECTION('ref_axis',(-0.905596341826738,-0.424140620160378,3.08148791101958E-30));
#13684=DIRECTION('',(0.,0.,1.));
#13685=DIRECTION('',(-3.38083245094719E-30,1.12694415031606E-30,1.));
#13686=DIRECTION('center_axis',(0.,3.25856244567419E-43,1.));
#13687=DIRECTION('ref_axis',(-1.,-6.67556288025359E-14,-1.29109804455157E-30));
#13688=DIRECTION('',(-3.38083245094719E-30,1.12694415031606E-30,1.));
#13689=DIRECTION('center_axis',(0.,3.25856244567419E-43,1.));
#13690=DIRECTION('ref_axis',(-1.,-6.67556288025359E-14,-1.54074395550979E-30));
#13691=DIRECTION('',(0.,0.,1.));
#13692=DIRECTION('center_axis',(0.,3.25856244567419E-43,1.));
#13693=DIRECTION('ref_axis',(0.809016994374986,-0.58778525229242,-5.37859708105235E-30));
#13694=DIRECTION('',(-3.38083245094719E-30,1.12694415031606E-30,1.));
#13695=DIRECTION('center_axis',(0.,-3.25856244567419E-43,-1.));
#13696=DIRECTION('ref_axis',(-0.99233996166166,-0.12353704096074,4.62223186652937E-30));
#13697=DIRECTION('',(0.,0.,1.));
#13698=DIRECTION('center_axis',(0.,3.25856244567419E-43,1.));
#13699=DIRECTION('ref_axis',(-1.,-6.67556288025359E-14,-1.29109804455157E-30));
#13700=DIRECTION('',(-3.38083245094719E-30,1.12694415031606E-30,1.));
#13701=DIRECTION('center_axis',(0.,3.25856244567419E-43,1.));
#13702=DIRECTION('ref_axis',(-1.,-6.67556288025359E-14,-1.54074395550979E-30));
#13703=DIRECTION('',(0.,0.,1.));
#13704=DIRECTION('center_axis',(0.,3.25856244567419E-43,1.));
#13705=DIRECTION('ref_axis',(0.587785252292528,-0.809016994374907,-1.79286569368412E-30));
#13706=DIRECTION('',(-3.38083245094719E-30,1.12694415031606E-30,1.));
#13707=DIRECTION('center_axis',(0.,-3.25856244567419E-43,-1.));
#13708=DIRECTION('ref_axis',(-0.981946432010067,0.189159204541302,-3.08148791101958E-30));
#13709=DIRECTION('',(0.,0.,1.));
#13710=DIRECTION('center_axis',(0.,3.25856244567419E-43,1.));
#13711=DIRECTION('ref_axis',(-1.,-6.67556288025359E-14,-1.29109804455157E-30));
#13712=DIRECTION('',(-3.38083245094719E-30,1.12694415031606E-30,1.));
#13713=DIRECTION('center_axis',(0.,3.25856244567419E-43,1.));
#13714=DIRECTION('ref_axis',(-1.,-6.67556288025359E-14,-1.54074395550979E-30));
#13715=DIRECTION('',(0.,0.,1.));
#13716=DIRECTION('center_axis',(0.,3.25856244567419E-43,1.));
#13717=DIRECTION('ref_axis',(0.309016994375011,-0.951056516295133,-1.79286569368412E-30));
#13718=DIRECTION('',(-3.38083245094719E-30,1.12694415031606E-30,1.));
#13719=DIRECTION('center_axis',(0.,-3.25856244567419E-43,-1.));
#13720=DIRECTION('ref_axis',(-0.875433143970251,0.483339229153151,-4.62223186652937E-30));
#13721=DIRECTION('',(0.,0.,1.));
#13722=DIRECTION('center_axis',(0.,3.25856244567419E-43,1.));
#13723=DIRECTION('ref_axis',(-1.,-6.67556288025359E-14,-1.29109804455157E-30));
#13724=DIRECTION('',(-3.38083245094719E-30,1.12694415031606E-30,1.));
#13725=DIRECTION('center_axis',(0.,3.25856244567419E-43,1.));
#13726=DIRECTION('ref_axis',(0.683226360297151,0.730206642393171,-8.47409175530384E-30));
#13727=DIRECTION('',(0.,0.,1.));
#13728=DIRECTION('center_axis',(0.,3.25856244567419E-43,1.));
#13729=DIRECTION('ref_axis',(6.64723518576535E-14,-1.,-3.28928669641829E-30));
#13730=DIRECTION('',(-3.38083245094719E-30,1.12694415031606E-30,1.));
#13731=DIRECTION('center_axis',(0.,-3.25856244567419E-43,-1.));
#13732=DIRECTION('ref_axis',(-0.683226360297247,0.730206642393081,7.70371977754894E-31));
#13733=DIRECTION('',(0.,0.,1.));
#13734=DIRECTION('center_axis',(0.,3.25856244567419E-43,1.));
#13735=DIRECTION('ref_axis',(-1.,-6.67556288025359E-14,-1.29109804455157E-30));
#13736=DIRECTION('',(-3.38083245094719E-30,1.12694415031606E-30,1.));
#13737=DIRECTION('center_axis',(0.,3.25856244567419E-43,1.));
#13738=DIRECTION('ref_axis',(0.875433143970185,0.48333922915327,-1.54074395550979E-30));
#13739=DIRECTION('',(0.,0.,1.));
#13740=DIRECTION('center_axis',(0.,3.25856244567419E-43,1.));
#13741=DIRECTION('ref_axis',(-1.,-6.67556288025359E-14,0.));
#13742=DIRECTION('',(-3.38083245094719E-30,1.12694415031606E-30,1.));
#13743=DIRECTION('center_axis',(0.,-3.25856244567419E-43,-1.));
#13744=DIRECTION('ref_axis',(1.,6.67556288025359E-14,1.54074395550979E-30));
#13745=DIRECTION('',(0.,0.,1.));
#13746=DIRECTION('center_axis',(0.,3.25856244567419E-43,1.));
#13747=DIRECTION('ref_axis',(-1.,-6.67556288025359E-14,-1.29109804455157E-30));
#13748=DIRECTION('',(-3.38083245094719E-30,1.12694415031606E-30,1.));
#13749=DIRECTION('center_axis',(0.,3.25856244567419E-43,1.));
#13750=DIRECTION('ref_axis',(0.981946432010041,0.189159204541438,3.08148791101958E-30));
#13751=DIRECTION('',(0.,0.,1.));
#13752=DIRECTION('center_axis',(0.,3.25856244567419E-43,1.));
#13753=DIRECTION('ref_axis',(-1.,-6.67556288025359E-14,0.));
#13754=DIRECTION('',(-3.38083245094719E-30,1.12694415031606E-30,1.));
#13755=DIRECTION('center_axis',(0.,-3.25856244567419E-43,-1.));
#13756=DIRECTION('ref_axis',(1.,6.67556288025359E-14,1.54074395550979E-30));
#13757=DIRECTION('',(0.,0.,1.));
#13758=DIRECTION('center_axis',(0.,3.25856244567419E-43,1.));
#13759=DIRECTION('ref_axis',(-1.,-6.67556288025359E-14,-1.29109804455157E-30));
#13760=DIRECTION('',(-3.38083245094719E-30,1.12694415031606E-30,1.));
#13761=DIRECTION('center_axis',(0.,3.25856244567419E-43,1.));
#13762=DIRECTION('ref_axis',(0.992339961661674,-0.123537040960624,4.62223186652937E-30));
#13763=DIRECTION('',(0.,0.,1.));
#13764=DIRECTION('center_axis',(0.,3.25856244567419E-43,1.));
#13765=DIRECTION('ref_axis',(-1.,-6.67556288025359E-14,0.));
#13766=DIRECTION('',(-3.38083245094719E-30,1.12694415031606E-30,1.));
#13767=DIRECTION('center_axis',(0.,-3.25856244567419E-43,-1.));
#13768=DIRECTION('ref_axis',(1.,6.67556288025359E-14,1.54074395550979E-30));
#13769=DIRECTION('',(0.,0.,1.));
#13770=DIRECTION('center_axis',(0.,3.25856244567419E-43,1.));
#13771=DIRECTION('ref_axis',(-1.,-6.67556288025359E-14,-1.29109804455157E-30));
#13772=DIRECTION('',(-3.38083245094719E-30,1.12694415031606E-30,1.));
#13773=DIRECTION('center_axis',(0.,3.25856244567419E-43,1.));
#13774=DIRECTION('ref_axis',(0.905596341826795,-0.424140620160257,9.24446373305873E-30));
#13775=DIRECTION('',(0.,0.,1.));
#13776=DIRECTION('center_axis',(0.,3.25856244567419E-43,1.));
#13777=DIRECTION('ref_axis',(-1.,-6.67556288025359E-14,0.));
#13778=DIRECTION('',(-3.38083245094719E-30,1.12694415031606E-30,1.));
#13779=DIRECTION('center_axis',(0.,-3.25856244567419E-43,-1.));
#13780=DIRECTION('ref_axis',(1.,6.67556288025359E-14,1.54074395550979E-30));
#13781=DIRECTION('',(0.,0.,1.));
#13782=DIRECTION('center_axis',(0.,3.25856244567419E-43,1.));
#13783=DIRECTION('ref_axis',(-1.,-6.67556288025359E-14,-1.29109804455157E-30));
#13784=DIRECTION('',(-3.38083245094719E-30,1.12694415031606E-30,1.));
#13785=DIRECTION('center_axis',(0.,3.25856244567419E-43,1.));
#13786=DIRECTION('ref_axis',(0.730206642393171,-0.683226360297151,1.00148357108136E-29));
#13787=DIRECTION('',(0.,0.,1.));
#13788=DIRECTION('center_axis',(0.,3.25856244567419E-43,1.));
#13789=DIRECTION('ref_axis',(-1.,-6.67556288025359E-14,0.));
#13790=DIRECTION('',(-3.38083245094719E-30,1.12694415031606E-30,1.));
#13791=DIRECTION('center_axis',(0.,-3.25856244567419E-43,-1.));
#13792=DIRECTION('ref_axis',(1.,6.67556288025359E-14,1.54074395550979E-30));
#13793=DIRECTION('',(0.,0.,1.));
#13794=DIRECTION('center_axis',(0.,3.25856244567419E-43,1.));
#13795=DIRECTION('ref_axis',(-1.,-6.67556288025359E-14,-1.29109804455157E-30));
#13796=DIRECTION('',(-3.38083245094719E-30,1.12694415031606E-30,1.));
#13797=DIRECTION('center_axis',(0.,3.25856244567419E-43,1.));
#13798=DIRECTION('ref_axis',(-1.,-6.67556288025359E-14,-1.54074395550979E-30));
#13799=DIRECTION('',(0.,0.,1.));
#13800=DIRECTION('center_axis',(0.,3.25856244567419E-43,1.));
#13801=DIRECTION('ref_axis',(-1.,-6.67556288025359E-14,0.));
#13802=DIRECTION('',(0.,0.,-1.));
#13803=DIRECTION('center_axis',(0.,-3.25856244567419E-43,-1.));
#13804=DIRECTION('ref_axis',(1.,6.67556288025359E-14,1.57772181044202E-30));
#13805=DIRECTION('',(0.,-3.25856244567419E-43,-1.));
#13806=DIRECTION('',(0.,-3.25856244567419E-43,-1.));
#13807=DIRECTION('center_axis',(0.,3.25856244567419E-43,1.));
#13808=DIRECTION('ref_axis',(-1.,-6.67556288025359E-14,-1.29109804455157E-30));
#13809=DIRECTION('',(0.,0.,-1.));
#13810=DIRECTION('',(-3.38083245094719E-30,1.12694415031606E-30,1.));
#13811=DIRECTION('center_axis',(0.,3.25856244567419E-43,1.));
#13812=DIRECTION('ref_axis',(-1.,-6.67556288025359E-14,-1.29109804455157E-30));
#13813=DIRECTION('',(0.,0.,-1.));
#13814=DIRECTION('',(-3.38083245094719E-30,1.12694415031606E-30,1.));
#13815=DIRECTION('center_axis',(0.,3.25856244567419E-43,1.));
#13816=DIRECTION('ref_axis',(-1.,-6.67556288025359E-14,-1.29109804455157E-30));
#13817=DIRECTION('',(0.,0.,-1.));
#13818=DIRECTION('',(-3.38083245094719E-30,1.12694415031606E-30,1.));
#13819=DIRECTION('center_axis',(0.,3.25856244567419E-43,1.));
#13820=DIRECTION('ref_axis',(-1.,-6.67556288025359E-14,-1.29109804455157E-30));
#13821=DIRECTION('',(0.,0.,-1.));
#13822=DIRECTION('',(-3.38083245094719E-30,1.12694415031606E-30,1.));
#13823=DIRECTION('center_axis',(0.,3.25856244567419E-43,1.));
#13824=DIRECTION('ref_axis',(-1.,-6.67556288025359E-14,-1.29109804455157E-30));
#13825=DIRECTION('',(0.,0.,-1.));
#13826=DIRECTION('',(-3.38083245094719E-30,1.12694415031606E-30,1.));
#13827=DIRECTION('center_axis',(0.,3.25856244567419E-43,1.));
#13828=DIRECTION('ref_axis',(-1.,-6.67556288025359E-14,-1.29109804455157E-30));
#13829=DIRECTION('',(0.,0.,-1.));
#13830=DIRECTION('',(-3.38083245094719E-30,1.12694415031606E-30,1.));
#13831=DIRECTION('center_axis',(0.,3.25856244567419E-43,1.));
#13832=DIRECTION('ref_axis',(-1.,-6.67556288025359E-14,-1.29109804455157E-30));
#13833=DIRECTION('',(0.,0.,-1.));
#13834=DIRECTION('',(-3.38083245094719E-30,1.12694415031606E-30,1.));
#13835=DIRECTION('center_axis',(0.,3.25856244567419E-43,1.));
#13836=DIRECTION('ref_axis',(-1.,-6.67556288025359E-14,-1.29109804455157E-30));
#13837=DIRECTION('',(0.,0.,-1.));
#13838=DIRECTION('',(-3.38083245094719E-30,1.12694415031606E-30,1.));
#13839=DIRECTION('center_axis',(0.,3.25856244567419E-43,1.));
#13840=DIRECTION('ref_axis',(-1.,-6.67556288025359E-14,-1.29109804455157E-30));
#13841=DIRECTION('',(0.,0.,-1.));
#13842=DIRECTION('',(-3.38083245094719E-30,1.12694415031606E-30,1.));
#13843=DIRECTION('center_axis',(0.,3.25856244567419E-43,1.));
#13844=DIRECTION('ref_axis',(-1.,-6.67556288025359E-14,-1.29109804455157E-30));
#13845=DIRECTION('',(0.,0.,-1.));
#13846=DIRECTION('',(-3.38083245094719E-30,1.12694415031606E-30,1.));
#13847=DIRECTION('center_axis',(0.,3.25856244567419E-43,1.));
#13848=DIRECTION('ref_axis',(0.951056516295174,-0.309016994374885,1.79286569368412E-30));
#13849=DIRECTION('',(-3.38083245094719E-30,1.12694415031606E-30,1.));
#13850=DIRECTION('center_axis',(0.,3.25856244567419E-43,1.));
#13851=DIRECTION('ref_axis',(1.,6.66331641226211E-14,0.));
#13852=DIRECTION('',(0.,0.,-1.));
#13853=DIRECTION('',(-3.38083245094719E-30,1.12694415031606E-30,1.));
#13854=DIRECTION('center_axis',(0.,3.25856244567419E-43,1.));
#13855=DIRECTION('ref_axis',(0.951056516295133,0.309016994375011,-3.58573138736823E-30));
#13856=DIRECTION('',(0.,0.,-1.));
#13857=DIRECTION('',(-3.38083245094719E-30,1.12694415031606E-30,1.));
#13858=DIRECTION('center_axis',(0.,3.25856244567419E-43,1.));
#13859=DIRECTION('ref_axis',(0.809016994374907,0.587785252292529,-1.70322240899991E-29));
#13860=DIRECTION('',(0.,0.,-1.));
#13861=DIRECTION('',(-3.38083245094719E-30,1.12694415031606E-30,1.));
#13862=DIRECTION('center_axis',(0.,3.25856244567419E-43,1.));
#13863=DIRECTION('ref_axis',(0.58778525229242,0.809016994374986,8.96432846842059E-31));
#13864=DIRECTION('',(0.,0.,-1.));
#13865=DIRECTION('',(-3.38083245094719E-30,1.12694415031606E-30,1.));
#13866=DIRECTION('center_axis',(0.,3.25856244567419E-43,1.));
#13867=DIRECTION('ref_axis',(0.309016994374886,0.951056516295174,-1.34464927026309E-29));
#13868=DIRECTION('',(0.,0.,-1.));
#13869=DIRECTION('',(-3.38083245094719E-30,1.12694415031606E-30,1.));
#13870=DIRECTION('center_axis',(0.,3.25856244567419E-43,1.));
#13871=DIRECTION('ref_axis',(-6.65719317826638E-14,1.,2.41863370951722E-30));
#13872=DIRECTION('',(0.,0.,-1.));
#13873=DIRECTION('',(-3.38083245094719E-30,1.12694415031606E-30,1.));
#13874=DIRECTION('center_axis',(0.,3.25856244567419E-43,1.));
#13875=DIRECTION('ref_axis',(-1.,-6.67556288025359E-14,0.));
#13876=DIRECTION('',(0.,0.,-1.));
#13877=DIRECTION('',(-3.38083245094719E-30,1.12694415031606E-30,1.));
#13878=DIRECTION('center_axis',(0.,3.25856244567419E-43,1.));
#13879=DIRECTION('ref_axis',(-1.,-6.67556288025359E-14,0.));
#13880=DIRECTION('',(0.,0.,-1.));
#13881=DIRECTION('',(-3.38083245094719E-30,1.12694415031606E-30,1.));
#13882=DIRECTION('center_axis',(0.,3.25856244567419E-43,1.));
#13883=DIRECTION('ref_axis',(-1.,-6.67556288025359E-14,0.));
#13884=DIRECTION('',(0.,0.,-1.));
#13885=DIRECTION('',(-3.38083245094719E-30,1.12694415031606E-30,1.));
#13886=DIRECTION('center_axis',(0.,3.25856244567419E-43,1.));
#13887=DIRECTION('ref_axis',(-1.,-6.67556288025359E-14,-1.54074395550979E-30));
#13888=DIRECTION('center_axis',(0.,-3.25856244567419E-43,-1.));
#13889=DIRECTION('ref_axis',(-0.730206642393079,-0.683226360297249,-3.08148791101958E-30));
#13890=DIRECTION('center_axis',(0.,3.25856244567419E-43,1.));
#13891=DIRECTION('ref_axis',(-1.,-6.67556288025359E-14,-1.54074395550979E-30));
#13892=DIRECTION('center_axis',(0.,-3.25856244567419E-43,-1.));
#13893=DIRECTION('ref_axis',(1.,6.67556288025359E-14,1.54074395550979E-30));
#13894=DIRECTION('center_axis',(0.,3.25856244567419E-43,1.));
#13895=DIRECTION('ref_axis',(-1.,-6.67556288025359E-14,-1.54074395550979E-30));
#13896=DIRECTION('center_axis',(0.,-3.25856244567419E-43,-1.));
#13897=DIRECTION('ref_axis',(1.,6.67556288025359E-14,1.54074395550979E-30));
#13898=DIRECTION('center_axis',(0.,3.25856244567419E-43,1.));
#13899=DIRECTION('ref_axis',(-1.,-6.67556288025359E-14,-1.54074395550979E-30));
#13900=DIRECTION('center_axis',(0.,-3.25856244567419E-43,-1.));
#13901=DIRECTION('ref_axis',(1.,6.67556288025359E-14,1.54074395550979E-30));
#13902=DIRECTION('center_axis',(0.,3.25856244567419E-43,1.));
#13903=DIRECTION('ref_axis',(-1.,-6.67556288025359E-14,-1.54074395550979E-30));
#13904=DIRECTION('center_axis',(0.,-3.25856244567419E-43,-1.));
#13905=DIRECTION('ref_axis',(1.,6.67556288025359E-14,1.54074395550979E-30));
#13906=DIRECTION('center_axis',(0.,3.25856244567419E-43,1.));
#13907=DIRECTION('ref_axis',(-1.,-6.67556288025359E-14,-1.54074395550979E-30));
#13908=DIRECTION('center_axis',(0.,3.25856244567419E-43,1.));
#13909=DIRECTION('ref_axis',(-1.,-6.67556288025359E-14,-1.54074395550979E-30));
#13910=DIRECTION('center_axis',(0.,3.25856244567419E-43,1.));
#13911=DIRECTION('ref_axis',(-1.,-6.67556288025359E-14,-1.54074395550979E-30));
#13912=DIRECTION('center_axis',(0.,3.25856244567419E-43,1.));
#13913=DIRECTION('ref_axis',(-1.,-6.67556288025359E-14,-1.54074395550979E-30));
#13914=DIRECTION('center_axis',(0.,3.25856244567419E-43,1.));
#13915=DIRECTION('ref_axis',(-1.,-6.67556288025359E-14,-1.54074395550979E-30));
#13916=DIRECTION('center_axis',(0.,-3.25856244567419E-43,-1.));
#13917=DIRECTION('ref_axis',(1.,6.67556288025359E-14,1.54074395550979E-30));
#13918=DIRECTION('center_axis',(0.,-3.25856244567419E-43,-1.));
#13919=DIRECTION('ref_axis',(1.,6.67556288025359E-14,1.54074395550979E-30));
#13920=DIRECTION('center_axis',(0.,-3.25856244567419E-43,-1.));
#13921=DIRECTION('ref_axis',(1.,6.67556288025359E-14,1.54074395550979E-30));
#13922=DIRECTION('center_axis',(0.,-3.25856244567419E-43,-1.));
#13923=DIRECTION('ref_axis',(1.,6.67556288025359E-14,1.54074395550979E-30));
#13924=DIRECTION('center_axis',(0.,-3.25856244567419E-43,-1.));
#13925=DIRECTION('ref_axis',(1.,6.67556288025359E-14,1.54074395550979E-30));
#13926=DIRECTION('axis',(0.,0.,1.));
#13927=DIRECTION('refdir',(1.,0.,0.));
#13928=DIRECTION('center_axis',(0.,0.,1.));
#13929=DIRECTION('ref_axis',(1.,0.,0.));
#13930=DIRECTION('center_axis',(0.,0.,-1.));
#13931=DIRECTION('ref_axis',(1.,0.,0.));
#13932=DIRECTION('',(0.707106781186548,8.65956056235494E-17,-0.707106781186547));
#13933=DIRECTION('center_axis',(0.,0.,1.));
#13934=DIRECTION('ref_axis',(1.,0.,0.));
#13935=DIRECTION('center_axis',(0.,0.,1.));
#13936=DIRECTION('ref_axis',(1.,0.,0.));
#13937=DIRECTION('center_axis',(0.,0.,1.));
#13938=DIRECTION('ref_axis',(1.,0.,0.));
#13939=DIRECTION('',(0.,0.,-1.));
#13940=DIRECTION('center_axis',(0.,0.,1.));
#13941=DIRECTION('ref_axis',(1.,0.,0.));
#13942=DIRECTION('center_axis',(0.,0.,-1.));
#13943=DIRECTION('ref_axis',(1.,0.,0.));
#13944=DIRECTION('center_axis',(0.,0.,-1.));
#13945=DIRECTION('ref_axis',(1.,0.,0.));
#13946=DIRECTION('center_axis',(0.,0.,-1.));
#13947=DIRECTION('ref_axis',(1.,0.,0.));
#13948=DIRECTION('',(-0.707106781186548,-8.65956056235493E-17,-0.707106781186548));
#13949=DIRECTION('center_axis',(0.,0.,1.));
#13950=DIRECTION('ref_axis',(1.,0.,0.));
#13951=DIRECTION('center_axis',(0.,0.,-1.));
#13952=DIRECTION('ref_axis',(1.,0.,0.));
#13953=DIRECTION('center_axis',(0.,0.,1.));
#13954=DIRECTION('ref_axis',(1.,0.,0.));
#13955=DIRECTION('',(0.,0.,-1.));
#13956=DIRECTION('axis',(0.,0.,1.));
#13957=DIRECTION('refdir',(1.,0.,0.));
#13958=DIRECTION('center_axis',(-1.,0.,0.));
#13959=DIRECTION('ref_axis',(0.,-1.,0.));
#13960=DIRECTION('',(0.707106781186548,-0.707106781186548,-8.65956056235493E-17));
#13961=DIRECTION('center_axis',(-1.,0.,0.));
#13962=DIRECTION('ref_axis',(0.,-1.,0.));
#13963=DIRECTION('center_axis',(0.,-1.,0.));
#13964=DIRECTION('ref_axis',(0.,0.,-1.));
#13965=DIRECTION('',(-8.65956056235493E-17,0.707106781186547,-0.707106781186547));
#13966=DIRECTION('center_axis',(0.,-1.,0.));
#13967=DIRECTION('ref_axis',(0.,0.,-1.));
#13968=DIRECTION('center_axis',(1.,0.,0.));
#13969=DIRECTION('ref_axis',(0.,-1.,0.));
#13970=DIRECTION('',(1.,0.,0.));
#13971=DIRECTION('center_axis',(0.,1.,0.));
#13972=DIRECTION('ref_axis',(0.,0.,-1.));
#13973=DIRECTION('',(0.,1.,0.));
#13974=DIRECTION('center_axis',(0.,0.,1.));
#13975=DIRECTION('ref_axis',(1.,0.,0.));
#13976=DIRECTION('center_axis',(0.,0.,-1.));
#13977=DIRECTION('ref_axis',(1.,0.,0.));
#13978=DIRECTION('',(0.707106781186548,8.65956056235494E-17,-0.707106781186547));
#13979=DIRECTION('center_axis',(0.,0.,1.));
#13980=DIRECTION('ref_axis',(1.,0.,0.));
#13981=DIRECTION('center_axis',(0.,0.,1.));
#13982=DIRECTION('ref_axis',(1.,0.,0.));
#13983=DIRECTION('center_axis',(0.,0.,1.));
#13984=DIRECTION('ref_axis',(1.,0.,0.));
#13985=DIRECTION('',(0.,0.,-1.));
#13986=DIRECTION('',(0.,0.,-1.));
#13987=DIRECTION('center_axis',(0.,0.,1.));
#13988=DIRECTION('ref_axis',(1.,0.,0.));
#13989=DIRECTION('center_axis',(0.,0.,-1.));
#13990=DIRECTION('ref_axis',(1.,0.,0.));
#13991=DIRECTION('center_axis',(0.,0.,-1.));
#13992=DIRECTION('ref_axis',(1.,0.,0.));
#13993=DIRECTION('center_axis',(0.,0.,-1.));
#13994=DIRECTION('ref_axis',(1.,0.,0.));
#13995=DIRECTION('',(-0.707106781186548,-8.65956056235493E-17,-0.707106781186548));
#13996=DIRECTION('center_axis',(0.,0.,1.));
#13997=DIRECTION('ref_axis',(1.,0.,0.));
#13998=DIRECTION('center_axis',(0.,0.,-1.));
#13999=DIRECTION('ref_axis',(1.,0.,0.));
#14000=DIRECTION('center_axis',(0.,0.,1.));
#14001=DIRECTION('ref_axis',(1.,0.,0.));
#14002=DIRECTION('',(0.,0.,-1.));
#14003=DIRECTION('',(0.,0.,-1.));
#14004=DIRECTION('axis',(0.,0.,1.));
#14005=DIRECTION('refdir',(1.,0.,0.));
#14006=DIRECTION('center_axis',(2.16840434541277E-19,1.,0.));
#14007=DIRECTION('ref_axis',(-1.,2.16840434533785E-19,0.));
#14008=DIRECTION('center_axis',(2.16840434533785E-19,1.,0.));
#14009=DIRECTION('ref_axis',(-1.,2.16840434533785E-19,0.));
#14010=DIRECTION('',(0.707106781186548,0.707106781186547,8.65956056235494E-17));
#14011=DIRECTION('center_axis',(-2.16840434533785E-19,-1.,0.));
#14012=DIRECTION('ref_axis',(-1.,2.16840434533785E-19,0.));
#14013=DIRECTION('center_axis',(-2.16840434533785E-19,-1.,0.));
#14014=DIRECTION('ref_axis',(-1.,2.16840434533785E-19,0.));
#14015=DIRECTION('',(2.16840434533785E-19,1.,0.));
#14016=DIRECTION('center_axis',(2.16840434533785E-19,1.,0.));
#14017=DIRECTION('ref_axis',(-1.,2.16840434533785E-19,0.));
#14018=DIRECTION('center_axis',(-2.16840434533785E-19,-1.,0.));
#14019=DIRECTION('ref_axis',(-1.,2.16840434533785E-19,0.));
#14020=DIRECTION('',(0.850724064306648,-1.84471375772601E-19,0.525612563024875));
#14021=DIRECTION('',(0.880555864281115,-1.90940116241989E-19,-0.473942369787866));
#14022=DIRECTION('',(0.0298317999744677,-6.46874046938853E-21,-0.999554932812741));
#14023=DIRECTION('',(-0.850724064306648,1.84471375772601E-19,-0.525612563024875));
#14024=DIRECTION('',(-0.880555864281115,1.90940116241989E-19,0.473942369787866));
#14025=DIRECTION('',(-0.0298317999744676,6.46874046938851E-21,0.999554932812741));
#14026=DIRECTION('center_axis',(-2.16840434533785E-19,-1.,0.));
#14027=DIRECTION('ref_axis',(-1.,2.16840434533785E-19,0.));
#14028=DIRECTION('center_axis',(0.473942369787866,-1.02769869408773E-19,
0.880555864281115));
#14029=DIRECTION('ref_axis',(-0.880555864281115,1.90940116241989E-19,0.473942369787866));
#14030=DIRECTION('',(2.16840434533785E-19,1.,0.));
#14031=DIRECTION('',(0.880555864281115,-1.90940116242187E-19,-0.473942369787866));
#14032=DIRECTION('',(2.16840434533785E-19,1.,0.));
#14033=DIRECTION('center_axis',(-0.525612563024875,1.1397405656273E-19,
0.850724064306648));
#14034=DIRECTION('ref_axis',(-0.850724064306648,1.84471375772601E-19,-0.525612563024875));
#14035=DIRECTION('',(2.16840434533785E-19,1.,0.));
#14036=DIRECTION('',(0.850724064306648,-1.84471375772791E-19,0.525612563024875));
#14037=DIRECTION('center_axis',(-0.999554932812741,2.16743925971503E-19,
-0.0298317999744676));
#14038=DIRECTION('ref_axis',(0.0298317999744676,-6.46874046938851E-21,-0.999554932812741));
#14039=DIRECTION('',(-2.16840434533785E-19,-1.,0.));
#14040=DIRECTION('',(-0.0298317999744676,6.46874046939518E-21,0.999554932812741));
#14041=DIRECTION('center_axis',(-0.473942369787866,1.02769869408773E-19,
-0.880555864281115));
#14042=DIRECTION('ref_axis',(0.880555864281115,-1.90940116241989E-19,-0.473942369787866));
#14043=DIRECTION('',(2.16840434533785E-19,1.,0.));
#14044=DIRECTION('',(-0.880555864281115,1.90940116242187E-19,0.473942369787866));
#14045=DIRECTION('center_axis',(0.525612563024875,-1.1397405656273E-19,
-0.850724064306648));
#14046=DIRECTION('ref_axis',(0.850724064306648,-1.84471375772601E-19,0.525612563024875));
#14047=DIRECTION('',(2.16840434533785E-19,1.,0.));
#14048=DIRECTION('',(-0.850724064306648,1.84471375772791E-19,-0.525612563024875));
#14049=DIRECTION('center_axis',(0.999554932812741,-2.16743925971503E-19,
0.0298317999744677));
#14050=DIRECTION('ref_axis',(-0.0298317999744677,6.46874046938853E-21,0.999554932812741));
#14051=DIRECTION('',(0.0298317999744677,-6.46874046939521E-21,-0.999554932812741));
#14052=DIRECTION('center_axis',(-2.16840434534009E-19,-1.,-8.49810885247878E-46));
#14053=DIRECTION('ref_axis',(-1.,2.16840434534009E-19,-3.91906097713799E-27));
#14054=DIRECTION('',(0.,0.,1.));
#14055=DIRECTION('',(1.,0.,0.));
#14056=DIRECTION('',(0.,0.,1.));
#14057=DIRECTION('',(1.,0.,0.));
#14058=DIRECTION('',(0.,0.,1.));
#14059=DIRECTION('',(1.,0.,0.));
#14060=DIRECTION('',(0.,0.,1.));
#14061=DIRECTION('',(1.,0.,0.));
#14062=DIRECTION('',(0.,0.,1.));
#14063=DIRECTION('',(-2.22044604925031E-16,-1.,0.));
#14064=DIRECTION('',(-7.7715611723761E-16,4.93038065763132E-32,1.));
#14065=DIRECTION('',(1.,-1.11022302462965E-16,7.7715611723761E-16));
#14066=DIRECTION('',(-5.01654273676877E-12,1.00586206031045E-13,-1.));
#14067=DIRECTION('',(-1.,2.4741856647726E-15,5.01654273676877E-12));
#14068=DIRECTION('',(-7.7715611723761E-16,4.93038065763132E-32,1.));
#14069=DIRECTION('',(1.,-1.11022302462977E-16,7.7715611723761E-16));
#14070=DIRECTION('',(-5.01654273676877E-12,1.00364161426121E-13,-1.));
#14071=DIRECTION('',(-1.,2.57133017942731E-15,5.01654273676877E-12));
#14072=DIRECTION('',(2.51374340949433E-12,-4.84292867358515E-14,1.));
#14073=DIRECTION('',(9.70334923522387E-14,1.,4.84292867356082E-14));
#14074=DIRECTION('',(2.50890842301256E-12,-4.77131580944944E-14,1.));
#14075=DIRECTION('',(9.72555369571637E-14,1.,4.7713158094251E-14));
#14076=DIRECTION('',(-7.52627090111739E-12,5.22494993401284E-14,-1.));
#14077=DIRECTION('',(-9.43689570931383E-14,1.,5.22494993408359E-14));
#14078=DIRECTION('',(-7.53088230695216E-12,5.14117891973723E-14,-1.));
#14079=DIRECTION('',(-9.43689570931383E-14,1.,5.14436329829965E-14));
#14080=DIRECTION('',(3.99381662395133E-14,-2.98212281916191E-14,-1.));
#14081=DIRECTION('',(8.88178419700125E-16,-1.,2.98237712132308E-14));
#14082=DIRECTION('',(3.45123963103429E-14,-2.8073102767517E-14,-1.));
#14083=DIRECTION('',(-2.22044604925031E-16,1.,-2.8073102767517E-14));
#14084=DIRECTION('',(1.93819338842037E-14,-6.51594046970576E-15,1.));
#14085=DIRECTION('',(-1.,-8.35966708765995E-16,1.93819338842037E-14));
#14086=DIRECTION('',(1.3312825451378E-14,-2.02696191899149E-14,-1.));
#14087=DIRECTION('',(1.,-9.1459435136889E-15,1.33128254513782E-14));
#14088=DIRECTION('',(-2.42172224313301E-14,2.35007449804156E-14,-1.));
#14089=DIRECTION('',(-1.,-6.92722365268829E-15,2.42172224313299E-14));
#14090=DIRECTION('',(1.1525889406155E-16,1.43905334041367E-15,-1.));
#14091=DIRECTION('',(0.,1.,1.43905334041367E-15));
#14092=DIRECTION('',(1.06470254265307E-16,-2.99305011829071E-15,1.));
#14093=DIRECTION('',(0.,-1.,-2.99305011829071E-15));
#14094=DIRECTION('',(6.86728455922772E-14,1.68143273038608E-14,-1.));
#14095=DIRECTION('',(-1.28785870856518E-14,1.,1.68143273038599E-14));
#14096=DIRECTION('',(-6.2629420070514E-14,-1.68625484926481E-14,1.));
#14097=DIRECTION('',(-1.33226762955019E-14,1.,1.68625484926472E-14));
#14098=DIRECTION('',(6.86306707178136E-14,6.59283598667563E-14,-1.));
#14099=DIRECTION('',(-1.33226762955019E-14,1.,6.59283598667554E-14));
#14100=DIRECTION('',(-6.24021518495954E-14,-6.57175851921485E-14,1.));
#14101=DIRECTION('',(-1.35447209004269E-14,1.,6.57175851921477E-14));
#14102=DIRECTION('',(1.21293799474282E-13,3.00146860673427E-13,1.));
#14103=DIRECTION('',(8.88178419700125E-16,-1.,3.00146860673427E-13));
#14104=DIRECTION('',(3.42927897682355E-14,2.03039796579585E-14,-1.));
#14105=DIRECTION('',(1.55431223447522E-15,1.,2.03039796579585E-14));
#14106=DIRECTION('',(-1.2093955744745E-13,-2.99612924280559E-13,-1.));
#14107=DIRECTION('',(-2.22044604925031E-16,1.,-2.99612924280559E-13));
#14108=DIRECTION('',(-3.86231521725611E-14,1.99536150798021E-14,1.));
#14109=DIRECTION('',(-1.,4.59553134460065E-15,-3.86231521725612E-14));
#14110=DIRECTION('',(2.22044604925031E-16,6.65306225001273E-111,1.));
#14111=DIRECTION('',(1.,5.99254573400601E-95,-2.22044604925031E-16));
#14112=DIRECTION('',(2.22044604925031E-16,6.65306225001273E-111,1.));
#14113=DIRECTION('',(1.,5.99254573400601E-95,-2.22044604925031E-16));
#14114=DIRECTION('',(0.,0.,1.));
#14115=DIRECTION('',(0.00174532836577612,0.999998476913288,0.));
#14116=CARTESIAN_POINT('',(0.,0.,0.));
#14117=CARTESIAN_POINT('',(0.,0.,0.));
#14118=CARTESIAN_POINT('Origin',(0.,0.,0.));
#14119=CARTESIAN_POINT('',(-2.5,-3.95516952522712E-14,-9.4));
#14120=CARTESIAN_POINT('',(2.5,-3.06161699786838E-16,-9.4));
#14121=CARTESIAN_POINT('Origin',(0.,0.,-9.4));
#14122=CARTESIAN_POINT('',(2.5,-3.06161699786838E-16,0.));
#14123=CARTESIAN_POINT('',(2.5,-3.06161699786838E-16,0.));
#14124=CARTESIAN_POINT('Origin',(0.,0.,0.));
#14125=CARTESIAN_POINT('Origin',(0.,0.,-9.4));
#14126=CARTESIAN_POINT('Origin',(0.,4.25000000000001,-5.55111512312578E-16));
#14127=CARTESIAN_POINT('',(-5.20474889637625E-16,-4.24999999999999,8.78036477936207E-15));
#14128=CARTESIAN_POINT('Origin',(0.,7.2092872295005E-15,5.55111512312578E-15));
#14129=CARTESIAN_POINT('Origin',(0.,9.53624654061194E-15,3.0625));
#14130=CARTESIAN_POINT('',(-5.20474889637625E-16,-4.24999999999999,3.06250000000001));
#14131=CARTESIAN_POINT('Origin',(0.,9.53624654061194E-15,3.0625));
#14132=CARTESIAN_POINT('',(-4.66896592174928E-16,-3.81249999999998,3.50000000000001));
#14133=CARTESIAN_POINT('',(-5.20474889637625E-16,-4.24999999999999,3.06250000000001));
#14134=CARTESIAN_POINT('Origin',(0.,9.86866929934215E-15,3.5));
#14135=CARTESIAN_POINT('Origin',(0.,7.2092872295005E-15,0.));
#14136=CARTESIAN_POINT('',(-5.20474889637625E-16,-4.24999999999999,3.22924965623629E-15));
#14137=CARTESIAN_POINT('Origin',(0.,0.,-10.));
#14138=CARTESIAN_POINT('',(-1.9,-2.32682891837997E-16,-10.));
#14139=CARTESIAN_POINT('',(-1.9,-2.32682891837997E-16,-10.));
#14140=CARTESIAN_POINT('Origin',(0.,0.,-10.));
#14141=CARTESIAN_POINT('Origin',(0.,3.81250000000001,3.5));
#14142=CARTESIAN_POINT('',(-1.32489505477729E-13,-1.73205080756879,3.50000000000001));
#14143=CARTESIAN_POINT('',(1.49999999999989,-0.866025403784491,3.5));
#14144=CARTESIAN_POINT('Origin',(0.,3.74415592880728E-14,3.5));
#14145=CARTESIAN_POINT('',(-1.5,-0.86602540378443,3.5));
#14146=CARTESIAN_POINT('Origin',(0.,3.74415592880728E-14,3.5));
#14147=CARTESIAN_POINT('',(-1.5,0.866025403784382,3.5));
#14148=CARTESIAN_POINT('Origin',(0.,3.74415592880728E-14,3.5));
#14149=CARTESIAN_POINT('',(3.5453411040276E-14,1.73205080756887,3.5));
#14150=CARTESIAN_POINT('Origin',(0.,3.74415592880728E-14,3.5));
#14151=CARTESIAN_POINT('',(1.5,0.866025403784381,3.5));
#14152=CARTESIAN_POINT('Origin',(0.,3.74415592880728E-14,3.5));
#14153=CARTESIAN_POINT('Origin',(0.,3.74415592880728E-14,3.5));
#14154=CARTESIAN_POINT('Origin',(0.,0.,-10.));
#14155=CARTESIAN_POINT('Origin',(0.,3.74415592880728E-14,3.5));
#14156=CARTESIAN_POINT('Ctrl Pts',(-1.5,-0.866025403784403,3.50000000000005));
#14157=CARTESIAN_POINT('Ctrl Pts',(-1.5,4.9960036108132E-16,3.06698729810785));
#14158=CARTESIAN_POINT('Ctrl Pts',(-1.5,0.866025403784382,3.5));
#14159=CARTESIAN_POINT('Origin',(0.,3.74415592880728E-14,3.5));
#14160=CARTESIAN_POINT('Ctrl Pts',(-1.31379957385964E-13,-1.73205080756879,
3.50000000000001));
#14161=CARTESIAN_POINT('Ctrl Pts',(-0.750000000000043,-1.29903810567662,
3.06698729810789));
#14162=CARTESIAN_POINT('Ctrl Pts',(-1.49999999999998,-0.866025403784444,
3.50000000000005));
#14163=CARTESIAN_POINT('Origin',(0.,3.74415592880728E-14,3.5));
#14164=CARTESIAN_POINT('Ctrl Pts',(1.49999999999989,-0.866025403784492,
3.5));
#14165=CARTESIAN_POINT('Ctrl Pts',(0.749999999999952,-1.29903810567668,
3.06698729810788));
#14166=CARTESIAN_POINT('Ctrl Pts',(-2.70051735575545E-14,-1.73205080756888,
3.5000000000001));
#14167=CARTESIAN_POINT('Origin',(0.,3.74415592880728E-14,3.5));
#14168=CARTESIAN_POINT('Ctrl Pts',(1.5,0.866025403784377,3.5));
#14169=CARTESIAN_POINT('Ctrl Pts',(1.5,-2.03170813506404E-14,3.06698729810784));
#14170=CARTESIAN_POINT('Ctrl Pts',(1.5,-0.866025403784454,3.50000000000008));
#14171=CARTESIAN_POINT('Origin',(0.,3.74415592880728E-14,3.5));
#14172=CARTESIAN_POINT('Ctrl Pts',(3.62895267900563E-14,1.73205080756887,
3.5));
#14173=CARTESIAN_POINT('Ctrl Pts',(0.750000000000015,1.29903810567666,3.06698729810781));
#14174=CARTESIAN_POINT('Ctrl Pts',(1.50000000000001,0.866025403784442,3.50000000000004));
#14175=CARTESIAN_POINT('Origin',(0.,3.74415592880728E-14,3.5));
#14176=CARTESIAN_POINT('Ctrl Pts',(-1.50000000000001,0.866025403784442,
3.50000000000004));
#14177=CARTESIAN_POINT('Ctrl Pts',(-0.749999999999999,1.29903810567667,
3.0669872981078));
#14178=CARTESIAN_POINT('Ctrl Pts',(6.78308911963674E-15,1.73205080756889,
3.50000000000002));
#14179=CARTESIAN_POINT('Origin',(3.03576371818203E-16,1.73205080756889,
0.679999999999999));
#14180=CARTESIAN_POINT('',(-1.5,0.866025403784449,0.679999999999999));
#14181=CARTESIAN_POINT('',(4.63148187904233E-16,1.73205080756889,0.679999999999999));
#14182=CARTESIAN_POINT('',(-1.5,0.866025403784449,0.679999999999999));
#14183=CARTESIAN_POINT('',(-1.5,-0.86602540378443,0.679999999999999));
#14184=CARTESIAN_POINT('',(-1.5,-0.86602540378443,0.679999999999999));
#14185=CARTESIAN_POINT('',(-1.81589183132368E-16,-1.73205080756887,0.679999999999999));
#14186=CARTESIAN_POINT('',(-1.81589183132368E-16,-1.73205080756887,0.679999999999999));
#14187=CARTESIAN_POINT('',(1.5,-0.86602540378443,0.679999999999999));
#14188=CARTESIAN_POINT('',(1.5,-0.86602540378443,0.679999999999999));
#14189=CARTESIAN_POINT('',(1.5,0.866025403784449,0.679999999999999));
#14190=CARTESIAN_POINT('',(1.5,0.866025403784449,0.679999999999999));
#14191=CARTESIAN_POINT('',(4.63148187904233E-16,1.73205080756889,0.679999999999999));
#14192=CARTESIAN_POINT('Origin',(-1.5,-0.86602540378443,0.679999999999999));
#14193=CARTESIAN_POINT('',(-1.5,-0.86602540378443,0.679999999999999));
#14194=CARTESIAN_POINT('',(-1.5,0.866025403784449,0.679999999999999));
#14195=CARTESIAN_POINT('Origin',(-1.81589183132368E-16,-1.73205080756887,
0.679999999999999));
#14196=CARTESIAN_POINT('',(-1.81589183132368E-16,-1.73205080756887,0.679999999999999));
#14197=CARTESIAN_POINT('Origin',(1.5,-0.86602540378443,0.679999999999999));
#14198=CARTESIAN_POINT('',(1.5,-0.86602540378443,0.679999999999999));
#14199=CARTESIAN_POINT('Origin',(1.5,0.866025403784449,0.679999999999999));
#14200=CARTESIAN_POINT('',(1.5,0.866025403784449,0.679999999999999));
#14201=CARTESIAN_POINT('Origin',(4.63148187904233E-16,1.73205080756889,
0.679999999999999));
#14202=CARTESIAN_POINT('',(4.63148187904233E-16,1.73205080756889,0.679999999999999));
#14203=CARTESIAN_POINT('Origin',(-1.5,0.866025403784449,0.679999999999999));
#14204=CARTESIAN_POINT('',(0.,0.,0.));
#14205=CARTESIAN_POINT('Origin',(8.79999999999999,-6.08957329006898E-13,
-2.3));
#14206=CARTESIAN_POINT('',(8.79999999999999,2.45,-0.25));
#14207=CARTESIAN_POINT('',(8.79999999999999,2.2,2.08437867660338E-16));
#14208=CARTESIAN_POINT('Origin',(8.79999999999999,2.2,-0.25));
#14209=CARTESIAN_POINT('',(8.79999999999999,-2.2,2.77555756156289E-16));
#14210=CARTESIAN_POINT('',(8.79999999999999,0.,2.77555756156289E-16));
#14211=CARTESIAN_POINT('',(8.79999999999999,-2.45,-0.25));
#14212=CARTESIAN_POINT('Origin',(8.79999999999999,-2.2,-0.25));
#14213=CARTESIAN_POINT('',(8.79999999999999,-2.45,-0.35));
#14214=CARTESIAN_POINT('',(8.79999999999999,-2.45,-0.25));
#14215=CARTESIAN_POINT('',(8.79999999999999,-2.7,-0.6));
#14216=CARTESIAN_POINT('Origin',(8.79999999999999,-2.7,-0.35));
#14217=CARTESIAN_POINT('',(8.79999999999999,-3.15,-0.6));
#14218=CARTESIAN_POINT('',(8.79999999999999,-2.7,-0.6));
#14219=CARTESIAN_POINT('',(8.79999999999999,-3.77966372820351,-1.60581626736467));
#14220=CARTESIAN_POINT('Origin',(8.79999999999999,-3.15,-1.3));
#14221=CARTESIAN_POINT('',(8.79999999999999,-1.47182461380229,-4.3));
#14222=CARTESIAN_POINT('Origin',(8.79999999999999,2.51697355383265,1.45234640628259));
#14223=CARTESIAN_POINT('',(8.79999999999999,1.47182461380229,-4.3));
#14224=CARTESIAN_POINT('',(8.79999999999999,0.499999999999696,-4.3));
#14225=CARTESIAN_POINT('',(8.79999999999999,3.77966372820241,-1.60581626736414));
#14226=CARTESIAN_POINT('Origin',(8.79999999999999,-2.51697355383265,1.45234640628259));
#14227=CARTESIAN_POINT('',(8.79999999999999,3.15,-0.600000000001218));
#14228=CARTESIAN_POINT('Origin',(8.79999999999999,3.15,-1.3));
#14229=CARTESIAN_POINT('',(8.79999999999999,2.7,-0.6));
#14230=CARTESIAN_POINT('',(8.79999999999999,2.7,-0.6));
#14231=CARTESIAN_POINT('',(8.79999999999999,2.45,-0.35));
#14232=CARTESIAN_POINT('Origin',(8.79999999999999,2.7,-0.35));
#14233=CARTESIAN_POINT('',(8.79999999999999,2.45,-0.25));
#14234=CARTESIAN_POINT('Origin',(-4.19999999999998,-6.08957329006898E-13,
-2.3));
#14235=CARTESIAN_POINT('',(-4.19999999999998,2.2,2.08437867660338E-16));
#14236=CARTESIAN_POINT('',(-4.19999999999998,2.45,-0.25));
#14237=CARTESIAN_POINT('Origin',(-4.19999999999998,2.2,-0.25));
#14238=CARTESIAN_POINT('',(-4.19999999999998,2.45,-0.35));
#14239=CARTESIAN_POINT('',(-4.19999999999998,2.45,-0.25));
#14240=CARTESIAN_POINT('',(-4.19999999999998,2.7,-0.6));
#14241=CARTESIAN_POINT('Origin',(-4.19999999999998,2.7,-0.35));
#14242=CARTESIAN_POINT('',(-4.19999999999998,3.15,-0.600000000001218));
#14243=CARTESIAN_POINT('',(-4.19999999999998,2.7,-0.6));
#14244=CARTESIAN_POINT('',(-4.19999999999998,3.77966372820241,-1.60581626736414));
#14245=CARTESIAN_POINT('Origin',(-4.19999999999998,3.15,-1.3));
#14246=CARTESIAN_POINT('',(-4.19999999999998,1.47182461380229,-4.3));
#14247=CARTESIAN_POINT('Origin',(-4.19999999999998,-2.51697355383265,1.45234640628259));
#14248=CARTESIAN_POINT('',(-4.19999999999998,-1.47182461380229,-4.3));
#14249=CARTESIAN_POINT('',(-4.19999999999998,0.499999999999696,-4.3));
#14250=CARTESIAN_POINT('',(-4.19999999999998,-3.77966372820351,-1.60581626736467));
#14251=CARTESIAN_POINT('Origin',(-4.19999999999998,2.51697355383265,1.45234640628259));
#14252=CARTESIAN_POINT('',(-4.19999999999998,-3.15,-0.6));
#14253=CARTESIAN_POINT('Origin',(-4.19999999999998,-3.15,-1.3));
#14254=CARTESIAN_POINT('',(-4.19999999999998,-2.7,-0.6));
#14255=CARTESIAN_POINT('',(-4.19999999999998,-2.7,-0.6));
#14256=CARTESIAN_POINT('',(-4.19999999999998,-2.45,-0.35));
#14257=CARTESIAN_POINT('Origin',(-4.19999999999998,-2.7,-0.35));
#14258=CARTESIAN_POINT('',(-4.19999999999998,-2.45,-0.25));
#14259=CARTESIAN_POINT('',(-4.19999999999998,-2.45,-0.25));
#14260=CARTESIAN_POINT('',(-4.19999999999998,-2.2,2.77555756156289E-16));
#14261=CARTESIAN_POINT('Origin',(-4.19999999999998,-2.2,-0.25));
#14262=CARTESIAN_POINT('',(-4.19999999999998,0.,2.77555756156289E-16));
#14263=CARTESIAN_POINT('Origin',(0.,0.,-4.1));
#14264=CARTESIAN_POINT('',(-1.56140096883232,1.40427564731311,-3.90020463117465));
#14265=CARTESIAN_POINT('',(-2.1,1.22166327992366E-14,-3.9));
#14266=CARTESIAN_POINT('Origin',(0.,-5.42101086242752E-19,-3.9));
#14267=CARTESIAN_POINT('',(-1.56140096554535,-1.40427564516571,-3.90020463244451));
#14268=CARTESIAN_POINT('Origin',(0.,-5.42101086242752E-19,-3.9));
#14269=CARTESIAN_POINT('',(-1.96276970254559,-1.50766724522819,-4.2749798842765));
#14270=CARTESIAN_POINT('Ctrl Pts',(-1.56226230726705,-1.40332066851574,
-3.90082704623593));
#14271=CARTESIAN_POINT('Ctrl Pts',(-1.59370119701256,-1.4111925341715,-3.92946540258103));
#14272=CARTESIAN_POINT('Ctrl Pts',(-1.62516103233134,-1.4193188546056,-3.95837778519449));
#14273=CARTESIAN_POINT('Ctrl Pts',(-1.65650533328035,-1.42751562941183,
-3.98737122795687));
#14274=CARTESIAN_POINT('Ctrl Pts',(-1.68759521786177,-1.43564587238901,
-4.01612933586832));
#14275=CARTESIAN_POINT('Ctrl Pts',(-1.71857139449851,-1.44384519813932,
-4.0449671200298));
#14276=CARTESIAN_POINT('Ctrl Pts',(-1.74926408995077,-1.45195927089396,
-4.07366998743891));
#14277=CARTESIAN_POINT('Ctrl Pts',(-1.75300144809576,-1.45294729737556,
-4.07716505014733));
#14278=CARTESIAN_POINT('Ctrl Pts',(-1.75673455877461,-1.45393409291661,
-4.08065808110981));
#14279=CARTESIAN_POINT('Ctrl Pts',(-1.76046307879959,-1.45491940678426,
-4.08414866702937));
#14280=CARTESIAN_POINT('Ctrl Pts',(-1.8111084757514,-1.46830316538427,-4.13156214699105));
#14281=CARTESIAN_POINT('Ctrl Pts',(-1.86186108821955,-1.48165315444449,
-4.17941357702755));
#14282=CARTESIAN_POINT('Ctrl Pts',(-1.91295173985031,-1.49486243268327,
-4.22777129898305));
#14283=CARTESIAN_POINT('Ctrl Pts',(-1.92951984718205,-1.49914604881752,
-4.24345314883433));
#14284=CARTESIAN_POINT('Ctrl Pts',(-1.94612333985937,-1.50341523307295,
-4.25918840418478));
#14285=CARTESIAN_POINT('Ctrl Pts',(-1.9627697023989,-1.50766724502844,-4.27497988412775));
#14286=CARTESIAN_POINT('',(-2.02082465993605,-1.47182461380229,-4.3));
#14287=CARTESIAN_POINT('Ctrl Pts',(-1.96276970254643,-1.50766724522936,
-4.27497988427617));
#14288=CARTESIAN_POINT('Ctrl Pts',(-1.9821987098194,-1.49592214179173,-4.28323326815657));
#14289=CARTESIAN_POINT('Ctrl Pts',(-2.00155724966081,-1.48397171989321,
-4.29157694076549));
#14290=CARTESIAN_POINT('Ctrl Pts',(-2.02082465993606,-1.47182461380229,
-4.29999999999999));
#14291=CARTESIAN_POINT('',(-2.02082465993605,1.47182461380229,-4.3));
#14292=CARTESIAN_POINT('Origin',(0.,0.,-4.3));
#14293=CARTESIAN_POINT('',(-1.96276970267562,1.50766724506985,-4.27497988438826));
#14294=CARTESIAN_POINT('Ctrl Pts',(-2.02082465993606,1.47182461380229,-4.29999999999999));
#14295=CARTESIAN_POINT('Ctrl Pts',(-2.0015570693263,1.48397183358479,-4.29157686192935));
#14296=CARTESIAN_POINT('Ctrl Pts',(-1.98219907826845,1.49592191905768,-4.28323342467335));
#14297=CARTESIAN_POINT('Ctrl Pts',(-1.96276970272317,1.50766724512252,-4.27497988435125));
#14298=CARTESIAN_POINT('Ctrl Pts',(-1.56226194600622,1.40332107487104,-3.90082678152116));
#14299=CARTESIAN_POINT('Ctrl Pts',(-1.59369256907002,1.41119093682129,-3.92945761463373));
#14300=CARTESIAN_POINT('Ctrl Pts',(-1.62514396230657,1.41931498759355,-3.95836216704927));
#14301=CARTESIAN_POINT('Ctrl Pts',(-1.6564794206451,1.42750932740052,-3.98734731685704));
#14302=CARTESIAN_POINT('Ctrl Pts',(-1.68755971843527,1.4356369417677,-4.01609644437213));
#14303=CARTESIAN_POINT('Ctrl Pts',(-1.71852592032664,1.44383347249499,-4.04492478853296));
#14304=CARTESIAN_POINT('Ctrl Pts',(-1.74920805159597,1.45194469499432,-4.07361760918788));
#14305=CARTESIAN_POINT('Ctrl Pts',(-1.75286381251628,1.45291114318427,-4.07703634472235));
#14306=CARTESIAN_POINT('Ctrl Pts',(-1.75651549822785,1.45387641202287,-4.08045312627807));
#14307=CARTESIAN_POINT('Ctrl Pts',(-1.76016278694624,1.45484026672733,-4.08386756644026));
#14308=CARTESIAN_POINT('Ctrl Pts',(-1.8108030572875,1.46822277263016,-4.13127488355382));
#14309=CARTESIAN_POINT('Ctrl Pts',(-1.86155083452458,1.48157205170795,-4.1791207051538));
#14310=CARTESIAN_POINT('Ctrl Pts',(-1.91263683528179,1.49478102371125,-4.22747324277121));
#14311=CARTESIAN_POINT('Ctrl Pts',(-1.92930939091849,1.49909193702144,-4.24325369850571));
#14312=CARTESIAN_POINT('Ctrl Pts',(-1.94601780543167,1.5033882761738,-4.25908828952937));
#14313=CARTESIAN_POINT('Ctrl Pts',(-1.96276970268334,1.50766724506052,-4.27497988439481));
#14314=CARTESIAN_POINT('Ctrl Pts',(-1.96276970254471,-1.50766724522793,
-4.27497988427717));
#14315=CARTESIAN_POINT('Ctrl Pts',(-1.84379097323731,-1.65134662383696,
-4.17401516534948));
#14316=CARTESIAN_POINT('Ctrl Pts',(-1.57637622728695,-1.90809420512331,
-3.97956900072846));
#14317=CARTESIAN_POINT('Ctrl Pts',(-0.833849071506997,-2.33532603937094,
-3.60080167077368));
#14318=CARTESIAN_POINT('Ctrl Pts',(0.128979374506532,-2.46024882407694,
-3.46903333196467));
#14319=CARTESIAN_POINT('Ctrl Pts',(1.02085602960951,-2.22605301742472,-3.70059699837179));
#14320=CARTESIAN_POINT('Ctrl Pts',(1.57516406060344,-1.91029687040693,-3.97588608290661));
#14321=CARTESIAN_POINT('Ctrl Pts',(1.84379198625301,-1.65134540054096,-4.17401602497623));
#14322=CARTESIAN_POINT('Ctrl Pts',(1.96276970268336,-1.5076672450605,-4.27497988439483));
#14323=CARTESIAN_POINT('Ctrl Pts',(-1.8884572546194,-1.39711254038031,-4.19822157783254));
#14324=CARTESIAN_POINT('Ctrl Pts',(-1.77794538853967,-1.53904670717639,
-4.1025273727517));
#14325=CARTESIAN_POINT('Ctrl Pts',(-1.52683964286199,-1.79523444208847,
-3.91774481830963));
#14326=CARTESIAN_POINT('Ctrl Pts',(-0.816314232578775,-2.23315537114941,
-3.55578545644272));
#14327=CARTESIAN_POINT('Ctrl Pts',(0.127250417244346,-2.3662135732582,-3.4292316195732));
#14328=CARTESIAN_POINT('Ctrl Pts',(0.99513307843286,-2.12045564656391,-3.65124011568449));
#14329=CARTESIAN_POINT('Ctrl Pts',(1.52576946134745,-1.79791463309297,-3.91417346550433));
#14330=CARTESIAN_POINT('Ctrl Pts',(1.77794632946738,-1.53904549873806,-4.10252818750483));
#14331=CARTESIAN_POINT('Ctrl Pts',(1.88845725474818,-1.39711254021491,-4.19822157794405));
#14332=CARTESIAN_POINT('Ctrl Pts',(-1.81414480669409,-1.28655783553268,
-4.12146327138791));
#14333=CARTESIAN_POINT('Ctrl Pts',(-1.71209980384202,-1.42674679051583,
-4.03103958015393));
#14334=CARTESIAN_POINT('Ctrl Pts',(-1.47730305843703,-1.68237467905362,
-3.8559206358908));
#14335=CARTESIAN_POINT('Ctrl Pts',(-0.798779393650552,-2.13098470292788,
-3.51076924211176));
#14336=CARTESIAN_POINT('Ctrl Pts',(0.125521459982159,-2.27217832243946,
-3.38942990718172));
#14337=CARTESIAN_POINT('Ctrl Pts',(0.969410127256213,-2.01485827570311,
-3.6018832329972));
#14338=CARTESIAN_POINT('Ctrl Pts',(1.47637486209146,-1.68553239577902,-3.85246084810204));
#14339=CARTESIAN_POINT('Ctrl Pts',(1.71210067268175,-1.42674559693517,-4.03104035003344));
#14340=CARTESIAN_POINT('Ctrl Pts',(1.814144806813,-1.28655783536932,-4.12146327149328));
#14341=CARTESIAN_POINT('Ctrl Pts',(-1.73983235876878,-1.17600313068506,
-4.04470496494328));
#14342=CARTESIAN_POINT('Ctrl Pts',(-1.64625421914438,-1.31444687385526,
-3.95955178755616));
#14343=CARTESIAN_POINT('Ctrl Pts',(-1.42776647401207,-1.56951491601877,
-3.79409645347198));
#14344=CARTESIAN_POINT('Ctrl Pts',(-0.781244554722331,-2.02881403470635,
-3.4657530277808));
#14345=CARTESIAN_POINT('Ctrl Pts',(0.123792502719974,-2.17814307162071,
-3.34962819479025));
#14346=CARTESIAN_POINT('Ctrl Pts',(0.943687176079567,-1.9092609048423,-3.5525263503099));
#14347=CARTESIAN_POINT('Ctrl Pts',(1.42698026283547,-1.57315015846506,-3.79074823069975));
#14348=CARTESIAN_POINT('Ctrl Pts',(1.64625501589612,-1.31444569513227,-3.95955251256204));
#14349=CARTESIAN_POINT('Ctrl Pts',(1.73983235887782,-1.17600313052374,-4.04470496504251));
#14350=CARTESIAN_POINT('',(1.56190789891348,-1.40447523006195,-3.89981248119302));
#14351=CARTESIAN_POINT('Ctrl Pts',(-1.56140096554535,-1.40427564516571,
-3.90020463244451));
#14352=CARTESIAN_POINT('Ctrl Pts',(-1.51234585968427,-1.45862897651572,
-3.86477494317171));
#14353=CARTESIAN_POINT('Ctrl Pts',(-1.33507750634029,-1.63536258474202,
-3.7470233191186));
#14354=CARTESIAN_POINT('Ctrl Pts',(-0.781244554722331,-2.02881403470635,
-3.4657530277808));
#14355=CARTESIAN_POINT('Ctrl Pts',(0.123792502719974,-2.17814307162071,
-3.34962819479025));
#14356=CARTESIAN_POINT('Ctrl Pts',(0.943687176079567,-1.9092609048423,-3.5525263503099));
#14357=CARTESIAN_POINT('Ctrl Pts',(1.33493864854903,-1.63716136930865,-3.7453796396102));
#14358=CARTESIAN_POINT('Ctrl Pts',(1.51257541024065,-1.45942787697712,-3.86392304807838));
#14359=CARTESIAN_POINT('Ctrl Pts',(1.56190789891348,-1.40447523006195,-3.89981248119302));
#14360=CARTESIAN_POINT('',(1.96276970267562,-1.50766724506985,-4.27497988438826));
#14361=CARTESIAN_POINT('Ctrl Pts',(1.56203621589048,-1.40433228106239,-3.89990583914989));
#14362=CARTESIAN_POINT('Ctrl Pts',(1.59521285847568,-1.4124878347744,-3.93020694043148));
#14363=CARTESIAN_POINT('Ctrl Pts',(1.62841818058186,-1.42092715788929,-3.96082590022541));
#14364=CARTESIAN_POINT('Ctrl Pts',(1.66148714937348,-1.42945157401399,-3.99151999647339));
#14365=CARTESIAN_POINT('Ctrl Pts',(1.69455611816509,-1.43797599013868,-4.02221409272137));
#14366=CARTESIAN_POINT('Ctrl Pts',(1.72748867901808,-1.44658499454551,-4.05298320225786));
#14367=CARTESIAN_POINT('Ctrl Pts',(1.76007261206397,-1.45510202211308,-4.08355438095429));
#14368=CARTESIAN_POINT('Ctrl Pts',(1.81373991248085,-1.46912997498434,-4.13390657842809));
#14369=CARTESIAN_POINT('Ctrl Pts',(1.8675233738416,-1.48318220979529,-4.18471499234871));
#14370=CARTESIAN_POINT('Ctrl Pts',(1.92167895114586,-1.49712743866204,-4.23602314673989));
#14371=CARTESIAN_POINT('Ctrl Pts',(1.93535097944698,-1.5006480282896,-4.24897631931847));
#14372=CARTESIAN_POINT('Ctrl Pts',(1.94904659615706,-1.50416192593318,-4.26196153513356));
#14373=CARTESIAN_POINT('Ctrl Pts',(1.96276970268336,-1.5076672450605,-4.27497988439483));
#14374=CARTESIAN_POINT('Ctrl Pts',(1.96276970268336,-1.5076672450605,-4.27497988439483));
#14375=CARTESIAN_POINT('Ctrl Pts',(1.84379198625301,-1.65134540054096,-4.17401602497623));
#14376=CARTESIAN_POINT('Ctrl Pts',(1.57516406060344,-1.91029687040693,-3.97588608290661));
#14377=CARTESIAN_POINT('Ctrl Pts',(1.02085602960951,-2.22605301742472,-3.70059699837179));
#14378=CARTESIAN_POINT('Ctrl Pts',(0.128979374506532,-2.46024882407694,
-3.46903333196467));
#14379=CARTESIAN_POINT('Ctrl Pts',(-0.833849071506997,-2.33532603937094,
-3.60080167077368));
#14380=CARTESIAN_POINT('Ctrl Pts',(-1.57637622728695,-1.90809420512331,
-3.97956900072846));
#14381=CARTESIAN_POINT('Ctrl Pts',(-1.84379097323731,-1.65134662383696,
-4.17401516534948));
#14382=CARTESIAN_POINT('Ctrl Pts',(-1.96276970254471,-1.50766724522793,
-4.27497988427717));
#14383=CARTESIAN_POINT('Origin',(0.,0.,-4.1));
#14384=CARTESIAN_POINT('',(1.56190790241171,1.40447523232619,-3.89981247988318));
#14385=CARTESIAN_POINT('Origin',(0.,-5.42101086242752E-19,-3.9));
#14386=CARTESIAN_POINT('',(1.96276970269679,1.50766724508612,-4.27497988436156));
#14387=CARTESIAN_POINT('Ctrl Pts',(1.5620362173654,1.40433228557322,-3.89990583637267));
#14388=CARTESIAN_POINT('Ctrl Pts',(1.5952628245822,1.41250012115948,-3.9302525722795));
#14389=CARTESIAN_POINT('Ctrl Pts',(1.62851847055483,1.42095263985707,-3.96091836991588));
#14390=CARTESIAN_POINT('Ctrl Pts',(1.6616376846943,1.42949038351133,-3.9916597201088));
#14391=CARTESIAN_POINT('Ctrl Pts',(1.69475689883378,1.43802812716559,-4.02240107030171));
#14392=CARTESIAN_POINT('Ctrl Pts',(1.72773962590227,1.44665058798868,-4.05321784917217));
#14393=CARTESIAN_POINT('Ctrl Pts',(1.76037296949828,1.45518053301245,-4.08383618741764));
#14394=CARTESIAN_POINT('Ctrl Pts',(1.81403747543334,1.46920775900011,-4.1341870805053));
#14395=CARTESIAN_POINT('Ctrl Pts',(1.86781771398746,1.48325872332156,-4.18499331340831));
#14396=CARTESIAN_POINT('Ctrl Pts',(1.92196964335973,1.49720229234323,-4.23629855628806));
#14397=CARTESIAN_POINT('Ctrl Pts',(1.9355451561906,1.50069784831614,-4.2491604245738));
#14398=CARTESIAN_POINT('Ctrl Pts',(1.94914390226812,1.50418678101768,-4.26205384403874));
#14399=CARTESIAN_POINT('Ctrl Pts',(1.96276970268335,1.50766724506051,-4.27497988439482));
#14400=CARTESIAN_POINT('',(2.02082465993609,1.47182461380229,-4.3));
#14401=CARTESIAN_POINT('Ctrl Pts',(1.96276970272317,1.50766724512252,-4.27497988435125));
#14402=CARTESIAN_POINT('Ctrl Pts',(1.98219870993677,1.49592214171927,-4.28323326820716));
#14403=CARTESIAN_POINT('Ctrl Pts',(2.00155724971924,1.48397171985637,-4.29157694079103));
#14404=CARTESIAN_POINT('Ctrl Pts',(2.02082465993608,1.47182461380228,-4.3));
#14405=CARTESIAN_POINT('',(2.02082465993609,-1.47182461380229,-4.3));
#14406=CARTESIAN_POINT('Origin',(0.,0.,-4.3));
#14407=CARTESIAN_POINT('Ctrl Pts',(2.02082465993608,-1.47182461380228,-4.3));
#14408=CARTESIAN_POINT('Ctrl Pts',(2.00155706919276,-1.48397183366898,-4.29157686187097));
#14409=CARTESIAN_POINT('Ctrl Pts',(1.98219907839996,-1.49592191897818,-4.28323342472921));
#14410=CARTESIAN_POINT('Ctrl Pts',(1.96276970272317,-1.50766724512251,-4.27497988435125));
#14411=CARTESIAN_POINT('Ctrl Pts',(1.96276970268335,1.50766724506051,-4.27497988439482));
#14412=CARTESIAN_POINT('Ctrl Pts',(1.84379191585955,1.65134548554849,-4.17401596524072));
#14413=CARTESIAN_POINT('Ctrl Pts',(1.5751638160708,1.91029710662167,-3.97588589851991));
#14414=CARTESIAN_POINT('Ctrl Pts',(1.02085534187485,2.22605337066021,-3.70059667644782));
#14415=CARTESIAN_POINT('Ctrl Pts',(0.128977968616628,2.46024900091412,-3.46903315285324));
#14416=CARTESIAN_POINT('Ctrl Pts',(-0.833850787948767,2.3353256502908,-3.60080209997783));
#14417=CARTESIAN_POINT('Ctrl Pts',(-1.57637798461462,1.90809301150326,-3.97957002585288));
#14418=CARTESIAN_POINT('Ctrl Pts',(-1.84379191585954,1.6513454855485,-4.17401596524071));
#14419=CARTESIAN_POINT('Ctrl Pts',(-1.96276970268334,1.50766724506052,-4.27497988439481));
#14420=CARTESIAN_POINT('Ctrl Pts',(1.88845725474817,1.39711254021492,-4.19822157794405));
#14421=CARTESIAN_POINT('Ctrl Pts',(1.77794626408332,1.53904558271305,-4.10252813088761));
#14422=CARTESIAN_POINT('Ctrl Pts',(1.52576923078555,1.79791486976963,-3.91417329007632));
#14423=CARTESIAN_POINT('Ctrl Pts',(0.995132415976949,2.1204560106506,-3.65123980778529));
#14424=CARTESIAN_POINT('Ctrl Pts',(0.12724903793727,2.36621376011508,-3.42923144772844));
#14425=CARTESIAN_POINT('Ctrl Pts',(-0.816315909021709,2.23315495267025,
-3.55578586924622));
#14426=CARTESIAN_POINT('Ctrl Pts',(-1.52684131414003,1.79523322713054,-3.91774579682796));
#14427=CARTESIAN_POINT('Ctrl Pts',(-1.77794626408331,1.53904558271306,-4.1025281308876));
#14428=CARTESIAN_POINT('Ctrl Pts',(-1.88845725474816,1.39711254021493,-4.19822157794404));
#14429=CARTESIAN_POINT('Ctrl Pts',(1.814144806813,1.28655783536933,-4.12146327149328));
#14430=CARTESIAN_POINT('Ctrl Pts',(1.71210061230709,1.4267456798776,-4.03104029653449));
#14431=CARTESIAN_POINT('Ctrl Pts',(1.47637464550031,1.68553263291759,-3.85246068163273));
#14432=CARTESIAN_POINT('Ctrl Pts',(0.969409490079043,2.01485865064099,-3.60188293912276));
#14433=CARTESIAN_POINT('Ctrl Pts',(0.125520107257911,2.27217851931605,-3.38942974260364));
#14434=CARTESIAN_POINT('Ctrl Pts',(-0.79878103009465,2.13098425504971,-3.51076963851462));
#14435=CARTESIAN_POINT('Ctrl Pts',(-1.47730464366545,1.68237344275781,-3.85592156780305));
#14436=CARTESIAN_POINT('Ctrl Pts',(-1.71210061230708,1.42674567987761,-4.03104029653449));
#14437=CARTESIAN_POINT('Ctrl Pts',(-1.81414480681299,1.28655783536935,-4.12146327149327));
#14438=CARTESIAN_POINT('Ctrl Pts',(1.73983235887782,1.17600313052374,-4.04470496504251));
#14439=CARTESIAN_POINT('Ctrl Pts',(1.64625496053086,1.31444577704216,-3.95955246218138));
#14440=CARTESIAN_POINT('Ctrl Pts',(1.42698006021507,1.57315039606554,-3.79074807318914));
#14441=CARTESIAN_POINT('Ctrl Pts',(0.943686564181138,1.90926129063138,-3.55252607046024));
#14442=CARTESIAN_POINT('Ctrl Pts',(0.123791176578554,2.17814327851702,-3.34962803747884));
#14443=CARTESIAN_POINT('Ctrl Pts',(-0.781246151167592,2.02881355742916,
-3.46575340778302));
#14444=CARTESIAN_POINT('Ctrl Pts',(-1.42776797319086,1.56951365838509,-3.79409733877813));
#14445=CARTESIAN_POINT('Ctrl Pts',(-1.64625496053085,1.31444577704217,-3.95955246218137));
#14446=CARTESIAN_POINT('Ctrl Pts',(-1.73983235887781,1.17600313052376,-4.0447049650425));
#14447=CARTESIAN_POINT('Ctrl Pts',(-1.96276970268334,1.50766724506052,-4.27497988439481));
#14448=CARTESIAN_POINT('Ctrl Pts',(-1.84379191585954,1.6513454855485,-4.17401596524071));
#14449=CARTESIAN_POINT('Ctrl Pts',(-1.57637798461462,1.90809301150326,-3.97957002585288));
#14450=CARTESIAN_POINT('Ctrl Pts',(-0.833850787948767,2.3353256502908,-3.60080209997783));
#14451=CARTESIAN_POINT('Ctrl Pts',(0.128977968616628,2.46024900091412,-3.46903315285324));
#14452=CARTESIAN_POINT('Ctrl Pts',(1.02085534187485,2.22605337066021,-3.70059667644782));
#14453=CARTESIAN_POINT('Ctrl Pts',(1.5751638160708,1.91029710662167,-3.97588589851991));
#14454=CARTESIAN_POINT('Ctrl Pts',(1.84379191585955,1.65134548554849,-4.17401596524072));
#14455=CARTESIAN_POINT('Ctrl Pts',(1.96276970268335,1.50766724506051,-4.27497988439482));
#14456=CARTESIAN_POINT('Ctrl Pts',(1.56190790241171,1.40447523232619,-3.89981247988318));
#14457=CARTESIAN_POINT('Ctrl Pts',(1.51257534600974,1.45942795763264,-3.86392299564524));
#14458=CARTESIAN_POINT('Ctrl Pts',(1.33493842338256,1.637161596603,-3.74537948610775));
#14459=CARTESIAN_POINT('Ctrl Pts',(0.943686564181138,1.90926129063138,-3.55252607046024));
#14460=CARTESIAN_POINT('Ctrl Pts',(0.123791176578554,2.17814327851702,-3.34962803747884));
#14461=CARTESIAN_POINT('Ctrl Pts',(-0.781246151167592,2.02881355742916,
-3.46575340778302));
#14462=CARTESIAN_POINT('Ctrl Pts',(-1.33507857465925,1.63536175498111,-3.74702390608224));
#14463=CARTESIAN_POINT('Ctrl Pts',(-1.51234629338472,1.45862851466434,-3.86477524620429));
#14464=CARTESIAN_POINT('Ctrl Pts',(-1.56140096883232,1.40427564731311,-3.90020463117465));
#14465=CARTESIAN_POINT('Origin',(8.00000000000001,2.51697355383265,1.45234640628259));
#14466=CARTESIAN_POINT('',(8.00000000000001,-1.47182461380229,-4.3));
#14467=CARTESIAN_POINT('',(8.00000000000001,-3.77966372820351,-1.60581626736467));
#14468=CARTESIAN_POINT('',(8.00000000000001,-1.47182461380229,-4.3));
#14469=CARTESIAN_POINT('Origin',(8.00000000000001,1.,-4.3));
#14470=CARTESIAN_POINT('',(8.00000000000001,1.47182461380229,-4.3));
#14471=CARTESIAN_POINT('Origin',(0.,0.,1.555766169251));
#14472=CARTESIAN_POINT('',(-2.10000000000001,1.22167900795667E-14,-0.4));
#14473=CARTESIAN_POINT('Origin',(0.,0.,-0.4));
#14474=CARTESIAN_POINT('',(-2.1,1.22166327992366E-14,1.555766169251));
#14475=CARTESIAN_POINT('Origin',(8.00000000000001,-2.51697355383265,1.45234640628259));
#14476=CARTESIAN_POINT('',(8.00000000000001,1.47182461380229,-4.3));
#14477=CARTESIAN_POINT('',(8.00000000000001,3.77966372820241,-1.60581626736414));
#14478=CARTESIAN_POINT('Origin',(8.00000000000001,1.,-4.3));
#14479=CARTESIAN_POINT('Origin',(0.,0.,-0.2));
#14480=CARTESIAN_POINT('',(-2.5,1.45436104752817E-14,7.97972798949331E-16));
#14481=CARTESIAN_POINT('',(-2.3,1.33801216372592E-14,-0.2));
#14482=CARTESIAN_POINT('',(-1.18743420870377,-2.2,2.77555756156289E-16));
#14483=CARTESIAN_POINT('Origin',(0.,0.,2.77555756156289E-16));
#14484=CARTESIAN_POINT('',(1.18743420870381,-2.2,2.77555756156289E-16));
#14485=CARTESIAN_POINT('Ctrl Pts',(-1.18743420870378,-2.20000000000001,
2.7755575615628E-16));
#14486=CARTESIAN_POINT('Ctrl Pts',(-1.14616111871992,-2.22227685406625,
-5.13878472339971E-16));
#14487=CARTESIAN_POINT('Ctrl Pts',(-1.10137144323101,-2.24142725280323,
-0.00296839663201385));
#14488=CARTESIAN_POINT('Ctrl Pts',(-0.953673445457426,-2.29669166483486,
-0.0158003600113987));
#14489=CARTESIAN_POINT('Ctrl Pts',(-0.820626930373543,-2.32816859866413,
-0.0340355090336326));
#14490=CARTESIAN_POINT('Ctrl Pts',(-0.489721854931311,-2.38480653580655,
-0.0753862691027645));
#14491=CARTESIAN_POINT('Ctrl Pts',(-0.223312517749612,-2.4,-0.0999999999999996));
#14492=CARTESIAN_POINT('Ctrl Pts',(0.223312517749612,-2.4,-0.0999999999999996));
#14493=CARTESIAN_POINT('Ctrl Pts',(0.489721854931346,-2.38480653580655,
-0.0753862691027646));
#14494=CARTESIAN_POINT('Ctrl Pts',(0.820626930373578,-2.32816859866413,
-0.0340355090336328));
#14495=CARTESIAN_POINT('Ctrl Pts',(0.953673445457426,-2.29669166483486,
-0.0158003600113986));
#14496=CARTESIAN_POINT('Ctrl Pts',(1.10137144323105,-2.24142725280323,-0.00296839663201377));
#14497=CARTESIAN_POINT('Ctrl Pts',(1.14616111871992,-2.22227685406625,8.21664806386052E-16));
#14498=CARTESIAN_POINT('Ctrl Pts',(1.1874342087038,-2.19999999999999,2.77555756156296E-16));
#14499=CARTESIAN_POINT('',(1.18743420870381,2.2,2.08437867660338E-16));
#14500=CARTESIAN_POINT('Origin',(0.,0.,2.77555756156289E-16));
#14501=CARTESIAN_POINT('',(-1.18743420870377,2.2,2.08437867660338E-16));
#14502=CARTESIAN_POINT('Ctrl Pts',(1.1874342087038,2.19999999999999,2.08166817117224E-16));
#14503=CARTESIAN_POINT('Ctrl Pts',(1.14616111871992,2.22227685406625,7.5338605945859E-16));
#14504=CARTESIAN_POINT('Ctrl Pts',(1.10137144323105,2.24142725280323,-0.00296839663201396));
#14505=CARTESIAN_POINT('Ctrl Pts',(0.953673445457426,2.29669166483486,-0.0158003600113989));
#14506=CARTESIAN_POINT('Ctrl Pts',(0.820626930373578,2.32816859866413,-0.0340355090336329));
#14507=CARTESIAN_POINT('Ctrl Pts',(0.489721854931346,2.38480653580655,-0.0753862691027646));
#14508=CARTESIAN_POINT('Ctrl Pts',(0.223312517749612,2.4,-0.0999999999999997));
#14509=CARTESIAN_POINT('Ctrl Pts',(-0.223312517749612,2.4,-0.0999999999999997));
#14510=CARTESIAN_POINT('Ctrl Pts',(-0.489721854931311,2.38480653580655,
-0.0753862691027648));
#14511=CARTESIAN_POINT('Ctrl Pts',(-0.820626930373543,2.32816859866413,
-0.034035509033633));
#14512=CARTESIAN_POINT('Ctrl Pts',(-0.953673445457426,2.29669166483486,
-0.0158003600113988));
#14513=CARTESIAN_POINT('Ctrl Pts',(-1.10137144323101,2.24142725280323,-0.00296839663201395));
#14514=CARTESIAN_POINT('Ctrl Pts',(-1.14616111871992,2.22227685406625,-5.82156860771951E-16));
#14515=CARTESIAN_POINT('Ctrl Pts',(-1.18743420870378,2.20000000000001,2.08166817117207E-16));
#14516=CARTESIAN_POINT('Origin',(0.,0.,2.77555756156289E-16));
#14517=CARTESIAN_POINT('Origin',(8.00000000000001,-2.2,-0.25));
#14518=CARTESIAN_POINT('',(8.00000000000001,-2.2,2.77555756156289E-16));
#14519=CARTESIAN_POINT('',(8.00000000000001,-2.45,-0.25));
#14520=CARTESIAN_POINT('',(8.00000000000001,-2.2,2.77555756156289E-16));
#14521=CARTESIAN_POINT('Origin',(8.00000000000001,-2.2,2.77555756156289E-16));
#14522=CARTESIAN_POINT('',(8.00000000000001,2.2,2.08437867660338E-16));
#14523=CARTESIAN_POINT('Origin',(8.00000000000001,-2.2,2.77555756156289E-16));
#14524=CARTESIAN_POINT('',(8.00000000000001,2.2,2.08437867660338E-16));
#14525=CARTESIAN_POINT('Origin',(8.00000000000001,2.2,-0.25));
#14526=CARTESIAN_POINT('',(8.00000000000001,2.45,-0.25));
#14527=CARTESIAN_POINT('Origin',(8.00000000000001,-2.45,-0.35));
#14528=CARTESIAN_POINT('',(8.00000000000001,-2.45,-0.35));
#14529=CARTESIAN_POINT('Origin',(8.00000000000001,-2.7,-0.35));
#14530=CARTESIAN_POINT('',(8.00000000000001,-2.7,-0.6));
#14531=CARTESIAN_POINT('Origin',(8.00000000000001,2.45,-0.25));
#14532=CARTESIAN_POINT('',(8.00000000000001,2.45,-0.35));
#14533=CARTESIAN_POINT('Origin',(8.00000000000001,-3.15,-1.3));
#14534=CARTESIAN_POINT('',(8.00000000000001,-3.15,-0.6));
#14535=CARTESIAN_POINT('Origin',(8.00000000000001,3.15,-1.3));
#14536=CARTESIAN_POINT('',(8.00000000000001,3.15,-0.600000000001218));
#14537=CARTESIAN_POINT('Origin',(8.00000000000001,2.7,-0.6));
#14538=CARTESIAN_POINT('',(8.00000000000001,2.7,-0.6));
#14539=CARTESIAN_POINT('Origin',(8.00000000000001,2.7,-0.35));
#14540=CARTESIAN_POINT('Origin',(8.00000000000001,-3.15,-0.6));
#14541=CARTESIAN_POINT('',(0.,0.,0.));
#14542=CARTESIAN_POINT('Origin',(9.9920072216265E-16,1.77635683940027E-14,
-4.9));
#14543=CARTESIAN_POINT('',(1.79522114160842E-15,6.50000000000002,-4.8));
#14544=CARTESIAN_POINT('',(1.79522114160843E-15,-6.49999999999998,-4.8));
#14545=CARTESIAN_POINT('Origin',(9.99200722162643E-16,1.77635683940027E-14,
-4.8));
#14546=CARTESIAN_POINT('',(1.77072820562548E-15,-6.29999999999998,-5.));
#14547=CARTESIAN_POINT('',(1.78297467361696E-15,-6.39999999999998,-4.9));
#14548=CARTESIAN_POINT('Origin',(9.99200722162647E-16,1.77635683940027E-14,
-5.));
#14549=CARTESIAN_POINT('Origin',(9.99200722162643E-16,1.77635683940027E-14,
-4.8));
#14550=CARTESIAN_POINT('Origin',(9.99200722162647E-16,1.77635683940027E-14,
-5.));
#14551=CARTESIAN_POINT('',(2.70535876669967E-16,-5.94999999999998,-5.));
#14552=CARTESIAN_POINT('Origin',(9.99200722162647E-16,1.77635683940027E-14,
-5.));
#14553=CARTESIAN_POINT('Origin',(9.9920072216265E-16,1.77635683940027E-14,
-4.9));
#14554=CARTESIAN_POINT('',(1.70337263167237E-15,-5.74999999999998,-4.8));
#14555=CARTESIAN_POINT('Origin',(9.99200722162643E-16,1.77635683940027E-14,
-4.8));
#14556=CARTESIAN_POINT('',(2.82782344661448E-16,-5.84999999999998,-4.9));
#14557=CARTESIAN_POINT('Origin',(1.23259516440783E-31,0.,-4.5));
#14558=CARTESIAN_POINT('',(2.95028812652916E-16,-5.74999999999998,-4.7));
#14559=CARTESIAN_POINT('',(7.04171909509728E-16,-5.75,-4.5));
#14560=CARTESIAN_POINT('Origin',(9.99200722162646E-16,1.77635683940027E-14,
-4.7));
#14561=CARTESIAN_POINT('Origin',(9.9920072216265E-16,1.77635683940027E-14,
-4.9));
#14562=CARTESIAN_POINT('',(6.01190512439753E-16,-3.24999999999998,-4.8));
#14563=CARTESIAN_POINT('Origin',(9.99200722162643E-16,1.77635683940027E-14,
-4.8));
#14564=CARTESIAN_POINT('',(1.37271799590259E-15,-3.04999999999998,-5.));
#14565=CARTESIAN_POINT('',(1.38496446389407E-15,-3.14999999999998,-4.9));
#14566=CARTESIAN_POINT('Origin',(9.99200722162647E-16,1.77635683940027E-14,
-5.));
#14567=CARTESIAN_POINT('Origin',(9.99200722162647E-16,1.77635683940027E-14,
-5.));
#14568=CARTESIAN_POINT('',(6.68546086392857E-16,-2.69999999999998,-5.));
#14569=CARTESIAN_POINT('Origin',(9.99200722162647E-16,1.77635683940027E-14,
-5.));
#14570=CARTESIAN_POINT('Origin',(1.23259516440783E-31,0.,-4.5));
#14571=CARTESIAN_POINT('',(6.01190512439756E-16,-3.24999999999998,-4.7));
#14572=CARTESIAN_POINT('Origin',(9.99200722162646E-16,1.77635683940027E-14,
-4.7));
#14573=CARTESIAN_POINT('',(3.9801020972289E-16,-3.25,-4.5));
#14574=CARTESIAN_POINT('Origin',(9.9920072216265E-16,1.77635683940027E-14,
-4.9));
#14575=CARTESIAN_POINT('',(1.30536242194948E-15,-2.49999999999998,-4.8));
#14576=CARTESIAN_POINT('Origin',(9.99200722162643E-16,1.77635683940027E-14,
-4.8));
#14577=CARTESIAN_POINT('',(6.80792554384338E-16,-2.59999999999998,-4.9));
#14578=CARTESIAN_POINT('Origin',(9.99200722162646E-16,1.77635683940027E-14,
-4.7));
#14579=CARTESIAN_POINT('Origin',(3.82104500966428E-30,-8.96831017167883E-43,
-2.5));
#14580=CARTESIAN_POINT('',(7.96020419445786E-16,6.5,-0.2));
#14581=CARTESIAN_POINT('',(7.96020419445783E-16,6.5,-2.5));
#14582=CARTESIAN_POINT('',(1.53544793226706E-15,-6.5,-0.2));
#14583=CARTESIAN_POINT('Origin',(2.33146835171284E-15,-6.967219514912E-28,
-0.2));
#14584=CARTESIAN_POINT('Origin',(2.33146835171284E-15,-6.967219514912E-28,
-0.2));
#14585=CARTESIAN_POINT('Origin',(3.08148791101958E-30,-6.05845175209739E-28,
-0.5));
#14586=CARTESIAN_POINT('',(2.63763005149967E-15,-2.5,-0.2));
#14587=CARTESIAN_POINT('',(3.06161699786841E-16,-2.5,-0.5));
#14588=CARTESIAN_POINT('Origin',(2.33146835171284E-15,-6.967219514912E-28,
-0.2));
#14589=CARTESIAN_POINT('Origin',(2.33146835171284E-15,-7.27014210251687E-28,
-0.099999999999999));
#14590=CARTESIAN_POINT('',(3.10299583517567E-15,-6.3,5.55111512312578E-16));
#14591=CARTESIAN_POINT('',(1.54769440025853E-15,-6.4,-0.099999999999999));
#14592=CARTESIAN_POINT('Origin',(2.33146835171284E-15,-7.57306469012174E-28,
5.55111512312578E-16));
#14593=CARTESIAN_POINT('Origin',(2.33146835171284E-15,-7.57306469012174E-28,
5.55111512312578E-16));
#14594=CARTESIAN_POINT('',(1.60280350622016E-15,-5.95,5.55111512312578E-16));
#14595=CARTESIAN_POINT('Origin',(2.33146835171284E-15,-7.57306469012174E-28,
5.55111512312578E-16));
#14596=CARTESIAN_POINT('Origin',(2.33146835171284E-15,-7.27014210251687E-28,
-0.099999999999999));
#14597=CARTESIAN_POINT('',(3.03564026122256E-15,-5.75,-0.2));
#14598=CARTESIAN_POINT('Origin',(2.33146835171284E-15,-6.967219514912E-28,
-0.2));
#14599=CARTESIAN_POINT('',(3.04788672921404E-15,-5.85,-0.099999999999999));
#14600=CARTESIAN_POINT('Origin',(3.08148791101958E-30,-6.05845175209739E-28,
-0.5));
#14601=CARTESIAN_POINT('',(1.62729644220311E-15,-5.75,-0.299999999999999));
#14602=CARTESIAN_POINT('Origin',(2.33146835171284E-15,-6.66429692730713E-28,
-0.299999999999999));
#14603=CARTESIAN_POINT('',(7.04171909509731E-16,-5.75,-0.5));
#14604=CARTESIAN_POINT('Origin',(2.33146835171284E-15,-7.27014210251687E-28,
-0.099999999999999));
#14605=CARTESIAN_POINT('',(1.93345814198994E-15,-3.25,-0.2));
#14606=CARTESIAN_POINT('Origin',(2.33146835171284E-15,-6.967219514912E-28,
-0.2));
#14607=CARTESIAN_POINT('',(2.70498562545278E-15,-3.05,5.55111512312578E-16));
#14608=CARTESIAN_POINT('',(1.94570460998142E-15,-3.15,-0.099999999999999));
#14609=CARTESIAN_POINT('Origin',(2.33146835171284E-15,-7.57306469012174E-28,
5.55111512312578E-16));
#14610=CARTESIAN_POINT('Origin',(2.33146835171284E-15,-7.57306469012174E-28,
5.55111512312578E-16));
#14611=CARTESIAN_POINT('',(2.00081371594305E-15,-2.7,5.55111512312578E-16));
#14612=CARTESIAN_POINT('Origin',(2.33146835171284E-15,-7.57306469012174E-28,
5.55111512312578E-16));
#14613=CARTESIAN_POINT('Origin',(3.08148791101958E-30,-6.05845175209739E-28,
-0.5));
#14614=CARTESIAN_POINT('',(1.93345814198995E-15,-3.25,-0.299999999999999));
#14615=CARTESIAN_POINT('',(3.98010209722893E-16,-3.25,-0.5));
#14616=CARTESIAN_POINT('Origin',(2.33146835171284E-15,-6.66429692730713E-28,
-0.299999999999999));
#14617=CARTESIAN_POINT('Origin',(2.33146835171284E-15,-7.27014210251687E-28,
-0.099999999999999));
#14618=CARTESIAN_POINT('',(2.64987651949115E-15,-2.6,-0.099999999999999));
#14619=CARTESIAN_POINT('Origin',(2.33146835171284E-15,-6.66429692730713E-28,
-0.299999999999999));
#14620=CARTESIAN_POINT('',(0.,0.,0.));
#14621=CARTESIAN_POINT('Origin',(0.,0.,-19.));
#14622=CARTESIAN_POINT('',(-1.54856587752182E-16,-1.2645,-0.435499999999993));
#14623=CARTESIAN_POINT('Origin',(0.,0.,-0.435499999999993));
#14624=CARTESIAN_POINT('',(-1.54856587752182E-16,-1.2645,-29.5645));
#14625=CARTESIAN_POINT('',(-1.54856587752182E-16,-1.2645,-19.));
#14626=CARTESIAN_POINT('',(7.08994169882578E-14,1.26449999999988,-29.5644999999999));
#14627=CARTESIAN_POINT('Origin',(0.,0.,-29.5645));
#14628=CARTESIAN_POINT('Origin',(0.,0.,-29.5645));
#14629=CARTESIAN_POINT('Origin',(3.5527136788005E-14,-7.105427357601E-14,
-15.9));
#14630=CARTESIAN_POINT('',(3.5527136788005E-14,-4.00000000000007,-15.8));
#14631=CARTESIAN_POINT('Origin',(3.5527136788005E-14,-7.105427357601E-14,
-15.8));
#14632=CARTESIAN_POINT('',(3.5527136788005E-14,-3.80000000000006,-16.));
#14633=CARTESIAN_POINT('',(3.73595247063235E-14,-3.90000000000006,-15.9));
#14634=CARTESIAN_POINT('Origin',(3.5527136788005E-14,-7.105427357601E-14,
-16.));
#14635=CARTESIAN_POINT('Origin',(3.5527136788005E-14,-7.105427357601E-14,
-16.));
#14636=CARTESIAN_POINT('',(3.5527136788005E-14,-4.00000000000007,-14.2));
#14637=CARTESIAN_POINT('Origin',(3.5527136788005E-14,-7.105427357601E-14,
-14.2));
#14638=CARTESIAN_POINT('',(3.74065090119214E-14,-4.00000000000007,-16.));
#14639=CARTESIAN_POINT('Origin',(3.5527136788005E-14,-7.105427357601E-14,
-16.));
#14640=CARTESIAN_POINT('',(-7.105427357601E-14,-2.49999999999995,-16.));
#14641=CARTESIAN_POINT('Origin',(-7.105427357601E-14,5.32907051820075E-14,
-16.));
#14642=CARTESIAN_POINT('Origin',(3.5527136788005E-14,-7.105427357601E-14,
-14.1));
#14643=CARTESIAN_POINT('',(3.5527136788005E-14,-3.80000000000006,-14.));
#14644=CARTESIAN_POINT('',(3.64043002029885E-14,-3.90000000000006,-14.1));
#14645=CARTESIAN_POINT('Origin',(3.5527136788005E-14,-7.105427357601E-14,
-14.));
#14646=CARTESIAN_POINT('Origin',(3.5527136788005E-14,-7.105427357601E-14,
-14.));
#14647=CARTESIAN_POINT('',(-7.105427357601E-14,-2.49999999999995,-14.));
#14648=CARTESIAN_POINT('Origin',(-7.105427357601E-14,5.32907051820075E-14,
-14.));
#14649=CARTESIAN_POINT('Origin',(-7.105427357601E-14,5.32907051820075E-14,
0.));
#14650=CARTESIAN_POINT('',(-7.105427357601E-14,-2.49999999999995,-0.199999999999998));
#14651=CARTESIAN_POINT('',(-7.13604352757969E-14,-2.49999999999995,1.57772181044202E-29));
#14652=CARTESIAN_POINT('Origin',(-7.105427357601E-14,5.32907051820075E-14,
-0.199999999999998));
#14653=CARTESIAN_POINT('Origin',(7.105427357601E-14,-7.105427357601E-14,
-29.4));
#14654=CARTESIAN_POINT('',(7.0846083620155E-14,1.69999999999993,-30.));
#14655=CARTESIAN_POINT('Origin',(7.105427357601E-14,-7.105427357601E-14,
-30.));
#14656=CARTESIAN_POINT('',(7.09195624281038E-14,1.09999999999992,-29.4));
#14657=CARTESIAN_POINT('Origin',(0.,0.,-0.599999999999998));
#14658=CARTESIAN_POINT('',(-2.08189955855048E-16,-1.69999999999999,2.28983498828939E-15));
#14659=CARTESIAN_POINT('Origin',(0.,0.,2.22044604925031E-15));
#14660=CARTESIAN_POINT('',(-1.34711147906207E-16,-1.09999999999999,-0.599999999999998));
#14661=CARTESIAN_POINT('Origin',(-7.105427357601E-14,5.32907051820075E-14,
-29.9));
#14662=CARTESIAN_POINT('',(-7.105427357601E-14,-2.29999999999995,-30.));
#14663=CARTESIAN_POINT('Origin',(-7.105427357601E-14,5.32907051820075E-14,
-30.));
#14664=CARTESIAN_POINT('',(-7.105427357601E-14,-2.49999999999995,-29.8));
#14665=CARTESIAN_POINT('',(-7.13481888078054E-14,-2.39999999999995,-29.9));
#14666=CARTESIAN_POINT('Origin',(-7.105427357601E-14,5.32907051820075E-14,
-29.8));
#14667=CARTESIAN_POINT('Origin',(-7.105427357601E-14,5.32907051820075E-14,
0.));
#14668=CARTESIAN_POINT('',(-7.13604352757969E-14,-2.49999999999995,1.57772181044202E-29));
#14669=CARTESIAN_POINT('Origin',(-26.500000000004,26.2499999999765,-30.));
#14670=CARTESIAN_POINT('Origin',(-7.105427357601E-14,5.32907051820075E-14,
-0.0999999999999979));
#14671=CARTESIAN_POINT('',(-7.105427357601E-14,-2.29999999999995,2.22044604925031E-15));
#14672=CARTESIAN_POINT('',(-7.13481888078054E-14,-2.39999999999995,-0.0999999999999979));
#14673=CARTESIAN_POINT('Origin',(-7.105427357601E-14,5.32907051820075E-14,
2.22044604925031E-15));
#14674=CARTESIAN_POINT('Origin',(-26.500000000004,26.2499999999765,2.22044604925031E-15));
#14675=CARTESIAN_POINT('',(0.,0.,0.));
#14676=CARTESIAN_POINT('Origin',(0.,0.,-0.125960407693718));
#14677=CARTESIAN_POINT('',(5.,-6.13731693958459E-16,-0.251920815387436));
#14678=CARTESIAN_POINT('Origin',(4.03756267624416E-25,-5.46003686931114E-20,
-0.251920815387436));
#14679=CARTESIAN_POINT('',(5.,-6.13731693958459E-16,0.));
#14680=CARTESIAN_POINT('',(5.,-6.13731693958459E-16,-0.125960407693718));
#14681=CARTESIAN_POINT('Origin',(-4.03756390883932E-25,5.46003686931114E-20,
0.));
#14682=CARTESIAN_POINT('Origin',(8.81491171383359E-25,-1.19204928481305E-19,
-0.400960407693718));
#14683=CARTESIAN_POINT('',(2.6,-3.1925968578688E-16,-0.55));
#14684=CARTESIAN_POINT('Origin',(1.3592260751423E-24,-1.83809488269498E-19,
-0.55));
#14685=CARTESIAN_POINT('',(3.8,-4.6655529233691E-16,-0.400960407693718));
#14686=CARTESIAN_POINT('Origin',(9.5546968425837E-25,-1.29209119576386E-19,
-0.424039592306282));
#14687=CARTESIAN_POINT('',(2.6,-3.19269689977975E-16,-0.298079184612564));
#14688=CARTESIAN_POINT('',(2.6,-3.19269689977975E-16,-0.424039592306282));
#14689=CARTESIAN_POINT('Origin',(5.51713416633955E-25,-7.46087508832749E-20,
-0.298079184612564));
#14690=CARTESIAN_POINT('Origin',(7.39785128750114E-26,-1.00041910950818E-20,
-0.149039592306282));
#14691=CARTESIAN_POINT('',(3.8,-4.66446091599524E-16,-0.149039592306282));
#14692=CARTESIAN_POINT('',(0.,0.,0.));
#14693=CARTESIAN_POINT('Origin',(-9.36661820311675E-15,0.,0.));
#14694=CARTESIAN_POINT('',(-0.577350269189633,1.,0.));
#14695=CARTESIAN_POINT('',(0.577350269189632,0.999999999999989,0.));
#14696=CARTESIAN_POINT('Ctrl Pts',(-0.577350269189575,0.999999999999999,
-2.87773494331948E-14));
#14697=CARTESIAN_POINT('Ctrl Pts',(-4.05231403988182E-15,1.,-0.288675134594791));
#14698=CARTESIAN_POINT('Ctrl Pts',(0.57735026918957,1.,-2.18199797085687E-14));
#14699=CARTESIAN_POINT('Origin',(-9.36661820311675E-15,0.,0.));
#14700=CARTESIAN_POINT('Origin',(-9.24446373305873E-32,0.,-1.7));
#14701=CARTESIAN_POINT('',(3.,3.67394039744206E-16,-0.200000000000006));
#14702=CARTESIAN_POINT('',(-3.,-3.67394039744206E-16,-0.200000000000006));
#14703=CARTESIAN_POINT('Origin',(-1.23259516440783E-31,0.,-0.200000000000006));
#14704=CARTESIAN_POINT('',(-1.5,-1.83697019872103E-16,-1.7));
#14705=CARTESIAN_POINT('',(-1.5,-1.83697019872103E-16,-1.7));
#14706=CARTESIAN_POINT('',(1.5,1.83697019872103E-16,-1.7));
#14707=CARTESIAN_POINT('Origin',(-9.24446373305873E-32,0.,-1.7));
#14708=CARTESIAN_POINT('Origin',(-9.24446373305873E-32,0.,-1.7));
#14709=CARTESIAN_POINT('Origin',(-1.23259516440783E-31,0.,-0.200000000000006));
#14710=CARTESIAN_POINT('Origin',(-3.08148791101958E-32,0.,-6.));
#14711=CARTESIAN_POINT('',(3.,-3.67394039744206E-16,0.));
#14712=CARTESIAN_POINT('',(3.,-3.67394039744206E-16,-6.));
#14713=CARTESIAN_POINT('Origin',(0.,0.,0.));
#14714=CARTESIAN_POINT('Origin',(-8.63685483717178E-15,0.,-8.));
#14715=CARTESIAN_POINT('',(1.49999999999999,1.83697019872103E-16,-7.55));
#14716=CARTESIAN_POINT('',(-1.50000000000001,-1.83697019872103E-16,-7.55));
#14717=CARTESIAN_POINT('Origin',(-8.63685483717178E-15,0.,-7.55));
#14718=CARTESIAN_POINT('Origin',(-8.63685483717178E-15,0.,-7.55));
#14719=CARTESIAN_POINT('',(-1.05000000000001,-1.28587913910472E-16,-8.));
#14720=CARTESIAN_POINT('',(-1.05000000000001,-1.28587913910472E-16,-8.));
#14721=CARTESIAN_POINT('Origin',(-8.63685483717178E-15,0.,-8.));
#14722=CARTESIAN_POINT('Origin',(-3.08148791101958E-32,0.,-6.));
#14723=CARTESIAN_POINT('',(1.5,-1.83697019872103E-16,-6.));
#14724=CARTESIAN_POINT('Origin',(-1.50000000000001,0.,-8.));
#14725=CARTESIAN_POINT('Origin',(0.,0.,0.));
#14726=CARTESIAN_POINT('',(-1.15470053837926,1.14925430283463E-14,0.));
#14727=CARTESIAN_POINT('Origin',(-9.36661820311675E-15,0.,0.));
#14728=CARTESIAN_POINT('',(1.15470053837924,-1.86482773667507E-14,0.));
#14729=CARTESIAN_POINT('Origin',(-9.36661820311675E-15,0.,0.));
#14730=CARTESIAN_POINT('',(0.577350269189613,-1.,0.));
#14731=CARTESIAN_POINT('Origin',(-9.36661820311675E-15,0.,0.));
#14732=CARTESIAN_POINT('',(-0.577350269189625,-1.,0.));
#14733=CARTESIAN_POINT('Origin',(-9.36661820311675E-15,0.,0.));
#14734=CARTESIAN_POINT('Origin',(-9.36661820311675E-15,0.,0.));
#14735=CARTESIAN_POINT('Origin',(-0.577350269189627,1.,-1.19));
#14736=CARTESIAN_POINT('',(-0.577350269189627,1.,-1.19));
#14737=CARTESIAN_POINT('',(-0.577350269189627,1.,-1.19));
#14738=CARTESIAN_POINT('Ctrl Pts',(-1.15470053837922,5.05783717310695E-14,
-3.57347191578208E-14));
#14739=CARTESIAN_POINT('Ctrl Pts',(-0.86602540378444,0.499999999999999,
-0.288675134594796));
#14740=CARTESIAN_POINT('Ctrl Pts',(-0.577350269189656,0.999999999999949,
-3.21896833580795E-14));
#14741=CARTESIAN_POINT('',(-1.15470053837925,2.28599254939631E-16,-1.19));
#14742=CARTESIAN_POINT('',(-1.15470053837925,2.28599254939631E-16,-1.19));
#14743=CARTESIAN_POINT('',(-0.577350269189627,1.,-1.19));
#14744=CARTESIAN_POINT('Origin',(0.577350269189626,1.,-1.19));
#14745=CARTESIAN_POINT('',(0.577350269189626,1.,-1.19));
#14746=CARTESIAN_POINT('',(0.577350269189626,1.,-1.19));
#14747=CARTESIAN_POINT('',(0.577350269189626,1.,-1.19));
#14748=CARTESIAN_POINT('Origin',(1.15470053837925,-1.12744580890453E-16,
-1.19));
#14749=CARTESIAN_POINT('',(1.15470053837925,-1.12744580890453E-16,-1.19));
#14750=CARTESIAN_POINT('',(1.15470053837925,-1.12744580890453E-16,-1.19));
#14751=CARTESIAN_POINT('Ctrl Pts',(0.57735026918966,0.99999999999994,-2.77726066664232E-14));
#14752=CARTESIAN_POINT('Ctrl Pts',(0.866025403784441,0.499999999999996,
-0.288675134594779));
#14753=CARTESIAN_POINT('Ctrl Pts',(1.15470053837922,4.6028593164557E-14,
-1.60948416790399E-14));
#14754=CARTESIAN_POINT('',(1.15470053837925,-1.12744580890453E-16,-1.19));
#14755=CARTESIAN_POINT('Origin',(0.577350269189625,-1.,-1.19));
#14756=CARTESIAN_POINT('',(0.577350269189625,-1.,-1.19));
#14757=CARTESIAN_POINT('',(0.577350269189625,-1.,-1.19));
#14758=CARTESIAN_POINT('Ctrl Pts',(1.15470053837921,-6.93082934965484E-14,
-2.89100513080515E-14));
#14759=CARTESIAN_POINT('Ctrl Pts',(0.866025403784433,-0.500000000000009,
-0.288675134594776));
#14760=CARTESIAN_POINT('Ctrl Pts',(0.577350269189653,-0.999999999999953,
-2.10048110487352E-14));
#14761=CARTESIAN_POINT('',(0.577350269189625,-1.,-1.19));
#14762=CARTESIAN_POINT('Origin',(-0.577350269189627,-1.,-1.19));
#14763=CARTESIAN_POINT('',(-0.577350269189627,-1.,-1.19));
#14764=CARTESIAN_POINT('',(-0.577350269189627,-1.,-1.19));
#14765=CARTESIAN_POINT('Ctrl Pts',(0.577350269189553,-1.,-2.97441773785788E-14));
#14766=CARTESIAN_POINT('Ctrl Pts',(-7.63278329429795E-15,-1.,-0.288675134594786));
#14767=CARTESIAN_POINT('Ctrl Pts',(-0.577350269189568,-1.,-3.21896833580795E-14));
#14768=CARTESIAN_POINT('',(-0.577350269189627,-1.,-1.19));
#14769=CARTESIAN_POINT('Origin',(-1.15470053837925,2.28599254939631E-16,
-1.19));
#14770=CARTESIAN_POINT('Ctrl Pts',(-0.577350269189654,-0.999999999999954,
-2.89100513080514E-14));
#14771=CARTESIAN_POINT('Ctrl Pts',(-0.866025403784442,-0.499999999999996,
-0.288675134594799));
#14772=CARTESIAN_POINT('Ctrl Pts',(-1.15470053837923,-3.85214585298102E-14,
-2.83602863979311E-14));
#14773=CARTESIAN_POINT('',(-1.15470053837925,2.28599254939631E-16,-1.19));
#14774=CARTESIAN_POINT('Origin',(-4.80981024884182E-16,0.,-1.19));
#14775=CARTESIAN_POINT('Origin',(-9.36661820311675E-15,0.,0.));
#14776=CARTESIAN_POINT('Origin',(-9.36661820311675E-15,0.,0.));
#14777=CARTESIAN_POINT('Origin',(-9.36661820311675E-15,0.,0.));
#14778=CARTESIAN_POINT('Origin',(-9.36661820311675E-15,0.,0.));
#14779=CARTESIAN_POINT('Origin',(-9.36661820311675E-15,0.,0.));
#14780=CARTESIAN_POINT('',(0.,0.,0.));
#14781=CARTESIAN_POINT('Origin',(-1.77635683940025E-14,3.5527136788005E-14,
-35.9000002860922));
#14782=CARTESIAN_POINT('',(6.2903282582738E-8,-2.29999999999997,-36.0000002860922));
#14783=CARTESIAN_POINT('Origin',(-1.77635683940025E-14,3.5527136788005E-14,
-36.0000002860922));
#14784=CARTESIAN_POINT('',(6.83731293804613E-8,-2.49999999999996,-35.8000002860922));
#14785=CARTESIAN_POINT('',(6.5638210927937E-8,-2.39999999999996,-35.9000002860922));
#14786=CARTESIAN_POINT('Origin',(-1.77635683940025E-14,3.5527136788005E-14,
-35.8000002860922));
#14787=CARTESIAN_POINT('Origin',(0.,0.,0.));
#14788=CARTESIAN_POINT('',(6.8373164907598E-8,-2.5,-0.199999999999998));
#14789=CARTESIAN_POINT('',(6.83731548869849E-8,-2.5,0.));
#14790=CARTESIAN_POINT('Origin',(1.77635683940025E-14,0.,-0.199999999999998));
#14791=CARTESIAN_POINT('Origin',(8.88178419700125E-14,3.90798504668055E-13,
-36.0000002860922));
#14792=CARTESIAN_POINT('Origin',(0.,-3.5527136788005E-14,-0.1));
#14793=CARTESIAN_POINT('',(6.29033003463064E-8,-2.3,0.));
#14794=CARTESIAN_POINT('',(6.56382286915057E-8,-2.40000000000004,-0.1));
#14795=CARTESIAN_POINT('Origin',(0.,0.,0.));
#14796=CARTESIAN_POINT('Origin',(1.06581410364015E-13,3.5527136788005E-13,
0.));
#14797=CARTESIAN_POINT('',(0.,0.,0.));
#14798=CARTESIAN_POINT('Origin',(0.,0.,-19.));
#14799=CARTESIAN_POINT('',(-1.54856587752182E-16,-1.2645,-0.435499999999993));
#14800=CARTESIAN_POINT('Origin',(0.,0.,-0.435499999999993));
#14801=CARTESIAN_POINT('',(-1.54856587752182E-16,-1.2645,-29.5645));
#14802=CARTESIAN_POINT('',(-1.54856587752182E-16,-1.2645,-19.));
#14803=CARTESIAN_POINT('',(7.08994169882578E-14,1.26449999999988,-29.5644999999999));
#14804=CARTESIAN_POINT('Origin',(0.,0.,-29.5645));
#14805=CARTESIAN_POINT('Origin',(0.,0.,-29.5645));
#14806=CARTESIAN_POINT('Origin',(7.105427357601E-14,-7.105427357601E-14,
-29.4));
#14807=CARTESIAN_POINT('',(7.0846083620155E-14,1.69999999999993,-30.));
#14808=CARTESIAN_POINT('Origin',(7.105427357601E-14,-7.105427357601E-14,
-30.));
#14809=CARTESIAN_POINT('',(7.09195624281038E-14,1.09999999999992,-29.4));
#14810=CARTESIAN_POINT('Origin',(0.,0.,-0.599999999999998));
#14811=CARTESIAN_POINT('',(-2.08189955855048E-16,-1.69999999999999,2.28983498828939E-15));
#14812=CARTESIAN_POINT('Origin',(0.,0.,2.22044604925031E-15));
#14813=CARTESIAN_POINT('',(-1.34711147906207E-16,-1.09999999999999,-0.599999999999998));
#14814=CARTESIAN_POINT('Origin',(-7.105427357601E-14,5.32907051820075E-14,
-29.9));
#14815=CARTESIAN_POINT('',(-7.105427357601E-14,-2.29999999999995,-30.));
#14816=CARTESIAN_POINT('Origin',(-7.105427357601E-14,5.32907051820075E-14,
-30.));
#14817=CARTESIAN_POINT('',(-7.105427357601E-14,-2.49999999999995,-29.8));
#14818=CARTESIAN_POINT('',(-7.13481888078054E-14,-2.39999999999995,-29.9));
#14819=CARTESIAN_POINT('Origin',(-7.105427357601E-14,5.32907051820075E-14,
-29.8));
#14820=CARTESIAN_POINT('Origin',(-7.105427357601E-14,5.32907051820075E-14,
0.));
#14821=CARTESIAN_POINT('',(-7.105427357601E-14,-2.49999999999995,-0.199999999999998));
#14822=CARTESIAN_POINT('',(-7.13604352757969E-14,-2.49999999999995,1.57772181044202E-29));
#14823=CARTESIAN_POINT('Origin',(-7.105427357601E-14,5.32907051820075E-14,
-0.199999999999998));
#14824=CARTESIAN_POINT('Origin',(-26.500000000004,26.2499999999765,-30.));
#14825=CARTESIAN_POINT('Origin',(-7.105427357601E-14,5.32907051820075E-14,
-0.0999999999999979));
#14826=CARTESIAN_POINT('',(-7.105427357601E-14,-2.29999999999995,2.22044604925031E-15));
#14827=CARTESIAN_POINT('',(-7.13481888078054E-14,-2.39999999999995,-0.0999999999999979));
#14828=CARTESIAN_POINT('Origin',(-7.105427357601E-14,5.32907051820075E-14,
2.22044604925031E-15));
#14829=CARTESIAN_POINT('Origin',(-26.500000000004,26.2499999999765,2.22044604925031E-15));
#14830=CARTESIAN_POINT('',(0.,0.,0.));
#14831=CARTESIAN_POINT('Origin',(1.77635683940025E-14,-3.5527136788005E-14,
-6.89999999999998));
#14832=CARTESIAN_POINT('',(1.77635683940025E-14,-2.55000000000003,-6.79999999999997));
#14833=CARTESIAN_POINT('Origin',(1.77635683940025E-14,-3.5527136788005E-14,
-6.79999999999997));
#14834=CARTESIAN_POINT('',(1.77635683940025E-14,-2.74999999999999,-6.99999999999998));
#14835=CARTESIAN_POINT('',(1.82352043465115E-14,-2.65000000000002,-6.89999999999998));
#14836=CARTESIAN_POINT('Origin',(1.77635683940025E-14,0.,-6.99999999999998));
#14837=CARTESIAN_POINT('Origin',(1.77635683940025E-14,-3.5527136788005E-14,
0.500000000000005));
#14838=CARTESIAN_POINT('',(0.,-2.55000000000003,-0.2));
#14839=CARTESIAN_POINT('',(1.75928368958328E-14,-2.55000000000004,0.500000000000005));
#14840=CARTESIAN_POINT('Origin',(0.,-3.5527136788005E-14,-0.2));
#14841=CARTESIAN_POINT('Origin',(-1.77635683940025E-14,0.,-6.99999999999998));
#14842=CARTESIAN_POINT('',(-1.77635683940025E-14,3.79999999999999,-6.99999999999998));
#14843=CARTESIAN_POINT('Origin',(-1.77635683940025E-14,0.,-6.99999999999998));
#14844=CARTESIAN_POINT('Origin',(1.77635683940025E-14,-7.105427357601E-14,
-0.0999999999999997));
#14845=CARTESIAN_POINT('',(0.,-2.75000000000006,4.16333634234434E-16));
#14846=CARTESIAN_POINT('Origin',(0.,-3.5527136788005E-14,2.77555756156289E-16));
#14847=CARTESIAN_POINT('',(1.82352043465115E-14,-2.65000000000008,-0.0999999999999996));
#14848=CARTESIAN_POINT('Origin',(-3.5527136788005E-14,0.,2.77555756156289E-16));
#14849=CARTESIAN_POINT('',(-3.5527136788005E-14,3.79999999999999,1.38777878078145E-16));
#14850=CARTESIAN_POINT('Origin',(-3.5527136788005E-14,0.,2.77555756156289E-16));
#14851=CARTESIAN_POINT('Origin',(-1.77635683940025E-14,0.,-0.0999999999999994));
#14852=CARTESIAN_POINT('',(-3.5527136788005E-14,3.99999999999999,-0.199999999999999));
#14853=CARTESIAN_POINT('Origin',(-3.5527136788005E-14,0.,-0.199999999999999));
#14854=CARTESIAN_POINT('',(-1.7502449632096E-14,3.89999999999999,-0.0999999999999995));
#14855=CARTESIAN_POINT('Origin',(1.77635683940025E-14,-3.5527136788005E-14,
0.500000000000005));
#14856=CARTESIAN_POINT('',(-1.77635683940025E-14,3.99999999999995,-6.79999999999997));
#14857=CARTESIAN_POINT('Origin',(-1.77635683940025E-14,-3.5527136788005E-14,
-6.79999999999998));
#14858=CARTESIAN_POINT('',(1.80313825087785E-14,3.99999999999995,0.500000000000005));
#14859=CARTESIAN_POINT('Origin',(-1.77635683940025E-14,-3.5527136788005E-14,
-6.89999999999998));
#14860=CARTESIAN_POINT('',(-1.7502449632096E-14,3.89999999999995,-6.89999999999998));
#14861=CARTESIAN_POINT('',(0.,0.,0.));
#14862=CARTESIAN_POINT('Origin',(-1.11022302462503E-17,2.24207754291971E-43,
-1.05));
#14863=CARTESIAN_POINT('',(-8.30471347929758E-16,6.6,-1.));
#14864=CARTESIAN_POINT('Origin',(-2.22044604925017E-17,-2.24207754291971E-43,
-1.));
#14865=CARTESIAN_POINT('',(7.9602041944578E-16,6.5,-1.1));
#14866=CARTESIAN_POINT('',(7.91041423195266E-16,6.55,-1.05));
#14867=CARTESIAN_POINT('Origin',(1.4791141972894E-30,-4.48415508583941E-43,
-1.1));
#14868=CARTESIAN_POINT('Origin',(-8.88178419700128E-16,-2.24207754291971E-43,
-1.));
#14869=CARTESIAN_POINT('',(2.40104816593948E-16,7.4,-1.));
#14870=CARTESIAN_POINT('Origin',(-6.66133814775093E-16,-2.24207754291971E-43,
-1.));
#14871=CARTESIAN_POINT('Origin',(2.46519032881566E-31,0.,-2.));
#14872=CARTESIAN_POINT('',(7.9602041944578E-16,-6.5,-3.8));
#14873=CARTESIAN_POINT('',(-7.96020419445779E-16,6.5,-3.8));
#14874=CARTESIAN_POINT('Origin',(-2.46519032881566E-31,0.,-3.8));
#14875=CARTESIAN_POINT('',(-7.96020419445779E-16,6.5,-2.));
#14876=CARTESIAN_POINT('Origin',(-2.46519032881566E-31,0.,-3.8));
#14877=CARTESIAN_POINT('Origin',(-6.77236045021344E-16,2.24207754291971E-43,
-0.95));
#14878=CARTESIAN_POINT('',(-1.60682337462811E-15,7.5,-0.900000000000001));
#14879=CARTESIAN_POINT('Origin',(-6.88338275267596E-16,0.,-0.900000000000001));
#14880=CARTESIAN_POINT('',(2.35125820343434E-16,7.45,-0.95));
#14881=CARTESIAN_POINT('Origin',(-8.88178419700124E-16,0.,0.));
#14882=CARTESIAN_POINT('',(5.25111401528937E-17,7.5,-0.1));
#14883=CARTESIAN_POINT('',(-1.80666351906064E-15,7.5,-2.03944661017033E-31));
#14884=CARTESIAN_POINT('Origin',(-8.65973959207621E-16,2.24207754291971E-43,
-0.1));
#14885=CARTESIAN_POINT('Origin',(-8.65973959207621E-16,2.24207754291971E-43,
-0.0499999999999989));
#14886=CARTESIAN_POINT('',(-1.77221259057666E-15,7.4,0.));
#14887=CARTESIAN_POINT('',(-1.7783358245724E-15,7.45,-0.0499999999999989));
#14888=CARTESIAN_POINT('Origin',(-8.65973959207621E-16,0.,0.));
#14889=CARTESIAN_POINT('Origin',(9.86076131526265E-31,0.,0.));
#14890=CARTESIAN_POINT('',(7.28664845492676E-16,5.95,0.));
#14891=CARTESIAN_POINT('Origin',(9.86076131526265E-31,0.,0.));
#14892=CARTESIAN_POINT('Origin',(9.86076131526265E-31,2.24207754291971E-43,
-0.1));
#14893=CARTESIAN_POINT('',(3.06161699786839E-16,-2.5,-0.2));
#14894=CARTESIAN_POINT('Origin',(9.86076131526265E-31,0.,-0.2));
#14895=CARTESIAN_POINT('',(-3.30654635769784E-16,-2.7,0.));
#14896=CARTESIAN_POINT('',(-3.18408167778311E-16,-2.6,-0.1));
#14897=CARTESIAN_POINT('Origin',(9.86076131526265E-31,0.,0.));
#14898=CARTESIAN_POINT('Origin',(9.86076131526265E-31,0.,0.));
#14899=CARTESIAN_POINT('',(-3.73517273739942E-16,3.05,0.));
#14900=CARTESIAN_POINT('Origin',(9.86076131526265E-31,0.,0.));
#14901=CARTESIAN_POINT('Origin',(2.46519032881566E-31,0.,-4.));
#14902=CARTESIAN_POINT('',(-3.06161699786841E-16,-2.5,-3.8));
#14903=CARTESIAN_POINT('Origin',(-2.46519032881566E-31,0.,-3.8));
#14904=CARTESIAN_POINT('',(-3.06161699786838E-16,-2.5,-4.));
#14905=CARTESIAN_POINT('Origin',(9.86076131526265E-31,2.24207754291971E-43,
-0.1));
#14906=CARTESIAN_POINT('',(3.9801020972289E-16,3.25,-0.2));
#14907=CARTESIAN_POINT('Origin',(9.86076131526265E-31,0.,-0.2));
#14908=CARTESIAN_POINT('',(-3.85763741731415E-16,3.15,-0.1));
#14909=CARTESIAN_POINT('Origin',(9.86076131526265E-31,0.,0.));
#14910=CARTESIAN_POINT('',(3.9801020972289E-16,3.25,-0.3));
#14911=CARTESIAN_POINT('Origin',(9.86076131526265E-31,-2.24207754291971E-43,
-0.3));
#14912=CARTESIAN_POINT('',(-3.98010209722889E-16,3.25,4.8539519167317E-59));
#14913=CARTESIAN_POINT('Origin',(9.86076131526265E-31,2.24207754291971E-43,
-0.1));
#14914=CARTESIAN_POINT('',(-7.04171909509727E-16,5.75,-0.2));
#14915=CARTESIAN_POINT('Origin',(9.86076131526265E-31,0.,-0.2));
#14916=CARTESIAN_POINT('',(7.16418377501203E-16,5.85,-0.1));
#14917=CARTESIAN_POINT('Origin',(9.86076131526265E-31,0.,0.));
#14918=CARTESIAN_POINT('',(7.04171909509729E-16,5.75,-0.3));
#14919=CARTESIAN_POINT('',(-7.04171909509727E-16,5.75,8.58776108344839E-59));
#14920=CARTESIAN_POINT('Origin',(9.86076131526265E-31,-2.24207754291971E-43,
-0.3));
#14921=CARTESIAN_POINT('Origin',(9.86076131526265E-31,-2.24207754291971E-43,
-0.3));
#14922=CARTESIAN_POINT('Origin',(2.46519032881566E-31,0.,-3.9));
#14923=CARTESIAN_POINT('',(-7.71527483462835E-16,-6.3,-4.));
#14924=CARTESIAN_POINT('',(-7.83773951454306E-16,-6.4,-3.9));
#14925=CARTESIAN_POINT('Origin',(2.46519032881566E-31,0.,-4.));
#14926=CARTESIAN_POINT('Origin',(2.46519032881566E-31,0.,-4.));
#14927=CARTESIAN_POINT('',(7.28664845492675E-16,-5.95,-4.));
#14928=CARTESIAN_POINT('Origin',(2.46519032881566E-31,0.,-4.));
#14929=CARTESIAN_POINT('Origin',(2.46519032881566E-31,0.,-3.9));
#14930=CARTESIAN_POINT('',(-7.04171909509731E-16,-5.75,-3.8));
#14931=CARTESIAN_POINT('Origin',(-2.46519032881566E-31,0.,-3.8));
#14932=CARTESIAN_POINT('',(7.16418377501202E-16,-5.85,-3.9));
#14933=CARTESIAN_POINT('Origin',(2.46519032881566E-31,0.,-4.));
#14934=CARTESIAN_POINT('',(7.04171909509728E-16,-5.75,-3.7));
#14935=CARTESIAN_POINT('',(-7.04171909509728E-16,-5.75,-4.));
#14936=CARTESIAN_POINT('Origin',(-2.46519032881566E-31,-2.24207754291971E-43,
-3.7));
#14937=CARTESIAN_POINT('Origin',(2.46519032881566E-31,0.,-3.9));
#14938=CARTESIAN_POINT('',(3.9801020972289E-16,-3.25,-3.8));
#14939=CARTESIAN_POINT('Origin',(-2.46519032881566E-31,0.,-3.8));
#14940=CARTESIAN_POINT('',(-3.73517273739945E-16,-3.05,-4.));
#14941=CARTESIAN_POINT('',(-3.85763741731416E-16,-3.15,-3.9));
#14942=CARTESIAN_POINT('Origin',(2.46519032881566E-31,0.,-4.));
#14943=CARTESIAN_POINT('Origin',(2.46519032881566E-31,0.,-4.));
#14944=CARTESIAN_POINT('',(3.30654635769785E-16,-2.7,-4.));
#14945=CARTESIAN_POINT('Origin',(2.46519032881566E-31,0.,-4.));
#14946=CARTESIAN_POINT('Origin',(2.46519032881566E-31,0.,-4.));
#14947=CARTESIAN_POINT('',(3.9801020972289E-16,-3.25,-3.7));
#14948=CARTESIAN_POINT('Origin',(-2.46519032881566E-31,-2.24207754291971E-43,
-3.7));
#14949=CARTESIAN_POINT('',(-3.9801020972289E-16,-3.25,-4.));
#14950=CARTESIAN_POINT('Origin',(2.46519032881566E-31,0.,-3.9));
#14951=CARTESIAN_POINT('',(3.18408167778312E-16,-2.6,-3.9));
#14952=CARTESIAN_POINT('Origin',(-2.46519032881566E-31,-2.24207754291971E-43,
-3.7));
#14953=CARTESIAN_POINT('',(0.,0.,0.));
#14954=CARTESIAN_POINT('Origin',(79.9899999999997,-59.1,-8.55));
#14955=CARTESIAN_POINT('',(84.2779679689134,-66.4391641688662,-8.70000000000001));
#14956=CARTESIAN_POINT('',(85.0380681840795,-52.2613592279693,-8.70000000000001));
#14957=CARTESIAN_POINT('Origin',(79.9899999999997,-59.1,-8.70000000000002));
#14958=CARTESIAN_POINT('',(84.3788613328878,-66.6118503846043,-8.5));
#14959=CARTESIAN_POINT('',(84.3284146509006,-66.5255072767353,-8.6));
#14960=CARTESIAN_POINT('',(85.156846258999,-52.1004500333332,-8.5));
#14961=CARTESIAN_POINT('Origin',(79.9899999999997,-59.1,-8.5));
#14962=CARTESIAN_POINT('',(85.0974572215392,-52.1809046306512,-8.6));
#14963=CARTESIAN_POINT('Origin',(84.5806480608367,-66.9572228160803,-8.55));
#14964=CARTESIAN_POINT('',(83.8231290483581,-66.6866410023561,-8.9043939160541));
#14965=CARTESIAN_POINT('Ctrl Pts',(83.8231290483581,-66.6866410023561,-8.90439391605405));
#14966=CARTESIAN_POINT('Ctrl Pts',(83.8465824668136,-66.6747912285844,-8.8862932357559));
#14967=CARTESIAN_POINT('Ctrl Pts',(83.8702123919008,-66.6627162455431,-8.86877163215103));
#14968=CARTESIAN_POINT('Ctrl Pts',(83.9504272406675,-66.6212387509386,-8.81246637781891));
#14969=CARTESIAN_POINT('Ctrl Pts',(84.0078598725692,-66.5907840361845,-8.77683282563047));
#14970=CARTESIAN_POINT('Ctrl Pts',(84.1324610591144,-66.5226046562595,-8.72088923985295));
#14971=CARTESIAN_POINT('Ctrl Pts',(84.1994543611931,-66.4850363999926,-8.7));
#14972=CARTESIAN_POINT('Ctrl Pts',(84.2779679689134,-66.4391641688662,-8.7));
#14973=CARTESIAN_POINT('',(84.2039574880414,-66.822670921381,-8.5));
#14974=CARTESIAN_POINT('',(84.1097848448426,-66.7890329477062,-8.6));
#14975=CARTESIAN_POINT('Origin',(84.5806480608367,-66.9572228160803,-8.5));
#14976=CARTESIAN_POINT('Origin',(87.5,-68.,-8.55));
#14977=CARTESIAN_POINT('',(83.305024311006,-66.9269159837983,-9.33004969221819));
#14978=CARTESIAN_POINT('Ctrl Pts',(83.305024311006,-66.9269159837983,-9.33004969221819));
#14979=CARTESIAN_POINT('Ctrl Pts',(83.4793085653281,-66.8530993564959,-9.17949558468928));
#14980=CARTESIAN_POINT('Ctrl Pts',(83.6515704876966,-66.7733204830594,-9.03679792636245));
#14981=CARTESIAN_POINT('Ctrl Pts',(83.8231290483583,-66.686641002356,-8.90439391605393));
#14982=CARTESIAN_POINT('',(83.0669791579853,-67.2264845093579,-9.50000000000002));
#14983=CARTESIAN_POINT('Ctrl Pts',(83.0669791579853,-67.2264845093579,-9.5));
#14984=CARTESIAN_POINT('Ctrl Pts',(83.0720092911115,-67.1976567932277,-9.5));
#14985=CARTESIAN_POINT('Ctrl Pts',(83.0802875080445,-67.1691774542273,-9.49703307326648));
#14986=CARTESIAN_POINT('Ctrl Pts',(83.1026614942601,-67.1151545325041,-9.48538892854863));
#14987=CARTESIAN_POINT('Ctrl Pts',(83.1167590670006,-67.0896122416084,-9.47670918269249));
#14988=CARTESIAN_POINT('Ctrl Pts',(83.165390977911,-67.0199032958838,-9.44372564577439));
#14989=CARTESIAN_POINT('Ctrl Pts',(83.2066207397708,-66.9828460311037,-9.41208654978525));
#14990=CARTESIAN_POINT('Ctrl Pts',(83.265730025543,-66.9454746924708,-9.36357861169552));
#14991=CARTESIAN_POINT('Ctrl Pts',(83.2850987569315,-66.9353552843228,-9.3472622282695));
#14992=CARTESIAN_POINT('Ctrl Pts',(83.305024311006,-66.9269159837983,-9.33004969221819));
#14993=CARTESIAN_POINT('',(87.5,-72.5,-9.50000000000004));
#14994=CARTESIAN_POINT('Origin',(87.5,-68.,-9.50000000000001));
#14995=CARTESIAN_POINT('',(87.5,-71.5,-8.5));
#14996=CARTESIAN_POINT('',(87.5,-71.6,-8.6));
#14997=CARTESIAN_POINT('Origin',(87.5,-68.,-8.5));
#14998=CARTESIAN_POINT('Origin',(85.2756243339185,-51.9395408386972,-8.55));
#14999=CARTESIAN_POINT('',(85.2290794200346,-51.5422581043737,-8.70000000000001));
#15000=CARTESIAN_POINT('Origin',(85.2756243339185,-51.9395408386972,-8.7));
#15001=CARTESIAN_POINT('',(85.2523518769765,-51.7408994715355,-8.5));
#15002=CARTESIAN_POINT('Origin',(85.2756243339185,-51.9395408386972,-8.5));
#15003=CARTESIAN_POINT('',(85.2407156485055,-51.6415787879546,-8.6));
#15004=CARTESIAN_POINT('Origin',(84.24,-43.1,-8.55));
#15005=CARTESIAN_POINT('',(81.1202197802194,-35.1932325581015,-8.69999999999998));
#15006=CARTESIAN_POINT('Origin',(84.24,-43.1,-8.70000000000002));
#15007=CARTESIAN_POINT('',(81.0468131868129,-35.0071909712333,-8.5));
#15008=CARTESIAN_POINT('Origin',(84.24,-43.1,-8.5));
#15009=CARTESIAN_POINT('',(81.0835164835161,-35.1002117646674,-8.6));
#15010=CARTESIAN_POINT('Origin',(80.8999999999996,-34.6351077974969,-8.55));
#15011=CARTESIAN_POINT('',(80.095056179775,-35.6791212968289,-9.41829387486447));
#15012=CARTESIAN_POINT('Ctrl Pts',(81.1202197802194,-35.1932325581015,-8.69999999999999));
#15013=CARTESIAN_POINT('Ctrl Pts',(81.0356340122785,-35.2266076393387,-8.69999999999999));
#15014=CARTESIAN_POINT('Ctrl Pts',(80.9646962687003,-35.2560578165605,-8.72088923985295));
#15015=CARTESIAN_POINT('Ctrl Pts',(80.8340905716381,-35.311879276863,-8.77683282563046));
#15016=CARTESIAN_POINT('Ctrl Pts',(80.774653890251,-35.3382094451801,-8.8124663778189));
#15017=CARTESIAN_POINT('Ctrl Pts',(80.6016921342273,-35.4169821084488,-8.93096722019354));
#15018=CARTESIAN_POINT('Ctrl Pts',(80.4949195188584,-35.4685449224616,-9.02429239522999));
#15019=CARTESIAN_POINT('Ctrl Pts',(80.28911061678,-35.5732167620455,-9.2178940122991));
#15020=CARTESIAN_POINT('Ctrl Pts',(80.1922188813948,-35.624850912452,-9.31598775579634));
#15021=CARTESIAN_POINT('Ctrl Pts',(80.095056179775,-35.6791212968289,-9.41829387486445));
#15022=CARTESIAN_POINT('',(80.4999999999997,-34.6351077974969,-8.5));
#15023=CARTESIAN_POINT('Origin',(80.8999999999996,-34.6351077974969,-8.5));
#15024=CARTESIAN_POINT('',(79.4999999999996,-34.6351077974969,-9.49999999999991));
#15025=CARTESIAN_POINT('',(80.4499999999996,-34.6351077974969,-8.55));
#15026=CARTESIAN_POINT('',(79.4999999999996,-35.3299034755032,-9.66292707257116));
#15027=CARTESIAN_POINT('Ctrl Pts',(79.4999999999997,-35.3299034755031,-9.66292707257105));
#15028=CARTESIAN_POINT('Ctrl Pts',(79.4999999999997,-34.9634027319937,-9.49999999999983));
#15029=CARTESIAN_POINT('Ctrl Pts',(79.4999999999997,-34.6351077974969,-9.49999999999983));
#15030=CARTESIAN_POINT('Ctrl Pts',(80.0950561797749,-35.6791212968289,-9.41829387486446));
#15031=CARTESIAN_POINT('Ctrl Pts',(80.0920757415845,-35.680786025408,-9.42143208591977));
#15032=CARTESIAN_POINT('Ctrl Pts',(80.0890680197593,-35.6824159335956,-9.42456143425414));
#15033=CARTESIAN_POINT('Ctrl Pts',(80.0294029894359,-35.7137615743634,-9.48590435116363));
#15034=CARTESIAN_POINT('Ctrl Pts',(79.9632269659202,-35.7306109860708,-9.5405358146315));
#15035=CARTESIAN_POINT('Ctrl Pts',(79.8372031113977,-35.7292474434066,-9.6247246970857));
#15036=CARTESIAN_POINT('Ctrl Pts',(79.7644140207127,-35.7120697199932,-9.66380242518481));
#15037=CARTESIAN_POINT('Ctrl Pts',(79.681740331393,-35.6662696747225,-9.69585763851008));
#15038=CARTESIAN_POINT('Ctrl Pts',(79.6561066470132,-35.6485044858961,-9.70414330466196));
#15039=CARTESIAN_POINT('Ctrl Pts',(79.6093991119244,-35.6065468957586,-9.71505442262847));
#15040=CARTESIAN_POINT('Ctrl Pts',(79.5883280568742,-35.5823510361921,-9.71767854303835));
#15041=CARTESIAN_POINT('Ctrl Pts',(79.5546840996802,-35.5339282289425,-9.71767854303835));
#15042=CARTESIAN_POINT('Ctrl Pts',(79.5393589925732,-35.5057401095791,-9.71505442262845));
#15043=CARTESIAN_POINT('Ctrl Pts',(79.5163313616579,-35.4473298243662,-9.70414330466193));
#15044=CARTESIAN_POINT('Ctrl Pts',(79.5086246215764,-35.4171090721215,-9.69585763851007));
#15045=CARTESIAN_POINT('Ctrl Pts',(79.5015515803399,-35.3701670055675,-9.67975684937735));
#15046=CARTESIAN_POINT('Ctrl Pts',(79.4999999999996,-35.3500312383329,-9.6718748237922));
#15047=CARTESIAN_POINT('Ctrl Pts',(79.4999999999996,-35.3299034755032,-9.66292707257115));
#15048=CARTESIAN_POINT('Origin',(80.8999999999996,-21.6,-8.55));
#15049=CARTESIAN_POINT('',(79.4999999999997,-21.6,-9.49999999999995));
#15050=CARTESIAN_POINT('',(79.4999999999997,-21.4,-9.51421356237306));
#15051=CARTESIAN_POINT('Ctrl Pts',(79.4999999999996,-21.6,-9.49999999999999));
#15052=CARTESIAN_POINT('Ctrl Pts',(79.4999999999996,-21.5005050633884,-9.49999999999999));
#15053=CARTESIAN_POINT('Ctrl Pts',(79.4999999999996,-21.4000000000001,-9.51421356237307));
#15054=CARTESIAN_POINT('',(80.4999999999997,-21.6,-8.5));
#15055=CARTESIAN_POINT('',(80.3999999999996,-21.6,-8.6));
#15056=CARTESIAN_POINT('',(80.8999999999996,-21.2,-8.5));
#15057=CARTESIAN_POINT('Origin',(80.8999999999996,-21.6,-8.5));
#15058=CARTESIAN_POINT('',(80.8999999999996,-21.,-8.7));
#15059=CARTESIAN_POINT('',(80.8999999999996,-21.1,-8.6));
#15060=CARTESIAN_POINT('',(79.8999999999997,-21.,-9.26619037896903));
#15061=CARTESIAN_POINT('Ctrl Pts',(79.8999999999997,-21.,-9.26619037896901));
#15062=CARTESIAN_POINT('Ctrl Pts',(80.5602857726182,-21.,-8.69999999999999));
#15063=CARTESIAN_POINT('Ctrl Pts',(80.8999999999997,-21.,-8.7));
#15064=CARTESIAN_POINT('Ctrl Pts',(79.4999999999997,-21.4,-9.51421356237307));
#15065=CARTESIAN_POINT('Ctrl Pts',(79.4999999999997,-21.3731236700517,-9.51801444940504));
#15066=CARTESIAN_POINT('Ctrl Pts',(79.5028263012995,-21.3462606880638,-9.51980390271851));
#15067=CARTESIAN_POINT('Ctrl Pts',(79.5137665661657,-21.2915593637326,-9.51980390271851));
#15068=CARTESIAN_POINT('Ctrl Pts',(79.5239430986658,-21.2598722917921,-9.51711109808929));
#15069=CARTESIAN_POINT('Ctrl Pts',(79.5515402871383,-21.2008996107525,-9.5059101201277));
#15070=CARTESIAN_POINT('Ctrl Pts',(79.5689573188241,-21.1736120868757,-9.49740309883628));
#15071=CARTESIAN_POINT('Ctrl Pts',(79.6084516924583,-21.1239837016713,-9.47609481122662));
#15072=CARTESIAN_POINT('Ctrl Pts',(79.6347001905525,-21.0986232018158,-9.46069459759189));
#15073=CARTESIAN_POINT('Ctrl Pts',(79.6910679995654,-21.0570908815961,-9.4248881946642));
#15074=CARTESIAN_POINT('Ctrl Pts',(79.7211836757177,-21.0409156348702,-9.40448025786104));
#15075=CARTESIAN_POINT('Ctrl Pts',(79.7978702120969,-21.0097088797,-9.34963441621916));
#15076=CARTESIAN_POINT('Ctrl Pts',(79.8495669807636,-21.,-9.30943633618624));
#15077=CARTESIAN_POINT('Ctrl Pts',(79.8999999999994,-21.,-9.26619037896923));
#15078=CARTESIAN_POINT('Origin',(80.4499999999997,-33.875,-8.55));
#15079=CARTESIAN_POINT('',(79.4999999999997,-27.4375,-9.50000000000003));
#15080=CARTESIAN_POINT('',(80.4999999999997,-33.35,-8.5));
#15081=CARTESIAN_POINT('Origin',(89.1999999999999,-21.15,-8.55));
#15082=CARTESIAN_POINT('',(91.9,-21.,-8.70000000000001));
#15083=CARTESIAN_POINT('',(90.55,-21.,-8.70000000000001));
#15084=CARTESIAN_POINT('',(91.9,-21.2,-8.5));
#15085=CARTESIAN_POINT('',(91.8224999999999,-21.2,-8.5));
#15086=CARTESIAN_POINT('',(91.9,-21.1,-8.6));
#15087=CARTESIAN_POINT('Origin',(91.9,-19.4,-8.55));
#15088=CARTESIAN_POINT('',(92.86,-20.68,-8.69999999999999));
#15089=CARTESIAN_POINT('Origin',(91.9,-19.4,-8.69999999999996));
#15090=CARTESIAN_POINT('',(92.98,-20.84,-8.5));
#15091=CARTESIAN_POINT('Origin',(91.9,-19.4,-8.5));
#15092=CARTESIAN_POINT('',(92.92,-20.76,-8.6));
#15093=CARTESIAN_POINT('Origin',(93.1,-21.,-8.55));
#15094=CARTESIAN_POINT('',(93.5,-21.,-8.70000000000002));
#15095=CARTESIAN_POINT('Origin',(93.1,-21.,-8.7));
#15096=CARTESIAN_POINT('',(93.3,-21.,-8.5));
#15097=CARTESIAN_POINT('Origin',(93.1,-21.,-8.5));
#15098=CARTESIAN_POINT('',(93.4,-21.,-8.6));
#15099=CARTESIAN_POINT('Origin',(92.,-66.6112698372183,-8.55));
#15100=CARTESIAN_POINT('',(93.5,-66.6112698372183,-8.70000000000002));
#15101=CARTESIAN_POINT('',(93.5,-67.7426406871168,-9.07882942280567));
#15102=CARTESIAN_POINT('Ctrl Pts',(93.5,-66.6112698372182,-8.7));
#15103=CARTESIAN_POINT('Ctrl Pts',(93.5,-67.1135314380522,-8.69999999999999));
#15104=CARTESIAN_POINT('Ctrl Pts',(93.5,-67.7426406871129,-9.07882942280333));
#15105=CARTESIAN_POINT('',(93.3,-66.6112698372183,-8.5));
#15106=CARTESIAN_POINT('',(93.4,-66.6112698372183,-8.6));
#15107=CARTESIAN_POINT('',(92.9192388155426,-67.5305086527607,-8.5));
#15108=CARTESIAN_POINT('Origin',(92.,-66.6112698372183,-8.5));
#15109=CARTESIAN_POINT('',(93.4629033471956,-68.0741731844136,-9.26885775404488));
#15110=CARTESIAN_POINT('',(92.9899494936612,-67.6012193308794,-8.6));
#15111=CARTESIAN_POINT('Ctrl Pts',(93.5,-67.7426406871168,-9.07882942280567));
#15112=CARTESIAN_POINT('Ctrl Pts',(93.5,-67.8533179830513,-9.14547574250134));
#15113=CARTESIAN_POINT('Ctrl Pts',(93.4875382792906,-67.96547034257,-9.20941276498149));
#15114=CARTESIAN_POINT('Ctrl Pts',(93.4629033471956,-68.0741731844136,-9.26885775404491));
#15115=CARTESIAN_POINT('Origin',(93.35,-56.8498737341516,-8.55));
#15116=CARTESIAN_POINT('',(93.5,-62.606917382414,-8.70000000000001));
#15117=CARTESIAN_POINT('',(93.3,-56.3248737341516,-8.5));
#15118=CARTESIAN_POINT('Origin',(94.6833892449905,-65.8370689014312,-8.55));
#15119=CARTESIAN_POINT('',(93.0606601717799,-68.8033008588965,-9.49999999999995));
#15120=CARTESIAN_POINT('Origin',(92.,-67.7426406871168,-8.));
#15121=CARTESIAN_POINT('',(89.0961940777105,-71.3535533905932,-8.5));
#15122=CARTESIAN_POINT('',(96.2217839059311,-64.2279635623718,-8.5));
#15123=CARTESIAN_POINT('',(89.8033008588971,-72.0606601717798,-9.49999999999996));
#15124=CARTESIAN_POINT('',(89.1669047558291,-71.4242640687119,-8.6));
#15125=CARTESIAN_POINT('',(92.3595508588973,-69.5044101717792,-9.49999999999996));
#15126=CARTESIAN_POINT('Origin',(88.7426406871172,-71.,-8.55));
#15127=CARTESIAN_POINT('',(88.7426406871172,-72.5,-9.50000000000001));
#15128=CARTESIAN_POINT('Origin',(88.7426406871172,-71.,-9.49999999999996));
#15129=CARTESIAN_POINT('',(88.7426406871172,-71.5,-8.5));
#15130=CARTESIAN_POINT('Origin',(88.7426406871172,-71.,-8.5));
#15131=CARTESIAN_POINT('',(88.7426406871172,-71.6,-8.6));
#15132=CARTESIAN_POINT('Origin',(86.9999999999997,-71.55,-8.55));
#15133=CARTESIAN_POINT('',(81.3561652351679,-72.5,-9.50000000000013));
#15134=CARTESIAN_POINT('',(89.6224999999997,-71.5,-8.5));
#15135=CARTESIAN_POINT('Origin',(103.5,-45.,-10.1));
#15136=CARTESIAN_POINT('',(100.95,-45.,-10.2));
#15137=CARTESIAN_POINT('Origin',(103.5,-45.,-10.2));
#15138=CARTESIAN_POINT('',(100.75,-45.,-10.));
#15139=CARTESIAN_POINT('',(100.85,-45.,-10.1));
#15140=CARTESIAN_POINT('Origin',(103.5,-45.,-10.));
#15141=CARTESIAN_POINT('Origin',(103.5,-36.,-10.));
#15142=CARTESIAN_POINT('',(93.2238090907512,-20.6196431819366,-10.));
#15143=CARTESIAN_POINT('',(93.7,-19.4,-10.));
#15144=CARTESIAN_POINT('Origin',(91.9,-19.4,-10.));
#15145=CARTESIAN_POINT('',(93.5,-21.,-10.));
#15146=CARTESIAN_POINT('Origin',(93.1,-21.,-10.));
#15147=CARTESIAN_POINT('',(93.5,-52.6753788748765,-10.));
#15148=CARTESIAN_POINT('',(93.5,10.6,-10.));
#15149=CARTESIAN_POINT('',(96.8636326148039,-53.14,-10.));
#15150=CARTESIAN_POINT('Origin',(95.1,-53.5,-10.));
#15151=CARTESIAN_POINT('',(97.0595917942265,-53.3,-10.));
#15152=CARTESIAN_POINT('Origin',(97.0595917942265,-53.1,-10.));
#15153=CARTESIAN_POINT('',(112.,-53.3,-10.));
#15154=CARTESIAN_POINT('',(100.1,-53.3,-10.));
#15155=CARTESIAN_POINT('',(113.3,-52.,-10.));
#15156=CARTESIAN_POINT('Origin',(112.,-52.,-10.));
#15157=CARTESIAN_POINT('',(113.3,-22.1213203435596,-10.));
#15158=CARTESIAN_POINT('',(113.3,-44.75,-10.));
#15159=CARTESIAN_POINT('',(112.919238815543,-21.2020815280171,-10.));
#15160=CARTESIAN_POINT('Origin',(112.,-22.1213203435596,-10.));
#15161=CARTESIAN_POINT('',(110.797918471983,-19.0807611844575,-10.));
#15162=CARTESIAN_POINT('',(114.483578643763,-22.7664213562373,-10.));
#15163=CARTESIAN_POINT('',(109.87867965644,-18.7,-10.));
#15164=CARTESIAN_POINT('Origin',(109.87867965644,-20.,-10.));
#15165=CARTESIAN_POINT('',(93.9,-18.7,-10.));
#15166=CARTESIAN_POINT('',(107.,-18.7,-10.));
#15167=CARTESIAN_POINT('',(93.7,-18.9,-10.));
#15168=CARTESIAN_POINT('Origin',(93.9,-18.9,-10.));
#15169=CARTESIAN_POINT('',(93.7,-24.75,-10.));
#15170=CARTESIAN_POINT('',(100.75,-26.5,-10.));
#15171=CARTESIAN_POINT('Origin',(103.5,-26.5,-10.));
#15172=CARTESIAN_POINT('Origin',(103.5,-45.,-18.5));
#15173=CARTESIAN_POINT('',(100.95,-45.,-14.8));
#15174=CARTESIAN_POINT('',(100.95,-45.,-18.5));
#15175=CARTESIAN_POINT('Origin',(103.5,-45.,-14.8));
#15176=CARTESIAN_POINT('Origin',(103.5,-26.5,-10.1));
#15177=CARTESIAN_POINT('',(100.95,-26.5,-10.2));
#15178=CARTESIAN_POINT('Origin',(103.5,-26.5,-10.2));
#15179=CARTESIAN_POINT('',(100.85,-26.5,-10.1));
#15180=CARTESIAN_POINT('Origin',(103.5,-26.5,-18.5));
#15181=CARTESIAN_POINT('',(100.95,-26.5,-14.8));
#15182=CARTESIAN_POINT('',(100.95,-26.5,-18.5));
#15183=CARTESIAN_POINT('Origin',(103.5,-26.5,-14.8));
#15184=CARTESIAN_POINT('Origin',(95.1,-53.5,-10.1));
#15185=CARTESIAN_POINT('',(93.5,-53.5,-10.2));
#15186=CARTESIAN_POINT('Ctrl Pts',(93.5,-53.5,-10.2));
#15187=CARTESIAN_POINT('Ctrl Pts',(93.5,-53.1119429999419,-10.2));
#15188=CARTESIAN_POINT('Ctrl Pts',(93.5,-52.6753788748765,-10.));
#15189=CARTESIAN_POINT('',(96.6676734353812,-53.18,-10.2));
#15190=CARTESIAN_POINT('Origin',(95.1,-53.5,-10.2));
#15191=CARTESIAN_POINT('',(96.6676734353812,-53.18,-10.2));
#15192=CARTESIAN_POINT('Origin',(97.0595917942265,-53.1,-10.1));
#15193=CARTESIAN_POINT('',(97.0595917942265,-53.5,-10.2));
#15194=CARTESIAN_POINT('Origin',(97.0595917942265,-53.1,-10.2));
#15195=CARTESIAN_POINT('',(97.0595917942265,-53.5,-10.2));
#15196=CARTESIAN_POINT('Origin',(100.1,-53.4,-10.1));
#15197=CARTESIAN_POINT('',(112.,-53.5,-10.2));
#15198=CARTESIAN_POINT('',(100.1,-53.5,-10.2));
#15199=CARTESIAN_POINT('',(112.,-53.5,-10.2));
#15200=CARTESIAN_POINT('Origin',(112.,-52.,-10.1));
#15201=CARTESIAN_POINT('',(113.5,-52.,-10.2));
#15202=CARTESIAN_POINT('Origin',(112.,-52.,-10.2));
#15203=CARTESIAN_POINT('',(113.5,-52.,-10.2));
#15204=CARTESIAN_POINT('Origin',(113.4,-44.75,-10.1));
#15205=CARTESIAN_POINT('',(113.5,-22.1213203435596,-10.2));
#15206=CARTESIAN_POINT('',(113.5,-44.75,-10.2));
#15207=CARTESIAN_POINT('',(113.5,-22.1213203435596,-10.2));
#15208=CARTESIAN_POINT('Origin',(112.,-22.1213203435596,-10.1));
#15209=CARTESIAN_POINT('',(113.06066017178,-21.0606601717798,-10.2));
#15210=CARTESIAN_POINT('Origin',(112.,-22.1213203435596,-10.2));
#15211=CARTESIAN_POINT('',(113.06066017178,-21.0606601717798,-10.2));
#15212=CARTESIAN_POINT('Origin',(114.554289321881,-22.6957106781186,-10.1));
#15213=CARTESIAN_POINT('',(110.93933982822,-18.9393398282202,-10.2));
#15214=CARTESIAN_POINT('',(114.625,-22.625,-10.2));
#15215=CARTESIAN_POINT('',(110.93933982822,-18.9393398282202,-10.2));
#15216=CARTESIAN_POINT('Origin',(109.87867965644,-20.,-10.1));
#15217=CARTESIAN_POINT('',(109.87867965644,-18.5,-10.2));
#15218=CARTESIAN_POINT('Origin',(109.87867965644,-20.,-10.2));
#15219=CARTESIAN_POINT('',(109.87867965644,-18.5,-10.2));
#15220=CARTESIAN_POINT('Origin',(107.,-18.6,-10.1));
#15221=CARTESIAN_POINT('',(93.9,-18.5,-10.2));
#15222=CARTESIAN_POINT('',(107.,-18.5,-10.2));
#15223=CARTESIAN_POINT('',(93.9,-18.5,-10.2));
#15224=CARTESIAN_POINT('Origin',(93.9,-18.9,-10.1));
#15225=CARTESIAN_POINT('',(93.5,-18.9,-10.2));
#15226=CARTESIAN_POINT('Origin',(93.9,-18.9,-10.2));
#15227=CARTESIAN_POINT('',(93.5,-18.9,-10.2));
#15228=CARTESIAN_POINT('Origin',(93.6,-24.75,-10.1));
#15229=CARTESIAN_POINT('',(93.5,-19.4,-10.2));
#15230=CARTESIAN_POINT('',(93.5,-24.75,-10.2));
#15231=CARTESIAN_POINT('',(93.5,-19.4,-10.2));
#15232=CARTESIAN_POINT('Origin',(91.9,-19.4,-10.1));
#15233=CARTESIAN_POINT('',(92.86,-20.68,-10.2));
#15234=CARTESIAN_POINT('Ctrl Pts',(92.86,-20.68,-10.2));
#15235=CARTESIAN_POINT('Ctrl Pts',(92.8941907297425,-20.6543569526931,-10.2));
#15236=CARTESIAN_POINT('Ctrl Pts',(92.9338774857567,-20.6337083875896,-10.1908259229726));
#15237=CARTESIAN_POINT('Ctrl Pts',(93.0136344010595,-20.6071804527632,-10.1580595550557));
#15238=CARTESIAN_POINT('Ctrl Pts',(93.0537475021399,-20.6011202346067,-10.1347189525626));
#15239=CARTESIAN_POINT('Ctrl Pts',(93.135376181444,-20.5988765749236,-10.0788624380382));
#15240=CARTESIAN_POINT('Ctrl Pts',(93.1813254348205,-20.6058144228273,-10.0406146676065));
#15241=CARTESIAN_POINT('Ctrl Pts',(93.2238090907512,-20.6196431819366,-10.));
#15242=CARTESIAN_POINT('Origin',(91.9,-19.4,-10.2));
#15243=CARTESIAN_POINT('Origin',(91.9,-19.4,0.));
#15244=CARTESIAN_POINT('',(92.86,-20.68,0.));
#15245=CARTESIAN_POINT('',(93.5,-19.4,-14.));
#15246=CARTESIAN_POINT('',(93.5,-19.4,0.));
#15247=CARTESIAN_POINT('',(91.9,-21.,-14.));
#15248=CARTESIAN_POINT('Origin',(91.9,-19.4,-14.));
#15249=CARTESIAN_POINT('',(91.9,-21.,0.));
#15250=CARTESIAN_POINT('Origin',(93.5,-13.5,0.));
#15251=CARTESIAN_POINT('',(93.5,-18.9,-14.));
#15252=CARTESIAN_POINT('',(93.5,-18.9,-9.25));
#15253=CARTESIAN_POINT('',(93.5,10.6,-14.));
#15254=CARTESIAN_POINT('Origin',(93.9,-18.9,-9.25));
#15255=CARTESIAN_POINT('',(93.9,-18.5,-14.2));
#15256=CARTESIAN_POINT('',(93.9,-18.5,-9.25));
#15257=CARTESIAN_POINT('',(93.5535898384862,-18.7,-14.));
#15258=CARTESIAN_POINT('Origin',(93.9,-18.9,-13.8));
#15259=CARTESIAN_POINT('Origin',(93.9,-18.9,-14.));
#15260=CARTESIAN_POINT('Origin',(110.5,-18.5,-18.5));
#15261=CARTESIAN_POINT('',(109.87867965644,-18.5,-16.4393398282205));
#15262=CARTESIAN_POINT('',(109.87867965644,-18.5,-18.5));
#15263=CARTESIAN_POINT('',(109.843145750508,-18.5,-16.4644660940672));
#15264=CARTESIAN_POINT('',(109.314925447579,-18.5,-16.8379742522287));
#15265=CARTESIAN_POINT('',(107.343145750508,-18.5,-17.5));
#15266=CARTESIAN_POINT('Ctrl Pts',(109.843145750508,-18.5,-16.4644660940672));
#15267=CARTESIAN_POINT('Ctrl Pts',(108.37867965644,-18.5,-17.5));
#15268=CARTESIAN_POINT('Ctrl Pts',(107.343145750508,-18.5,-17.5));
#15269=CARTESIAN_POINT('',(87.3994949366116,-18.5,-17.5));
#15270=CARTESIAN_POINT('',(100.036123734153,-18.5,-17.5));
#15271=CARTESIAN_POINT('',(87.3994949366116,-18.5,-14.2));
#15272=CARTESIAN_POINT('',(87.3994949366116,-18.5,-18.5));
#15273=CARTESIAN_POINT('',(96.1224999999999,-18.5,-14.2));
#15274=CARTESIAN_POINT('Origin',(109.87867965644,-20.,-18.5));
#15275=CARTESIAN_POINT('',(110.93933982822,-18.9393398282202,-16.0000000000003));
#15276=CARTESIAN_POINT('',(110.93933982822,-18.9393398282202,-18.5));
#15277=CARTESIAN_POINT('Origin',(109.87867965644,-20.,-17.5000000000001));
#15278=CARTESIAN_POINT('Origin',(113.5,-21.5,-18.5));
#15279=CARTESIAN_POINT('',(113.06066017178,-21.0606601717798,-16.0000000000003));
#15280=CARTESIAN_POINT('',(113.06066017178,-21.0606601717798,-18.5));
#15281=CARTESIAN_POINT('',(112.838683261758,-20.8386832617584,-16.0000000000003));
#15282=CARTESIAN_POINT('Origin',(112.,-22.1213203435596,-18.5));
#15283=CARTESIAN_POINT('',(113.5,-22.1213203435596,-16.4393398282205));
#15284=CARTESIAN_POINT('',(113.5,-22.1213203435596,-18.5));
#15285=CARTESIAN_POINT('Origin',(112.,-22.1213203435596,-17.5000000000001));
#15286=CARTESIAN_POINT('Origin',(113.5,-53.5,-18.5));
#15287=CARTESIAN_POINT('',(113.5,-52.,-17.5));
#15288=CARTESIAN_POINT('',(113.5,-52.,-18.5));
#15289=CARTESIAN_POINT('',(113.5,-24.6568542494924,-17.4999999999999));
#15290=CARTESIAN_POINT('',(113.5,-44.1338834764832,-17.5000000000002));
#15291=CARTESIAN_POINT('',(113.5,-22.1568542494923,-16.4644660940675));
#15292=CARTESIAN_POINT('Ctrl Pts',(113.5,-24.6568542494924,-17.4999999999999));
#15293=CARTESIAN_POINT('Ctrl Pts',(113.5,-23.6213203435597,-17.4999999999999));
#15294=CARTESIAN_POINT('Ctrl Pts',(113.5,-22.1568542494925,-16.4644660940672));
#15295=CARTESIAN_POINT('',(113.5,-33.4699855680998,-24.4640579659077));
#15296=CARTESIAN_POINT('Origin',(112.,-52.,-18.5));
#15297=CARTESIAN_POINT('',(112.,-53.5,-18.1));
#15298=CARTESIAN_POINT('',(112.,-53.5,-18.5));
#15299=CARTESIAN_POINT('Ctrl Pts',(112.,-53.5,-18.1));
#15300=CARTESIAN_POINT('Ctrl Pts',(112.21105215729,-53.5,-18.0006813377461));
#15301=CARTESIAN_POINT('Ctrl Pts',(112.423853279022,-53.4539286422684,-17.9094560095619));
#15302=CARTESIAN_POINT('Ctrl Pts',(112.734727845715,-53.3143862282053,-17.7830808756623));
#15303=CARTESIAN_POINT('Ctrl Pts',(112.85934388136,-53.2380899206402,-17.7343919405658));
#15304=CARTESIAN_POINT('Ctrl Pts',(113.082074036156,-53.0490253955492,-17.649859331622));
#15305=CARTESIAN_POINT('Ctrl Pts',(113.180099298471,-52.9361911312146,-17.6139293116925));
#15306=CARTESIAN_POINT('Ctrl Pts',(113.32995292249,-52.7068680566072,-17.5597666626212));
#15307=CARTESIAN_POINT('Ctrl Pts',(113.39452357643,-52.5721082644696,-17.5369355443602));
#15308=CARTESIAN_POINT('Ctrl Pts',(113.479569498323,-52.2878853387954,-17.5070686436127));
#15309=CARTESIAN_POINT('Ctrl Pts',(113.5,-52.1384122661119,-17.5));
#15310=CARTESIAN_POINT('Ctrl Pts',(113.5,-52.,-17.5));
#15311=CARTESIAN_POINT('Origin',(96.7,-53.5,-18.5));
#15312=CARTESIAN_POINT('',(97.0595917942266,-53.5,-18.3));
#15313=CARTESIAN_POINT('',(97.0595917942265,-53.5,-18.5));
#15314=CARTESIAN_POINT('',(111.2,-53.5,-18.3));
#15315=CARTESIAN_POINT('',(99.28625,-53.5,-18.3));
#15316=CARTESIAN_POINT('Ctrl Pts',(111.2,-53.5,-18.3));
#15317=CARTESIAN_POINT('Ctrl Pts',(111.575,-53.5,-18.3));
#15318=CARTESIAN_POINT('Ctrl Pts',(111.999999999999,-53.5,-18.1000000000004));
#15319=CARTESIAN_POINT('Origin',(97.0595917942265,-53.1,-18.5));
#15320=CARTESIAN_POINT('',(96.6676734353812,-53.18,-18.3));
#15321=CARTESIAN_POINT('',(96.6676734353812,-53.18,-18.5));
#15322=CARTESIAN_POINT('Origin',(97.0595917942265,-53.1,-18.3));
#15323=CARTESIAN_POINT('Origin',(95.1,-53.5,-18.5));
#15324=CARTESIAN_POINT('',(93.5,-53.5,-18.3));
#15325=CARTESIAN_POINT('',(93.5,-53.5,-18.5));
#15326=CARTESIAN_POINT('Origin',(95.1,-53.5,-18.3));
#15327=CARTESIAN_POINT('Origin',(87.5,-68.,-15.1));
#15328=CARTESIAN_POINT('',(85.95,-68.,-15.2));
#15329=CARTESIAN_POINT('Origin',(87.5,-68.,-15.2));
#15330=CARTESIAN_POINT('',(85.75,-68.,-15.));
#15331=CARTESIAN_POINT('',(85.85,-68.,-15.1));
#15332=CARTESIAN_POINT('Origin',(87.5,-68.,-15.));
#15333=CARTESIAN_POINT('Origin',(87.5,-68.,-15.));
#15334=CARTESIAN_POINT('',(84.95,-68.,-15.));
#15335=CARTESIAN_POINT('Origin',(87.5,-68.,-15.));
#15336=CARTESIAN_POINT('Origin',(87.5,-68.,-10.175));
#15337=CARTESIAN_POINT('',(85.95,-68.,-16.65));
#15338=CARTESIAN_POINT('',(85.95,-68.,-10.175));
#15339=CARTESIAN_POINT('',(89.05,-68.,-16.65));
#15340=CARTESIAN_POINT('Origin',(87.5,-68.,-16.65));
#15341=CARTESIAN_POINT('Origin',(87.5,-68.,-16.65));
#15342=CARTESIAN_POINT('Origin',(87.5,-68.,-8.6));
#15343=CARTESIAN_POINT('',(90.25,-68.,-8.5));
#15344=CARTESIAN_POINT('Origin',(87.5,-68.,-8.5));
#15345=CARTESIAN_POINT('',(90.05,-68.,-8.7));
#15346=CARTESIAN_POINT('',(90.15,-68.,-8.6));
#15347=CARTESIAN_POINT('',(84.95,-68.,-8.7));
#15348=CARTESIAN_POINT('Origin',(87.5,-68.,-8.7));
#15349=CARTESIAN_POINT('Origin',(87.5,-68.,-8.7));
#15350=CARTESIAN_POINT('Origin',(91.7449999999998,-45.5,-8.5));
#15351=CARTESIAN_POINT('Origin',(87.5,-68.,-11.75));
#15352=CARTESIAN_POINT('',(84.95,-68.,-11.75));
#15353=CARTESIAN_POINT('Origin',(79.9899999999997,-59.1,-14.1));
#15354=CARTESIAN_POINT('',(87.7899999999997,-59.1,-14.));
#15355=CARTESIAN_POINT('Origin',(79.9899999999997,-59.1,-14.));
#15356=CARTESIAN_POINT('',(87.5899999999997,-59.1,-14.2));
#15357=CARTESIAN_POINT('',(87.6899999999997,-59.1,-14.1));
#15358=CARTESIAN_POINT('',(72.3899999999997,-59.1,-14.2));
#15359=CARTESIAN_POINT('Origin',(79.9899999999997,-59.1,-14.2));
#15360=CARTESIAN_POINT('Origin',(79.9899999999997,-59.1,-14.2));
#15361=CARTESIAN_POINT('Origin',(81.7449999999998,-61.55,-14.));
#15362=CARTESIAN_POINT('',(87.3994949366116,-18.7,-14.));
#15363=CARTESIAN_POINT('',(96.1224999999999,-18.7,-14.));
#15364=CARTESIAN_POINT('',(86.4802561210691,-19.0807611844575,-14.));
#15365=CARTESIAN_POINT('Origin',(87.3994949366116,-20.,-14.));
#15366=CARTESIAN_POINT('',(85.7982756057296,-19.762741699797,-14.));
#15367=CARTESIAN_POINT('',(74.8988023010262,-30.6622150045003,-14.));
#15368=CARTESIAN_POINT('',(83.5355339059326,-20.7000000000001,-14.));
#15369=CARTESIAN_POINT('Origin',(83.5355339059326,-17.5000000000001,-14.));
#15370=CARTESIAN_POINT('',(79.8747763108502,-20.7,-14.));
#15371=CARTESIAN_POINT('',(83.2615872965261,-20.7000000000001,-14.));
#15372=CARTESIAN_POINT('',(78.9555374953077,-21.0807611844575,-14.));
#15373=CARTESIAN_POINT('Origin',(79.8747763108502,-22.,-14.));
#15374=CARTESIAN_POINT('',(73.8307611844575,-26.2055374953077,-14.));
#15375=CARTESIAN_POINT('',(69.7552633317052,-30.28103534806,-14.));
#15376=CARTESIAN_POINT('',(73.45,-27.1247763108503,-14.));
#15377=CARTESIAN_POINT('Origin',(74.75,-27.1247763108503,-14.));
#15378=CARTESIAN_POINT('',(73.45,-46.9196897832166,-14.));
#15379=CARTESIAN_POINT('',(73.45,-44.0267279836453,-14.));
#15380=CARTESIAN_POINT('',(72.512741699797,-49.1824314830136,-14.));
#15381=CARTESIAN_POINT('Origin',(70.25,-46.9196897832166,-14.));
#15382=CARTESIAN_POINT('',(70.5707611844572,-51.1244119983533,-14.));
#15383=CARTESIAN_POINT('',(72.1682539738213,-49.5269192089892,-14.));
#15384=CARTESIAN_POINT('',(70.1899999999997,-52.0436508138958,-14.));
#15385=CARTESIAN_POINT('Origin',(71.4899999999997,-52.0436508138958,-14.));
#15386=CARTESIAN_POINT('',(70.1899999999997,-66.156349186104,-14.));
#15387=CARTESIAN_POINT('',(70.1899999999997,-56.4861652351681,-14.));
#15388=CARTESIAN_POINT('',(70.5707611844572,-67.0755880016465,-14.));
#15389=CARTESIAN_POINT('Origin',(71.4899999999997,-66.156349186104,-14.));
#15390=CARTESIAN_POINT('',(75.4144119983532,-71.9192388155425,-14.));
#15391=CARTESIAN_POINT('',(71.7632539738212,-68.2680807910105,-14.));
#15392=CARTESIAN_POINT('',(76.3336508138957,-72.3,-14.));
#15393=CARTESIAN_POINT('Origin',(76.3336508138957,-71.,-14.));
#15394=CARTESIAN_POINT('',(86.1733500838579,-72.3,-14.));
#15395=CARTESIAN_POINT('',(78.728665235168,-72.3,-14.));
#15396=CARTESIAN_POINT('',(83.0669791579853,-67.2264845093579,-14.));
#15397=CARTESIAN_POINT('Origin',(87.5,-68.,-14.));
#15398=CARTESIAN_POINT('',(83.305024311006,-66.9269159837983,-14.));
#15399=CARTESIAN_POINT('Origin',(83.4610254550533,-67.2952414418594,-14.));
#15400=CARTESIAN_POINT('',(85.0380681840795,-52.2613592279692,-14.));
#15401=CARTESIAN_POINT('Origin',(79.9899999999997,-59.1,-14.));
#15402=CARTESIAN_POINT('',(85.2290794200346,-51.5422581043737,-14.));
#15403=CARTESIAN_POINT('Origin',(85.2756243339185,-51.9395408386972,-14.));
#15404=CARTESIAN_POINT('',(80.0950561797749,-35.6791212968289,-14.));
#15405=CARTESIAN_POINT('Origin',(84.24,-43.1,-14.));
#15406=CARTESIAN_POINT('',(79.4999999999996,-35.3299034755032,-14.));
#15407=CARTESIAN_POINT('Origin',(79.8999999999997,-35.3299034755032,-14.));
#15408=CARTESIAN_POINT('',(79.4999999999997,-21.4,-14.));
#15409=CARTESIAN_POINT('',(79.4999999999996,-34.,-14.));
#15410=CARTESIAN_POINT('',(79.8999999999997,-21.,-14.));
#15411=CARTESIAN_POINT('Origin',(79.8999999999997,-21.4,-14.));
#15412=CARTESIAN_POINT('',(91.9,-21.,-14.));
#15413=CARTESIAN_POINT('',(80.24,-43.1,-14.));
#15414=CARTESIAN_POINT('Origin',(84.24,-43.1,-14.));
#15415=CARTESIAN_POINT('Origin',(79.9899999999997,-59.1,-14.5));
#15416=CARTESIAN_POINT('',(72.3899999999997,-59.1,-15.));
#15417=CARTESIAN_POINT('',(72.3899999999997,-59.1,-14.5));
#15418=CARTESIAN_POINT('Origin',(79.9899999999997,-59.1,-15.));
#15419=CARTESIAN_POINT('Origin',(79.9899999999997,-59.1,-15.1));
#15420=CARTESIAN_POINT('',(73.4899999999997,-59.1,-15.2));
#15421=CARTESIAN_POINT('Origin',(79.9899999999997,-59.1,-15.2));
#15422=CARTESIAN_POINT('',(73.2899999999997,-59.1,-15.));
#15423=CARTESIAN_POINT('',(73.3899999999997,-59.1,-15.1));
#15424=CARTESIAN_POINT('Origin',(79.9899999999997,-59.1,-15.));
#15425=CARTESIAN_POINT('Origin',(79.9899999999997,-59.1,-10.175));
#15426=CARTESIAN_POINT('',(73.4899999999997,-59.1,-18.));
#15427=CARTESIAN_POINT('',(73.4899999999997,-59.1,-10.175));
#15428=CARTESIAN_POINT('Origin',(79.9899999999997,-59.1,-18.));
#15429=CARTESIAN_POINT('Origin',(79.9899999999997,-59.1,-15.));
#15430=CARTESIAN_POINT('Origin',(78.728665235168,-72.4,-14.1));
#15431=CARTESIAN_POINT('',(87.5,-72.5,-14.2));
#15432=CARTESIAN_POINT('Origin',(87.5,-68.,-9.69999999999995));
#15433=CARTESIAN_POINT('',(76.3336508138957,-72.5,-14.2));
#15434=CARTESIAN_POINT('',(76.3336508138957,-72.3,-14.));
#15435=CARTESIAN_POINT('',(78.728665235168,-72.5,-14.2));
#15436=CARTESIAN_POINT('Origin',(76.3336508138957,-71.,-14.1));
#15437=CARTESIAN_POINT('',(75.2729906421159,-72.0606601717798,-14.2));
#15438=CARTESIAN_POINT('',(75.4144119983532,-71.9192388155425,-14.));
#15439=CARTESIAN_POINT('Origin',(76.3336508138957,-71.,-14.2));
#15440=CARTESIAN_POINT('Origin',(71.6925432957025,-68.3387914691291,-14.1));
#15441=CARTESIAN_POINT('',(70.4293398282199,-67.2170093578839,-14.2));
#15442=CARTESIAN_POINT('',(70.5707611844572,-67.0755880016465,-14.));
#15443=CARTESIAN_POINT('',(71.6218326175838,-68.4095021472478,-14.2));
#15444=CARTESIAN_POINT('Origin',(71.4899999999997,-66.156349186104,-14.1));
#15445=CARTESIAN_POINT('',(69.9899999999997,-66.156349186104,-14.2));
#15446=CARTESIAN_POINT('',(70.1899999999997,-66.156349186104,-14.));
#15447=CARTESIAN_POINT('Origin',(71.4899999999997,-66.156349186104,-14.2));
#15448=CARTESIAN_POINT('Origin',(70.0899999999997,-56.4861652351681,-14.1));
#15449=CARTESIAN_POINT('',(69.9899999999997,-52.0436508138958,-14.2));
#15450=CARTESIAN_POINT('',(70.1899999999997,-52.0436508138958,-14.));
#15451=CARTESIAN_POINT('',(69.9899999999997,-56.4861652351681,-14.2));
#15452=CARTESIAN_POINT('Origin',(71.4899999999997,-52.0436508138958,-14.1));
#15453=CARTESIAN_POINT('',(70.4293398282199,-50.982990642116,-14.2));
#15454=CARTESIAN_POINT('',(70.5707611844572,-51.1244119983533,-14.));
#15455=CARTESIAN_POINT('Origin',(71.4899999999997,-52.0436508138958,-14.2));
#15456=CARTESIAN_POINT('Origin',(72.0975432957026,-49.4562085308706,-14.1));
#15457=CARTESIAN_POINT('',(72.3713203435596,-49.0410101267762,-14.2));
#15458=CARTESIAN_POINT('',(72.512741699797,-49.1824314830136,-14.));
#15459=CARTESIAN_POINT('',(72.0268326175839,-49.3854978527519,-14.2));
#15460=CARTESIAN_POINT('Origin',(70.25,-46.9196897832166,-14.1));
#15461=CARTESIAN_POINT('',(73.25,-46.9196897832166,-14.2));
#15462=CARTESIAN_POINT('',(73.45,-46.9196897832166,-14.));
#15463=CARTESIAN_POINT('Origin',(70.25,-46.9196897832166,-14.2));
#15464=CARTESIAN_POINT('Origin',(73.35,-44.0267279836453,-14.1));
#15465=CARTESIAN_POINT('',(73.25,-27.1247763108503,-14.2));
#15466=CARTESIAN_POINT('',(73.45,-27.1247763108503,-14.));
#15467=CARTESIAN_POINT('',(73.25,-44.0267279836453,-14.2));
#15468=CARTESIAN_POINT('Origin',(74.75,-27.1247763108503,-14.1));
#15469=CARTESIAN_POINT('',(73.6893398282202,-26.0641161390704,-14.2));
#15470=CARTESIAN_POINT('',(73.8307611844575,-26.2055374953077,-14.));
#15471=CARTESIAN_POINT('Origin',(74.75,-27.1247763108503,-14.2));
#15472=CARTESIAN_POINT('Origin',(69.6845526535866,-30.2103246699414,-14.1));
#15473=CARTESIAN_POINT('',(78.8141161390704,-20.9393398282202,-14.2));
#15474=CARTESIAN_POINT('',(78.9555374953077,-21.0807611844575,-14.));
#15475=CARTESIAN_POINT('',(69.6138419754679,-30.1396139918227,-14.2));
#15476=CARTESIAN_POINT('Origin',(79.8747763108502,-22.,-14.1));
#15477=CARTESIAN_POINT('',(79.8747763108502,-20.5,-14.2));
#15478=CARTESIAN_POINT('',(79.8747763108502,-20.7,-14.));
#15479=CARTESIAN_POINT('Origin',(79.8747763108502,-22.,-14.2));
#15480=CARTESIAN_POINT('Origin',(83.2615872965261,-20.6000000000001,-14.1));
#15481=CARTESIAN_POINT('',(83.5355339059326,-20.5000000000001,-14.2));
#15482=CARTESIAN_POINT('',(83.5355339059326,-20.7000000000001,-14.));
#15483=CARTESIAN_POINT('',(83.2615872965261,-20.5000000000001,-14.2));
#15484=CARTESIAN_POINT('Origin',(83.5355339059326,-17.5000000000001,-14.1));
#15485=CARTESIAN_POINT('',(85.6568542494922,-19.6213203435597,-14.2));
#15486=CARTESIAN_POINT('',(85.7982756057296,-19.762741699797,-14.));
#15487=CARTESIAN_POINT('Origin',(83.5355339059326,-17.5000000000001,-14.2));
#15488=CARTESIAN_POINT('Origin',(74.8280916229076,-30.5915043263817,-14.1));
#15489=CARTESIAN_POINT('',(86.3388347648318,-18.9393398282202,-14.2));
#15490=CARTESIAN_POINT('',(86.4802561210691,-19.0807611844575,-14.));
#15491=CARTESIAN_POINT('',(74.7573809447889,-30.520793648263,-14.2));
#15492=CARTESIAN_POINT('Origin',(87.3994949366116,-20.,-14.1));
#15493=CARTESIAN_POINT('',(87.3994949366116,-18.7,-14.));
#15494=CARTESIAN_POINT('Origin',(87.3994949366116,-20.,-14.2));
#15495=CARTESIAN_POINT('Origin',(96.1224999999999,-18.6,-14.1));
#15496=CARTESIAN_POINT('Origin',(84.24,-43.1,-14.5999999999994));
#15497=CARTESIAN_POINT('',(82.69,-43.1,-14.6999999999994));
#15498=CARTESIAN_POINT('Origin',(84.24,-43.1,-14.6999999999994));
#15499=CARTESIAN_POINT('',(82.49,-43.1,-14.4999999999994));
#15500=CARTESIAN_POINT('',(82.59,-43.1,-14.5999999999994));
#15501=CARTESIAN_POINT('Origin',(84.24,-43.1,-14.4999999999994));
#15502=CARTESIAN_POINT('Origin',(84.24,-43.1,-14.4999999999994));
#15503=CARTESIAN_POINT('',(81.74,-43.1,-14.4999999999994));
#15504=CARTESIAN_POINT('Origin',(84.24,-43.1,-14.4999999999994));
#15505=CARTESIAN_POINT('Origin',(84.24,-43.1,-10.175));
#15506=CARTESIAN_POINT('',(82.69,-43.1,-16.65));
#15507=CARTESIAN_POINT('',(82.69,-43.1,-10.175));
#15508=CARTESIAN_POINT('',(85.79,-43.1,-16.65));
#15509=CARTESIAN_POINT('Origin',(84.24,-43.1,-16.65));
#15510=CARTESIAN_POINT('Origin',(84.24,-43.1,-16.65));
#15511=CARTESIAN_POINT('Origin',(84.24,-43.1,-13.1));
#15512=CARTESIAN_POINT('',(86.94,-43.1,-13.));
#15513=CARTESIAN_POINT('Origin',(84.24,-43.1,-13.));
#15514=CARTESIAN_POINT('',(86.74,-43.1,-13.2));
#15515=CARTESIAN_POINT('',(86.84,-43.1,-13.1));
#15516=CARTESIAN_POINT('',(81.74,-43.1,-13.2));
#15517=CARTESIAN_POINT('Origin',(84.24,-43.1,-13.2));
#15518=CARTESIAN_POINT('Origin',(84.24,-43.1,-13.2));
#15519=CARTESIAN_POINT('Origin',(91.7449999999998,-43.,-13.));
#15520=CARTESIAN_POINT('',(80.44,-43.1,-13.));
#15521=CARTESIAN_POINT('Origin',(84.24,-43.1,-13.));
#15522=CARTESIAN_POINT('Origin',(84.24,-43.1,-13.7499999999994));
#15523=CARTESIAN_POINT('',(81.74,-43.1,-13.7499999999994));
#15524=CARTESIAN_POINT('Origin',(84.24,-43.1,-13.1));
#15525=CARTESIAN_POINT('',(80.24,-43.1,-13.2));
#15526=CARTESIAN_POINT('Origin',(84.24,-43.1,-13.2));
#15527=CARTESIAN_POINT('',(80.34,-43.1,-13.1));
#15528=CARTESIAN_POINT('Origin',(84.24,-43.1,0.));
#15529=CARTESIAN_POINT('',(80.24,-43.1,0.));
#15530=CARTESIAN_POINT('Origin',(85.2756243339185,-51.9395408386972,0.));
#15531=CARTESIAN_POINT('',(85.2290794200346,-51.5422581043737,0.));
#15532=CARTESIAN_POINT('',(85.0380681840795,-52.2613592279692,0.));
#15533=CARTESIAN_POINT('Origin',(84.24,-43.1,0.));
#15534=CARTESIAN_POINT('',(80.0950561797749,-35.6791212968289,0.));
#15535=CARTESIAN_POINT('Origin',(79.8999999999997,-35.3299034755032,0.));
#15536=CARTESIAN_POINT('',(79.4999999999996,-35.3299034755032,0.));
#15537=CARTESIAN_POINT('Origin',(79.4999999999997,-21.,0.));
#15538=CARTESIAN_POINT('',(79.4999999999997,-21.4,0.));
#15539=CARTESIAN_POINT('Origin',(79.8999999999997,-21.4,0.));
#15540=CARTESIAN_POINT('',(79.8999999999997,-21.,0.));
#15541=CARTESIAN_POINT('Origin',(91.9,-21.,0.));
#15542=CARTESIAN_POINT('Origin',(93.1,-21.,0.));
#15543=CARTESIAN_POINT('',(93.5,-21.,0.));
#15544=CARTESIAN_POINT('Origin',(83.5355339059326,-17.5000000000001,-18.45));
#15545=CARTESIAN_POINT('',(85.6568542494922,-19.6213203435597,-17.5000000000001));
#15546=CARTESIAN_POINT('',(83.5355339059326,-20.5000000000001,-17.4999999999999));
#15547=CARTESIAN_POINT('Origin',(83.5355339059326,-17.5000000000001,-17.4999999999999));
#15548=CARTESIAN_POINT('',(86.3639610306788,-20.3284271247463,-18.5));
#15549=CARTESIAN_POINT('',(86.2932503525602,-20.2577164466276,-18.4));
#15550=CARTESIAN_POINT('',(83.5355339059326,-21.5000000000001,-18.5));
#15551=CARTESIAN_POINT('Origin',(83.5355339059326,-17.5000000000001,-18.5));
#15552=CARTESIAN_POINT('',(83.5355339059326,-21.4000000000001,-18.4));
#15553=CARTESIAN_POINT('Origin',(85.8098881554251,-21.4500000000001,-18.45));
#15554=CARTESIAN_POINT('',(79.8747763108502,-20.5,-17.5));
#15555=CARTESIAN_POINT('',(85.2940313742385,-20.5000000000001,-17.5));
#15556=CARTESIAN_POINT('',(79.8747763108502,-21.5,-18.5));
#15557=CARTESIAN_POINT('',(85.8098881554251,-21.5000000000001,-18.5));
#15558=CARTESIAN_POINT('',(79.8747763108502,-21.4,-18.4));
#15559=CARTESIAN_POINT('Origin',(79.8747763108502,-22.,-18.45));
#15560=CARTESIAN_POINT('',(78.8141161390704,-20.9393398282202,-17.5));
#15561=CARTESIAN_POINT('Origin',(79.8747763108502,-22.,-17.5));
#15562=CARTESIAN_POINT('',(79.5212229202569,-21.6464466094068,-18.5));
#15563=CARTESIAN_POINT('Origin',(79.8747763108502,-22.,-18.5));
#15564=CARTESIAN_POINT('',(79.4505122421383,-21.5757359312881,-18.4));
#15565=CARTESIAN_POINT('Origin',(74.0160353480599,-27.0809235034851,-18.45));
#15566=CARTESIAN_POINT('',(73.6893398282202,-26.0641161390704,-17.5));
#15567=CARTESIAN_POINT('',(76.2988699366116,-23.454586030679,-17.5));
#15568=CARTESIAN_POINT('',(74.3964466094067,-26.771222920257,-18.5));
#15569=CARTESIAN_POINT('',(74.0513906871192,-27.1162788425445,-18.5));
#15570=CARTESIAN_POINT('',(74.3257359312881,-26.7005122421383,-18.4));
#15571=CARTESIAN_POINT('Origin',(74.75,-27.1247763108502,-18.45));
#15572=CARTESIAN_POINT('',(73.25,-27.1247763108503,-17.5));
#15573=CARTESIAN_POINT('Origin',(74.75,-27.1247763108503,-17.5));
#15574=CARTESIAN_POINT('',(74.25,-27.1247763108503,-18.5));
#15575=CARTESIAN_POINT('Origin',(74.75,-27.1247763108502,-18.5));
#15576=CARTESIAN_POINT('',(74.15,-27.1247763108503,-18.4));
#15577=CARTESIAN_POINT('Origin',(74.2,-46.2098448916083,-18.45));
#15578=CARTESIAN_POINT('',(73.25,-46.9196897832166,-17.4999999999999));
#15579=CARTESIAN_POINT('',(73.25,-36.3566504294495,-17.4999999999999));
#15580=CARTESIAN_POINT('',(74.25,-46.9196897832166,-18.5));
#15581=CARTESIAN_POINT('',(74.25,-46.2098448916083,-18.5));
#15582=CARTESIAN_POINT('',(74.15,-46.9196897832166,-18.4));
#15583=CARTESIAN_POINT('Origin',(70.25,-46.9196897832166,-18.45));
#15584=CARTESIAN_POINT('',(72.3713203435596,-49.0410101267762,-17.5));
#15585=CARTESIAN_POINT('Origin',(70.25,-46.9196897832166,-17.5));
#15586=CARTESIAN_POINT('',(73.0784271247462,-49.7481169079628,-18.5));
#15587=CARTESIAN_POINT('Origin',(70.25,-46.9196897832166,-18.5));
#15588=CARTESIAN_POINT('',(73.0077164466275,-49.6774062298441,-18.4));
#15589=CARTESIAN_POINT('Origin',(77.8007539738211,-44.9550793807692,-18.45));
#15590=CARTESIAN_POINT('',(70.4293398282199,-50.982990642116,-17.5));
#15591=CARTESIAN_POINT('',(75.189501265847,-46.222829204489,-17.5));
#15592=CARTESIAN_POINT('',(71.1364466094064,-51.6900974233025,-18.5));
#15593=CARTESIAN_POINT('',(77.8361093128804,-44.9904347198286,-18.5));
#15594=CARTESIAN_POINT('',(71.0657359312878,-51.6193867451839,-18.4));
#15595=CARTESIAN_POINT('Origin',(71.4899999999998,-52.0436508138959,-18.45));
#15596=CARTESIAN_POINT('',(69.9899999999997,-52.0436508138958,-17.4999999999998));
#15597=CARTESIAN_POINT('Origin',(71.4899999999997,-52.0436508138958,-17.5));
#15598=CARTESIAN_POINT('',(70.9899999999997,-52.0436508138958,-18.5));
#15599=CARTESIAN_POINT('Origin',(71.4899999999998,-52.0436508138959,-18.5));
#15600=CARTESIAN_POINT('',(70.8899999999997,-52.0436508138958,-18.4));
#15601=CARTESIAN_POINT('Origin',(75.0867929431422,-68.4096392449921,-18.45));
#15602=CARTESIAN_POINT('',(69.9899999999997,-66.1208152801713,-16.4644660940672));
#15603=CARTESIAN_POINT('',(69.9899999999997,-66.156349186104,-16.4393398282201));
#15604=CARTESIAN_POINT('',(69.9899999999997,-61.0364868927062,-20.0596291746231));
#15605=CARTESIAN_POINT('',(71.4293398282199,-64.6814754519511,-18.5));
#15606=CARTESIAN_POINT('',(71.3586291501013,-64.7521861300697,-18.4));
#15607=CARTESIAN_POINT('',(77.8085245480486,-71.0606601717798,-18.5));
#15608=CARTESIAN_POINT('',(75.1221482822016,-68.3742839059328,-18.5));
#15609=CARTESIAN_POINT('',(76.3691847198284,-72.5,-16.4644660940673));
#15610=CARTESIAN_POINT('',(77.7378138699299,-71.1313708498985,-18.4));
#15611=CARTESIAN_POINT('',(76.3336508138957,-72.5,-16.4393398282201));
#15612=CARTESIAN_POINT('',(76.6705441502293,-72.5,-16.6775593908782));
#15613=CARTESIAN_POINT('',(75.2729906421159,-72.0606601717798,-15.9999999999999));
#15614=CARTESIAN_POINT('Origin',(76.3336508138957,-71.,-17.5));
#15615=CARTESIAN_POINT('',(70.4293398282199,-67.2170093578839,-15.9999999999999));
#15616=CARTESIAN_POINT('',(71.6721906646175,-68.4598601942814,-15.9999999999999));
#15617=CARTESIAN_POINT('Origin',(71.4899999999997,-66.156349186104,-17.5));
#15618=CARTESIAN_POINT('Origin',(72.4899999999997,-63.6208152801713,-18.45));
#15619=CARTESIAN_POINT('',(69.9899999999997,-63.6208152801713,-17.4999999999998));
#15620=CARTESIAN_POINT('Ctrl Pts',(69.9899999999997,-63.6208152801713,-17.5));
#15621=CARTESIAN_POINT('Ctrl Pts',(69.9899999999997,-64.6563491861057,-17.5000000000001));
#15622=CARTESIAN_POINT('Ctrl Pts',(69.9899999999997,-66.1208152801771,-16.4644660940632));
#15623=CARTESIAN_POINT('',(70.9899999999997,-63.6208152801713,-18.5));
#15624=CARTESIAN_POINT('',(70.9899999999997,-63.6208152801713,-18.5));
#15625=CARTESIAN_POINT('Origin',(72.4899999999997,-63.6208152801713,-18.5));
#15626=CARTESIAN_POINT('Origin',(70.9399999999997,-54.8710678118655,-18.45));
#15627=CARTESIAN_POINT('',(69.9899999999997,-53.1466991411008,-17.4999999999998));
#15628=CARTESIAN_POINT('',(70.9899999999997,-54.8710678118655,-18.5));
#15629=CARTESIAN_POINT('Origin',(90.2438203435585,-72.35,-18.45));
#15630=CARTESIAN_POINT('',(86.257359312883,-72.5,-18.3));
#15631=CARTESIAN_POINT('',(88.7426406871172,-72.5,-18.3));
#15632=CARTESIAN_POINT('',(82.9780754069473,-72.5,-18.3));
#15633=CARTESIAN_POINT('',(86.257359312883,-72.3,-18.5));
#15634=CARTESIAN_POINT('',(86.257359312883,-72.4,-18.4));
#15635=CARTESIAN_POINT('',(88.7426406871172,-72.3,-18.5));
#15636=CARTESIAN_POINT('',(90.2438203435585,-72.3,-18.5));
#15637=CARTESIAN_POINT('',(88.7426406871172,-72.4,-18.4));
#15638=CARTESIAN_POINT('Origin',(86.257359312883,-71.,-18.45));
#15639=CARTESIAN_POINT('',(85.3240259795497,-72.5,-18.0333333333333));
#15640=CARTESIAN_POINT('Ctrl Pts',(85.3240259795468,-72.5,-18.0333333333318));
#15641=CARTESIAN_POINT('Ctrl Pts',(85.8287878843105,-72.5,-18.3));
#15642=CARTESIAN_POINT('Ctrl Pts',(86.257359312883,-72.5,-18.3));
#15643=CARTESIAN_POINT('',(85.5705668600528,-72.1037735849057,-18.5));
#15644=CARTESIAN_POINT('',(85.5177366713736,-72.188679245283,-18.4));
#15645=CARTESIAN_POINT('Origin',(86.257359312883,-71.,-18.5));
#15646=CARTESIAN_POINT('Origin',(83.457359312883,-75.5,-18.45));
#15647=CARTESIAN_POINT('',(83.457359312883,-72.5,-17.5));
#15648=CARTESIAN_POINT('Ctrl Pts',(83.457359312883,-72.5,-17.5));
#15649=CARTESIAN_POINT('Ctrl Pts',(84.3145021700258,-72.5,-17.5));
#15650=CARTESIAN_POINT('Ctrl Pts',(85.3240259795497,-72.5,-18.0333333333334));
#15651=CARTESIAN_POINT('',(83.457359312883,-71.5,-18.5));
#15652=CARTESIAN_POINT('',(83.457359312883,-71.6,-18.4));
#15653=CARTESIAN_POINT('Origin',(83.457359312883,-75.5,-18.5));
#15654=CARTESIAN_POINT('Origin',(88.3319408408989,-71.55,-18.45));
#15655=CARTESIAN_POINT('',(78.8691847198284,-72.5,-17.5000000000001));
#15656=CARTESIAN_POINT('',(82.0221356556175,-72.5,-17.5000000000001));
#15657=CARTESIAN_POINT('',(78.8691847198284,-71.5,-18.5));
#15658=CARTESIAN_POINT('',(78.8691847198284,-71.6,-18.4));
#15659=CARTESIAN_POINT('',(88.3319408408989,-71.5,-18.5));
#15660=CARTESIAN_POINT('Origin',(78.8691847198284,-70.,-18.45));
#15661=CARTESIAN_POINT('Ctrl Pts',(76.3691847198285,-72.5,-16.4644660940674));
#15662=CARTESIAN_POINT('Ctrl Pts',(77.8336508138957,-72.5,-17.5000000000001));
#15663=CARTESIAN_POINT('Ctrl Pts',(78.8691847198285,-72.5,-17.5000000000001));
#15664=CARTESIAN_POINT('Origin',(78.8691847198284,-70.,-18.5));
#15665=CARTESIAN_POINT('Origin',(88.7426406871172,-71.,-18.45));
#15666=CARTESIAN_POINT('',(89.8033008588971,-72.0606601717798,-18.3));
#15667=CARTESIAN_POINT('Origin',(88.7426406871172,-71.,-18.3));
#15668=CARTESIAN_POINT('',(89.6618795026597,-71.9192388155425,-18.5));
#15669=CARTESIAN_POINT('Origin',(88.7426406871172,-71.,-18.5));
#15670=CARTESIAN_POINT('',(89.7325901807784,-71.9899494936611,-18.4));
#15671=CARTESIAN_POINT('Origin',(98.4515043263811,-63.2003246699387,-18.45));
#15672=CARTESIAN_POINT('',(93.0606601717799,-68.8033008588965,-18.3));
#15673=CARTESIAN_POINT('',(93.960765687118,-67.9031953435584,-18.3));
#15674=CARTESIAN_POINT('',(92.9192388155426,-68.6618795026592,-18.5));
#15675=CARTESIAN_POINT('',(98.4161489873217,-63.1649693308794,-18.5));
#15676=CARTESIAN_POINT('',(92.9899494936612,-68.7325901807779,-18.4));
#15677=CARTESIAN_POINT('Origin',(92.,-67.7426406871168,-18.45));
#15678=CARTESIAN_POINT('',(93.5,-67.7426406871168,-18.3));
#15679=CARTESIAN_POINT('Origin',(92.,-67.7426406871168,-18.3));
#15680=CARTESIAN_POINT('',(93.3,-67.7426406871168,-18.5));
#15681=CARTESIAN_POINT('Origin',(92.,-67.7426406871168,-18.5));
#15682=CARTESIAN_POINT('',(93.4,-67.7426406871168,-18.4));
#15683=CARTESIAN_POINT('Origin',(93.35,-49.5,-18.45));
#15684=CARTESIAN_POINT('',(93.5,-58.9319805153382,-18.3));
#15685=CARTESIAN_POINT('',(93.3,-53.5,-18.5));
#15686=CARTESIAN_POINT('',(93.3,-49.5,-18.5));
#15687=CARTESIAN_POINT('',(93.4,-53.5,-18.4));
#15688=CARTESIAN_POINT('Origin',(95.1,-53.5,-18.45));
#15689=CARTESIAN_POINT('',(96.8636326148039,-53.14,-18.5));
#15690=CARTESIAN_POINT('Origin',(95.1,-53.5,-18.5));
#15691=CARTESIAN_POINT('',(96.7656530250925,-53.16,-18.4));
#15692=CARTESIAN_POINT('Origin',(97.0595917942265,-53.1,-18.45));
#15693=CARTESIAN_POINT('',(97.0595917942265,-53.3,-18.5));
#15694=CARTESIAN_POINT('Origin',(97.0595917942265,-53.1,-18.5));
#15695=CARTESIAN_POINT('',(97.0595917942265,-53.4,-18.4));
#15696=CARTESIAN_POINT('Origin',(111.2,-52.,-18.45));
#15697=CARTESIAN_POINT('',(111.2,-53.3,-18.5));
#15698=CARTESIAN_POINT('',(111.2,-53.4,-18.4));
#15699=CARTESIAN_POINT('',(112.5,-52.,-18.5));
#15700=CARTESIAN_POINT('Origin',(111.2,-52.,-18.5));
#15701=CARTESIAN_POINT('',(112.6,-52.,-18.4));
#15702=CARTESIAN_POINT('Origin',(101.8725,-53.35,-18.45));
#15703=CARTESIAN_POINT('',(101.8725,-53.3,-18.5));
#15704=CARTESIAN_POINT('Origin',(110.44495490961,-21.9097781374238,-18.45));
#15705=CARTESIAN_POINT('',(112.06066017178,-23.5961940777125,-18.5));
#15706=CARTESIAN_POINT('',(112.131370849898,-23.5254833995939,-18.4));
#15707=CARTESIAN_POINT('',(108.403805922287,-19.9393398282202,-18.5));
#15708=CARTESIAN_POINT('',(110.40959957055,-21.9451334764831,-18.5));
#15709=CARTESIAN_POINT('',(108.474516600406,-19.8686291501015,-18.4));
#15710=CARTESIAN_POINT('Origin',(111.,-24.6568542494924,-18.45));
#15711=CARTESIAN_POINT('',(112.5,-24.6568542494924,-18.5));
#15712=CARTESIAN_POINT('',(112.6,-24.6568542494924,-18.4));
#15713=CARTESIAN_POINT('Origin',(111.,-24.6568542494924,-18.5));
#15714=CARTESIAN_POINT('Origin',(112.55,-34.7677669529664,-18.45));
#15715=CARTESIAN_POINT('',(112.5,-34.7677669529664,-18.5));
#15716=CARTESIAN_POINT('Origin',(89.5722474683057,-19.45,-18.45));
#15717=CARTESIAN_POINT('',(107.343145750508,-19.5,-18.5));
#15718=CARTESIAN_POINT('',(107.343145750508,-19.4,-18.4));
#15719=CARTESIAN_POINT('',(87.3994949366116,-19.5,-18.5));
#15720=CARTESIAN_POINT('',(89.5722474683057,-19.5,-18.5));
#15721=CARTESIAN_POINT('',(87.3994949366116,-19.4,-18.4));
#15722=CARTESIAN_POINT('Origin',(107.343145750508,-21.,-18.45));
#15723=CARTESIAN_POINT('Origin',(107.343145750508,-21.,-18.5));
#15724=CARTESIAN_POINT('Origin',(87.3994949366116,-20.,-18.45));
#15725=CARTESIAN_POINT('',(86.3388347648318,-18.9393398282202,-17.4999999999999));
#15726=CARTESIAN_POINT('Origin',(87.3994949366116,-20.,-17.4999999999999));
#15727=CARTESIAN_POINT('',(87.0459415460183,-19.6464466094067,-18.5));
#15728=CARTESIAN_POINT('Origin',(87.3994949366116,-20.,-18.5));
#15729=CARTESIAN_POINT('',(86.9752308678997,-19.5757359312881,-18.4));
#15730=CARTESIAN_POINT('Origin',(81.3809722151363,-25.2407052621702,-18.45));
#15731=CARTESIAN_POINT('',(83.7436976830305,-21.5344769100215,-17.5000000000001));
#15732=CARTESIAN_POINT('',(81.4163275541956,-25.2760606012295,-18.5));
#15733=CARTESIAN_POINT('Origin',(79.9899999999997,-59.1,-18.25));
#15734=CARTESIAN_POINT('',(72.9899999999997,-59.1,-18.5));
#15735=CARTESIAN_POINT('Origin',(79.9899999999997,-59.1,-18.5));
#15736=CARTESIAN_POINT('',(73.2399999999997,-59.1,-18.25));
#15737=CARTESIAN_POINT('Origin',(91.7449999999998,-45.5,-18.5));
#15738=CARTESIAN_POINT('',(98.8,-26.5,-18.5));
#15739=CARTESIAN_POINT('Origin',(103.5,-26.5,-18.5));
#15740=CARTESIAN_POINT('',(87.64,-43.1,-18.5));
#15741=CARTESIAN_POINT('Origin',(84.24,-43.1,-18.5));
#15742=CARTESIAN_POINT('',(90.9,-68.,-18.5));
#15743=CARTESIAN_POINT('Origin',(87.5,-68.,-18.5));
#15744=CARTESIAN_POINT('',(98.8,-45.,-18.5));
#15745=CARTESIAN_POINT('Origin',(103.5,-45.,-18.5));
#15746=CARTESIAN_POINT('Origin',(103.5,-26.5,-14.9));
#15747=CARTESIAN_POINT('',(100.75,-26.5,-15.));
#15748=CARTESIAN_POINT('',(100.85,-26.5,-14.9));
#15749=CARTESIAN_POINT('Origin',(103.5,-26.5,-15.));
#15750=CARTESIAN_POINT('Origin',(103.5,-26.5,-15.));
#15751=CARTESIAN_POINT('',(108.,-26.5,-15.));
#15752=CARTESIAN_POINT('Origin',(103.5,-26.5,-15.));
#15753=CARTESIAN_POINT('Origin',(103.5,-26.5,-18.4));
#15754=CARTESIAN_POINT('',(99.,-26.5,-18.3));
#15755=CARTESIAN_POINT('',(98.9,-26.5,-18.4));
#15756=CARTESIAN_POINT('',(108.,-26.5,-18.3));
#15757=CARTESIAN_POINT('Origin',(103.5,-26.5,-18.3));
#15758=CARTESIAN_POINT('Origin',(103.5,-26.5,-18.3));
#15759=CARTESIAN_POINT('Origin',(103.5,-26.5,-16.75));
#15760=CARTESIAN_POINT('',(108.,-26.5,-16.75));
#15761=CARTESIAN_POINT('Origin',(103.5,-45.,-18.4));
#15762=CARTESIAN_POINT('',(99.,-45.,-18.3));
#15763=CARTESIAN_POINT('',(98.9,-45.,-18.4));
#15764=CARTESIAN_POINT('',(108.,-45.,-18.3));
#15765=CARTESIAN_POINT('Origin',(103.5,-45.,-18.3));
#15766=CARTESIAN_POINT('Origin',(103.5,-45.,-18.3));
#15767=CARTESIAN_POINT('Origin',(103.5,-45.,-16.75));
#15768=CARTESIAN_POINT('',(108.,-45.,-15.));
#15769=CARTESIAN_POINT('',(108.,-45.,-16.75));
#15770=CARTESIAN_POINT('Origin',(103.5,-45.,-15.));
#15771=CARTESIAN_POINT('Origin',(103.5,-45.,-14.9));
#15772=CARTESIAN_POINT('',(100.75,-45.,-15.));
#15773=CARTESIAN_POINT('',(100.85,-45.,-14.9));
#15774=CARTESIAN_POINT('Origin',(103.5,-45.,-15.));
#15775=CARTESIAN_POINT('Origin',(103.5,-45.,-15.));
#15776=CARTESIAN_POINT('Origin',(89.3639610306769,-72.5,-18.5));
#15777=CARTESIAN_POINT('',(89.8033008588971,-72.0606601717798,-18.5));
#15778=CARTESIAN_POINT('',(93.0606601717799,-68.8033008588965,-18.5));
#15779=CARTESIAN_POINT('Origin',(92.,-67.7426406871168,-18.5));
#15780=CARTESIAN_POINT('',(93.5,-67.7426406871168,-18.5));
#15781=CARTESIAN_POINT('Origin',(93.5,-68.3639610306764,-18.5));
#15782=CARTESIAN_POINT('Origin',(87.3994949366116,-20.,-18.5));
#15783=CARTESIAN_POINT('',(86.3388347648318,-18.9393398282202,-18.5));
#15784=CARTESIAN_POINT('Origin',(86.7781745930519,-18.5,-18.5));
#15785=CARTESIAN_POINT('',(85.6568542494922,-19.6213203435597,-18.5));
#15786=CARTESIAN_POINT('Origin',(83.4610254550533,-67.2952414418594,0.));
#15787=CARTESIAN_POINT('',(83.305024311006,-66.9269159837983,0.));
#15788=CARTESIAN_POINT('',(83.0669791579853,-67.2264845093579,0.));
#15789=CARTESIAN_POINT('Origin',(79.9899999999997,-59.1,0.));
#15790=CARTESIAN_POINT('Origin',(87.5,-68.,0.));
#15791=CARTESIAN_POINT('',(87.5,-72.5,0.));
#15792=CARTESIAN_POINT('Origin',(75.7123304703361,-72.5,-18.5));
#15793=CARTESIAN_POINT('',(76.3336508138957,-72.5,-18.5));
#15794=CARTESIAN_POINT('',(88.7426406871172,-72.5,-18.5));
#15795=CARTESIAN_POINT('Origin',(83.5355339059326,-17.5000000000001,-18.5));
#15796=CARTESIAN_POINT('',(83.5355339059326,-20.5000000000001,-18.5));
#15797=CARTESIAN_POINT('Origin',(84.7781745930519,-20.5000000000001,-18.5));
#15798=CARTESIAN_POINT('',(79.8747763108502,-20.5,-18.5));
#15799=CARTESIAN_POINT('Origin',(70.25,-46.9196897832166,-18.5));
#15800=CARTESIAN_POINT('',(73.25,-46.9196897832166,-18.5));
#15801=CARTESIAN_POINT('',(72.3713203435596,-49.0410101267762,-18.5));
#15802=CARTESIAN_POINT('Origin',(73.25,-48.1623304703359,-18.5));
#15803=CARTESIAN_POINT('',(70.4293398282199,-50.982990642116,-18.5));
#15804=CARTESIAN_POINT('Origin',(71.4899999999997,-66.156349186104,-18.5));
#15805=CARTESIAN_POINT('',(69.9899999999997,-66.156349186104,-18.5));
#15806=CARTESIAN_POINT('',(70.4293398282199,-67.2170093578839,-18.5));
#15807=CARTESIAN_POINT('Origin',(69.9899999999997,-66.7776695296637,-18.5));
#15808=CARTESIAN_POINT('',(75.2729906421159,-72.0606601717798,-18.5));
#15809=CARTESIAN_POINT('Origin',(79.8747763108502,-22.,-18.5));
#15810=CARTESIAN_POINT('',(78.8141161390704,-20.9393398282202,-18.5));
#15811=CARTESIAN_POINT('Origin',(79.2534559672906,-20.5,-18.5));
#15812=CARTESIAN_POINT('',(73.6893398282202,-26.0641161390704,-18.5));
#15813=CARTESIAN_POINT('Origin',(74.75,-27.1247763108503,-18.5));
#15814=CARTESIAN_POINT('',(73.25,-27.1247763108503,-18.5));
#15815=CARTESIAN_POINT('Origin',(73.25,-26.5034559672906,-18.5));
#15816=CARTESIAN_POINT('Origin',(71.4899999999997,-52.0436508138958,-18.5));
#15817=CARTESIAN_POINT('',(69.9899999999997,-52.0436508138958,-18.5));
#15818=CARTESIAN_POINT('Origin',(69.9899999999997,-51.4223304703362,-18.5));
#15819=CARTESIAN_POINT('Origin',(76.3336508138957,-71.,-18.5));
#15820=CARTESIAN_POINT('Origin',(88.7426406871172,-71.,-18.5));
#15821=CARTESIAN_POINT('Origin',(87.5,-68.,-17.575));
#15822=CARTESIAN_POINT('',(89.975,-68.,-17.575));
#15823=CARTESIAN_POINT('Origin',(84.24,-43.1,-17.575));
#15824=CARTESIAN_POINT('',(86.715,-43.1,-17.575));
#15825=CARTESIAN_POINT('',(0.,0.,0.));
#15826=CARTESIAN_POINT('Origin',(80.8999999999996,-50.0456143223297,8.55));
#15827=CARTESIAN_POINT('',(79.4999999999996,-50.2004550678139,9.50853670753103));
#15828=CARTESIAN_POINT('',(79.9040449438199,-50.6004346153278,9.24006667851171));
#15829=CARTESIAN_POINT('Ctrl Pts',(79.4999999999996,-50.2004550678139,9.50853670753107));
#15830=CARTESIAN_POINT('Ctrl Pts',(79.4999999999996,-50.2214251757437,9.51084195603996));
#15831=CARTESIAN_POINT('Ctrl Pts',(79.5016930033026,-50.2421736247842,9.51191682289718));
#15832=CARTESIAN_POINT('Ctrl Pts',(79.5093993502041,-50.2919431274911,9.51191682289718));
#15833=CARTESIAN_POINT('Ctrl Pts',(79.5182012492856,-50.3240995069026,9.5092205813255));
#15834=CARTESIAN_POINT('Ctrl Pts',(79.5432597944175,-50.3843171106143,9.49800517478822));
#15835=CARTESIAN_POINT('Ctrl Pts',(79.5595127534651,-50.4123800828058,9.48948715711937));
#15836=CARTESIAN_POINT('Ctrl Pts',(79.596903472803,-50.463745257817,9.46815164470612));
#15837=CARTESIAN_POINT('Ctrl Pts',(79.6220852652556,-50.4902468669874,9.4527337482763));
#15838=CARTESIAN_POINT('Ctrl Pts',(79.6767247330302,-50.5342085631626,9.41688466297758));
#15839=CARTESIAN_POINT('Ctrl Pts',(79.7061786710319,-50.551671861836,9.39645171651983));
#15840=CARTESIAN_POINT('Ctrl Pts',(79.7881493432479,-50.5891251345015,9.33677343948267));
#15841=CARTESIAN_POINT('Ctrl Pts',(79.8470250107922,-50.6010112508762,9.29015955534271));
#15842=CARTESIAN_POINT('Ctrl Pts',(79.9040449438198,-50.6004346153278,9.24006667851171));
#15843=CARTESIAN_POINT('',(79.4999999999996,-50.0456143223297,9.5000000000001));
#15844=CARTESIAN_POINT('Ctrl Pts',(79.4999999999996,-50.0456143223297,9.5000000000001));
#15845=CARTESIAN_POINT('Ctrl Pts',(79.4999999999996,-50.1227993714325,9.5000000000001));
#15846=CARTESIAN_POINT('Ctrl Pts',(79.4999999999996,-50.2004550678139,9.50853670753104));
#15847=CARTESIAN_POINT('',(80.4999999999996,-50.0456143223297,8.5));
#15848=CARTESIAN_POINT('',(80.3999999999996,-50.0456143223297,8.6));
#15849=CARTESIAN_POINT('',(80.8599999999996,-50.4436092971724,8.5));
#15850=CARTESIAN_POINT('Origin',(80.8999999999996,-50.0456143223297,8.5));
#15851=CARTESIAN_POINT('',(80.8399999999996,-50.6426067845937,8.70000000000002));
#15852=CARTESIAN_POINT('',(80.8499999999996,-50.543108040883,8.6));
#15853=CARTESIAN_POINT('Ctrl Pts',(79.9040449438198,-50.6004346153278,9.2400666785117));
#15854=CARTESIAN_POINT('Ctrl Pts',(79.948411303373,-50.599985943807,9.20109015808229));
#15855=CARTESIAN_POINT('Ctrl Pts',(79.9926722549145,-50.5998865394855,9.16296382339754));
#15856=CARTESIAN_POINT('Ctrl Pts',(80.1580549447101,-50.6007946285389,9.02429239523014));
#15857=CARTESIAN_POINT('Ctrl Pts',(80.2765857227571,-50.603888143889,8.93096722019365));
#15858=CARTESIAN_POINT('Ctrl Pts',(80.4664161165771,-50.6131251946839,8.81246637781899));
#15859=CARTESIAN_POINT('Ctrl Pts',(80.5313107814366,-50.6169565561491,8.77683282563054));
#15860=CARTESIAN_POINT('Ctrl Pts',(80.672976772667,-50.627185459518,8.72088923985301));
#15861=CARTESIAN_POINT('Ctrl Pts',(80.7495236953453,-50.6335135738375,8.70000000000004));
#15862=CARTESIAN_POINT('Ctrl Pts',(80.8399999999996,-50.6426067845937,8.70000000000004));
#15863=CARTESIAN_POINT('Origin',(87.5,-68.,8.55));
#15864=CARTESIAN_POINT('',(83.8231290483581,-66.6866410023561,8.90439391605412));
#15865=CARTESIAN_POINT('',(83.305024311006,-66.9269159837983,9.33004969221816));
#15866=CARTESIAN_POINT('Ctrl Pts',(83.8231290483583,-66.686641002356,8.90439391605393));
#15867=CARTESIAN_POINT('Ctrl Pts',(83.6515498411918,-66.7733309146479,9.03681386074668));
#15868=CARTESIAN_POINT('Ctrl Pts',(83.4793012741556,-66.8531024446105,9.17950188311231));
#15869=CARTESIAN_POINT('Ctrl Pts',(83.305024311006,-66.9269159837983,9.33004969221815));
#15870=CARTESIAN_POINT('',(84.2039574880414,-66.822670921381,8.5));
#15871=CARTESIAN_POINT('',(84.1097848448426,-66.7890329477062,8.6));
#15872=CARTESIAN_POINT('',(89.9748723792627,-70.4748750890424,8.5));
#15873=CARTESIAN_POINT('Origin',(87.5,-68.,8.5));
#15874=CARTESIAN_POINT('',(90.6819791604486,-71.1819818702281,9.50000000000973));
#15875=CARTESIAN_POINT('',(90.0455830573806,-70.5455857671602,8.6));
#15876=CARTESIAN_POINT('',(89.8033008588971,-72.0606601717798,9.66842113323915));
#15877=CARTESIAN_POINT('Ctrl Pts',(89.8033008588971,-72.0606601717797,9.66842113323916));
#15878=CARTESIAN_POINT('Ctrl Pts',(90.2507105374742,-71.6132504932025,9.50000025969727));
#15879=CARTESIAN_POINT('Ctrl Pts',(90.6819791604486,-71.1819818702281,9.49999999999882));
#15880=CARTESIAN_POINT('',(88.7426406871172,-72.5,9.66842113323967));
#15881=CARTESIAN_POINT('Ctrl Pts',(88.7426406871172,-72.5,9.66842113323967));
#15882=CARTESIAN_POINT('Ctrl Pts',(88.8120909904888,-72.5,9.68690742019604));
#15883=CARTESIAN_POINT('Ctrl Pts',(88.8840223807354,-72.4950766143528,9.70278016352048));
#15884=CARTESIAN_POINT('Ctrl Pts',(89.0813847822641,-72.466756763712,9.73677522690689));
#15885=CARTESIAN_POINT('Ctrl Pts',(89.2063680979223,-72.4315061176389,9.74717660087633));
#15886=CARTESIAN_POINT('Ctrl Pts',(89.4269635734057,-72.3401324798957,9.74717660087634));
#15887=CARTESIAN_POINT('Ctrl Pts',(89.5402660943223,-72.2766819007383,9.73677522690689));
#15888=CARTESIAN_POINT('Ctrl Pts',(89.6998475452255,-72.1571507666961,9.70278016352038));
#15889=CARTESIAN_POINT('Ctrl Pts',(89.7541920784271,-72.1097689522498,9.68690742019575));
#15890=CARTESIAN_POINT('Ctrl Pts',(89.8033008588971,-72.0606601717798,9.66842113323916));
#15891=CARTESIAN_POINT('',(87.5,-72.5,9.49999999999998));
#15892=CARTESIAN_POINT('Ctrl Pts',(87.5,-72.5,9.49999999999998));
#15893=CARTESIAN_POINT('Ctrl Pts',(88.1099068760873,-72.5,9.49999999999998));
#15894=CARTESIAN_POINT('Ctrl Pts',(88.7426406871172,-72.5,9.66842113323967));
#15895=CARTESIAN_POINT('',(83.0669791579853,-67.2264845093579,9.49999999999997));
#15896=CARTESIAN_POINT('Origin',(87.5,-68.,9.49999999999996));
#15897=CARTESIAN_POINT('Ctrl Pts',(83.305024311006,-66.9269159837983,9.33004969221815));
#15898=CARTESIAN_POINT('Ctrl Pts',(83.2850987569315,-66.9353552843228,9.34726222826946));
#15899=CARTESIAN_POINT('Ctrl Pts',(83.265730025543,-66.9454746924708,9.36357861169548));
#15900=CARTESIAN_POINT('Ctrl Pts',(83.2066207397708,-66.9828460311037,9.4120865497852));
#15901=CARTESIAN_POINT('Ctrl Pts',(83.165390977911,-67.0199032958838,9.44372564577435));
#15902=CARTESIAN_POINT('Ctrl Pts',(83.1167590670006,-67.0896122416084,9.47670918269244));
#15903=CARTESIAN_POINT('Ctrl Pts',(83.1026614942601,-67.1151545325041,9.48538892854858));
#15904=CARTESIAN_POINT('Ctrl Pts',(83.0802875080445,-67.1691774542273,9.49703307326643));
#15905=CARTESIAN_POINT('Ctrl Pts',(83.0720092911115,-67.1976567932277,9.49999999999996));
#15906=CARTESIAN_POINT('Ctrl Pts',(83.0669791579853,-67.2264845093579,9.49999999999996));
#15907=CARTESIAN_POINT('Origin',(84.5806480608367,-66.9572228160803,8.55));
#15908=CARTESIAN_POINT('',(84.2779679689134,-66.4391641688662,8.70000000000001));
#15909=CARTESIAN_POINT('Ctrl Pts',(84.2779679689134,-66.4391641688662,8.70000000000001));
#15910=CARTESIAN_POINT('Ctrl Pts',(84.1994543611931,-66.4850363999926,8.7));
#15911=CARTESIAN_POINT('Ctrl Pts',(84.1324610591144,-66.5226046562595,8.72088923985299));
#15912=CARTESIAN_POINT('Ctrl Pts',(84.0078598725692,-66.5907840361845,8.77683282563049));
#15913=CARTESIAN_POINT('Ctrl Pts',(83.9504272406675,-66.6212387509386,8.81246637781894));
#15914=CARTESIAN_POINT('Ctrl Pts',(83.8702123919008,-66.6627162455431,8.86877163215105));
#15915=CARTESIAN_POINT('Ctrl Pts',(83.8465824668136,-66.6747912285844,8.88629323575593));
#15916=CARTESIAN_POINT('Ctrl Pts',(83.8231290483581,-66.6866410023561,8.90439391605407));
#15917=CARTESIAN_POINT('',(84.3788613328878,-66.6118503846043,8.5));
#15918=CARTESIAN_POINT('',(84.3284146509006,-66.5255072767353,8.6));
#15919=CARTESIAN_POINT('Origin',(84.5806480608367,-66.9572228160803,8.5));
#15920=CARTESIAN_POINT('Origin',(79.9899999999997,-59.1,8.55));
#15921=CARTESIAN_POINT('Origin',(79.9899999999997,-59.1,8.70000000000002));
#15922=CARTESIAN_POINT('Origin',(79.9899999999997,-59.1,8.5));
#15923=CARTESIAN_POINT('Origin',(96.7852922061353,-63.7351659402863,8.55));
#15924=CARTESIAN_POINT('',(93.0606601717799,-68.8033008588965,9.49999999999997));
#15925=CARTESIAN_POINT('',(93.4105023394697,-68.4534586912067,9.49999999999997));
#15926=CARTESIAN_POINT('',(92.9192388155426,-67.5305086527607,8.5));
#15927=CARTESIAN_POINT('',(98.3236868670758,-62.1260606012269,8.5));
#15928=CARTESIAN_POINT('',(93.4629033471956,-68.0741731844137,9.26885775404496));
#15929=CARTESIAN_POINT('',(92.9899494936612,-67.6012193308793,8.6));
#15930=CARTESIAN_POINT('Origin',(92.,-67.7426406871168,8.00000000000002));
#15931=CARTESIAN_POINT('Origin',(92.,-66.6112698372182,8.55));
#15932=CARTESIAN_POINT('',(93.5,-67.7426406871168,9.07882942280568));
#15933=CARTESIAN_POINT('Ctrl Pts',(93.4629033471956,-68.0741731844137,9.26885775404496));
#15934=CARTESIAN_POINT('Ctrl Pts',(93.4870157377082,-67.9677760828403,9.21067367686594));
#15935=CARTESIAN_POINT('Ctrl Pts',(93.5,-67.8550054002214,9.14649185102865));
#15936=CARTESIAN_POINT('Ctrl Pts',(93.5,-67.7426406871169,9.07882942280577));
#15937=CARTESIAN_POINT('',(93.3,-66.6112698372182,8.5));
#15938=CARTESIAN_POINT('Origin',(92.,-66.6112698372182,8.5));
#15939=CARTESIAN_POINT('',(93.5,-66.6112698372182,8.70000000000004));
#15940=CARTESIAN_POINT('',(93.4,-66.6112698372182,8.6));
#15941=CARTESIAN_POINT('Ctrl Pts',(93.4999999999999,-67.7426406871129,9.07882942280334));
#15942=CARTESIAN_POINT('Ctrl Pts',(93.5,-67.1135314380522,8.69999999999999));
#15943=CARTESIAN_POINT('Ctrl Pts',(93.5,-66.6112698372182,8.69999999999998));
#15944=CARTESIAN_POINT('Origin',(93.35,-33.775,8.55));
#15945=CARTESIAN_POINT('',(93.5,-21.,8.70000000000001));
#15946=CARTESIAN_POINT('',(93.5,-51.0694805153382,8.70000000000004));
#15947=CARTESIAN_POINT('',(93.3,-21.,8.5));
#15948=CARTESIAN_POINT('',(93.3,-33.25,8.5));
#15949=CARTESIAN_POINT('',(93.4,-21.,8.6));
#15950=CARTESIAN_POINT('Origin',(93.1,-21.,8.55));
#15951=CARTESIAN_POINT('',(92.86,-20.68,8.7));
#15952=CARTESIAN_POINT('Origin',(93.1,-21.,8.69999999999999));
#15953=CARTESIAN_POINT('',(92.98,-20.84,8.5));
#15954=CARTESIAN_POINT('Origin',(93.1,-21.,8.5));
#15955=CARTESIAN_POINT('',(92.92,-20.76,8.6));
#15956=CARTESIAN_POINT('Origin',(91.9,-19.4,8.55));
#15957=CARTESIAN_POINT('',(91.9,-21.,8.70000000000001));
#15958=CARTESIAN_POINT('Origin',(91.9,-19.4,8.69999999999999));
#15959=CARTESIAN_POINT('',(91.9,-21.2,8.5));
#15960=CARTESIAN_POINT('Origin',(91.9,-19.4,8.5));
#15961=CARTESIAN_POINT('',(91.9,-21.1,8.6));
#15962=CARTESIAN_POINT('Origin',(80.8999999999996,-21.6,8.55));
#15963=CARTESIAN_POINT('',(80.8999999999996,-21.,8.70000000000001));
#15964=CARTESIAN_POINT('',(79.8999999999997,-21.,9.26619037896903));
#15965=CARTESIAN_POINT('Ctrl Pts',(80.8999999999996,-21.,8.7));
#15966=CARTESIAN_POINT('Ctrl Pts',(80.5602857726182,-21.,8.70000000000002));
#15967=CARTESIAN_POINT('Ctrl Pts',(79.8999999999997,-21.,9.26619037896901));
#15968=CARTESIAN_POINT('',(80.8999999999996,-21.2,8.5));
#15969=CARTESIAN_POINT('',(80.8999999999996,-21.2,8.5));
#15970=CARTESIAN_POINT('',(80.4999999999997,-21.6,8.5));
#15971=CARTESIAN_POINT('Origin',(80.8999999999996,-21.6,8.5));
#15972=CARTESIAN_POINT('',(79.4999999999997,-21.6,9.50000000000001));
#15973=CARTESIAN_POINT('',(80.3999999999997,-21.6,8.6));
#15974=CARTESIAN_POINT('',(79.4999999999997,-21.4,9.51421356237306));
#15975=CARTESIAN_POINT('Ctrl Pts',(79.4999999999997,-21.4000000000001,9.514213562373));
#15976=CARTESIAN_POINT('Ctrl Pts',(79.4999999999997,-21.5005050633884,9.49999999999991));
#15977=CARTESIAN_POINT('Ctrl Pts',(79.4999999999997,-21.6,9.49999999999991));
#15978=CARTESIAN_POINT('Ctrl Pts',(79.8999999999994,-21.,9.26619037896923));
#15979=CARTESIAN_POINT('Ctrl Pts',(79.8495669807636,-21.,9.30943633618625));
#15980=CARTESIAN_POINT('Ctrl Pts',(79.7978702120969,-21.0097088796999,9.3496344162192));
#15981=CARTESIAN_POINT('Ctrl Pts',(79.7211836757177,-21.0409156348702,9.40448025786109));
#15982=CARTESIAN_POINT('Ctrl Pts',(79.6910679995654,-21.0570908815961,9.42488819466421));
#15983=CARTESIAN_POINT('Ctrl Pts',(79.6347001905525,-21.0986232018158,9.46069459759189));
#15984=CARTESIAN_POINT('Ctrl Pts',(79.6084516924583,-21.1239837016713,9.47609481122662));
#15985=CARTESIAN_POINT('Ctrl Pts',(79.5689573188241,-21.1736120868757,9.49740309883628));
#15986=CARTESIAN_POINT('Ctrl Pts',(79.5515402871383,-21.2008996107525,9.50591012012771));
#15987=CARTESIAN_POINT('Ctrl Pts',(79.5239430986658,-21.2598722917921,9.5171110980893));
#15988=CARTESIAN_POINT('Ctrl Pts',(79.5137665661657,-21.2915593637327,9.51980390271851));
#15989=CARTESIAN_POINT('Ctrl Pts',(79.5028263012995,-21.3462606880638,9.51980390271851));
#15990=CARTESIAN_POINT('Ctrl Pts',(79.4999999999997,-21.3731236700517,9.51801444940504));
#15991=CARTESIAN_POINT('Ctrl Pts',(79.4999999999997,-21.4,9.51421356237307));
#15992=CARTESIAN_POINT('Origin',(83.4999999999997,-21.15,8.55));
#15993=CARTESIAN_POINT('',(87.6999999999998,-21.,8.70000000000001));
#15994=CARTESIAN_POINT('',(86.1224999999997,-21.2,8.5));
#15995=CARTESIAN_POINT('Origin',(80.4499999999996,-48.4824805699916,8.55));
#15996=CARTESIAN_POINT('',(79.4999999999996,-34.7412402849958,9.50000000000002));
#15997=CARTESIAN_POINT('',(80.4999999999996,-47.9574805699916,8.5));
#15998=CARTESIAN_POINT('Origin',(78.728665235168,-72.4,14.1));
#15999=CARTESIAN_POINT('',(86.1733500838579,-72.3,14.));
#16000=CARTESIAN_POINT('',(87.5,-72.5,14.2));
#16001=CARTESIAN_POINT('Origin',(87.5,-68.,9.69999999999995));
#16002=CARTESIAN_POINT('',(76.3336508138957,-72.5,14.2));
#16003=CARTESIAN_POINT('',(78.728665235168,-72.5,14.2));
#16004=CARTESIAN_POINT('',(76.3336508138957,-72.3,14.));
#16005=CARTESIAN_POINT('',(76.3336508138957,-72.5,14.2));
#16006=CARTESIAN_POINT('',(78.728665235168,-72.3,14.));
#16007=CARTESIAN_POINT('Origin',(76.3336508138957,-71.,14.1));
#16008=CARTESIAN_POINT('',(75.2729906421159,-72.0606601717798,14.2));
#16009=CARTESIAN_POINT('',(75.4144119983532,-71.9192388155425,14.));
#16010=CARTESIAN_POINT('',(75.2729906421159,-72.0606601717798,14.2));
#16011=CARTESIAN_POINT('Origin',(76.3336508138957,-71.,14.));
#16012=CARTESIAN_POINT('Origin',(76.3336508138957,-71.,14.2));
#16013=CARTESIAN_POINT('Origin',(71.6925432957025,-68.3387914691291,14.1));
#16014=CARTESIAN_POINT('',(70.4293398282199,-67.2170093578839,14.2));
#16015=CARTESIAN_POINT('',(70.5707611844572,-67.0755880016465,14.));
#16016=CARTESIAN_POINT('',(70.4293398282199,-67.2170093578839,14.2));
#16017=CARTESIAN_POINT('',(71.7632539738212,-68.2680807910105,14.));
#16018=CARTESIAN_POINT('',(71.6218326175838,-68.4095021472478,14.2));
#16019=CARTESIAN_POINT('Origin',(71.4899999999997,-66.156349186104,14.1));
#16020=CARTESIAN_POINT('',(69.9899999999997,-66.156349186104,14.2));
#16021=CARTESIAN_POINT('',(70.1899999999997,-66.156349186104,14.));
#16022=CARTESIAN_POINT('',(69.9899999999997,-66.156349186104,14.2));
#16023=CARTESIAN_POINT('Origin',(71.4899999999997,-66.156349186104,14.));
#16024=CARTESIAN_POINT('Origin',(71.4899999999997,-66.156349186104,14.2));
#16025=CARTESIAN_POINT('Origin',(70.0899999999997,-56.4861652351681,14.1));
#16026=CARTESIAN_POINT('',(69.9899999999997,-52.0436508138958,14.2));
#16027=CARTESIAN_POINT('',(70.1899999999997,-52.0436508138958,14.));
#16028=CARTESIAN_POINT('',(69.9899999999997,-52.0436508138958,14.2));
#16029=CARTESIAN_POINT('',(70.1899999999997,-56.4861652351681,14.));
#16030=CARTESIAN_POINT('',(69.9899999999997,-56.4861652351681,14.2));
#16031=CARTESIAN_POINT('Origin',(71.4899999999997,-52.0436508138958,14.1));
#16032=CARTESIAN_POINT('',(70.4293398282199,-50.982990642116,14.2));
#16033=CARTESIAN_POINT('',(70.5707611844572,-51.1244119983533,14.));
#16034=CARTESIAN_POINT('',(70.4293398282199,-50.982990642116,14.2));
#16035=CARTESIAN_POINT('Origin',(71.4899999999997,-52.0436508138958,14.));
#16036=CARTESIAN_POINT('Origin',(71.4899999999997,-52.0436508138958,14.2));
#16037=CARTESIAN_POINT('Origin',(72.0975432957026,-49.4562085308706,14.1));
#16038=CARTESIAN_POINT('',(72.3713203435596,-49.0410101267762,14.2));
#16039=CARTESIAN_POINT('',(72.512741699797,-49.1824314830136,14.));
#16040=CARTESIAN_POINT('',(72.3713203435596,-49.0410101267762,14.2));
#16041=CARTESIAN_POINT('',(72.1682539738213,-49.5269192089892,14.));
#16042=CARTESIAN_POINT('',(72.0268326175839,-49.3854978527519,14.2));
#16043=CARTESIAN_POINT('Origin',(70.25,-46.9196897832166,14.1));
#16044=CARTESIAN_POINT('',(73.25,-46.9196897832166,14.2));
#16045=CARTESIAN_POINT('',(73.45,-46.9196897832166,14.));
#16046=CARTESIAN_POINT('',(73.25,-46.9196897832166,14.2));
#16047=CARTESIAN_POINT('Origin',(70.25,-46.9196897832166,14.));
#16048=CARTESIAN_POINT('Origin',(70.25,-46.9196897832166,14.2));
#16049=CARTESIAN_POINT('Origin',(73.35,-44.0267279836453,14.1));
#16050=CARTESIAN_POINT('',(73.25,-27.1247763108503,14.2));
#16051=CARTESIAN_POINT('',(73.45,-27.1247763108503,14.));
#16052=CARTESIAN_POINT('',(73.25,-27.1247763108503,14.2));
#16053=CARTESIAN_POINT('',(73.45,-44.0267279836453,14.));
#16054=CARTESIAN_POINT('',(73.25,-44.0267279836453,14.2));
#16055=CARTESIAN_POINT('Origin',(74.75,-27.1247763108503,14.1));
#16056=CARTESIAN_POINT('',(73.6893398282202,-26.0641161390704,14.2));
#16057=CARTESIAN_POINT('',(73.8307611844575,-26.2055374953077,14.));
#16058=CARTESIAN_POINT('',(73.6893398282202,-26.0641161390704,14.2));
#16059=CARTESIAN_POINT('Origin',(74.75,-27.1247763108503,14.));
#16060=CARTESIAN_POINT('Origin',(74.75,-27.1247763108503,14.2));
#16061=CARTESIAN_POINT('Origin',(69.6845526535866,-30.2103246699414,14.1));
#16062=CARTESIAN_POINT('',(78.8141161390704,-20.9393398282202,14.2));
#16063=CARTESIAN_POINT('',(78.9555374953077,-21.0807611844575,14.));
#16064=CARTESIAN_POINT('',(78.8141161390704,-20.9393398282202,14.2));
#16065=CARTESIAN_POINT('',(69.7552633317052,-30.28103534806,14.));
#16066=CARTESIAN_POINT('',(69.6138419754679,-30.1396139918227,14.2));
#16067=CARTESIAN_POINT('Origin',(79.8747763108502,-22.,14.1));
#16068=CARTESIAN_POINT('',(79.8747763108502,-20.5,14.2));
#16069=CARTESIAN_POINT('',(79.8747763108502,-20.7,14.));
#16070=CARTESIAN_POINT('',(79.8747763108502,-20.5,14.2));
#16071=CARTESIAN_POINT('Origin',(79.8747763108502,-22.,14.));
#16072=CARTESIAN_POINT('Origin',(79.8747763108502,-22.,14.2));
#16073=CARTESIAN_POINT('Origin',(83.2615872965261,-20.6000000000001,14.1));
#16074=CARTESIAN_POINT('',(83.5355339059326,-20.5000000000001,14.2));
#16075=CARTESIAN_POINT('',(83.5355339059326,-20.7000000000001,14.));
#16076=CARTESIAN_POINT('',(83.5355339059326,-20.5000000000001,14.2));
#16077=CARTESIAN_POINT('',(83.2615872965261,-20.7000000000001,14.));
#16078=CARTESIAN_POINT('',(83.2615872965261,-20.5000000000001,14.2));
#16079=CARTESIAN_POINT('Origin',(83.5355339059326,-17.5000000000001,14.1));
#16080=CARTESIAN_POINT('',(85.6568542494922,-19.6213203435597,14.2));
#16081=CARTESIAN_POINT('',(85.7982756057296,-19.762741699797,14.));
#16082=CARTESIAN_POINT('',(85.6568542494922,-19.6213203435597,14.2));
#16083=CARTESIAN_POINT('Origin',(83.5355339059326,-17.5000000000001,14.));
#16084=CARTESIAN_POINT('Origin',(83.5355339059326,-17.5000000000001,14.2));
#16085=CARTESIAN_POINT('Origin',(74.8280916229076,-30.5915043263817,14.1));
#16086=CARTESIAN_POINT('',(86.3388347648318,-18.9393398282202,14.2));
#16087=CARTESIAN_POINT('',(86.4802561210691,-19.0807611844575,14.));
#16088=CARTESIAN_POINT('',(86.3388347648318,-18.9393398282202,14.2));
#16089=CARTESIAN_POINT('',(74.8988023010262,-30.6622150045003,14.));
#16090=CARTESIAN_POINT('',(74.7573809447889,-30.520793648263,14.2));
#16091=CARTESIAN_POINT('Origin',(87.3994949366116,-20.,14.1));
#16092=CARTESIAN_POINT('',(87.3994949366116,-18.5,14.2));
#16093=CARTESIAN_POINT('',(87.3994949366116,-18.7,14.));
#16094=CARTESIAN_POINT('',(87.3994949366116,-18.5,14.2));
#16095=CARTESIAN_POINT('Origin',(87.3994949366116,-20.,14.));
#16096=CARTESIAN_POINT('Origin',(87.3994949366116,-20.,14.2));
#16097=CARTESIAN_POINT('Origin',(96.1224999999999,-18.6,14.1));
#16098=CARTESIAN_POINT('',(93.9,-18.5,14.2));
#16099=CARTESIAN_POINT('',(93.5535898384862,-18.7,14.));
#16100=CARTESIAN_POINT('Origin',(93.9,-18.9,13.8));
#16101=CARTESIAN_POINT('',(96.1224999999999,-18.7,14.));
#16102=CARTESIAN_POINT('',(96.1224999999999,-18.5,14.2));
#16103=CARTESIAN_POINT('Origin',(110.5,-18.5,18.5));
#16104=CARTESIAN_POINT('',(93.9,-18.5,10.2));
#16105=CARTESIAN_POINT('',(93.9,-18.5,9.25));
#16106=CARTESIAN_POINT('',(87.3994949366116,-18.5,17.5));
#16107=CARTESIAN_POINT('',(87.3994949366116,-18.5,18.5));
#16108=CARTESIAN_POINT('',(107.343145750508,-18.5,17.5));
#16109=CARTESIAN_POINT('',(100.036123734153,-18.5,17.5));
#16110=CARTESIAN_POINT('',(109.843145750508,-18.5,16.4644660940672));
#16111=CARTESIAN_POINT('Ctrl Pts',(109.843145750508,-18.5,16.4644660940672));
#16112=CARTESIAN_POINT('Ctrl Pts',(108.37867965644,-18.5,17.5));
#16113=CARTESIAN_POINT('Ctrl Pts',(107.343145750508,-18.5,17.5));
#16114=CARTESIAN_POINT('',(109.87867965644,-18.5,16.4393398282205));
#16115=CARTESIAN_POINT('',(109.314925447579,-18.5,16.8379742522287));
#16116=CARTESIAN_POINT('',(109.87867965644,-18.5,10.2));
#16117=CARTESIAN_POINT('',(109.87867965644,-18.5,18.5));
#16118=CARTESIAN_POINT('',(107.,-18.5,10.2));
#16119=CARTESIAN_POINT('Origin',(87.3994949366116,-20.,18.5));
#16120=CARTESIAN_POINT('',(86.3388347648318,-18.9393398282202,17.4999999999999));
#16121=CARTESIAN_POINT('',(86.3388347648318,-18.9393398282202,18.5));
#16122=CARTESIAN_POINT('Origin',(87.3994949366116,-20.,17.4999999999999));
#16123=CARTESIAN_POINT('Origin',(86.7781745930519,-18.5,18.5));
#16124=CARTESIAN_POINT('',(85.6568542494922,-19.6213203435597,17.5000000000001));
#16125=CARTESIAN_POINT('',(85.6568542494922,-19.6213203435597,18.5));
#16126=CARTESIAN_POINT('',(83.7436976830305,-21.5344769100215,17.5000000000001));
#16127=CARTESIAN_POINT('Origin',(83.5355339059326,-17.5000000000001,18.5));
#16128=CARTESIAN_POINT('',(83.5355339059326,-20.5000000000001,17.4999999999999));
#16129=CARTESIAN_POINT('',(83.5355339059326,-20.5000000000001,18.5));
#16130=CARTESIAN_POINT('Origin',(83.5355339059326,-17.5000000000001,17.4999999999999));
#16131=CARTESIAN_POINT('Origin',(84.7781745930519,-20.5000000000001,18.5));
#16132=CARTESIAN_POINT('',(79.8747763108502,-20.5,17.5));
#16133=CARTESIAN_POINT('',(79.8747763108502,-20.5,18.5));
#16134=CARTESIAN_POINT('',(85.2940313742385,-20.5000000000001,17.5));
#16135=CARTESIAN_POINT('Origin',(79.8747763108502,-22.,18.5));
#16136=CARTESIAN_POINT('',(78.8141161390704,-20.9393398282202,17.5));
#16137=CARTESIAN_POINT('',(78.8141161390704,-20.9393398282202,18.5));
#16138=CARTESIAN_POINT('Origin',(79.8747763108502,-22.,17.5));
#16139=CARTESIAN_POINT('Origin',(79.2534559672906,-20.5,18.5));
#16140=CARTESIAN_POINT('',(73.6893398282202,-26.0641161390704,17.5));
#16141=CARTESIAN_POINT('',(73.6893398282202,-26.0641161390704,18.5));
#16142=CARTESIAN_POINT('',(76.2988699366116,-23.454586030679,17.5));
#16143=CARTESIAN_POINT('Origin',(74.75,-27.1247763108503,18.5));
#16144=CARTESIAN_POINT('',(73.25,-27.1247763108503,17.5));
#16145=CARTESIAN_POINT('',(73.25,-27.1247763108503,18.5));
#16146=CARTESIAN_POINT('Origin',(74.75,-27.1247763108503,17.5));
#16147=CARTESIAN_POINT('Origin',(73.25,-26.5034559672906,18.5));
#16148=CARTESIAN_POINT('',(73.25,-46.9196897832166,17.4999999999999));
#16149=CARTESIAN_POINT('',(73.25,-46.9196897832166,18.5));
#16150=CARTESIAN_POINT('',(73.25,-36.3566504294495,17.4999999999999));
#16151=CARTESIAN_POINT('Origin',(70.25,-46.9196897832166,18.5));
#16152=CARTESIAN_POINT('',(72.3713203435596,-49.0410101267762,17.5));
#16153=CARTESIAN_POINT('',(72.3713203435596,-49.0410101267762,18.5));
#16154=CARTESIAN_POINT('Origin',(70.25,-46.9196897832166,17.5));
#16155=CARTESIAN_POINT('Origin',(73.25,-48.1623304703359,18.5));
#16156=CARTESIAN_POINT('',(70.4293398282199,-50.982990642116,17.5));
#16157=CARTESIAN_POINT('',(70.4293398282199,-50.982990642116,18.5));
#16158=CARTESIAN_POINT('',(75.189501265847,-46.222829204489,17.5));
#16159=CARTESIAN_POINT('Origin',(71.4899999999997,-52.0436508138958,18.5));
#16160=CARTESIAN_POINT('',(69.9899999999997,-52.0436508138958,17.4999999999998));
#16161=CARTESIAN_POINT('',(69.9899999999997,-52.0436508138958,18.5));
#16162=CARTESIAN_POINT('Origin',(71.4899999999997,-52.0436508138958,17.5));
#16163=CARTESIAN_POINT('Origin',(69.9899999999997,-51.4223304703362,18.5));
#16164=CARTESIAN_POINT('',(69.9899999999997,-66.156349186104,16.4393398282201));
#16165=CARTESIAN_POINT('',(69.9899999999997,-66.156349186104,18.5));
#16166=CARTESIAN_POINT('',(69.9899999999997,-66.1208152801713,16.4644660940672));
#16167=CARTESIAN_POINT('',(69.9899999999997,-61.0364868927062,20.0596291746231));
#16168=CARTESIAN_POINT('',(69.9899999999997,-63.6208152801713,17.4999999999998));
#16169=CARTESIAN_POINT('Ctrl Pts',(69.9899999999997,-63.6208152801713,17.5));
#16170=CARTESIAN_POINT('Ctrl Pts',(69.9899999999997,-64.6563491861057,17.5000000000001));
#16171=CARTESIAN_POINT('Ctrl Pts',(69.9899999999997,-66.1208152801771,16.4644660940632));
#16172=CARTESIAN_POINT('',(69.9899999999997,-53.1466991411008,17.4999999999998));
#16173=CARTESIAN_POINT('Origin',(71.4899999999997,-66.156349186104,18.5));
#16174=CARTESIAN_POINT('',(70.4293398282199,-67.2170093578839,15.9999999999999));
#16175=CARTESIAN_POINT('',(70.4293398282199,-67.2170093578839,18.5));
#16176=CARTESIAN_POINT('Origin',(71.4899999999997,-66.156349186104,17.5));
#16177=CARTESIAN_POINT('Origin',(69.9899999999997,-66.7776695296637,18.5));
#16178=CARTESIAN_POINT('',(75.2729906421159,-72.0606601717798,15.9999999999999));
#16179=CARTESIAN_POINT('',(75.2729906421159,-72.0606601717798,18.5));
#16180=CARTESIAN_POINT('',(71.6721906646175,-68.4598601942814,15.9999999999999));
#16181=CARTESIAN_POINT('Origin',(76.3336508138957,-71.,18.5));
#16182=CARTESIAN_POINT('',(76.3336508138957,-72.5,16.4393398282201));
#16183=CARTESIAN_POINT('',(76.3336508138957,-72.5,18.5));
#16184=CARTESIAN_POINT('Origin',(76.3336508138957,-71.,17.5));
#16185=CARTESIAN_POINT('Origin',(75.7123304703361,-72.5,18.5));
#16186=CARTESIAN_POINT('',(86.257359312883,-72.5,18.3));
#16187=CARTESIAN_POINT('',(88.7426406871172,-72.5,18.3));
#16188=CARTESIAN_POINT('',(82.9780754069473,-72.5,18.3));
#16189=CARTESIAN_POINT('',(85.3240259795497,-72.5,18.0333333333333));
#16190=CARTESIAN_POINT('Ctrl Pts',(85.3240259795468,-72.5,18.0333333333318));
#16191=CARTESIAN_POINT('Ctrl Pts',(85.8287878843105,-72.5,18.3));
#16192=CARTESIAN_POINT('Ctrl Pts',(86.257359312883,-72.5,18.3));
#16193=CARTESIAN_POINT('',(83.457359312883,-72.5,17.5));
#16194=CARTESIAN_POINT('Ctrl Pts',(83.457359312883,-72.5,17.5));
#16195=CARTESIAN_POINT('Ctrl Pts',(84.3145021700258,-72.5,17.5));
#16196=CARTESIAN_POINT('Ctrl Pts',(85.3240259795497,-72.5,18.0333333333334));
#16197=CARTESIAN_POINT('',(78.8691847198284,-72.5,17.5000000000001));
#16198=CARTESIAN_POINT('',(82.0221356556175,-72.5,17.5000000000001));
#16199=CARTESIAN_POINT('',(76.3691847198284,-72.5,16.4644660940673));
#16200=CARTESIAN_POINT('Ctrl Pts',(76.3691847198285,-72.5,16.4644660940674));
#16201=CARTESIAN_POINT('Ctrl Pts',(77.8336508138957,-72.5,17.5000000000001));
#16202=CARTESIAN_POINT('Ctrl Pts',(78.8691847198285,-72.5,17.5000000000001));
#16203=CARTESIAN_POINT('',(76.6705441502293,-72.5,16.6775593908782));
#16204=CARTESIAN_POINT('',(87.5,-72.5,0.));
#16205=CARTESIAN_POINT('',(88.7426406871172,-72.5,18.5));
#16206=CARTESIAN_POINT('Origin',(79.9899999999997,-59.1,14.1));
#16207=CARTESIAN_POINT('',(87.5899999999997,-59.1,14.2));
#16208=CARTESIAN_POINT('',(72.3899999999997,-59.1,14.2));
#16209=CARTESIAN_POINT('Origin',(79.9899999999997,-59.1,14.2));
#16210=CARTESIAN_POINT('Origin',(79.9899999999997,-59.1,14.2));
#16211=CARTESIAN_POINT('',(87.7899999999997,-59.1,14.));
#16212=CARTESIAN_POINT('',(87.6899999999997,-59.1,14.1));
#16213=CARTESIAN_POINT('Origin',(79.9899999999997,-59.1,14.));
#16214=CARTESIAN_POINT('Origin',(81.7449999999998,-61.55,14.));
#16215=CARTESIAN_POINT('',(93.5,-18.9,14.));
#16216=CARTESIAN_POINT('Origin',(93.9,-18.9,14.));
#16217=CARTESIAN_POINT('',(93.5,-19.4,14.));
#16218=CARTESIAN_POINT('',(93.5,10.6,14.));
#16219=CARTESIAN_POINT('',(91.9,-21.,14.));
#16220=CARTESIAN_POINT('Origin',(91.9,-19.4,14.));
#16221=CARTESIAN_POINT('',(79.8999999999997,-21.,14.));
#16222=CARTESIAN_POINT('',(91.9,-21.,14.));
#16223=CARTESIAN_POINT('',(79.4999999999997,-21.4,14.));
#16224=CARTESIAN_POINT('Origin',(79.8999999999997,-21.4,14.));
#16225=CARTESIAN_POINT('',(79.4999999999996,-50.2004550678139,14.));
#16226=CARTESIAN_POINT('',(79.4999999999996,-34.,14.));
#16227=CARTESIAN_POINT('',(79.9040449438199,-50.6004346153278,14.));
#16228=CARTESIAN_POINT('Origin',(79.8999999999996,-50.2004550678139,14.));
#16229=CARTESIAN_POINT('',(83.305024311006,-66.9269159837983,14.));
#16230=CARTESIAN_POINT('Origin',(79.9899999999997,-59.1,14.));
#16231=CARTESIAN_POINT('',(83.0669791579853,-67.2264845093579,14.));
#16232=CARTESIAN_POINT('Origin',(83.4610254550533,-67.2952414418594,14.));
#16233=CARTESIAN_POINT('Origin',(87.5,-68.,14.));
#16234=CARTESIAN_POINT('Origin',(79.9899999999997,-59.1,14.5));
#16235=CARTESIAN_POINT('',(72.3899999999997,-59.1,15.));
#16236=CARTESIAN_POINT('',(72.3899999999997,-59.1,14.5));
#16237=CARTESIAN_POINT('Origin',(79.9899999999997,-59.1,15.));
#16238=CARTESIAN_POINT('Origin',(79.9899999999997,-59.1,15.1));
#16239=CARTESIAN_POINT('',(73.2899999999997,-59.1,15.));
#16240=CARTESIAN_POINT('Origin',(79.9899999999997,-59.1,15.));
#16241=CARTESIAN_POINT('',(73.4899999999997,-59.1,15.2));
#16242=CARTESIAN_POINT('',(73.3899999999997,-59.1,15.1));
#16243=CARTESIAN_POINT('Origin',(79.9899999999997,-59.1,15.2));
#16244=CARTESIAN_POINT('Origin',(79.9899999999997,-59.1,10.175));
#16245=CARTESIAN_POINT('',(73.4899999999997,-59.1,18.));
#16246=CARTESIAN_POINT('',(73.4899999999997,-59.1,10.175));
#16247=CARTESIAN_POINT('Origin',(79.9899999999997,-59.1,18.));
#16248=CARTESIAN_POINT('Origin',(79.9899999999997,-59.1,15.));
#16249=CARTESIAN_POINT('Origin',(84.24,-43.1,16.1));
#16250=CARTESIAN_POINT('',(82.69,-43.1,16.2));
#16251=CARTESIAN_POINT('Origin',(84.24,-43.1,16.2));
#16252=CARTESIAN_POINT('',(82.49,-43.1,16.));
#16253=CARTESIAN_POINT('',(82.59,-43.1,16.1));
#16254=CARTESIAN_POINT('Origin',(84.24,-43.1,16.));
#16255=CARTESIAN_POINT('Origin',(84.24,-43.1,16.));
#16256=CARTESIAN_POINT('',(86.74,-43.1,16.));
#16257=CARTESIAN_POINT('Origin',(84.24,-43.1,16.));
#16258=CARTESIAN_POINT('Origin',(84.24,-43.1,10.175));
#16259=CARTESIAN_POINT('',(82.69,-43.1,16.65));
#16260=CARTESIAN_POINT('',(82.69,-43.1,10.175));
#16261=CARTESIAN_POINT('',(85.79,-43.1,16.65));
#16262=CARTESIAN_POINT('Origin',(84.24,-43.1,16.65));
#16263=CARTESIAN_POINT('Origin',(84.24,-43.1,16.65));
#16264=CARTESIAN_POINT('Origin',(87.5,-68.,15.1));
#16265=CARTESIAN_POINT('',(85.75,-68.,15.));
#16266=CARTESIAN_POINT('Origin',(87.5,-68.,15.));
#16267=CARTESIAN_POINT('',(85.95,-68.,15.2));
#16268=CARTESIAN_POINT('',(85.85,-68.,15.1));
#16269=CARTESIAN_POINT('Origin',(87.5,-68.,15.2));
#16270=CARTESIAN_POINT('Origin',(87.5,-68.,15.));
#16271=CARTESIAN_POINT('',(84.95,-68.,15.));
#16272=CARTESIAN_POINT('Origin',(87.5,-68.,15.));
#16273=CARTESIAN_POINT('Origin',(87.5,-68.,10.175));
#16274=CARTESIAN_POINT('',(85.95,-68.,16.65));
#16275=CARTESIAN_POINT('',(85.95,-68.,10.175));
#16276=CARTESIAN_POINT('',(89.05,-68.,16.65));
#16277=CARTESIAN_POINT('Origin',(87.5,-68.,16.65));
#16278=CARTESIAN_POINT('Origin',(87.5,-68.,16.65));
#16279=CARTESIAN_POINT('Origin',(87.5,-68.,8.6));
#16280=CARTESIAN_POINT('',(90.05,-68.,8.7));
#16281=CARTESIAN_POINT('',(84.95,-68.,8.7));
#16282=CARTESIAN_POINT('Origin',(87.5,-68.,8.7));
#16283=CARTESIAN_POINT('Origin',(87.5,-68.,8.7));
#16284=CARTESIAN_POINT('',(90.25,-68.,8.5));
#16285=CARTESIAN_POINT('',(90.15,-68.,8.6));
#16286=CARTESIAN_POINT('Origin',(87.5,-68.,8.5));
#16287=CARTESIAN_POINT('Origin',(91.7449999999998,-45.5,8.5));
#16288=CARTESIAN_POINT('',(81.54,-43.1,8.5));
#16289=CARTESIAN_POINT('Origin',(84.24,-43.1,8.5));
#16290=CARTESIAN_POINT('Origin',(87.5,-68.,11.75));
#16291=CARTESIAN_POINT('',(84.95,-68.,11.75));
#16292=CARTESIAN_POINT('Origin',(84.24,-43.1,8.6));
#16293=CARTESIAN_POINT('',(81.74,-43.1,8.7));
#16294=CARTESIAN_POINT('',(81.64,-43.1,8.6));
#16295=CARTESIAN_POINT('',(86.74,-43.1,8.7));
#16296=CARTESIAN_POINT('Origin',(84.24,-43.1,8.7));
#16297=CARTESIAN_POINT('Origin',(84.24,-43.1,8.7));
#16298=CARTESIAN_POINT('Origin',(84.24,-43.1,12.25));
#16299=CARTESIAN_POINT('',(86.74,-43.1,12.25));
#16300=CARTESIAN_POINT('Origin',(103.5,-45.,10.1));
#16301=CARTESIAN_POINT('',(100.75,-45.,10.));
#16302=CARTESIAN_POINT('Origin',(103.5,-45.,10.));
#16303=CARTESIAN_POINT('',(100.95,-45.,10.2));
#16304=CARTESIAN_POINT('',(100.85,-45.,10.1));
#16305=CARTESIAN_POINT('Origin',(103.5,-45.,10.2));
#16306=CARTESIAN_POINT('Origin',(103.5,-36.,10.));
#16307=CARTESIAN_POINT('',(93.7,-19.4,10.));
#16308=CARTESIAN_POINT('',(93.2238090907512,-20.6196431819366,10.));
#16309=CARTESIAN_POINT('Origin',(91.9,-19.4,10.));
#16310=CARTESIAN_POINT('',(93.7,-18.9,10.));
#16311=CARTESIAN_POINT('',(93.7,-24.75,10.));
#16312=CARTESIAN_POINT('',(93.9,-18.7,10.));
#16313=CARTESIAN_POINT('Origin',(93.9,-18.9,10.));
#16314=CARTESIAN_POINT('',(109.87867965644,-18.7,10.));
#16315=CARTESIAN_POINT('',(107.,-18.7,10.));
#16316=CARTESIAN_POINT('',(110.797918471983,-19.0807611844575,10.));
#16317=CARTESIAN_POINT('Origin',(109.87867965644,-20.,10.));
#16318=CARTESIAN_POINT('',(112.919238815543,-21.2020815280171,10.));
#16319=CARTESIAN_POINT('',(114.483578643763,-22.7664213562373,10.));
#16320=CARTESIAN_POINT('',(113.3,-22.1213203435596,10.));
#16321=CARTESIAN_POINT('Origin',(112.,-22.1213203435596,10.));
#16322=CARTESIAN_POINT('',(113.3,-52.,10.));
#16323=CARTESIAN_POINT('',(113.3,-44.75,10.));
#16324=CARTESIAN_POINT('',(112.,-53.3,10.));
#16325=CARTESIAN_POINT('Origin',(112.,-52.,10.));
#16326=CARTESIAN_POINT('',(97.0595917942265,-53.3,10.));
#16327=CARTESIAN_POINT('',(100.1,-53.3,10.));
#16328=CARTESIAN_POINT('',(96.8636326148039,-53.14,10.));
#16329=CARTESIAN_POINT('Origin',(97.0595917942265,-53.1,10.));
#16330=CARTESIAN_POINT('',(93.5,-52.6753788748765,10.));
#16331=CARTESIAN_POINT('Origin',(95.1,-53.5,10.));
#16332=CARTESIAN_POINT('',(93.5,-21.,10.));
#16333=CARTESIAN_POINT('',(93.5,10.6,10.));
#16334=CARTESIAN_POINT('Origin',(93.1,-21.,10.));
#16335=CARTESIAN_POINT('',(100.75,-26.5,10.));
#16336=CARTESIAN_POINT('Origin',(103.5,-26.5,10.));
#16337=CARTESIAN_POINT('Origin',(103.5,-45.,18.5));
#16338=CARTESIAN_POINT('',(100.95,-45.,14.8));
#16339=CARTESIAN_POINT('',(100.95,-45.,18.5));
#16340=CARTESIAN_POINT('Origin',(103.5,-45.,14.8));
#16341=CARTESIAN_POINT('Origin',(103.5,-26.5,10.1));
#16342=CARTESIAN_POINT('',(100.95,-26.5,10.2));
#16343=CARTESIAN_POINT('',(100.85,-26.5,10.1));
#16344=CARTESIAN_POINT('Origin',(103.5,-26.5,10.2));
#16345=CARTESIAN_POINT('Origin',(103.5,-26.5,18.5));
#16346=CARTESIAN_POINT('',(100.95,-26.5,14.8));
#16347=CARTESIAN_POINT('',(100.95,-26.5,18.5));
#16348=CARTESIAN_POINT('Origin',(103.5,-26.5,14.8));
#16349=CARTESIAN_POINT('Origin',(95.1,-53.5,10.1));
#16350=CARTESIAN_POINT('',(93.5,-53.5,10.2));
#16351=CARTESIAN_POINT('Ctrl Pts',(93.5,-52.6753788748765,10.));
#16352=CARTESIAN_POINT('Ctrl Pts',(93.5,-53.1119429999419,10.2));
#16353=CARTESIAN_POINT('Ctrl Pts',(93.5,-53.5,10.2));
#16354=CARTESIAN_POINT('',(96.6676734353812,-53.18,10.2));
#16355=CARTESIAN_POINT('',(96.8636326148039,-53.14,10.));
#16356=CARTESIAN_POINT('Origin',(95.1,-53.5,10.2));
#16357=CARTESIAN_POINT('Origin',(97.0595917942265,-53.1,10.1));
#16358=CARTESIAN_POINT('',(97.0595917942265,-53.5,10.2));
#16359=CARTESIAN_POINT('',(97.0595917942265,-53.3,10.));
#16360=CARTESIAN_POINT('Origin',(97.0595917942265,-53.1,10.2));
#16361=CARTESIAN_POINT('Origin',(100.1,-53.4,10.1));
#16362=CARTESIAN_POINT('',(112.,-53.5,10.2));
#16363=CARTESIAN_POINT('',(112.,-53.3,10.));
#16364=CARTESIAN_POINT('',(100.1,-53.5,10.2));
#16365=CARTESIAN_POINT('Origin',(112.,-52.,10.1));
#16366=CARTESIAN_POINT('',(113.5,-52.,10.2));
#16367=CARTESIAN_POINT('',(113.3,-52.,10.));
#16368=CARTESIAN_POINT('Origin',(112.,-52.,10.2));
#16369=CARTESIAN_POINT('Origin',(113.4,-44.75,10.1));
#16370=CARTESIAN_POINT('',(113.5,-22.1213203435596,10.2));
#16371=CARTESIAN_POINT('',(113.3,-22.1213203435596,10.));
#16372=CARTESIAN_POINT('',(113.5,-44.75,10.2));
#16373=CARTESIAN_POINT('Origin',(112.,-22.1213203435596,10.1));
#16374=CARTESIAN_POINT('',(113.06066017178,-21.0606601717798,10.2));
#16375=CARTESIAN_POINT('',(112.919238815543,-21.2020815280171,10.));
#16376=CARTESIAN_POINT('Origin',(112.,-22.1213203435596,10.2));
#16377=CARTESIAN_POINT('Origin',(114.554289321881,-22.6957106781186,10.1));
#16378=CARTESIAN_POINT('',(110.93933982822,-18.9393398282202,10.2));
#16379=CARTESIAN_POINT('',(110.797918471983,-19.0807611844575,10.));
#16380=CARTESIAN_POINT('',(114.625,-22.625,10.2));
#16381=CARTESIAN_POINT('Origin',(109.87867965644,-20.,10.1));
#16382=CARTESIAN_POINT('',(109.87867965644,-18.7,10.));
#16383=CARTESIAN_POINT('Origin',(109.87867965644,-20.,10.2));
#16384=CARTESIAN_POINT('Origin',(107.,-18.6,10.1));
#16385=CARTESIAN_POINT('',(93.9,-18.7,10.));
#16386=CARTESIAN_POINT('Origin',(93.9,-18.9,10.1));
#16387=CARTESIAN_POINT('',(93.5,-18.9,10.2));
#16388=CARTESIAN_POINT('',(93.7,-18.9,10.));
#16389=CARTESIAN_POINT('Origin',(93.9,-18.9,10.2));
#16390=CARTESIAN_POINT('Origin',(93.6,-24.75,10.1));
#16391=CARTESIAN_POINT('',(93.5,-19.4,10.2));
#16392=CARTESIAN_POINT('',(93.7,-19.4,10.));
#16393=CARTESIAN_POINT('',(93.5,-24.75,10.2));
#16394=CARTESIAN_POINT('Origin',(91.9,-19.4,10.1));
#16395=CARTESIAN_POINT('',(92.86,-20.68,10.2));
#16396=CARTESIAN_POINT('Ctrl Pts',(93.2238090907513,-20.6196431819366,10.));
#16397=CARTESIAN_POINT('Ctrl Pts',(93.1813254348205,-20.6058144228273,10.0406146676065));
#16398=CARTESIAN_POINT('Ctrl Pts',(93.135376181444,-20.5988765749236,10.0788624380382));
#16399=CARTESIAN_POINT('Ctrl Pts',(93.0537475021399,-20.6011202346067,10.1347189525626));
#16400=CARTESIAN_POINT('Ctrl Pts',(93.0136344010595,-20.6071804527632,10.1580595550557));
#16401=CARTESIAN_POINT('Ctrl Pts',(92.9338774857567,-20.6337083875896,10.1908259229726));
#16402=CARTESIAN_POINT('Ctrl Pts',(92.8941907297425,-20.6543569526931,10.2));
#16403=CARTESIAN_POINT('Ctrl Pts',(92.86,-20.68,10.2));
#16404=CARTESIAN_POINT('Origin',(91.9,-19.4,10.2));
#16405=CARTESIAN_POINT('Origin',(93.5,-68.3639610306764,18.5));
#16406=CARTESIAN_POINT('',(93.5,-21.,0.));
#16407=CARTESIAN_POINT('',(93.5,-53.5,18.3));
#16408=CARTESIAN_POINT('',(93.5,-53.5,18.5));
#16409=CARTESIAN_POINT('',(93.5,-67.7426406871168,18.3));
#16410=CARTESIAN_POINT('',(93.5,-58.9319805153382,18.3));
#16411=CARTESIAN_POINT('',(93.5,-67.7426406871168,18.5));
#16412=CARTESIAN_POINT('Origin',(93.1,-21.,0.));
#16413=CARTESIAN_POINT('',(92.86,-20.68,0.));
#16414=CARTESIAN_POINT('Origin',(91.9,-19.4,0.));
#16415=CARTESIAN_POINT('',(93.5,-19.4,0.));
#16416=CARTESIAN_POINT('',(91.9,-21.,0.));
#16417=CARTESIAN_POINT('Origin',(91.9,-21.,0.));
#16418=CARTESIAN_POINT('',(79.8999999999997,-21.,0.));
#16419=CARTESIAN_POINT('Origin',(79.8999999999997,-21.4,0.));
#16420=CARTESIAN_POINT('',(79.4999999999997,-21.4,0.));
#16421=CARTESIAN_POINT('Origin',(79.4999999999997,-21.,0.));
#16422=CARTESIAN_POINT('',(79.4999999999996,-50.2004550678139,0.));
#16423=CARTESIAN_POINT('Origin',(79.8999999999996,-50.2004550678139,0.));
#16424=CARTESIAN_POINT('',(79.9040449438199,-50.6004346153278,0.));
#16425=CARTESIAN_POINT('Origin',(79.9899999999997,-59.1,0.));
#16426=CARTESIAN_POINT('',(83.305024311006,-66.9269159837983,0.));
#16427=CARTESIAN_POINT('Origin',(83.5355339059326,-17.5000000000001,18.45));
#16428=CARTESIAN_POINT('',(83.5355339059326,-21.5000000000001,18.5));
#16429=CARTESIAN_POINT('',(83.5355339059326,-21.4000000000001,18.4));
#16430=CARTESIAN_POINT('',(86.3639610306788,-20.3284271247463,18.5));
#16431=CARTESIAN_POINT('Origin',(83.5355339059326,-17.5000000000001,18.5));
#16432=CARTESIAN_POINT('',(86.2932503525602,-20.2577164466276,18.4));
#16433=CARTESIAN_POINT('Origin',(85.8098881554251,-21.4500000000001,18.45));
#16434=CARTESIAN_POINT('',(79.8747763108502,-21.5,18.5));
#16435=CARTESIAN_POINT('',(79.8747763108502,-21.4,18.4));
#16436=CARTESIAN_POINT('',(85.8098881554251,-21.5000000000001,18.5));
#16437=CARTESIAN_POINT('Origin',(79.8747763108502,-22.,18.45));
#16438=CARTESIAN_POINT('',(79.5212229202569,-21.6464466094068,18.5));
#16439=CARTESIAN_POINT('',(79.4505122421383,-21.5757359312881,18.4));
#16440=CARTESIAN_POINT('Origin',(79.8747763108502,-22.,18.5));
#16441=CARTESIAN_POINT('Origin',(74.0160353480599,-27.0809235034851,18.45));
#16442=CARTESIAN_POINT('',(74.3964466094067,-26.771222920257,18.5));
#16443=CARTESIAN_POINT('',(74.3257359312881,-26.7005122421383,18.4));
#16444=CARTESIAN_POINT('',(74.0513906871192,-27.1162788425445,18.5));
#16445=CARTESIAN_POINT('Origin',(74.75,-27.1247763108502,18.45));
#16446=CARTESIAN_POINT('',(74.25,-27.1247763108503,18.5));
#16447=CARTESIAN_POINT('',(74.15,-27.1247763108503,18.4));
#16448=CARTESIAN_POINT('Origin',(74.75,-27.1247763108502,18.5));
#16449=CARTESIAN_POINT('Origin',(74.2,-46.2098448916083,18.45));
#16450=CARTESIAN_POINT('',(74.25,-46.9196897832166,18.5));
#16451=CARTESIAN_POINT('',(74.15,-46.9196897832166,18.4));
#16452=CARTESIAN_POINT('',(74.25,-46.2098448916083,18.5));
#16453=CARTESIAN_POINT('Origin',(70.25,-46.9196897832166,18.45));
#16454=CARTESIAN_POINT('',(73.0784271247462,-49.7481169079628,18.5));
#16455=CARTESIAN_POINT('',(73.0077164466275,-49.6774062298441,18.4));
#16456=CARTESIAN_POINT('Origin',(70.25,-46.9196897832166,18.5));
#16457=CARTESIAN_POINT('Origin',(77.8007539738211,-44.9550793807692,18.45));
#16458=CARTESIAN_POINT('',(71.1364466094064,-51.6900974233025,18.5));
#16459=CARTESIAN_POINT('',(71.0657359312878,-51.6193867451839,18.4));
#16460=CARTESIAN_POINT('',(77.8361093128804,-44.9904347198286,18.5));
#16461=CARTESIAN_POINT('Origin',(71.4899999999998,-52.0436508138959,18.45));
#16462=CARTESIAN_POINT('',(70.9899999999997,-52.0436508138958,18.5));
#16463=CARTESIAN_POINT('',(70.8899999999997,-52.0436508138958,18.4));
#16464=CARTESIAN_POINT('Origin',(71.4899999999998,-52.0436508138959,18.5));
#16465=CARTESIAN_POINT('Origin',(75.0867929431422,-68.4096392449921,18.45));
#16466=CARTESIAN_POINT('',(77.8085245480486,-71.0606601717798,18.5));
#16467=CARTESIAN_POINT('',(77.7378138699299,-71.1313708498985,18.4));
#16468=CARTESIAN_POINT('',(71.4293398282199,-64.6814754519511,18.5));
#16469=CARTESIAN_POINT('',(75.1221482822016,-68.3742839059328,18.5));
#16470=CARTESIAN_POINT('',(71.3586291501013,-64.7521861300697,18.4));
#16471=CARTESIAN_POINT('Origin',(72.4899999999997,-63.6208152801713,18.45));
#16472=CARTESIAN_POINT('',(70.9899999999997,-63.6208152801713,18.5));
#16473=CARTESIAN_POINT('Origin',(72.4899999999997,-63.6208152801713,18.5));
#16474=CARTESIAN_POINT('',(70.9899999999997,-63.6208152801713,18.5));
#16475=CARTESIAN_POINT('Origin',(70.9399999999997,-54.8710678118655,18.45));
#16476=CARTESIAN_POINT('',(70.9899999999997,-54.8710678118655,18.5));
#16477=CARTESIAN_POINT('Origin',(90.2438203435585,-72.35,18.45));
#16478=CARTESIAN_POINT('',(88.7426406871172,-72.3,18.5));
#16479=CARTESIAN_POINT('',(88.7426406871172,-72.4,18.4));
#16480=CARTESIAN_POINT('',(86.257359312883,-72.3,18.5));
#16481=CARTESIAN_POINT('',(90.2438203435585,-72.3,18.5));
#16482=CARTESIAN_POINT('',(86.257359312883,-72.4,18.4));
#16483=CARTESIAN_POINT('Origin',(86.257359312883,-71.,18.45));
#16484=CARTESIAN_POINT('',(85.5705668600528,-72.1037735849057,18.5));
#16485=CARTESIAN_POINT('Origin',(86.257359312883,-71.,18.5));
#16486=CARTESIAN_POINT('',(85.5177366713736,-72.188679245283,18.4));
#16487=CARTESIAN_POINT('Origin',(83.457359312883,-75.5,18.45));
#16488=CARTESIAN_POINT('',(83.457359312883,-71.5,18.5));
#16489=CARTESIAN_POINT('Origin',(83.457359312883,-75.5,18.5));
#16490=CARTESIAN_POINT('',(83.457359312883,-71.6,18.4));
#16491=CARTESIAN_POINT('Origin',(88.3319408408989,-71.55,18.45));
#16492=CARTESIAN_POINT('',(78.8691847198284,-71.5,18.5));
#16493=CARTESIAN_POINT('',(88.3319408408989,-71.5,18.5));
#16494=CARTESIAN_POINT('',(78.8691847198284,-71.6,18.4));
#16495=CARTESIAN_POINT('Origin',(78.8691847198284,-70.,18.45));
#16496=CARTESIAN_POINT('Origin',(78.8691847198284,-70.,18.5));
#16497=CARTESIAN_POINT('Origin',(88.7426406871172,-71.,18.45));
#16498=CARTESIAN_POINT('',(89.8033008588971,-72.0606601717798,18.3));
#16499=CARTESIAN_POINT('Origin',(88.7426406871172,-71.,18.3));
#16500=CARTESIAN_POINT('',(89.6618795026597,-71.9192388155425,18.5));
#16501=CARTESIAN_POINT('',(89.7325901807784,-71.9899494936611,18.4));
#16502=CARTESIAN_POINT('Origin',(88.7426406871172,-71.,18.5));
#16503=CARTESIAN_POINT('Origin',(98.4515043263811,-63.2003246699387,18.45));
#16504=CARTESIAN_POINT('',(93.0606601717799,-68.8033008588965,18.3));
#16505=CARTESIAN_POINT('',(93.960765687118,-67.9031953435584,18.3));
#16506=CARTESIAN_POINT('',(92.9192388155426,-68.6618795026592,18.5));
#16507=CARTESIAN_POINT('',(92.9899494936612,-68.7325901807779,18.4));
#16508=CARTESIAN_POINT('',(98.4161489873217,-63.1649693308794,18.5));
#16509=CARTESIAN_POINT('Origin',(92.,-67.7426406871168,18.45));
#16510=CARTESIAN_POINT('Origin',(92.,-67.7426406871168,18.3));
#16511=CARTESIAN_POINT('',(93.3,-67.7426406871168,18.5));
#16512=CARTESIAN_POINT('',(93.4,-67.7426406871168,18.4));
#16513=CARTESIAN_POINT('Origin',(92.,-67.7426406871168,18.5));
#16514=CARTESIAN_POINT('Origin',(93.35,-49.5,18.45));
#16515=CARTESIAN_POINT('',(93.3,-53.5,18.5));
#16516=CARTESIAN_POINT('',(93.4,-53.5,18.4));
#16517=CARTESIAN_POINT('',(93.3,-49.5,18.5));
#16518=CARTESIAN_POINT('Origin',(95.1,-53.5,18.45));
#16519=CARTESIAN_POINT('',(96.6676734353812,-53.18,18.3));
#16520=CARTESIAN_POINT('Origin',(95.1,-53.5,18.3));
#16521=CARTESIAN_POINT('',(96.8636326148039,-53.14,18.5));
#16522=CARTESIAN_POINT('',(96.7656530250925,-53.16,18.4));
#16523=CARTESIAN_POINT('Origin',(95.1,-53.5,18.5));
#16524=CARTESIAN_POINT('Origin',(97.0595917942265,-53.1,18.45));
#16525=CARTESIAN_POINT('',(97.0595917942266,-53.5,18.3));
#16526=CARTESIAN_POINT('Origin',(97.0595917942265,-53.1,18.3));
#16527=CARTESIAN_POINT('',(97.0595917942265,-53.3,18.5));
#16528=CARTESIAN_POINT('',(97.0595917942265,-53.4,18.4));
#16529=CARTESIAN_POINT('Origin',(97.0595917942265,-53.1,18.5));
#16530=CARTESIAN_POINT('Origin',(111.2,-52.,18.45));
#16531=CARTESIAN_POINT('',(111.2,-53.5,18.3));
#16532=CARTESIAN_POINT('',(112.,-53.5,18.1));
#16533=CARTESIAN_POINT('Ctrl Pts',(111.2,-53.5,18.3));
#16534=CARTESIAN_POINT('Ctrl Pts',(111.575,-53.5,18.3));
#16535=CARTESIAN_POINT('Ctrl Pts',(111.999999999999,-53.5,18.1000000000004));
#16536=CARTESIAN_POINT('',(113.5,-52.,17.5));
#16537=CARTESIAN_POINT('Ctrl Pts',(112.,-53.5,18.1));
#16538=CARTESIAN_POINT('Ctrl Pts',(112.21105215729,-53.5,18.0006813377461));
#16539=CARTESIAN_POINT('Ctrl Pts',(112.423853279022,-53.4539286422684,17.9094560095619));
#16540=CARTESIAN_POINT('Ctrl Pts',(112.734727845715,-53.3143862282053,17.7830808756623));
#16541=CARTESIAN_POINT('Ctrl Pts',(112.85934388136,-53.2380899206402,17.7343919405658));
#16542=CARTESIAN_POINT('Ctrl Pts',(113.082074036156,-53.0490253955492,17.649859331622));
#16543=CARTESIAN_POINT('Ctrl Pts',(113.180099298471,-52.9361911312146,17.6139293116925));
#16544=CARTESIAN_POINT('Ctrl Pts',(113.32995292249,-52.7068680566072,17.5597666626212));
#16545=CARTESIAN_POINT('Ctrl Pts',(113.39452357643,-52.5721082644696,17.5369355443602));
#16546=CARTESIAN_POINT('Ctrl Pts',(113.479569498323,-52.2878853387954,17.5070686436127));
#16547=CARTESIAN_POINT('Ctrl Pts',(113.5,-52.1384122661119,17.5));
#16548=CARTESIAN_POINT('Ctrl Pts',(113.5,-52.,17.5));
#16549=CARTESIAN_POINT('',(112.5,-52.,18.5));
#16550=CARTESIAN_POINT('',(112.6,-52.,18.4));
#16551=CARTESIAN_POINT('',(111.2,-53.3,18.5));
#16552=CARTESIAN_POINT('Origin',(111.2,-52.,18.5));
#16553=CARTESIAN_POINT('',(111.2,-53.4,18.4));
#16554=CARTESIAN_POINT('Origin',(101.8725,-53.35,18.45));
#16555=CARTESIAN_POINT('',(99.28625,-53.5,18.3));
#16556=CARTESIAN_POINT('',(101.8725,-53.3,18.5));
#16557=CARTESIAN_POINT('Origin',(110.44495490961,-21.9097781374238,18.45));
#16558=CARTESIAN_POINT('',(113.5,-22.1568542494923,16.4644660940675));
#16559=CARTESIAN_POINT('',(113.5,-22.1213203435596,16.4393398282205));
#16560=CARTESIAN_POINT('',(113.5,-33.4699855680998,24.4640579659077));
#16561=CARTESIAN_POINT('',(113.06066017178,-21.0606601717798,16.0000000000003));
#16562=CARTESIAN_POINT('Origin',(112.,-22.1213203435596,17.5000000000001));
#16563=CARTESIAN_POINT('',(110.93933982822,-18.9393398282202,16.0000000000003));
#16564=CARTESIAN_POINT('',(112.838683261758,-20.8386832617584,16.0000000000003));
#16565=CARTESIAN_POINT('Origin',(109.87867965644,-20.,17.5000000000001));
#16566=CARTESIAN_POINT('',(108.403805922287,-19.9393398282202,18.5));
#16567=CARTESIAN_POINT('',(108.474516600406,-19.8686291501015,18.4));
#16568=CARTESIAN_POINT('',(112.06066017178,-23.5961940777125,18.5));
#16569=CARTESIAN_POINT('',(110.40959957055,-21.9451334764831,18.5));
#16570=CARTESIAN_POINT('',(112.131370849898,-23.5254833995939,18.4));
#16571=CARTESIAN_POINT('Origin',(111.,-24.6568542494924,18.45));
#16572=CARTESIAN_POINT('',(113.5,-24.6568542494924,17.4999999999999));
#16573=CARTESIAN_POINT('Ctrl Pts',(113.5,-24.6568542494924,17.4999999999999));
#16574=CARTESIAN_POINT('Ctrl Pts',(113.5,-23.6213203435597,17.4999999999999));
#16575=CARTESIAN_POINT('Ctrl Pts',(113.5,-22.1568542494925,16.4644660940672));
#16576=CARTESIAN_POINT('',(112.5,-24.6568542494924,18.5));
#16577=CARTESIAN_POINT('Origin',(111.,-24.6568542494924,18.5));
#16578=CARTESIAN_POINT('',(112.6,-24.6568542494924,18.4));
#16579=CARTESIAN_POINT('Origin',(112.55,-34.7677669529664,18.45));
#16580=CARTESIAN_POINT('',(113.5,-44.1338834764832,17.5000000000002));
#16581=CARTESIAN_POINT('',(112.5,-34.7677669529664,18.5));
#16582=CARTESIAN_POINT('Origin',(89.5722474683057,-19.45,18.45));
#16583=CARTESIAN_POINT('',(87.3994949366116,-19.5,18.5));
#16584=CARTESIAN_POINT('',(87.3994949366116,-19.4,18.4));
#16585=CARTESIAN_POINT('',(107.343145750508,-19.5,18.5));
#16586=CARTESIAN_POINT('',(89.5722474683057,-19.5,18.5));
#16587=CARTESIAN_POINT('',(107.343145750508,-19.4,18.4));
#16588=CARTESIAN_POINT('Origin',(107.343145750508,-21.,18.45));
#16589=CARTESIAN_POINT('Origin',(107.343145750508,-21.,18.5));
#16590=CARTESIAN_POINT('Origin',(87.3994949366116,-20.,18.45));
#16591=CARTESIAN_POINT('',(87.0459415460183,-19.6464466094067,18.5));
#16592=CARTESIAN_POINT('',(86.9752308678997,-19.5757359312881,18.4));
#16593=CARTESIAN_POINT('Origin',(87.3994949366116,-20.,18.5));
#16594=CARTESIAN_POINT('Origin',(81.3809722151363,-25.2407052621702,18.45));
#16595=CARTESIAN_POINT('',(81.4163275541956,-25.2760606012295,18.5));
#16596=CARTESIAN_POINT('Origin',(79.9899999999997,-59.1,18.25));
#16597=CARTESIAN_POINT('',(72.9899999999997,-59.1,18.5));
#16598=CARTESIAN_POINT('Origin',(79.9899999999997,-59.1,18.5));
#16599=CARTESIAN_POINT('',(73.2399999999997,-59.1,18.25));
#16600=CARTESIAN_POINT('Origin',(91.7449999999998,-45.5,18.5));
#16601=CARTESIAN_POINT('',(98.8,-26.5,18.5));
#16602=CARTESIAN_POINT('Origin',(103.5,-26.5,18.5));
#16603=CARTESIAN_POINT('',(87.64,-43.1,18.5));
#16604=CARTESIAN_POINT('Origin',(84.24,-43.1,18.5));
#16605=CARTESIAN_POINT('',(90.9,-68.,18.5));
#16606=CARTESIAN_POINT('Origin',(87.5,-68.,18.5));
#16607=CARTESIAN_POINT('',(98.8,-45.,18.5));
#16608=CARTESIAN_POINT('Origin',(103.5,-45.,18.5));
#16609=CARTESIAN_POINT('Origin',(103.5,-26.5,14.9));
#16610=CARTESIAN_POINT('',(100.75,-26.5,15.));
#16611=CARTESIAN_POINT('',(100.85,-26.5,14.9));
#16612=CARTESIAN_POINT('Origin',(103.5,-26.5,15.));
#16613=CARTESIAN_POINT('Origin',(103.5,-26.5,15.));
#16614=CARTESIAN_POINT('',(108.,-26.5,15.));
#16615=CARTESIAN_POINT('Origin',(103.5,-26.5,15.));
#16616=CARTESIAN_POINT('Origin',(103.5,-26.5,18.4));
#16617=CARTESIAN_POINT('',(99.,-26.5,18.3));
#16618=CARTESIAN_POINT('',(98.9,-26.5,18.4));
#16619=CARTESIAN_POINT('',(108.,-26.5,18.3));
#16620=CARTESIAN_POINT('Origin',(103.5,-26.5,18.3));
#16621=CARTESIAN_POINT('Origin',(103.5,-26.5,18.3));
#16622=CARTESIAN_POINT('Origin',(103.5,-26.5,16.75));
#16623=CARTESIAN_POINT('',(108.,-26.5,16.75));
#16624=CARTESIAN_POINT('Origin',(103.5,-45.,18.4));
#16625=CARTESIAN_POINT('',(99.,-45.,18.3));
#16626=CARTESIAN_POINT('',(98.9,-45.,18.4));
#16627=CARTESIAN_POINT('',(108.,-45.,18.3));
#16628=CARTESIAN_POINT('Origin',(103.5,-45.,18.3));
#16629=CARTESIAN_POINT('Origin',(103.5,-45.,18.3));
#16630=CARTESIAN_POINT('Origin',(103.5,-45.,16.75));
#16631=CARTESIAN_POINT('',(108.,-45.,15.));
#16632=CARTESIAN_POINT('',(108.,-45.,16.75));
#16633=CARTESIAN_POINT('Origin',(103.5,-45.,15.));
#16634=CARTESIAN_POINT('Origin',(103.5,-45.,14.9));
#16635=CARTESIAN_POINT('',(100.75,-45.,15.));
#16636=CARTESIAN_POINT('',(100.85,-45.,14.9));
#16637=CARTESIAN_POINT('Origin',(103.5,-45.,15.));
#16638=CARTESIAN_POINT('Origin',(103.5,-45.,15.));
#16639=CARTESIAN_POINT('Origin',(89.3639610306769,-72.5,18.5));
#16640=CARTESIAN_POINT('',(93.0606601717799,-68.8033008588965,18.5));
#16641=CARTESIAN_POINT('',(89.8033008588971,-72.0606601717798,18.5));
#16642=CARTESIAN_POINT('Origin',(92.,-67.7426406871168,18.5));
#16643=CARTESIAN_POINT('Origin',(95.1,-53.5,18.5));
#16644=CARTESIAN_POINT('',(96.6676734353812,-53.18,18.5));
#16645=CARTESIAN_POINT('Origin',(97.0595917942265,-53.1,18.5));
#16646=CARTESIAN_POINT('',(97.0595917942265,-53.5,18.5));
#16647=CARTESIAN_POINT('Origin',(96.7,-53.5,18.5));
#16648=CARTESIAN_POINT('',(112.,-53.5,18.5));
#16649=CARTESIAN_POINT('Origin',(112.,-52.,18.5));
#16650=CARTESIAN_POINT('',(113.5,-52.,18.5));
#16651=CARTESIAN_POINT('Origin',(113.5,-53.5,18.5));
#16652=CARTESIAN_POINT('',(113.5,-22.1213203435596,18.5));
#16653=CARTESIAN_POINT('Origin',(112.,-22.1213203435596,18.5));
#16654=CARTESIAN_POINT('',(113.06066017178,-21.0606601717798,18.5));
#16655=CARTESIAN_POINT('Origin',(113.5,-21.5,18.5));
#16656=CARTESIAN_POINT('',(110.93933982822,-18.9393398282202,18.5));
#16657=CARTESIAN_POINT('Origin',(109.87867965644,-20.,18.5));
#16658=CARTESIAN_POINT('Origin',(93.9,-18.9,9.25));
#16659=CARTESIAN_POINT('',(93.5,-18.9,9.25));
#16660=CARTESIAN_POINT('Origin',(83.4610254550533,-67.2952414418594,0.));
#16661=CARTESIAN_POINT('',(83.0669791579853,-67.2264845093579,0.));
#16662=CARTESIAN_POINT('Origin',(93.5,-13.5,0.));
#16663=CARTESIAN_POINT('Origin',(87.5,-68.,0.));
#16664=CARTESIAN_POINT('Origin',(88.7426406871172,-71.,18.5));
#16665=CARTESIAN_POINT('Origin',(87.5,-68.,17.575));
#16666=CARTESIAN_POINT('',(89.975,-68.,17.575));
#16667=CARTESIAN_POINT('Origin',(84.24,-43.1,17.575));
#16668=CARTESIAN_POINT('',(86.715,-43.1,17.575));
#16669=CARTESIAN_POINT('',(0.,0.,0.));
#16670=CARTESIAN_POINT('',(0.,0.,0.));
#16671=CARTESIAN_POINT('Origin',(-1.49017423421361,0.,9.25));
#16672=CARTESIAN_POINT('',(-2.00000000000112,1.49999999999611,9.97495241224035));
#16673=CARTESIAN_POINT('',(-2.00000000000112,1.49999999999611,8.52504758775965));
#16674=CARTESIAN_POINT('Ctrl Pts',(-2.0000000000013,1.49999999999788,8.52504758775932));
#16675=CARTESIAN_POINT('Ctrl Pts',(-1.96304651474819,1.54927131366878,8.76832909482616));
#16676=CARTESIAN_POINT('Ctrl Pts',(-1.94368899999513,1.57228275806125,9.01836639974468));
#16677=CARTESIAN_POINT('Ctrl Pts',(-1.94368899999513,1.57228275806125,9.25));
#16678=CARTESIAN_POINT('Ctrl Pts',(-1.94368899999513,1.57228275806125,9.48163360025532));
#16679=CARTESIAN_POINT('Ctrl Pts',(-1.96304651474819,1.54927131366878,9.73167090517384));
#16680=CARTESIAN_POINT('Ctrl Pts',(-2.0000000000013,1.49999999999788,9.97495241224068));
#16681=CARTESIAN_POINT('',(-2.,1.666,9.25));
#16682=CARTESIAN_POINT('Origin',(-2.,0.,9.25));
#16683=CARTESIAN_POINT('Origin',(-2.,0.,9.25));
#16684=CARTESIAN_POINT('Origin',(-1.49017423421361,0.,9.25));
#16685=CARTESIAN_POINT('',(-2.00000000000112,-1.49999999999707,8.52504758776164));
#16686=CARTESIAN_POINT('',(-2.00000000000112,-1.49999999999707,9.97495241223836));
#16687=CARTESIAN_POINT('Ctrl Pts',(-2.0000000000013,-1.49999999999884,9.97495241223869));
#16688=CARTESIAN_POINT('Ctrl Pts',(-1.9630465147484,-1.54927131366946,9.73167090517248));
#16689=CARTESIAN_POINT('Ctrl Pts',(-1.94368899999546,-1.5722827580618,9.48163360025469));
#16690=CARTESIAN_POINT('Ctrl Pts',(-1.94368899999546,-1.5722827580618,9.01836639974531));
#16691=CARTESIAN_POINT('Ctrl Pts',(-1.9630465147484,-1.54927131366946,8.76832909482752));
#16692=CARTESIAN_POINT('Ctrl Pts',(-2.0000000000013,-1.49999999999884,8.52504758776131));
#16693=CARTESIAN_POINT('Origin',(-2.,0.,9.25));
#16694=CARTESIAN_POINT('Origin',(-3.5,0.,9.25));
#16695=CARTESIAN_POINT('',(-5.,-5.55111512312578E-16,7.584));
#16696=CARTESIAN_POINT('',(-4.71428085714035,1.666,9.25));
#16697=CARTESIAN_POINT('Ctrl Pts',(-5.,-4.85722573273506E-16,7.584));
#16698=CARTESIAN_POINT('Ctrl Pts',(-5.,0.210893073330259,7.584));
#16699=CARTESIAN_POINT('Ctrl Pts',(-4.98534917040753,0.434767560325976,
7.62647508225767));
#16700=CARTESIAN_POINT('Ctrl Pts',(-4.93244960530194,0.844789958715574,
7.7970079658202));
#16701=CARTESIAN_POINT('Ctrl Pts',(-4.89487365673828,1.03105997686402,7.92498018195044));
#16702=CARTESIAN_POINT('Ctrl Pts',(-4.82359161146059,1.32508790383454,8.21900810892096));
#16703=CARTESIAN_POINT('Ctrl Pts',(-4.78505957928564,1.45300770264396,8.40525100672727));
#16704=CARTESIAN_POINT('Ctrl Pts',(-4.72993338685163,1.6235014968162,8.81517283468033));
#16705=CARTESIAN_POINT('Ctrl Pts',(-4.71428085714035,1.666,9.03900923427484));
#16706=CARTESIAN_POINT('Ctrl Pts',(-4.71428085714035,1.666,9.25));
#16707=CARTESIAN_POINT('',(-5.,-1.67383821708694E-16,10.916));
#16708=CARTESIAN_POINT('Ctrl Pts',(-5.,2.77555756156289E-16,10.916));
#16709=CARTESIAN_POINT('Ctrl Pts',(-5.,-0.210893073330259,10.916));
#16710=CARTESIAN_POINT('Ctrl Pts',(-4.98534917040753,-0.434767560325976,
10.8735249177423));
#16711=CARTESIAN_POINT('Ctrl Pts',(-4.93244960530194,-0.844789958715574,
10.7029920341798));
#16712=CARTESIAN_POINT('Ctrl Pts',(-4.89487365673828,-1.03105997686402,
10.5750198180496));
#16713=CARTESIAN_POINT('Ctrl Pts',(-4.82359161146059,-1.32508790383454,
10.280991891079));
#16714=CARTESIAN_POINT('Ctrl Pts',(-4.78505957928564,-1.45300770264397,
10.0947489932727));
#16715=CARTESIAN_POINT('Ctrl Pts',(-4.72993338685163,-1.6235014968162,9.68482716531966));
#16716=CARTESIAN_POINT('Ctrl Pts',(-4.71428085714035,-1.666,9.46099076572516));
#16717=CARTESIAN_POINT('Ctrl Pts',(-4.71428085714035,-1.666,9.03900923427484));
#16718=CARTESIAN_POINT('Ctrl Pts',(-4.72993338685163,-1.6235014968162,8.81517283468034));
#16719=CARTESIAN_POINT('Ctrl Pts',(-4.78505957928564,-1.45300770264397,
8.40525100672727));
#16720=CARTESIAN_POINT('Ctrl Pts',(-4.82359161146059,-1.32508790383454,
8.21900810892097));
#16721=CARTESIAN_POINT('Ctrl Pts',(-4.89487365673828,-1.03105997686402,
7.92498018195044));
#16722=CARTESIAN_POINT('Ctrl Pts',(-4.93244960530194,-0.844789958715577,
7.7970079658202));
#16723=CARTESIAN_POINT('Ctrl Pts',(-4.98534917040753,-0.434767560325979,
7.62647508225767));
#16724=CARTESIAN_POINT('Ctrl Pts',(-5.,-0.210893073330261,7.584));
#16725=CARTESIAN_POINT('Ctrl Pts',(-5.,-5.55111512312578E-16,7.584));
#16726=CARTESIAN_POINT('Ctrl Pts',(-4.71428085714035,1.666,9.25));
#16727=CARTESIAN_POINT('Ctrl Pts',(-4.71428085714035,1.666,9.46099076572516));
#16728=CARTESIAN_POINT('Ctrl Pts',(-4.72993338685163,1.6235014968162,9.68482716531966));
#16729=CARTESIAN_POINT('Ctrl Pts',(-4.78505957928564,1.45300770264397,10.0947489932727));
#16730=CARTESIAN_POINT('Ctrl Pts',(-4.82359161146059,1.32508790383454,10.280991891079));
#16731=CARTESIAN_POINT('Ctrl Pts',(-4.89487365673828,1.03105997686402,10.5750198180496));
#16732=CARTESIAN_POINT('Ctrl Pts',(-4.93244960530194,0.844789958715575,
10.7029920341798));
#16733=CARTESIAN_POINT('Ctrl Pts',(-4.98534917040753,0.434767560325976,
10.8735249177423));
#16734=CARTESIAN_POINT('Ctrl Pts',(-5.,0.21089307333026,10.916));
#16735=CARTESIAN_POINT('Ctrl Pts',(-5.,6.93889390390723E-17,10.916));
#16736=CARTESIAN_POINT('',(-3.5,1.666,9.25));
#16737=CARTESIAN_POINT('',(-2.50000000000007,-3.232826447491E-13,10.916));
#16738=CARTESIAN_POINT('Ctrl Pts',(-2.00000000000275,1.49999999999595,9.97495241223969));
#16739=CARTESIAN_POINT('Ctrl Pts',(-2.01274087355705,1.48301216859015,10.0101019567869));
#16740=CARTESIAN_POINT('Ctrl Pts',(-2.02601529839312,1.464861274966,10.0445041435357));
#16741=CARTESIAN_POINT('Ctrl Pts',(-2.03965680085582,1.44561410297544,10.0781037768773));
#16742=CARTESIAN_POINT('Ctrl Pts',(-2.09287788688892,1.37052300511407,10.2091897024671));
#16743=CARTESIAN_POINT('Ctrl Pts',(-2.15134877471202,1.27854740119526,10.3275323937183));
#16744=CARTESIAN_POINT('Ctrl Pts',(-2.28161710371697,1.03471229403143,10.5713675008822));
#16745=CARTESIAN_POINT('Ctrl Pts',(-2.35984566989263,0.852008666646698,
10.6987440879401));
#16746=CARTESIAN_POINT('Ctrl Pts',(-2.46948996838074,0.443181393885583,
10.8712244309699));
#16747=CARTESIAN_POINT('Ctrl Pts',(-2.50000000000003,0.216677043772379,
10.916));
#16748=CARTESIAN_POINT('Ctrl Pts',(-2.50000000000007,0.,10.916));
#16749=CARTESIAN_POINT('Ctrl Pts',(-2.50000000000007,3.46944695195361E-16,
10.916));
#16750=CARTESIAN_POINT('Ctrl Pts',(-2.50000000000011,-0.216677043772353,
10.916));
#16751=CARTESIAN_POINT('Ctrl Pts',(-2.46948996838092,-0.443181393885546,
10.8712244309699));
#16752=CARTESIAN_POINT('Ctrl Pts',(-2.35984566989299,-0.852008666646654,
10.6987440879402));
#16753=CARTESIAN_POINT('Ctrl Pts',(-2.28161710371742,-1.03471229403139,
10.5713675008822));
#16754=CARTESIAN_POINT('Ctrl Pts',(-2.15134877471237,-1.27854740119567,
10.3275323937179));
#16755=CARTESIAN_POINT('Ctrl Pts',(-2.09287788688906,-1.37052300511484,
10.2091897024661));
#16756=CARTESIAN_POINT('Ctrl Pts',(-2.03965680085582,-1.4456141029764,10.0781037768757));
#16757=CARTESIAN_POINT('Ctrl Pts',(-2.02601529839311,-1.46486127496696,
10.0445041435339));
#16758=CARTESIAN_POINT('Ctrl Pts',(-2.01274087355705,-1.48301216859112,
10.010101956785));
#16759=CARTESIAN_POINT('Ctrl Pts',(-2.00000000000274,-1.49999999999692,
9.9749524122377));
#16760=CARTESIAN_POINT('',(-2.50000000000007,-3.23490811566218E-13,7.584));
#16761=CARTESIAN_POINT('Ctrl Pts',(-2.00000000000275,-1.49999999999691,
8.5250475877623));
#16762=CARTESIAN_POINT('Ctrl Pts',(-2.01274087355705,-1.48301216859112,
8.48989804321497));
#16763=CARTESIAN_POINT('Ctrl Pts',(-2.02601529839311,-1.46486127496696,
8.45549585646612));
#16764=CARTESIAN_POINT('Ctrl Pts',(-2.03965680085582,-1.4456141029764,8.42189622312434));
#16765=CARTESIAN_POINT('Ctrl Pts',(-2.09287788688906,-1.37052300511484,
8.29081029753394));
#16766=CARTESIAN_POINT('Ctrl Pts',(-2.15134877471237,-1.27854740119567,
8.17246760628209));
#16767=CARTESIAN_POINT('Ctrl Pts',(-2.28161710371742,-1.03471229403139,
7.92863249911782));
#16768=CARTESIAN_POINT('Ctrl Pts',(-2.35984566989299,-0.852008666646654,
7.80125591205983));
#16769=CARTESIAN_POINT('Ctrl Pts',(-2.46948996838092,-0.443181393885546,
7.62877556903011));
#16770=CARTESIAN_POINT('Ctrl Pts',(-2.50000000000011,-0.216677043772354,
7.584));
#16771=CARTESIAN_POINT('Ctrl Pts',(-2.50000000000007,-6.93889390390723E-17,
7.584));
#16772=CARTESIAN_POINT('Ctrl Pts',(-2.50000000000007,6.93889390390723E-17,
7.584));
#16773=CARTESIAN_POINT('Ctrl Pts',(-2.50000000000003,0.216677043772379,
7.584));
#16774=CARTESIAN_POINT('Ctrl Pts',(-2.46948996838074,0.443181393885584,
7.62877556903012));
#16775=CARTESIAN_POINT('Ctrl Pts',(-2.35984566989263,0.852008666646699,
7.80125591205986));
#16776=CARTESIAN_POINT('Ctrl Pts',(-2.28161710371697,1.03471229403143,7.92863249911785));
#16777=CARTESIAN_POINT('Ctrl Pts',(-2.15134877471201,1.27854740119526,8.17246760628169));
#16778=CARTESIAN_POINT('Ctrl Pts',(-2.09287788688892,1.37052300511407,8.29081029753295));
#16779=CARTESIAN_POINT('Ctrl Pts',(-2.03965680085582,1.44561410297544,8.42189622312267));
#16780=CARTESIAN_POINT('Ctrl Pts',(-2.02601529839312,1.464861274966,8.45549585646435));
#16781=CARTESIAN_POINT('Ctrl Pts',(-2.01274087355705,1.48301216859015,8.48989804321309));
#16782=CARTESIAN_POINT('Ctrl Pts',(-2.00000000000275,1.49999999999595,8.52504758776031));
#16783=CARTESIAN_POINT('Origin',(0.,-1.49017423421361,9.25));
#16784=CARTESIAN_POINT('',(-1.4999999999972,-2.00000000000112,9.97495241223808));
#16785=CARTESIAN_POINT('',(-1.4999999999972,-2.00000000000112,8.52504758776192));
#16786=CARTESIAN_POINT('Ctrl Pts',(-1.49999999999898,-2.0000000000013,8.52504758776159));
#16787=CARTESIAN_POINT('Ctrl Pts',(-1.54927131366954,-1.96304651474842,
8.76832909482772));
#16788=CARTESIAN_POINT('Ctrl Pts',(-1.57228275806186,-1.94368899999549,
9.0183663997454));
#16789=CARTESIAN_POINT('Ctrl Pts',(-1.57228275806186,-1.94368899999549,
9.25));
#16790=CARTESIAN_POINT('Ctrl Pts',(-1.57228275806186,-1.94368899999549,
9.4816336002546));
#16791=CARTESIAN_POINT('Ctrl Pts',(-1.54927131366954,-1.96304651474842,
9.73167090517228));
#16792=CARTESIAN_POINT('Ctrl Pts',(-1.49999999999898,-2.0000000000013,9.97495241223841));
#16793=CARTESIAN_POINT('Origin',(0.,-2.,9.25));
#16794=CARTESIAN_POINT('Origin',(0.,-1.49017423421361,9.25));
#16795=CARTESIAN_POINT('',(1.49999999999706,-2.00000000000112,8.52504758776163));
#16796=CARTESIAN_POINT('',(1.49999999999706,-2.00000000000111,9.97495241223837));
#16797=CARTESIAN_POINT('Ctrl Pts',(1.49999999999884,-2.0000000000013,9.9749524122387));
#16798=CARTESIAN_POINT('Ctrl Pts',(1.54927131366944,-1.96304651474839,9.73167090517248));
#16799=CARTESIAN_POINT('Ctrl Pts',(1.57228275806178,-1.94368899999544,9.48163360025469));
#16800=CARTESIAN_POINT('Ctrl Pts',(1.57228275806178,-1.94368899999544,9.01836639974531));
#16801=CARTESIAN_POINT('Ctrl Pts',(1.54927131366944,-1.96304651474839,8.76832909482752));
#16802=CARTESIAN_POINT('Ctrl Pts',(1.49999999999883,-2.0000000000013,8.5250475877613));
#16803=CARTESIAN_POINT('Origin',(0.,-2.,9.25));
#16804=CARTESIAN_POINT('Origin',(0.,-3.5,9.25));
#16805=CARTESIAN_POINT('',(4.16333634234434E-16,-5.,7.584));
#16806=CARTESIAN_POINT('',(2.04026156737949E-16,-5.,10.916));
#16807=CARTESIAN_POINT('Ctrl Pts',(4.16333634234434E-16,-5.,7.584));
#16808=CARTESIAN_POINT('Ctrl Pts',(-0.210893073330259,-5.,7.584));
#16809=CARTESIAN_POINT('Ctrl Pts',(-0.434767560325977,-4.98534917040753,
7.62647508225767));
#16810=CARTESIAN_POINT('Ctrl Pts',(-0.844789958715575,-4.93244960530194,
7.7970079658202));
#16811=CARTESIAN_POINT('Ctrl Pts',(-1.03105997686402,-4.89487365673828,
7.92498018195044));
#16812=CARTESIAN_POINT('Ctrl Pts',(-1.32508790383454,-4.82359161146059,
8.21900810892096));
#16813=CARTESIAN_POINT('Ctrl Pts',(-1.45300770264396,-4.78505957928564,
8.40525100672727));
#16814=CARTESIAN_POINT('Ctrl Pts',(-1.6235014968162,-4.72993338685163,8.81517283468034));
#16815=CARTESIAN_POINT('Ctrl Pts',(-1.666,-4.71428085714035,9.03900923427484));
#16816=CARTESIAN_POINT('Ctrl Pts',(-1.666,-4.71428085714035,9.25));
#16817=CARTESIAN_POINT('Ctrl Pts',(-1.666,-4.71428085714035,9.46099076572516));
#16818=CARTESIAN_POINT('Ctrl Pts',(-1.6235014968162,-4.72993338685163,9.68482716531966));
#16819=CARTESIAN_POINT('Ctrl Pts',(-1.45300770264397,-4.78505957928564,
10.0947489932727));
#16820=CARTESIAN_POINT('Ctrl Pts',(-1.32508790383454,-4.82359161146059,
10.280991891079));
#16821=CARTESIAN_POINT('Ctrl Pts',(-1.03105997686402,-4.89487365673828,
10.5750198180496));
#16822=CARTESIAN_POINT('Ctrl Pts',(-0.844789958715575,-4.93244960530194,
10.7029920341798));
#16823=CARTESIAN_POINT('Ctrl Pts',(-0.434767560325976,-4.98534917040753,
10.8735249177423));
#16824=CARTESIAN_POINT('Ctrl Pts',(-0.21089307333026,-5.,10.916));
#16825=CARTESIAN_POINT('Ctrl Pts',(-1.38777878078145E-16,-5.,10.916));
#16826=CARTESIAN_POINT('Ctrl Pts',(-3.46944695195361E-16,-5.,10.916));
#16827=CARTESIAN_POINT('Ctrl Pts',(0.210893073330259,-5.,10.916));
#16828=CARTESIAN_POINT('Ctrl Pts',(0.434767560325976,-4.98534917040753,
10.8735249177423));
#16829=CARTESIAN_POINT('Ctrl Pts',(0.844789958715574,-4.93244960530194,
10.7029920341798));
#16830=CARTESIAN_POINT('Ctrl Pts',(1.03105997686402,-4.89487365673828,10.5750198180496));
#16831=CARTESIAN_POINT('Ctrl Pts',(1.32508790383454,-4.82359161146059,10.280991891079));
#16832=CARTESIAN_POINT('Ctrl Pts',(1.45300770264397,-4.78505957928564,10.0947489932727));
#16833=CARTESIAN_POINT('Ctrl Pts',(1.6235014968162,-4.72993338685163,9.68482716531966));
#16834=CARTESIAN_POINT('Ctrl Pts',(1.666,-4.71428085714035,9.46099076572516));
#16835=CARTESIAN_POINT('Ctrl Pts',(1.666,-4.71428085714035,9.03900923427484));
#16836=CARTESIAN_POINT('Ctrl Pts',(1.6235014968162,-4.72993338685163,8.81517283468034));
#16837=CARTESIAN_POINT('Ctrl Pts',(1.45300770264396,-4.78505957928564,8.40525100672727));
#16838=CARTESIAN_POINT('Ctrl Pts',(1.32508790383454,-4.82359161146059,8.21900810892096));
#16839=CARTESIAN_POINT('Ctrl Pts',(1.03105997686402,-4.89487365673828,7.92498018195044));
#16840=CARTESIAN_POINT('Ctrl Pts',(0.844789958715575,-4.93244960530194,
7.7970079658202));
#16841=CARTESIAN_POINT('Ctrl Pts',(0.434767560325978,-4.98534917040753,
7.62647508225767));
#16842=CARTESIAN_POINT('Ctrl Pts',(0.21089307333026,-5.,7.584));
#16843=CARTESIAN_POINT('Ctrl Pts',(4.16333634234434E-16,-5.,7.584));
#16844=CARTESIAN_POINT('',(3.26241393299021E-17,-2.50000000000048,10.916));
#16845=CARTESIAN_POINT('',(2.04026156737949E-16,-3.5,10.916));
#16846=CARTESIAN_POINT('Ctrl Pts',(-1.38777878078145E-16,-2.50000000000048,
10.916));
#16847=CARTESIAN_POINT('Ctrl Pts',(0.216677043772368,-2.50000000000047,
10.916));
#16848=CARTESIAN_POINT('Ctrl Pts',(0.443181393885567,-2.46948996838123,
10.8712244309699));
#16849=CARTESIAN_POINT('Ctrl Pts',(0.85200866664668,-2.3598456698932,10.6987440879402));
#16850=CARTESIAN_POINT('Ctrl Pts',(1.03471229403141,-2.28161710371757,10.5713675008822));
#16851=CARTESIAN_POINT('Ctrl Pts',(1.27854740119569,-2.15134877471244,10.3275323937179));
#16852=CARTESIAN_POINT('Ctrl Pts',(1.37052300511487,-2.09287788688909,10.209189702466));
#16853=CARTESIAN_POINT('Ctrl Pts',(1.44561410297643,-2.03965680085582,10.0781037768756));
#16854=CARTESIAN_POINT('Ctrl Pts',(1.46486127496698,-2.02601529839311,10.0445041435338));
#16855=CARTESIAN_POINT('Ctrl Pts',(1.48301216859112,-2.01274087355705,10.010101956785));
#16856=CARTESIAN_POINT('Ctrl Pts',(1.49999999999691,-2.00000000000275,9.97495241223771));
#16857=CARTESIAN_POINT('Ctrl Pts',(1.49999999999691,-2.00000000000275,8.52504758776229));
#16858=CARTESIAN_POINT('Ctrl Pts',(1.48301216859112,-2.01274087355705,8.48989804321498));
#16859=CARTESIAN_POINT('Ctrl Pts',(1.46486127496698,-2.02601529839311,8.45549585646616));
#16860=CARTESIAN_POINT('Ctrl Pts',(1.44561410297643,-2.03965680085582,8.42189622312439));
#16861=CARTESIAN_POINT('Ctrl Pts',(1.37052300511487,-2.09287788688909,8.29081029753398));
#16862=CARTESIAN_POINT('Ctrl Pts',(1.27854740119569,-2.15134877471244,8.17246760628212));
#16863=CARTESIAN_POINT('Ctrl Pts',(1.03471229403141,-2.28161710371757,7.92863249911784));
#16864=CARTESIAN_POINT('Ctrl Pts',(0.85200866664668,-2.35984566989319,7.80125591205984));
#16865=CARTESIAN_POINT('Ctrl Pts',(0.443181393885568,-2.46948996838123,
7.62877556903012));
#16866=CARTESIAN_POINT('Ctrl Pts',(0.216677043772368,-2.50000000000047,
7.584));
#16867=CARTESIAN_POINT('Ctrl Pts',(-0.216677043772365,-2.50000000000049,
7.584));
#16868=CARTESIAN_POINT('Ctrl Pts',(-0.443181393885563,-2.46948996838126,
7.62877556903012));
#16869=CARTESIAN_POINT('Ctrl Pts',(-0.852008666646674,-2.35984566989325,
7.80125591205984));
#16870=CARTESIAN_POINT('Ctrl Pts',(-1.03471229403141,-2.28161710371764,
7.92863249911783));
#16871=CARTESIAN_POINT('Ctrl Pts',(-1.27854740119575,-2.15134877471249,
8.17246760628218));
#16872=CARTESIAN_POINT('Ctrl Pts',(-1.37052300511499,-2.09287788688911,
8.29081029753413));
#16873=CARTESIAN_POINT('Ctrl Pts',(-1.44561410297657,-2.03965680085582,
8.42189622312464));
#16874=CARTESIAN_POINT('Ctrl Pts',(-1.46486127496712,-2.02601529839311,
8.45549585646641));
#16875=CARTESIAN_POINT('Ctrl Pts',(-1.48301216859126,-2.01274087355705,
8.48989804321526));
#16876=CARTESIAN_POINT('Ctrl Pts',(-1.49999999999705,-2.00000000000275,
8.52504758776259));
#16877=CARTESIAN_POINT('Ctrl Pts',(-1.49999999999705,-2.00000000000274,
9.97495241223741));
#16878=CARTESIAN_POINT('Ctrl Pts',(-1.48301216859126,-2.01274087355705,
10.0101019567847));
#16879=CARTESIAN_POINT('Ctrl Pts',(-1.46486127496712,-2.02601529839311,
10.0445041435336));
#16880=CARTESIAN_POINT('Ctrl Pts',(-1.44561410297657,-2.03965680085582,
10.0781037768754));
#16881=CARTESIAN_POINT('Ctrl Pts',(-1.37052300511499,-2.09287788688911,
10.2091897024659));
#16882=CARTESIAN_POINT('Ctrl Pts',(-1.27854740119575,-2.15134877471249,
10.3275323937178));
#16883=CARTESIAN_POINT('Ctrl Pts',(-1.03471229403141,-2.28161710371764,
10.5713675008822));
#16884=CARTESIAN_POINT('Ctrl Pts',(-0.852008666646673,-2.35984566989325,
10.6987440879402));
#16885=CARTESIAN_POINT('Ctrl Pts',(-0.443181393885562,-2.46948996838126,
10.8712244309699));
#16886=CARTESIAN_POINT('Ctrl Pts',(-0.216677043772365,-2.50000000000049,
10.916));
#16887=CARTESIAN_POINT('Ctrl Pts',(-6.93889390390723E-17,-2.50000000000048,
10.916));
#16888=CARTESIAN_POINT('Origin',(0.,0.,-5.5));
#16889=CARTESIAN_POINT('',(-5.,-6.12323399573677E-16,-7.));
#16890=CARTESIAN_POINT('Origin',(0.,0.,-7.));
#16891=CARTESIAN_POINT('',(-5.,-6.12323399573677E-16,-5.5));
#16892=CARTESIAN_POINT('',(-5.,6.12323399573677E-16,-5.5));
#16893=CARTESIAN_POINT('Origin',(0.,0.,-5.5));
#16894=CARTESIAN_POINT('Origin',(0.,0.,-7.));
#16895=CARTESIAN_POINT('',(-2.5,-3.06161699786838E-16,-7.));
#16896=CARTESIAN_POINT('Origin',(0.,0.,-7.));
#16897=CARTESIAN_POINT('Origin',(0.,0.,5.5));
#16898=CARTESIAN_POINT('',(-5.,-6.12323399573677E-16,13.));
#16899=CARTESIAN_POINT('Origin',(0.,0.,13.));
#16900=CARTESIAN_POINT('',(-5.,-6.12323399573677E-16,5.5));
#16901=CARTESIAN_POINT('',(-5.,-6.12323399573677E-16,5.5));
#16902=CARTESIAN_POINT('',(-5.,-6.12323399573677E-16,5.5));
#16903=CARTESIAN_POINT('Origin',(0.,0.,5.5));
#16904=CARTESIAN_POINT('Origin',(0.,0.,13.));
#16905=CARTESIAN_POINT('',(-2.5,-3.06161699786838E-16,13.));
#16906=CARTESIAN_POINT('Origin',(0.,0.,13.));
#16907=CARTESIAN_POINT('Origin',(0.,0.,-5.5));
#16908=CARTESIAN_POINT('',(5.78012848534505,-1.30058515105959,-5.5));
#16909=CARTESIAN_POINT('',(5.44068694545831,-2.34527879020274,-5.5));
#16910=CARTESIAN_POINT('Origin',(5.58270175065257,-1.81392975698108,-5.5));
#16911=CARTESIAN_POINT('',(5.54456678583789,-2.56707599369102,-5.5));
#16912=CARTESIAN_POINT('Origin',(5.39937354758355,-2.49985305441269,-5.5));
#16913=CARTESIAN_POINT('',(5.33582269181418,-2.97675934558425,-5.5));
#16914=CARTESIAN_POINT('Origin',(-7.05001692264647E-14,-4.80329323886843E-13,
-5.5));
#16915=CARTESIAN_POINT('',(5.09532594670168,-3.02308791455432,-5.5));
#16916=CARTESIAN_POINT('Origin',(5.19609574734762,-2.89880820069177,-5.5));
#16917=CARTESIAN_POINT('',(4.44966976988044,-3.91175740317171,-5.5));
#16918=CARTESIAN_POINT('Origin',(4.74892975698108,-3.45029943095701,-5.5));
#16919=CARTESIAN_POINT('',(4.47992626380251,-4.15479971489554,-5.5));
#16920=CARTESIAN_POINT('Origin',(4.36261231908752,-4.04599972236147,-5.5));
#16921=CARTESIAN_POINT('',(4.15479971489556,-4.47992626380249,-5.5));
#16922=CARTESIAN_POINT('Origin',(-7.05001692264647E-14,-4.80329323886843E-13,
-5.5));
#16923=CARTESIAN_POINT('',(3.91175740317176,-4.4496697698805,-5.5));
#16924=CARTESIAN_POINT('Origin',(4.04599972236142,-4.36261231908761,-5.5));
#16925=CARTESIAN_POINT('',(3.0230879145544,-5.09532594670184,-5.5));
#16926=CARTESIAN_POINT('Origin',(3.45029943095703,-4.7489297569812,-5.5));
#16927=CARTESIAN_POINT('',(2.9767593455844,-5.33582269181431,-5.5));
#16928=CARTESIAN_POINT('Origin',(2.89880820069183,-5.19609574734785,-5.5));
#16929=CARTESIAN_POINT('',(2.56707599369117,-5.54456678583812,-5.5));
#16930=CARTESIAN_POINT('Origin',(-7.05001692264647E-14,-4.80329323886843E-13,
-5.5));
#16931=CARTESIAN_POINT('',(2.3452787902029,-5.44068694545854,-5.5));
#16932=CARTESIAN_POINT('Origin',(2.49985305441282,-5.39937354758381,-5.5));
#16933=CARTESIAN_POINT('',(1.30058515105978,-5.78012848534543,-5.5));
#16934=CARTESIAN_POINT('Origin',(1.81392975698124,-5.58270175065294,-5.5));
#16935=CARTESIAN_POINT('',(1.18220648231861,-5.99453816679565,-5.5));
#16936=CARTESIAN_POINT('Origin',(1.15124853842808,-5.83756171725602,-5.5));
#16937=CARTESIAN_POINT('',(0.72806898835412,-6.06646647960763,-5.5));
#16938=CARTESIAN_POINT('Origin',(-7.05001692264647E-14,-4.80329323886843E-13,
-5.5));
#16939=CARTESIAN_POINT('',(0.549227948730848,-5.8991317753202,-5.5));
#16940=CARTESIAN_POINT('Origin',(0.709003351997881,-5.90760647359501,-5.5));
#16941=CARTESIAN_POINT('',(-0.549227948730196,-5.89913177532027,-5.5));
#16942=CARTESIAN_POINT('Origin',(3.21628488835093E-13,-5.87000000000051,
-5.5));
#16943=CARTESIAN_POINT('',(-0.728068988353468,-6.0664664796077,-5.5));
#16944=CARTESIAN_POINT('Origin',(-0.709003351997238,-5.90760647359511,-5.5));
#16945=CARTESIAN_POINT('',(-1.18220648231796,-5.99453816679579,-5.5));
#16946=CARTESIAN_POINT('Origin',(-7.05001692264647E-14,-4.80329323886843E-13,
-5.5));
#16947=CARTESIAN_POINT('',(-1.3005851510592,-5.78012848534564,-5.5));
#16948=CARTESIAN_POINT('Origin',(-1.15124853842747,-5.83756171725616,-5.5));
#16949=CARTESIAN_POINT('',(-2.34527879020235,-5.44068694545886,-5.5));
#16950=CARTESIAN_POINT('Origin',(-1.81392975698067,-5.58270175065315,-5.5));
#16951=CARTESIAN_POINT('',(-2.56707599369059,-5.54456678583848,-5.5));
#16952=CARTESIAN_POINT('Origin',(-2.49985305441232,-5.39937354758417,-5.5));
#16953=CARTESIAN_POINT('',(-2.97675934558386,-5.3358226918147,-5.5));
#16954=CARTESIAN_POINT('Origin',(-7.05001692264647E-14,-4.80329323886843E-13,
-5.5));
#16955=CARTESIAN_POINT('',(-3.02308791455393,-5.09532594670224,-5.5));
#16956=CARTESIAN_POINT('Origin',(-2.89880820069133,-5.19609574734824,-5.5));
#16957=CARTESIAN_POINT('',(-3.91175740317128,-4.44966976988103,-5.5));
#16958=CARTESIAN_POINT('Origin',(-3.45029943095657,-4.7489297569817,-5.5));
#16959=CARTESIAN_POINT('',(-4.15479971489508,-4.47992626380306,-5.5));
#16960=CARTESIAN_POINT('Origin',(-4.04599972236106,-4.3626123190881,-5.5));
#16961=CARTESIAN_POINT('',(-4.4799262638021,-4.15479971489615,-5.5));
#16962=CARTESIAN_POINT('Origin',(-7.05001692264647E-14,-4.80329323886843E-13,
-5.5));
#16963=CARTESIAN_POINT('',(-4.44966976988007,-3.91175740317228,-5.5));
#16964=CARTESIAN_POINT('Origin',(-4.36261231908716,-4.04599972236204,-5.5));
#16965=CARTESIAN_POINT('',(-5.09532594670142,-3.023087914555,-5.5));
#16966=CARTESIAN_POINT('Origin',(-4.74892975698079,-3.45029943095762,-5.5));
#16967=CARTESIAN_POINT('',(-5.33582269181388,-2.97675934558499,-5.5));
#16968=CARTESIAN_POINT('Origin',(-5.19609574734744,-2.89880820069245,-5.5));
#16969=CARTESIAN_POINT('',(-5.54456678583773,-2.56707599369176,-5.5));
#16970=CARTESIAN_POINT('Origin',(-7.05001692264647E-14,-4.80329323886843E-13,
-5.5));
#16971=CARTESIAN_POINT('',(-5.44068694545811,-2.34527879020346,-5.5));
#16972=CARTESIAN_POINT('Origin',(-5.3993735475834,-2.4998530544134,-5.5));
#16973=CARTESIAN_POINT('',(-5.78012848534503,-1.30058515106034,-5.5));
#16974=CARTESIAN_POINT('Origin',(-5.58270175065253,-1.81392975698182,-5.5));
#16975=CARTESIAN_POINT('',(-5.99453816679522,-1.18220648231916,-5.5));
#16976=CARTESIAN_POINT('Origin',(-5.83756171725561,-1.15124853842866,-5.5));
#16977=CARTESIAN_POINT('',(-6.0664664796072,-0.728068988354675,-5.5));
#16978=CARTESIAN_POINT('Origin',(-7.05001692264647E-14,-4.80329323886843E-13,
-5.5));
#16979=CARTESIAN_POINT('',(-5.89913177531973,-0.549227948731367,-5.5));
#16980=CARTESIAN_POINT('Origin',(-5.9076064735946,-0.709003351998465,-5.5));
#16981=CARTESIAN_POINT('',(-5.89913177531981,0.549227948729641,-5.5));
#16982=CARTESIAN_POINT('Origin',(-5.8700000000001,-8.70004998347661E-13,
-5.5));
#16983=CARTESIAN_POINT('',(-6.06646647960731,0.728068988352913,-5.5));
#16984=CARTESIAN_POINT('Origin',(-5.9076064735947,0.709003351996654,-5.5));
#16985=CARTESIAN_POINT('',(-5.99453816679536,1.1822064823174,-5.5));
#16986=CARTESIAN_POINT('Origin',(-7.05001692264647E-14,-4.80329323886843E-13,
-5.5));
#16987=CARTESIAN_POINT('',(-5.78012848534518,1.30058515105861,-5.5));
#16988=CARTESIAN_POINT('Origin',(-5.83756171725575,1.15124853842689,-5.5));
#16989=CARTESIAN_POINT('',(-5.44068694545843,2.34527879020176,-5.5));
#16990=CARTESIAN_POINT('Origin',(-5.58270175065278,1.81392975698005,-5.5));
#16991=CARTESIAN_POINT('',(-5.54456678583805,2.56707599369,-5.5));
#16992=CARTESIAN_POINT('Origin',(-5.39937354758375,2.4998530544117,-5.5));
#16993=CARTESIAN_POINT('',(-5.33582269181431,2.9767593455833,-5.5));
#16994=CARTESIAN_POINT('Origin',(-7.05001692264647E-14,-4.80329323886843E-13,
-5.5));
#16995=CARTESIAN_POINT('',(-5.09532594670181,3.02308791455334,-5.5));
#16996=CARTESIAN_POINT('Origin',(-5.19609574734783,2.89880820069074,-5.5));
#16997=CARTESIAN_POINT('',(-4.4496697698806,3.91175740317076,-5.5));
#16998=CARTESIAN_POINT('Origin',(-4.74892975698125,3.45029943095602,-5.5));
#16999=CARTESIAN_POINT('',(-4.47992626380264,4.15479971489453,-5.5));
#17000=CARTESIAN_POINT('Origin',(-4.36261231908769,4.04599972236047,-5.5));
#17001=CARTESIAN_POINT('',(-4.15479971489569,4.47992626380155,-5.5));
#17002=CARTESIAN_POINT('Origin',(-7.05001692264647E-14,-4.80329323886843E-13,
-5.5));
#17003=CARTESIAN_POINT('',(-3.91175740317189,4.44966976987952,-5.5));
#17004=CARTESIAN_POINT('Origin',(-4.04599972236163,4.36261231908658,-5.5));
#17005=CARTESIAN_POINT('',(-3.02308791455457,5.09532594670086,-5.5));
#17006=CARTESIAN_POINT('Origin',(-3.45029943095721,4.74892975698021,-5.5));
#17007=CARTESIAN_POINT('',(-2.9767593455846,5.33582269181337,-5.5));
#17008=CARTESIAN_POINT('Origin',(-2.898808200692,5.19609574734686,-5.5));
#17009=CARTESIAN_POINT('',(-2.5670759936913,5.54456678583718,-5.5));
#17010=CARTESIAN_POINT('Origin',(-7.05001692264647E-14,-4.80329323886843E-13,
-5.5));
#17011=CARTESIAN_POINT('',(-2.34527879020307,5.44068694545756,-5.5));
#17012=CARTESIAN_POINT('Origin',(-2.49985305441303,5.39937354758282,-5.5));
#17013=CARTESIAN_POINT('',(-1.30058515105995,5.78012848534445,-5.5));
#17014=CARTESIAN_POINT('Origin',(-1.81392975698141,5.58270175065195,-5.5));
#17015=CARTESIAN_POINT('',(-1.18220648231874,5.99453816679467,-5.5));
#17016=CARTESIAN_POINT('Origin',(-1.15124853842825,5.83756171725502,-5.5));
#17017=CARTESIAN_POINT('',(-0.728068988354285,6.06646647960665,-5.5));
#17018=CARTESIAN_POINT('Origin',(-7.05001692264647E-14,-4.80329323886843E-13,
-5.5));
#17019=CARTESIAN_POINT('',(-0.549227948730978,5.89913177531918,-5.5));
#17020=CARTESIAN_POINT('Origin',(-0.709003351998055,5.90760647359401,-5.5));
#17021=CARTESIAN_POINT('',(0.549227948730031,5.89913177531925,-5.5));
#17022=CARTESIAN_POINT('Origin',(-4.95495657289023E-13,5.86999999999952,
-5.5));
#17023=CARTESIAN_POINT('',(0.728068988353303,6.06646647960676,-5.5));
#17024=CARTESIAN_POINT('Origin',(0.709003351997064,5.90760647359408,-5.5));
#17025=CARTESIAN_POINT('',(1.18220648231783,5.99453816679481,-5.5));
#17026=CARTESIAN_POINT('Origin',(-7.05001692264647E-14,-4.80329323886843E-13,
-5.5));
#17027=CARTESIAN_POINT('',(1.300585151059,5.78012848534466,-5.5));
#17028=CARTESIAN_POINT('Origin',(1.1512485384273,5.83756171725517,-5.5));
#17029=CARTESIAN_POINT('',(2.34527879020219,5.44068694545784,-5.5));
#17030=CARTESIAN_POINT('Origin',(1.81392975698049,5.58270175065216,-5.5));
#17031=CARTESIAN_POINT('',(2.56707599369043,5.5445667858375,-5.5));
#17032=CARTESIAN_POINT('Origin',(2.49985305441211,5.39937354758314,-5.5));
#17033=CARTESIAN_POINT('',(2.97675934558369,5.33582269181372,-5.5));
#17034=CARTESIAN_POINT('Origin',(-7.05001692264647E-14,-4.80329323886843E-13,
-5.5));
#17035=CARTESIAN_POINT('',(3.02308791455377,5.09532594670126,-5.5));
#17036=CARTESIAN_POINT('Origin',(2.89880820069115,5.19609574734725,-5.5));
#17037=CARTESIAN_POINT('',(3.91175740317115,4.44966976988005,-5.5));
#17038=CARTESIAN_POINT('Origin',(3.45029943095639,4.74892975698067,-5.5));
#17039=CARTESIAN_POINT('',(4.15479971489495,4.47992626380212,-5.5));
#17040=CARTESIAN_POINT('Origin',(4.04599972236085,4.36261231908711,-5.5));
#17041=CARTESIAN_POINT('',(4.47992626380197,4.15479971489513,-5.5));
#17042=CARTESIAN_POINT('Origin',(-7.05001692264647E-14,-4.80329323886843E-13,
-5.5));
#17043=CARTESIAN_POINT('',(4.44966976987991,3.91175740317133,-5.5));
#17044=CARTESIAN_POINT('Origin',(4.36261231908699,4.04599972236104,-5.5));
#17045=CARTESIAN_POINT('',(5.09532594670129,3.02308791455401,-5.5));
#17046=CARTESIAN_POINT('Origin',(4.74892975698062,3.45029943095662,-5.5));
#17047=CARTESIAN_POINT('',(5.33582269181376,2.97675934558401,-5.5));
#17048=CARTESIAN_POINT('Origin',(5.19609574734723,2.89880820069142,-5.5));
#17049=CARTESIAN_POINT('',(5.54456678583757,2.56707599369075,-5.5));
#17050=CARTESIAN_POINT('Origin',(-7.05001692264647E-14,-4.80329323886843E-13,
-5.5));
#17051=CARTESIAN_POINT('',(5.44068694545799,2.34527879020251,-5.5));
#17052=CARTESIAN_POINT('Origin',(5.39937354758323,2.49985305441241,-5.5));
#17053=CARTESIAN_POINT('',(5.78012848534491,1.30058515105939,-5.5));
#17054=CARTESIAN_POINT('Origin',(5.58270175065232,1.81392975698079,-5.5));
#17055=CARTESIAN_POINT('',(5.99453816679506,1.18220648231822,-5.5));
#17056=CARTESIAN_POINT('Origin',(5.8375617172554,1.15124853842767,-5.5));
#17057=CARTESIAN_POINT('',(6.06646647960704,0.72806898835373,-5.5));
#17058=CARTESIAN_POINT('Origin',(-7.05001692264647E-14,-4.80329323886843E-13,
-5.5));
#17059=CARTESIAN_POINT('',(5.89913177531961,0.549227948730387,-5.5));
#17060=CARTESIAN_POINT('Origin',(5.90760647359439,0.709003351997435,-5.5));
#17061=CARTESIAN_POINT('',(5.89913177531968,-0.549227948730621,-5.5));
#17062=CARTESIAN_POINT('Origin',(5.86999999999989,-1.23935125799556E-13,
-5.5));
#17063=CARTESIAN_POINT('',(6.06646647960715,-0.728068988353858,-5.5));
#17064=CARTESIAN_POINT('Origin',(5.90760647359449,-0.709003351997683,-5.5));
#17065=CARTESIAN_POINT('',(5.99453816679523,-1.18220648231835,-5.5));
#17066=CARTESIAN_POINT('Origin',(-7.05001692264647E-14,-4.80329323886843E-13,
-5.5));
#17067=CARTESIAN_POINT('Origin',(5.83756171725554,-1.15124853842792,-5.5));
#17068=CARTESIAN_POINT('Origin',(0.,0.,5.5));
#17069=CARTESIAN_POINT('',(5.44068694545831,-2.34527879020274,5.5));
#17070=CARTESIAN_POINT('',(5.78012848534505,-1.30058515105959,5.5));
#17071=CARTESIAN_POINT('Origin',(5.58270175065257,-1.81392975698108,5.5));
#17072=CARTESIAN_POINT('',(5.99453816679523,-1.18220648231835,5.5));
#17073=CARTESIAN_POINT('Origin',(5.83756171725554,-1.15124853842792,5.5));
#17074=CARTESIAN_POINT('',(6.06646647960715,-0.728068988353858,5.5));
#17075=CARTESIAN_POINT('Origin',(-7.05001692264647E-14,-4.80329323886843E-13,
5.5));
#17076=CARTESIAN_POINT('',(5.89913177531968,-0.549227948730621,5.5));
#17077=CARTESIAN_POINT('Origin',(5.90760647359449,-0.709003351997683,5.5));
#17078=CARTESIAN_POINT('',(5.89913177531961,0.549227948730387,5.5));
#17079=CARTESIAN_POINT('Origin',(5.86999999999989,-1.23935125799556E-13,
5.5));
#17080=CARTESIAN_POINT('',(6.06646647960704,0.72806898835373,5.5));
#17081=CARTESIAN_POINT('Origin',(5.90760647359439,0.709003351997435,5.5));
#17082=CARTESIAN_POINT('',(5.99453816679506,1.18220648231822,5.5));
#17083=CARTESIAN_POINT('Origin',(-7.05001692264647E-14,-4.80329323886843E-13,
5.5));
#17084=CARTESIAN_POINT('',(5.78012848534491,1.30058515105939,5.5));
#17085=CARTESIAN_POINT('Origin',(5.8375617172554,1.15124853842767,5.5));
#17086=CARTESIAN_POINT('',(5.44068694545799,2.34527879020251,5.5));
#17087=CARTESIAN_POINT('Origin',(5.58270175065232,1.81392975698079,5.5));
#17088=CARTESIAN_POINT('',(5.54456678583757,2.56707599369075,5.5));
#17089=CARTESIAN_POINT('Origin',(5.39937354758323,2.49985305441241,5.5));
#17090=CARTESIAN_POINT('',(5.33582269181376,2.97675934558401,5.5));
#17091=CARTESIAN_POINT('Origin',(-7.05001692264647E-14,-4.80329323886843E-13,
5.5));
#17092=CARTESIAN_POINT('',(5.09532594670129,3.02308791455401,5.5));
#17093=CARTESIAN_POINT('Origin',(5.19609574734723,2.89880820069142,5.5));
#17094=CARTESIAN_POINT('',(4.44966976987991,3.91175740317133,5.5));
#17095=CARTESIAN_POINT('Origin',(4.74892975698062,3.45029943095662,5.5));
#17096=CARTESIAN_POINT('',(4.47992626380197,4.15479971489513,5.5));
#17097=CARTESIAN_POINT('Origin',(4.36261231908699,4.04599972236104,5.5));
#17098=CARTESIAN_POINT('',(4.15479971489495,4.47992626380212,5.5));
#17099=CARTESIAN_POINT('Origin',(-7.05001692264647E-14,-4.80329323886843E-13,
5.5));
#17100=CARTESIAN_POINT('',(3.91175740317115,4.44966976988005,5.5));
#17101=CARTESIAN_POINT('Origin',(4.04599972236085,4.36261231908711,5.5));
#17102=CARTESIAN_POINT('',(3.02308791455377,5.09532594670126,5.5));
#17103=CARTESIAN_POINT('Origin',(3.45029943095639,4.74892975698067,5.5));
#17104=CARTESIAN_POINT('',(2.97675934558369,5.33582269181372,5.5));
#17105=CARTESIAN_POINT('Origin',(2.89880820069115,5.19609574734725,5.5));
#17106=CARTESIAN_POINT('',(2.56707599369043,5.5445667858375,5.5));
#17107=CARTESIAN_POINT('Origin',(-7.05001692264647E-14,-4.80329323886843E-13,
5.5));
#17108=CARTESIAN_POINT('',(2.34527879020219,5.44068694545784,5.5));
#17109=CARTESIAN_POINT('Origin',(2.49985305441211,5.39937354758314,5.5));
#17110=CARTESIAN_POINT('',(1.300585151059,5.78012848534466,5.5));
#17111=CARTESIAN_POINT('Origin',(1.81392975698049,5.58270175065216,5.5));
#17112=CARTESIAN_POINT('',(1.18220648231783,5.99453816679481,5.5));
#17113=CARTESIAN_POINT('Origin',(1.1512485384273,5.83756171725517,5.5));
#17114=CARTESIAN_POINT('',(0.728068988353303,6.06646647960676,5.5));
#17115=CARTESIAN_POINT('Origin',(-7.05001692264647E-14,-4.80329323886843E-13,
5.5));
#17116=CARTESIAN_POINT('',(0.549227948730031,5.89913177531925,5.5));
#17117=CARTESIAN_POINT('Origin',(0.709003351997064,5.90760647359408,5.5));
#17118=CARTESIAN_POINT('',(-0.549227948730978,5.89913177531918,5.5));
#17119=CARTESIAN_POINT('Origin',(-4.95495657289023E-13,5.86999999999952,
5.5));
#17120=CARTESIAN_POINT('',(-0.728068988354285,6.06646647960665,5.5));
#17121=CARTESIAN_POINT('Origin',(-0.709003351998055,5.90760647359401,5.5));
#17122=CARTESIAN_POINT('',(-1.18220648231874,5.99453816679467,5.5));
#17123=CARTESIAN_POINT('Origin',(-7.05001692264647E-14,-4.80329323886843E-13,
5.5));
#17124=CARTESIAN_POINT('',(-1.30058515105995,5.78012848534445,5.5));
#17125=CARTESIAN_POINT('Origin',(-1.15124853842825,5.83756171725502,5.5));
#17126=CARTESIAN_POINT('',(-2.34527879020307,5.44068694545756,5.5));
#17127=CARTESIAN_POINT('Origin',(-1.81392975698141,5.58270175065195,5.5));
#17128=CARTESIAN_POINT('',(-2.5670759936913,5.54456678583718,5.5));
#17129=CARTESIAN_POINT('Origin',(-2.49985305441303,5.39937354758282,5.5));
#17130=CARTESIAN_POINT('',(-2.9767593455846,5.33582269181337,5.5));
#17131=CARTESIAN_POINT('Origin',(-7.05001692264647E-14,-4.80329323886843E-13,
5.5));
#17132=CARTESIAN_POINT('',(-3.02308791455457,5.09532594670086,5.5));
#17133=CARTESIAN_POINT('Origin',(-2.898808200692,5.19609574734686,5.5));
#17134=CARTESIAN_POINT('',(-3.91175740317189,4.44966976987952,5.5));
#17135=CARTESIAN_POINT('Origin',(-3.45029943095721,4.74892975698021,5.5));
#17136=CARTESIAN_POINT('',(-4.15479971489569,4.47992626380155,5.5));
#17137=CARTESIAN_POINT('Origin',(-4.04599972236163,4.36261231908658,5.5));
#17138=CARTESIAN_POINT('',(-4.47992626380264,4.15479971489453,5.5));
#17139=CARTESIAN_POINT('Origin',(-7.05001692264647E-14,-4.80329323886843E-13,
5.5));
#17140=CARTESIAN_POINT('',(-4.4496697698806,3.91175740317076,5.5));
#17141=CARTESIAN_POINT('Origin',(-4.36261231908769,4.04599972236047,5.5));
#17142=CARTESIAN_POINT('',(-5.09532594670181,3.02308791455334,5.5));
#17143=CARTESIAN_POINT('Origin',(-4.74892975698125,3.45029943095602,5.5));
#17144=CARTESIAN_POINT('',(-5.33582269181431,2.9767593455833,5.5));
#17145=CARTESIAN_POINT('Origin',(-5.19609574734783,2.89880820069074,5.5));
#17146=CARTESIAN_POINT('',(-5.54456678583805,2.56707599369,5.5));
#17147=CARTESIAN_POINT('Origin',(-7.05001692264647E-14,-4.80329323886843E-13,
5.5));
#17148=CARTESIAN_POINT('',(-5.44068694545843,2.34527879020176,5.5));
#17149=CARTESIAN_POINT('Origin',(-5.39937354758375,2.4998530544117,5.5));
#17150=CARTESIAN_POINT('',(-5.78012848534518,1.30058515105861,5.5));
#17151=CARTESIAN_POINT('Origin',(-5.58270175065278,1.81392975698005,5.5));
#17152=CARTESIAN_POINT('',(-5.99453816679536,1.1822064823174,5.5));
#17153=CARTESIAN_POINT('Origin',(-5.83756171725575,1.15124853842689,5.5));
#17154=CARTESIAN_POINT('',(-6.06646647960731,0.728068988352913,5.5));
#17155=CARTESIAN_POINT('Origin',(-7.05001692264647E-14,-4.80329323886843E-13,
5.5));
#17156=CARTESIAN_POINT('',(-5.89913177531981,0.549227948729641,5.5));
#17157=CARTESIAN_POINT('Origin',(-5.9076064735947,0.709003351996654,5.5));
#17158=CARTESIAN_POINT('',(-5.89913177531973,-0.549227948731367,5.5));
#17159=CARTESIAN_POINT('Origin',(-5.8700000000001,-8.70004998347661E-13,
5.5));
#17160=CARTESIAN_POINT('',(-6.0664664796072,-0.728068988354675,5.5));
#17161=CARTESIAN_POINT('Origin',(-5.9076064735946,-0.709003351998465,5.5));
#17162=CARTESIAN_POINT('',(-5.99453816679522,-1.18220648231916,5.5));
#17163=CARTESIAN_POINT('Origin',(-7.05001692264647E-14,-4.80329323886843E-13,
5.5));
#17164=CARTESIAN_POINT('',(-5.78012848534503,-1.30058515106034,5.5));
#17165=CARTESIAN_POINT('Origin',(-5.83756171725561,-1.15124853842866,5.5));
#17166=CARTESIAN_POINT('',(-5.44068694545811,-2.34527879020346,5.5));
#17167=CARTESIAN_POINT('Origin',(-5.58270175065253,-1.81392975698182,5.5));
#17168=CARTESIAN_POINT('',(-5.54456678583773,-2.56707599369176,5.5));
#17169=CARTESIAN_POINT('Origin',(-5.3993735475834,-2.4998530544134,5.5));
#17170=CARTESIAN_POINT('',(-5.33582269181388,-2.97675934558499,5.5));
#17171=CARTESIAN_POINT('Origin',(-7.05001692264647E-14,-4.80329323886843E-13,
5.5));
#17172=CARTESIAN_POINT('',(-5.09532594670142,-3.023087914555,5.5));
#17173=CARTESIAN_POINT('Origin',(-5.19609574734744,-2.89880820069245,5.5));
#17174=CARTESIAN_POINT('',(-4.44966976988007,-3.91175740317228,5.5));
#17175=CARTESIAN_POINT('Origin',(-4.74892975698079,-3.45029943095762,5.5));
#17176=CARTESIAN_POINT('',(-4.4799262638021,-4.15479971489615,5.5));
#17177=CARTESIAN_POINT('Origin',(-4.36261231908716,-4.04599972236204,5.5));
#17178=CARTESIAN_POINT('',(-4.15479971489508,-4.47992626380306,5.5));
#17179=CARTESIAN_POINT('Origin',(-7.05001692264647E-14,-4.80329323886843E-13,
5.5));
#17180=CARTESIAN_POINT('',(-3.91175740317128,-4.44966976988103,5.5));
#17181=CARTESIAN_POINT('Origin',(-4.04599972236106,-4.3626123190881,5.5));
#17182=CARTESIAN_POINT('',(-3.02308791455393,-5.09532594670224,5.5));
#17183=CARTESIAN_POINT('Origin',(-3.45029943095657,-4.7489297569817,5.5));
#17184=CARTESIAN_POINT('',(-2.97675934558386,-5.3358226918147,5.5));
#17185=CARTESIAN_POINT('Origin',(-2.89880820069133,-5.19609574734824,5.5));
#17186=CARTESIAN_POINT('',(-2.56707599369059,-5.54456678583848,5.5));
#17187=CARTESIAN_POINT('Origin',(-7.05001692264647E-14,-4.80329323886843E-13,
5.5));
#17188=CARTESIAN_POINT('',(-2.34527879020235,-5.44068694545886,5.5));
#17189=CARTESIAN_POINT('Origin',(-2.49985305441232,-5.39937354758417,5.5));
#17190=CARTESIAN_POINT('',(-1.3005851510592,-5.78012848534564,5.5));
#17191=CARTESIAN_POINT('Origin',(-1.81392975698067,-5.58270175065315,5.5));
#17192=CARTESIAN_POINT('',(-1.18220648231796,-5.99453816679579,5.5));
#17193=CARTESIAN_POINT('Origin',(-1.15124853842747,-5.83756171725616,5.5));
#17194=CARTESIAN_POINT('',(-0.728068988353468,-6.0664664796077,5.5));
#17195=CARTESIAN_POINT('Origin',(-7.05001692264647E-14,-4.80329323886843E-13,
5.5));
#17196=CARTESIAN_POINT('',(-0.549227948730196,-5.89913177532027,5.5));
#17197=CARTESIAN_POINT('Origin',(-0.709003351997238,-5.90760647359511,5.5));
#17198=CARTESIAN_POINT('',(0.549227948730848,-5.8991317753202,5.5));
#17199=CARTESIAN_POINT('Origin',(3.21628488835093E-13,-5.87000000000051,
5.5));
#17200=CARTESIAN_POINT('',(0.72806898835412,-6.06646647960763,5.5));
#17201=CARTESIAN_POINT('Origin',(0.709003351997881,-5.90760647359501,5.5));
#17202=CARTESIAN_POINT('',(1.18220648231861,-5.99453816679565,5.5));
#17203=CARTESIAN_POINT('Origin',(-7.05001692264647E-14,-4.80329323886843E-13,
5.5));
#17204=CARTESIAN_POINT('',(1.30058515105978,-5.78012848534543,5.5));
#17205=CARTESIAN_POINT('Origin',(1.15124853842808,-5.83756171725602,5.5));
#17206=CARTESIAN_POINT('',(2.3452787902029,-5.44068694545854,5.5));
#17207=CARTESIAN_POINT('Origin',(1.81392975698124,-5.58270175065294,5.5));
#17208=CARTESIAN_POINT('',(2.56707599369117,-5.54456678583812,5.5));
#17209=CARTESIAN_POINT('Origin',(2.49985305441282,-5.39937354758381,5.5));
#17210=CARTESIAN_POINT('',(2.9767593455844,-5.33582269181431,5.5));
#17211=CARTESIAN_POINT('Origin',(-7.05001692264647E-14,-4.80329323886843E-13,
5.5));
#17212=CARTESIAN_POINT('',(3.0230879145544,-5.09532594670184,5.5));
#17213=CARTESIAN_POINT('Origin',(2.89880820069183,-5.19609574734785,5.5));
#17214=CARTESIAN_POINT('',(3.91175740317176,-4.4496697698805,5.5));
#17215=CARTESIAN_POINT('Origin',(3.45029943095703,-4.7489297569812,5.5));
#17216=CARTESIAN_POINT('',(4.15479971489556,-4.47992626380249,5.5));
#17217=CARTESIAN_POINT('Origin',(4.04599972236142,-4.36261231908761,5.5));
#17218=CARTESIAN_POINT('',(4.47992626380251,-4.15479971489554,5.5));
#17219=CARTESIAN_POINT('Origin',(-7.05001692264647E-14,-4.80329323886843E-13,
5.5));
#17220=CARTESIAN_POINT('',(4.44966976988044,-3.91175740317171,5.5));
#17221=CARTESIAN_POINT('Origin',(4.36261231908752,-4.04599972236147,5.5));
#17222=CARTESIAN_POINT('',(5.09532594670168,-3.02308791455432,5.5));
#17223=CARTESIAN_POINT('Origin',(4.74892975698108,-3.45029943095701,5.5));
#17224=CARTESIAN_POINT('',(5.33582269181418,-2.97675934558425,5.5));
#17225=CARTESIAN_POINT('Origin',(5.19609574734762,-2.89880820069177,5.5));
#17226=CARTESIAN_POINT('',(5.54456678583789,-2.56707599369102,5.5));
#17227=CARTESIAN_POINT('Origin',(-7.05001692264647E-14,-4.80329323886843E-13,
5.5));
#17228=CARTESIAN_POINT('Origin',(5.39937354758355,-2.49985305441269,5.5));
#17229=CARTESIAN_POINT('Origin',(-5.39937354758375,2.4998530544117,-3.5556349186104));
#17230=CARTESIAN_POINT('',(-5.54456678583805,2.56707599369,0.5));
#17231=CARTESIAN_POINT('',(-5.44068694545843,2.34527879020176,-2.));
#17232=CARTESIAN_POINT('Origin',(-7.05001692264647E-14,-4.80329323886843E-13,
12.85));
#17233=CARTESIAN_POINT('',(-5.33582269181431,2.9767593455833,-2.));
#17234=CARTESIAN_POINT('Origin',(-5.19609574734783,2.89880820069074,-3.5556349186104));
#17235=CARTESIAN_POINT('',(-5.09532594670181,3.02308791455334,0.5));
#17236=CARTESIAN_POINT('Origin',(-4.74892975698125,3.45029943095602,-3.5556349186104));
#17237=CARTESIAN_POINT('',(-4.4496697698806,3.91175740317076,-2.));
#17238=CARTESIAN_POINT('Origin',(-4.36261231908769,4.04599972236047,-3.5556349186104));
#17239=CARTESIAN_POINT('',(-4.47992626380264,4.15479971489453,0.5));
#17240=CARTESIAN_POINT('Origin',(-7.05001692264647E-14,-4.80329323886843E-13,
12.85));
#17241=CARTESIAN_POINT('',(-4.15479971489569,4.47992626380155,-2.));
#17242=CARTESIAN_POINT('Origin',(-4.04599972236163,4.36261231908658,-3.5556349186104));
#17243=CARTESIAN_POINT('',(-3.91175740317189,4.44966976987952,0.5));
#17244=CARTESIAN_POINT('Origin',(-3.45029943095721,4.74892975698021,-3.5556349186104));
#17245=CARTESIAN_POINT('',(-3.02308791455457,5.09532594670086,-2.));
#17246=CARTESIAN_POINT('Origin',(-2.898808200692,5.19609574734686,-3.5556349186104));
#17247=CARTESIAN_POINT('',(-2.9767593455846,5.33582269181337,0.5));
#17248=CARTESIAN_POINT('Origin',(-7.05001692264647E-14,-4.80329323886843E-13,
12.85));
#17249=CARTESIAN_POINT('',(-2.5670759936913,5.54456678583718,-2.));
#17250=CARTESIAN_POINT('Origin',(-2.49985305441303,5.39937354758282,-3.5556349186104));
#17251=CARTESIAN_POINT('',(-2.34527879020307,5.44068694545756,0.5));
#17252=CARTESIAN_POINT('Origin',(-1.81392975698141,5.58270175065195,-3.5556349186104));
#17253=CARTESIAN_POINT('',(-1.30058515105995,5.78012848534445,-2.));
#17254=CARTESIAN_POINT('Origin',(-1.15124853842825,5.83756171725502,-3.5556349186104));
#17255=CARTESIAN_POINT('',(-1.18220648231874,5.99453816679467,0.5));
#17256=CARTESIAN_POINT('Origin',(-7.05001692264647E-14,-4.80329323886843E-13,
12.85));
#17257=CARTESIAN_POINT('',(-0.728068988354285,6.06646647960665,-2.));
#17258=CARTESIAN_POINT('Origin',(-0.709003351998055,5.90760647359401,-3.5556349186104));
#17259=CARTESIAN_POINT('',(-0.549227948730978,5.89913177531918,0.5));
#17260=CARTESIAN_POINT('Origin',(-4.95495657289023E-13,5.86999999999952,
-3.5556349186104));
#17261=CARTESIAN_POINT('',(0.54922794873003,5.89913177531925,-2.));
#17262=CARTESIAN_POINT('Origin',(0.709003351997064,5.90760647359408,-3.5556349186104));
#17263=CARTESIAN_POINT('',(0.728068988353302,6.06646647960676,0.5));
#17264=CARTESIAN_POINT('Origin',(-7.05001692264647E-14,-4.80329323886843E-13,
12.85));
#17265=CARTESIAN_POINT('',(1.18220648231783,5.99453816679481,-2.));
#17266=CARTESIAN_POINT('Origin',(1.1512485384273,5.83756171725517,-3.5556349186104));
#17267=CARTESIAN_POINT('',(1.300585151059,5.78012848534466,0.5));
#17268=CARTESIAN_POINT('Origin',(1.81392975698049,5.58270175065216,-3.5556349186104));
#17269=CARTESIAN_POINT('',(2.34527879020219,5.44068694545784,-2.));
#17270=CARTESIAN_POINT('Origin',(2.49985305441211,5.39937354758314,-3.5556349186104));
#17271=CARTESIAN_POINT('',(2.56707599369043,5.5445667858375,0.5));
#17272=CARTESIAN_POINT('Origin',(-7.05001692264647E-14,-4.80329323886843E-13,
12.85));
#17273=CARTESIAN_POINT('',(2.97675934558369,5.33582269181372,-2.));
#17274=CARTESIAN_POINT('Origin',(2.89880820069115,5.19609574734725,-3.5556349186104));
#17275=CARTESIAN_POINT('',(3.02308791455377,5.09532594670126,0.5));
#17276=CARTESIAN_POINT('Origin',(3.45029943095639,4.74892975698067,-3.5556349186104));
#17277=CARTESIAN_POINT('',(3.91175740317115,4.44966976988005,-2.));
#17278=CARTESIAN_POINT('Origin',(4.04599972236085,4.36261231908711,-3.5556349186104));
#17279=CARTESIAN_POINT('',(4.15479971489495,4.47992626380212,0.5));
#17280=CARTESIAN_POINT('Origin',(-7.05001692264647E-14,-4.80329323886843E-13,
12.85));
#17281=CARTESIAN_POINT('',(4.47992626380197,4.15479971489513,-2.));
#17282=CARTESIAN_POINT('Origin',(4.36261231908699,4.04599972236104,-3.55563491861041));
#17283=CARTESIAN_POINT('',(4.44966976987991,3.91175740317133,0.5));
#17284=CARTESIAN_POINT('Origin',(4.74892975698062,3.45029943095662,-3.5556349186104));
#17285=CARTESIAN_POINT('',(5.09532594670129,3.02308791455401,-2.));
#17286=CARTESIAN_POINT('Origin',(5.19609574734723,2.89880820069142,-3.5556349186104));
#17287=CARTESIAN_POINT('',(5.33582269181376,2.97675934558401,0.5));
#17288=CARTESIAN_POINT('Origin',(-7.05001692264647E-14,-4.80329323886843E-13,
12.85));
#17289=CARTESIAN_POINT('',(5.54456678583757,2.56707599369075,-2.));
#17290=CARTESIAN_POINT('Origin',(5.39937354758323,2.49985305441241,-3.5556349186104));
#17291=CARTESIAN_POINT('',(5.44068694545799,2.34527879020251,0.5));
#17292=CARTESIAN_POINT('Origin',(5.58270175065232,1.81392975698079,-3.5556349186104));
#17293=CARTESIAN_POINT('',(5.78012848534491,1.30058515105939,-2.));
#17294=CARTESIAN_POINT('Origin',(5.8375617172554,1.15124853842767,-3.5556349186104));
#17295=CARTESIAN_POINT('',(5.99453816679506,1.18220648231822,0.5));
#17296=CARTESIAN_POINT('Origin',(-7.05001692264647E-14,-4.80329323886843E-13,
12.85));
#17297=CARTESIAN_POINT('',(6.06646647960704,0.72806898835373,-2.));
#17298=CARTESIAN_POINT('Origin',(5.90760647359439,0.709003351997435,-3.5556349186104));
#17299=CARTESIAN_POINT('',(5.89913177531961,0.549227948730387,0.5));
#17300=CARTESIAN_POINT('Origin',(5.86999999999989,-1.23935125799556E-13,
-3.5556349186104));
#17301=CARTESIAN_POINT('',(5.89913177531968,-0.549227948730621,-2.));
#17302=CARTESIAN_POINT('Origin',(5.90760647359449,-0.709003351997683,-3.5556349186104));
#17303=CARTESIAN_POINT('',(6.06646647960715,-0.728068988353858,0.5));
#17304=CARTESIAN_POINT('Origin',(-7.05001692264647E-14,-4.80329323886843E-13,
12.85));
#17305=CARTESIAN_POINT('',(5.99453816679523,-1.18220648231835,-2.));
#17306=CARTESIAN_POINT('Origin',(5.83756171725554,-1.15124853842792,-3.5556349186104));
#17307=CARTESIAN_POINT('',(5.78012848534505,-1.30058515105959,0.5));
#17308=CARTESIAN_POINT('Origin',(5.58270175065257,-1.81392975698108,-3.5556349186104));
#17309=CARTESIAN_POINT('',(5.44068694545831,-2.34527879020274,-0.5));
#17310=CARTESIAN_POINT('Origin',(-7.05001692264647E-14,-4.80329323886843E-13,
12.85));
#17311=CARTESIAN_POINT('',(-2.50000000000007,-6.46912234193396E-13,12.85));
#17312=CARTESIAN_POINT('',(-2.50000000000007,-6.46912234193396E-13,12.85));
#17313=CARTESIAN_POINT('Origin',(-7.05001692264647E-14,-4.80329323886843E-13,
12.85));
#17314=CARTESIAN_POINT('',(5.33582269181418,-2.97675934558425,-0.5));
#17315=CARTESIAN_POINT('',(5.54456678583789,-2.56707599369102,-2.));
#17316=CARTESIAN_POINT('Origin',(-7.05001692264647E-14,-4.80329323886843E-13,
12.85));
#17317=CARTESIAN_POINT('',(4.15479971489556,-4.47992626380249,-0.5));
#17318=CARTESIAN_POINT('',(4.47992626380251,-4.15479971489554,-2.));
#17319=CARTESIAN_POINT('Origin',(-7.05001692264647E-14,-4.80329323886843E-13,
12.85));
#17320=CARTESIAN_POINT('',(2.56707599369117,-5.54456678583812,-0.5));
#17321=CARTESIAN_POINT('',(2.9767593455844,-5.33582269181431,-2.));
#17322=CARTESIAN_POINT('Origin',(-7.05001692264647E-14,-4.80329323886843E-13,
12.85));
#17323=CARTESIAN_POINT('',(0.72806898835412,-6.06646647960763,-0.5));
#17324=CARTESIAN_POINT('',(1.18220648231861,-5.99453816679565,-2.));
#17325=CARTESIAN_POINT('Origin',(-7.05001692264647E-14,-4.80329323886843E-13,
12.85));
#17326=CARTESIAN_POINT('',(-1.18220648231796,-5.99453816679579,-0.5));
#17327=CARTESIAN_POINT('',(-0.728068988353468,-6.0664664796077,-2.));
#17328=CARTESIAN_POINT('Origin',(-7.05001692264647E-14,-4.80329323886843E-13,
12.85));
#17329=CARTESIAN_POINT('',(-2.97675934558386,-5.3358226918147,-0.5));
#17330=CARTESIAN_POINT('',(-2.56707599369059,-5.54456678583848,-2.));
#17331=CARTESIAN_POINT('Origin',(-7.05001692264647E-14,-4.80329323886843E-13,
12.85));
#17332=CARTESIAN_POINT('',(-4.4799262638021,-4.15479971489615,-0.5));
#17333=CARTESIAN_POINT('',(-4.15479971489508,-4.47992626380306,-2.));
#17334=CARTESIAN_POINT('Origin',(-7.05001692264647E-14,-4.80329323886843E-13,
12.85));
#17335=CARTESIAN_POINT('',(-5.54456678583773,-2.56707599369176,-0.5));
#17336=CARTESIAN_POINT('',(-5.33582269181388,-2.97675934558499,-2.));
#17337=CARTESIAN_POINT('Origin',(-7.05001692264647E-14,-4.80329323886843E-13,
12.85));
#17338=CARTESIAN_POINT('',(-6.0664664796072,-0.728068988354675,-0.5));
#17339=CARTESIAN_POINT('',(-5.99453816679522,-1.18220648231916,-2.));
#17340=CARTESIAN_POINT('Origin',(-7.05001692264647E-14,-4.80329323886843E-13,
12.85));
#17341=CARTESIAN_POINT('',(-5.99453816679536,1.1822064823174,-0.5));
#17342=CARTESIAN_POINT('',(-6.06646647960731,0.728068988352913,-2.));
#17343=CARTESIAN_POINT('Origin',(-5.58270175065278,1.81392975698005,-3.5556349186104));
#17344=CARTESIAN_POINT('',(-5.78012848534518,1.30058515105861,-2.));
#17345=CARTESIAN_POINT('Origin',(-5.8700000000001,-8.70004998347661E-13,
-3.5556349186104));
#17346=CARTESIAN_POINT('',(-5.89913177531981,0.549227948729641,-0.5));
#17347=CARTESIAN_POINT('',(-5.89913177531973,-0.549227948731367,-2.));
#17348=CARTESIAN_POINT('Origin',(-5.58270175065253,-1.81392975698182,-3.55563491861041));
#17349=CARTESIAN_POINT('',(-5.78012848534503,-1.30058515106034,-0.5));
#17350=CARTESIAN_POINT('',(-5.44068694545811,-2.34527879020346,-2.));
#17351=CARTESIAN_POINT('Origin',(-4.74892975698079,-3.45029943095762,-3.5556349186104));
#17352=CARTESIAN_POINT('',(-5.09532594670142,-3.023087914555,-0.5));
#17353=CARTESIAN_POINT('',(-4.44966976988007,-3.91175740317228,-2.));
#17354=CARTESIAN_POINT('Origin',(-3.45029943095657,-4.7489297569817,-3.5556349186104));
#17355=CARTESIAN_POINT('',(-3.91175740317128,-4.44966976988103,-0.5));
#17356=CARTESIAN_POINT('',(-3.02308791455393,-5.09532594670224,-2.));
#17357=CARTESIAN_POINT('Origin',(-1.81392975698067,-5.58270175065315,-3.5556349186104));
#17358=CARTESIAN_POINT('',(-2.34527879020235,-5.44068694545886,-0.5));
#17359=CARTESIAN_POINT('',(-1.3005851510592,-5.78012848534564,-2.));
#17360=CARTESIAN_POINT('Origin',(3.21628488835093E-13,-5.87000000000051,
-3.5556349186104));
#17361=CARTESIAN_POINT('',(-0.549227948730196,-5.89913177532027,-0.5));
#17362=CARTESIAN_POINT('',(0.549227948730848,-5.8991317753202,-2.));
#17363=CARTESIAN_POINT('Origin',(1.81392975698124,-5.58270175065294,-3.5556349186104));
#17364=CARTESIAN_POINT('',(1.30058515105978,-5.78012848534543,-0.5));
#17365=CARTESIAN_POINT('',(2.3452787902029,-5.44068694545854,-2.));
#17366=CARTESIAN_POINT('Origin',(3.45029943095703,-4.7489297569812,-3.5556349186104));
#17367=CARTESIAN_POINT('',(3.0230879145544,-5.09532594670184,-0.5));
#17368=CARTESIAN_POINT('',(3.91175740317176,-4.4496697698805,-2.));
#17369=CARTESIAN_POINT('Origin',(4.74892975698108,-3.45029943095701,-3.5556349186104));
#17370=CARTESIAN_POINT('',(4.44966976988044,-3.91175740317171,-0.5));
#17371=CARTESIAN_POINT('',(5.09532594670168,-3.02308791455432,-2.));
#17372=CARTESIAN_POINT('Origin',(-5.83756171725575,1.15124853842689,-3.5556349186104));
#17373=CARTESIAN_POINT('Origin',(-5.9076064735947,0.709003351996654,-3.5556349186104));
#17374=CARTESIAN_POINT('Origin',(-5.9076064735946,-0.709003351998465,-3.5556349186104));
#17375=CARTESIAN_POINT('Origin',(-5.83756171725561,-1.15124853842866,-3.5556349186104));
#17376=CARTESIAN_POINT('Origin',(-5.3993735475834,-2.4998530544134,-3.5556349186104));
#17377=CARTESIAN_POINT('Origin',(-5.19609574734744,-2.89880820069245,-3.55563491861039));
#17378=CARTESIAN_POINT('Origin',(-4.36261231908716,-4.04599972236204,-3.5556349186104));
#17379=CARTESIAN_POINT('Origin',(-4.04599972236106,-4.3626123190881,-3.5556349186104));
#17380=CARTESIAN_POINT('Origin',(-2.89880820069133,-5.19609574734824,-3.5556349186104));
#17381=CARTESIAN_POINT('Origin',(-2.49985305441232,-5.39937354758417,-3.5556349186104));
#17382=CARTESIAN_POINT('Origin',(-1.15124853842747,-5.83756171725616,-3.5556349186104));
#17383=CARTESIAN_POINT('Origin',(0.709003351997881,-5.90760647359501,-3.5556349186104));
#17384=CARTESIAN_POINT('Origin',(2.49985305441282,-5.39937354758381,-3.5556349186104));
#17385=CARTESIAN_POINT('Origin',(4.04599972236142,-4.36261231908761,-3.5556349186104));
#17386=CARTESIAN_POINT('Origin',(5.19609574734762,-2.89880820069177,-3.5556349186104));
#17387=CARTESIAN_POINT('Origin',(5.39937354758355,-2.49985305441269,-3.5556349186104));
#17388=CARTESIAN_POINT('Origin',(4.36261231908752,-4.04599972236147,-3.5556349186104));
#17389=CARTESIAN_POINT('Origin',(-0.709003351997238,-5.90760647359511,-3.5556349186104));
#17390=CARTESIAN_POINT('Origin',(1.15124853842808,-5.83756171725602,-3.5556349186104));
#17391=CARTESIAN_POINT('Origin',(2.89880820069183,-5.19609574734785,-3.5556349186104));
#17392=CARTESIAN_POINT('',(0.,0.,0.));
#17393=CARTESIAN_POINT('Origin',(0.,0.,0.1));
#17394=CARTESIAN_POINT('',(-7.5,9.18485099360515E-16,0.2));
#17395=CARTESIAN_POINT('Origin',(0.,0.,0.2));
#17396=CARTESIAN_POINT('',(-7.3,-8.93992163377568E-16,0.));
#17397=CARTESIAN_POINT('',(-7.4,-9.06238631369041E-16,0.1));
#17398=CARTESIAN_POINT('Origin',(0.,0.,0.));
#17399=CARTESIAN_POINT('Origin',(0.,0.,0.));
#17400=CARTESIAN_POINT('',(-7.5,-9.18485099360515E-16,1.3));
#17401=CARTESIAN_POINT('Origin',(0.,0.,1.3));
#17402=CARTESIAN_POINT('',(-7.5,-9.18485099360515E-16,0.));
#17403=CARTESIAN_POINT('Origin',(0.,0.,0.));
#17404=CARTESIAN_POINT('',(-5.,-6.12323399573677E-16,0.));
#17405=CARTESIAN_POINT('Origin',(0.,0.,0.));
#17406=CARTESIAN_POINT('Origin',(0.,0.,1.4));
#17407=CARTESIAN_POINT('',(-7.3,8.93992163377568E-16,1.5));
#17408=CARTESIAN_POINT('Origin',(0.,0.,1.5));
#17409=CARTESIAN_POINT('',(-7.4,-9.06238631369041E-16,1.4));
#17410=CARTESIAN_POINT('Origin',(0.,0.,1.5));
#17411=CARTESIAN_POINT('',(-5.,-6.12323399573677E-16,1.5));
#17412=CARTESIAN_POINT('Origin',(0.,0.,1.5));
#17413=CARTESIAN_POINT('Origin',(0.,0.,0.));
#17414=CARTESIAN_POINT('',(-5.,-6.12323399573677E-16,0.));
#17415=CARTESIAN_POINT('',(0.,0.,0.));
#17416=CARTESIAN_POINT('Origin',(-7.233,0.,3.75));
#17417=CARTESIAN_POINT('',(-7.5,0.,1.55));
#17418=CARTESIAN_POINT('',(-7.24374574829735,1.94374574829735,3.75));
#17419=CARTESIAN_POINT('Ctrl Pts',(-7.5,-2.08166817117217E-16,1.55));
#17420=CARTESIAN_POINT('Ctrl Pts',(-7.5,0.26548258257106,1.55));
#17421=CARTESIAN_POINT('Ctrl Pts',(-7.48450177038146,0.542457589483163,
1.61593816229915));
#17422=CARTESIAN_POINT('Ctrl Pts',(-7.4320266867603,1.03778884297021,1.86719251769139));
#17423=CARTESIAN_POINT('Ctrl Pts',(-7.39596561252925,1.25644220037228,2.05211316140241));
#17424=CARTESIAN_POINT('Ctrl Pts',(-7.33233324458427,1.58560607410522,2.45361337493059));
#17425=CARTESIAN_POINT('Ctrl Pts',(-7.30023969022123,1.72192167097767,2.69600629947146));
#17426=CARTESIAN_POINT('Ctrl Pts',(-7.25566889523383,1.90099500649201,3.21538188998773));
#17427=CARTESIAN_POINT('Ctrl Pts',(-7.24374574829735,1.94374574829735,3.49241436953921));
#17428=CARTESIAN_POINT('Ctrl Pts',(-7.24374574829735,1.94374574829735,3.75));
#17429=CARTESIAN_POINT('',(-7.5,0.,5.95));
#17430=CARTESIAN_POINT('Ctrl Pts',(-7.5,4.85722573273506E-16,5.95));
#17431=CARTESIAN_POINT('Ctrl Pts',(-7.5,-0.26548258257106,5.95));
#17432=CARTESIAN_POINT('Ctrl Pts',(-7.48450177038146,-0.542457589483165,
5.88406183770085));
#17433=CARTESIAN_POINT('Ctrl Pts',(-7.43202668676031,-1.03778884297021,
5.63280748230861));
#17434=CARTESIAN_POINT('Ctrl Pts',(-7.39596561252925,-1.25644220037228,
5.44788683859759));
#17435=CARTESIAN_POINT('Ctrl Pts',(-7.33233324458427,-1.58560607410522,
5.04638662506941));
#17436=CARTESIAN_POINT('Ctrl Pts',(-7.30023969022123,-1.72192167097767,
4.80399370052854));
#17437=CARTESIAN_POINT('Ctrl Pts',(-7.25566889523383,-1.90099500649201,
4.28461811001226));
#17438=CARTESIAN_POINT('Ctrl Pts',(-7.24374574829735,-1.94374574829735,
4.00758563046079));
#17439=CARTESIAN_POINT('Ctrl Pts',(-7.24374574829735,-1.94374574829735,
3.75));
#17440=CARTESIAN_POINT('Ctrl Pts',(-7.24374574829735,-1.94374574829735,
3.49241436953921));
#17441=CARTESIAN_POINT('Ctrl Pts',(-7.25566889523383,-1.90099500649201,
3.21538188998773));
#17442=CARTESIAN_POINT('Ctrl Pts',(-7.30023969022123,-1.72192167097767,
2.69600629947146));
#17443=CARTESIAN_POINT('Ctrl Pts',(-7.33233324458427,-1.58560607410522,
2.45361337493059));
#17444=CARTESIAN_POINT('Ctrl Pts',(-7.39596561252925,-1.25644220037228,
2.05211316140241));
#17445=CARTESIAN_POINT('Ctrl Pts',(-7.4320266867603,-1.03778884297021,1.86719251769139));
#17446=CARTESIAN_POINT('Ctrl Pts',(-7.48450177038146,-0.542457589483163,
1.61593816229915));
#17447=CARTESIAN_POINT('Ctrl Pts',(-7.5,-0.26548258257106,1.55));
#17448=CARTESIAN_POINT('Ctrl Pts',(-7.5,0.,1.55));
#17449=CARTESIAN_POINT('Ctrl Pts',(-7.24374574829735,1.94374574829735,3.75));
#17450=CARTESIAN_POINT('Ctrl Pts',(-7.24374574829735,1.94374574829735,4.00758563046079));
#17451=CARTESIAN_POINT('Ctrl Pts',(-7.25566889523383,1.90099500649201,4.28461811001227));
#17452=CARTESIAN_POINT('Ctrl Pts',(-7.30023969022123,1.72192167097767,4.80399370052854));
#17453=CARTESIAN_POINT('Ctrl Pts',(-7.33233324458427,1.58560607410522,5.04638662506941));
#17454=CARTESIAN_POINT('Ctrl Pts',(-7.39596561252925,1.25644220037228,5.44788683859759));
#17455=CARTESIAN_POINT('Ctrl Pts',(-7.4320266867603,1.03778884297021,5.63280748230861));
#17456=CARTESIAN_POINT('Ctrl Pts',(-7.48450177038146,0.542457589483163,
5.88406183770085));
#17457=CARTESIAN_POINT('Ctrl Pts',(-7.5,0.26548258257106,5.95));
#17458=CARTESIAN_POINT('Ctrl Pts',(-7.5,-6.93889390390723E-17,5.95));
#17459=CARTESIAN_POINT('',(-6.966,1.666,3.75));
#17460=CARTESIAN_POINT('',(-7.233,1.933,3.75));
#17461=CARTESIAN_POINT('Origin',(-6.966,0.,3.75));
#17462=CARTESIAN_POINT('Origin',(0.,-7.233,3.75));
#17463=CARTESIAN_POINT('',(0.,-7.5,1.55));
#17464=CARTESIAN_POINT('',(0.,-7.5,5.95));
#17465=CARTESIAN_POINT('Ctrl Pts',(6.93889390390723E-17,-7.5,1.55));
#17466=CARTESIAN_POINT('Ctrl Pts',(-0.26548258257106,-7.5,1.55));
#17467=CARTESIAN_POINT('Ctrl Pts',(-0.542457589483163,-7.48450177038146,
1.61593816229915));
#17468=CARTESIAN_POINT('Ctrl Pts',(-1.03778884297021,-7.4320266867603,1.86719251769139));
#17469=CARTESIAN_POINT('Ctrl Pts',(-1.25644220037228,-7.39596561252925,
2.05211316140241));
#17470=CARTESIAN_POINT('Ctrl Pts',(-1.58560607410522,-7.33233324458427,
2.45361337493059));
#17471=CARTESIAN_POINT('Ctrl Pts',(-1.72192167097767,-7.30023969022123,
2.69600629947146));
#17472=CARTESIAN_POINT('Ctrl Pts',(-1.90099500649201,-7.25566889523383,
3.21538188998774));
#17473=CARTESIAN_POINT('Ctrl Pts',(-1.94374574829735,-7.24374574829735,
3.49241436953921));
#17474=CARTESIAN_POINT('Ctrl Pts',(-1.94374574829735,-7.24374574829735,
4.00758563046079));
#17475=CARTESIAN_POINT('Ctrl Pts',(-1.90099500649201,-7.25566889523383,
4.28461811001227));
#17476=CARTESIAN_POINT('Ctrl Pts',(-1.72192167097767,-7.30023969022123,
4.80399370052854));
#17477=CARTESIAN_POINT('Ctrl Pts',(-1.58560607410522,-7.33233324458427,
5.04638662506941));
#17478=CARTESIAN_POINT('Ctrl Pts',(-1.25644220037228,-7.39596561252925,
5.44788683859759));
#17479=CARTESIAN_POINT('Ctrl Pts',(-1.03778884297021,-7.4320266867603,5.63280748230861));
#17480=CARTESIAN_POINT('Ctrl Pts',(-0.542457589483162,-7.48450177038146,
5.88406183770085));
#17481=CARTESIAN_POINT('Ctrl Pts',(-0.26548258257106,-7.5,5.95));
#17482=CARTESIAN_POINT('Ctrl Pts',(-6.93889390390723E-17,-7.5,5.95));
#17483=CARTESIAN_POINT('Ctrl Pts',(-4.16333634234434E-16,-7.5,5.95));
#17484=CARTESIAN_POINT('Ctrl Pts',(0.265482582571059,-7.5,5.95));
#17485=CARTESIAN_POINT('Ctrl Pts',(0.542457589483162,-7.48450177038146,
5.88406183770085));
#17486=CARTESIAN_POINT('Ctrl Pts',(1.03778884297021,-7.4320266867603,5.63280748230861));
#17487=CARTESIAN_POINT('Ctrl Pts',(1.25644220037228,-7.39596561252925,5.44788683859759));
#17488=CARTESIAN_POINT('Ctrl Pts',(1.58560607410522,-7.33233324458427,5.04638662506941));
#17489=CARTESIAN_POINT('Ctrl Pts',(1.72192167097767,-7.30023969022123,4.80399370052854));
#17490=CARTESIAN_POINT('Ctrl Pts',(1.90099500649201,-7.25566889523383,4.28461811001227));
#17491=CARTESIAN_POINT('Ctrl Pts',(1.94374574829735,-7.24374574829735,4.00758563046079));
#17492=CARTESIAN_POINT('Ctrl Pts',(1.94374574829735,-7.24374574829735,3.75));
#17493=CARTESIAN_POINT('Ctrl Pts',(1.94374574829735,-7.24374574829735,3.49241436953921));
#17494=CARTESIAN_POINT('Ctrl Pts',(1.90099500649201,-7.25566889523383,3.21538188998773));
#17495=CARTESIAN_POINT('Ctrl Pts',(1.72192167097767,-7.30023969022123,2.69600629947146));
#17496=CARTESIAN_POINT('Ctrl Pts',(1.58560607410522,-7.33233324458427,2.45361337493059));
#17497=CARTESIAN_POINT('Ctrl Pts',(1.25644220037228,-7.39596561252925,2.05211316140241));
#17498=CARTESIAN_POINT('Ctrl Pts',(1.03778884297021,-7.4320266867603,1.86719251769139));
#17499=CARTESIAN_POINT('Ctrl Pts',(0.542457589483163,-7.48450177038146,
1.61593816229915));
#17500=CARTESIAN_POINT('Ctrl Pts',(0.26548258257106,-7.5,1.55));
#17501=CARTESIAN_POINT('Ctrl Pts',(0.,-7.5,1.55));
#17502=CARTESIAN_POINT('',(2.04026156737949E-16,-6.966,5.416));
#17503=CARTESIAN_POINT('',(2.36724226275183E-16,-7.233,5.683));
#17504=CARTESIAN_POINT('Origin',(0.,-6.966,3.75));
#17505=CARTESIAN_POINT('Origin',(-6.,0.,3.75));
#17506=CARTESIAN_POINT('',(-4.71428085714035,1.666,3.75));
#17507=CARTESIAN_POINT('',(-6.,1.666,3.75));
#17508=CARTESIAN_POINT('',(-5.,-3.06161699786838E-16,5.416));
#17509=CARTESIAN_POINT('Ctrl Pts',(-5.,-6.93889390390723E-17,5.416));
#17510=CARTESIAN_POINT('Ctrl Pts',(-5.,0.210893073330259,5.416));
#17511=CARTESIAN_POINT('Ctrl Pts',(-4.98534917040753,0.434767560325977,
5.37352491774233));
#17512=CARTESIAN_POINT('Ctrl Pts',(-4.93244960530194,0.844789958715575,
5.2029920341798));
#17513=CARTESIAN_POINT('Ctrl Pts',(-4.89487365673828,1.03105997686402,5.07501981804956));
#17514=CARTESIAN_POINT('Ctrl Pts',(-4.82359161146059,1.32508790383454,4.78099189107904));
#17515=CARTESIAN_POINT('Ctrl Pts',(-4.78505957928564,1.45300770264396,4.59474899327273));
#17516=CARTESIAN_POINT('Ctrl Pts',(-4.72993338685163,1.6235014968162,4.18482716531966));
#17517=CARTESIAN_POINT('Ctrl Pts',(-4.71428085714035,1.666,3.96099076572516));
#17518=CARTESIAN_POINT('Ctrl Pts',(-4.71428085714035,1.666,3.75));
#17519=CARTESIAN_POINT('',(-5.,-3.40856169306374E-16,2.084));
#17520=CARTESIAN_POINT('Ctrl Pts',(-5.,-6.93889390390723E-17,2.084));
#17521=CARTESIAN_POINT('Ctrl Pts',(-5.,-0.21089307333026,2.084));
#17522=CARTESIAN_POINT('Ctrl Pts',(-4.98534917040753,-0.434767560325977,
2.12647508225767));
#17523=CARTESIAN_POINT('Ctrl Pts',(-4.93244960530194,-0.844789958715575,
2.2970079658202));
#17524=CARTESIAN_POINT('Ctrl Pts',(-4.89487365673828,-1.03105997686402,
2.42498018195044));
#17525=CARTESIAN_POINT('Ctrl Pts',(-4.82359161146059,-1.32508790383454,
2.71900810892096));
#17526=CARTESIAN_POINT('Ctrl Pts',(-4.78505957928564,-1.45300770264397,
2.90525100672727));
#17527=CARTESIAN_POINT('Ctrl Pts',(-4.72993338685163,-1.6235014968162,3.31517283468034));
#17528=CARTESIAN_POINT('Ctrl Pts',(-4.71428085714035,-1.666,3.53900923427484));
#17529=CARTESIAN_POINT('Ctrl Pts',(-4.71428085714035,-1.666,3.96099076572516));
#17530=CARTESIAN_POINT('Ctrl Pts',(-4.72993338685163,-1.6235014968162,4.18482716531966));
#17531=CARTESIAN_POINT('Ctrl Pts',(-4.78505957928564,-1.45300770264397,
4.59474899327273));
#17532=CARTESIAN_POINT('Ctrl Pts',(-4.82359161146059,-1.32508790383454,
4.78099189107904));
#17533=CARTESIAN_POINT('Ctrl Pts',(-4.89487365673828,-1.03105997686402,
5.07501981804956));
#17534=CARTESIAN_POINT('Ctrl Pts',(-4.93244960530194,-0.844789958715575,
5.2029920341798));
#17535=CARTESIAN_POINT('Ctrl Pts',(-4.98534917040753,-0.434767560325977,
5.37352491774233));
#17536=CARTESIAN_POINT('Ctrl Pts',(-5.,-0.21089307333026,5.416));
#17537=CARTESIAN_POINT('Ctrl Pts',(-5.,-6.93889390390723E-17,5.416));
#17538=CARTESIAN_POINT('Ctrl Pts',(-4.71428085714035,1.666,3.75));
#17539=CARTESIAN_POINT('Ctrl Pts',(-4.71428085714035,1.666,3.53900923427484));
#17540=CARTESIAN_POINT('Ctrl Pts',(-4.72993338685163,1.6235014968162,3.31517283468034));
#17541=CARTESIAN_POINT('Ctrl Pts',(-4.78505957928564,1.45300770264396,2.90525100672727));
#17542=CARTESIAN_POINT('Ctrl Pts',(-4.82359161146059,1.32508790383454,2.71900810892096));
#17543=CARTESIAN_POINT('Ctrl Pts',(-4.89487365673828,1.03105997686402,2.42498018195044));
#17544=CARTESIAN_POINT('Ctrl Pts',(-4.93244960530194,0.844789958715575,
2.2970079658202));
#17545=CARTESIAN_POINT('Ctrl Pts',(-4.98534917040753,0.434767560325977,
2.12647508225767));
#17546=CARTESIAN_POINT('Ctrl Pts',(-5.,0.21089307333026,2.084));
#17547=CARTESIAN_POINT('Ctrl Pts',(-5.,0.,2.084));
#17548=CARTESIAN_POINT('Origin',(0.,-6.,3.75));
#17549=CARTESIAN_POINT('',(1.71402017408047E-16,-5.,5.416));
#17550=CARTESIAN_POINT('',(2.04026156737949E-16,-6.,5.416));
#17551=CARTESIAN_POINT('',(-1.666,-4.71428085714035,3.75));
#17552=CARTESIAN_POINT('Ctrl Pts',(-1.666,-4.71428085714035,3.75));
#17553=CARTESIAN_POINT('Ctrl Pts',(-1.666,-4.71428085714035,3.53900923427484));
#17554=CARTESIAN_POINT('Ctrl Pts',(-1.6235014968162,-4.72993338685163,3.31517283468034));
#17555=CARTESIAN_POINT('Ctrl Pts',(-1.45300770264397,-4.78505957928564,
2.90525100672727));
#17556=CARTESIAN_POINT('Ctrl Pts',(-1.32508790383454,-4.82359161146059,
2.71900810892096));
#17557=CARTESIAN_POINT('Ctrl Pts',(-1.03105997686402,-4.89487365673828,
2.42498018195044));
#17558=CARTESIAN_POINT('Ctrl Pts',(-0.844789958715575,-4.93244960530194,
2.2970079658202));
#17559=CARTESIAN_POINT('Ctrl Pts',(-0.434767560325977,-4.98534917040753,
2.12647508225767));
#17560=CARTESIAN_POINT('Ctrl Pts',(-0.21089307333026,-5.,2.084));
#17561=CARTESIAN_POINT('Ctrl Pts',(0.21089307333026,-5.,2.084));
#17562=CARTESIAN_POINT('Ctrl Pts',(0.434767560325977,-4.98534917040753,
2.12647508225767));
#17563=CARTESIAN_POINT('Ctrl Pts',(0.844789958715575,-4.93244960530194,
2.2970079658202));
#17564=CARTESIAN_POINT('Ctrl Pts',(1.03105997686402,-4.89487365673828,2.42498018195044));
#17565=CARTESIAN_POINT('Ctrl Pts',(1.32508790383454,-4.82359161146059,2.71900810892096));
#17566=CARTESIAN_POINT('Ctrl Pts',(1.45300770264397,-4.78505957928564,2.90525100672727));
#17567=CARTESIAN_POINT('Ctrl Pts',(1.6235014968162,-4.72993338685163,3.31517283468034));
#17568=CARTESIAN_POINT('Ctrl Pts',(1.666,-4.71428085714035,3.53900923427484));
#17569=CARTESIAN_POINT('Ctrl Pts',(1.666,-4.71428085714035,3.96099076572516));
#17570=CARTESIAN_POINT('Ctrl Pts',(1.6235014968162,-4.72993338685163,4.18482716531966));
#17571=CARTESIAN_POINT('Ctrl Pts',(1.45300770264397,-4.78505957928564,4.59474899327273));
#17572=CARTESIAN_POINT('Ctrl Pts',(1.32508790383454,-4.82359161146059,4.78099189107904));
#17573=CARTESIAN_POINT('Ctrl Pts',(1.03105997686402,-4.89487365673828,5.07501981804956));
#17574=CARTESIAN_POINT('Ctrl Pts',(0.844789958715575,-4.93244960530194,
5.2029920341798));
#17575=CARTESIAN_POINT('Ctrl Pts',(0.434767560325978,-4.98534917040753,
5.37352491774233));
#17576=CARTESIAN_POINT('Ctrl Pts',(0.21089307333026,-5.,5.416));
#17577=CARTESIAN_POINT('Ctrl Pts',(2.08166817117217E-16,-5.,5.416));
#17578=CARTESIAN_POINT('Ctrl Pts',(6.93889390390723E-17,-5.,5.416));
#17579=CARTESIAN_POINT('Ctrl Pts',(-0.210893073330259,-5.,5.416));
#17580=CARTESIAN_POINT('Ctrl Pts',(-0.434767560325977,-4.98534917040753,
5.37352491774233));
#17581=CARTESIAN_POINT('Ctrl Pts',(-0.844789958715575,-4.93244960530194,
5.2029920341798));
#17582=CARTESIAN_POINT('Ctrl Pts',(-1.03105997686402,-4.89487365673828,
5.07501981804956));
#17583=CARTESIAN_POINT('Ctrl Pts',(-1.32508790383454,-4.82359161146059,
4.78099189107904));
#17584=CARTESIAN_POINT('Ctrl Pts',(-1.45300770264396,-4.78505957928564,
4.59474899327273));
#17585=CARTESIAN_POINT('Ctrl Pts',(-1.6235014968162,-4.72993338685163,4.18482716531966));
#17586=CARTESIAN_POINT('Ctrl Pts',(-1.666,-4.71428085714035,3.96099076572516));
#17587=CARTESIAN_POINT('Ctrl Pts',(-1.666,-4.71428085714035,3.75));
#17588=CARTESIAN_POINT('Origin',(0.,0.,0.1));
#17589=CARTESIAN_POINT('',(-7.5,9.18485099360515E-16,0.2));
#17590=CARTESIAN_POINT('Origin',(0.,0.,0.2));
#17591=CARTESIAN_POINT('',(-7.3,-8.93992163377568E-16,0.));
#17592=CARTESIAN_POINT('',(-7.4,-9.06238631369041E-16,0.1));
#17593=CARTESIAN_POINT('Origin',(0.,0.,0.));
#17594=CARTESIAN_POINT('Origin',(0.,0.,0.));
#17595=CARTESIAN_POINT('',(-7.5,-9.18485099360515E-16,7.3));
#17596=CARTESIAN_POINT('Origin',(0.,0.,7.3));
#17597=CARTESIAN_POINT('',(-7.5,-9.18485099360515E-16,0.));
#17598=CARTESIAN_POINT('',(-7.5,-9.18485099360515E-16,0.));
#17599=CARTESIAN_POINT('Origin',(0.,0.,0.));
#17600=CARTESIAN_POINT('',(-5.,-6.12323399573677E-16,0.));
#17601=CARTESIAN_POINT('Origin',(0.,0.,0.));
#17602=CARTESIAN_POINT('Origin',(0.,0.,7.4));
#17603=CARTESIAN_POINT('',(-7.3,8.93992163377568E-16,7.5));
#17604=CARTESIAN_POINT('Origin',(0.,0.,7.5));
#17605=CARTESIAN_POINT('',(-7.4,-9.06238631369041E-16,7.4));
#17606=CARTESIAN_POINT('Origin',(0.,0.,7.5));
#17607=CARTESIAN_POINT('',(-5.,-6.12323399573677E-16,7.5));
#17608=CARTESIAN_POINT('Origin',(0.,0.,7.5));
#17609=CARTESIAN_POINT('Origin',(0.,0.,0.));
#17610=CARTESIAN_POINT('',(-5.,-6.12323399573677E-16,0.));
#17611=CARTESIAN_POINT('',(-5.,-6.12323399573677E-16,0.));
#17612=CARTESIAN_POINT('',(0.,0.,0.));
#17613=CARTESIAN_POINT('Origin',(-7.69799263396211E-14,-7.25,-3.75));
#17614=CARTESIAN_POINT('',(1.45399999999992,-7.5,-3.75));
#17615=CARTESIAN_POINT('Origin',(-7.69799805497298E-14,-7.5,-3.75));
#17616=CARTESIAN_POINT('',(1.95399999999992,-7.,-3.75));
#17617=CARTESIAN_POINT('',(1.70399999999992,-7.25,-3.75));
#17618=CARTESIAN_POINT('Origin',(-7.69798721295125E-14,-7.,-3.75));
#17619=CARTESIAN_POINT('Origin',(-7.69791131879917E-14,-3.5,-3.75));
#17620=CARTESIAN_POINT('',(1.95399999999992,-3.5,-3.75));
#17621=CARTESIAN_POINT('',(1.95399999999992,-3.5,-3.75));
#17622=CARTESIAN_POINT('Origin',(-7.69791131879917E-14,-3.5,-3.75));
#17623=CARTESIAN_POINT('Origin',(-7.69799805497298E-14,-7.5,-3.75));
#17624=CARTESIAN_POINT('',(0.0344467954912705,-7.5,-4.90418661905851));
#17625=CARTESIAN_POINT('',(1.01677833055833,-7.5,-4.29726150955479));
#17626=CARTESIAN_POINT('',(0.329146256011385,-7.5,-4.72210908620739));
#17627=CARTESIAN_POINT('',(-0.982331535067149,-7.5,-4.35692510950371));
#17628=CARTESIAN_POINT('',(-0.677298035899624,-7.5,-4.52110356237015));
#17629=CARTESIAN_POINT('',(-1.01677833055849,-7.5,-3.20273849044521));
#17630=CARTESIAN_POINT('',(-1.00644429191109,-7.5,-3.54899447616277));
#17631=CARTESIAN_POINT('',(-0.0344467954914165,-7.5,-2.59581338094149));
#17632=CARTESIAN_POINT('',(-0.329146256011538,-7.5,-2.7778909137926));
#17633=CARTESIAN_POINT('',(0.982331535066994,-7.5,-3.14307489049628));
#17634=CARTESIAN_POINT('',(0.677298035899472,-7.5,-2.97889643762984));
#17635=CARTESIAN_POINT('',(1.00644429191093,-7.5,-3.95100552383723));
#17636=CARTESIAN_POINT('Origin',(-7.69791131879917E-14,-3.5,-3.75));
#17637=CARTESIAN_POINT('Origin',(-0.880653702011308,-8.00128218155395,-4.41165126045919));
#17638=CARTESIAN_POINT('',(0.0344467954912705,-5.49999999999995,-4.90418661905848));
#17639=CARTESIAN_POINT('',(0.0344467954912702,-8.00128218155395,-4.90418661905851));
#17640=CARTESIAN_POINT('',(-0.982331535067149,-5.49999999999995,-4.35692510950369));
#17641=CARTESIAN_POINT('',(-1.49631352450628,-5.49999999999995,-4.08028412398037));
#17642=CARTESIAN_POINT('',(-0.982331535067149,-8.00128218155395,-4.35692510950371));
#17643=CARTESIAN_POINT('Origin',(0.13267994899797,-8.00128218155395,-4.84349410810814));
#17644=CARTESIAN_POINT('',(1.01677833055833,-5.49999999999995,-4.29726150955476));
#17645=CARTESIAN_POINT('',(1.01677833055833,-8.00128218155395,-4.29726150955479));
#17646=CARTESIAN_POINT('',(1.20668059565071,-5.49999999999995,-4.17993202462855));
#17647=CARTESIAN_POINT('Origin',(1.0133336510092,-8.00128218155395,-4.18184284764894));
#17648=CARTESIAN_POINT('',(0.982331535066994,-5.49999999999995,-3.14307489049625));
#17649=CARTESIAN_POINT('',(0.982331535066994,-8.00128218155395,-3.14307489049628));
#17650=CARTESIAN_POINT('',(0.947925440878327,-5.49999999999995,-1.99025202380578));
#17651=CARTESIAN_POINT('Origin',(0.880653702011153,-8.00128218155395,-3.0883487395408));
#17652=CARTESIAN_POINT('',(-0.0344467954914165,-5.49999999999995,-2.59581338094146));
#17653=CARTESIAN_POINT('',(-0.0344467954914165,-8.00128218155395,-2.59581338094149));
#17654=CARTESIAN_POINT('',(-0.141717452707187,-5.49999999999995,-2.53807699924006));
#17655=CARTESIAN_POINT('Origin',(-0.132679948998124,-8.00128218155395,-2.65650589189186));
#17656=CARTESIAN_POINT('',(-1.01677833055849,-5.49999999999995,-3.20273849044518));
#17657=CARTESIAN_POINT('',(-1.01677833055849,-8.00128218155395,-3.20273849044521));
#17658=CARTESIAN_POINT('',(0.548388083627783,-5.49999999999995,-2.23571385221376));
#17659=CARTESIAN_POINT('Origin',(-1.01333365100935,-8.00128218155395,-3.31815715235106));
#17660=CARTESIAN_POINT('',(-1.06496314294369,-5.49999999999995,-1.58824097613131));
#17661=CARTESIAN_POINT('Origin',(-1.30104260769386E-18,-5.49999999999995,
0.175000000000028));
#17662=CARTESIAN_POINT('',(0.,0.,0.));
#17663=CARTESIAN_POINT('',(0.,0.,-7.));
#17664=CARTESIAN_POINT('',(0.,0.,5.5));
#17665=CARTESIAN_POINT('',(0.,0.999999999999979,13.));
#17666=CARTESIAN_POINT('',(1.00000000000001,0.,13.));
#17667=CARTESIAN_POINT('',(195.000000000063,-176.500002288781,14.9999999980458));
#17668=CARTESIAN_POINT('',(195.000000000063,-158.000002288781,-15.0000000019561));
#17669=CARTESIAN_POINT('',(195.000000000063,-158.000002288781,14.9999999980458));
#17670=CARTESIAN_POINT('',(195.000000000064,-176.500002288781,-15.0000000019579));
#17671=CARTESIAN_POINT('',(195.000000000049,-158.000002288777,8.60000026030067));
#17672=CARTESIAN_POINT('',(195.000000000047,-176.500002288776,8.60000026029957));
#17673=CARTESIAN_POINT('',(195.000000000111,-176.500002288777,-8.6000002642118));
#17674=CARTESIAN_POINT('',(195.000000000109,-158.000002288777,-8.60000026421109));
#17675=CARTESIAN_POINT('',(175.74,-174.6,-9.0000000000001));
#17676=CARTESIAN_POINT('',(175.740000000001,-174.6,-13.9999997377508));
#17677=CARTESIAN_POINT('',(171.489999999999,-190.6,-13.9999999999999));
#17678=CARTESIAN_POINT('',(175.74,-174.6,-13.0000000000001));
#17679=CARTESIAN_POINT('',(171.490000001011,-190.599999999981,14.0000000000002));
#17680=CARTESIAN_POINT('',(171.490000001009,-190.599999999984,6.50000000000026));
#17681=CARTESIAN_POINT('',(171.490001847309,-190.600007070015,-13.4999999999936));
#17682=CARTESIAN_POINT('',(175.74,-174.6,-18.2999999403894));
#17683=CARTESIAN_POINT('',(175.739999999997,-174.599999999999,18.3000002622543));
#17684=CARTESIAN_POINT('',(179.000000000003,-199.500000000001,-18.3000002026431));
#17685=CARTESIAN_POINT('',(179.,-199.500000000002,18.3000000000003));
#17686=CARTESIAN_POINT('',(171.490000001011,-190.599999999982,18.0000000000002));
#17687=CARTESIAN_POINT('',(179.,-199.5,-15.0000000000001));
#17688=CARTESIAN_POINT('',(171.490000001007,-190.599999999983,7.00000000000022));
#17689=CARTESIAN_POINT('',(175.739999999999,-174.600000000002,-6.50590692430342E-13));
#17690=CARTESIAN_POINT('',(91.5,-131.5,1.06581410364015E-13));
#17691=CARTESIAN_POINT('',(91.5,-131.5,1.06581410364015E-13));
#17692=CARTESIAN_POINT('',(171.49,-190.6,-6.5));
#17693=UNCERTAINTY_MEASURE_WITH_UNIT(LENGTH_MEASURE(0.01),#17731,
'DISTANCE_ACCURACY_VALUE',
'Maximum model space distance between geometric entities at asserted c
onnectivities');
#17694=UNCERTAINTY_MEASURE_WITH_UNIT(LENGTH_MEASURE(0.01),#17731,
'DISTANCE_ACCURACY_VALUE',
'Maximum model space distance between geometric entities at asserted c
onnectivities');
#17695=UNCERTAINTY_MEASURE_WITH_UNIT(LENGTH_MEASURE(0.01),#17731,
'DISTANCE_ACCURACY_VALUE',
'Maximum model space distance between geometric entities at asserted c
onnectivities');
#17696=UNCERTAINTY_MEASURE_WITH_UNIT(LENGTH_MEASURE(0.01),#17731,
'DISTANCE_ACCURACY_VALUE',
'Maximum model space distance between geometric entities at asserted c
onnectivities');
#17697=UNCERTAINTY_MEASURE_WITH_UNIT(LENGTH_MEASURE(0.01),#17731,
'DISTANCE_ACCURACY_VALUE',
'Maximum model space distance between geometric entities at asserted c
onnectivities');
#17698=UNCERTAINTY_MEASURE_WITH_UNIT(LENGTH_MEASURE(0.01),#17731,
'DISTANCE_ACCURACY_VALUE',
'Maximum model space distance between geometric entities at asserted c
onnectivities');
#17699=UNCERTAINTY_MEASURE_WITH_UNIT(LENGTH_MEASURE(0.01),#17731,
'DISTANCE_ACCURACY_VALUE',
'Maximum model space distance between geometric entities at asserted c
onnectivities');
#17700=UNCERTAINTY_MEASURE_WITH_UNIT(LENGTH_MEASURE(0.01),#17731,
'DISTANCE_ACCURACY_VALUE',
'Maximum model space distance between geometric entities at asserted c
onnectivities');
#17701=UNCERTAINTY_MEASURE_WITH_UNIT(LENGTH_MEASURE(0.01),#17731,
'DISTANCE_ACCURACY_VALUE',
'Maximum model space distance between geometric entities at asserted c
onnectivities');
#17702=UNCERTAINTY_MEASURE_WITH_UNIT(LENGTH_MEASURE(0.01),#17731,
'DISTANCE_ACCURACY_VALUE',
'Maximum model space distance between geometric entities at asserted c
onnectivities');
#17703=UNCERTAINTY_MEASURE_WITH_UNIT(LENGTH_MEASURE(0.01),#17731,
'DISTANCE_ACCURACY_VALUE',
'Maximum model space distance between geometric entities at asserted c
onnectivities');
#17704=UNCERTAINTY_MEASURE_WITH_UNIT(LENGTH_MEASURE(0.01),#17731,
'DISTANCE_ACCURACY_VALUE',
'Maximum model space distance between geometric entities at asserted c
onnectivities');
#17705=UNCERTAINTY_MEASURE_WITH_UNIT(LENGTH_MEASURE(0.01),#17731,
'DISTANCE_ACCURACY_VALUE',
'Maximum model space distance between geometric entities at asserted c
onnectivities');
#17706=UNCERTAINTY_MEASURE_WITH_UNIT(LENGTH_MEASURE(0.01),#17731,
'DISTANCE_ACCURACY_VALUE',
'Maximum model space distance between geometric entities at asserted c
onnectivities');
#17707=UNCERTAINTY_MEASURE_WITH_UNIT(LENGTH_MEASURE(0.01),#17731,
'DISTANCE_ACCURACY_VALUE',
'Maximum model space distance between geometric entities at asserted c
onnectivities');
#17708=UNCERTAINTY_MEASURE_WITH_UNIT(LENGTH_MEASURE(0.01),#17731,
'DISTANCE_ACCURACY_VALUE',
'Maximum model space distance between geometric entities at asserted c
onnectivities');
#17709=UNCERTAINTY_MEASURE_WITH_UNIT(LENGTH_MEASURE(0.01),#17731,
'DISTANCE_ACCURACY_VALUE',
'Maximum model space distance between geometric entities at asserted c
onnectivities');
#17710=UNCERTAINTY_MEASURE_WITH_UNIT(LENGTH_MEASURE(0.01),#17731,
'DISTANCE_ACCURACY_VALUE',
'Maximum model space distance between geometric entities at asserted c
onnectivities');
#17711=UNCERTAINTY_MEASURE_WITH_UNIT(LENGTH_MEASURE(0.01),#17731,
'DISTANCE_ACCURACY_VALUE',
'Maximum model space distance between geometric entities at asserted c
onnectivities');
#17712=(
GEOMETRIC_REPRESENTATION_CONTEXT(3)
GLOBAL_UNCERTAINTY_ASSIGNED_CONTEXT((#17693))
GLOBAL_UNIT_ASSIGNED_CONTEXT((#17731,#17733,#17734))
REPRESENTATION_CONTEXT('','3D')
);
#17713=(
GEOMETRIC_REPRESENTATION_CONTEXT(3)
GLOBAL_UNCERTAINTY_ASSIGNED_CONTEXT((#17694))
GLOBAL_UNIT_ASSIGNED_CONTEXT((#17731,#17733,#17734))
REPRESENTATION_CONTEXT('','3D')
);
#17714=(
GEOMETRIC_REPRESENTATION_CONTEXT(3)
GLOBAL_UNCERTAINTY_ASSIGNED_CONTEXT((#17695))
GLOBAL_UNIT_ASSIGNED_CONTEXT((#17731,#17733,#17734))
REPRESENTATION_CONTEXT('','3D')
);
#17715=(
GEOMETRIC_REPRESENTATION_CONTEXT(3)
GLOBAL_UNCERTAINTY_ASSIGNED_CONTEXT((#17696))
GLOBAL_UNIT_ASSIGNED_CONTEXT((#17731,#17733,#17734))
REPRESENTATION_CONTEXT('','3D')
);
#17716=(
GEOMETRIC_REPRESENTATION_CONTEXT(3)
GLOBAL_UNCERTAINTY_ASSIGNED_CONTEXT((#17697))
GLOBAL_UNIT_ASSIGNED_CONTEXT((#17731,#17733,#17734))
REPRESENTATION_CONTEXT('','3D')
);
#17717=(
GEOMETRIC_REPRESENTATION_CONTEXT(3)
GLOBAL_UNCERTAINTY_ASSIGNED_CONTEXT((#17698))
GLOBAL_UNIT_ASSIGNED_CONTEXT((#17731,#17733,#17734))
REPRESENTATION_CONTEXT('','3D')
);
#17718=(
GEOMETRIC_REPRESENTATION_CONTEXT(3)
GLOBAL_UNCERTAINTY_ASSIGNED_CONTEXT((#17699))
GLOBAL_UNIT_ASSIGNED_CONTEXT((#17731,#17733,#17734))
REPRESENTATION_CONTEXT('','3D')
);
#17719=(
GEOMETRIC_REPRESENTATION_CONTEXT(3)
GLOBAL_UNCERTAINTY_ASSIGNED_CONTEXT((#17700))
GLOBAL_UNIT_ASSIGNED_CONTEXT((#17731,#17733,#17734))
REPRESENTATION_CONTEXT('','3D')
);
#17720=(
GEOMETRIC_REPRESENTATION_CONTEXT(3)
GLOBAL_UNCERTAINTY_ASSIGNED_CONTEXT((#17701))
GLOBAL_UNIT_ASSIGNED_CONTEXT((#17731,#17733,#17734))
REPRESENTATION_CONTEXT('','3D')
);
#17721=(
GEOMETRIC_REPRESENTATION_CONTEXT(3)
GLOBAL_UNCERTAINTY_ASSIGNED_CONTEXT((#17702))
GLOBAL_UNIT_ASSIGNED_CONTEXT((#17731,#17733,#17734))
REPRESENTATION_CONTEXT('','3D')
);
#17722=(
GEOMETRIC_REPRESENTATION_CONTEXT(3)
GLOBAL_UNCERTAINTY_ASSIGNED_CONTEXT((#17703))
GLOBAL_UNIT_ASSIGNED_CONTEXT((#17731,#17733,#17734))
REPRESENTATION_CONTEXT('','3D')
);
#17723=(
GEOMETRIC_REPRESENTATION_CONTEXT(3)
GLOBAL_UNCERTAINTY_ASSIGNED_CONTEXT((#17704))
GLOBAL_UNIT_ASSIGNED_CONTEXT((#17731,#17733,#17734))
REPRESENTATION_CONTEXT('','3D')
);
#17724=(
GEOMETRIC_REPRESENTATION_CONTEXT(3)
GLOBAL_UNCERTAINTY_ASSIGNED_CONTEXT((#17705))
GLOBAL_UNIT_ASSIGNED_CONTEXT((#17731,#17733,#17734))
REPRESENTATION_CONTEXT('','3D')
);
#17725=(
GEOMETRIC_REPRESENTATION_CONTEXT(3)
GLOBAL_UNCERTAINTY_ASSIGNED_CONTEXT((#17706))
GLOBAL_UNIT_ASSIGNED_CONTEXT((#17731,#17733,#17734))
REPRESENTATION_CONTEXT('','3D')
);
#17726=(
GEOMETRIC_REPRESENTATION_CONTEXT(3)
GLOBAL_UNCERTAINTY_ASSIGNED_CONTEXT((#17707))
GLOBAL_UNIT_ASSIGNED_CONTEXT((#17731,#17733,#17734))
REPRESENTATION_CONTEXT('','3D')
);
#17727=(
GEOMETRIC_REPRESENTATION_CONTEXT(3)
GLOBAL_UNCERTAINTY_ASSIGNED_CONTEXT((#17708))
GLOBAL_UNIT_ASSIGNED_CONTEXT((#17731,#17733,#17734))
REPRESENTATION_CONTEXT('','3D')
);
#17728=(
GEOMETRIC_REPRESENTATION_CONTEXT(3)
GLOBAL_UNCERTAINTY_ASSIGNED_CONTEXT((#17709))
GLOBAL_UNIT_ASSIGNED_CONTEXT((#17731,#17733,#17734))
REPRESENTATION_CONTEXT('','3D')
);
#17729=(
GEOMETRIC_REPRESENTATION_CONTEXT(3)
GLOBAL_UNCERTAINTY_ASSIGNED_CONTEXT((#17710))
GLOBAL_UNIT_ASSIGNED_CONTEXT((#17731,#17733,#17734))
REPRESENTATION_CONTEXT('','3D')
);
#17730=(
GEOMETRIC_REPRESENTATION_CONTEXT(3)
GLOBAL_UNCERTAINTY_ASSIGNED_CONTEXT((#17711))
GLOBAL_UNIT_ASSIGNED_CONTEXT((#17731,#17733,#17734))
REPRESENTATION_CONTEXT('','3D')
);
#17731=(
LENGTH_UNIT()
NAMED_UNIT(*)
SI_UNIT(.MILLI.,.METRE.)
);
#17732=(
LENGTH_UNIT()
NAMED_UNIT(*)
SI_UNIT($,.METRE.)
);
#17733=(
NAMED_UNIT(*)
PLANE_ANGLE_UNIT()
SI_UNIT($,.RADIAN.)
);
#17734=(
NAMED_UNIT(*)
SI_UNIT($,.STERADIAN.)
SOLID_ANGLE_UNIT()
);
#17735=SHAPE_DEFINITION_REPRESENTATION(#17753,#17802);
#17736=SHAPE_DEFINITION_REPRESENTATION(#17754,#17803);
#17737=SHAPE_DEFINITION_REPRESENTATION(#17755,#17804);
#17738=SHAPE_DEFINITION_REPRESENTATION(#17756,#17805);
#17739=SHAPE_DEFINITION_REPRESENTATION(#17757,#17806);
#17740=SHAPE_DEFINITION_REPRESENTATION(#17758,#17807);
#17741=SHAPE_DEFINITION_REPRESENTATION(#17759,#17808);
#17742=SHAPE_DEFINITION_REPRESENTATION(#17760,#17809);
#17743=SHAPE_DEFINITION_REPRESENTATION(#17761,#17810);
#17744=SHAPE_DEFINITION_REPRESENTATION(#17762,#17811);
#17745=SHAPE_DEFINITION_REPRESENTATION(#17763,#17812);
#17746=SHAPE_DEFINITION_REPRESENTATION(#17764,#17813);
#17747=SHAPE_DEFINITION_REPRESENTATION(#17765,#17814);
#17748=SHAPE_DEFINITION_REPRESENTATION(#17766,#17815);
#17749=SHAPE_DEFINITION_REPRESENTATION(#17767,#17816);
#17750=SHAPE_DEFINITION_REPRESENTATION(#17768,#17817);
#17751=SHAPE_DEFINITION_REPRESENTATION(#17769,#17818);
#17752=SHAPE_DEFINITION_REPRESENTATION(#17770,#17819);
#17753=PRODUCT_DEFINITION_SHAPE('',$,#17821);
#17754=PRODUCT_DEFINITION_SHAPE('',$,#17822);
#17755=PRODUCT_DEFINITION_SHAPE('',$,#17823);
#17756=PRODUCT_DEFINITION_SHAPE('',$,#17824);
#17757=PRODUCT_DEFINITION_SHAPE('',$,#17825);
#17758=PRODUCT_DEFINITION_SHAPE('',$,#17826);
#17759=PRODUCT_DEFINITION_SHAPE('',$,#17827);
#17760=PRODUCT_DEFINITION_SHAPE('',$,#17828);
#17761=PRODUCT_DEFINITION_SHAPE('',$,#17829);
#17762=PRODUCT_DEFINITION_SHAPE('',$,#17830);
#17763=PRODUCT_DEFINITION_SHAPE('',$,#17831);
#17764=PRODUCT_DEFINITION_SHAPE('',$,#17832);
#17765=PRODUCT_DEFINITION_SHAPE('',$,#17833);
#17766=PRODUCT_DEFINITION_SHAPE('',$,#17834);
#17767=PRODUCT_DEFINITION_SHAPE('',$,#17835);
#17768=PRODUCT_DEFINITION_SHAPE('',$,#17836);
#17769=PRODUCT_DEFINITION_SHAPE('',$,#17837);
#17770=PRODUCT_DEFINITION_SHAPE('',$,#17838);
#17771=PRODUCT_DEFINITION_SHAPE($,$,#104);
#17772=PRODUCT_DEFINITION_SHAPE($,$,#105);
#17773=PRODUCT_DEFINITION_SHAPE($,$,#106);
#17774=PRODUCT_DEFINITION_SHAPE($,$,#107);
#17775=PRODUCT_DEFINITION_SHAPE($,$,#108);
#17776=PRODUCT_DEFINITION_SHAPE($,$,#109);
#17777=PRODUCT_DEFINITION_SHAPE($,$,#110);
#17778=PRODUCT_DEFINITION_SHAPE($,$,#111);
#17779=PRODUCT_DEFINITION_SHAPE($,$,#112);
#17780=PRODUCT_DEFINITION_SHAPE($,$,#113);
#17781=PRODUCT_DEFINITION_SHAPE($,$,#114);
#17782=PRODUCT_DEFINITION_SHAPE($,$,#115);
#17783=PRODUCT_DEFINITION_SHAPE($,$,#116);
#17784=PRODUCT_DEFINITION_SHAPE($,$,#117);
#17785=PRODUCT_DEFINITION_SHAPE($,$,#118);
#17786=PRODUCT_DEFINITION_SHAPE($,$,#119);
#17787=PRODUCT_DEFINITION_SHAPE($,$,#120);
#17788=PRODUCT_DEFINITION_SHAPE($,$,#121);
#17789=PRODUCT_DEFINITION_SHAPE($,$,#122);
#17790=PRODUCT_DEFINITION_SHAPE($,$,#123);
#17791=PRODUCT_DEFINITION_SHAPE($,$,#124);
#17792=PRODUCT_DEFINITION_SHAPE($,$,#125);
#17793=PRODUCT_DEFINITION_SHAPE($,$,#126);
#17794=PRODUCT_DEFINITION_SHAPE($,$,#127);
#17795=PRODUCT_DEFINITION_SHAPE($,$,#128);
#17796=PRODUCT_DEFINITION_SHAPE($,$,#129);
#17797=PRODUCT_DEFINITION_SHAPE($,$,#130);
#17798=PRODUCT_DEFINITION_SHAPE($,$,#131);
#17799=PRODUCT_DEFINITION_SHAPE($,$,#132);
#17800=PRODUCT_DEFINITION_SHAPE($,$,#133);
#17801=PRODUCT_DEFINITION_SHAPE($,$,#134);
#17802=SHAPE_REPRESENTATION('',(#9819,#10999,#11000,#11001,#11002,#11003,
#11004,#11005,#11006,#11007,#11008,#11009,#11010,#11011,#11012,#11013,#11014,
#11015,#11016,#11017,#11018,#11019,#11020,#11021,#11022,#11023,#11024),
#17712);
#17803=SHAPE_REPRESENTATION('',(#9820),#17713);
#17804=SHAPE_REPRESENTATION('',(#9854),#17714);
#17805=SHAPE_REPRESENTATION('',(#9902),#17715);
#17806=SHAPE_REPRESENTATION('',(#9945),#17716);
#17807=SHAPE_REPRESENTATION('',(#9975),#17717);
#17808=SHAPE_REPRESENTATION('',(#9984),#17718);
#17809=SHAPE_REPRESENTATION('',(#10018),#17719);
#17810=SHAPE_REPRESENTATION('',(#10028),#17720);
#17811=SHAPE_REPRESENTATION('',(#10046),#17721);
#17812=SHAPE_REPRESENTATION('',(#10063),#17722);
#17813=SHAPE_REPRESENTATION('',(#10113),#17723);
#17814=SHAPE_REPRESENTATION('',(#10407),#17724);
#17815=SHAPE_REPRESENTATION('',(#10681,#10994,#10995,#10996,#10997,#10998),
#17725);
#17816=SHAPE_REPRESENTATION('',(#10682),#17726);
#17817=SHAPE_REPRESENTATION('',(#10947),#17727);
#17818=SHAPE_REPRESENTATION('',(#10960),#17728);
#17819=SHAPE_REPRESENTATION('',(#10979),#17729);
#17820=PRODUCT_DEFINITION_CONTEXT('part definition',#17876,'design');
#17821=PRODUCT_DEFINITION('2026-09-20-09-32-56-110','_Front_right',#17839,
#17820);
#17822=PRODUCT_DEFINITION('2026-09-19-00-30-33-862','M5x10 LP SHCS',#17840,
#17820);
#17823=PRODUCT_DEFINITION('2026-09-19-00-13-24-109',
'M5 2020 drop-in T-nut',#17841,#17820);
#17824=PRODUCT_DEFINITION('2026-09-19-00-23-16-888','695 W5 bearing',#17842,
#17820);
#17825=PRODUCT_DEFINITION('2026-09-19-00-25-28-721',
'Custom M3x30 standoff (5mm OD, F-F threads)',#17843,#17820);
#17826=PRODUCT_DEFINITION('2026-09-19-00-30-32-526','M5 disc spring',#17844,
#17820);
#17827=PRODUCT_DEFINITION('2026-09-19-00-28-35-988','M3x8 FHCS',#17845,
#17820);
#17828=PRODUCT_DEFINITION('2026-09-19-00-25-31-795','D5x36mm pin',#17846,
#17820);
#17829=PRODUCT_DEFINITION('2026-09-19-00-28-25-771',
'M3x30mm standoff (5mm OD, F-F threads)',#17847,#17820);
#17830=PRODUCT_DEFINITION('2026-09-19-00-30-42-778',
'M5x7 spacer (8mm OD, no threads)',#17848,#17820);
#17831=PRODUCT_DEFINITION('2026-09-19-00-13-26-662',
'F695 flanged bearing',#17849,#17820);
#17832=PRODUCT_DEFINITION('2026-09-19-00-47-15-667','VT9-FIB',#17850,#17820);
#17833=PRODUCT_DEFINITION('2026-09-19-00-47-15-019','VT9-FIA',#17851,#17820);
#17834=PRODUCT_DEFINITION('GT2 20T 9mm pulley','GT2 20T 9mm pulley',#17852,
#17820);
#17835=PRODUCT_DEFINITION('GT2 20T toothed core',
'_GT2 20T toothed core',#17853,#17820);
#17836=PRODUCT_DEFINITION('Pulley flange 15x10x1.5mm',
'_Pulley flange 15x10x1.5mm',#17854,#17820);
#17837=PRODUCT_DEFINITION('Pulley removable hub 15x10x7.5mm',
'_Pulley removable hub 15x10x7.5mm',#17855,#17820);
#17838=PRODUCT_DEFINITION('2026-09-20-10-31-42-587','_M4x4 set screw',#17856,
#17820);
#17839=PRODUCT_DEFINITION_FORMATION('',$,#17878);
#17840=PRODUCT_DEFINITION_FORMATION('',$,#17879);
#17841=PRODUCT_DEFINITION_FORMATION('',$,#17880);
#17842=PRODUCT_DEFINITION_FORMATION('',$,#17881);
#17843=PRODUCT_DEFINITION_FORMATION('',$,#17882);
#17844=PRODUCT_DEFINITION_FORMATION('',$,#17883);
#17845=PRODUCT_DEFINITION_FORMATION('',$,#17884);
#17846=PRODUCT_DEFINITION_FORMATION('',$,#17885);
#17847=PRODUCT_DEFINITION_FORMATION('',$,#17886);
#17848=PRODUCT_DEFINITION_FORMATION('',$,#17887);
#17849=PRODUCT_DEFINITION_FORMATION('',$,#17888);
#17850=PRODUCT_DEFINITION_FORMATION('',$,#17889);
#17851=PRODUCT_DEFINITION_FORMATION('',$,#17890);
#17852=PRODUCT_DEFINITION_FORMATION('',$,#17891);
#17853=PRODUCT_DEFINITION_FORMATION('',$,#17892);
#17854=PRODUCT_DEFINITION_FORMATION('',$,#17893);
#17855=PRODUCT_DEFINITION_FORMATION('',$,#17894);
#17856=PRODUCT_DEFINITION_FORMATION('',$,#17895);
#17857=PRODUCT_RELATED_PRODUCT_CATEGORY('_Front_right','_Front_right',(#17878));
#17858=PRODUCT_RELATED_PRODUCT_CATEGORY('M5x10 LP SHCS','M5x10 LP SHCS',
(#17879));
#17859=PRODUCT_RELATED_PRODUCT_CATEGORY('M5 2020 drop-in T-nut',
'M5 2020 drop-in T-nut',(#17880));
#17860=PRODUCT_RELATED_PRODUCT_CATEGORY('695 W5 bearing',
'695 W5 bearing',(#17881));
#17861=PRODUCT_RELATED_PRODUCT_CATEGORY(
'Custom M3x30 standoff (5mm OD, F-F threads)',
'Custom M3x30 standoff (5mm OD, F-F threads)',(#17882));
#17862=PRODUCT_RELATED_PRODUCT_CATEGORY('M5 disc spring',
'M5 disc spring',(#17883));
#17863=PRODUCT_RELATED_PRODUCT_CATEGORY('M3x8 FHCS','M3x8 FHCS',(#17884));
#17864=PRODUCT_RELATED_PRODUCT_CATEGORY('D5x36mm pin','D5x36mm pin',(#17885));
#17865=PRODUCT_RELATED_PRODUCT_CATEGORY(
'M3x30mm standoff (5mm OD, F-F threads)',
'M3x30mm standoff (5mm OD, F-F threads)',(#17886));
#17866=PRODUCT_RELATED_PRODUCT_CATEGORY(
'M5x7 spacer (8mm OD, no threads)','M5x7 spacer (8mm OD, no threads)',(#17887));
#17867=PRODUCT_RELATED_PRODUCT_CATEGORY('F695 flanged bearing',
'F695 flanged bearing',(#17888));
#17868=PRODUCT_RELATED_PRODUCT_CATEGORY('VT9-FIB','VT9-FIB',(#17889));
#17869=PRODUCT_RELATED_PRODUCT_CATEGORY('VT9-FIA','VT9-FIA',(#17890));
#17870=PRODUCT_RELATED_PRODUCT_CATEGORY('GT2 20T 9mm pulley',
'GT2 20T 9mm pulley',(#17891));
#17871=PRODUCT_RELATED_PRODUCT_CATEGORY('_GT2 20T toothed core',
'_GT2 20T toothed core',(#17892));
#17872=PRODUCT_RELATED_PRODUCT_CATEGORY('_Pulley flange 15x10x1.5mm',
'_Pulley flange 15x10x1.5mm',(#17893));
#17873=PRODUCT_RELATED_PRODUCT_CATEGORY(
'_Pulley removable hub 15x10x7.5mm','_Pulley removable hub 15x10x7.5mm',
(#17894));
#17874=PRODUCT_RELATED_PRODUCT_CATEGORY('_M4x4 set screw',
'_M4x4 set screw',(#17895));
#17875=APPLICATION_PROTOCOL_DEFINITION('international standard',
'automotive_design',2009,#17876);
#17876=APPLICATION_CONTEXT(
'Core Data for Automotive Mechanical Design Process');
#17877=PRODUCT_CONTEXT('part definition',#17876,'mechanical');
#17878=PRODUCT('2026-09-20-09-32-56-110','_Front_right',$,(#17877));
#17879=PRODUCT('2026-09-19-00-30-33-862','M5x10 LP SHCS',$,(#17877));
#17880=PRODUCT('2026-09-19-00-13-24-109','M5 2020 drop-in T-nut',$,(#17877));
#17881=PRODUCT('2026-09-19-00-23-16-888','695 W5 bearing',$,(#17877));
#17882=PRODUCT('2026-09-19-00-25-28-721',
'Custom M3x30 standoff (5mm OD, F-F threads)','Clear anodized',(#17877));
#17883=PRODUCT('2026-09-19-00-30-32-526','M5 disc spring',$,(#17877));
#17884=PRODUCT('2026-09-19-00-28-35-988','M3x8 FHCS',$,(#17877));
#17885=PRODUCT('2026-09-19-00-25-31-795','D5x36mm pin',$,(#17877));
#17886=PRODUCT('2026-09-19-00-28-25-771',
'M3x30mm standoff (5mm OD, F-F threads)',$,(#17877));
#17887=PRODUCT('2026-09-19-00-30-42-778',
'M5x7 spacer (8mm OD, no threads)',$,(#17877));
#17888=PRODUCT('2026-09-19-00-13-26-662','F695 flanged bearing',$,(#17877));
#17889=PRODUCT('2026-09-19-00-47-15-667','VT9-FIB','Black anodized',(#17877));
#17890=PRODUCT('2026-09-19-00-47-15-019','VT9-FIA','Black anodized',(#17877));
#17891=PRODUCT('GT2 20T 9mm pulley','GT2 20T 9mm pulley',$,(#17877));
#17892=PRODUCT('GT2 20T toothed core','_GT2 20T toothed core',
'Internal physical piece of the configured pulley. Order the complete 
pulley specified by its configuration.',(#17877));
#17893=PRODUCT('Pulley flange 15x10x1.5mm','_Pulley flange 15x10x1.5mm',

'Press-fit flange. Shared part for both ends. Supplied with complete p
ulley.',(#17877));
#17894=PRODUCT('Pulley removable hub 15x10x7.5mm',
'_Pulley removable hub 15x10x7.5mm',
'Removable hub supplied on the conventional pulley.',(#17877));
#17895=PRODUCT('2026-09-20-10-31-42-587','_M4x4 set screw',$,(#17877));
#17896=PRESENTATION_STYLE_ASSIGNMENT((#17903));
#17897=PRESENTATION_STYLE_ASSIGNMENT((#17904));
#17898=PRESENTATION_STYLE_ASSIGNMENT((#17905));
#17899=PRESENTATION_STYLE_ASSIGNMENT((#17906));
#17900=PRESENTATION_STYLE_ASSIGNMENT((#17907));
#17901=PRESENTATION_STYLE_ASSIGNMENT((#17908));
#17902=PRESENTATION_STYLE_ASSIGNMENT((#17909));
#17903=SURFACE_STYLE_USAGE(.BOTH.,#17910);
#17904=SURFACE_STYLE_USAGE(.BOTH.,#17911);
#17905=SURFACE_STYLE_USAGE(.BOTH.,#17912);
#17906=SURFACE_STYLE_USAGE(.BOTH.,#17913);
#17907=SURFACE_STYLE_USAGE(.BOTH.,#17914);
#17908=SURFACE_STYLE_USAGE(.BOTH.,#17915);
#17909=SURFACE_STYLE_USAGE(.BOTH.,#17916);
#17910=SURFACE_SIDE_STYLE('',(#17917));
#17911=SURFACE_SIDE_STYLE('',(#17918));
#17912=SURFACE_SIDE_STYLE('',(#17919));
#17913=SURFACE_SIDE_STYLE('',(#17920));
#17914=SURFACE_SIDE_STYLE('',(#17921));
#17915=SURFACE_SIDE_STYLE('',(#17922));
#17916=SURFACE_SIDE_STYLE('',(#17923));
#17917=SURFACE_STYLE_FILL_AREA(#17924);
#17918=SURFACE_STYLE_FILL_AREA(#17925);
#17919=SURFACE_STYLE_FILL_AREA(#17926);
#17920=SURFACE_STYLE_FILL_AREA(#17927);
#17921=SURFACE_STYLE_FILL_AREA(#17928);
#17922=SURFACE_STYLE_FILL_AREA(#17929);
#17923=SURFACE_STYLE_FILL_AREA(#17930);
#17924=FILL_AREA_STYLE('Steel - Satin',(#17931));
#17925=FILL_AREA_STYLE('Steel - Black Nickel',(#17932));
#17926=FILL_AREA_STYLE('Rubber (Black)',(#17933));
#17927=FILL_AREA_STYLE('Aluminum - Bead Blasted',(#17934));
#17928=FILL_AREA_STYLE('Steel - Satin',(#17935));
#17929=FILL_AREA_STYLE('Aluminum - Bead Blasted, Black Anodized',(#17936));
#17930=FILL_AREA_STYLE('Aluminum - Satin',(#17937));
#17931=FILL_AREA_STYLE_COLOUR('Steel - Satin',#17938);
#17932=FILL_AREA_STYLE_COLOUR('Steel - Black Nickel',#17939);
#17933=FILL_AREA_STYLE_COLOUR('Rubber (Black)',#17940);
#17934=FILL_AREA_STYLE_COLOUR('Aluminum - Bead Blasted',#17941);
#17935=FILL_AREA_STYLE_COLOUR('Steel - Satin',#17942);
#17936=FILL_AREA_STYLE_COLOUR('Aluminum - Bead Blasted, Black Anodized',
#17943);
#17937=FILL_AREA_STYLE_COLOUR('Aluminum - Satin',#17944);
#17938=COLOUR_RGB('Steel - Satin',0.627450980392157,0.627450980392157,0.627450980392157);
#17939=COLOUR_RGB('Steel - Black Nickel',0.564705882352941,0.556862745098039,
0.545098039215686);
#17940=COLOUR_RGB('Rubber (Black)',0.152941176470588,0.152941176470588,
0.152941176470588);
#17941=COLOUR_RGB('Aluminum - Bead Blasted',0.96078431372549,0.96078431372549,
0.964705882352941);
#17942=COLOUR_RGB('Steel - Satin',0.627450980392157,0.627450980392157,0.627450980392157);
#17943=COLOUR_RGB('Aluminum - Bead Blasted, Black Anodized',0.376470588235294,
0.376470588235294,0.376470588235294);
#17944=COLOUR_RGB('Aluminum - Satin',0.96078431372549,0.96078431372549,
0.964705882352941);
ENDSEC;
END-ISO-10303-21;
