ISO-10303-21;
HEADER;
/* Generated by software containing ST-Developer
 * from STEP Tools, Inc. (www.steptools.com) 
 */

FILE_DESCRIPTION(
/* description */ (''),
/* implementation_level */ '2;1');

FILE_NAME(
/* name */ 'LDO_Milled_V2_9mm_D_NP.step',
/* time_stamp */ '2026-10-08T13:44:26+02:00',
/* author */ (''),
/* organization */ (''),
/* preprocessor_version */ 'ST-DEVELOPER v20.2',
/* originating_system */ 'Autodesk Translation Framework v15.15.0.0',
/* authorisation */ '');

FILE_SCHEMA (('AUTOMOTIVE_DESIGN { 1 0 10303 214 3 1 1 }'));
ENDSEC;

DATA;
#10=MECHANICAL_DESIGN_GEOMETRIC_PRESENTATION_REPRESENTATION('',(#139,#140,
#141,#142,#143,#144,#145,#146,#147,#148,#149,#150,#151,#152,#153,#154,#155,
#156,#157,#158,#159,#160,#161,#162,#163,#164,#165,#166,#167,#168,#169,#170,
#171,#172,#173,#174,#175,#176,#177,#178,#179,#180,#181,#182,#183,#184,#185,
#186,#187,#188,#189,#190,#191,#192,#193,#194,#195,#196,#197,#198,#199,#200,
#201,#202,#203,#204,#205,#206,#207,#208,#209,#210,#211,#212,#213,#214,#215,
#216,#217,#218,#219,#220,#221,#222,#223,#224,#225,#226,#227),#11937);
#11=ITEM_DEFINED_TRANSFORMATION($,$,#7110,#7753);
#12=ITEM_DEFINED_TRANSFORMATION($,$,#7110,#7754);
#13=ITEM_DEFINED_TRANSFORMATION($,$,#7498,#7755);
#14=ITEM_DEFINED_TRANSFORMATION($,$,#7498,#7756);
#15=ITEM_DEFINED_TRANSFORMATION($,$,#7532,#7757);
#16=ITEM_DEFINED_TRANSFORMATION($,$,#7532,#7758);
#17=ITEM_DEFINED_TRANSFORMATION($,$,#7532,#7759);
#18=ITEM_DEFINED_TRANSFORMATION($,$,#7532,#7760);
#19=ITEM_DEFINED_TRANSFORMATION($,$,#7566,#7761);
#20=ITEM_DEFINED_TRANSFORMATION($,$,#7532,#7762);
#21=ITEM_DEFINED_TRANSFORMATION($,$,#7532,#7763);
#22=ITEM_DEFINED_TRANSFORMATION($,$,#7532,#7764);
#23=ITEM_DEFINED_TRANSFORMATION($,$,#7532,#7765);
#24=ITEM_DEFINED_TRANSFORMATION($,$,#7566,#7766);
#25=ITEM_DEFINED_TRANSFORMATION($,$,#7702,#7767);
#26=ITEM_DEFINED_TRANSFORMATION($,$,#7736,#7768);
#27=ITEM_DEFINED_TRANSFORMATION($,$,#7702,#7769);
#28=ITEM_DEFINED_TRANSFORMATION($,$,#7736,#7770);
#29=(
REPRESENTATION_RELATIONSHIP($,$,#11975,#11974)
REPRESENTATION_RELATIONSHIP_WITH_TRANSFORMATION(#11)
SHAPE_REPRESENTATION_RELATIONSHIP()
);
#30=(
REPRESENTATION_RELATIONSHIP($,$,#11975,#11974)
REPRESENTATION_RELATIONSHIP_WITH_TRANSFORMATION(#12)
SHAPE_REPRESENTATION_RELATIONSHIP()
);
#31=(
REPRESENTATION_RELATIONSHIP($,$,#11976,#11974)
REPRESENTATION_RELATIONSHIP_WITH_TRANSFORMATION(#13)
SHAPE_REPRESENTATION_RELATIONSHIP()
);
#32=(
REPRESENTATION_RELATIONSHIP($,$,#11976,#11974)
REPRESENTATION_RELATIONSHIP_WITH_TRANSFORMATION(#14)
SHAPE_REPRESENTATION_RELATIONSHIP()
);
#33=(
REPRESENTATION_RELATIONSHIP($,$,#11977,#11974)
REPRESENTATION_RELATIONSHIP_WITH_TRANSFORMATION(#15)
SHAPE_REPRESENTATION_RELATIONSHIP()
);
#34=(
REPRESENTATION_RELATIONSHIP($,$,#11977,#11974)
REPRESENTATION_RELATIONSHIP_WITH_TRANSFORMATION(#16)
SHAPE_REPRESENTATION_RELATIONSHIP()
);
#35=(
REPRESENTATION_RELATIONSHIP($,$,#11977,#11974)
REPRESENTATION_RELATIONSHIP_WITH_TRANSFORMATION(#17)
SHAPE_REPRESENTATION_RELATIONSHIP()
);
#36=(
REPRESENTATION_RELATIONSHIP($,$,#11977,#11974)
REPRESENTATION_RELATIONSHIP_WITH_TRANSFORMATION(#18)
SHAPE_REPRESENTATION_RELATIONSHIP()
);
#37=(
REPRESENTATION_RELATIONSHIP($,$,#11978,#11974)
REPRESENTATION_RELATIONSHIP_WITH_TRANSFORMATION(#19)
SHAPE_REPRESENTATION_RELATIONSHIP()
);
#38=(
REPRESENTATION_RELATIONSHIP($,$,#11977,#11974)
REPRESENTATION_RELATIONSHIP_WITH_TRANSFORMATION(#20)
SHAPE_REPRESENTATION_RELATIONSHIP()
);
#39=(
REPRESENTATION_RELATIONSHIP($,$,#11977,#11974)
REPRESENTATION_RELATIONSHIP_WITH_TRANSFORMATION(#21)
SHAPE_REPRESENTATION_RELATIONSHIP()
);
#40=(
REPRESENTATION_RELATIONSHIP($,$,#11977,#11974)
REPRESENTATION_RELATIONSHIP_WITH_TRANSFORMATION(#22)
SHAPE_REPRESENTATION_RELATIONSHIP()
);
#41=(
REPRESENTATION_RELATIONSHIP($,$,#11977,#11974)
REPRESENTATION_RELATIONSHIP_WITH_TRANSFORMATION(#23)
SHAPE_REPRESENTATION_RELATIONSHIP()
);
#42=(
REPRESENTATION_RELATIONSHIP($,$,#11978,#11974)
REPRESENTATION_RELATIONSHIP_WITH_TRANSFORMATION(#24)
SHAPE_REPRESENTATION_RELATIONSHIP()
);
#43=(
REPRESENTATION_RELATIONSHIP($,$,#11979,#11974)
REPRESENTATION_RELATIONSHIP_WITH_TRANSFORMATION(#25)
SHAPE_REPRESENTATION_RELATIONSHIP()
);
#44=(
REPRESENTATION_RELATIONSHIP($,$,#11980,#11974)
REPRESENTATION_RELATIONSHIP_WITH_TRANSFORMATION(#26)
SHAPE_REPRESENTATION_RELATIONSHIP()
);
#45=(
REPRESENTATION_RELATIONSHIP($,$,#11979,#11974)
REPRESENTATION_RELATIONSHIP_WITH_TRANSFORMATION(#27)
SHAPE_REPRESENTATION_RELATIONSHIP()
);
#46=(
REPRESENTATION_RELATIONSHIP($,$,#11980,#11974)
REPRESENTATION_RELATIONSHIP_WITH_TRANSFORMATION(#28)
SHAPE_REPRESENTATION_RELATIONSHIP()
);
#47=CONTEXT_DEPENDENT_SHAPE_REPRESENTATION(#29,#11956);
#48=CONTEXT_DEPENDENT_SHAPE_REPRESENTATION(#30,#11957);
#49=CONTEXT_DEPENDENT_SHAPE_REPRESENTATION(#31,#11958);
#50=CONTEXT_DEPENDENT_SHAPE_REPRESENTATION(#32,#11959);
#51=CONTEXT_DEPENDENT_SHAPE_REPRESENTATION(#33,#11960);
#52=CONTEXT_DEPENDENT_SHAPE_REPRESENTATION(#34,#11961);
#53=CONTEXT_DEPENDENT_SHAPE_REPRESENTATION(#35,#11962);
#54=CONTEXT_DEPENDENT_SHAPE_REPRESENTATION(#36,#11963);
#55=CONTEXT_DEPENDENT_SHAPE_REPRESENTATION(#37,#11964);
#56=CONTEXT_DEPENDENT_SHAPE_REPRESENTATION(#38,#11965);
#57=CONTEXT_DEPENDENT_SHAPE_REPRESENTATION(#39,#11966);
#58=CONTEXT_DEPENDENT_SHAPE_REPRESENTATION(#40,#11967);
#59=CONTEXT_DEPENDENT_SHAPE_REPRESENTATION(#41,#11968);
#60=CONTEXT_DEPENDENT_SHAPE_REPRESENTATION(#42,#11969);
#61=CONTEXT_DEPENDENT_SHAPE_REPRESENTATION(#43,#11970);
#62=CONTEXT_DEPENDENT_SHAPE_REPRESENTATION(#44,#11971);
#63=CONTEXT_DEPENDENT_SHAPE_REPRESENTATION(#45,#11972);
#64=CONTEXT_DEPENDENT_SHAPE_REPRESENTATION(#46,#11973);
#65=NEXT_ASSEMBLY_USAGE_OCCURRENCE('_MGN9H:1','_MGN9H:1','_MGN9H:1',#11982,
#11983,'_MGN9H:1');
#66=NEXT_ASSEMBLY_USAGE_OCCURRENCE('_MGN9H:2','_MGN9H:2','_MGN9H:2',#11982,
#11983,'_MGN9H:2');
#67=NEXT_ASSEMBLY_USAGE_OCCURRENCE('M5x40 LP SHCS:1','M5x40 LP SHCS:1',
'M5x40 LP SHCS:1',#11982,#11984,'M5x40 LP SHCS:1');
#68=NEXT_ASSEMBLY_USAGE_OCCURRENCE('M5x40 LP SHCS:2','M5x40 LP SHCS:2',
'M5x40 LP SHCS:2',#11982,#11984,'M5x40 LP SHCS:2');
#69=NEXT_ASSEMBLY_USAGE_OCCURRENCE('M3x16 LP SHCS:5','M3x16 LP SHCS:5',
'M3x16 LP SHCS:5',#11982,#11985,'M3x16 LP SHCS:5');
#70=NEXT_ASSEMBLY_USAGE_OCCURRENCE('M3x16 LP SHCS:6','M3x16 LP SHCS:6',
'M3x16 LP SHCS:6',#11982,#11985,'M3x16 LP SHCS:6');
#71=NEXT_ASSEMBLY_USAGE_OCCURRENCE('M3x16 LP SHCS:7','M3x16 LP SHCS:7',
'M3x16 LP SHCS:7',#11982,#11985,'M3x16 LP SHCS:7');
#72=NEXT_ASSEMBLY_USAGE_OCCURRENCE('M3x16 LP SHCS:8','M3x16 LP SHCS:8',
'M3x16 LP SHCS:8',#11982,#11985,'M3x16 LP SHCS:8');
#73=NEXT_ASSEMBLY_USAGE_OCCURRENCE('V29-ZSA:1','V29-ZSA:1','V29-ZSA:1',
#11982,#11986,'V29-ZSA:1');
#74=NEXT_ASSEMBLY_USAGE_OCCURRENCE('M3x16 LP SHCS:9','M3x16 LP SHCS:9',
'M3x16 LP SHCS:9',#11982,#11985,'M3x16 LP SHCS:9');
#75=NEXT_ASSEMBLY_USAGE_OCCURRENCE('M3x16 LP SHCS:10',
'M3x16 LP SHCS:10','M3x16 LP SHCS:10',#11982,#11985,'M3x16 LP SHCS:10');
#76=NEXT_ASSEMBLY_USAGE_OCCURRENCE('M3x16 LP SHCS:11',
'M3x16 LP SHCS:11','M3x16 LP SHCS:11',#11982,#11985,'M3x16 LP SHCS:11');
#77=NEXT_ASSEMBLY_USAGE_OCCURRENCE('M3x16 LP SHCS:12',
'M3x16 LP SHCS:12','M3x16 LP SHCS:12',#11982,#11985,'M3x16 LP SHCS:12');
#78=NEXT_ASSEMBLY_USAGE_OCCURRENCE('V29-ZSA:2','V29-ZSA:2','V29-ZSA:2',
#11982,#11986,'V29-ZSA:2');
#79=NEXT_ASSEMBLY_USAGE_OCCURRENCE('M5x10 LP SHCS:3','M5x10 LP SHCS:3',
'M5x10 LP SHCS:3',#11982,#11987,'M5x10 LP SHCS:3');
#80=NEXT_ASSEMBLY_USAGE_OCCURRENCE('M5x4 spacer (8mm OD, no threads):1',
'M5x4 spacer (8mm OD, no threads):1',
'M5x4 spacer (8mm OD, no threads):1',#11982,#11988,
'M5x4 spacer (8mm OD, no threads):1');
#81=NEXT_ASSEMBLY_USAGE_OCCURRENCE('M5x10 LP SHCS:4','M5x10 LP SHCS:4',
'M5x10 LP SHCS:4',#11982,#11987,'M5x10 LP SHCS:4');
#82=NEXT_ASSEMBLY_USAGE_OCCURRENCE('M5x4 spacer (8mm OD, no threads):2',
'M5x4 spacer (8mm OD, no threads):2',
'M5x4 spacer (8mm OD, no threads):2',#11982,#11988,
'M5x4 spacer (8mm OD, no threads):2');
#83=B_SPLINE_CURVE_WITH_KNOTS('',3,(#11379,#11380,#11381,#11382,#11383,
#11384),.UNSPECIFIED.,.F.,.F.,(4,2,4),(0.364892857292208,0.386279505943022,
0.395623634872762),.UNSPECIFIED.);
#84=B_SPLINE_CURVE_WITH_KNOTS('',3,(#11394,#11395,#11396,#11397,#11398,
#11399,#11400,#11401),.UNSPECIFIED.,.F.,.F.,(4,2,2,4),(-0.326561980259335,
-0.293575022545944,-0.260588064832553,-0.209241704804383),.UNSPECIFIED.);
#85=B_SPLINE_CURVE_WITH_KNOTS('',3,(#11413,#11414,#11415,#11416,#11417,
#11418,#11419,#11420,#11421,#11422,#11423,#11424,#11425,#11426),
 .UNSPECIFIED.,.F.,.F.,(4,2,2,2,2,2,4),(0.0617071328030539,0.112397937931598,
0.158584096262349,0.181677175427725,0.204770254593101,0.227863333758476,
0.232845206536027),.UNSPECIFIED.);
#86=B_SPLINE_CURVE_WITH_KNOTS('',3,(#11530,#11531,#11532,#11533,#11534,
#11535,#11536,#11537,#11538,#11539,#11540,#11541,#11542,#11543,#11544,#11545,
#11546,#11547),.UNSPECIFIED.,.F.,.F.,(4,2,2,2,2,2,2,2,4),(0.194351224511617,
0.242875173732538,0.291399122953459,0.340050785988347,0.388702449023235,
0.437354112058123,0.486005775093011,0.534529724313931,0.583053673534852),
 .UNSPECIFIED.);
#87=B_SPLINE_CURVE_WITH_KNOTS('',3,(#11548,#11549,#11550,#11551,#11552,
#11553,#11554,#11555,#11556,#11557,#11558,#11559,#11560,#11561,#11562,#11563,
#11564,#11565),.UNSPECIFIED.,.F.,.F.,(4,2,2,2,2,2,2,2,4),(0.194351224511617,
0.242875173732538,0.291399122953459,0.340050785988347,0.388702449023235,
0.437354112058123,0.486005775093011,0.534529724313931,0.583053673534852),
 .UNSPECIFIED.);
#88=B_SPLINE_CURVE_WITH_KNOTS('',3,(#11650,#11651,#11652,#11653,#11654,
#11655),.UNSPECIFIED.,.F.,.F.,(4,2,4),(0.364892857292208,0.386279505943022,
0.395623634872762),.UNSPECIFIED.);
#89=B_SPLINE_CURVE_WITH_KNOTS('',3,(#11666,#11667,#11668,#11669,#11670,
#11671,#11672,#11673),.UNSPECIFIED.,.F.,.F.,(4,2,2,4),(-0.326561980259335,
-0.293575022545944,-0.260588064832553,-0.209241704804383),.UNSPECIFIED.);
#90=B_SPLINE_CURVE_WITH_KNOTS('',3,(#11683,#11684,#11685,#11686,#11687,
#11688,#11689,#11690,#11691,#11692,#11693,#11694,#11695,#11696),
 .UNSPECIFIED.,.F.,.F.,(4,2,2,2,2,2,4),(0.0617071328030539,0.112397937931598,
0.158584096262349,0.181677175427725,0.204770254593101,0.227863333758476,
0.232845206536027),.UNSPECIFIED.);
#91=ELLIPSE('',#7580,2.12132034355961,1.5);
#92=ELLIPSE('',#7606,4.10121933088196,2.9);
#93=ELLIPSE('',#7608,4.10121933088196,2.9);
#94=ELLIPSE('',#7653,2.12132034355961,1.5);
#95=ELLIPSE('',#7680,4.10121933088196,2.9);
#96=ELLIPSE('',#7682,4.10121933088196,2.9);
#97=(
BOUNDED_CURVE()
B_SPLINE_CURVE(2,(#11195,#11196,#11197),.UNSPECIFIED.,.F.,.F.)
B_SPLINE_CURVE_WITH_KNOTS((3,3),(-0.388312804292303,-0.130611113351465),
 .UNSPECIFIED.)
CURVE()
GEOMETRIC_REPRESENTATION_ITEM()
RATIONAL_B_SPLINE_CURVE((1.30940107675849,1.51196612828739,1.30940107675851))
REPRESENTATION_ITEM('')
);
#98=(
BOUNDED_CURVE()
B_SPLINE_CURVE(2,(#11199,#11200,#11201),.UNSPECIFIED.,.F.,.F.)
B_SPLINE_CURVE_WITH_KNOTS((3,3),(-0.388312804292281,-0.130611113351456),
 .UNSPECIFIED.)
CURVE()
GEOMETRIC_REPRESENTATION_ITEM()
RATIONAL_B_SPLINE_CURVE((1.30940107675851,1.51196612828737,1.30940107675849))
REPRESENTATION_ITEM('')
);
#99=(
BOUNDED_CURVE()
B_SPLINE_CURVE(2,(#11203,#11204,#11205),.UNSPECIFIED.,.F.,.F.)
B_SPLINE_CURVE_WITH_KNOTS((3,3),(-0.388312804292281,-0.130611113351445),
 .UNSPECIFIED.)
CURVE()
GEOMETRIC_REPRESENTATION_ITEM()
RATIONAL_B_SPLINE_CURVE((1.30940107675851,1.51196612828737,1.30940107675847))
REPRESENTATION_ITEM('')
);
#100=(
BOUNDED_CURVE()
B_SPLINE_CURVE(2,(#11207,#11208,#11209),.UNSPECIFIED.,.F.,.F.)
B_SPLINE_CURVE_WITH_KNOTS((3,3),(-0.38831280429229,-0.130611113351445),
 .UNSPECIFIED.)
CURVE()
GEOMETRIC_REPRESENTATION_ITEM()
RATIONAL_B_SPLINE_CURVE((1.30940107675851,1.5119661282874,1.30940107675848))
REPRESENTATION_ITEM('')
);
#101=(
BOUNDED_CURVE()
B_SPLINE_CURVE(2,(#11211,#11212,#11213),.UNSPECIFIED.,.F.,.F.)
B_SPLINE_CURVE_WITH_KNOTS((3,3),(-0.3883128042923,-0.130611113351449),
 .UNSPECIFIED.)
CURVE()
GEOMETRIC_REPRESENTATION_ITEM()
RATIONAL_B_SPLINE_CURVE((1.30940107675851,1.51196612828742,1.3094010767585))
REPRESENTATION_ITEM('')
);
#102=(
BOUNDED_CURVE()
B_SPLINE_CURVE(2,(#11215,#11216,#11217),.UNSPECIFIED.,.F.,.F.)
B_SPLINE_CURVE_WITH_KNOTS((3,3),(-0.388312804292311,-0.130611113351454),
 .UNSPECIFIED.)
CURVE()
GEOMETRIC_REPRESENTATION_ITEM()
RATIONAL_B_SPLINE_CURVE((1.3094010767585,1.51196612828742,1.3094010767585))
REPRESENTATION_ITEM('')
);
#103=(
BOUNDED_CURVE()
B_SPLINE_CURVE(2,(#11282,#11283,#11284),.UNSPECIFIED.,.F.,.F.)
B_SPLINE_CURVE_WITH_KNOTS((3,3),(-0.321867155116298,-0.12427487354387),
 .UNSPECIFIED.)
CURVE()
GEOMETRIC_REPRESENTATION_ITEM()
RATIONAL_B_SPLINE_CURVE((1.46410161513777,1.69059892324147,1.46410161513778))
REPRESENTATION_ITEM('')
);
#104=(
BOUNDED_CURVE()
B_SPLINE_CURVE(2,(#11286,#11287,#11288),.UNSPECIFIED.,.F.,.F.)
B_SPLINE_CURVE_WITH_KNOTS((3,3),(-0.321867155116283,-0.124274873543867),
 .UNSPECIFIED.)
CURVE()
GEOMETRIC_REPRESENTATION_ITEM()
RATIONAL_B_SPLINE_CURVE((1.46410161513778,1.69059892324143,1.46410161513776))
REPRESENTATION_ITEM('')
);
#105=(
BOUNDED_CURVE()
B_SPLINE_CURVE(2,(#11290,#11291,#11292),.UNSPECIFIED.,.F.,.F.)
B_SPLINE_CURVE_WITH_KNOTS((3,3),(-0.321867155116283,-0.124274873543859),
 .UNSPECIFIED.)
CURVE()
GEOMETRIC_REPRESENTATION_ITEM()
RATIONAL_B_SPLINE_CURVE((1.46410161513778,1.69059892324144,1.46410161513775))
REPRESENTATION_ITEM('')
);
#106=(
BOUNDED_CURVE()
B_SPLINE_CURVE(2,(#11294,#11295,#11296),.UNSPECIFIED.,.F.,.F.)
B_SPLINE_CURVE_WITH_KNOTS((3,3),(-0.321867155116291,-0.124274873543859),
 .UNSPECIFIED.)
CURVE()
GEOMETRIC_REPRESENTATION_ITEM()
RATIONAL_B_SPLINE_CURVE((1.46410161513778,1.69059892324147,1.46410161513776))
REPRESENTATION_ITEM('')
);
#107=(
BOUNDED_CURVE()
B_SPLINE_CURVE(2,(#11298,#11299,#11300),.UNSPECIFIED.,.F.,.F.)
B_SPLINE_CURVE_WITH_KNOTS((3,3),(-0.321867155116299,-0.124274873543862),
 .UNSPECIFIED.)
CURVE()
GEOMETRIC_REPRESENTATION_ITEM()
RATIONAL_B_SPLINE_CURVE((1.46410161513779,1.6905989232415,1.46410161513778))
REPRESENTATION_ITEM('')
);
#108=(
BOUNDED_CURVE()
B_SPLINE_CURVE(2,(#11302,#11303,#11304),.UNSPECIFIED.,.F.,.F.)
B_SPLINE_CURVE_WITH_KNOTS((3,3),(-0.321867155116302,-0.124274873543867),
 .UNSPECIFIED.)
CURVE()
GEOMETRIC_REPRESENTATION_ITEM()
RATIONAL_B_SPLINE_CURVE((1.46410161513778,1.6905989232415,1.46410161513779))
REPRESENTATION_ITEM('')
);
#109=(
BOUNDED_CURVE()
B_SPLINE_CURVE(2,(#11388,#11389,#11390),.UNSPECIFIED.,.F.,.F.)
B_SPLINE_CURVE_WITH_KNOTS((3,3),(1.47957851971947,2.06392074222079),
 .UNSPECIFIED.)
CURVE()
GEOMETRIC_REPRESENTATION_ITEM()
RATIONAL_B_SPLINE_CURVE((1.81066182409553,1.79380712062632,1.63719528245799))
REPRESENTATION_ITEM('')
);
#110=(
BOUNDED_CURVE()
B_SPLINE_CURVE(2,(#11407,#11408,#11409),.UNSPECIFIED.,.F.,.F.)
B_SPLINE_CURVE_WITH_KNOTS((3,3),(1.2421852040215,1.49854912756004),
 .UNSPECIFIED.)
CURVE()
GEOMETRIC_REPRESENTATION_ITEM()
RATIONAL_B_SPLINE_CURVE((1.50117495571279,1.50117495571279,1.47982826901421))
REPRESENTATION_ITEM('')
);
#111=(
BOUNDED_CURVE()
B_SPLINE_CURVE(2,(#11479,#11480,#11481),.UNSPECIFIED.,.F.,.F.)
B_SPLINE_CURVE_WITH_KNOTS((3,3),(0.577658057751837,0.905872441074153),
 .UNSPECIFIED.)
CURVE()
GEOMETRIC_REPRESENTATION_ITEM()
RATIONAL_B_SPLINE_CURVE((2.13431457505071,2.13431457505071,1.76812408671539))
REPRESENTATION_ITEM('')
);
#112=(
BOUNDED_CURVE()
B_SPLINE_CURVE(2,(#11496,#11497,#11498),.UNSPECIFIED.,.F.,.F.)
B_SPLINE_CURVE_WITH_KNOTS((3,3),(0.358948250731136,1.568981268356),
 .UNSPECIFIED.)
CURVE()
GEOMETRIC_REPRESENTATION_ITEM()
RATIONAL_B_SPLINE_CURVE((1.80350939326555,2.9829138901677,2.9829138901677))
REPRESENTATION_ITEM('')
);
#113=(
BOUNDED_CURVE()
B_SPLINE_CURVE(2,(#11590,#11591,#11592),.UNSPECIFIED.,.F.,.F.)
B_SPLINE_CURVE_WITH_KNOTS((3,3),(0.577658057751837,0.905872441074153),
 .UNSPECIFIED.)
CURVE()
GEOMETRIC_REPRESENTATION_ITEM()
RATIONAL_B_SPLINE_CURVE((2.13431457505071,2.13431457505071,1.76812408671539))
REPRESENTATION_ITEM('')
);
#114=(
BOUNDED_CURVE()
B_SPLINE_CURVE(2,(#11601,#11602,#11603),.UNSPECIFIED.,.F.,.F.)
B_SPLINE_CURVE_WITH_KNOTS((3,3),(0.358948250731136,1.568981268356),
 .UNSPECIFIED.)
CURVE()
GEOMETRIC_REPRESENTATION_ITEM()
RATIONAL_B_SPLINE_CURVE((1.80350939326555,2.9829138901677,2.9829138901677))
REPRESENTATION_ITEM('')
);
#115=(
BOUNDED_CURVE()
B_SPLINE_CURVE(2,(#11660,#11661,#11662),.UNSPECIFIED.,.F.,.F.)
B_SPLINE_CURVE_WITH_KNOTS((3,3),(1.47957851971947,2.06392074222079),
 .UNSPECIFIED.)
CURVE()
GEOMETRIC_REPRESENTATION_ITEM()
RATIONAL_B_SPLINE_CURVE((1.81066182409553,1.79380712062632,1.63719528245799))
REPRESENTATION_ITEM('')
);
#116=(
BOUNDED_CURVE()
B_SPLINE_CURVE(2,(#11678,#11679,#11680),.UNSPECIFIED.,.F.,.F.)
B_SPLINE_CURVE_WITH_KNOTS((3,3),(1.2421852040215,1.49854912756004),
 .UNSPECIFIED.)
CURVE()
GEOMETRIC_REPRESENTATION_ITEM()
RATIONAL_B_SPLINE_CURVE((1.50117495571279,1.50117495571279,1.47982826901421))
REPRESENTATION_ITEM('')
);
#117=(
BOUNDED_CURVE()
B_SPLINE_CURVE(2,(#11825,#11826,#11827),.UNSPECIFIED.,.F.,.F.)
B_SPLINE_CURVE_WITH_KNOTS((3,3),(-0.388312804292303,-0.130611113351465),
 .UNSPECIFIED.)
CURVE()
GEOMETRIC_REPRESENTATION_ITEM()
RATIONAL_B_SPLINE_CURVE((1.30940107675849,1.51196612828739,1.30940107675851))
REPRESENTATION_ITEM('')
);
#118=(
BOUNDED_CURVE()
B_SPLINE_CURVE(2,(#11829,#11830,#11831),.UNSPECIFIED.,.F.,.F.)
B_SPLINE_CURVE_WITH_KNOTS((3,3),(-0.388312804292281,-0.130611113351456),
 .UNSPECIFIED.)
CURVE()
GEOMETRIC_REPRESENTATION_ITEM()
RATIONAL_B_SPLINE_CURVE((1.30940107675851,1.51196612828737,1.30940107675849))
REPRESENTATION_ITEM('')
);
#119=(
BOUNDED_CURVE()
B_SPLINE_CURVE(2,(#11833,#11834,#11835),.UNSPECIFIED.,.F.,.F.)
B_SPLINE_CURVE_WITH_KNOTS((3,3),(-0.388312804292281,-0.130611113351445),
 .UNSPECIFIED.)
CURVE()
GEOMETRIC_REPRESENTATION_ITEM()
RATIONAL_B_SPLINE_CURVE((1.30940107675851,1.51196612828737,1.30940107675847))
REPRESENTATION_ITEM('')
);
#120=(
BOUNDED_CURVE()
B_SPLINE_CURVE(2,(#11837,#11838,#11839),.UNSPECIFIED.,.F.,.F.)
B_SPLINE_CURVE_WITH_KNOTS((3,3),(-0.38831280429229,-0.130611113351445),
 .UNSPECIFIED.)
CURVE()
GEOMETRIC_REPRESENTATION_ITEM()
RATIONAL_B_SPLINE_CURVE((1.30940107675851,1.5119661282874,1.30940107675848))
REPRESENTATION_ITEM('')
);
#121=(
BOUNDED_CURVE()
B_SPLINE_CURVE(2,(#11841,#11842,#11843),.UNSPECIFIED.,.F.,.F.)
B_SPLINE_CURVE_WITH_KNOTS((3,3),(-0.3883128042923,-0.130611113351449),
 .UNSPECIFIED.)
CURVE()
GEOMETRIC_REPRESENTATION_ITEM()
RATIONAL_B_SPLINE_CURVE((1.30940107675851,1.51196612828742,1.3094010767585))
REPRESENTATION_ITEM('')
);
#122=(
BOUNDED_CURVE()
B_SPLINE_CURVE(2,(#11845,#11846,#11847),.UNSPECIFIED.,.F.,.F.)
B_SPLINE_CURVE_WITH_KNOTS((3,3),(-0.388312804292311,-0.130611113351454),
 .UNSPECIFIED.)
CURVE()
GEOMETRIC_REPRESENTATION_ITEM()
RATIONAL_B_SPLINE_CURVE((1.3094010767585,1.51196612828742,1.3094010767585))
REPRESENTATION_ITEM('')
);
#123=SHAPE_REPRESENTATION_RELATIONSHIP('SRR','None',#11975,#129);
#124=SHAPE_REPRESENTATION_RELATIONSHIP('SRR','None',#11976,#130);
#125=SHAPE_REPRESENTATION_RELATIONSHIP('SRR','None',#11977,#131);
#126=SHAPE_REPRESENTATION_RELATIONSHIP('SRR','None',#11978,#132);
#127=SHAPE_REPRESENTATION_RELATIONSHIP('SRR','None',#11979,#133);
#128=SHAPE_REPRESENTATION_RELATIONSHIP('SRR','None',#11980,#134);
#129=ADVANCED_BREP_SHAPE_REPRESENTATION('',(#228,#229,#230,#231,#232,#233,
#234,#235,#236),#11931);
#130=ADVANCED_BREP_SHAPE_REPRESENTATION('',(#237),#11932);
#131=ADVANCED_BREP_SHAPE_REPRESENTATION('',(#238),#11933);
#132=ADVANCED_BREP_SHAPE_REPRESENTATION('',(#239),#11934);
#133=ADVANCED_BREP_SHAPE_REPRESENTATION('',(#240),#11935);
#134=ADVANCED_BREP_SHAPE_REPRESENTATION('',(#241),#11936);
#135=SPHERICAL_SURFACE('',#7193,1.30154507029067);
#136=SPHERICAL_SURFACE('',#7223,1.30154507029067);
#137=SPHERICAL_SURFACE('',#7438,1.30154507029067);
#138=SPHERICAL_SURFACE('',#7468,1.30154507029067);
#139=STYLED_ITEM('',(#12014),#228);
#140=STYLED_ITEM('',(#12015),#229);
#141=STYLED_ITEM('',(#12014),#230);
#142=STYLED_ITEM('',(#12014),#231);
#143=STYLED_ITEM('',(#12015),#232);
#144=STYLED_ITEM('',(#12015),#233);
#145=STYLED_ITEM('',(#12015),#234);
#146=STYLED_ITEM('',(#12014),#235);
#147=STYLED_ITEM('',(#12014),#236);
#148=STYLED_ITEM('',(#12016),#237);
#149=STYLED_ITEM('',(#12016),#238);
#150=STYLED_ITEM('',(#12018),#6925);
#151=STYLED_ITEM('',(#12018),#6926);
#152=STYLED_ITEM('',(#12018),#6927);
#153=STYLED_ITEM('',(#12018),#6928);
#154=STYLED_ITEM('',(#12018),#6929);
#155=STYLED_ITEM('',(#12018),#6930);
#156=STYLED_ITEM('',(#12018),#6931);
#157=STYLED_ITEM('',(#12018),#6932);
#158=STYLED_ITEM('',(#12018),#6933);
#159=STYLED_ITEM('',(#12018),#6934);
#160=STYLED_ITEM('',(#12018),#6935);
#161=STYLED_ITEM('',(#12018),#6936);
#162=STYLED_ITEM('',(#12018),#6937);
#163=STYLED_ITEM('',(#12018),#6938);
#164=STYLED_ITEM('',(#12018),#6939);
#165=STYLED_ITEM('',(#12018),#6940);
#166=STYLED_ITEM('',(#12018),#6941);
#167=STYLED_ITEM('',(#12018),#6942);
#168=STYLED_ITEM('',(#12018),#6943);
#169=STYLED_ITEM('',(#12018),#6944);
#170=STYLED_ITEM('',(#12018),#6945);
#171=STYLED_ITEM('',(#12018),#6946);
#172=STYLED_ITEM('',(#12018),#6947);
#173=STYLED_ITEM('',(#12018),#6948);
#174=STYLED_ITEM('',(#12018),#6949);
#175=STYLED_ITEM('',(#12018),#6950);
#176=STYLED_ITEM('',(#12018),#6951);
#177=STYLED_ITEM('',(#12018),#6952);
#178=STYLED_ITEM('',(#12018),#6953);
#179=STYLED_ITEM('',(#12018),#6954);
#180=STYLED_ITEM('',(#12018),#6955);
#181=STYLED_ITEM('',(#12018),#6956);
#182=STYLED_ITEM('',(#12018),#6957);
#183=STYLED_ITEM('',(#12018),#6958);
#184=STYLED_ITEM('',(#12018),#6959);
#185=STYLED_ITEM('',(#12018),#6960);
#186=STYLED_ITEM('',(#12018),#6961);
#187=STYLED_ITEM('',(#12018),#6962);
#188=STYLED_ITEM('',(#12018),#6963);
#189=STYLED_ITEM('',(#12018),#6964);
#190=STYLED_ITEM('',(#12018),#6965);
#191=STYLED_ITEM('',(#12018),#6966);
#192=STYLED_ITEM('',(#12018),#6967);
#193=STYLED_ITEM('',(#12018),#6968);
#194=STYLED_ITEM('',(#12018),#6969);
#195=STYLED_ITEM('',(#12018),#6970);
#196=STYLED_ITEM('',(#12018),#6971);
#197=STYLED_ITEM('',(#12018),#6972);
#198=STYLED_ITEM('',(#12018),#6973);
#199=STYLED_ITEM('',(#12018),#6974);
#200=STYLED_ITEM('',(#12018),#6975);
#201=STYLED_ITEM('',(#12018),#6976);
#202=STYLED_ITEM('',(#12018),#6977);
#203=STYLED_ITEM('',(#12018),#6978);
#204=STYLED_ITEM('',(#12018),#6979);
#205=STYLED_ITEM('',(#12018),#6980);
#206=STYLED_ITEM('',(#12018),#6981);
#207=STYLED_ITEM('',(#12018),#6982);
#208=STYLED_ITEM('',(#12018),#6983);
#209=STYLED_ITEM('',(#12018),#6984);
#210=STYLED_ITEM('',(#12018),#6985);
#211=STYLED_ITEM('',(#12018),#6986);
#212=STYLED_ITEM('',(#12018),#6987);
#213=STYLED_ITEM('',(#12018),#6988);
#214=STYLED_ITEM('',(#12018),#6989);
#215=STYLED_ITEM('',(#12018),#6990);
#216=STYLED_ITEM('',(#12018),#6991);
#217=STYLED_ITEM('',(#12018),#6992);
#218=STYLED_ITEM('',(#12018),#6993);
#219=STYLED_ITEM('',(#12018),#6994);
#220=STYLED_ITEM('',(#12018),#6995);
#221=STYLED_ITEM('',(#12018),#6996);
#222=STYLED_ITEM('',(#12018),#6997);
#223=STYLED_ITEM('',(#12018),#6998);
#224=STYLED_ITEM('',(#12018),#6999);
#225=STYLED_ITEM('',(#12017),#239);
#226=STYLED_ITEM('',(#12016),#240);
#227=STYLED_ITEM('',(#12014),#241);
#228=MANIFOLD_SOLID_BREP('Body1',#7028);
#229=MANIFOLD_SOLID_BREP('Body2',#7029);
#230=MANIFOLD_SOLID_BREP('Body3',#7030);
#231=MANIFOLD_SOLID_BREP('Body4',#7031);
#232=MANIFOLD_SOLID_BREP('Body5',#7032);
#233=MANIFOLD_SOLID_BREP('Body6',#7033);
#234=MANIFOLD_SOLID_BREP('Body7',#7034);
#235=MANIFOLD_SOLID_BREP('Body8',#7035);
#236=MANIFOLD_SOLID_BREP('Body9',#7036);
#237=MANIFOLD_SOLID_BREP('Body1',#7037);
#238=MANIFOLD_SOLID_BREP('Body1',#7038);
#239=MANIFOLD_SOLID_BREP('Body1',#7039);
#240=MANIFOLD_SOLID_BREP('Body1',#7040);
#241=MANIFOLD_SOLID_BREP('Body1',#7041);
#242=FACE_BOUND('',#1027,.T.);
#243=FACE_BOUND('',#1028,.T.);
#244=FACE_BOUND('',#1031,.T.);
#245=FACE_BOUND('',#1032,.T.);
#246=FACE_BOUND('',#1038,.T.);
#247=FACE_BOUND('',#1042,.T.);
#248=FACE_BOUND('',#1057,.T.);
#249=FACE_BOUND('',#1059,.T.);
#250=FACE_BOUND('',#1124,.T.);
#251=FACE_BOUND('',#1125,.T.);
#252=FACE_BOUND('',#1126,.T.);
#253=FACE_BOUND('',#1139,.T.);
#254=FACE_BOUND('',#1167,.T.);
#255=FACE_BOUND('',#1169,.T.);
#256=FACE_BOUND('',#1204,.T.);
#257=FACE_BOUND('',#1205,.T.);
#258=FACE_BOUND('',#1206,.T.);
#259=FACE_BOUND('',#1219,.T.);
#260=FACE_BOUND('',#1265,.T.);
#261=FACE_BOUND('',#1270,.T.);
#262=FACE_BOUND('',#1287,.T.);
#263=FACE_BOUND('',#1292,.T.);
#264=FACE_BOUND('',#1324,.T.);
#265=FACE_BOUND('',#1327,.T.);
#266=FACE_BOUND('',#1334,.T.);
#267=FACE_BOUND('',#1335,.T.);
#268=FACE_BOUND('',#1342,.T.);
#269=FACE_BOUND('',#1347,.T.);
#270=FACE_BOUND('',#1350,.T.);
#271=FACE_BOUND('',#1351,.T.);
#272=FACE_BOUND('',#1367,.T.);
#273=FACE_BOUND('',#1368,.T.);
#274=FACE_BOUND('',#1369,.T.);
#275=FACE_BOUND('',#1370,.T.);
#276=FACE_BOUND('',#1376,.T.);
#277=FACE_BOUND('',#1379,.T.);
#278=FACE_BOUND('',#1388,.T.);
#279=FACE_BOUND('',#1389,.T.);
#280=FACE_BOUND('',#1392,.T.);
#281=FACE_BOUND('',#1394,.T.);
#282=FACE_BOUND('',#1395,.T.);
#283=FACE_BOUND('',#1403,.T.);
#284=FACE_BOUND('',#1408,.T.);
#285=FACE_BOUND('',#1426,.T.);
#286=FACE_BOUND('',#1429,.T.);
#287=PLANE('',#7137);
#288=PLANE('',#7138);
#289=PLANE('',#7139);
#290=PLANE('',#7140);
#291=PLANE('',#7141);
#292=PLANE('',#7142);
#293=PLANE('',#7143);
#294=PLANE('',#7144);
#295=PLANE('',#7145);
#296=PLANE('',#7146);
#297=PLANE('',#7150);
#298=PLANE('',#7151);
#299=PLANE('',#7152);
#300=PLANE('',#7153);
#301=PLANE('',#7154);
#302=PLANE('',#7155);
#303=PLANE('',#7156);
#304=PLANE('',#7157);
#305=PLANE('',#7158);
#306=PLANE('',#7159);
#307=PLANE('',#7160);
#308=PLANE('',#7161);
#309=PLANE('',#7162);
#310=PLANE('',#7163);
#311=PLANE('',#7164);
#312=PLANE('',#7165);
#313=PLANE('',#7175);
#314=PLANE('',#7176);
#315=PLANE('',#7177);
#316=PLANE('',#7178);
#317=PLANE('',#7179);
#318=PLANE('',#7180);
#319=PLANE('',#7181);
#320=PLANE('',#7182);
#321=PLANE('',#7183);
#322=PLANE('',#7184);
#323=PLANE('',#7185);
#324=PLANE('',#7186);
#325=PLANE('',#7187);
#326=PLANE('',#7188);
#327=PLANE('',#7189);
#328=PLANE('',#7190);
#329=PLANE('',#7191);
#330=PLANE('',#7192);
#331=PLANE('',#7209);
#332=PLANE('',#7210);
#333=PLANE('',#7211);
#334=PLANE('',#7212);
#335=PLANE('',#7213);
#336=PLANE('',#7214);
#337=PLANE('',#7215);
#338=PLANE('',#7216);
#339=PLANE('',#7217);
#340=PLANE('',#7218);
#341=PLANE('',#7219);
#342=PLANE('',#7220);
#343=PLANE('',#7221);
#344=PLANE('',#7222);
#345=PLANE('',#7239);
#346=PLANE('',#7240);
#347=PLANE('',#7241);
#348=PLANE('',#7242);
#349=PLANE('',#7243);
#350=PLANE('',#7244);
#351=PLANE('',#7245);
#352=PLANE('',#7246);
#353=PLANE('',#7247);
#354=PLANE('',#7248);
#355=PLANE('',#7249);
#356=PLANE('',#7250);
#357=PLANE('',#7251);
#358=PLANE('',#7252);
#359=PLANE('',#7273);
#360=PLANE('',#7274);
#361=PLANE('',#7275);
#362=PLANE('',#7281);
#363=PLANE('',#7282);
#364=PLANE('',#7283);
#365=PLANE('',#7286);
#366=PLANE('',#7287);
#367=PLANE('',#7288);
#368=PLANE('',#7291);
#369=PLANE('',#7292);
#370=PLANE('',#7293);
#371=PLANE('',#7294);
#372=PLANE('',#7295);
#373=PLANE('',#7298);
#374=PLANE('',#7299);
#375=PLANE('',#7300);
#376=PLANE('',#7303);
#377=PLANE('',#7304);
#378=PLANE('',#7305);
#379=PLANE('',#7306);
#380=PLANE('',#7307);
#381=PLANE('',#7308);
#382=PLANE('',#7309);
#383=PLANE('',#7310);
#384=PLANE('',#7311);
#385=PLANE('',#7312);
#386=PLANE('',#7313);
#387=PLANE('',#7314);
#388=PLANE('',#7315);
#389=PLANE('',#7316);
#390=PLANE('',#7317);
#391=PLANE('',#7318);
#392=PLANE('',#7319);
#393=PLANE('',#7320);
#394=PLANE('',#7321);
#395=PLANE('',#7322);
#396=PLANE('',#7323);
#397=PLANE('',#7326);
#398=PLANE('',#7327);
#399=PLANE('',#7328);
#400=PLANE('',#7329);
#401=PLANE('',#7330);
#402=PLANE('',#7331);
#403=PLANE('',#7341);
#404=PLANE('',#7342);
#405=PLANE('',#7343);
#406=PLANE('',#7344);
#407=PLANE('',#7345);
#408=PLANE('',#7346);
#409=PLANE('',#7347);
#410=PLANE('',#7348);
#411=PLANE('',#7349);
#412=PLANE('',#7350);
#413=PLANE('',#7351);
#414=PLANE('',#7352);
#415=PLANE('',#7353);
#416=PLANE('',#7354);
#417=PLANE('',#7355);
#418=PLANE('',#7356);
#419=PLANE('',#7357);
#420=PLANE('',#7358);
#421=PLANE('',#7379);
#422=PLANE('',#7380);
#423=PLANE('',#7381);
#424=PLANE('',#7387);
#425=PLANE('',#7388);
#426=PLANE('',#7389);
#427=PLANE('',#7392);
#428=PLANE('',#7393);
#429=PLANE('',#7394);
#430=PLANE('',#7397);
#431=PLANE('',#7398);
#432=PLANE('',#7399);
#433=PLANE('',#7400);
#434=PLANE('',#7401);
#435=PLANE('',#7404);
#436=PLANE('',#7405);
#437=PLANE('',#7406);
#438=PLANE('',#7409);
#439=PLANE('',#7410);
#440=PLANE('',#7411);
#441=PLANE('',#7412);
#442=PLANE('',#7413);
#443=PLANE('',#7414);
#444=PLANE('',#7415);
#445=PLANE('',#7416);
#446=PLANE('',#7417);
#447=PLANE('',#7418);
#448=PLANE('',#7419);
#449=PLANE('',#7420);
#450=PLANE('',#7421);
#451=PLANE('',#7422);
#452=PLANE('',#7423);
#453=PLANE('',#7424);
#454=PLANE('',#7425);
#455=PLANE('',#7426);
#456=PLANE('',#7427);
#457=PLANE('',#7428);
#458=PLANE('',#7429);
#459=PLANE('',#7432);
#460=PLANE('',#7433);
#461=PLANE('',#7434);
#462=PLANE('',#7435);
#463=PLANE('',#7436);
#464=PLANE('',#7437);
#465=PLANE('',#7454);
#466=PLANE('',#7455);
#467=PLANE('',#7456);
#468=PLANE('',#7457);
#469=PLANE('',#7458);
#470=PLANE('',#7459);
#471=PLANE('',#7460);
#472=PLANE('',#7461);
#473=PLANE('',#7462);
#474=PLANE('',#7463);
#475=PLANE('',#7464);
#476=PLANE('',#7465);
#477=PLANE('',#7466);
#478=PLANE('',#7467);
#479=PLANE('',#7484);
#480=PLANE('',#7485);
#481=PLANE('',#7486);
#482=PLANE('',#7487);
#483=PLANE('',#7488);
#484=PLANE('',#7489);
#485=PLANE('',#7490);
#486=PLANE('',#7491);
#487=PLANE('',#7492);
#488=PLANE('',#7493);
#489=PLANE('',#7494);
#490=PLANE('',#7495);
#491=PLANE('',#7496);
#492=PLANE('',#7497);
#493=PLANE('',#7503);
#494=PLANE('',#7511);
#495=PLANE('',#7518);
#496=PLANE('',#7525);
#497=PLANE('',#7526);
#498=PLANE('',#7527);
#499=PLANE('',#7528);
#500=PLANE('',#7529);
#501=PLANE('',#7530);
#502=PLANE('',#7531);
#503=PLANE('',#7537);
#504=PLANE('',#7545);
#505=PLANE('',#7552);
#506=PLANE('',#7559);
#507=PLANE('',#7560);
#508=PLANE('',#7561);
#509=PLANE('',#7562);
#510=PLANE('',#7563);
#511=PLANE('',#7564);
#512=PLANE('',#7565);
#513=PLANE('',#7567);
#514=PLANE('',#7571);
#515=PLANE('',#7575);
#516=PLANE('',#7581);
#517=PLANE('',#7583);
#518=PLANE('',#7597);
#519=PLANE('',#7601);
#520=PLANE('',#7611);
#521=PLANE('',#7612);
#522=PLANE('',#7615);
#523=PLANE('',#7629);
#524=PLANE('',#7633);
#525=PLANE('',#7636);
#526=PLANE('',#7639);
#527=PLANE('',#7643);
#528=PLANE('',#7647);
#529=PLANE('',#7651);
#530=PLANE('',#7654);
#531=PLANE('',#7656);
#532=PLANE('',#7661);
#533=PLANE('',#7671);
#534=PLANE('',#7675);
#535=PLANE('',#7683);
#536=PLANE('',#7684);
#537=PLANE('',#7687);
#538=PLANE('',#7688);
#539=PLANE('',#7691);
#540=PLANE('',#7693);
#541=PLANE('',#7697);
#542=PLANE('',#7707);
#543=PLANE('',#7715);
#544=PLANE('',#7722);
#545=PLANE('',#7729);
#546=PLANE('',#7730);
#547=PLANE('',#7731);
#548=PLANE('',#7732);
#549=PLANE('',#7733);
#550=PLANE('',#7734);
#551=PLANE('',#7735);
#552=PLANE('',#7742);
#553=PLANE('',#7746);
#554=CYLINDRICAL_SURFACE('',#7117,1.5);
#555=CYLINDRICAL_SURFACE('',#7119,1.5);
#556=CYLINDRICAL_SURFACE('',#7121,0.644009461630724);
#557=CYLINDRICAL_SURFACE('',#7124,1.);
#558=CYLINDRICAL_SURFACE('',#7133,1.5);
#559=CYLINDRICAL_SURFACE('',#7135,1.5);
#560=CYLINDRICAL_SURFACE('',#7147,1.);
#561=CYLINDRICAL_SURFACE('',#7166,0.644009461630724);
#562=CYLINDRICAL_SURFACE('',#7169,1.);
#563=CYLINDRICAL_SURFACE('',#7172,1.);
#564=CYLINDRICAL_SURFACE('',#7253,0.5);
#565=CYLINDRICAL_SURFACE('',#7256,1.30154507029067);
#566=CYLINDRICAL_SURFACE('',#7263,0.644009461630724);
#567=CYLINDRICAL_SURFACE('',#7266,1.30154507029067);
#568=CYLINDRICAL_SURFACE('',#7284,1.);
#569=CYLINDRICAL_SURFACE('',#7289,1.);
#570=CYLINDRICAL_SURFACE('',#7296,1.);
#571=CYLINDRICAL_SURFACE('',#7301,1.);
#572=CYLINDRICAL_SURFACE('',#7324,0.5);
#573=CYLINDRICAL_SURFACE('',#7332,0.644009461630724);
#574=CYLINDRICAL_SURFACE('',#7335,1.);
#575=CYLINDRICAL_SURFACE('',#7338,1.);
#576=CYLINDRICAL_SURFACE('',#7359,0.5);
#577=CYLINDRICAL_SURFACE('',#7362,1.30154507029067);
#578=CYLINDRICAL_SURFACE('',#7369,0.644009461630724);
#579=CYLINDRICAL_SURFACE('',#7372,1.30154507029067);
#580=CYLINDRICAL_SURFACE('',#7390,1.);
#581=CYLINDRICAL_SURFACE('',#7395,1.);
#582=CYLINDRICAL_SURFACE('',#7402,1.);
#583=CYLINDRICAL_SURFACE('',#7407,1.);
#584=CYLINDRICAL_SURFACE('',#7430,0.5);
#585=CYLINDRICAL_SURFACE('',#7499,2.5);
#586=CYLINDRICAL_SURFACE('',#7508,4.25);
#587=CYLINDRICAL_SURFACE('',#7533,1.5);
#588=CYLINDRICAL_SURFACE('',#7542,2.75);
#589=CYLINDRICAL_SURFACE('',#7579,1.5);
#590=CYLINDRICAL_SURFACE('',#7582,1.5);
#591=CYLINDRICAL_SURFACE('',#7584,1.);
#592=CYLINDRICAL_SURFACE('',#7588,1.55);
#593=CYLINDRICAL_SURFACE('',#7593,1.55);
#594=CYLINDRICAL_SURFACE('',#7605,2.9);
#595=CYLINDRICAL_SURFACE('',#7607,2.9);
#596=CYLINDRICAL_SURFACE('',#7619,2.55);
#597=CYLINDRICAL_SURFACE('',#7624,2.55);
#598=CYLINDRICAL_SURFACE('',#7652,1.5);
#599=CYLINDRICAL_SURFACE('',#7655,1.5);
#600=CYLINDRICAL_SURFACE('',#7657,1.);
#601=CYLINDRICAL_SURFACE('',#7663,1.55);
#602=CYLINDRICAL_SURFACE('',#7667,1.55);
#603=CYLINDRICAL_SURFACE('',#7679,2.9);
#604=CYLINDRICAL_SURFACE('',#7681,2.9);
#605=CYLINDRICAL_SURFACE('',#7696,4.4);
#606=CYLINDRICAL_SURFACE('',#7698,4.4);
#607=CYLINDRICAL_SURFACE('',#7701,1.2645);
#608=CYLINDRICAL_SURFACE('',#7703,2.5);
#609=CYLINDRICAL_SURFACE('',#7712,4.25);
#610=CYLINDRICAL_SURFACE('',#7740,2.55);
#611=CYLINDRICAL_SURFACE('',#7750,3.99999999999999);
#612=FACE_OUTER_BOUND('',#1000,.T.);
#613=FACE_OUTER_BOUND('',#1001,.T.);
#614=FACE_OUTER_BOUND('',#1002,.T.);
#615=FACE_OUTER_BOUND('',#1003,.T.);
#616=FACE_OUTER_BOUND('',#1004,.T.);
#617=FACE_OUTER_BOUND('',#1005,.T.);
#618=FACE_OUTER_BOUND('',#1006,.T.);
#619=FACE_OUTER_BOUND('',#1007,.T.);
#620=FACE_OUTER_BOUND('',#1008,.T.);
#621=FACE_OUTER_BOUND('',#1009,.T.);
#622=FACE_OUTER_BOUND('',#1010,.T.);
#623=FACE_OUTER_BOUND('',#1011,.T.);
#624=FACE_OUTER_BOUND('',#1012,.T.);
#625=FACE_OUTER_BOUND('',#1013,.T.);
#626=FACE_OUTER_BOUND('',#1014,.T.);
#627=FACE_OUTER_BOUND('',#1015,.T.);
#628=FACE_OUTER_BOUND('',#1016,.T.);
#629=FACE_OUTER_BOUND('',#1017,.T.);
#630=FACE_OUTER_BOUND('',#1018,.T.);
#631=FACE_OUTER_BOUND('',#1019,.T.);
#632=FACE_OUTER_BOUND('',#1020,.T.);
#633=FACE_OUTER_BOUND('',#1021,.T.);
#634=FACE_OUTER_BOUND('',#1022,.T.);
#635=FACE_OUTER_BOUND('',#1023,.T.);
#636=FACE_OUTER_BOUND('',#1024,.T.);
#637=FACE_OUTER_BOUND('',#1025,.T.);
#638=FACE_OUTER_BOUND('',#1026,.T.);
#639=FACE_OUTER_BOUND('',#1029,.T.);
#640=FACE_OUTER_BOUND('',#1030,.T.);
#641=FACE_OUTER_BOUND('',#1033,.T.);
#642=FACE_OUTER_BOUND('',#1034,.T.);
#643=FACE_OUTER_BOUND('',#1035,.T.);
#644=FACE_OUTER_BOUND('',#1036,.T.);
#645=FACE_OUTER_BOUND('',#1037,.T.);
#646=FACE_OUTER_BOUND('',#1039,.T.);
#647=FACE_OUTER_BOUND('',#1040,.T.);
#648=FACE_OUTER_BOUND('',#1041,.T.);
#649=FACE_OUTER_BOUND('',#1043,.T.);
#650=FACE_OUTER_BOUND('',#1044,.T.);
#651=FACE_OUTER_BOUND('',#1045,.T.);
#652=FACE_OUTER_BOUND('',#1046,.T.);
#653=FACE_OUTER_BOUND('',#1047,.T.);
#654=FACE_OUTER_BOUND('',#1048,.T.);
#655=FACE_OUTER_BOUND('',#1049,.T.);
#656=FACE_OUTER_BOUND('',#1050,.T.);
#657=FACE_OUTER_BOUND('',#1051,.T.);
#658=FACE_OUTER_BOUND('',#1052,.T.);
#659=FACE_OUTER_BOUND('',#1053,.T.);
#660=FACE_OUTER_BOUND('',#1054,.T.);
#661=FACE_OUTER_BOUND('',#1055,.T.);
#662=FACE_OUTER_BOUND('',#1056,.T.);
#663=FACE_OUTER_BOUND('',#1058,.T.);
#664=FACE_OUTER_BOUND('',#1060,.T.);
#665=FACE_OUTER_BOUND('',#1061,.T.);
#666=FACE_OUTER_BOUND('',#1062,.T.);
#667=FACE_OUTER_BOUND('',#1063,.T.);
#668=FACE_OUTER_BOUND('',#1064,.T.);
#669=FACE_OUTER_BOUND('',#1065,.T.);
#670=FACE_OUTER_BOUND('',#1066,.T.);
#671=FACE_OUTER_BOUND('',#1067,.T.);
#672=FACE_OUTER_BOUND('',#1068,.T.);
#673=FACE_OUTER_BOUND('',#1069,.T.);
#674=FACE_OUTER_BOUND('',#1070,.T.);
#675=FACE_OUTER_BOUND('',#1071,.T.);
#676=FACE_OUTER_BOUND('',#1072,.T.);
#677=FACE_OUTER_BOUND('',#1073,.T.);
#678=FACE_OUTER_BOUND('',#1074,.T.);
#679=FACE_OUTER_BOUND('',#1075,.T.);
#680=FACE_OUTER_BOUND('',#1076,.T.);
#681=FACE_OUTER_BOUND('',#1077,.T.);
#682=FACE_OUTER_BOUND('',#1078,.T.);
#683=FACE_OUTER_BOUND('',#1079,.T.);
#684=FACE_OUTER_BOUND('',#1080,.T.);
#685=FACE_OUTER_BOUND('',#1081,.T.);
#686=FACE_OUTER_BOUND('',#1082,.T.);
#687=FACE_OUTER_BOUND('',#1083,.T.);
#688=FACE_OUTER_BOUND('',#1084,.T.);
#689=FACE_OUTER_BOUND('',#1085,.T.);
#690=FACE_OUTER_BOUND('',#1086,.T.);
#691=FACE_OUTER_BOUND('',#1087,.T.);
#692=FACE_OUTER_BOUND('',#1088,.T.);
#693=FACE_OUTER_BOUND('',#1089,.T.);
#694=FACE_OUTER_BOUND('',#1090,.T.);
#695=FACE_OUTER_BOUND('',#1091,.T.);
#696=FACE_OUTER_BOUND('',#1092,.T.);
#697=FACE_OUTER_BOUND('',#1093,.T.);
#698=FACE_OUTER_BOUND('',#1094,.T.);
#699=FACE_OUTER_BOUND('',#1095,.T.);
#700=FACE_OUTER_BOUND('',#1096,.T.);
#701=FACE_OUTER_BOUND('',#1097,.T.);
#702=FACE_OUTER_BOUND('',#1098,.T.);
#703=FACE_OUTER_BOUND('',#1099,.T.);
#704=FACE_OUTER_BOUND('',#1100,.T.);
#705=FACE_OUTER_BOUND('',#1101,.T.);
#706=FACE_OUTER_BOUND('',#1102,.T.);
#707=FACE_OUTER_BOUND('',#1103,.T.);
#708=FACE_OUTER_BOUND('',#1104,.T.);
#709=FACE_OUTER_BOUND('',#1105,.T.);
#710=FACE_OUTER_BOUND('',#1106,.T.);
#711=FACE_OUTER_BOUND('',#1107,.T.);
#712=FACE_OUTER_BOUND('',#1108,.T.);
#713=FACE_OUTER_BOUND('',#1109,.T.);
#714=FACE_OUTER_BOUND('',#1110,.T.);
#715=FACE_OUTER_BOUND('',#1111,.T.);
#716=FACE_OUTER_BOUND('',#1112,.T.);
#717=FACE_OUTER_BOUND('',#1113,.T.);
#718=FACE_OUTER_BOUND('',#1114,.T.);
#719=FACE_OUTER_BOUND('',#1115,.T.);
#720=FACE_OUTER_BOUND('',#1116,.T.);
#721=FACE_OUTER_BOUND('',#1117,.T.);
#722=FACE_OUTER_BOUND('',#1118,.T.);
#723=FACE_OUTER_BOUND('',#1119,.T.);
#724=FACE_OUTER_BOUND('',#1120,.T.);
#725=FACE_OUTER_BOUND('',#1121,.T.);
#726=FACE_OUTER_BOUND('',#1122,.T.);
#727=FACE_OUTER_BOUND('',#1123,.T.);
#728=FACE_OUTER_BOUND('',#1127,.T.);
#729=FACE_OUTER_BOUND('',#1128,.T.);
#730=FACE_OUTER_BOUND('',#1129,.T.);
#731=FACE_OUTER_BOUND('',#1130,.T.);
#732=FACE_OUTER_BOUND('',#1131,.T.);
#733=FACE_OUTER_BOUND('',#1132,.T.);
#734=FACE_OUTER_BOUND('',#1133,.T.);
#735=FACE_OUTER_BOUND('',#1134,.T.);
#736=FACE_OUTER_BOUND('',#1135,.T.);
#737=FACE_OUTER_BOUND('',#1136,.T.);
#738=FACE_OUTER_BOUND('',#1137,.T.);
#739=FACE_OUTER_BOUND('',#1138,.T.);
#740=FACE_OUTER_BOUND('',#1140,.T.);
#741=FACE_OUTER_BOUND('',#1141,.T.);
#742=FACE_OUTER_BOUND('',#1142,.T.);
#743=FACE_OUTER_BOUND('',#1143,.T.);
#744=FACE_OUTER_BOUND('',#1144,.T.);
#745=FACE_OUTER_BOUND('',#1145,.T.);
#746=FACE_OUTER_BOUND('',#1146,.T.);
#747=FACE_OUTER_BOUND('',#1147,.T.);
#748=FACE_OUTER_BOUND('',#1148,.T.);
#749=FACE_OUTER_BOUND('',#1149,.T.);
#750=FACE_OUTER_BOUND('',#1150,.T.);
#751=FACE_OUTER_BOUND('',#1151,.T.);
#752=FACE_OUTER_BOUND('',#1152,.T.);
#753=FACE_OUTER_BOUND('',#1153,.T.);
#754=FACE_OUTER_BOUND('',#1154,.T.);
#755=FACE_OUTER_BOUND('',#1155,.T.);
#756=FACE_OUTER_BOUND('',#1156,.T.);
#757=FACE_OUTER_BOUND('',#1157,.T.);
#758=FACE_OUTER_BOUND('',#1158,.T.);
#759=FACE_OUTER_BOUND('',#1159,.T.);
#760=FACE_OUTER_BOUND('',#1160,.T.);
#761=FACE_OUTER_BOUND('',#1161,.T.);
#762=FACE_OUTER_BOUND('',#1162,.T.);
#763=FACE_OUTER_BOUND('',#1163,.T.);
#764=FACE_OUTER_BOUND('',#1164,.T.);
#765=FACE_OUTER_BOUND('',#1165,.T.);
#766=FACE_OUTER_BOUND('',#1166,.T.);
#767=FACE_OUTER_BOUND('',#1168,.T.);
#768=FACE_OUTER_BOUND('',#1170,.T.);
#769=FACE_OUTER_BOUND('',#1171,.T.);
#770=FACE_OUTER_BOUND('',#1172,.T.);
#771=FACE_OUTER_BOUND('',#1173,.T.);
#772=FACE_OUTER_BOUND('',#1174,.T.);
#773=FACE_OUTER_BOUND('',#1175,.T.);
#774=FACE_OUTER_BOUND('',#1176,.T.);
#775=FACE_OUTER_BOUND('',#1177,.T.);
#776=FACE_OUTER_BOUND('',#1178,.T.);
#777=FACE_OUTER_BOUND('',#1179,.T.);
#778=FACE_OUTER_BOUND('',#1180,.T.);
#779=FACE_OUTER_BOUND('',#1181,.T.);
#780=FACE_OUTER_BOUND('',#1182,.T.);
#781=FACE_OUTER_BOUND('',#1183,.T.);
#782=FACE_OUTER_BOUND('',#1184,.T.);
#783=FACE_OUTER_BOUND('',#1185,.T.);
#784=FACE_OUTER_BOUND('',#1186,.T.);
#785=FACE_OUTER_BOUND('',#1187,.T.);
#786=FACE_OUTER_BOUND('',#1188,.T.);
#787=FACE_OUTER_BOUND('',#1189,.T.);
#788=FACE_OUTER_BOUND('',#1190,.T.);
#789=FACE_OUTER_BOUND('',#1191,.T.);
#790=FACE_OUTER_BOUND('',#1192,.T.);
#791=FACE_OUTER_BOUND('',#1193,.T.);
#792=FACE_OUTER_BOUND('',#1194,.T.);
#793=FACE_OUTER_BOUND('',#1195,.T.);
#794=FACE_OUTER_BOUND('',#1196,.T.);
#795=FACE_OUTER_BOUND('',#1197,.T.);
#796=FACE_OUTER_BOUND('',#1198,.T.);
#797=FACE_OUTER_BOUND('',#1199,.T.);
#798=FACE_OUTER_BOUND('',#1200,.T.);
#799=FACE_OUTER_BOUND('',#1201,.T.);
#800=FACE_OUTER_BOUND('',#1202,.T.);
#801=FACE_OUTER_BOUND('',#1203,.T.);
#802=FACE_OUTER_BOUND('',#1207,.T.);
#803=FACE_OUTER_BOUND('',#1208,.T.);
#804=FACE_OUTER_BOUND('',#1209,.T.);
#805=FACE_OUTER_BOUND('',#1210,.T.);
#806=FACE_OUTER_BOUND('',#1211,.T.);
#807=FACE_OUTER_BOUND('',#1212,.T.);
#808=FACE_OUTER_BOUND('',#1213,.T.);
#809=FACE_OUTER_BOUND('',#1214,.T.);
#810=FACE_OUTER_BOUND('',#1215,.T.);
#811=FACE_OUTER_BOUND('',#1216,.T.);
#812=FACE_OUTER_BOUND('',#1217,.T.);
#813=FACE_OUTER_BOUND('',#1218,.T.);
#814=FACE_OUTER_BOUND('',#1220,.T.);
#815=FACE_OUTER_BOUND('',#1221,.T.);
#816=FACE_OUTER_BOUND('',#1222,.T.);
#817=FACE_OUTER_BOUND('',#1223,.T.);
#818=FACE_OUTER_BOUND('',#1224,.T.);
#819=FACE_OUTER_BOUND('',#1225,.T.);
#820=FACE_OUTER_BOUND('',#1226,.T.);
#821=FACE_OUTER_BOUND('',#1227,.T.);
#822=FACE_OUTER_BOUND('',#1228,.T.);
#823=FACE_OUTER_BOUND('',#1229,.T.);
#824=FACE_OUTER_BOUND('',#1230,.T.);
#825=FACE_OUTER_BOUND('',#1231,.T.);
#826=FACE_OUTER_BOUND('',#1232,.T.);
#827=FACE_OUTER_BOUND('',#1233,.T.);
#828=FACE_OUTER_BOUND('',#1234,.T.);
#829=FACE_OUTER_BOUND('',#1235,.T.);
#830=FACE_OUTER_BOUND('',#1236,.T.);
#831=FACE_OUTER_BOUND('',#1237,.T.);
#832=FACE_OUTER_BOUND('',#1238,.T.);
#833=FACE_OUTER_BOUND('',#1239,.T.);
#834=FACE_OUTER_BOUND('',#1240,.T.);
#835=FACE_OUTER_BOUND('',#1241,.T.);
#836=FACE_OUTER_BOUND('',#1242,.T.);
#837=FACE_OUTER_BOUND('',#1243,.T.);
#838=FACE_OUTER_BOUND('',#1244,.T.);
#839=FACE_OUTER_BOUND('',#1245,.T.);
#840=FACE_OUTER_BOUND('',#1246,.T.);
#841=FACE_OUTER_BOUND('',#1247,.T.);
#842=FACE_OUTER_BOUND('',#1248,.T.);
#843=FACE_OUTER_BOUND('',#1249,.T.);
#844=FACE_OUTER_BOUND('',#1250,.T.);
#845=FACE_OUTER_BOUND('',#1251,.T.);
#846=FACE_OUTER_BOUND('',#1252,.T.);
#847=FACE_OUTER_BOUND('',#1253,.T.);
#848=FACE_OUTER_BOUND('',#1254,.T.);
#849=FACE_OUTER_BOUND('',#1255,.T.);
#850=FACE_OUTER_BOUND('',#1256,.T.);
#851=FACE_OUTER_BOUND('',#1257,.T.);
#852=FACE_OUTER_BOUND('',#1258,.T.);
#853=FACE_OUTER_BOUND('',#1259,.T.);
#854=FACE_OUTER_BOUND('',#1260,.T.);
#855=FACE_OUTER_BOUND('',#1261,.T.);
#856=FACE_OUTER_BOUND('',#1262,.T.);
#857=FACE_OUTER_BOUND('',#1263,.T.);
#858=FACE_OUTER_BOUND('',#1264,.T.);
#859=FACE_OUTER_BOUND('',#1266,.T.);
#860=FACE_OUTER_BOUND('',#1267,.T.);
#861=FACE_OUTER_BOUND('',#1268,.T.);
#862=FACE_OUTER_BOUND('',#1269,.T.);
#863=FACE_OUTER_BOUND('',#1271,.T.);
#864=FACE_OUTER_BOUND('',#1272,.T.);
#865=FACE_OUTER_BOUND('',#1273,.T.);
#866=FACE_OUTER_BOUND('',#1274,.T.);
#867=FACE_OUTER_BOUND('',#1275,.T.);
#868=FACE_OUTER_BOUND('',#1276,.T.);
#869=FACE_OUTER_BOUND('',#1277,.T.);
#870=FACE_OUTER_BOUND('',#1278,.T.);
#871=FACE_OUTER_BOUND('',#1279,.T.);
#872=FACE_OUTER_BOUND('',#1280,.T.);
#873=FACE_OUTER_BOUND('',#1281,.T.);
#874=FACE_OUTER_BOUND('',#1282,.T.);
#875=FACE_OUTER_BOUND('',#1283,.T.);
#876=FACE_OUTER_BOUND('',#1284,.T.);
#877=FACE_OUTER_BOUND('',#1285,.T.);
#878=FACE_OUTER_BOUND('',#1286,.T.);
#879=FACE_OUTER_BOUND('',#1288,.T.);
#880=FACE_OUTER_BOUND('',#1289,.T.);
#881=FACE_OUTER_BOUND('',#1290,.T.);
#882=FACE_OUTER_BOUND('',#1291,.T.);
#883=FACE_OUTER_BOUND('',#1293,.T.);
#884=FACE_OUTER_BOUND('',#1294,.T.);
#885=FACE_OUTER_BOUND('',#1295,.T.);
#886=FACE_OUTER_BOUND('',#1296,.T.);
#887=FACE_OUTER_BOUND('',#1297,.T.);
#888=FACE_OUTER_BOUND('',#1298,.T.);
#889=FACE_OUTER_BOUND('',#1299,.T.);
#890=FACE_OUTER_BOUND('',#1300,.T.);
#891=FACE_OUTER_BOUND('',#1301,.T.);
#892=FACE_OUTER_BOUND('',#1302,.T.);
#893=FACE_OUTER_BOUND('',#1303,.T.);
#894=FACE_OUTER_BOUND('',#1304,.T.);
#895=FACE_OUTER_BOUND('',#1305,.T.);
#896=FACE_OUTER_BOUND('',#1306,.T.);
#897=FACE_OUTER_BOUND('',#1307,.T.);
#898=FACE_OUTER_BOUND('',#1308,.T.);
#899=FACE_OUTER_BOUND('',#1309,.T.);
#900=FACE_OUTER_BOUND('',#1310,.T.);
#901=FACE_OUTER_BOUND('',#1311,.T.);
#902=FACE_OUTER_BOUND('',#1312,.T.);
#903=FACE_OUTER_BOUND('',#1313,.T.);
#904=FACE_OUTER_BOUND('',#1314,.T.);
#905=FACE_OUTER_BOUND('',#1315,.T.);
#906=FACE_OUTER_BOUND('',#1316,.T.);
#907=FACE_OUTER_BOUND('',#1317,.T.);
#908=FACE_OUTER_BOUND('',#1318,.T.);
#909=FACE_OUTER_BOUND('',#1319,.T.);
#910=FACE_OUTER_BOUND('',#1320,.T.);
#911=FACE_OUTER_BOUND('',#1321,.T.);
#912=FACE_OUTER_BOUND('',#1322,.T.);
#913=FACE_OUTER_BOUND('',#1323,.T.);
#914=FACE_OUTER_BOUND('',#1325,.T.);
#915=FACE_OUTER_BOUND('',#1326,.T.);
#916=FACE_OUTER_BOUND('',#1328,.T.);
#917=FACE_OUTER_BOUND('',#1329,.T.);
#918=FACE_OUTER_BOUND('',#1330,.T.);
#919=FACE_OUTER_BOUND('',#1331,.T.);
#920=FACE_OUTER_BOUND('',#1332,.T.);
#921=FACE_OUTER_BOUND('',#1333,.T.);
#922=FACE_OUTER_BOUND('',#1336,.T.);
#923=FACE_OUTER_BOUND('',#1337,.T.);
#924=FACE_OUTER_BOUND('',#1338,.T.);
#925=FACE_OUTER_BOUND('',#1339,.T.);
#926=FACE_OUTER_BOUND('',#1340,.T.);
#927=FACE_OUTER_BOUND('',#1341,.T.);
#928=FACE_OUTER_BOUND('',#1343,.T.);
#929=FACE_OUTER_BOUND('',#1344,.T.);
#930=FACE_OUTER_BOUND('',#1345,.T.);
#931=FACE_OUTER_BOUND('',#1346,.T.);
#932=FACE_OUTER_BOUND('',#1348,.T.);
#933=FACE_OUTER_BOUND('',#1349,.T.);
#934=FACE_OUTER_BOUND('',#1352,.T.);
#935=FACE_OUTER_BOUND('',#1353,.T.);
#936=FACE_OUTER_BOUND('',#1354,.T.);
#937=FACE_OUTER_BOUND('',#1355,.T.);
#938=FACE_OUTER_BOUND('',#1356,.T.);
#939=FACE_OUTER_BOUND('',#1357,.T.);
#940=FACE_OUTER_BOUND('',#1358,.T.);
#941=FACE_OUTER_BOUND('',#1359,.T.);
#942=FACE_OUTER_BOUND('',#1360,.T.);
#943=FACE_OUTER_BOUND('',#1361,.T.);
#944=FACE_OUTER_BOUND('',#1362,.T.);
#945=FACE_OUTER_BOUND('',#1363,.T.);
#946=FACE_OUTER_BOUND('',#1364,.T.);
#947=FACE_OUTER_BOUND('',#1365,.T.);
#948=FACE_OUTER_BOUND('',#1366,.T.);
#949=FACE_OUTER_BOUND('',#1371,.T.);
#950=FACE_OUTER_BOUND('',#1372,.T.);
#951=FACE_OUTER_BOUND('',#1373,.T.);
#952=FACE_OUTER_BOUND('',#1374,.T.);
#953=FACE_OUTER_BOUND('',#1375,.T.);
#954=FACE_OUTER_BOUND('',#1377,.T.);
#955=FACE_OUTER_BOUND('',#1378,.T.);
#956=FACE_OUTER_BOUND('',#1380,.T.);
#957=FACE_OUTER_BOUND('',#1381,.T.);
#958=FACE_OUTER_BOUND('',#1382,.T.);
#959=FACE_OUTER_BOUND('',#1383,.T.);
#960=FACE_OUTER_BOUND('',#1384,.T.);
#961=FACE_OUTER_BOUND('',#1385,.T.);
#962=FACE_OUTER_BOUND('',#1386,.T.);
#963=FACE_OUTER_BOUND('',#1387,.T.);
#964=FACE_OUTER_BOUND('',#1390,.T.);
#965=FACE_OUTER_BOUND('',#1391,.T.);
#966=FACE_OUTER_BOUND('',#1393,.T.);
#967=FACE_OUTER_BOUND('',#1396,.T.);
#968=FACE_OUTER_BOUND('',#1397,.T.);
#969=FACE_OUTER_BOUND('',#1398,.T.);
#970=FACE_OUTER_BOUND('',#1399,.T.);
#971=FACE_OUTER_BOUND('',#1400,.T.);
#972=FACE_OUTER_BOUND('',#1401,.T.);
#973=FACE_OUTER_BOUND('',#1402,.T.);
#974=FACE_OUTER_BOUND('',#1404,.T.);
#975=FACE_OUTER_BOUND('',#1405,.T.);
#976=FACE_OUTER_BOUND('',#1406,.T.);
#977=FACE_OUTER_BOUND('',#1407,.T.);
#978=FACE_OUTER_BOUND('',#1409,.T.);
#979=FACE_OUTER_BOUND('',#1410,.T.);
#980=FACE_OUTER_BOUND('',#1411,.T.);
#981=FACE_OUTER_BOUND('',#1412,.T.);
#982=FACE_OUTER_BOUND('',#1413,.T.);
#983=FACE_OUTER_BOUND('',#1414,.T.);
#984=FACE_OUTER_BOUND('',#1415,.T.);
#985=FACE_OUTER_BOUND('',#1416,.T.);
#986=FACE_OUTER_BOUND('',#1417,.T.);
#987=FACE_OUTER_BOUND('',#1418,.T.);
#988=FACE_OUTER_BOUND('',#1419,.T.);
#989=FACE_OUTER_BOUND('',#1420,.T.);
#990=FACE_OUTER_BOUND('',#1421,.T.);
#991=FACE_OUTER_BOUND('',#1422,.T.);
#992=FACE_OUTER_BOUND('',#1423,.T.);
#993=FACE_OUTER_BOUND('',#1424,.T.);
#994=FACE_OUTER_BOUND('',#1425,.T.);
#995=FACE_OUTER_BOUND('',#1427,.T.);
#996=FACE_OUTER_BOUND('',#1428,.T.);
#997=FACE_OUTER_BOUND('',#1430,.T.);
#998=FACE_OUTER_BOUND('',#1431,.T.);
#999=FACE_OUTER_BOUND('',#1432,.T.);
#1000=EDGE_LOOP('',(#4641,#4642,#4643,#4644));
#1001=EDGE_LOOP('',(#4645,#4646,#4647,#4648));
#1002=EDGE_LOOP('',(#4649,#4650,#4651,#4652));
#1003=EDGE_LOOP('',(#4653,#4654,#4655,#4656));
#1004=EDGE_LOOP('',(#4657,#4658,#4659,#4660));
#1005=EDGE_LOOP('',(#4661,#4662,#4663,#4664));
#1006=EDGE_LOOP('',(#4665,#4666,#4667,#4668));
#1007=EDGE_LOOP('',(#4669,#4670,#4671,#4672));
#1008=EDGE_LOOP('',(#4673,#4674,#4675,#4676));
#1009=EDGE_LOOP('',(#4677,#4678,#4679,#4680));
#1010=EDGE_LOOP('',(#4681));
#1011=EDGE_LOOP('',(#4682));
#1012=EDGE_LOOP('',(#4683,#4684,#4685,#4686));
#1013=EDGE_LOOP('',(#4687,#4688,#4689,#4690));
#1014=EDGE_LOOP('',(#4691,#4692,#4693,#4694));
#1015=EDGE_LOOP('',(#4695,#4696,#4697,#4698));
#1016=EDGE_LOOP('',(#4699,#4700,#4701,#4702));
#1017=EDGE_LOOP('',(#4703,#4704,#4705,#4706));
#1018=EDGE_LOOP('',(#4707,#4708,#4709,#4710));
#1019=EDGE_LOOP('',(#4711,#4712,#4713,#4714));
#1020=EDGE_LOOP('',(#4715,#4716,#4717,#4718));
#1021=EDGE_LOOP('',(#4719,#4720,#4721,#4722));
#1022=EDGE_LOOP('',(#4723,#4724,#4725,#4726));
#1023=EDGE_LOOP('',(#4727,#4728,#4729,#4730));
#1024=EDGE_LOOP('',(#4731,#4732,#4733,#4734));
#1025=EDGE_LOOP('',(#4735,#4736,#4737,#4738));
#1026=EDGE_LOOP('',(#4739,#4740,#4741,#4742));
#1027=EDGE_LOOP('',(#4743));
#1028=EDGE_LOOP('',(#4744));
#1029=EDGE_LOOP('',(#4745,#4746,#4747,#4748));
#1030=EDGE_LOOP('',(#4749,#4750,#4751,#4752));
#1031=EDGE_LOOP('',(#4753));
#1032=EDGE_LOOP('',(#4754));
#1033=EDGE_LOOP('',(#4755,#4756,#4757,#4758));
#1034=EDGE_LOOP('',(#4759,#4760,#4761,#4762));
#1035=EDGE_LOOP('',(#4763,#4764,#4765,#4766));
#1036=EDGE_LOOP('',(#4767,#4768,#4769,#4770));
#1037=EDGE_LOOP('',(#4771,#4772,#4773,#4774,#4775,#4776,#4777,#4778,#4779,
#4780,#4781,#4782,#4783,#4784,#4785,#4786,#4787,#4788,#4789,#4790,#4791,
#4792));
#1038=EDGE_LOOP('',(#4793));
#1039=EDGE_LOOP('',(#4794));
#1040=EDGE_LOOP('',(#4795));
#1041=EDGE_LOOP('',(#4796,#4797,#4798,#4799,#4800,#4801,#4802,#4803,#4804,
#4805,#4806,#4807,#4808,#4809,#4810,#4811,#4812,#4813,#4814,#4815,#4816,
#4817));
#1042=EDGE_LOOP('',(#4818));
#1043=EDGE_LOOP('',(#4819,#4820,#4821,#4822));
#1044=EDGE_LOOP('',(#4823,#4824,#4825,#4826));
#1045=EDGE_LOOP('',(#4827,#4828,#4829,#4830));
#1046=EDGE_LOOP('',(#4831,#4832,#4833,#4834));
#1047=EDGE_LOOP('',(#4835,#4836,#4837,#4838));
#1048=EDGE_LOOP('',(#4839,#4840,#4841,#4842));
#1049=EDGE_LOOP('',(#4843,#4844,#4845,#4846));
#1050=EDGE_LOOP('',(#4847,#4848,#4849,#4850));
#1051=EDGE_LOOP('',(#4851,#4852,#4853,#4854));
#1052=EDGE_LOOP('',(#4855,#4856,#4857,#4858));
#1053=EDGE_LOOP('',(#4859,#4860,#4861,#4862));
#1054=EDGE_LOOP('',(#4863,#4864,#4865,#4866));
#1055=EDGE_LOOP('',(#4867,#4868,#4869,#4870));
#1056=EDGE_LOOP('',(#4871,#4872,#4873,#4874,#4875,#4876,#4877,#4878,#4879,
#4880,#4881,#4882,#4883,#4884,#4885,#4886,#4887,#4888));
#1057=EDGE_LOOP('',(#4889));
#1058=EDGE_LOOP('',(#4890,#4891,#4892,#4893,#4894,#4895,#4896,#4897,#4898,
#4899,#4900,#4901,#4902,#4903,#4904,#4905,#4906,#4907));
#1059=EDGE_LOOP('',(#4908));
#1060=EDGE_LOOP('',(#4909,#4910,#4911,#4912));
#1061=EDGE_LOOP('',(#4913,#4914,#4915,#4916));
#1062=EDGE_LOOP('',(#4917,#4918,#4919,#4920));
#1063=EDGE_LOOP('',(#4921,#4922,#4923,#4924));
#1064=EDGE_LOOP('',(#4925,#4926,#4927,#4928));
#1065=EDGE_LOOP('',(#4929,#4930,#4931,#4932));
#1066=EDGE_LOOP('',(#4933,#4934,#4935,#4936,#4937,#4938,#4939,#4940,#4941,
#4942,#4943,#4944,#4945,#4946,#4947,#4948));
#1067=EDGE_LOOP('',(#4949));
#1068=EDGE_LOOP('',(#4950,#4951,#4952,#4953,#4954));
#1069=EDGE_LOOP('',(#4955,#4956,#4957,#4958));
#1070=EDGE_LOOP('',(#4959,#4960,#4961,#4962));
#1071=EDGE_LOOP('',(#4963,#4964,#4965,#4966));
#1072=EDGE_LOOP('',(#4967,#4968,#4969,#4970));
#1073=EDGE_LOOP('',(#4971,#4972,#4973,#4974));
#1074=EDGE_LOOP('',(#4975,#4976,#4977,#4978));
#1075=EDGE_LOOP('',(#4979,#4980,#4981,#4982));
#1076=EDGE_LOOP('',(#4983,#4984,#4985,#4986));
#1077=EDGE_LOOP('',(#4987,#4988,#4989,#4990));
#1078=EDGE_LOOP('',(#4991,#4992,#4993,#4994));
#1079=EDGE_LOOP('',(#4995,#4996,#4997,#4998));
#1080=EDGE_LOOP('',(#4999,#5000,#5001,#5002,#5003,#5004,#5005,#5006,#5007,
#5008,#5009,#5010));
#1081=EDGE_LOOP('',(#5011,#5012,#5013,#5014,#5015,#5016,#5017,#5018,#5019,
#5020,#5021,#5022,#5023,#5024,#5025,#5026));
#1082=EDGE_LOOP('',(#5027));
#1083=EDGE_LOOP('',(#5028,#5029,#5030,#5031));
#1084=EDGE_LOOP('',(#5032,#5033,#5034,#5035));
#1085=EDGE_LOOP('',(#5036,#5037,#5038,#5039));
#1086=EDGE_LOOP('',(#5040,#5041,#5042,#5043));
#1087=EDGE_LOOP('',(#5044,#5045,#5046,#5047));
#1088=EDGE_LOOP('',(#5048,#5049,#5050,#5051));
#1089=EDGE_LOOP('',(#5052,#5053,#5054,#5055,#5056));
#1090=EDGE_LOOP('',(#5057,#5058,#5059,#5060));
#1091=EDGE_LOOP('',(#5061,#5062,#5063,#5064));
#1092=EDGE_LOOP('',(#5065,#5066,#5067,#5068));
#1093=EDGE_LOOP('',(#5069,#5070,#5071,#5072));
#1094=EDGE_LOOP('',(#5073,#5074,#5075,#5076));
#1095=EDGE_LOOP('',(#5077,#5078,#5079,#5080,#5081,#5082,#5083,#5084,#5085,
#5086,#5087,#5088));
#1096=EDGE_LOOP('',(#5089,#5090,#5091,#5092));
#1097=EDGE_LOOP('',(#5093,#5094,#5095,#5096,#5097,#5098,#5099,#5100,#5101,
#5102,#5103,#5104));
#1098=EDGE_LOOP('',(#5105,#5106,#5107,#5108));
#1099=EDGE_LOOP('',(#5109,#5110,#5111,#5112,#5113,#5114,#5115,#5116,#5117,
#5118,#5119,#5120));
#1100=EDGE_LOOP('',(#5121,#5122,#5123,#5124,#5125,#5126,#5127,#5128,#5129,
#5130));
#1101=EDGE_LOOP('',(#5131,#5132,#5133,#5134,#5135,#5136,#5137,#5138));
#1102=EDGE_LOOP('',(#5139,#5140,#5141,#5142,#5143,#5144,#5145,#5146,#5147,
#5148,#5149,#5150,#5151,#5152,#5153,#5154,#5155,#5156,#5157,#5158,#5159,
#5160,#5161,#5162,#5163,#5164,#5165,#5166,#5167,#5168,#5169,#5170));
#1103=EDGE_LOOP('',(#5171,#5172,#5173,#5174,#5175,#5176,#5177,#5178));
#1104=EDGE_LOOP('',(#5179,#5180,#5181,#5182,#5183,#5184,#5185,#5186,#5187,
#5188));
#1105=EDGE_LOOP('',(#5189,#5190,#5191,#5192));
#1106=EDGE_LOOP('',(#5193,#5194,#5195,#5196));
#1107=EDGE_LOOP('',(#5197,#5198,#5199,#5200));
#1108=EDGE_LOOP('',(#5201,#5202,#5203,#5204));
#1109=EDGE_LOOP('',(#5205,#5206,#5207,#5208));
#1110=EDGE_LOOP('',(#5209,#5210,#5211,#5212));
#1111=EDGE_LOOP('',(#5213,#5214,#5215,#5216));
#1112=EDGE_LOOP('',(#5217,#5218,#5219,#5220));
#1113=EDGE_LOOP('',(#5221,#5222,#5223,#5224,#5225,#5226,#5227,#5228));
#1114=EDGE_LOOP('',(#5229,#5230,#5231,#5232));
#1115=EDGE_LOOP('',(#5233,#5234,#5235,#5236));
#1116=EDGE_LOOP('',(#5237,#5238,#5239,#5240));
#1117=EDGE_LOOP('',(#5241,#5242,#5243,#5244));
#1118=EDGE_LOOP('',(#5245,#5246,#5247,#5248));
#1119=EDGE_LOOP('',(#5249,#5250,#5251,#5252));
#1120=EDGE_LOOP('',(#5253,#5254,#5255,#5256));
#1121=EDGE_LOOP('',(#5257,#5258,#5259,#5260));
#1122=EDGE_LOOP('',(#5261,#5262,#5263,#5264));
#1123=EDGE_LOOP('',(#5265,#5266,#5267,#5268,#5269,#5270,#5271,#5272,#5273,
#5274,#5275,#5276,#5277,#5278,#5279,#5280,#5281,#5282,#5283,#5284,#5285,
#5286,#5287,#5288,#5289,#5290));
#1124=EDGE_LOOP('',(#5291));
#1125=EDGE_LOOP('',(#5292));
#1126=EDGE_LOOP('',(#5293));
#1127=EDGE_LOOP('',(#5294,#5295,#5296,#5297));
#1128=EDGE_LOOP('',(#5298,#5299,#5300,#5301));
#1129=EDGE_LOOP('',(#5302,#5303,#5304,#5305));
#1130=EDGE_LOOP('',(#5306,#5307,#5308,#5309));
#1131=EDGE_LOOP('',(#5310,#5311,#5312,#5313));
#1132=EDGE_LOOP('',(#5314,#5315,#5316,#5317));
#1133=EDGE_LOOP('',(#5318,#5319,#5320,#5321));
#1134=EDGE_LOOP('',(#5322,#5323,#5324,#5325));
#1135=EDGE_LOOP('',(#5326,#5327,#5328,#5329));
#1136=EDGE_LOOP('',(#5330,#5331,#5332,#5333));
#1137=EDGE_LOOP('',(#5334,#5335,#5336,#5337));
#1138=EDGE_LOOP('',(#5338,#5339,#5340,#5341,#5342,#5343,#5344,#5345));
#1139=EDGE_LOOP('',(#5346));
#1140=EDGE_LOOP('',(#5347,#5348,#5349,#5350));
#1141=EDGE_LOOP('',(#5351,#5352,#5353,#5354));
#1142=EDGE_LOOP('',(#5355,#5356,#5357,#5358));
#1143=EDGE_LOOP('',(#5359,#5360,#5361,#5362));
#1144=EDGE_LOOP('',(#5363,#5364,#5365,#5366));
#1145=EDGE_LOOP('',(#5367,#5368,#5369,#5370,#5371,#5372,#5373,#5374));
#1146=EDGE_LOOP('',(#5375,#5376,#5377,#5378));
#1147=EDGE_LOOP('',(#5379,#5380,#5381,#5382));
#1148=EDGE_LOOP('',(#5383,#5384,#5385,#5386));
#1149=EDGE_LOOP('',(#5387,#5388,#5389,#5390));
#1150=EDGE_LOOP('',(#5391,#5392,#5393,#5394));
#1151=EDGE_LOOP('',(#5395,#5396,#5397,#5398));
#1152=EDGE_LOOP('',(#5399,#5400,#5401,#5402,#5403,#5404,#5405,#5406));
#1153=EDGE_LOOP('',(#5407,#5408,#5409,#5410));
#1154=EDGE_LOOP('',(#5411,#5412,#5413,#5414));
#1155=EDGE_LOOP('',(#5415,#5416,#5417,#5418));
#1156=EDGE_LOOP('',(#5419,#5420,#5421,#5422));
#1157=EDGE_LOOP('',(#5423,#5424,#5425,#5426));
#1158=EDGE_LOOP('',(#5427,#5428,#5429,#5430));
#1159=EDGE_LOOP('',(#5431,#5432,#5433,#5434));
#1160=EDGE_LOOP('',(#5435,#5436,#5437,#5438));
#1161=EDGE_LOOP('',(#5439,#5440,#5441,#5442));
#1162=EDGE_LOOP('',(#5443,#5444,#5445,#5446));
#1163=EDGE_LOOP('',(#5447,#5448,#5449,#5450));
#1164=EDGE_LOOP('',(#5451,#5452,#5453,#5454));
#1165=EDGE_LOOP('',(#5455,#5456,#5457,#5458));
#1166=EDGE_LOOP('',(#5459,#5460,#5461,#5462,#5463,#5464,#5465,#5466,#5467,
#5468,#5469,#5470,#5471,#5472,#5473,#5474,#5475,#5476));
#1167=EDGE_LOOP('',(#5477));
#1168=EDGE_LOOP('',(#5478,#5479,#5480,#5481,#5482,#5483,#5484,#5485,#5486,
#5487,#5488,#5489,#5490,#5491,#5492,#5493,#5494,#5495));
#1169=EDGE_LOOP('',(#5496));
#1170=EDGE_LOOP('',(#5497,#5498,#5499,#5500));
#1171=EDGE_LOOP('',(#5501,#5502,#5503,#5504));
#1172=EDGE_LOOP('',(#5505,#5506,#5507,#5508));
#1173=EDGE_LOOP('',(#5509,#5510,#5511,#5512));
#1174=EDGE_LOOP('',(#5513,#5514,#5515,#5516));
#1175=EDGE_LOOP('',(#5517,#5518,#5519,#5520));
#1176=EDGE_LOOP('',(#5521,#5522,#5523,#5524));
#1177=EDGE_LOOP('',(#5525,#5526,#5527,#5528,#5529,#5530,#5531,#5532,#5533,
#5534,#5535,#5536));
#1178=EDGE_LOOP('',(#5537,#5538,#5539,#5540));
#1179=EDGE_LOOP('',(#5541,#5542,#5543,#5544,#5545,#5546,#5547,#5548,#5549,
#5550,#5551,#5552));
#1180=EDGE_LOOP('',(#5553,#5554,#5555,#5556,#5557,#5558,#5559,#5560,#5561,
#5562));
#1181=EDGE_LOOP('',(#5563,#5564,#5565,#5566,#5567,#5568,#5569,#5570));
#1182=EDGE_LOOP('',(#5571,#5572,#5573,#5574,#5575,#5576,#5577,#5578,#5579,
#5580,#5581,#5582,#5583,#5584,#5585,#5586,#5587,#5588,#5589,#5590,#5591,
#5592,#5593,#5594,#5595,#5596,#5597,#5598,#5599,#5600,#5601,#5602));
#1183=EDGE_LOOP('',(#5603,#5604,#5605,#5606,#5607,#5608,#5609,#5610));
#1184=EDGE_LOOP('',(#5611,#5612,#5613,#5614,#5615,#5616,#5617,#5618,#5619,
#5620));
#1185=EDGE_LOOP('',(#5621,#5622,#5623,#5624));
#1186=EDGE_LOOP('',(#5625,#5626,#5627,#5628));
#1187=EDGE_LOOP('',(#5629,#5630,#5631,#5632));
#1188=EDGE_LOOP('',(#5633,#5634,#5635,#5636));
#1189=EDGE_LOOP('',(#5637,#5638,#5639,#5640));
#1190=EDGE_LOOP('',(#5641,#5642,#5643,#5644));
#1191=EDGE_LOOP('',(#5645,#5646,#5647,#5648));
#1192=EDGE_LOOP('',(#5649,#5650,#5651,#5652));
#1193=EDGE_LOOP('',(#5653,#5654,#5655,#5656,#5657,#5658,#5659,#5660));
#1194=EDGE_LOOP('',(#5661,#5662,#5663,#5664));
#1195=EDGE_LOOP('',(#5665,#5666,#5667,#5668));
#1196=EDGE_LOOP('',(#5669,#5670,#5671,#5672));
#1197=EDGE_LOOP('',(#5673,#5674,#5675,#5676));
#1198=EDGE_LOOP('',(#5677,#5678,#5679,#5680));
#1199=EDGE_LOOP('',(#5681,#5682,#5683,#5684));
#1200=EDGE_LOOP('',(#5685,#5686,#5687,#5688));
#1201=EDGE_LOOP('',(#5689,#5690,#5691,#5692));
#1202=EDGE_LOOP('',(#5693,#5694,#5695,#5696));
#1203=EDGE_LOOP('',(#5697,#5698,#5699,#5700,#5701,#5702,#5703,#5704,#5705,
#5706,#5707,#5708,#5709,#5710,#5711,#5712,#5713,#5714,#5715,#5716,#5717,
#5718,#5719,#5720,#5721,#5722));
#1204=EDGE_LOOP('',(#5723));
#1205=EDGE_LOOP('',(#5724));
#1206=EDGE_LOOP('',(#5725));
#1207=EDGE_LOOP('',(#5726,#5727,#5728,#5729));
#1208=EDGE_LOOP('',(#5730,#5731,#5732,#5733));
#1209=EDGE_LOOP('',(#5734,#5735,#5736,#5737));
#1210=EDGE_LOOP('',(#5738,#5739,#5740,#5741));
#1211=EDGE_LOOP('',(#5742,#5743,#5744,#5745));
#1212=EDGE_LOOP('',(#5746,#5747,#5748,#5749));
#1213=EDGE_LOOP('',(#5750,#5751,#5752,#5753));
#1214=EDGE_LOOP('',(#5754,#5755,#5756,#5757));
#1215=EDGE_LOOP('',(#5758,#5759,#5760,#5761));
#1216=EDGE_LOOP('',(#5762,#5763,#5764,#5765));
#1217=EDGE_LOOP('',(#5766,#5767,#5768,#5769));
#1218=EDGE_LOOP('',(#5770,#5771,#5772,#5773,#5774,#5775,#5776,#5777));
#1219=EDGE_LOOP('',(#5778));
#1220=EDGE_LOOP('',(#5779,#5780,#5781,#5782));
#1221=EDGE_LOOP('',(#5783,#5784,#5785,#5786));
#1222=EDGE_LOOP('',(#5787,#5788,#5789,#5790));
#1223=EDGE_LOOP('',(#5791,#5792,#5793,#5794));
#1224=EDGE_LOOP('',(#5795,#5796,#5797,#5798));
#1225=EDGE_LOOP('',(#5799,#5800,#5801,#5802,#5803,#5804,#5805,#5806));
#1226=EDGE_LOOP('',(#5807,#5808,#5809,#5810));
#1227=EDGE_LOOP('',(#5811,#5812,#5813,#5814));
#1228=EDGE_LOOP('',(#5815,#5816,#5817,#5818));
#1229=EDGE_LOOP('',(#5819,#5820,#5821,#5822));
#1230=EDGE_LOOP('',(#5823,#5824,#5825,#5826));
#1231=EDGE_LOOP('',(#5827,#5828,#5829,#5830));
#1232=EDGE_LOOP('',(#5831,#5832,#5833,#5834,#5835,#5836,#5837,#5838));
#1233=EDGE_LOOP('',(#5839,#5840,#5841,#5842,#5843,#5844,#5845,#5846,#5847,
#5848,#5849,#5850,#5851,#5852,#5853,#5854));
#1234=EDGE_LOOP('',(#5855));
#1235=EDGE_LOOP('',(#5856,#5857,#5858,#5859,#5860));
#1236=EDGE_LOOP('',(#5861,#5862,#5863,#5864));
#1237=EDGE_LOOP('',(#5865,#5866,#5867,#5868));
#1238=EDGE_LOOP('',(#5869,#5870,#5871,#5872));
#1239=EDGE_LOOP('',(#5873,#5874,#5875,#5876));
#1240=EDGE_LOOP('',(#5877,#5878,#5879,#5880));
#1241=EDGE_LOOP('',(#5881,#5882,#5883,#5884));
#1242=EDGE_LOOP('',(#5885,#5886,#5887,#5888));
#1243=EDGE_LOOP('',(#5889,#5890,#5891,#5892));
#1244=EDGE_LOOP('',(#5893,#5894,#5895,#5896));
#1245=EDGE_LOOP('',(#5897,#5898,#5899,#5900));
#1246=EDGE_LOOP('',(#5901,#5902,#5903,#5904));
#1247=EDGE_LOOP('',(#5905,#5906,#5907,#5908,#5909,#5910,#5911,#5912,#5913,
#5914,#5915,#5916));
#1248=EDGE_LOOP('',(#5917,#5918,#5919,#5920,#5921,#5922,#5923,#5924,#5925,
#5926,#5927,#5928,#5929,#5930,#5931,#5932));
#1249=EDGE_LOOP('',(#5933));
#1250=EDGE_LOOP('',(#5934,#5935,#5936,#5937));
#1251=EDGE_LOOP('',(#5938,#5939,#5940,#5941));
#1252=EDGE_LOOP('',(#5942,#5943,#5944,#5945));
#1253=EDGE_LOOP('',(#5946,#5947,#5948,#5949));
#1254=EDGE_LOOP('',(#5950,#5951,#5952,#5953));
#1255=EDGE_LOOP('',(#5954,#5955,#5956,#5957));
#1256=EDGE_LOOP('',(#5958,#5959,#5960,#5961,#5962));
#1257=EDGE_LOOP('',(#5963,#5964,#5965,#5966));
#1258=EDGE_LOOP('',(#5967,#5968,#5969,#5970));
#1259=EDGE_LOOP('',(#5971,#5972,#5973,#5974));
#1260=EDGE_LOOP('',(#5975,#5976,#5977,#5978));
#1261=EDGE_LOOP('',(#5979,#5980,#5981,#5982));
#1262=EDGE_LOOP('',(#5983,#5984,#5985,#5986,#5987,#5988,#5989,#5990,#5991,
#5992,#5993,#5994));
#1263=EDGE_LOOP('',(#5995,#5996,#5997,#5998,#5999));
#1264=EDGE_LOOP('',(#6000));
#1265=EDGE_LOOP('',(#6001));
#1266=EDGE_LOOP('',(#6002,#6003,#6004,#6005));
#1267=EDGE_LOOP('',(#6006,#6007,#6008,#6009));
#1268=EDGE_LOOP('',(#6010,#6011,#6012,#6013,#6014));
#1269=EDGE_LOOP('',(#6015));
#1270=EDGE_LOOP('',(#6016,#6017,#6018,#6019,#6020,#6021));
#1271=EDGE_LOOP('',(#6022));
#1272=EDGE_LOOP('',(#6023,#6024));
#1273=EDGE_LOOP('',(#6025,#6026));
#1274=EDGE_LOOP('',(#6027,#6028));
#1275=EDGE_LOOP('',(#6029,#6030));
#1276=EDGE_LOOP('',(#6031,#6032));
#1277=EDGE_LOOP('',(#6033,#6034));
#1278=EDGE_LOOP('',(#6035,#6036,#6037,#6038,#6039,#6040));
#1279=EDGE_LOOP('',(#6041,#6042,#6043,#6044));
#1280=EDGE_LOOP('',(#6045,#6046,#6047,#6048));
#1281=EDGE_LOOP('',(#6049,#6050,#6051,#6052));
#1282=EDGE_LOOP('',(#6053,#6054,#6055,#6056));
#1283=EDGE_LOOP('',(#6057,#6058,#6059,#6060));
#1284=EDGE_LOOP('',(#6061,#6062,#6063,#6064));
#1285=EDGE_LOOP('',(#6065,#6066,#6067,#6068,#6069));
#1286=EDGE_LOOP('',(#6070));
#1287=EDGE_LOOP('',(#6071));
#1288=EDGE_LOOP('',(#6072,#6073,#6074,#6075));
#1289=EDGE_LOOP('',(#6076,#6077,#6078,#6079));
#1290=EDGE_LOOP('',(#6080,#6081,#6082,#6083,#6084));
#1291=EDGE_LOOP('',(#6085));
#1292=EDGE_LOOP('',(#6086,#6087,#6088,#6089,#6090,#6091));
#1293=EDGE_LOOP('',(#6092));
#1294=EDGE_LOOP('',(#6093,#6094));
#1295=EDGE_LOOP('',(#6095,#6096));
#1296=EDGE_LOOP('',(#6097,#6098));
#1297=EDGE_LOOP('',(#6099,#6100));
#1298=EDGE_LOOP('',(#6101,#6102));
#1299=EDGE_LOOP('',(#6103,#6104));
#1300=EDGE_LOOP('',(#6105,#6106,#6107,#6108,#6109,#6110));
#1301=EDGE_LOOP('',(#6111,#6112,#6113,#6114));
#1302=EDGE_LOOP('',(#6115,#6116,#6117,#6118));
#1303=EDGE_LOOP('',(#6119,#6120,#6121,#6122));
#1304=EDGE_LOOP('',(#6123,#6124,#6125,#6126));
#1305=EDGE_LOOP('',(#6127,#6128,#6129,#6130));
#1306=EDGE_LOOP('',(#6131,#6132,#6133,#6134));
#1307=EDGE_LOOP('',(#6135,#6136,#6137,#6138));
#1308=EDGE_LOOP('',(#6139,#6140,#6141,#6142));
#1309=EDGE_LOOP('',(#6143,#6144,#6145,#6146));
#1310=EDGE_LOOP('',(#6147,#6148,#6149,#6150));
#1311=EDGE_LOOP('',(#6151,#6152,#6153,#6154));
#1312=EDGE_LOOP('',(#6155,#6156,#6157,#6158));
#1313=EDGE_LOOP('',(#6159,#6160,#6161,#6162,#6163));
#1314=EDGE_LOOP('',(#6164,#6165,#6166,#6167));
#1315=EDGE_LOOP('',(#6168,#6169,#6170,#6171));
#1316=EDGE_LOOP('',(#6172,#6173,#6174,#6175,#6176));
#1317=EDGE_LOOP('',(#6177,#6178,#6179,#6180));
#1318=EDGE_LOOP('',(#6181,#6182,#6183,#6184));
#1319=EDGE_LOOP('',(#6185,#6186,#6187,#6188));
#1320=EDGE_LOOP('',(#6189,#6190,#6191,#6192));
#1321=EDGE_LOOP('',(#6193,#6194,#6195,#6196));
#1322=EDGE_LOOP('',(#6197,#6198,#6199,#6200));
#1323=EDGE_LOOP('',(#6201,#6202));
#1324=EDGE_LOOP('',(#6203));
#1325=EDGE_LOOP('',(#6204,#6205,#6206,#6207));
#1326=EDGE_LOOP('',(#6208,#6209));
#1327=EDGE_LOOP('',(#6210));
#1328=EDGE_LOOP('',(#6211,#6212,#6213,#6214,#6215,#6216));
#1329=EDGE_LOOP('',(#6217,#6218));
#1330=EDGE_LOOP('',(#6219,#6220));
#1331=EDGE_LOOP('',(#6221,#6222,#6223,#6224));
#1332=EDGE_LOOP('',(#6225,#6226,#6227,#6228,#6229));
#1333=EDGE_LOOP('',(#6230,#6231,#6232,#6233));
#1334=EDGE_LOOP('',(#6234,#6235));
#1335=EDGE_LOOP('',(#6236,#6237));
#1336=EDGE_LOOP('',(#6238,#6239,#6240,#6241,#6242,#6243));
#1337=EDGE_LOOP('',(#6244,#6245,#6246,#6247));
#1338=EDGE_LOOP('',(#6248,#6249,#6250,#6251));
#1339=EDGE_LOOP('',(#6252,#6253,#6254,#6255));
#1340=EDGE_LOOP('',(#6256,#6257,#6258,#6259));
#1341=EDGE_LOOP('',(#6260,#6261,#6262,#6263));
#1342=EDGE_LOOP('',(#6264,#6265));
#1343=EDGE_LOOP('',(#6266,#6267,#6268,#6269));
#1344=EDGE_LOOP('',(#6270,#6271,#6272,#6273));
#1345=EDGE_LOOP('',(#6274,#6275,#6276,#6277));
#1346=EDGE_LOOP('',(#6278,#6279,#6280,#6281,#6282,#6283,#6284,#6285));
#1347=EDGE_LOOP('',(#6286,#6287,#6288,#6289));
#1348=EDGE_LOOP('',(#6290,#6291,#6292,#6293));
#1349=EDGE_LOOP('',(#6294,#6295,#6296,#6297,#6298,#6299));
#1350=EDGE_LOOP('',(#6300));
#1351=EDGE_LOOP('',(#6301));
#1352=EDGE_LOOP('',(#6302,#6303,#6304,#6305));
#1353=EDGE_LOOP('',(#6306,#6307,#6308,#6309));
#1354=EDGE_LOOP('',(#6310,#6311,#6312,#6313));
#1355=EDGE_LOOP('',(#6314,#6315,#6316,#6317));
#1356=EDGE_LOOP('',(#6318,#6319,#6320,#6321));
#1357=EDGE_LOOP('',(#6322,#6323,#6324,#6325));
#1358=EDGE_LOOP('',(#6326,#6327,#6328,#6329));
#1359=EDGE_LOOP('',(#6330,#6331,#6332,#6333));
#1360=EDGE_LOOP('',(#6334,#6335,#6336,#6337,#6338));
#1361=EDGE_LOOP('',(#6339,#6340,#6341,#6342));
#1362=EDGE_LOOP('',(#6343,#6344,#6345,#6346));
#1363=EDGE_LOOP('',(#6347,#6348,#6349,#6350,#6351));
#1364=EDGE_LOOP('',(#6352,#6353,#6354,#6355));
#1365=EDGE_LOOP('',(#6356,#6357,#6358,#6359));
#1366=EDGE_LOOP('',(#6360,#6361,#6362,#6363,#6364,#6365,#6366,#6367,#6368,
#6369,#6370,#6371));
#1367=EDGE_LOOP('',(#6372));
#1368=EDGE_LOOP('',(#6373));
#1369=EDGE_LOOP('',(#6374));
#1370=EDGE_LOOP('',(#6375));
#1371=EDGE_LOOP('',(#6376,#6377,#6378,#6379));
#1372=EDGE_LOOP('',(#6380,#6381,#6382,#6383));
#1373=EDGE_LOOP('',(#6384,#6385,#6386,#6387));
#1374=EDGE_LOOP('',(#6388,#6389,#6390,#6391));
#1375=EDGE_LOOP('',(#6392,#6393));
#1376=EDGE_LOOP('',(#6394));
#1377=EDGE_LOOP('',(#6395,#6396,#6397,#6398));
#1378=EDGE_LOOP('',(#6399,#6400));
#1379=EDGE_LOOP('',(#6401));
#1380=EDGE_LOOP('',(#6402,#6403,#6404,#6405,#6406,#6407));
#1381=EDGE_LOOP('',(#6408,#6409));
#1382=EDGE_LOOP('',(#6410,#6411));
#1383=EDGE_LOOP('',(#6412,#6413,#6414,#6415));
#1384=EDGE_LOOP('',(#6416,#6417,#6418,#6419));
#1385=EDGE_LOOP('',(#6420,#6421,#6422,#6423));
#1386=EDGE_LOOP('',(#6424,#6425,#6426,#6427,#6428));
#1387=EDGE_LOOP('',(#6429,#6430,#6431,#6432));
#1388=EDGE_LOOP('',(#6433,#6434));
#1389=EDGE_LOOP('',(#6435,#6436));
#1390=EDGE_LOOP('',(#6437,#6438,#6439,#6440,#6441,#6442));
#1391=EDGE_LOOP('',(#6443,#6444,#6445,#6446,#6447,#6448,#6449,#6450,#6451,
#6452,#6453,#6454));
#1392=EDGE_LOOP('',(#6455));
#1393=EDGE_LOOP('',(#6456,#6457,#6458,#6459));
#1394=EDGE_LOOP('',(#6460));
#1395=EDGE_LOOP('',(#6461));
#1396=EDGE_LOOP('',(#6462,#6463,#6464,#6465));
#1397=EDGE_LOOP('',(#6466,#6467,#6468,#6469));
#1398=EDGE_LOOP('',(#6470,#6471,#6472,#6473));
#1399=EDGE_LOOP('',(#6474,#6475,#6476,#6477));
#1400=EDGE_LOOP('',(#6478,#6479,#6480,#6481,#6482));
#1401=EDGE_LOOP('',(#6483,#6484,#6485,#6486,#6487));
#1402=EDGE_LOOP('',(#6488));
#1403=EDGE_LOOP('',(#6489));
#1404=EDGE_LOOP('',(#6490,#6491,#6492,#6493));
#1405=EDGE_LOOP('',(#6494,#6495,#6496,#6497));
#1406=EDGE_LOOP('',(#6498,#6499,#6500,#6501,#6502));
#1407=EDGE_LOOP('',(#6503));
#1408=EDGE_LOOP('',(#6504,#6505,#6506,#6507,#6508,#6509));
#1409=EDGE_LOOP('',(#6510));
#1410=EDGE_LOOP('',(#6511,#6512));
#1411=EDGE_LOOP('',(#6513,#6514));
#1412=EDGE_LOOP('',(#6515,#6516));
#1413=EDGE_LOOP('',(#6517,#6518));
#1414=EDGE_LOOP('',(#6519,#6520));
#1415=EDGE_LOOP('',(#6521,#6522));
#1416=EDGE_LOOP('',(#6523,#6524,#6525,#6526,#6527,#6528));
#1417=EDGE_LOOP('',(#6529,#6530,#6531,#6532));
#1418=EDGE_LOOP('',(#6533,#6534,#6535,#6536));
#1419=EDGE_LOOP('',(#6537,#6538,#6539,#6540));
#1420=EDGE_LOOP('',(#6541,#6542,#6543,#6544));
#1421=EDGE_LOOP('',(#6545,#6546,#6547,#6548));
#1422=EDGE_LOOP('',(#6549,#6550,#6551,#6552));
#1423=EDGE_LOOP('',(#6553,#6554,#6555,#6556));
#1424=EDGE_LOOP('',(#6557,#6558,#6559,#6560));
#1425=EDGE_LOOP('',(#6561));
#1426=EDGE_LOOP('',(#6562));
#1427=EDGE_LOOP('',(#6563,#6564,#6565,#6566));
#1428=EDGE_LOOP('',(#6567));
#1429=EDGE_LOOP('',(#6568));
#1430=EDGE_LOOP('',(#6569,#6570,#6571,#6572));
#1431=EDGE_LOOP('',(#6573,#6574,#6575,#6576));
#1432=EDGE_LOOP('',(#6577,#6578,#6579,#6580));
#1433=LINE('',#9788,#2120);
#1434=LINE('',#9794,#2121);
#1435=LINE('',#9799,#2122);
#1436=LINE('',#9803,#2123);
#1437=LINE('',#9808,#2124);
#1438=LINE('',#9815,#2125);
#1439=LINE('',#9818,#2126);
#1440=LINE('',#9823,#2127);
#1441=LINE('',#9829,#2128);
#1442=LINE('',#9834,#2129);
#1443=LINE('',#9838,#2130);
#1444=LINE('',#9844,#2131);
#1445=LINE('',#9846,#2132);
#1446=LINE('',#9848,#2133);
#1447=LINE('',#9849,#2134);
#1448=LINE('',#9853,#2135);
#1449=LINE('',#9855,#2136);
#1450=LINE('',#9857,#2137);
#1451=LINE('',#9858,#2138);
#1452=LINE('',#9862,#2139);
#1453=LINE('',#9864,#2140);
#1454=LINE('',#9866,#2141);
#1455=LINE('',#9867,#2142);
#1456=LINE('',#9871,#2143);
#1457=LINE('',#9873,#2144);
#1458=LINE('',#9875,#2145);
#1459=LINE('',#9876,#2146);
#1460=LINE('',#9880,#2147);
#1461=LINE('',#9882,#2148);
#1462=LINE('',#9884,#2149);
#1463=LINE('',#9885,#2150);
#1464=LINE('',#9889,#2151);
#1465=LINE('',#9891,#2152);
#1466=LINE('',#9893,#2153);
#1467=LINE('',#9894,#2154);
#1468=LINE('',#9898,#2155);
#1469=LINE('',#9900,#2156);
#1470=LINE('',#9902,#2157);
#1471=LINE('',#9903,#2158);
#1472=LINE('',#9907,#2159);
#1473=LINE('',#9909,#2160);
#1474=LINE('',#9911,#2161);
#1475=LINE('',#9912,#2162);
#1476=LINE('',#9916,#2163);
#1477=LINE('',#9920,#2164);
#1478=LINE('',#9925,#2165);
#1479=LINE('',#9927,#2166);
#1480=LINE('',#9929,#2167);
#1481=LINE('',#9930,#2168);
#1482=LINE('',#9932,#2169);
#1483=LINE('',#9933,#2170);
#1484=LINE('',#9935,#2171);
#1485=LINE('',#9936,#2172);
#1486=LINE('',#9938,#2173);
#1487=LINE('',#9939,#2174);
#1488=LINE('',#9941,#2175);
#1489=LINE('',#9942,#2176);
#1490=LINE('',#9944,#2177);
#1491=LINE('',#9945,#2178);
#1492=LINE('',#9947,#2179);
#1493=LINE('',#9948,#2180);
#1494=LINE('',#9950,#2181);
#1495=LINE('',#9951,#2182);
#1496=LINE('',#9953,#2183);
#1497=LINE('',#9954,#2184);
#1498=LINE('',#9956,#2185);
#1499=LINE('',#9957,#2186);
#1500=LINE('',#9959,#2187);
#1501=LINE('',#9960,#2188);
#1502=LINE('',#9962,#2189);
#1503=LINE('',#9963,#2190);
#1504=LINE('',#9972,#2191);
#1505=LINE('',#9979,#2192);
#1506=LINE('',#9982,#2193);
#1507=LINE('',#9988,#2194);
#1508=LINE('',#9991,#2195);
#1509=LINE('',#9994,#2196);
#1510=LINE('',#9996,#2197);
#1511=LINE('',#9997,#2198);
#1512=LINE('',#10001,#2199);
#1513=LINE('',#10003,#2200);
#1514=LINE('',#10005,#2201);
#1515=LINE('',#10006,#2202);
#1516=LINE('',#10010,#2203);
#1517=LINE('',#10012,#2204);
#1518=LINE('',#10014,#2205);
#1519=LINE('',#10015,#2206);
#1520=LINE('',#10019,#2207);
#1521=LINE('',#10021,#2208);
#1522=LINE('',#10023,#2209);
#1523=LINE('',#10024,#2210);
#1524=LINE('',#10028,#2211);
#1525=LINE('',#10030,#2212);
#1526=LINE('',#10032,#2213);
#1527=LINE('',#10033,#2214);
#1528=LINE('',#10037,#2215);
#1529=LINE('',#10039,#2216);
#1530=LINE('',#10041,#2217);
#1531=LINE('',#10042,#2218);
#1532=LINE('',#10045,#2219);
#1533=LINE('',#10047,#2220);
#1534=LINE('',#10048,#2221);
#1535=LINE('',#10051,#2222);
#1536=LINE('',#10053,#2223);
#1537=LINE('',#10054,#2224);
#1538=LINE('',#10057,#2225);
#1539=LINE('',#10059,#2226);
#1540=LINE('',#10060,#2227);
#1541=LINE('',#10062,#2228);
#1542=LINE('',#10063,#2229);
#1543=LINE('',#10065,#2230);
#1544=LINE('',#10066,#2231);
#1545=LINE('',#10067,#2232);
#1546=LINE('',#10068,#2233);
#1547=LINE('',#10069,#2234);
#1548=LINE('',#10070,#2235);
#1549=LINE('',#10072,#2236);
#1550=LINE('',#10073,#2237);
#1551=LINE('',#10074,#2238);
#1552=LINE('',#10075,#2239);
#1553=LINE('',#10076,#2240);
#1554=LINE('',#10077,#2241);
#1555=LINE('',#10117,#2242);
#1556=LINE('',#10119,#2243);
#1557=LINE('',#10120,#2244);
#1558=LINE('',#10123,#2245);
#1559=LINE('',#10124,#2246);
#1560=LINE('',#10127,#2247);
#1561=LINE('',#10128,#2248);
#1562=LINE('',#10131,#2249);
#1563=LINE('',#10132,#2250);
#1564=LINE('',#10135,#2251);
#1565=LINE('',#10136,#2252);
#1566=LINE('',#10139,#2253);
#1567=LINE('',#10140,#2254);
#1568=LINE('',#10143,#2255);
#1569=LINE('',#10144,#2256);
#1570=LINE('',#10147,#2257);
#1571=LINE('',#10148,#2258);
#1572=LINE('',#10151,#2259);
#1573=LINE('',#10152,#2260);
#1574=LINE('',#10155,#2261);
#1575=LINE('',#10156,#2262);
#1576=LINE('',#10159,#2263);
#1577=LINE('',#10160,#2264);
#1578=LINE('',#10162,#2265);
#1579=LINE('',#10197,#2266);
#1580=LINE('',#10199,#2267);
#1581=LINE('',#10200,#2268);
#1582=LINE('',#10203,#2269);
#1583=LINE('',#10204,#2270);
#1584=LINE('',#10207,#2271);
#1585=LINE('',#10208,#2272);
#1586=LINE('',#10211,#2273);
#1587=LINE('',#10212,#2274);
#1588=LINE('',#10215,#2275);
#1589=LINE('',#10216,#2276);
#1590=LINE('',#10219,#2277);
#1591=LINE('',#10220,#2278);
#1592=LINE('',#10223,#2279);
#1593=LINE('',#10224,#2280);
#1594=LINE('',#10227,#2281);
#1595=LINE('',#10228,#2282);
#1596=LINE('',#10231,#2283);
#1597=LINE('',#10232,#2284);
#1598=LINE('',#10235,#2285);
#1599=LINE('',#10236,#2286);
#1600=LINE('',#10239,#2287);
#1601=LINE('',#10240,#2288);
#1602=LINE('',#10242,#2289);
#1603=LINE('',#10249,#2290);
#1604=LINE('',#10252,#2291);
#1605=LINE('',#10258,#2292);
#1606=LINE('',#10262,#2293);
#1607=LINE('',#10266,#2294);
#1608=LINE('',#10270,#2295);
#1609=LINE('',#10273,#2296);
#1610=LINE('',#10279,#2297);
#1611=LINE('',#10286,#2298);
#1612=LINE('',#10291,#2299);
#1613=LINE('',#10295,#2300);
#1614=LINE('',#10299,#2301);
#1615=LINE('',#10302,#2302);
#1616=LINE('',#10305,#2303);
#1617=LINE('',#10307,#2304);
#1618=LINE('',#10309,#2305);
#1619=LINE('',#10311,#2306);
#1620=LINE('',#10313,#2307);
#1621=LINE('',#10315,#2308);
#1622=LINE('',#10317,#2309);
#1623=LINE('',#10318,#2310);
#1624=LINE('',#10321,#2311);
#1625=LINE('',#10323,#2312);
#1626=LINE('',#10325,#2313);
#1627=LINE('',#10327,#2314);
#1628=LINE('',#10329,#2315);
#1629=LINE('',#10331,#2316);
#1630=LINE('',#10332,#2317);
#1631=LINE('',#10335,#2318);
#1632=LINE('',#10336,#2319);
#1633=LINE('',#10338,#2320);
#1634=LINE('',#10339,#2321);
#1635=LINE('',#10341,#2322);
#1636=LINE('',#10343,#2323);
#1637=LINE('',#10345,#2324);
#1638=LINE('',#10347,#2325);
#1639=LINE('',#10349,#2326);
#1640=LINE('',#10353,#2327);
#1641=LINE('',#10355,#2328);
#1642=LINE('',#10357,#2329);
#1643=LINE('',#10361,#2330);
#1644=LINE('',#10363,#2331);
#1645=LINE('',#10365,#2332);
#1646=LINE('',#10369,#2333);
#1647=LINE('',#10371,#2334);
#1648=LINE('',#10373,#2335);
#1649=LINE('',#10377,#2336);
#1650=LINE('',#10378,#2337);
#1651=LINE('',#10380,#2338);
#1652=LINE('',#10382,#2339);
#1653=LINE('',#10385,#2340);
#1654=LINE('',#10388,#2341);
#1655=LINE('',#10390,#2342);
#1656=LINE('',#10392,#2343);
#1657=LINE('',#10394,#2344);
#1658=LINE('',#10396,#2345);
#1659=LINE('',#10398,#2346);
#1660=LINE('',#10399,#2347);
#1661=LINE('',#10401,#2348);
#1662=LINE('',#10403,#2349);
#1663=LINE('',#10405,#2350);
#1664=LINE('',#10407,#2351);
#1665=LINE('',#10409,#2352);
#1666=LINE('',#10411,#2353);
#1667=LINE('',#10412,#2354);
#1668=LINE('',#10416,#2355);
#1669=LINE('',#10417,#2356);
#1670=LINE('',#10418,#2357);
#1671=LINE('',#10422,#2358);
#1672=LINE('',#10425,#2359);
#1673=LINE('',#10426,#2360);
#1674=LINE('',#10429,#2361);
#1675=LINE('',#10430,#2362);
#1676=LINE('',#10433,#2363);
#1677=LINE('',#10434,#2364);
#1678=LINE('',#10438,#2365);
#1679=LINE('',#10441,#2366);
#1680=LINE('',#10442,#2367);
#1681=LINE('',#10445,#2368);
#1682=LINE('',#10447,#2369);
#1683=LINE('',#10448,#2370);
#1684=LINE('',#10451,#2371);
#1685=LINE('',#10453,#2372);
#1686=LINE('',#10454,#2373);
#1687=LINE('',#10456,#2374);
#1688=LINE('',#10458,#2375);
#1689=LINE('',#10459,#2376);
#1690=LINE('',#10463,#2377);
#1691=LINE('',#10464,#2378);
#1692=LINE('',#10465,#2379);
#1693=LINE('',#10468,#2380);
#1694=LINE('',#10470,#2381);
#1695=LINE('',#10471,#2382);
#1696=LINE('',#10475,#2383);
#1697=LINE('',#10478,#2384);
#1698=LINE('',#10479,#2385);
#1699=LINE('',#10482,#2386);
#1700=LINE('',#10483,#2387);
#1701=LINE('',#10486,#2388);
#1702=LINE('',#10487,#2389);
#1703=LINE('',#10491,#2390);
#1704=LINE('',#10494,#2391);
#1705=LINE('',#10495,#2392);
#1706=LINE('',#10497,#2393);
#1707=LINE('',#10499,#2394);
#1708=LINE('',#10500,#2395);
#1709=LINE('',#10501,#2396);
#1710=LINE('',#10502,#2397);
#1711=LINE('',#10503,#2398);
#1712=LINE('',#10504,#2399);
#1713=LINE('',#10513,#2400);
#1714=LINE('',#10514,#2401);
#1715=LINE('',#10517,#2402);
#1716=LINE('',#10518,#2403);
#1717=LINE('',#10520,#2404);
#1718=LINE('',#10522,#2405);
#1719=LINE('',#10524,#2406);
#1720=LINE('',#10528,#2407);
#1721=LINE('',#10529,#2408);
#1722=LINE('',#10531,#2409);
#1723=LINE('',#10533,#2410);
#1724=LINE('',#10536,#2411);
#1725=LINE('',#10537,#2412);
#1726=LINE('',#10539,#2413);
#1727=LINE('',#10543,#2414);
#1728=LINE('',#10546,#2415);
#1729=LINE('',#10549,#2416);
#1730=LINE('',#10550,#2417);
#1731=LINE('',#10552,#2418);
#1732=LINE('',#10554,#2419);
#1733=LINE('',#10557,#2420);
#1734=LINE('',#10558,#2421);
#1735=LINE('',#10560,#2422);
#1736=LINE('',#10566,#2423);
#1737=LINE('',#10573,#2424);
#1738=LINE('',#10576,#2425);
#1739=LINE('',#10582,#2426);
#1740=LINE('',#10585,#2427);
#1741=LINE('',#10588,#2428);
#1742=LINE('',#10590,#2429);
#1743=LINE('',#10591,#2430);
#1744=LINE('',#10595,#2431);
#1745=LINE('',#10597,#2432);
#1746=LINE('',#10599,#2433);
#1747=LINE('',#10600,#2434);
#1748=LINE('',#10604,#2435);
#1749=LINE('',#10606,#2436);
#1750=LINE('',#10608,#2437);
#1751=LINE('',#10609,#2438);
#1752=LINE('',#10613,#2439);
#1753=LINE('',#10615,#2440);
#1754=LINE('',#10617,#2441);
#1755=LINE('',#10618,#2442);
#1756=LINE('',#10622,#2443);
#1757=LINE('',#10624,#2444);
#1758=LINE('',#10626,#2445);
#1759=LINE('',#10627,#2446);
#1760=LINE('',#10631,#2447);
#1761=LINE('',#10633,#2448);
#1762=LINE('',#10635,#2449);
#1763=LINE('',#10636,#2450);
#1764=LINE('',#10639,#2451);
#1765=LINE('',#10641,#2452);
#1766=LINE('',#10642,#2453);
#1767=LINE('',#10645,#2454);
#1768=LINE('',#10647,#2455);
#1769=LINE('',#10648,#2456);
#1770=LINE('',#10651,#2457);
#1771=LINE('',#10653,#2458);
#1772=LINE('',#10654,#2459);
#1773=LINE('',#10656,#2460);
#1774=LINE('',#10657,#2461);
#1775=LINE('',#10659,#2462);
#1776=LINE('',#10660,#2463);
#1777=LINE('',#10661,#2464);
#1778=LINE('',#10662,#2465);
#1779=LINE('',#10663,#2466);
#1780=LINE('',#10664,#2467);
#1781=LINE('',#10666,#2468);
#1782=LINE('',#10667,#2469);
#1783=LINE('',#10668,#2470);
#1784=LINE('',#10669,#2471);
#1785=LINE('',#10670,#2472);
#1786=LINE('',#10671,#2473);
#1787=LINE('',#10683,#2474);
#1788=LINE('',#10686,#2475);
#1789=LINE('',#10692,#2476);
#1790=LINE('',#10697,#2477);
#1791=LINE('',#10701,#2478);
#1792=LINE('',#10705,#2479);
#1793=LINE('',#10708,#2480);
#1794=LINE('',#10713,#2481);
#1795=LINE('',#10720,#2482);
#1796=LINE('',#10724,#2483);
#1797=LINE('',#10728,#2484);
#1798=LINE('',#10732,#2485);
#1799=LINE('',#10735,#2486);
#1800=LINE('',#10739,#2487);
#1801=LINE('',#10741,#2488);
#1802=LINE('',#10743,#2489);
#1803=LINE('',#10745,#2490);
#1804=LINE('',#10747,#2491);
#1805=LINE('',#10749,#2492);
#1806=LINE('',#10751,#2493);
#1807=LINE('',#10752,#2494);
#1808=LINE('',#10755,#2495);
#1809=LINE('',#10757,#2496);
#1810=LINE('',#10759,#2497);
#1811=LINE('',#10761,#2498);
#1812=LINE('',#10763,#2499);
#1813=LINE('',#10765,#2500);
#1814=LINE('',#10766,#2501);
#1815=LINE('',#10769,#2502);
#1816=LINE('',#10771,#2503);
#1817=LINE('',#10775,#2504);
#1818=LINE('',#10776,#2505);
#1819=LINE('',#10778,#2506);
#1820=LINE('',#10780,#2507);
#1821=LINE('',#10784,#2508);
#1822=LINE('',#10786,#2509);
#1823=LINE('',#10788,#2510);
#1824=LINE('',#10792,#2511);
#1825=LINE('',#10794,#2512);
#1826=LINE('',#10796,#2513);
#1827=LINE('',#10800,#2514);
#1828=LINE('',#10802,#2515);
#1829=LINE('',#10804,#2516);
#1830=LINE('',#10808,#2517);
#1831=LINE('',#10810,#2518);
#1832=LINE('',#10812,#2519);
#1833=LINE('',#10814,#2520);
#1834=LINE('',#10815,#2521);
#1835=LINE('',#10817,#2522);
#1836=LINE('',#10818,#2523);
#1837=LINE('',#10819,#2524);
#1838=LINE('',#10822,#2525);
#1839=LINE('',#10824,#2526);
#1840=LINE('',#10826,#2527);
#1841=LINE('',#10828,#2528);
#1842=LINE('',#10830,#2529);
#1843=LINE('',#10832,#2530);
#1844=LINE('',#10833,#2531);
#1845=LINE('',#10835,#2532);
#1846=LINE('',#10837,#2533);
#1847=LINE('',#10839,#2534);
#1848=LINE('',#10841,#2535);
#1849=LINE('',#10843,#2536);
#1850=LINE('',#10845,#2537);
#1851=LINE('',#10846,#2538);
#1852=LINE('',#10850,#2539);
#1853=LINE('',#10851,#2540);
#1854=LINE('',#10852,#2541);
#1855=LINE('',#10856,#2542);
#1856=LINE('',#10859,#2543);
#1857=LINE('',#10860,#2544);
#1858=LINE('',#10863,#2545);
#1859=LINE('',#10864,#2546);
#1860=LINE('',#10867,#2547);
#1861=LINE('',#10868,#2548);
#1862=LINE('',#10872,#2549);
#1863=LINE('',#10875,#2550);
#1864=LINE('',#10876,#2551);
#1865=LINE('',#10879,#2552);
#1866=LINE('',#10881,#2553);
#1867=LINE('',#10882,#2554);
#1868=LINE('',#10885,#2555);
#1869=LINE('',#10887,#2556);
#1870=LINE('',#10889,#2557);
#1871=LINE('',#10890,#2558);
#1872=LINE('',#10892,#2559);
#1873=LINE('',#10893,#2560);
#1874=LINE('',#10897,#2561);
#1875=LINE('',#10898,#2562);
#1876=LINE('',#10899,#2563);
#1877=LINE('',#10902,#2564);
#1878=LINE('',#10904,#2565);
#1879=LINE('',#10905,#2566);
#1880=LINE('',#10909,#2567);
#1881=LINE('',#10912,#2568);
#1882=LINE('',#10913,#2569);
#1883=LINE('',#10916,#2570);
#1884=LINE('',#10917,#2571);
#1885=LINE('',#10920,#2572);
#1886=LINE('',#10921,#2573);
#1887=LINE('',#10925,#2574);
#1888=LINE('',#10928,#2575);
#1889=LINE('',#10929,#2576);
#1890=LINE('',#10931,#2577);
#1891=LINE('',#10933,#2578);
#1892=LINE('',#10934,#2579);
#1893=LINE('',#10935,#2580);
#1894=LINE('',#10936,#2581);
#1895=LINE('',#10937,#2582);
#1896=LINE('',#10938,#2583);
#1897=LINE('',#10947,#2584);
#1898=LINE('',#10948,#2585);
#1899=LINE('',#10951,#2586);
#1900=LINE('',#10952,#2587);
#1901=LINE('',#10954,#2588);
#1902=LINE('',#10956,#2589);
#1903=LINE('',#10958,#2590);
#1904=LINE('',#10962,#2591);
#1905=LINE('',#10963,#2592);
#1906=LINE('',#10965,#2593);
#1907=LINE('',#10967,#2594);
#1908=LINE('',#10970,#2595);
#1909=LINE('',#10971,#2596);
#1910=LINE('',#10973,#2597);
#1911=LINE('',#10977,#2598);
#1912=LINE('',#10980,#2599);
#1913=LINE('',#10983,#2600);
#1914=LINE('',#10984,#2601);
#1915=LINE('',#10986,#2602);
#1916=LINE('',#10988,#2603);
#1917=LINE('',#10991,#2604);
#1918=LINE('',#10992,#2605);
#1919=LINE('',#10994,#2606);
#1920=LINE('',#11029,#2607);
#1921=LINE('',#11031,#2608);
#1922=LINE('',#11032,#2609);
#1923=LINE('',#11035,#2610);
#1924=LINE('',#11036,#2611);
#1925=LINE('',#11039,#2612);
#1926=LINE('',#11040,#2613);
#1927=LINE('',#11043,#2614);
#1928=LINE('',#11044,#2615);
#1929=LINE('',#11047,#2616);
#1930=LINE('',#11048,#2617);
#1931=LINE('',#11051,#2618);
#1932=LINE('',#11052,#2619);
#1933=LINE('',#11055,#2620);
#1934=LINE('',#11056,#2621);
#1935=LINE('',#11059,#2622);
#1936=LINE('',#11060,#2623);
#1937=LINE('',#11063,#2624);
#1938=LINE('',#11064,#2625);
#1939=LINE('',#11067,#2626);
#1940=LINE('',#11068,#2627);
#1941=LINE('',#11071,#2628);
#1942=LINE('',#11072,#2629);
#1943=LINE('',#11074,#2630);
#1944=LINE('',#11109,#2631);
#1945=LINE('',#11111,#2632);
#1946=LINE('',#11112,#2633);
#1947=LINE('',#11115,#2634);
#1948=LINE('',#11116,#2635);
#1949=LINE('',#11119,#2636);
#1950=LINE('',#11120,#2637);
#1951=LINE('',#11123,#2638);
#1952=LINE('',#11124,#2639);
#1953=LINE('',#11127,#2640);
#1954=LINE('',#11128,#2641);
#1955=LINE('',#11131,#2642);
#1956=LINE('',#11132,#2643);
#1957=LINE('',#11135,#2644);
#1958=LINE('',#11136,#2645);
#1959=LINE('',#11139,#2646);
#1960=LINE('',#11140,#2647);
#1961=LINE('',#11143,#2648);
#1962=LINE('',#11144,#2649);
#1963=LINE('',#11147,#2650);
#1964=LINE('',#11148,#2651);
#1965=LINE('',#11151,#2652);
#1966=LINE('',#11152,#2653);
#1967=LINE('',#11154,#2654);
#1968=LINE('',#11162,#2655);
#1969=LINE('',#11172,#2656);
#1970=LINE('',#11175,#2657);
#1971=LINE('',#11178,#2658);
#1972=LINE('',#11221,#2659);
#1973=LINE('',#11223,#2660);
#1974=LINE('',#11225,#2661);
#1975=LINE('',#11227,#2662);
#1976=LINE('',#11229,#2663);
#1977=LINE('',#11230,#2664);
#1978=LINE('',#11232,#2665);
#1979=LINE('',#11233,#2666);
#1980=LINE('',#11235,#2667);
#1981=LINE('',#11237,#2668);
#1982=LINE('',#11239,#2669);
#1983=LINE('',#11241,#2670);
#1984=LINE('',#11249,#2671);
#1985=LINE('',#11259,#2672);
#1986=LINE('',#11262,#2673);
#1987=LINE('',#11265,#2674);
#1988=LINE('',#11308,#2675);
#1989=LINE('',#11310,#2676);
#1990=LINE('',#11312,#2677);
#1991=LINE('',#11314,#2678);
#1992=LINE('',#11316,#2679);
#1993=LINE('',#11317,#2680);
#1994=LINE('',#11319,#2681);
#1995=LINE('',#11320,#2682);
#1996=LINE('',#11322,#2683);
#1997=LINE('',#11324,#2684);
#1998=LINE('',#11326,#2685);
#1999=LINE('',#11328,#2686);
#2000=LINE('',#11334,#2687);
#2001=LINE('',#11336,#2688);
#2002=LINE('',#11338,#2689);
#2003=LINE('',#11339,#2690);
#2004=LINE('',#11343,#2691);
#2005=LINE('',#11347,#2692);
#2006=LINE('',#11352,#2693);
#2007=LINE('',#11353,#2694);
#2008=LINE('',#11354,#2695);
#2009=LINE('',#11359,#2696);
#2010=LINE('',#11363,#2697);
#2011=LINE('',#11365,#2698);
#2012=LINE('',#11366,#2699);
#2013=LINE('',#11371,#2700);
#2014=LINE('',#11375,#2701);
#2015=LINE('',#11385,#2702);
#2016=LINE('',#11391,#2703);
#2017=LINE('',#11402,#2704);
#2018=LINE('',#11405,#2705);
#2019=LINE('',#11410,#2706);
#2020=LINE('',#11427,#2707);
#2021=LINE('',#11432,#2708);
#2022=LINE('',#11437,#2709);
#2023=LINE('',#11442,#2710);
#2024=LINE('',#11447,#2711);
#2025=LINE('',#11451,#2712);
#2026=LINE('',#11455,#2713);
#2027=LINE('',#11460,#2714);
#2028=LINE('',#11464,#2715);
#2029=LINE('',#11468,#2716);
#2030=LINE('',#11471,#2717);
#2031=LINE('',#11483,#2718);
#2032=LINE('',#11486,#2719);
#2033=LINE('',#11488,#2720);
#2034=LINE('',#11489,#2721);
#2035=LINE('',#11492,#2722);
#2036=LINE('',#11493,#2723);
#2037=LINE('',#11501,#2724);
#2038=LINE('',#11504,#2725);
#2039=LINE('',#11506,#2726);
#2040=LINE('',#11507,#2727);
#2041=LINE('',#11512,#2728);
#2042=LINE('',#11516,#2729);
#2043=LINE('',#11522,#2730);
#2044=LINE('',#11526,#2731);
#2045=LINE('',#11570,#2732);
#2046=LINE('',#11575,#2733);
#2047=LINE('',#11576,#2734);
#2048=LINE('',#11577,#2735);
#2049=LINE('',#11583,#2736);
#2050=LINE('',#11585,#2737);
#2051=LINE('',#11587,#2738);
#2052=LINE('',#11589,#2739);
#2053=LINE('',#11596,#2740);
#2054=LINE('',#11599,#2741);
#2055=LINE('',#11605,#2742);
#2056=LINE('',#11606,#2743);
#2057=LINE('',#11610,#2744);
#2058=LINE('',#11613,#2745);
#2059=LINE('',#11614,#2746);
#2060=LINE('',#11619,#2747);
#2061=LINE('',#11624,#2748);
#2062=LINE('',#11625,#2749);
#2063=LINE('',#11626,#2750);
#2064=LINE('',#11631,#2751);
#2065=LINE('',#11635,#2752);
#2066=LINE('',#11637,#2753);
#2067=LINE('',#11638,#2754);
#2068=LINE('',#11642,#2755);
#2069=LINE('',#11645,#2756);
#2070=LINE('',#11648,#2757);
#2071=LINE('',#11659,#2758);
#2072=LINE('',#11665,#2759);
#2073=LINE('',#11676,#2760);
#2074=LINE('',#11681,#2761);
#2075=LINE('',#11701,#2762);
#2076=LINE('',#11709,#2763);
#2077=LINE('',#11712,#2764);
#2078=LINE('',#11717,#2765);
#2079=LINE('',#11721,#2766);
#2080=LINE('',#11725,#2767);
#2081=LINE('',#11730,#2768);
#2082=LINE('',#11734,#2769);
#2083=LINE('',#11738,#2770);
#2084=LINE('',#11741,#2771);
#2085=LINE('',#11748,#2772);
#2086=LINE('',#11749,#2773);
#2087=LINE('',#11752,#2774);
#2088=LINE('',#11753,#2775);
#2089=LINE('',#11756,#2776);
#2090=LINE('',#11759,#2777);
#2091=LINE('',#11762,#2778);
#2092=LINE('',#11763,#2779);
#2093=LINE('',#11774,#2780);
#2094=LINE('',#11776,#2781);
#2095=LINE('',#11778,#2782);
#2096=LINE('',#11782,#2783);
#2097=LINE('',#11785,#2784);
#2098=LINE('',#11792,#2785);
#2099=LINE('',#11802,#2786);
#2100=LINE('',#11805,#2787);
#2101=LINE('',#11808,#2788);
#2102=LINE('',#11851,#2789);
#2103=LINE('',#11853,#2790);
#2104=LINE('',#11855,#2791);
#2105=LINE('',#11857,#2792);
#2106=LINE('',#11859,#2793);
#2107=LINE('',#11860,#2794);
#2108=LINE('',#11862,#2795);
#2109=LINE('',#11863,#2796);
#2110=LINE('',#11865,#2797);
#2111=LINE('',#11867,#2798);
#2112=LINE('',#11869,#2799);
#2113=LINE('',#11871,#2800);
#2114=LINE('',#11878,#2801);
#2115=LINE('',#11882,#2802);
#2116=LINE('',#11890,#2803);
#2117=LINE('',#11897,#2804);
#2118=LINE('',#11901,#2805);
#2119=LINE('',#11903,#2806);
#2120=VECTOR('',#7779,1.5);
#2121=VECTOR('',#7786,1.5);
#2122=VECTOR('',#7793,1.5);
#2123=VECTOR('',#7798,1.5);
#2124=VECTOR('',#7803,0.644009461630724);
#2125=VECTOR('',#7810,29.9);
#2126=VECTOR('',#7813,29.9);
#2127=VECTOR('',#7818,1.5);
#2128=VECTOR('',#7825,1.5);
#2129=VECTOR('',#7832,1.5);
#2130=VECTOR('',#7837,1.5);
#2131=VECTOR('',#7844,0.424264068711929);
#2132=VECTOR('',#7845,29.9);
#2133=VECTOR('',#7846,0.424264068711929);
#2134=VECTOR('',#7847,29.9);
#2135=VECTOR('',#7850,0.42426406871193);
#2136=VECTOR('',#7851,29.9);
#2137=VECTOR('',#7852,0.42426406871193);
#2138=VECTOR('',#7853,29.9);
#2139=VECTOR('',#7856,0.424264068711929);
#2140=VECTOR('',#7857,29.9);
#2141=VECTOR('',#7858,0.424264068711929);
#2142=VECTOR('',#7859,29.9);
#2143=VECTOR('',#7862,0.424264068711928);
#2144=VECTOR('',#7863,29.9);
#2145=VECTOR('',#7864,0.424264068711928);
#2146=VECTOR('',#7865,29.9);
#2147=VECTOR('',#7868,0.424264068711929);
#2148=VECTOR('',#7869,29.9);
#2149=VECTOR('',#7870,0.424264068711929);
#2150=VECTOR('',#7871,29.9);
#2151=VECTOR('',#7874,0.424264068711929);
#2152=VECTOR('',#7875,29.9);
#2153=VECTOR('',#7876,0.424264068711929);
#2154=VECTOR('',#7877,29.9);
#2155=VECTOR('',#7880,0.424264068711929);
#2156=VECTOR('',#7881,29.9);
#2157=VECTOR('',#7882,0.424264068711929);
#2158=VECTOR('',#7883,29.9);
#2159=VECTOR('',#7886,0.424264068711929);
#2160=VECTOR('',#7887,29.9);
#2161=VECTOR('',#7888,0.424264068711929);
#2162=VECTOR('',#7889,29.9);
#2163=VECTOR('',#7892,29.9);
#2164=VECTOR('',#7895,29.9);
#2165=VECTOR('',#7900,29.9);
#2166=VECTOR('',#7901,9.);
#2167=VECTOR('',#7902,29.9);
#2168=VECTOR('',#7903,9.);
#2169=VECTOR('',#7906,0.80501256289338);
#2170=VECTOR('',#7907,0.80501256289338);
#2171=VECTOR('',#7910,1.40501256289338);
#2172=VECTOR('',#7911,1.40501256289338);
#2173=VECTOR('',#7914,4.9);
#2174=VECTOR('',#7915,4.9);
#2175=VECTOR('',#7918,7.4);
#2176=VECTOR('',#7919,7.4);
#2177=VECTOR('',#7922,4.9);
#2178=VECTOR('',#7923,4.9);
#2179=VECTOR('',#7926,9.);
#2180=VECTOR('',#7927,9.);
#2181=VECTOR('',#7930,4.9);
#2182=VECTOR('',#7931,4.9);
#2183=VECTOR('',#7934,7.4);
#2184=VECTOR('',#7935,7.4);
#2185=VECTOR('',#7938,4.9);
#2186=VECTOR('',#7939,4.9);
#2187=VECTOR('',#7942,1.40501256289338);
#2188=VECTOR('',#7943,1.40501256289338);
#2189=VECTOR('',#7946,0.805012562893379);
#2190=VECTOR('',#7947,0.805012562893379);
#2191=VECTOR('',#7960,0.644009461630724);
#2192=VECTOR('',#7967,4.1);
#2193=VECTOR('',#7970,4.1);
#2194=VECTOR('',#7975,4.1);
#2195=VECTOR('',#7978,4.1);
#2196=VECTOR('',#7981,1.30501256289338);
#2197=VECTOR('',#7982,4.1);
#2198=VECTOR('',#7983,1.30501256289338);
#2199=VECTOR('',#7986,4.7);
#2200=VECTOR('',#7987,4.1);
#2201=VECTOR('',#7988,4.7);
#2202=VECTOR('',#7989,4.1);
#2203=VECTOR('',#7992,6.3);
#2204=VECTOR('',#7993,4.1);
#2205=VECTOR('',#7994,6.3);
#2206=VECTOR('',#7995,4.1);
#2207=VECTOR('',#7998,18.);
#2208=VECTOR('',#7999,4.1);
#2209=VECTOR('',#8000,18.);
#2210=VECTOR('',#8001,4.1);
#2211=VECTOR('',#8004,6.3);
#2212=VECTOR('',#8005,4.1);
#2213=VECTOR('',#8006,6.3);
#2214=VECTOR('',#8007,4.1);
#2215=VECTOR('',#8010,4.7);
#2216=VECTOR('',#8011,4.1);
#2217=VECTOR('',#8012,4.7);
#2218=VECTOR('',#8013,4.1);
#2219=VECTOR('',#8016,1.30501256289338);
#2220=VECTOR('',#8017,4.1);
#2221=VECTOR('',#8018,1.30501256289338);
#2222=VECTOR('',#8021,0.80501256289338);
#2223=VECTOR('',#8022,4.1);
#2224=VECTOR('',#8023,0.80501256289338);
#2225=VECTOR('',#8026,9.);
#2226=VECTOR('',#8027,4.1);
#2227=VECTOR('',#8028,9.);
#2228=VECTOR('',#8031,0.805012562893379);
#2229=VECTOR('',#8032,0.805012562893379);
#2230=VECTOR('',#8035,0.56568542494924);
#2231=VECTOR('',#8036,0.56568542494924);
#2232=VECTOR('',#8037,0.56568542494924);
#2233=VECTOR('',#8038,0.56568542494924);
#2234=VECTOR('',#8039,1.4142135623731);
#2235=VECTOR('',#8040,1.4142135623731);
#2236=VECTOR('',#8043,0.565685424949239);
#2237=VECTOR('',#8044,1.4142135623731);
#2238=VECTOR('',#8045,1.4142135623731);
#2239=VECTOR('',#8046,0.565685424949239);
#2240=VECTOR('',#8047,0.565685424949239);
#2241=VECTOR('',#8048,0.565685424949239);
#2242=VECTOR('',#8097,0.91092912211838);
#2243=VECTOR('',#8098,0.17850809706447);
#2244=VECTOR('',#8099,0.927537098650306);
#2245=VECTOR('',#8102,1.07483717687923);
#2246=VECTOR('',#8103,0.48724328758245);
#2247=VECTOR('',#8106,0.884800110841934);
#2248=VECTOR('',#8107,0.48724328758245);
#2249=VECTOR('',#8110,0.883518082681851);
#2250=VECTOR('',#8111,0.178508097064469);
#2251=VECTOR('',#8114,1.07358875120314);
#2252=VECTOR('',#8115,0.48724328758245);
#2253=VECTOR('',#8118,0.905973405912182);
#2254=VECTOR('',#8119,0.487243287582451);
#2255=VECTOR('',#8122,0.922598310839889);
#2256=VECTOR('',#8123,0.17850809706447);
#2257=VECTOR('',#8126,1.08990332346241);
#2258=VECTOR('',#8127,0.487243287582451);
#2259=VECTOR('',#8130,0.948105859216312);
#2260=VECTOR('',#8131,0.48724328758244);
#2261=VECTOR('',#8134,0.949370933055629);
#2262=VECTOR('',#8135,0.178508097064469);
#2263=VECTOR('',#8138,1.09115534609182);
#2264=VECTOR('',#8139,0.48724328758244);
#2265=VECTOR('',#8142,0.48724328758245);
#2266=VECTOR('',#8181,0.927537098650307);
#2267=VECTOR('',#8182,0.17850809706447);
#2268=VECTOR('',#8183,0.91092912211838);
#2269=VECTOR('',#8186,1.09115534609182);
#2270=VECTOR('',#8187,0.48724328758245);
#2271=VECTOR('',#8190,0.949370933055629);
#2272=VECTOR('',#8191,0.48724328758244);
#2273=VECTOR('',#8194,0.948105859216312);
#2274=VECTOR('',#8195,0.178508097064469);
#2275=VECTOR('',#8198,1.08990332346241);
#2276=VECTOR('',#8199,0.48724328758244);
#2277=VECTOR('',#8202,0.922598310839889);
#2278=VECTOR('',#8203,0.487243287582441);
#2279=VECTOR('',#8206,0.905973405912182);
#2280=VECTOR('',#8207,0.17850809706447);
#2281=VECTOR('',#8210,1.07358875120314);
#2282=VECTOR('',#8211,0.487243287582441);
#2283=VECTOR('',#8214,0.883518082681851);
#2284=VECTOR('',#8215,0.48724328758245);
#2285=VECTOR('',#8218,0.884800110841934);
#2286=VECTOR('',#8219,0.178508097064469);
#2287=VECTOR('',#8222,1.07483717687923);
#2288=VECTOR('',#8223,0.48724328758245);
#2289=VECTOR('',#8226,0.48724328758245);
#2290=VECTOR('',#8233,0.199999999999998);
#2291=VECTOR('',#8236,0.199999999999998);
#2292=VECTOR('',#8241,0.199999999999998);
#2293=VECTOR('',#8244,0.199999999999998);
#2294=VECTOR('',#8247,0.199999999999998);
#2295=VECTOR('',#8250,0.199999999999998);
#2296=VECTOR('',#8253,1.30154507029067);
#2297=VECTOR('',#8260,0.644009461630724);
#2298=VECTOR('',#8267,1.30154507029067);
#2299=VECTOR('',#8272,0.199999999999998);
#2300=VECTOR('',#8275,0.199999999999998);
#2301=VECTOR('',#8278,0.199999999999998);
#2302=VECTOR('',#8281,0.199999999999998);
#2303=VECTOR('',#8284,4.63752388777021);
#2304=VECTOR('',#8285,4.1);
#2305=VECTOR('',#8286,0.565685424949238);
#2306=VECTOR('',#8287,6.3);
#2307=VECTOR('',#8288,1.41421356237309);
#2308=VECTOR('',#8289,7.58023402308373);
#2309=VECTOR('',#8290,2.2);
#2310=VECTOR('',#8291,3.0860229440701);
#2311=VECTOR('',#8294,0.199999999999998);
#2312=VECTOR('',#8295,0.499999999999999);
#2313=VECTOR('',#8296,0.199999999999998);
#2314=VECTOR('',#8297,0.1);
#2315=VECTOR('',#8298,0.899999999999999);
#2316=VECTOR('',#8299,4.7);
#2317=VECTOR('',#8300,0.899999999999999);
#2318=VECTOR('',#8303,1.64540057793999);
#2319=VECTOR('',#8304,9.63013214910606);
#2320=VECTOR('',#8305,1.64540057793999);
#2321=VECTOR('',#8306,0.4);
#2322=VECTOR('',#8307,0.45);
#2323=VECTOR('',#8308,2.20250628144669);
#2324=VECTOR('',#8309,0.1);
#2325=VECTOR('',#8310,0.565685424949239);
#2326=VECTOR('',#8311,1.30501256289338);
#2327=VECTOR('',#8314,0.5);
#2328=VECTOR('',#8315,0.5);
#2329=VECTOR('',#8316,0.5);
#2330=VECTOR('',#8319,0.80501256289338);
#2331=VECTOR('',#8320,9.);
#2332=VECTOR('',#8321,0.805012562893379);
#2333=VECTOR('',#8324,0.5);
#2334=VECTOR('',#8325,0.5);
#2335=VECTOR('',#8326,0.5);
#2336=VECTOR('',#8329,1.30501256289338);
#2337=VECTOR('',#8330,0.565685424949237);
#2338=VECTOR('',#8331,2.20250628144669);
#2339=VECTOR('',#8332,0.45);
#2340=VECTOR('',#8335,0.4);
#2341=VECTOR('',#8338,0.199999999999998);
#2342=VECTOR('',#8339,0.499999999999999);
#2343=VECTOR('',#8340,0.199999999999998);
#2344=VECTOR('',#8341,4.1);
#2345=VECTOR('',#8342,0.899999999999999);
#2346=VECTOR('',#8343,4.7);
#2347=VECTOR('',#8344,0.899999999999999);
#2348=VECTOR('',#8347,4.63752388777022);
#2349=VECTOR('',#8348,3.0860229440701);
#2350=VECTOR('',#8349,2.2);
#2351=VECTOR('',#8350,7.58023402308373);
#2352=VECTOR('',#8351,1.4142135623731);
#2353=VECTOR('',#8352,6.3);
#2354=VECTOR('',#8353,0.565685424949238);
#2355=VECTOR('',#8356,0.805012562893379);
#2356=VECTOR('',#8357,0.899999999999999);
#2357=VECTOR('',#8358,0.899999999999999);
#2358=VECTOR('',#8363,0.899999999999999);
#2359=VECTOR('',#8366,0.5);
#2360=VECTOR('',#8367,0.899999999999999);
#2361=VECTOR('',#8370,0.5);
#2362=VECTOR('',#8371,0.899999999999999);
#2363=VECTOR('',#8374,0.5);
#2364=VECTOR('',#8375,0.899999999999999);
#2365=VECTOR('',#8380,0.899999999999999);
#2366=VECTOR('',#8383,1.30501256289338);
#2367=VECTOR('',#8384,0.899999999999999);
#2368=VECTOR('',#8387,0.899999999999999);
#2369=VECTOR('',#8388,6.3);
#2370=VECTOR('',#8389,0.899999999999999);
#2371=VECTOR('',#8392,0.199999999999998);
#2372=VECTOR('',#8393,2.83953195383254);
#2373=VECTOR('',#8394,0.199999999999998);
#2374=VECTOR('',#8395,0.899999999999999);
#2375=VECTOR('',#8396,18.);
#2376=VECTOR('',#8397,0.899999999999999);
#2377=VECTOR('',#8400,6.3);
#2378=VECTOR('',#8401,0.899999999999999);
#2379=VECTOR('',#8402,0.899999999999999);
#2380=VECTOR('',#8405,0.899999999999999);
#2381=VECTOR('',#8406,1.30501256289338);
#2382=VECTOR('',#8407,0.899999999999999);
#2383=VECTOR('',#8412,0.899999999999999);
#2384=VECTOR('',#8415,0.5);
#2385=VECTOR('',#8416,0.899999999999999);
#2386=VECTOR('',#8419,0.5);
#2387=VECTOR('',#8420,0.899999999999999);
#2388=VECTOR('',#8423,0.5);
#2389=VECTOR('',#8424,0.899999999999999);
#2390=VECTOR('',#8429,0.899999999999999);
#2391=VECTOR('',#8432,0.80501256289338);
#2392=VECTOR('',#8433,0.899999999999999);
#2393=VECTOR('',#8436,9.);
#2394=VECTOR('',#8439,0.565685424949239);
#2395=VECTOR('',#8440,0.565685424949239);
#2396=VECTOR('',#8441,0.565685424949239);
#2397=VECTOR('',#8442,1.4142135623731);
#2398=VECTOR('',#8443,1.4142135623731);
#2399=VECTOR('',#8444,0.565685424949239);
#2400=VECTOR('',#8459,0.199999999999998);
#2401=VECTOR('',#8460,2.2);
#2402=VECTOR('',#8463,2.2);
#2403=VECTOR('',#8464,0.199999999999998);
#2404=VECTOR('',#8467,3.0860229440701);
#2405=VECTOR('',#8470,9.63013214910606);
#2406=VECTOR('',#8473,3.0860229440701);
#2407=VECTOR('',#8478,0.45);
#2408=VECTOR('',#8479,0.199999999999998);
#2409=VECTOR('',#8482,2.20250628144669);
#2410=VECTOR('',#8485,4.63752388777022);
#2411=VECTOR('',#8488,1.64540057793999);
#2412=VECTOR('',#8489,0.199999999999998);
#2413=VECTOR('',#8492,0.4);
#2414=VECTOR('',#8497,0.199999999999998);
#2415=VECTOR('',#8500,0.199999999999998);
#2416=VECTOR('',#8503,0.4);
#2417=VECTOR('',#8504,0.199999999999998);
#2418=VECTOR('',#8507,1.64540057793999);
#2419=VECTOR('',#8510,4.63752388777021);
#2420=VECTOR('',#8513,2.20250628144669);
#2421=VECTOR('',#8514,0.199999999999998);
#2422=VECTOR('',#8517,0.45);
#2423=VECTOR('',#8524,0.644009461630724);
#2424=VECTOR('',#8531,4.1);
#2425=VECTOR('',#8534,4.1);
#2426=VECTOR('',#8539,4.1);
#2427=VECTOR('',#8542,4.1);
#2428=VECTOR('',#8545,1.30501256289338);
#2429=VECTOR('',#8546,1.30501256289338);
#2430=VECTOR('',#8547,4.1);
#2431=VECTOR('',#8550,4.7);
#2432=VECTOR('',#8551,4.1);
#2433=VECTOR('',#8552,4.7);
#2434=VECTOR('',#8553,4.1);
#2435=VECTOR('',#8556,6.3);
#2436=VECTOR('',#8557,4.1);
#2437=VECTOR('',#8558,6.3);
#2438=VECTOR('',#8559,4.1);
#2439=VECTOR('',#8562,18.);
#2440=VECTOR('',#8563,4.1);
#2441=VECTOR('',#8564,18.);
#2442=VECTOR('',#8565,4.1);
#2443=VECTOR('',#8568,6.3);
#2444=VECTOR('',#8569,4.1);
#2445=VECTOR('',#8570,6.3);
#2446=VECTOR('',#8571,4.1);
#2447=VECTOR('',#8574,4.7);
#2448=VECTOR('',#8575,4.1);
#2449=VECTOR('',#8576,4.7);
#2450=VECTOR('',#8577,4.1);
#2451=VECTOR('',#8580,1.30501256289338);
#2452=VECTOR('',#8581,1.30501256289338);
#2453=VECTOR('',#8582,4.1);
#2454=VECTOR('',#8585,0.80501256289338);
#2455=VECTOR('',#8586,0.80501256289338);
#2456=VECTOR('',#8587,4.1);
#2457=VECTOR('',#8590,9.);
#2458=VECTOR('',#8591,9.);
#2459=VECTOR('',#8592,4.1);
#2460=VECTOR('',#8595,0.805012562893379);
#2461=VECTOR('',#8596,0.805012562893379);
#2462=VECTOR('',#8599,1.4142135623731);
#2463=VECTOR('',#8600,1.4142135623731);
#2464=VECTOR('',#8601,0.56568542494924);
#2465=VECTOR('',#8602,0.56568542494924);
#2466=VECTOR('',#8603,0.56568542494924);
#2467=VECTOR('',#8604,0.56568542494924);
#2468=VECTOR('',#8607,0.565685424949239);
#2469=VECTOR('',#8608,0.565685424949239);
#2470=VECTOR('',#8609,0.565685424949239);
#2471=VECTOR('',#8610,1.4142135623731);
#2472=VECTOR('',#8611,1.4142135623731);
#2473=VECTOR('',#8612,0.565685424949239);
#2474=VECTOR('',#8629,0.199999999999998);
#2475=VECTOR('',#8632,0.199999999999998);
#2476=VECTOR('',#8637,1.30154507029067);
#2477=VECTOR('',#8642,0.199999999999998);
#2478=VECTOR('',#8645,0.199999999999998);
#2479=VECTOR('',#8648,0.199999999999998);
#2480=VECTOR('',#8651,0.199999999999998);
#2481=VECTOR('',#8656,0.644009461630724);
#2482=VECTOR('',#8663,0.199999999999998);
#2483=VECTOR('',#8666,0.199999999999998);
#2484=VECTOR('',#8669,0.199999999999998);
#2485=VECTOR('',#8672,0.199999999999998);
#2486=VECTOR('',#8675,1.30154507029067);
#2487=VECTOR('',#8680,3.0860229440701);
#2488=VECTOR('',#8681,2.2);
#2489=VECTOR('',#8682,7.58023402308373);
#2490=VECTOR('',#8683,1.41421356237309);
#2491=VECTOR('',#8684,6.3);
#2492=VECTOR('',#8685,0.565685424949238);
#2493=VECTOR('',#8686,4.1);
#2494=VECTOR('',#8687,4.63752388777021);
#2495=VECTOR('',#8690,0.199999999999998);
#2496=VECTOR('',#8691,0.899999999999999);
#2497=VECTOR('',#8692,4.7);
#2498=VECTOR('',#8693,0.899999999999999);
#2499=VECTOR('',#8694,0.1);
#2500=VECTOR('',#8695,0.199999999999998);
#2501=VECTOR('',#8696,0.499999999999999);
#2502=VECTOR('',#8699,1.64540057793999);
#2503=VECTOR('',#8700,0.4);
#2504=VECTOR('',#8703,0.45);
#2505=VECTOR('',#8704,2.20250628144669);
#2506=VECTOR('',#8705,0.565685424949237);
#2507=VECTOR('',#8706,1.30501256289338);
#2508=VECTOR('',#8709,0.5);
#2509=VECTOR('',#8710,0.5);
#2510=VECTOR('',#8711,0.5);
#2511=VECTOR('',#8714,0.805012562893379);
#2512=VECTOR('',#8715,9.);
#2513=VECTOR('',#8716,0.80501256289338);
#2514=VECTOR('',#8719,0.5);
#2515=VECTOR('',#8720,0.5);
#2516=VECTOR('',#8721,0.5);
#2517=VECTOR('',#8724,1.30501256289338);
#2518=VECTOR('',#8725,0.565685424949239);
#2519=VECTOR('',#8726,0.1);
#2520=VECTOR('',#8727,2.20250628144669);
#2521=VECTOR('',#8728,0.45);
#2522=VECTOR('',#8729,0.4);
#2523=VECTOR('',#8730,1.64540057793999);
#2524=VECTOR('',#8731,9.63013214910606);
#2525=VECTOR('',#8734,0.199999999999998);
#2526=VECTOR('',#8735,0.899999999999999);
#2527=VECTOR('',#8736,4.7);
#2528=VECTOR('',#8737,0.899999999999999);
#2529=VECTOR('',#8738,4.1);
#2530=VECTOR('',#8739,0.199999999999998);
#2531=VECTOR('',#8740,0.499999999999999);
#2532=VECTOR('',#8743,4.63752388777022);
#2533=VECTOR('',#8744,0.565685424949238);
#2534=VECTOR('',#8745,6.3);
#2535=VECTOR('',#8746,1.4142135623731);
#2536=VECTOR('',#8747,7.58023402308373);
#2537=VECTOR('',#8748,2.2);
#2538=VECTOR('',#8749,3.0860229440701);
#2539=VECTOR('',#8752,0.805012562893379);
#2540=VECTOR('',#8753,0.899999999999999);
#2541=VECTOR('',#8754,0.899999999999999);
#2542=VECTOR('',#8759,0.899999999999999);
#2543=VECTOR('',#8762,0.5);
#2544=VECTOR('',#8763,0.899999999999999);
#2545=VECTOR('',#8766,0.5);
#2546=VECTOR('',#8767,0.899999999999999);
#2547=VECTOR('',#8770,0.5);
#2548=VECTOR('',#8771,0.899999999999999);
#2549=VECTOR('',#8776,0.899999999999999);
#2550=VECTOR('',#8779,1.30501256289338);
#2551=VECTOR('',#8780,0.899999999999999);
#2552=VECTOR('',#8783,0.899999999999999);
#2553=VECTOR('',#8784,6.3);
#2554=VECTOR('',#8785,0.899999999999999);
#2555=VECTOR('',#8788,0.199999999999998);
#2556=VECTOR('',#8789,0.899999999999999);
#2557=VECTOR('',#8790,18.);
#2558=VECTOR('',#8791,0.899999999999999);
#2559=VECTOR('',#8792,0.199999999999998);
#2560=VECTOR('',#8793,2.83953195383254);
#2561=VECTOR('',#8796,6.3);
#2562=VECTOR('',#8797,0.899999999999999);
#2563=VECTOR('',#8798,0.899999999999999);
#2564=VECTOR('',#8801,0.899999999999999);
#2565=VECTOR('',#8802,1.30501256289338);
#2566=VECTOR('',#8803,0.899999999999999);
#2567=VECTOR('',#8808,0.899999999999999);
#2568=VECTOR('',#8811,0.5);
#2569=VECTOR('',#8812,0.899999999999999);
#2570=VECTOR('',#8815,0.5);
#2571=VECTOR('',#8816,0.899999999999999);
#2572=VECTOR('',#8819,0.5);
#2573=VECTOR('',#8820,0.899999999999999);
#2574=VECTOR('',#8825,0.899999999999999);
#2575=VECTOR('',#8828,0.80501256289338);
#2576=VECTOR('',#8829,0.899999999999999);
#2577=VECTOR('',#8832,9.);
#2578=VECTOR('',#8835,0.565685424949239);
#2579=VECTOR('',#8836,1.4142135623731);
#2580=VECTOR('',#8837,1.4142135623731);
#2581=VECTOR('',#8838,0.565685424949239);
#2582=VECTOR('',#8839,0.565685424949239);
#2583=VECTOR('',#8840,0.565685424949239);
#2584=VECTOR('',#8855,2.2);
#2585=VECTOR('',#8856,0.199999999999998);
#2586=VECTOR('',#8859,0.199999999999998);
#2587=VECTOR('',#8860,2.2);
#2588=VECTOR('',#8863,3.0860229440701);
#2589=VECTOR('',#8866,9.63013214910606);
#2590=VECTOR('',#8869,3.0860229440701);
#2591=VECTOR('',#8874,0.199999999999998);
#2592=VECTOR('',#8875,0.45);
#2593=VECTOR('',#8878,2.20250628144669);
#2594=VECTOR('',#8881,4.63752388777022);
#2595=VECTOR('',#8884,0.199999999999998);
#2596=VECTOR('',#8885,1.64540057793999);
#2597=VECTOR('',#8888,0.4);
#2598=VECTOR('',#8893,0.199999999999998);
#2599=VECTOR('',#8896,0.199999999999998);
#2600=VECTOR('',#8899,0.199999999999998);
#2601=VECTOR('',#8900,0.4);
#2602=VECTOR('',#8903,1.64540057793999);
#2603=VECTOR('',#8906,4.63752388777021);
#2604=VECTOR('',#8909,0.199999999999998);
#2605=VECTOR('',#8910,2.20250628144669);
#2606=VECTOR('',#8913,0.45);
#2607=VECTOR('',#8952,0.927537098650306);
#2608=VECTOR('',#8953,0.17850809706447);
#2609=VECTOR('',#8954,0.91092912211838);
#2610=VECTOR('',#8957,0.48724328758245);
#2611=VECTOR('',#8958,1.07483717687923);
#2612=VECTOR('',#8961,0.48724328758245);
#2613=VECTOR('',#8962,0.884800110841934);
#2614=VECTOR('',#8965,0.178508097064469);
#2615=VECTOR('',#8966,0.883518082681851);
#2616=VECTOR('',#8969,0.48724328758245);
#2617=VECTOR('',#8970,1.07358875120314);
#2618=VECTOR('',#8973,0.487243287582451);
#2619=VECTOR('',#8974,0.905973405912182);
#2620=VECTOR('',#8977,0.17850809706447);
#2621=VECTOR('',#8978,0.922598310839889);
#2622=VECTOR('',#8981,0.487243287582451);
#2623=VECTOR('',#8982,1.08990332346241);
#2624=VECTOR('',#8985,0.48724328758244);
#2625=VECTOR('',#8986,0.948105859216312);
#2626=VECTOR('',#8989,0.178508097064469);
#2627=VECTOR('',#8990,0.949370933055629);
#2628=VECTOR('',#8993,0.48724328758244);
#2629=VECTOR('',#8994,1.09115534609182);
#2630=VECTOR('',#8997,0.48724328758245);
#2631=VECTOR('',#9036,0.91092912211838);
#2632=VECTOR('',#9037,0.17850809706447);
#2633=VECTOR('',#9038,0.927537098650307);
#2634=VECTOR('',#9041,0.48724328758245);
#2635=VECTOR('',#9042,1.09115534609182);
#2636=VECTOR('',#9045,0.48724328758244);
#2637=VECTOR('',#9046,0.949370933055629);
#2638=VECTOR('',#9049,0.178508097064469);
#2639=VECTOR('',#9050,0.948105859216312);
#2640=VECTOR('',#9053,0.48724328758244);
#2641=VECTOR('',#9054,1.08990332346241);
#2642=VECTOR('',#9057,0.487243287582441);
#2643=VECTOR('',#9058,0.922598310839889);
#2644=VECTOR('',#9061,0.17850809706447);
#2645=VECTOR('',#9062,0.905973405912182);
#2646=VECTOR('',#9065,0.487243287582441);
#2647=VECTOR('',#9066,1.07358875120314);
#2648=VECTOR('',#9069,0.48724328758245);
#2649=VECTOR('',#9070,0.883518082681851);
#2650=VECTOR('',#9073,0.178508097064469);
#2651=VECTOR('',#9074,0.884800110841934);
#2652=VECTOR('',#9077,0.48724328758245);
#2653=VECTOR('',#9078,1.07483717687923);
#2654=VECTOR('',#9081,0.48724328758245);
#2655=VECTOR('',#9090,2.5);
#2656=VECTOR('',#9103,4.25);
#2657=VECTOR('',#9108,4.25);
#2658=VECTOR('',#9111,1.9);
#2659=VECTOR('',#9144,1000.);
#2660=VECTOR('',#9145,1000.);
#2661=VECTOR('',#9146,1000.);
#2662=VECTOR('',#9147,1000.);
#2663=VECTOR('',#9148,1000.);
#2664=VECTOR('',#9149,1000.);
#2665=VECTOR('',#9152,1000.);
#2666=VECTOR('',#9153,1000.);
#2667=VECTOR('',#9156,1000.);
#2668=VECTOR('',#9159,1000.);
#2669=VECTOR('',#9162,1000.);
#2670=VECTOR('',#9165,1000.);
#2671=VECTOR('',#9174,1.5);
#2672=VECTOR('',#9187,2.75);
#2673=VECTOR('',#9192,2.75);
#2674=VECTOR('',#9195,1.125);
#2675=VECTOR('',#9228,1000.);
#2676=VECTOR('',#9229,1000.);
#2677=VECTOR('',#9230,1000.);
#2678=VECTOR('',#9231,1000.);
#2679=VECTOR('',#9232,1000.);
#2680=VECTOR('',#9233,1000.);
#2681=VECTOR('',#9236,1000.);
#2682=VECTOR('',#9237,1000.);
#2683=VECTOR('',#9240,1000.);
#2684=VECTOR('',#9243,1000.);
#2685=VECTOR('',#9246,1000.);
#2686=VECTOR('',#9249,1000.);
#2687=VECTOR('',#9256,10.);
#2688=VECTOR('',#9257,10.);
#2689=VECTOR('',#9258,10.);
#2690=VECTOR('',#9259,10.);
#2691=VECTOR('',#9262,10.);
#2692=VECTOR('',#9265,10.);
#2693=VECTOR('',#9270,10.);
#2694=VECTOR('',#9271,10.);
#2695=VECTOR('',#9272,10.);
#2696=VECTOR('',#9277,10.);
#2697=VECTOR('',#9282,10.);
#2698=VECTOR('',#9283,10.);
#2699=VECTOR('',#9284,10.);
#2700=VECTOR('',#9289,10.);
#2701=VECTOR('',#9294,10.);
#2702=VECTOR('',#9297,10.);
#2703=VECTOR('',#9300,10.);
#2704=VECTOR('',#9303,10.);
#2705=VECTOR('',#9306,10.);
#2706=VECTOR('',#9307,10.);
#2707=VECTOR('',#9310,10.);
#2708=VECTOR('',#9315,1.65);
#2709=VECTOR('',#9322,1.55);
#2710=VECTOR('',#9327,1.65);
#2711=VECTOR('',#9334,1.55);
#2712=VECTOR('',#9339,1.65);
#2713=VECTOR('',#9342,10.);
#2714=VECTOR('',#9349,1.65);
#2715=VECTOR('',#9352,10.);
#2716=VECTOR('',#9357,10.);
#2717=VECTOR('',#9360,10.);
#2718=VECTOR('',#9371,10.);
#2719=VECTOR('',#9374,10.);
#2720=VECTOR('',#9377,10.);
#2721=VECTOR('',#9378,10.);
#2722=VECTOR('',#9381,10.);
#2723=VECTOR('',#9382,10.);
#2724=VECTOR('',#9387,10.);
#2725=VECTOR('',#9390,10.);
#2726=VECTOR('',#9391,10.);
#2727=VECTOR('',#9392,10.);
#2728=VECTOR('',#9397,2.65);
#2729=VECTOR('',#9402,2.55);
#2730=VECTOR('',#9409,2.65);
#2731=VECTOR('',#9414,2.55);
#2732=VECTOR('',#9421,10.);
#2733=VECTOR('',#9426,10.);
#2734=VECTOR('',#9427,10.);
#2735=VECTOR('',#9428,10.);
#2736=VECTOR('',#9437,10.);
#2737=VECTOR('',#9438,10.);
#2738=VECTOR('',#9439,10.);
#2739=VECTOR('',#9440,10.);
#2740=VECTOR('',#9445,2.65);
#2741=VECTOR('',#9448,10.);
#2742=VECTOR('',#9449,10.);
#2743=VECTOR('',#9450,10.);
#2744=VECTOR('',#9455,2.65);
#2745=VECTOR('',#9458,10.);
#2746=VECTOR('',#9459,10.);
#2747=VECTOR('',#9464,10.);
#2748=VECTOR('',#9469,10.);
#2749=VECTOR('',#9470,10.);
#2750=VECTOR('',#9471,10.);
#2751=VECTOR('',#9476,10.);
#2752=VECTOR('',#9481,10.);
#2753=VECTOR('',#9482,10.);
#2754=VECTOR('',#9483,10.);
#2755=VECTOR('',#9488,10.);
#2756=VECTOR('',#9493,10.);
#2757=VECTOR('',#9496,10.);
#2758=VECTOR('',#9501,10.);
#2759=VECTOR('',#9504,10.);
#2760=VECTOR('',#9507,10.);
#2761=VECTOR('',#9508,10.);
#2762=VECTOR('',#9515,1.65);
#2763=VECTOR('',#9526,1.55);
#2764=VECTOR('',#9529,1.65);
#2765=VECTOR('',#9536,1.55);
#2766=VECTOR('',#9541,1.65);
#2767=VECTOR('',#9544,10.);
#2768=VECTOR('',#9551,1.65);
#2769=VECTOR('',#9554,10.);
#2770=VECTOR('',#9559,10.);
#2771=VECTOR('',#9562,10.);
#2772=VECTOR('',#9573,10.);
#2773=VECTOR('',#9574,10.);
#2774=VECTOR('',#9577,10.);
#2775=VECTOR('',#9578,10.);
#2776=VECTOR('',#9581,10.);
#2777=VECTOR('',#9586,10.);
#2778=VECTOR('',#9589,10.);
#2779=VECTOR('',#9590,10.);
#2780=VECTOR('',#9605,10.);
#2781=VECTOR('',#9608,10.);
#2782=VECTOR('',#9611,10.);
#2783=VECTOR('',#9616,1.50725);
#2784=VECTOR('',#9621,1.2645);
#2785=VECTOR('',#9628,2.5);
#2786=VECTOR('',#9641,4.25);
#2787=VECTOR('',#9646,4.25);
#2788=VECTOR('',#9649,1.9);
#2789=VECTOR('',#9682,1000.);
#2790=VECTOR('',#9683,1000.);
#2791=VECTOR('',#9684,1000.);
#2792=VECTOR('',#9685,1000.);
#2793=VECTOR('',#9686,1000.);
#2794=VECTOR('',#9687,1000.);
#2795=VECTOR('',#9690,1000.);
#2796=VECTOR('',#9691,1000.);
#2797=VECTOR('',#9694,1000.);
#2798=VECTOR('',#9697,1000.);
#2799=VECTOR('',#9700,1000.);
#2800=VECTOR('',#9703,1000.);
#2801=VECTOR('',#9712,2.64999999999999);
#2802=VECTOR('',#9717,2.5);
#2803=VECTOR('',#9728,2.65000000000001);
#2804=VECTOR('',#9737,3.89999999999999);
#2805=VECTOR('',#9742,3.99999999999999);
#2806=VECTOR('',#9745,3.89999999999998);
#2807=CIRCLE('',#7112,1.5);
#2808=CIRCLE('',#7113,1.8);
#2809=CIRCLE('',#7115,1.5);
#2810=CIRCLE('',#7116,1.8);
#2811=CIRCLE('',#7118,1.5);
#2812=CIRCLE('',#7120,1.5);
#2813=CIRCLE('',#7122,0.644009461630724);
#2814=CIRCLE('',#7123,0.644009461630724);
#2815=CIRCLE('',#7125,1.);
#2816=CIRCLE('',#7126,1.);
#2817=CIRCLE('',#7128,1.5);
#2818=CIRCLE('',#7129,1.8);
#2819=CIRCLE('',#7131,1.5);
#2820=CIRCLE('',#7132,1.8);
#2821=CIRCLE('',#7134,1.5);
#2822=CIRCLE('',#7136,1.5);
#2823=CIRCLE('',#7148,1.);
#2824=CIRCLE('',#7149,1.);
#2825=CIRCLE('',#7167,0.644009461630724);
#2826=CIRCLE('',#7168,0.644009461630724);
#2827=CIRCLE('',#7170,1.);
#2828=CIRCLE('',#7171,1.);
#2829=CIRCLE('',#7173,1.);
#2830=CIRCLE('',#7174,1.);
#2831=CIRCLE('',#7194,1.17847366830297);
#2832=CIRCLE('',#7195,1.30146994110697);
#2833=CIRCLE('',#7196,1.29981544265263);
#2834=CIRCLE('',#7197,1.20193412270979);
#2835=CIRCLE('',#7198,1.29933075830278);
#2836=CIRCLE('',#7199,1.30146994110697);
#2837=CIRCLE('',#7200,1.17430247357013);
#2838=CIRCLE('',#7201,1.29513828308694);
#2839=CIRCLE('',#7202,1.29933075830278);
#2840=CIRCLE('',#7203,1.14741772100429);
#2841=CIRCLE('',#7204,1.29981544265263);
#2842=CIRCLE('',#7205,1.29513828308694);
#2843=CIRCLE('',#7206,1.17847366830297);
#2844=CIRCLE('',#7207,1.30154507029069);
#2845=CIRCLE('',#7208,1.30154507029067);
#2846=CIRCLE('',#7224,1.17430247357013);
#2847=CIRCLE('',#7225,1.30146994110697);
#2848=CIRCLE('',#7226,1.29933075830278);
#2849=CIRCLE('',#7227,1.20193412270979);
#2850=CIRCLE('',#7228,1.29981544265263);
#2851=CIRCLE('',#7229,1.30146994110697);
#2852=CIRCLE('',#7230,1.17847366830296);
#2853=CIRCLE('',#7231,1.29513828308694);
#2854=CIRCLE('',#7232,1.29981544265263);
#2855=CIRCLE('',#7233,1.14741772100429);
#2856=CIRCLE('',#7234,1.29933075830278);
#2857=CIRCLE('',#7235,1.29513828308694);
#2858=CIRCLE('',#7236,1.17430247357013);
#2859=CIRCLE('',#7237,1.30154507029069);
#2860=CIRCLE('',#7238,1.30154507029067);
#2861=CIRCLE('',#7254,0.5);
#2862=CIRCLE('',#7255,0.5);
#2863=CIRCLE('',#7257,1.30154507029067);
#2864=CIRCLE('',#7258,1.30154507029067);
#2865=CIRCLE('',#7259,1.30154507029067);
#2866=CIRCLE('',#7260,1.30154507029067);
#2867=CIRCLE('',#7261,1.30154507029067);
#2868=CIRCLE('',#7262,1.30154507029067);
#2869=CIRCLE('',#7264,0.644009461630724);
#2870=CIRCLE('',#7265,0.644009461630724);
#2871=CIRCLE('',#7267,1.30154507029067);
#2872=CIRCLE('',#7268,1.30154507029067);
#2873=CIRCLE('',#7269,1.30154507029067);
#2874=CIRCLE('',#7270,1.30154507029067);
#2875=CIRCLE('',#7271,1.30154507029067);
#2876=CIRCLE('',#7272,1.30154507029067);
#2877=CIRCLE('',#7276,1.);
#2878=CIRCLE('',#7277,1.);
#2879=CIRCLE('',#7278,1.);
#2880=CIRCLE('',#7279,1.);
#2881=CIRCLE('',#7280,0.5);
#2882=CIRCLE('',#7285,1.);
#2883=CIRCLE('',#7290,1.);
#2884=CIRCLE('',#7297,1.);
#2885=CIRCLE('',#7302,1.);
#2886=CIRCLE('',#7325,0.5);
#2887=CIRCLE('',#7333,0.644009461630724);
#2888=CIRCLE('',#7334,0.644009461630724);
#2889=CIRCLE('',#7336,1.);
#2890=CIRCLE('',#7337,1.);
#2891=CIRCLE('',#7339,1.);
#2892=CIRCLE('',#7340,1.);
#2893=CIRCLE('',#7360,0.5);
#2894=CIRCLE('',#7361,0.5);
#2895=CIRCLE('',#7363,1.30154507029067);
#2896=CIRCLE('',#7364,1.30154507029067);
#2897=CIRCLE('',#7365,1.30154507029067);
#2898=CIRCLE('',#7366,1.30154507029067);
#2899=CIRCLE('',#7367,1.30154507029067);
#2900=CIRCLE('',#7368,1.30154507029067);
#2901=CIRCLE('',#7370,0.644009461630724);
#2902=CIRCLE('',#7371,0.644009461630724);
#2903=CIRCLE('',#7373,1.30154507029067);
#2904=CIRCLE('',#7374,1.30154507029067);
#2905=CIRCLE('',#7375,1.30154507029067);
#2906=CIRCLE('',#7376,1.30154507029067);
#2907=CIRCLE('',#7377,1.30154507029067);
#2908=CIRCLE('',#7378,1.30154507029067);
#2909=CIRCLE('',#7382,0.5);
#2910=CIRCLE('',#7383,1.);
#2911=CIRCLE('',#7384,1.);
#2912=CIRCLE('',#7385,1.);
#2913=CIRCLE('',#7386,1.);
#2914=CIRCLE('',#7391,1.);
#2915=CIRCLE('',#7396,1.);
#2916=CIRCLE('',#7403,1.);
#2917=CIRCLE('',#7408,1.);
#2918=CIRCLE('',#7431,0.5);
#2919=CIRCLE('',#7439,1.30154507029067);
#2920=CIRCLE('',#7440,1.30154507029069);
#2921=CIRCLE('',#7441,1.17847366830297);
#2922=CIRCLE('',#7442,1.29513828308694);
#2923=CIRCLE('',#7443,1.29981544265263);
#2924=CIRCLE('',#7444,1.14741772100429);
#2925=CIRCLE('',#7445,1.29933075830278);
#2926=CIRCLE('',#7446,1.29513828308694);
#2927=CIRCLE('',#7447,1.17430247357013);
#2928=CIRCLE('',#7448,1.30146994110697);
#2929=CIRCLE('',#7449,1.29933075830278);
#2930=CIRCLE('',#7450,1.20193412270979);
#2931=CIRCLE('',#7451,1.29981544265263);
#2932=CIRCLE('',#7452,1.30146994110697);
#2933=CIRCLE('',#7453,1.17847366830297);
#2934=CIRCLE('',#7469,1.30154507029067);
#2935=CIRCLE('',#7470,1.30154507029069);
#2936=CIRCLE('',#7471,1.17430247357013);
#2937=CIRCLE('',#7472,1.29513828308694);
#2938=CIRCLE('',#7473,1.29933075830278);
#2939=CIRCLE('',#7474,1.14741772100429);
#2940=CIRCLE('',#7475,1.29981544265263);
#2941=CIRCLE('',#7476,1.29513828308694);
#2942=CIRCLE('',#7477,1.17847366830296);
#2943=CIRCLE('',#7478,1.30146994110697);
#2944=CIRCLE('',#7479,1.29981544265263);
#2945=CIRCLE('',#7480,1.20193412270979);
#2946=CIRCLE('',#7481,1.29933075830278);
#2947=CIRCLE('',#7482,1.30146994110697);
#2948=CIRCLE('',#7483,1.17430247357013);
#2949=CIRCLE('',#7500,2.5);
#2950=CIRCLE('',#7501,2.5);
#2951=CIRCLE('',#7502,2.5);
#2952=CIRCLE('',#7504,4.25);
#2953=CIRCLE('',#7506,4.25);
#2954=CIRCLE('',#7507,3.8125);
#2955=CIRCLE('',#7510,1.9);
#2956=CIRCLE('',#7512,1.73205080756883);
#2957=CIRCLE('',#7513,1.73205080756883);
#2958=CIRCLE('',#7514,1.73205080756883);
#2959=CIRCLE('',#7515,1.73205080756883);
#2960=CIRCLE('',#7516,1.73205080756883);
#2961=CIRCLE('',#7517,1.73205080756883);
#2962=CIRCLE('',#7534,1.5);
#2963=CIRCLE('',#7535,1.5);
#2964=CIRCLE('',#7536,1.5);
#2965=CIRCLE('',#7538,2.75);
#2966=CIRCLE('',#7540,2.75);
#2967=CIRCLE('',#7541,2.5);
#2968=CIRCLE('',#7544,1.125);
#2969=CIRCLE('',#7546,1.15470053837923);
#2970=CIRCLE('',#7547,1.15470053837923);
#2971=CIRCLE('',#7548,1.15470053837923);
#2972=CIRCLE('',#7549,1.15470053837923);
#2973=CIRCLE('',#7550,1.15470053837923);
#2974=CIRCLE('',#7551,1.15470053837923);
#2975=CIRCLE('',#7569,0.8);
#2976=CIRCLE('',#7570,1.);
#2977=CIRCLE('',#7573,1.3);
#2978=CIRCLE('',#7574,1.5);
#2979=CIRCLE('',#7577,1.3);
#2980=CIRCLE('',#7578,1.5);
#2981=CIRCLE('',#7586,1.75);
#2982=CIRCLE('',#7587,1.55);
#2983=CIRCLE('',#7589,1.55);
#2984=CIRCLE('',#7591,1.75);
#2985=CIRCLE('',#7592,1.55);
#2986=CIRCLE('',#7594,1.55);
#2987=CIRCLE('',#7596,1.75);
#2988=CIRCLE('',#7598,2.9);
#2989=CIRCLE('',#7600,1.75);
#2990=CIRCLE('',#7602,2.9);
#2991=CIRCLE('',#7604,0.5);
#2992=CIRCLE('',#7610,0.5);
#2993=CIRCLE('',#7614,0.5);
#2994=CIRCLE('',#7617,2.55);
#2995=CIRCLE('',#7618,2.75);
#2996=CIRCLE('',#7620,2.55);
#2997=CIRCLE('',#7622,2.55);
#2998=CIRCLE('',#7623,2.75);
#2999=CIRCLE('',#7625,2.55);
#3000=CIRCLE('',#7627,4.4);
#3001=CIRCLE('',#7628,4.6);
#3002=CIRCLE('',#7631,4.6);
#3003=CIRCLE('',#7632,4.4);
#3004=CIRCLE('',#7635,2.75);
#3005=CIRCLE('',#7637,2.75);
#3006=CIRCLE('',#7641,1.);
#3007=CIRCLE('',#7642,0.8);
#3008=CIRCLE('',#7645,1.5);
#3009=CIRCLE('',#7646,1.3);
#3010=CIRCLE('',#7649,1.5);
#3011=CIRCLE('',#7650,1.3);
#3012=CIRCLE('',#7659,1.75);
#3013=CIRCLE('',#7660,1.55);
#3014=CIRCLE('',#7662,1.75);
#3015=CIRCLE('',#7664,1.55);
#3016=CIRCLE('',#7666,1.55);
#3017=CIRCLE('',#7668,1.55);
#3018=CIRCLE('',#7670,1.75);
#3019=CIRCLE('',#7672,2.9);
#3020=CIRCLE('',#7674,1.75);
#3021=CIRCLE('',#7676,2.9);
#3022=CIRCLE('',#7678,0.5);
#3023=CIRCLE('',#7686,0.5);
#3024=CIRCLE('',#7690,0.5);
#3025=CIRCLE('',#7692,1.75);
#3026=CIRCLE('',#7694,4.4);
#3027=CIRCLE('',#7695,4.4);
#3028=CIRCLE('',#7700,1.2645);
#3029=CIRCLE('',#7704,2.5);
#3030=CIRCLE('',#7705,2.5);
#3031=CIRCLE('',#7706,2.5);
#3032=CIRCLE('',#7708,4.25);
#3033=CIRCLE('',#7710,4.25);
#3034=CIRCLE('',#7711,3.8125);
#3035=CIRCLE('',#7714,1.9);
#3036=CIRCLE('',#7716,1.73205080756883);
#3037=CIRCLE('',#7717,1.73205080756883);
#3038=CIRCLE('',#7718,1.73205080756883);
#3039=CIRCLE('',#7719,1.73205080756883);
#3040=CIRCLE('',#7720,1.73205080756883);
#3041=CIRCLE('',#7721,1.73205080756883);
#3042=CIRCLE('',#7738,2.55);
#3043=CIRCLE('',#7739,2.74999999999997);
#3044=CIRCLE('',#7741,2.55);
#3045=CIRCLE('',#7743,3.79999999999998);
#3046=CIRCLE('',#7745,2.75000000000002);
#3047=CIRCLE('',#7747,3.8);
#3048=CIRCLE('',#7749,3.99999999999999);
#3049=CIRCLE('',#7751,3.99999999999999);
#3050=VERTEX_POINT('',#9785);
#3051=VERTEX_POINT('',#9787);
#3052=VERTEX_POINT('',#9791);
#3053=VERTEX_POINT('',#9793);
#3054=VERTEX_POINT('',#9797);
#3055=VERTEX_POINT('',#9801);
#3056=VERTEX_POINT('',#9805);
#3057=VERTEX_POINT('',#9807);
#3058=VERTEX_POINT('',#9811);
#3059=VERTEX_POINT('',#9812);
#3060=VERTEX_POINT('',#9814);
#3061=VERTEX_POINT('',#9816);
#3062=VERTEX_POINT('',#9820);
#3063=VERTEX_POINT('',#9822);
#3064=VERTEX_POINT('',#9826);
#3065=VERTEX_POINT('',#9828);
#3066=VERTEX_POINT('',#9832);
#3067=VERTEX_POINT('',#9836);
#3068=VERTEX_POINT('',#9842);
#3069=VERTEX_POINT('',#9843);
#3070=VERTEX_POINT('',#9845);
#3071=VERTEX_POINT('',#9847);
#3072=VERTEX_POINT('',#9851);
#3073=VERTEX_POINT('',#9852);
#3074=VERTEX_POINT('',#9854);
#3075=VERTEX_POINT('',#9856);
#3076=VERTEX_POINT('',#9860);
#3077=VERTEX_POINT('',#9861);
#3078=VERTEX_POINT('',#9863);
#3079=VERTEX_POINT('',#9865);
#3080=VERTEX_POINT('',#9869);
#3081=VERTEX_POINT('',#9870);
#3082=VERTEX_POINT('',#9872);
#3083=VERTEX_POINT('',#9874);
#3084=VERTEX_POINT('',#9878);
#3085=VERTEX_POINT('',#9879);
#3086=VERTEX_POINT('',#9881);
#3087=VERTEX_POINT('',#9883);
#3088=VERTEX_POINT('',#9887);
#3089=VERTEX_POINT('',#9888);
#3090=VERTEX_POINT('',#9890);
#3091=VERTEX_POINT('',#9892);
#3092=VERTEX_POINT('',#9896);
#3093=VERTEX_POINT('',#9897);
#3094=VERTEX_POINT('',#9899);
#3095=VERTEX_POINT('',#9901);
#3096=VERTEX_POINT('',#9905);
#3097=VERTEX_POINT('',#9906);
#3098=VERTEX_POINT('',#9908);
#3099=VERTEX_POINT('',#9910);
#3100=VERTEX_POINT('',#9914);
#3101=VERTEX_POINT('',#9915);
#3102=VERTEX_POINT('',#9917);
#3103=VERTEX_POINT('',#9919);
#3104=VERTEX_POINT('',#9923);
#3105=VERTEX_POINT('',#9924);
#3106=VERTEX_POINT('',#9926);
#3107=VERTEX_POINT('',#9928);
#3108=VERTEX_POINT('',#9969);
#3109=VERTEX_POINT('',#9971);
#3110=VERTEX_POINT('',#9975);
#3111=VERTEX_POINT('',#9976);
#3112=VERTEX_POINT('',#9978);
#3113=VERTEX_POINT('',#9980);
#3114=VERTEX_POINT('',#9984);
#3115=VERTEX_POINT('',#9985);
#3116=VERTEX_POINT('',#9987);
#3117=VERTEX_POINT('',#9989);
#3118=VERTEX_POINT('',#9993);
#3119=VERTEX_POINT('',#9995);
#3120=VERTEX_POINT('',#9999);
#3121=VERTEX_POINT('',#10000);
#3122=VERTEX_POINT('',#10002);
#3123=VERTEX_POINT('',#10004);
#3124=VERTEX_POINT('',#10008);
#3125=VERTEX_POINT('',#10009);
#3126=VERTEX_POINT('',#10011);
#3127=VERTEX_POINT('',#10013);
#3128=VERTEX_POINT('',#10017);
#3129=VERTEX_POINT('',#10018);
#3130=VERTEX_POINT('',#10020);
#3131=VERTEX_POINT('',#10022);
#3132=VERTEX_POINT('',#10026);
#3133=VERTEX_POINT('',#10027);
#3134=VERTEX_POINT('',#10029);
#3135=VERTEX_POINT('',#10031);
#3136=VERTEX_POINT('',#10035);
#3137=VERTEX_POINT('',#10036);
#3138=VERTEX_POINT('',#10038);
#3139=VERTEX_POINT('',#10040);
#3140=VERTEX_POINT('',#10044);
#3141=VERTEX_POINT('',#10046);
#3142=VERTEX_POINT('',#10050);
#3143=VERTEX_POINT('',#10052);
#3144=VERTEX_POINT('',#10056);
#3145=VERTEX_POINT('',#10058);
#3146=VERTEX_POINT('',#10085);
#3147=VERTEX_POINT('',#10086);
#3148=VERTEX_POINT('',#10088);
#3149=VERTEX_POINT('',#10090);
#3150=VERTEX_POINT('',#10092);
#3151=VERTEX_POINT('',#10094);
#3152=VERTEX_POINT('',#10096);
#3153=VERTEX_POINT('',#10098);
#3154=VERTEX_POINT('',#10100);
#3155=VERTEX_POINT('',#10102);
#3156=VERTEX_POINT('',#10104);
#3157=VERTEX_POINT('',#10106);
#3158=VERTEX_POINT('',#10108);
#3159=VERTEX_POINT('',#10111);
#3160=VERTEX_POINT('',#10116);
#3161=VERTEX_POINT('',#10118);
#3162=VERTEX_POINT('',#10122);
#3163=VERTEX_POINT('',#10126);
#3164=VERTEX_POINT('',#10130);
#3165=VERTEX_POINT('',#10134);
#3166=VERTEX_POINT('',#10138);
#3167=VERTEX_POINT('',#10142);
#3168=VERTEX_POINT('',#10146);
#3169=VERTEX_POINT('',#10150);
#3170=VERTEX_POINT('',#10154);
#3171=VERTEX_POINT('',#10158);
#3172=VERTEX_POINT('',#10165);
#3173=VERTEX_POINT('',#10166);
#3174=VERTEX_POINT('',#10168);
#3175=VERTEX_POINT('',#10170);
#3176=VERTEX_POINT('',#10172);
#3177=VERTEX_POINT('',#10174);
#3178=VERTEX_POINT('',#10176);
#3179=VERTEX_POINT('',#10178);
#3180=VERTEX_POINT('',#10180);
#3181=VERTEX_POINT('',#10182);
#3182=VERTEX_POINT('',#10184);
#3183=VERTEX_POINT('',#10186);
#3184=VERTEX_POINT('',#10188);
#3185=VERTEX_POINT('',#10191);
#3186=VERTEX_POINT('',#10196);
#3187=VERTEX_POINT('',#10198);
#3188=VERTEX_POINT('',#10202);
#3189=VERTEX_POINT('',#10206);
#3190=VERTEX_POINT('',#10210);
#3191=VERTEX_POINT('',#10214);
#3192=VERTEX_POINT('',#10218);
#3193=VERTEX_POINT('',#10222);
#3194=VERTEX_POINT('',#10226);
#3195=VERTEX_POINT('',#10230);
#3196=VERTEX_POINT('',#10234);
#3197=VERTEX_POINT('',#10238);
#3198=VERTEX_POINT('',#10245);
#3199=VERTEX_POINT('',#10246);
#3200=VERTEX_POINT('',#10248);
#3201=VERTEX_POINT('',#10250);
#3202=VERTEX_POINT('',#10254);
#3203=VERTEX_POINT('',#10255);
#3204=VERTEX_POINT('',#10257);
#3205=VERTEX_POINT('',#10259);
#3206=VERTEX_POINT('',#10261);
#3207=VERTEX_POINT('',#10263);
#3208=VERTEX_POINT('',#10265);
#3209=VERTEX_POINT('',#10267);
#3210=VERTEX_POINT('',#10269);
#3211=VERTEX_POINT('',#10272);
#3212=VERTEX_POINT('',#10276);
#3213=VERTEX_POINT('',#10278);
#3214=VERTEX_POINT('',#10282);
#3215=VERTEX_POINT('',#10283);
#3216=VERTEX_POINT('',#10285);
#3217=VERTEX_POINT('',#10288);
#3218=VERTEX_POINT('',#10290);
#3219=VERTEX_POINT('',#10292);
#3220=VERTEX_POINT('',#10294);
#3221=VERTEX_POINT('',#10296);
#3222=VERTEX_POINT('',#10298);
#3223=VERTEX_POINT('',#10300);
#3224=VERTEX_POINT('',#10304);
#3225=VERTEX_POINT('',#10306);
#3226=VERTEX_POINT('',#10308);
#3227=VERTEX_POINT('',#10310);
#3228=VERTEX_POINT('',#10312);
#3229=VERTEX_POINT('',#10314);
#3230=VERTEX_POINT('',#10316);
#3231=VERTEX_POINT('',#10320);
#3232=VERTEX_POINT('',#10322);
#3233=VERTEX_POINT('',#10324);
#3234=VERTEX_POINT('',#10326);
#3235=VERTEX_POINT('',#10328);
#3236=VERTEX_POINT('',#10330);
#3237=VERTEX_POINT('',#10334);
#3238=VERTEX_POINT('',#10337);
#3239=VERTEX_POINT('',#10340);
#3240=VERTEX_POINT('',#10342);
#3241=VERTEX_POINT('',#10344);
#3242=VERTEX_POINT('',#10346);
#3243=VERTEX_POINT('',#10348);
#3244=VERTEX_POINT('',#10350);
#3245=VERTEX_POINT('',#10352);
#3246=VERTEX_POINT('',#10354);
#3247=VERTEX_POINT('',#10356);
#3248=VERTEX_POINT('',#10358);
#3249=VERTEX_POINT('',#10360);
#3250=VERTEX_POINT('',#10362);
#3251=VERTEX_POINT('',#10364);
#3252=VERTEX_POINT('',#10366);
#3253=VERTEX_POINT('',#10368);
#3254=VERTEX_POINT('',#10370);
#3255=VERTEX_POINT('',#10372);
#3256=VERTEX_POINT('',#10374);
#3257=VERTEX_POINT('',#10376);
#3258=VERTEX_POINT('',#10379);
#3259=VERTEX_POINT('',#10381);
#3260=VERTEX_POINT('',#10383);
#3261=VERTEX_POINT('',#10387);
#3262=VERTEX_POINT('',#10389);
#3263=VERTEX_POINT('',#10391);
#3264=VERTEX_POINT('',#10393);
#3265=VERTEX_POINT('',#10395);
#3266=VERTEX_POINT('',#10397);
#3267=VERTEX_POINT('',#10402);
#3268=VERTEX_POINT('',#10404);
#3269=VERTEX_POINT('',#10406);
#3270=VERTEX_POINT('',#10408);
#3271=VERTEX_POINT('',#10410);
#3272=VERTEX_POINT('',#10414);
#3273=VERTEX_POINT('',#10415);
#3274=VERTEX_POINT('',#10420);
#3275=VERTEX_POINT('',#10424);
#3276=VERTEX_POINT('',#10428);
#3277=VERTEX_POINT('',#10432);
#3278=VERTEX_POINT('',#10436);
#3279=VERTEX_POINT('',#10440);
#3280=VERTEX_POINT('',#10444);
#3281=VERTEX_POINT('',#10446);
#3282=VERTEX_POINT('',#10450);
#3283=VERTEX_POINT('',#10452);
#3284=VERTEX_POINT('',#10455);
#3285=VERTEX_POINT('',#10457);
#3286=VERTEX_POINT('',#10461);
#3287=VERTEX_POINT('',#10462);
#3288=VERTEX_POINT('',#10467);
#3289=VERTEX_POINT('',#10469);
#3290=VERTEX_POINT('',#10473);
#3291=VERTEX_POINT('',#10477);
#3292=VERTEX_POINT('',#10481);
#3293=VERTEX_POINT('',#10485);
#3294=VERTEX_POINT('',#10489);
#3295=VERTEX_POINT('',#10493);
#3296=VERTEX_POINT('',#10512);
#3297=VERTEX_POINT('',#10516);
#3298=VERTEX_POINT('',#10527);
#3299=VERTEX_POINT('',#10535);
#3300=VERTEX_POINT('',#10542);
#3301=VERTEX_POINT('',#10544);
#3302=VERTEX_POINT('',#10548);
#3303=VERTEX_POINT('',#10556);
#3304=VERTEX_POINT('',#10563);
#3305=VERTEX_POINT('',#10565);
#3306=VERTEX_POINT('',#10569);
#3307=VERTEX_POINT('',#10570);
#3308=VERTEX_POINT('',#10572);
#3309=VERTEX_POINT('',#10574);
#3310=VERTEX_POINT('',#10578);
#3311=VERTEX_POINT('',#10579);
#3312=VERTEX_POINT('',#10581);
#3313=VERTEX_POINT('',#10583);
#3314=VERTEX_POINT('',#10587);
#3315=VERTEX_POINT('',#10589);
#3316=VERTEX_POINT('',#10593);
#3317=VERTEX_POINT('',#10594);
#3318=VERTEX_POINT('',#10596);
#3319=VERTEX_POINT('',#10598);
#3320=VERTEX_POINT('',#10602);
#3321=VERTEX_POINT('',#10603);
#3322=VERTEX_POINT('',#10605);
#3323=VERTEX_POINT('',#10607);
#3324=VERTEX_POINT('',#10611);
#3325=VERTEX_POINT('',#10612);
#3326=VERTEX_POINT('',#10614);
#3327=VERTEX_POINT('',#10616);
#3328=VERTEX_POINT('',#10620);
#3329=VERTEX_POINT('',#10621);
#3330=VERTEX_POINT('',#10623);
#3331=VERTEX_POINT('',#10625);
#3332=VERTEX_POINT('',#10629);
#3333=VERTEX_POINT('',#10630);
#3334=VERTEX_POINT('',#10632);
#3335=VERTEX_POINT('',#10634);
#3336=VERTEX_POINT('',#10638);
#3337=VERTEX_POINT('',#10640);
#3338=VERTEX_POINT('',#10644);
#3339=VERTEX_POINT('',#10646);
#3340=VERTEX_POINT('',#10650);
#3341=VERTEX_POINT('',#10652);
#3342=VERTEX_POINT('',#10679);
#3343=VERTEX_POINT('',#10680);
#3344=VERTEX_POINT('',#10682);
#3345=VERTEX_POINT('',#10684);
#3346=VERTEX_POINT('',#10688);
#3347=VERTEX_POINT('',#10689);
#3348=VERTEX_POINT('',#10691);
#3349=VERTEX_POINT('',#10694);
#3350=VERTEX_POINT('',#10696);
#3351=VERTEX_POINT('',#10698);
#3352=VERTEX_POINT('',#10700);
#3353=VERTEX_POINT('',#10702);
#3354=VERTEX_POINT('',#10704);
#3355=VERTEX_POINT('',#10706);
#3356=VERTEX_POINT('',#10710);
#3357=VERTEX_POINT('',#10712);
#3358=VERTEX_POINT('',#10716);
#3359=VERTEX_POINT('',#10717);
#3360=VERTEX_POINT('',#10719);
#3361=VERTEX_POINT('',#10721);
#3362=VERTEX_POINT('',#10723);
#3363=VERTEX_POINT('',#10725);
#3364=VERTEX_POINT('',#10727);
#3365=VERTEX_POINT('',#10729);
#3366=VERTEX_POINT('',#10731);
#3367=VERTEX_POINT('',#10734);
#3368=VERTEX_POINT('',#10738);
#3369=VERTEX_POINT('',#10740);
#3370=VERTEX_POINT('',#10742);
#3371=VERTEX_POINT('',#10744);
#3372=VERTEX_POINT('',#10746);
#3373=VERTEX_POINT('',#10748);
#3374=VERTEX_POINT('',#10750);
#3375=VERTEX_POINT('',#10754);
#3376=VERTEX_POINT('',#10756);
#3377=VERTEX_POINT('',#10758);
#3378=VERTEX_POINT('',#10760);
#3379=VERTEX_POINT('',#10762);
#3380=VERTEX_POINT('',#10764);
#3381=VERTEX_POINT('',#10768);
#3382=VERTEX_POINT('',#10770);
#3383=VERTEX_POINT('',#10772);
#3384=VERTEX_POINT('',#10774);
#3385=VERTEX_POINT('',#10777);
#3386=VERTEX_POINT('',#10779);
#3387=VERTEX_POINT('',#10781);
#3388=VERTEX_POINT('',#10783);
#3389=VERTEX_POINT('',#10785);
#3390=VERTEX_POINT('',#10787);
#3391=VERTEX_POINT('',#10789);
#3392=VERTEX_POINT('',#10791);
#3393=VERTEX_POINT('',#10793);
#3394=VERTEX_POINT('',#10795);
#3395=VERTEX_POINT('',#10797);
#3396=VERTEX_POINT('',#10799);
#3397=VERTEX_POINT('',#10801);
#3398=VERTEX_POINT('',#10803);
#3399=VERTEX_POINT('',#10805);
#3400=VERTEX_POINT('',#10807);
#3401=VERTEX_POINT('',#10809);
#3402=VERTEX_POINT('',#10811);
#3403=VERTEX_POINT('',#10813);
#3404=VERTEX_POINT('',#10816);
#3405=VERTEX_POINT('',#10821);
#3406=VERTEX_POINT('',#10823);
#3407=VERTEX_POINT('',#10825);
#3408=VERTEX_POINT('',#10827);
#3409=VERTEX_POINT('',#10829);
#3410=VERTEX_POINT('',#10831);
#3411=VERTEX_POINT('',#10836);
#3412=VERTEX_POINT('',#10838);
#3413=VERTEX_POINT('',#10840);
#3414=VERTEX_POINT('',#10842);
#3415=VERTEX_POINT('',#10844);
#3416=VERTEX_POINT('',#10848);
#3417=VERTEX_POINT('',#10849);
#3418=VERTEX_POINT('',#10854);
#3419=VERTEX_POINT('',#10858);
#3420=VERTEX_POINT('',#10862);
#3421=VERTEX_POINT('',#10866);
#3422=VERTEX_POINT('',#10870);
#3423=VERTEX_POINT('',#10874);
#3424=VERTEX_POINT('',#10878);
#3425=VERTEX_POINT('',#10880);
#3426=VERTEX_POINT('',#10884);
#3427=VERTEX_POINT('',#10886);
#3428=VERTEX_POINT('',#10888);
#3429=VERTEX_POINT('',#10891);
#3430=VERTEX_POINT('',#10895);
#3431=VERTEX_POINT('',#10896);
#3432=VERTEX_POINT('',#10901);
#3433=VERTEX_POINT('',#10903);
#3434=VERTEX_POINT('',#10907);
#3435=VERTEX_POINT('',#10911);
#3436=VERTEX_POINT('',#10915);
#3437=VERTEX_POINT('',#10919);
#3438=VERTEX_POINT('',#10923);
#3439=VERTEX_POINT('',#10927);
#3440=VERTEX_POINT('',#10946);
#3441=VERTEX_POINT('',#10950);
#3442=VERTEX_POINT('',#10961);
#3443=VERTEX_POINT('',#10969);
#3444=VERTEX_POINT('',#10976);
#3445=VERTEX_POINT('',#10978);
#3446=VERTEX_POINT('',#10982);
#3447=VERTEX_POINT('',#10990);
#3448=VERTEX_POINT('',#10997);
#3449=VERTEX_POINT('',#10999);
#3450=VERTEX_POINT('',#11001);
#3451=VERTEX_POINT('',#11003);
#3452=VERTEX_POINT('',#11005);
#3453=VERTEX_POINT('',#11007);
#3454=VERTEX_POINT('',#11009);
#3455=VERTEX_POINT('',#11011);
#3456=VERTEX_POINT('',#11013);
#3457=VERTEX_POINT('',#11015);
#3458=VERTEX_POINT('',#11017);
#3459=VERTEX_POINT('',#11019);
#3460=VERTEX_POINT('',#11021);
#3461=VERTEX_POINT('',#11023);
#3462=VERTEX_POINT('',#11028);
#3463=VERTEX_POINT('',#11030);
#3464=VERTEX_POINT('',#11034);
#3465=VERTEX_POINT('',#11038);
#3466=VERTEX_POINT('',#11042);
#3467=VERTEX_POINT('',#11046);
#3468=VERTEX_POINT('',#11050);
#3469=VERTEX_POINT('',#11054);
#3470=VERTEX_POINT('',#11058);
#3471=VERTEX_POINT('',#11062);
#3472=VERTEX_POINT('',#11066);
#3473=VERTEX_POINT('',#11070);
#3474=VERTEX_POINT('',#11077);
#3475=VERTEX_POINT('',#11079);
#3476=VERTEX_POINT('',#11081);
#3477=VERTEX_POINT('',#11083);
#3478=VERTEX_POINT('',#11085);
#3479=VERTEX_POINT('',#11087);
#3480=VERTEX_POINT('',#11089);
#3481=VERTEX_POINT('',#11091);
#3482=VERTEX_POINT('',#11093);
#3483=VERTEX_POINT('',#11095);
#3484=VERTEX_POINT('',#11097);
#3485=VERTEX_POINT('',#11099);
#3486=VERTEX_POINT('',#11101);
#3487=VERTEX_POINT('',#11103);
#3488=VERTEX_POINT('',#11108);
#3489=VERTEX_POINT('',#11110);
#3490=VERTEX_POINT('',#11114);
#3491=VERTEX_POINT('',#11118);
#3492=VERTEX_POINT('',#11122);
#3493=VERTEX_POINT('',#11126);
#3494=VERTEX_POINT('',#11130);
#3495=VERTEX_POINT('',#11134);
#3496=VERTEX_POINT('',#11138);
#3497=VERTEX_POINT('',#11142);
#3498=VERTEX_POINT('',#11146);
#3499=VERTEX_POINT('',#11150);
#3500=VERTEX_POINT('',#11158);
#3501=VERTEX_POINT('',#11159);
#3502=VERTEX_POINT('',#11161);
#3503=VERTEX_POINT('',#11166);
#3504=VERTEX_POINT('',#11169);
#3505=VERTEX_POINT('',#11171);
#3506=VERTEX_POINT('',#11177);
#3507=VERTEX_POINT('',#11181);
#3508=VERTEX_POINT('',#11182);
#3509=VERTEX_POINT('',#11184);
#3510=VERTEX_POINT('',#11186);
#3511=VERTEX_POINT('',#11188);
#3512=VERTEX_POINT('',#11190);
#3513=VERTEX_POINT('',#11219);
#3514=VERTEX_POINT('',#11220);
#3515=VERTEX_POINT('',#11222);
#3516=VERTEX_POINT('',#11224);
#3517=VERTEX_POINT('',#11226);
#3518=VERTEX_POINT('',#11228);
#3519=VERTEX_POINT('',#11245);
#3520=VERTEX_POINT('',#11246);
#3521=VERTEX_POINT('',#11248);
#3522=VERTEX_POINT('',#11253);
#3523=VERTEX_POINT('',#11256);
#3524=VERTEX_POINT('',#11258);
#3525=VERTEX_POINT('',#11264);
#3526=VERTEX_POINT('',#11268);
#3527=VERTEX_POINT('',#11269);
#3528=VERTEX_POINT('',#11271);
#3529=VERTEX_POINT('',#11273);
#3530=VERTEX_POINT('',#11275);
#3531=VERTEX_POINT('',#11277);
#3532=VERTEX_POINT('',#11306);
#3533=VERTEX_POINT('',#11307);
#3534=VERTEX_POINT('',#11309);
#3535=VERTEX_POINT('',#11311);
#3536=VERTEX_POINT('',#11313);
#3537=VERTEX_POINT('',#11315);
#3538=VERTEX_POINT('',#11332);
#3539=VERTEX_POINT('',#11333);
#3540=VERTEX_POINT('',#11335);
#3541=VERTEX_POINT('',#11337);
#3542=VERTEX_POINT('',#11341);
#3543=VERTEX_POINT('',#11342);
#3544=VERTEX_POINT('',#11344);
#3545=VERTEX_POINT('',#11346);
#3546=VERTEX_POINT('',#11350);
#3547=VERTEX_POINT('',#11351);
#3548=VERTEX_POINT('',#11356);
#3549=VERTEX_POINT('',#11358);
#3550=VERTEX_POINT('',#11362);
#3551=VERTEX_POINT('',#11364);
#3552=VERTEX_POINT('',#11368);
#3553=VERTEX_POINT('',#11370);
#3554=VERTEX_POINT('',#11374);
#3555=VERTEX_POINT('',#11376);
#3556=VERTEX_POINT('',#11378);
#3557=VERTEX_POINT('',#11387);
#3558=VERTEX_POINT('',#11393);
#3559=VERTEX_POINT('',#11404);
#3560=VERTEX_POINT('',#11406);
#3561=VERTEX_POINT('',#11412);
#3562=VERTEX_POINT('',#11429);
#3563=VERTEX_POINT('',#11431);
#3564=VERTEX_POINT('',#11435);
#3565=VERTEX_POINT('',#11439);
#3566=VERTEX_POINT('',#11441);
#3567=VERTEX_POINT('',#11445);
#3568=VERTEX_POINT('',#11449);
#3569=VERTEX_POINT('',#11453);
#3570=VERTEX_POINT('',#11454);
#3571=VERTEX_POINT('',#11458);
#3572=VERTEX_POINT('',#11462);
#3573=VERTEX_POINT('',#11463);
#3574=VERTEX_POINT('',#11467);
#3575=VERTEX_POINT('',#11469);
#3576=VERTEX_POINT('',#11477);
#3577=VERTEX_POINT('',#11478);
#3578=VERTEX_POINT('',#11482);
#3579=VERTEX_POINT('',#11484);
#3580=VERTEX_POINT('',#11491);
#3581=VERTEX_POINT('',#11495);
#3582=VERTEX_POINT('',#11499);
#3583=VERTEX_POINT('',#11503);
#3584=VERTEX_POINT('',#11505);
#3585=VERTEX_POINT('',#11509);
#3586=VERTEX_POINT('',#11511);
#3587=VERTEX_POINT('',#11515);
#3588=VERTEX_POINT('',#11519);
#3589=VERTEX_POINT('',#11521);
#3590=VERTEX_POINT('',#11525);
#3591=VERTEX_POINT('',#11528);
#3592=VERTEX_POINT('',#11529);
#3593=VERTEX_POINT('',#11567);
#3594=VERTEX_POINT('',#11569);
#3595=VERTEX_POINT('',#11573);
#3596=VERTEX_POINT('',#11574);
#3597=VERTEX_POINT('',#11582);
#3598=VERTEX_POINT('',#11584);
#3599=VERTEX_POINT('',#11586);
#3600=VERTEX_POINT('',#11588);
#3601=VERTEX_POINT('',#11594);
#3602=VERTEX_POINT('',#11598);
#3603=VERTEX_POINT('',#11600);
#3604=VERTEX_POINT('',#11604);
#3605=VERTEX_POINT('',#11607);
#3606=VERTEX_POINT('',#11612);
#3607=VERTEX_POINT('',#11616);
#3608=VERTEX_POINT('',#11618);
#3609=VERTEX_POINT('',#11622);
#3610=VERTEX_POINT('',#11623);
#3611=VERTEX_POINT('',#11628);
#3612=VERTEX_POINT('',#11630);
#3613=VERTEX_POINT('',#11634);
#3614=VERTEX_POINT('',#11636);
#3615=VERTEX_POINT('',#11641);
#3616=VERTEX_POINT('',#11647);
#3617=VERTEX_POINT('',#11649);
#3618=VERTEX_POINT('',#11658);
#3619=VERTEX_POINT('',#11664);
#3620=VERTEX_POINT('',#11675);
#3621=VERTEX_POINT('',#11677);
#3622=VERTEX_POINT('',#11698);
#3623=VERTEX_POINT('',#11700);
#3624=VERTEX_POINT('',#11704);
#3625=VERTEX_POINT('',#11707);
#3626=VERTEX_POINT('',#11711);
#3627=VERTEX_POINT('',#11715);
#3628=VERTEX_POINT('',#11719);
#3629=VERTEX_POINT('',#11723);
#3630=VERTEX_POINT('',#11724);
#3631=VERTEX_POINT('',#11728);
#3632=VERTEX_POINT('',#11732);
#3633=VERTEX_POINT('',#11733);
#3634=VERTEX_POINT('',#11737);
#3635=VERTEX_POINT('',#11739);
#3636=VERTEX_POINT('',#11747);
#3637=VERTEX_POINT('',#11751);
#3638=VERTEX_POINT('',#11755);
#3639=VERTEX_POINT('',#11761);
#3640=VERTEX_POINT('',#11767);
#3641=VERTEX_POINT('',#11770);
#3642=VERTEX_POINT('',#11772);
#3643=VERTEX_POINT('',#11781);
#3644=VERTEX_POINT('',#11788);
#3645=VERTEX_POINT('',#11789);
#3646=VERTEX_POINT('',#11791);
#3647=VERTEX_POINT('',#11796);
#3648=VERTEX_POINT('',#11799);
#3649=VERTEX_POINT('',#11801);
#3650=VERTEX_POINT('',#11807);
#3651=VERTEX_POINT('',#11811);
#3652=VERTEX_POINT('',#11812);
#3653=VERTEX_POINT('',#11814);
#3654=VERTEX_POINT('',#11816);
#3655=VERTEX_POINT('',#11818);
#3656=VERTEX_POINT('',#11820);
#3657=VERTEX_POINT('',#11849);
#3658=VERTEX_POINT('',#11850);
#3659=VERTEX_POINT('',#11852);
#3660=VERTEX_POINT('',#11854);
#3661=VERTEX_POINT('',#11856);
#3662=VERTEX_POINT('',#11858);
#3663=VERTEX_POINT('',#11875);
#3664=VERTEX_POINT('',#11877);
#3665=VERTEX_POINT('',#11881);
#3666=VERTEX_POINT('',#11885);
#3667=VERTEX_POINT('',#11888);
#3668=VERTEX_POINT('',#11892);
#3669=VERTEX_POINT('',#11895);
#3670=VERTEX_POINT('',#11899);
#3671=EDGE_CURVE('',#3050,#3050,#2807,.T.);
#3672=EDGE_CURVE('',#3050,#3051,#1433,.T.);
#3673=EDGE_CURVE('',#3051,#3051,#2808,.T.);
#3674=EDGE_CURVE('',#3052,#3052,#2809,.T.);
#3675=EDGE_CURVE('',#3052,#3053,#1434,.T.);
#3676=EDGE_CURVE('',#3053,#3053,#2810,.T.);
#3677=EDGE_CURVE('',#3054,#3054,#2811,.T.);
#3678=EDGE_CURVE('',#3054,#3050,#1435,.T.);
#3679=EDGE_CURVE('',#3055,#3055,#2812,.T.);
#3680=EDGE_CURVE('',#3055,#3052,#1436,.T.);
#3681=EDGE_CURVE('',#3056,#3056,#2813,.T.);
#3682=EDGE_CURVE('',#3056,#3057,#1437,.T.);
#3683=EDGE_CURVE('',#3057,#3057,#2814,.T.);
#3684=EDGE_CURVE('',#3058,#3059,#2815,.T.);
#3685=EDGE_CURVE('',#3059,#3060,#1438,.T.);
#3686=EDGE_CURVE('',#3061,#3060,#2816,.T.);
#3687=EDGE_CURVE('',#3058,#3061,#1439,.T.);
#3688=EDGE_CURVE('',#3062,#3062,#2817,.T.);
#3689=EDGE_CURVE('',#3062,#3063,#1440,.T.);
#3690=EDGE_CURVE('',#3063,#3063,#2818,.T.);
#3691=EDGE_CURVE('',#3064,#3064,#2819,.T.);
#3692=EDGE_CURVE('',#3064,#3065,#1441,.T.);
#3693=EDGE_CURVE('',#3065,#3065,#2820,.T.);
#3694=EDGE_CURVE('',#3066,#3066,#2821,.T.);
#3695=EDGE_CURVE('',#3066,#3062,#1442,.T.);
#3696=EDGE_CURVE('',#3067,#3067,#2822,.T.);
#3697=EDGE_CURVE('',#3067,#3064,#1443,.T.);
#3698=EDGE_CURVE('',#3068,#3069,#1444,.T.);
#3699=EDGE_CURVE('',#3070,#3068,#1445,.T.);
#3700=EDGE_CURVE('',#3070,#3071,#1446,.T.);
#3701=EDGE_CURVE('',#3069,#3071,#1447,.T.);
#3702=EDGE_CURVE('',#3072,#3073,#1448,.T.);
#3703=EDGE_CURVE('',#3074,#3072,#1449,.T.);
#3704=EDGE_CURVE('',#3074,#3075,#1450,.T.);
#3705=EDGE_CURVE('',#3073,#3075,#1451,.T.);
#3706=EDGE_CURVE('',#3076,#3077,#1452,.T.);
#3707=EDGE_CURVE('',#3078,#3076,#1453,.T.);
#3708=EDGE_CURVE('',#3078,#3079,#1454,.T.);
#3709=EDGE_CURVE('',#3077,#3079,#1455,.T.);
#3710=EDGE_CURVE('',#3080,#3081,#1456,.T.);
#3711=EDGE_CURVE('',#3082,#3080,#1457,.T.);
#3712=EDGE_CURVE('',#3082,#3083,#1458,.T.);
#3713=EDGE_CURVE('',#3081,#3083,#1459,.T.);
#3714=EDGE_CURVE('',#3084,#3085,#1460,.T.);
#3715=EDGE_CURVE('',#3086,#3084,#1461,.T.);
#3716=EDGE_CURVE('',#3086,#3087,#1462,.T.);
#3717=EDGE_CURVE('',#3085,#3087,#1463,.T.);
#3718=EDGE_CURVE('',#3088,#3089,#1464,.T.);
#3719=EDGE_CURVE('',#3090,#3088,#1465,.T.);
#3720=EDGE_CURVE('',#3090,#3091,#1466,.T.);
#3721=EDGE_CURVE('',#3089,#3091,#1467,.T.);
#3722=EDGE_CURVE('',#3092,#3093,#1468,.T.);
#3723=EDGE_CURVE('',#3092,#3094,#1469,.T.);
#3724=EDGE_CURVE('',#3094,#3095,#1470,.T.);
#3725=EDGE_CURVE('',#3093,#3095,#1471,.T.);
#3726=EDGE_CURVE('',#3096,#3097,#1472,.T.);
#3727=EDGE_CURVE('',#3098,#3096,#1473,.T.);
#3728=EDGE_CURVE('',#3098,#3099,#1474,.T.);
#3729=EDGE_CURVE('',#3097,#3099,#1475,.T.);
#3730=EDGE_CURVE('',#3100,#3101,#1476,.T.);
#3731=EDGE_CURVE('',#3101,#3102,#2823,.T.);
#3732=EDGE_CURVE('',#3103,#3102,#1477,.T.);
#3733=EDGE_CURVE('',#3100,#3103,#2824,.T.);
#3734=EDGE_CURVE('',#3104,#3105,#1478,.T.);
#3735=EDGE_CURVE('',#3105,#3106,#1479,.T.);
#3736=EDGE_CURVE('',#3107,#3106,#1480,.T.);
#3737=EDGE_CURVE('',#3104,#3107,#1481,.T.);
#3738=EDGE_CURVE('',#3061,#3105,#1482,.T.);
#3739=EDGE_CURVE('',#3058,#3104,#1483,.T.);
#3740=EDGE_CURVE('',#3085,#3059,#1484,.T.);
#3741=EDGE_CURVE('',#3087,#3060,#1485,.T.);
#3742=EDGE_CURVE('',#3079,#3086,#1486,.T.);
#3743=EDGE_CURVE('',#3077,#3084,#1487,.T.);
#3744=EDGE_CURVE('',#3076,#3081,#1488,.T.);
#3745=EDGE_CURVE('',#3078,#3083,#1489,.T.);
#3746=EDGE_CURVE('',#3080,#3093,#1490,.T.);
#3747=EDGE_CURVE('',#3082,#3095,#1491,.T.);
#3748=EDGE_CURVE('',#3094,#3099,#1492,.T.);
#3749=EDGE_CURVE('',#3092,#3097,#1493,.T.);
#3750=EDGE_CURVE('',#3098,#3071,#1494,.T.);
#3751=EDGE_CURVE('',#3096,#3069,#1495,.T.);
#3752=EDGE_CURVE('',#3073,#3068,#1496,.T.);
#3753=EDGE_CURVE('',#3075,#3070,#1497,.T.);
#3754=EDGE_CURVE('',#3089,#3072,#1498,.T.);
#3755=EDGE_CURVE('',#3091,#3074,#1499,.T.);
#3756=EDGE_CURVE('',#3090,#3102,#1500,.T.);
#3757=EDGE_CURVE('',#3088,#3103,#1501,.T.);
#3758=EDGE_CURVE('',#3101,#3106,#1502,.T.);
#3759=EDGE_CURVE('',#3100,#3107,#1503,.T.);
#3760=EDGE_CURVE('',#3108,#3108,#2825,.T.);
#3761=EDGE_CURVE('',#3108,#3109,#1504,.T.);
#3762=EDGE_CURVE('',#3109,#3109,#2826,.T.);
#3763=EDGE_CURVE('',#3110,#3111,#2827,.T.);
#3764=EDGE_CURVE('',#3111,#3112,#1505,.T.);
#3765=EDGE_CURVE('',#3113,#3112,#2828,.T.);
#3766=EDGE_CURVE('',#3110,#3113,#1506,.T.);
#3767=EDGE_CURVE('',#3114,#3115,#2829,.T.);
#3768=EDGE_CURVE('',#3116,#3114,#1507,.T.);
#3769=EDGE_CURVE('',#3116,#3117,#2830,.T.);
#3770=EDGE_CURVE('',#3117,#3115,#1508,.T.);
#3771=EDGE_CURVE('',#3118,#3114,#1509,.T.);
#3772=EDGE_CURVE('',#3118,#3119,#1510,.T.);
#3773=EDGE_CURVE('',#3119,#3116,#1511,.T.);
#3774=EDGE_CURVE('',#3120,#3121,#1512,.T.);
#3775=EDGE_CURVE('',#3120,#3122,#1513,.T.);
#3776=EDGE_CURVE('',#3122,#3123,#1514,.T.);
#3777=EDGE_CURVE('',#3123,#3121,#1515,.T.);
#3778=EDGE_CURVE('',#3124,#3125,#1516,.T.);
#3779=EDGE_CURVE('',#3124,#3126,#1517,.T.);
#3780=EDGE_CURVE('',#3126,#3127,#1518,.T.);
#3781=EDGE_CURVE('',#3127,#3125,#1519,.T.);
#3782=EDGE_CURVE('',#3128,#3129,#1520,.T.);
#3783=EDGE_CURVE('',#3128,#3130,#1521,.T.);
#3784=EDGE_CURVE('',#3130,#3131,#1522,.T.);
#3785=EDGE_CURVE('',#3131,#3129,#1523,.T.);
#3786=EDGE_CURVE('',#3132,#3133,#1524,.T.);
#3787=EDGE_CURVE('',#3132,#3134,#1525,.T.);
#3788=EDGE_CURVE('',#3134,#3135,#1526,.T.);
#3789=EDGE_CURVE('',#3135,#3133,#1527,.T.);
#3790=EDGE_CURVE('',#3136,#3137,#1528,.T.);
#3791=EDGE_CURVE('',#3136,#3138,#1529,.T.);
#3792=EDGE_CURVE('',#3138,#3139,#1530,.T.);
#3793=EDGE_CURVE('',#3139,#3137,#1531,.T.);
#3794=EDGE_CURVE('',#3140,#3111,#1532,.T.);
#3795=EDGE_CURVE('',#3140,#3141,#1533,.T.);
#3796=EDGE_CURVE('',#3141,#3112,#1534,.T.);
#3797=EDGE_CURVE('',#3113,#3142,#1535,.T.);
#3798=EDGE_CURVE('',#3143,#3142,#1536,.T.);
#3799=EDGE_CURVE('',#3110,#3143,#1537,.T.);
#3800=EDGE_CURVE('',#3142,#3144,#1538,.T.);
#3801=EDGE_CURVE('',#3145,#3144,#1539,.T.);
#3802=EDGE_CURVE('',#3143,#3145,#1540,.T.);
#3803=EDGE_CURVE('',#3115,#3144,#1541,.T.);
#3804=EDGE_CURVE('',#3117,#3145,#1542,.T.);
#3805=EDGE_CURVE('',#3134,#3136,#1543,.T.);
#3806=EDGE_CURVE('',#3137,#3140,#1544,.T.);
#3807=EDGE_CURVE('',#3119,#3120,#1545,.T.);
#3808=EDGE_CURVE('',#3121,#3124,#1546,.T.);
#3809=EDGE_CURVE('',#3125,#3131,#1547,.T.);
#3810=EDGE_CURVE('',#3130,#3135,#1548,.T.);
#3811=EDGE_CURVE('',#3138,#3132,#1549,.T.);
#3812=EDGE_CURVE('',#3133,#3128,#1550,.T.);
#3813=EDGE_CURVE('',#3129,#3127,#1551,.T.);
#3814=EDGE_CURVE('',#3126,#3123,#1552,.T.);
#3815=EDGE_CURVE('',#3122,#3118,#1553,.T.);
#3816=EDGE_CURVE('',#3141,#3139,#1554,.T.);
#3817=EDGE_CURVE('',#3146,#3147,#2831,.T.);
#3818=EDGE_CURVE('',#3148,#3146,#2832,.T.);
#3819=EDGE_CURVE('',#3149,#3148,#2833,.T.);
#3820=EDGE_CURVE('',#3150,#3149,#2834,.T.);
#3821=EDGE_CURVE('',#3151,#3150,#2835,.T.);
#3822=EDGE_CURVE('',#3152,#3151,#2836,.T.);
#3823=EDGE_CURVE('',#3153,#3152,#2837,.T.);
#3824=EDGE_CURVE('',#3154,#3153,#2838,.T.);
#3825=EDGE_CURVE('',#3155,#3154,#2839,.T.);
#3826=EDGE_CURVE('',#3156,#3155,#2840,.T.);
#3827=EDGE_CURVE('',#3157,#3156,#2841,.T.);
#3828=EDGE_CURVE('',#3158,#3157,#2842,.T.);
#3829=EDGE_CURVE('',#3147,#3158,#2843,.T.);
#3830=EDGE_CURVE('',#3147,#3159,#2844,.T.);
#3831=EDGE_CURVE('',#3159,#3159,#2845,.T.);
#3832=EDGE_CURVE('',#3158,#3160,#1555,.T.);
#3833=EDGE_CURVE('',#3160,#3161,#1556,.T.);
#3834=EDGE_CURVE('',#3146,#3161,#1557,.T.);
#3835=EDGE_CURVE('',#3157,#3162,#1558,.T.);
#3836=EDGE_CURVE('',#3162,#3160,#1559,.T.);
#3837=EDGE_CURVE('',#3156,#3163,#1560,.T.);
#3838=EDGE_CURVE('',#3163,#3162,#1561,.T.);
#3839=EDGE_CURVE('',#3155,#3164,#1562,.T.);
#3840=EDGE_CURVE('',#3164,#3163,#1563,.T.);
#3841=EDGE_CURVE('',#3154,#3165,#1564,.T.);
#3842=EDGE_CURVE('',#3165,#3164,#1565,.T.);
#3843=EDGE_CURVE('',#3153,#3166,#1566,.T.);
#3844=EDGE_CURVE('',#3166,#3165,#1567,.T.);
#3845=EDGE_CURVE('',#3152,#3167,#1568,.T.);
#3846=EDGE_CURVE('',#3167,#3166,#1569,.T.);
#3847=EDGE_CURVE('',#3151,#3168,#1570,.T.);
#3848=EDGE_CURVE('',#3168,#3167,#1571,.T.);
#3849=EDGE_CURVE('',#3150,#3169,#1572,.T.);
#3850=EDGE_CURVE('',#3169,#3168,#1573,.T.);
#3851=EDGE_CURVE('',#3149,#3170,#1574,.T.);
#3852=EDGE_CURVE('',#3170,#3169,#1575,.T.);
#3853=EDGE_CURVE('',#3148,#3171,#1576,.T.);
#3854=EDGE_CURVE('',#3171,#3170,#1577,.T.);
#3855=EDGE_CURVE('',#3161,#3171,#1578,.T.);
#3856=EDGE_CURVE('',#3172,#3173,#2846,.T.);
#3857=EDGE_CURVE('',#3174,#3172,#2847,.T.);
#3858=EDGE_CURVE('',#3175,#3174,#2848,.T.);
#3859=EDGE_CURVE('',#3176,#3175,#2849,.T.);
#3860=EDGE_CURVE('',#3177,#3176,#2850,.T.);
#3861=EDGE_CURVE('',#3178,#3177,#2851,.T.);
#3862=EDGE_CURVE('',#3179,#3178,#2852,.T.);
#3863=EDGE_CURVE('',#3180,#3179,#2853,.T.);
#3864=EDGE_CURVE('',#3181,#3180,#2854,.T.);
#3865=EDGE_CURVE('',#3182,#3181,#2855,.T.);
#3866=EDGE_CURVE('',#3183,#3182,#2856,.T.);
#3867=EDGE_CURVE('',#3184,#3183,#2857,.T.);
#3868=EDGE_CURVE('',#3173,#3184,#2858,.T.);
#3869=EDGE_CURVE('',#3173,#3185,#2859,.T.);
#3870=EDGE_CURVE('',#3185,#3185,#2860,.T.);
#3871=EDGE_CURVE('',#3178,#3186,#1579,.T.);
#3872=EDGE_CURVE('',#3187,#3186,#1580,.T.);
#3873=EDGE_CURVE('',#3179,#3187,#1581,.T.);
#3874=EDGE_CURVE('',#3177,#3188,#1582,.T.);
#3875=EDGE_CURVE('',#3186,#3188,#1583,.T.);
#3876=EDGE_CURVE('',#3176,#3189,#1584,.T.);
#3877=EDGE_CURVE('',#3188,#3189,#1585,.T.);
#3878=EDGE_CURVE('',#3175,#3190,#1586,.T.);
#3879=EDGE_CURVE('',#3189,#3190,#1587,.T.);
#3880=EDGE_CURVE('',#3174,#3191,#1588,.T.);
#3881=EDGE_CURVE('',#3190,#3191,#1589,.T.);
#3882=EDGE_CURVE('',#3172,#3192,#1590,.T.);
#3883=EDGE_CURVE('',#3191,#3192,#1591,.T.);
#3884=EDGE_CURVE('',#3184,#3193,#1592,.T.);
#3885=EDGE_CURVE('',#3192,#3193,#1593,.T.);
#3886=EDGE_CURVE('',#3183,#3194,#1594,.T.);
#3887=EDGE_CURVE('',#3193,#3194,#1595,.T.);
#3888=EDGE_CURVE('',#3182,#3195,#1596,.T.);
#3889=EDGE_CURVE('',#3194,#3195,#1597,.T.);
#3890=EDGE_CURVE('',#3181,#3196,#1598,.T.);
#3891=EDGE_CURVE('',#3195,#3196,#1599,.T.);
#3892=EDGE_CURVE('',#3180,#3197,#1600,.T.);
#3893=EDGE_CURVE('',#3196,#3197,#1601,.T.);
#3894=EDGE_CURVE('',#3197,#3187,#1602,.T.);
#3895=EDGE_CURVE('',#3198,#3199,#2861,.T.);
#3896=EDGE_CURVE('',#3198,#3200,#1603,.T.);
#3897=EDGE_CURVE('',#3200,#3201,#2862,.T.);
#3898=EDGE_CURVE('',#3199,#3201,#1604,.T.);
#3899=EDGE_CURVE('',#3202,#3203,#2863,.T.);
#3900=EDGE_CURVE('',#3204,#3202,#1605,.T.);
#3901=EDGE_CURVE('',#3205,#3204,#2864,.T.);
#3902=EDGE_CURVE('',#3205,#3206,#1606,.T.);
#3903=EDGE_CURVE('',#3207,#3206,#2865,.T.);
#3904=EDGE_CURVE('',#3208,#3207,#1607,.T.);
#3905=EDGE_CURVE('',#3209,#3208,#2866,.T.);
#3906=EDGE_CURVE('',#3209,#3210,#1608,.T.);
#3907=EDGE_CURVE('',#3203,#3210,#2867,.T.);
#3908=EDGE_CURVE('',#3203,#3211,#1609,.T.);
#3909=EDGE_CURVE('',#3211,#3211,#2868,.T.);
#3910=EDGE_CURVE('',#3212,#3212,#2869,.T.);
#3911=EDGE_CURVE('',#3212,#3213,#1610,.T.);
#3912=EDGE_CURVE('',#3213,#3213,#2870,.T.);
#3913=EDGE_CURVE('',#3214,#3215,#2871,.T.);
#3914=EDGE_CURVE('',#3215,#3216,#1611,.T.);
#3915=EDGE_CURVE('',#3216,#3216,#2872,.T.);
#3916=EDGE_CURVE('',#3215,#3217,#2873,.T.);
#3917=EDGE_CURVE('',#3218,#3217,#1612,.T.);
#3918=EDGE_CURVE('',#3219,#3218,#2874,.T.);
#3919=EDGE_CURVE('',#3219,#3220,#1613,.T.);
#3920=EDGE_CURVE('',#3220,#3221,#2875,.T.);
#3921=EDGE_CURVE('',#3222,#3221,#1614,.T.);
#3922=EDGE_CURVE('',#3223,#3222,#2876,.T.);
#3923=EDGE_CURVE('',#3223,#3214,#1615,.T.);
#3924=EDGE_CURVE('',#3210,#3224,#1616,.T.);
#3925=EDGE_CURVE('',#3224,#3225,#1617,.T.);
#3926=EDGE_CURVE('',#3225,#3226,#1618,.T.);
#3927=EDGE_CURVE('',#3226,#3227,#1619,.T.);
#3928=EDGE_CURVE('',#3227,#3228,#1620,.T.);
#3929=EDGE_CURVE('',#3229,#3228,#1621,.T.);
#3930=EDGE_CURVE('',#3229,#3230,#1622,.T.);
#3931=EDGE_CURVE('',#3202,#3230,#1623,.T.);
#3932=EDGE_CURVE('',#3231,#3224,#1624,.T.);
#3933=EDGE_CURVE('',#3232,#3231,#1625,.T.);
#3934=EDGE_CURVE('',#3232,#3233,#1626,.T.);
#3935=EDGE_CURVE('',#3234,#3233,#1627,.T.);
#3936=EDGE_CURVE('',#3234,#3235,#1628,.T.);
#3937=EDGE_CURVE('',#3235,#3236,#1629,.T.);
#3938=EDGE_CURVE('',#3236,#3225,#1630,.T.);
#3939=EDGE_CURVE('',#3207,#3237,#1631,.T.);
#3940=EDGE_CURVE('',#3206,#3221,#1632,.T.);
#3941=EDGE_CURVE('',#3220,#3238,#1633,.T.);
#3942=EDGE_CURVE('',#3201,#3238,#1634,.T.);
#3943=EDGE_CURVE('',#3200,#3239,#1635,.T.);
#3944=EDGE_CURVE('',#3239,#3240,#1636,.T.);
#3945=EDGE_CURVE('',#3240,#3241,#1637,.T.);
#3946=EDGE_CURVE('',#3241,#3242,#1638,.T.);
#3947=EDGE_CURVE('',#3242,#3243,#1639,.T.);
#3948=EDGE_CURVE('',#3243,#3244,#2877,.T.);
#3949=EDGE_CURVE('',#3244,#3245,#1640,.T.);
#3950=EDGE_CURVE('',#3245,#3246,#1641,.T.);
#3951=EDGE_CURVE('',#3247,#3246,#1642,.T.);
#3952=EDGE_CURVE('',#3247,#3248,#2878,.T.);
#3953=EDGE_CURVE('',#3248,#3249,#1643,.T.);
#3954=EDGE_CURVE('',#3249,#3250,#1644,.T.);
#3955=EDGE_CURVE('',#3251,#3250,#1645,.T.);
#3956=EDGE_CURVE('',#3252,#3251,#2879,.T.);
#3957=EDGE_CURVE('',#3252,#3253,#1646,.T.);
#3958=EDGE_CURVE('',#3254,#3253,#1647,.T.);
#3959=EDGE_CURVE('',#3255,#3254,#1648,.T.);
#3960=EDGE_CURVE('',#3256,#3255,#2880,.T.);
#3961=EDGE_CURVE('',#3257,#3256,#1649,.T.);
#3962=EDGE_CURVE('',#3257,#3234,#1650,.T.);
#3963=EDGE_CURVE('',#3258,#3233,#1651,.T.);
#3964=EDGE_CURVE('',#3259,#3258,#1652,.T.);
#3965=EDGE_CURVE('',#3259,#3260,#2881,.T.);
#3966=EDGE_CURVE('',#3260,#3237,#1653,.T.);
#3967=EDGE_CURVE('',#3261,#3240,#1654,.T.);
#3968=EDGE_CURVE('',#3262,#3261,#1655,.T.);
#3969=EDGE_CURVE('',#3262,#3263,#1656,.T.);
#3970=EDGE_CURVE('',#3264,#3263,#1657,.T.);
#3971=EDGE_CURVE('',#3264,#3265,#1658,.T.);
#3972=EDGE_CURVE('',#3265,#3266,#1659,.T.);
#3973=EDGE_CURVE('',#3266,#3241,#1660,.T.);
#3974=EDGE_CURVE('',#3217,#3263,#1661,.T.);
#3975=EDGE_CURVE('',#3267,#3214,#1662,.T.);
#3976=EDGE_CURVE('',#3268,#3267,#1663,.T.);
#3977=EDGE_CURVE('',#3269,#3268,#1664,.T.);
#3978=EDGE_CURVE('',#3269,#3270,#1665,.T.);
#3979=EDGE_CURVE('',#3271,#3270,#1666,.T.);
#3980=EDGE_CURVE('',#3271,#3264,#1667,.T.);
#3981=EDGE_CURVE('',#3272,#3273,#1668,.T.);
#3982=EDGE_CURVE('',#3251,#3272,#1669,.T.);
#3983=EDGE_CURVE('',#3250,#3273,#1670,.T.);
#3984=EDGE_CURVE('',#3274,#3272,#2882,.T.);
#3985=EDGE_CURVE('',#3252,#3274,#1671,.T.);
#3986=EDGE_CURVE('',#3274,#3275,#1672,.T.);
#3987=EDGE_CURVE('',#3253,#3275,#1673,.T.);
#3988=EDGE_CURVE('',#3276,#3275,#1674,.T.);
#3989=EDGE_CURVE('',#3254,#3276,#1675,.T.);
#3990=EDGE_CURVE('',#3277,#3276,#1676,.T.);
#3991=EDGE_CURVE('',#3255,#3277,#1677,.T.);
#3992=EDGE_CURVE('',#3278,#3277,#2883,.T.);
#3993=EDGE_CURVE('',#3256,#3278,#1678,.T.);
#3994=EDGE_CURVE('',#3279,#3278,#1679,.T.);
#3995=EDGE_CURVE('',#3279,#3257,#1680,.T.);
#3996=EDGE_CURVE('',#3226,#3280,#1681,.T.);
#3997=EDGE_CURVE('',#3280,#3281,#1682,.T.);
#3998=EDGE_CURVE('',#3281,#3227,#1683,.T.);
#3999=EDGE_CURVE('',#3282,#3268,#1684,.T.);
#4000=EDGE_CURVE('',#3283,#3282,#1685,.T.);
#4001=EDGE_CURVE('',#3283,#3229,#1686,.T.);
#4002=EDGE_CURVE('',#3228,#3284,#1687,.T.);
#4003=EDGE_CURVE('',#3285,#3284,#1688,.T.);
#4004=EDGE_CURVE('',#3285,#3269,#1689,.T.);
#4005=EDGE_CURVE('',#3286,#3287,#1690,.T.);
#4006=EDGE_CURVE('',#3286,#3271,#1691,.T.);
#4007=EDGE_CURVE('',#3270,#3287,#1692,.T.);
#4008=EDGE_CURVE('',#3242,#3288,#1693,.T.);
#4009=EDGE_CURVE('',#3288,#3289,#1694,.T.);
#4010=EDGE_CURVE('',#3243,#3289,#1695,.T.);
#4011=EDGE_CURVE('',#3289,#3290,#2884,.T.);
#4012=EDGE_CURVE('',#3244,#3290,#1696,.T.);
#4013=EDGE_CURVE('',#3290,#3291,#1697,.T.);
#4014=EDGE_CURVE('',#3245,#3291,#1698,.T.);
#4015=EDGE_CURVE('',#3291,#3292,#1699,.T.);
#4016=EDGE_CURVE('',#3246,#3292,#1700,.T.);
#4017=EDGE_CURVE('',#3293,#3292,#1701,.T.);
#4018=EDGE_CURVE('',#3247,#3293,#1702,.T.);
#4019=EDGE_CURVE('',#3293,#3294,#2885,.T.);
#4020=EDGE_CURVE('',#3248,#3294,#1703,.T.);
#4021=EDGE_CURVE('',#3294,#3295,#1704,.T.);
#4022=EDGE_CURVE('',#3249,#3295,#1705,.T.);
#4023=EDGE_CURVE('',#3295,#3273,#1706,.T.);
#4024=EDGE_CURVE('',#3235,#3279,#1707,.T.);
#4025=EDGE_CURVE('',#3288,#3266,#1708,.T.);
#4026=EDGE_CURVE('',#3265,#3286,#1709,.T.);
#4027=EDGE_CURVE('',#3287,#3285,#1710,.T.);
#4028=EDGE_CURVE('',#3284,#3281,#1711,.T.);
#4029=EDGE_CURVE('',#3280,#3236,#1712,.T.);
#4030=EDGE_CURVE('',#3296,#3267,#1713,.T.);
#4031=EDGE_CURVE('',#3282,#3296,#1714,.T.);
#4032=EDGE_CURVE('',#3283,#3297,#1715,.T.);
#4033=EDGE_CURVE('',#3297,#3230,#1716,.T.);
#4034=EDGE_CURVE('',#3204,#3297,#1717,.T.);
#4035=EDGE_CURVE('',#3205,#3222,#1718,.T.);
#4036=EDGE_CURVE('',#3296,#3223,#1719,.T.);
#4037=EDGE_CURVE('',#3198,#3298,#1720,.T.);
#4038=EDGE_CURVE('',#3298,#3239,#1721,.T.);
#4039=EDGE_CURVE('',#3298,#3261,#1722,.T.);
#4040=EDGE_CURVE('',#3218,#3262,#1723,.T.);
#4041=EDGE_CURVE('',#3219,#3299,#1724,.T.);
#4042=EDGE_CURVE('',#3299,#3238,#1725,.T.);
#4043=EDGE_CURVE('',#3199,#3299,#1726,.T.);
#4044=EDGE_CURVE('',#3300,#3259,#1727,.T.);
#4045=EDGE_CURVE('',#3300,#3301,#2886,.T.);
#4046=EDGE_CURVE('',#3301,#3260,#1728,.T.);
#4047=EDGE_CURVE('',#3301,#3302,#1729,.T.);
#4048=EDGE_CURVE('',#3302,#3237,#1730,.T.);
#4049=EDGE_CURVE('',#3208,#3302,#1731,.T.);
#4050=EDGE_CURVE('',#3209,#3231,#1732,.T.);
#4051=EDGE_CURVE('',#3303,#3232,#1733,.T.);
#4052=EDGE_CURVE('',#3303,#3258,#1734,.T.);
#4053=EDGE_CURVE('',#3300,#3303,#1735,.T.);
#4054=EDGE_CURVE('',#3304,#3304,#2887,.T.);
#4055=EDGE_CURVE('',#3304,#3305,#1736,.T.);
#4056=EDGE_CURVE('',#3305,#3305,#2888,.T.);
#4057=EDGE_CURVE('',#3306,#3307,#2889,.T.);
#4058=EDGE_CURVE('',#3306,#3308,#1737,.T.);
#4059=EDGE_CURVE('',#3308,#3309,#2890,.T.);
#4060=EDGE_CURVE('',#3307,#3309,#1738,.T.);
#4061=EDGE_CURVE('',#3310,#3311,#2891,.T.);
#4062=EDGE_CURVE('',#3312,#3311,#1739,.T.);
#4063=EDGE_CURVE('',#3313,#3312,#2892,.T.);
#4064=EDGE_CURVE('',#3313,#3310,#1740,.T.);
#4065=EDGE_CURVE('',#3314,#3310,#1741,.T.);
#4066=EDGE_CURVE('',#3315,#3313,#1742,.T.);
#4067=EDGE_CURVE('',#3314,#3315,#1743,.T.);
#4068=EDGE_CURVE('',#3316,#3317,#1744,.T.);
#4069=EDGE_CURVE('',#3318,#3317,#1745,.T.);
#4070=EDGE_CURVE('',#3319,#3318,#1746,.T.);
#4071=EDGE_CURVE('',#3316,#3319,#1747,.T.);
#4072=EDGE_CURVE('',#3320,#3321,#1748,.T.);
#4073=EDGE_CURVE('',#3322,#3321,#1749,.T.);
#4074=EDGE_CURVE('',#3323,#3322,#1750,.T.);
#4075=EDGE_CURVE('',#3320,#3323,#1751,.T.);
#4076=EDGE_CURVE('',#3324,#3325,#1752,.T.);
#4077=EDGE_CURVE('',#3326,#3325,#1753,.T.);
#4078=EDGE_CURVE('',#3327,#3326,#1754,.T.);
#4079=EDGE_CURVE('',#3324,#3327,#1755,.T.);
#4080=EDGE_CURVE('',#3328,#3329,#1756,.T.);
#4081=EDGE_CURVE('',#3330,#3329,#1757,.T.);
#4082=EDGE_CURVE('',#3331,#3330,#1758,.T.);
#4083=EDGE_CURVE('',#3328,#3331,#1759,.T.);
#4084=EDGE_CURVE('',#3332,#3333,#1760,.T.);
#4085=EDGE_CURVE('',#3334,#3333,#1761,.T.);
#4086=EDGE_CURVE('',#3335,#3334,#1762,.T.);
#4087=EDGE_CURVE('',#3332,#3335,#1763,.T.);
#4088=EDGE_CURVE('',#3336,#3307,#1764,.T.);
#4089=EDGE_CURVE('',#3337,#3309,#1765,.T.);
#4090=EDGE_CURVE('',#3336,#3337,#1766,.T.);
#4091=EDGE_CURVE('',#3308,#3338,#1767,.T.);
#4092=EDGE_CURVE('',#3306,#3339,#1768,.T.);
#4093=EDGE_CURVE('',#3339,#3338,#1769,.T.);
#4094=EDGE_CURVE('',#3338,#3340,#1770,.T.);
#4095=EDGE_CURVE('',#3339,#3341,#1771,.T.);
#4096=EDGE_CURVE('',#3341,#3340,#1772,.T.);
#4097=EDGE_CURVE('',#3311,#3340,#1773,.T.);
#4098=EDGE_CURVE('',#3312,#3341,#1774,.T.);
#4099=EDGE_CURVE('',#3327,#3330,#1775,.T.);
#4100=EDGE_CURVE('',#3321,#3326,#1776,.T.);
#4101=EDGE_CURVE('',#3317,#3320,#1777,.T.);
#4102=EDGE_CURVE('',#3315,#3316,#1778,.T.);
#4103=EDGE_CURVE('',#3333,#3336,#1779,.T.);
#4104=EDGE_CURVE('',#3331,#3332,#1780,.T.);
#4105=EDGE_CURVE('',#3337,#3334,#1781,.T.);
#4106=EDGE_CURVE('',#3319,#3314,#1782,.T.);
#4107=EDGE_CURVE('',#3323,#3318,#1783,.T.);
#4108=EDGE_CURVE('',#3325,#3322,#1784,.T.);
#4109=EDGE_CURVE('',#3329,#3324,#1785,.T.);
#4110=EDGE_CURVE('',#3335,#3328,#1786,.T.);
#4111=EDGE_CURVE('',#3342,#3343,#2893,.T.);
#4112=EDGE_CURVE('',#3343,#3344,#1787,.T.);
#4113=EDGE_CURVE('',#3345,#3344,#2894,.T.);
#4114=EDGE_CURVE('',#3342,#3345,#1788,.T.);
#4115=EDGE_CURVE('',#3346,#3347,#2895,.T.);
#4116=EDGE_CURVE('',#3347,#3348,#1789,.T.);
#4117=EDGE_CURVE('',#3348,#3348,#2896,.T.);
#4118=EDGE_CURVE('',#3347,#3349,#2897,.T.);
#4119=EDGE_CURVE('',#3350,#3349,#1790,.T.);
#4120=EDGE_CURVE('',#3350,#3351,#2898,.T.);
#4121=EDGE_CURVE('',#3351,#3352,#1791,.T.);
#4122=EDGE_CURVE('',#3352,#3353,#2899,.T.);
#4123=EDGE_CURVE('',#3354,#3353,#1792,.T.);
#4124=EDGE_CURVE('',#3354,#3355,#2900,.T.);
#4125=EDGE_CURVE('',#3355,#3346,#1793,.T.);
#4126=EDGE_CURVE('',#3356,#3356,#2901,.T.);
#4127=EDGE_CURVE('',#3356,#3357,#1794,.T.);
#4128=EDGE_CURVE('',#3357,#3357,#2902,.T.);
#4129=EDGE_CURVE('',#3358,#3359,#2903,.T.);
#4130=EDGE_CURVE('',#3360,#3358,#1795,.T.);
#4131=EDGE_CURVE('',#3360,#3361,#2904,.T.);
#4132=EDGE_CURVE('',#3361,#3362,#1796,.T.);
#4133=EDGE_CURVE('',#3363,#3362,#2905,.T.);
#4134=EDGE_CURVE('',#3364,#3363,#1797,.T.);
#4135=EDGE_CURVE('',#3364,#3365,#2906,.T.);
#4136=EDGE_CURVE('',#3365,#3366,#1798,.T.);
#4137=EDGE_CURVE('',#3359,#3366,#2907,.T.);
#4138=EDGE_CURVE('',#3359,#3367,#1799,.T.);
#4139=EDGE_CURVE('',#3367,#3367,#2908,.T.);
#4140=EDGE_CURVE('',#3346,#3368,#1800,.T.);
#4141=EDGE_CURVE('',#3369,#3368,#1801,.T.);
#4142=EDGE_CURVE('',#3369,#3370,#1802,.T.);
#4143=EDGE_CURVE('',#3371,#3370,#1803,.T.);
#4144=EDGE_CURVE('',#3372,#3371,#1804,.T.);
#4145=EDGE_CURVE('',#3373,#3372,#1805,.T.);
#4146=EDGE_CURVE('',#3374,#3373,#1806,.T.);
#4147=EDGE_CURVE('',#3349,#3374,#1807,.T.);
#4148=EDGE_CURVE('',#3375,#3374,#1808,.T.);
#4149=EDGE_CURVE('',#3376,#3373,#1809,.T.);
#4150=EDGE_CURVE('',#3377,#3376,#1810,.T.);
#4151=EDGE_CURVE('',#3378,#3377,#1811,.T.);
#4152=EDGE_CURVE('',#3378,#3379,#1812,.T.);
#4153=EDGE_CURVE('',#3380,#3379,#1813,.T.);
#4154=EDGE_CURVE('',#3380,#3375,#1814,.T.);
#4155=EDGE_CURVE('',#3352,#3381,#1815,.T.);
#4156=EDGE_CURVE('',#3382,#3381,#1816,.T.);
#4157=EDGE_CURVE('',#3383,#3382,#2909,.T.);
#4158=EDGE_CURVE('',#3383,#3384,#1817,.T.);
#4159=EDGE_CURVE('',#3384,#3379,#1818,.T.);
#4160=EDGE_CURVE('',#3385,#3378,#1819,.T.);
#4161=EDGE_CURVE('',#3385,#3386,#1820,.T.);
#4162=EDGE_CURVE('',#3386,#3387,#2910,.T.);
#4163=EDGE_CURVE('',#3387,#3388,#1821,.T.);
#4164=EDGE_CURVE('',#3388,#3389,#1822,.T.);
#4165=EDGE_CURVE('',#3390,#3389,#1823,.T.);
#4166=EDGE_CURVE('',#3390,#3391,#2911,.T.);
#4167=EDGE_CURVE('',#3391,#3392,#1824,.T.);
#4168=EDGE_CURVE('',#3393,#3392,#1825,.T.);
#4169=EDGE_CURVE('',#3394,#3393,#1826,.T.);
#4170=EDGE_CURVE('',#3395,#3394,#2912,.T.);
#4171=EDGE_CURVE('',#3395,#3396,#1827,.T.);
#4172=EDGE_CURVE('',#3397,#3396,#1828,.T.);
#4173=EDGE_CURVE('',#3398,#3397,#1829,.T.);
#4174=EDGE_CURVE('',#3399,#3398,#2913,.T.);
#4175=EDGE_CURVE('',#3400,#3399,#1830,.T.);
#4176=EDGE_CURVE('',#3401,#3400,#1831,.T.);
#4177=EDGE_CURVE('',#3402,#3401,#1832,.T.);
#4178=EDGE_CURVE('',#3403,#3402,#1833,.T.);
#4179=EDGE_CURVE('',#3345,#3403,#1834,.T.);
#4180=EDGE_CURVE('',#3344,#3404,#1835,.T.);
#4181=EDGE_CURVE('',#3363,#3404,#1836,.T.);
#4182=EDGE_CURVE('',#3353,#3362,#1837,.T.);
#4183=EDGE_CURVE('',#3405,#3402,#1838,.T.);
#4184=EDGE_CURVE('',#3406,#3401,#1839,.T.);
#4185=EDGE_CURVE('',#3407,#3406,#1840,.T.);
#4186=EDGE_CURVE('',#3408,#3407,#1841,.T.);
#4187=EDGE_CURVE('',#3408,#3409,#1842,.T.);
#4188=EDGE_CURVE('',#3410,#3409,#1843,.T.);
#4189=EDGE_CURVE('',#3410,#3405,#1844,.T.);
#4190=EDGE_CURVE('',#3366,#3409,#1845,.T.);
#4191=EDGE_CURVE('',#3411,#3408,#1846,.T.);
#4192=EDGE_CURVE('',#3411,#3412,#1847,.T.);
#4193=EDGE_CURVE('',#3413,#3412,#1848,.T.);
#4194=EDGE_CURVE('',#3413,#3414,#1849,.T.);
#4195=EDGE_CURVE('',#3414,#3415,#1850,.T.);
#4196=EDGE_CURVE('',#3415,#3358,#1851,.T.);
#4197=EDGE_CURVE('',#3416,#3417,#1852,.T.);
#4198=EDGE_CURVE('',#3392,#3417,#1853,.T.);
#4199=EDGE_CURVE('',#3391,#3416,#1854,.T.);
#4200=EDGE_CURVE('',#3418,#3416,#2914,.T.);
#4201=EDGE_CURVE('',#3390,#3418,#1855,.T.);
#4202=EDGE_CURVE('',#3418,#3419,#1856,.T.);
#4203=EDGE_CURVE('',#3389,#3419,#1857,.T.);
#4204=EDGE_CURVE('',#3420,#3419,#1858,.T.);
#4205=EDGE_CURVE('',#3388,#3420,#1859,.T.);
#4206=EDGE_CURVE('',#3421,#3420,#1860,.T.);
#4207=EDGE_CURVE('',#3387,#3421,#1861,.T.);
#4208=EDGE_CURVE('',#3422,#3421,#2915,.T.);
#4209=EDGE_CURVE('',#3386,#3422,#1862,.T.);
#4210=EDGE_CURVE('',#3423,#3422,#1863,.T.);
#4211=EDGE_CURVE('',#3423,#3385,#1864,.T.);
#4212=EDGE_CURVE('',#3424,#3371,#1865,.T.);
#4213=EDGE_CURVE('',#3425,#3424,#1866,.T.);
#4214=EDGE_CURVE('',#3372,#3425,#1867,.T.);
#4215=EDGE_CURVE('',#3426,#3414,#1868,.T.);
#4216=EDGE_CURVE('',#3427,#3413,#1869,.T.);
#4217=EDGE_CURVE('',#3427,#3428,#1870,.T.);
#4218=EDGE_CURVE('',#3370,#3428,#1871,.T.);
#4219=EDGE_CURVE('',#3429,#3369,#1872,.T.);
#4220=EDGE_CURVE('',#3429,#3426,#1873,.T.);
#4221=EDGE_CURVE('',#3430,#3431,#1874,.T.);
#4222=EDGE_CURVE('',#3412,#3431,#1875,.T.);
#4223=EDGE_CURVE('',#3430,#3411,#1876,.T.);
#4224=EDGE_CURVE('',#3399,#3432,#1877,.T.);
#4225=EDGE_CURVE('',#3433,#3432,#1878,.T.);
#4226=EDGE_CURVE('',#3400,#3433,#1879,.T.);
#4227=EDGE_CURVE('',#3432,#3434,#2916,.T.);
#4228=EDGE_CURVE('',#3398,#3434,#1880,.T.);
#4229=EDGE_CURVE('',#3434,#3435,#1881,.T.);
#4230=EDGE_CURVE('',#3397,#3435,#1882,.T.);
#4231=EDGE_CURVE('',#3435,#3436,#1883,.T.);
#4232=EDGE_CURVE('',#3396,#3436,#1884,.T.);
#4233=EDGE_CURVE('',#3437,#3436,#1885,.T.);
#4234=EDGE_CURVE('',#3395,#3437,#1886,.T.);
#4235=EDGE_CURVE('',#3437,#3438,#2917,.T.);
#4236=EDGE_CURVE('',#3394,#3438,#1887,.T.);
#4237=EDGE_CURVE('',#3438,#3439,#1888,.T.);
#4238=EDGE_CURVE('',#3393,#3439,#1889,.T.);
#4239=EDGE_CURVE('',#3439,#3417,#1890,.T.);
#4240=EDGE_CURVE('',#3425,#3376,#1891,.T.);
#4241=EDGE_CURVE('',#3428,#3424,#1892,.T.);
#4242=EDGE_CURVE('',#3431,#3427,#1893,.T.);
#4243=EDGE_CURVE('',#3407,#3430,#1894,.T.);
#4244=EDGE_CURVE('',#3433,#3406,#1895,.T.);
#4245=EDGE_CURVE('',#3377,#3423,#1896,.T.);
#4246=EDGE_CURVE('',#3426,#3440,#1897,.T.);
#4247=EDGE_CURVE('',#3440,#3415,#1898,.T.);
#4248=EDGE_CURVE('',#3441,#3368,#1899,.T.);
#4249=EDGE_CURVE('',#3429,#3441,#1900,.T.);
#4250=EDGE_CURVE('',#3355,#3441,#1901,.T.);
#4251=EDGE_CURVE('',#3354,#3361,#1902,.T.);
#4252=EDGE_CURVE('',#3440,#3360,#1903,.T.);
#4253=EDGE_CURVE('',#3442,#3403,#1904,.T.);
#4254=EDGE_CURVE('',#3342,#3442,#1905,.T.);
#4255=EDGE_CURVE('',#3442,#3405,#1906,.T.);
#4256=EDGE_CURVE('',#3365,#3410,#1907,.T.);
#4257=EDGE_CURVE('',#3443,#3404,#1908,.T.);
#4258=EDGE_CURVE('',#3364,#3443,#1909,.T.);
#4259=EDGE_CURVE('',#3343,#3443,#1910,.T.);
#4260=EDGE_CURVE('',#3444,#3382,#1911,.T.);
#4261=EDGE_CURVE('',#3445,#3444,#2918,.T.);
#4262=EDGE_CURVE('',#3445,#3383,#1912,.T.);
#4263=EDGE_CURVE('',#3446,#3381,#1913,.T.);
#4264=EDGE_CURVE('',#3444,#3446,#1914,.T.);
#4265=EDGE_CURVE('',#3351,#3446,#1915,.T.);
#4266=EDGE_CURVE('',#3350,#3375,#1916,.T.);
#4267=EDGE_CURVE('',#3447,#3384,#1917,.T.);
#4268=EDGE_CURVE('',#3447,#3380,#1918,.T.);
#4269=EDGE_CURVE('',#3445,#3447,#1919,.T.);
#4270=EDGE_CURVE('',#3448,#3448,#2919,.T.);
#4271=EDGE_CURVE('',#3448,#3449,#2920,.T.);
#4272=EDGE_CURVE('',#3449,#3450,#2921,.T.);
#4273=EDGE_CURVE('',#3450,#3451,#2922,.T.);
#4274=EDGE_CURVE('',#3451,#3452,#2923,.T.);
#4275=EDGE_CURVE('',#3452,#3453,#2924,.T.);
#4276=EDGE_CURVE('',#3453,#3454,#2925,.T.);
#4277=EDGE_CURVE('',#3454,#3455,#2926,.T.);
#4278=EDGE_CURVE('',#3455,#3456,#2927,.T.);
#4279=EDGE_CURVE('',#3456,#3457,#2928,.T.);
#4280=EDGE_CURVE('',#3457,#3458,#2929,.T.);
#4281=EDGE_CURVE('',#3458,#3459,#2930,.T.);
#4282=EDGE_CURVE('',#3459,#3460,#2931,.T.);
#4283=EDGE_CURVE('',#3460,#3461,#2932,.T.);
#4284=EDGE_CURVE('',#3461,#3449,#2933,.T.);
#4285=EDGE_CURVE('',#3461,#3462,#1920,.T.);
#4286=EDGE_CURVE('',#3463,#3462,#1921,.T.);
#4287=EDGE_CURVE('',#3450,#3463,#1922,.T.);
#4288=EDGE_CURVE('',#3464,#3463,#1923,.T.);
#4289=EDGE_CURVE('',#3451,#3464,#1924,.T.);
#4290=EDGE_CURVE('',#3465,#3464,#1925,.T.);
#4291=EDGE_CURVE('',#3452,#3465,#1926,.T.);
#4292=EDGE_CURVE('',#3466,#3465,#1927,.T.);
#4293=EDGE_CURVE('',#3453,#3466,#1928,.T.);
#4294=EDGE_CURVE('',#3467,#3466,#1929,.T.);
#4295=EDGE_CURVE('',#3454,#3467,#1930,.T.);
#4296=EDGE_CURVE('',#3468,#3467,#1931,.T.);
#4297=EDGE_CURVE('',#3455,#3468,#1932,.T.);
#4298=EDGE_CURVE('',#3469,#3468,#1933,.T.);
#4299=EDGE_CURVE('',#3456,#3469,#1934,.T.);
#4300=EDGE_CURVE('',#3470,#3469,#1935,.T.);
#4301=EDGE_CURVE('',#3457,#3470,#1936,.T.);
#4302=EDGE_CURVE('',#3471,#3470,#1937,.T.);
#4303=EDGE_CURVE('',#3458,#3471,#1938,.T.);
#4304=EDGE_CURVE('',#3472,#3471,#1939,.T.);
#4305=EDGE_CURVE('',#3459,#3472,#1940,.T.);
#4306=EDGE_CURVE('',#3473,#3472,#1941,.T.);
#4307=EDGE_CURVE('',#3460,#3473,#1942,.T.);
#4308=EDGE_CURVE('',#3462,#3473,#1943,.T.);
#4309=EDGE_CURVE('',#3474,#3474,#2934,.T.);
#4310=EDGE_CURVE('',#3474,#3475,#2935,.T.);
#4311=EDGE_CURVE('',#3475,#3476,#2936,.T.);
#4312=EDGE_CURVE('',#3476,#3477,#2937,.T.);
#4313=EDGE_CURVE('',#3477,#3478,#2938,.T.);
#4314=EDGE_CURVE('',#3478,#3479,#2939,.T.);
#4315=EDGE_CURVE('',#3479,#3480,#2940,.T.);
#4316=EDGE_CURVE('',#3480,#3481,#2941,.T.);
#4317=EDGE_CURVE('',#3481,#3482,#2942,.T.);
#4318=EDGE_CURVE('',#3482,#3483,#2943,.T.);
#4319=EDGE_CURVE('',#3483,#3484,#2944,.T.);
#4320=EDGE_CURVE('',#3484,#3485,#2945,.T.);
#4321=EDGE_CURVE('',#3485,#3486,#2946,.T.);
#4322=EDGE_CURVE('',#3486,#3487,#2947,.T.);
#4323=EDGE_CURVE('',#3487,#3475,#2948,.T.);
#4324=EDGE_CURVE('',#3481,#3488,#1944,.T.);
#4325=EDGE_CURVE('',#3488,#3489,#1945,.T.);
#4326=EDGE_CURVE('',#3482,#3489,#1946,.T.);
#4327=EDGE_CURVE('',#3489,#3490,#1947,.T.);
#4328=EDGE_CURVE('',#3483,#3490,#1948,.T.);
#4329=EDGE_CURVE('',#3490,#3491,#1949,.T.);
#4330=EDGE_CURVE('',#3484,#3491,#1950,.T.);
#4331=EDGE_CURVE('',#3491,#3492,#1951,.T.);
#4332=EDGE_CURVE('',#3485,#3492,#1952,.T.);
#4333=EDGE_CURVE('',#3492,#3493,#1953,.T.);
#4334=EDGE_CURVE('',#3486,#3493,#1954,.T.);
#4335=EDGE_CURVE('',#3493,#3494,#1955,.T.);
#4336=EDGE_CURVE('',#3487,#3494,#1956,.T.);
#4337=EDGE_CURVE('',#3494,#3495,#1957,.T.);
#4338=EDGE_CURVE('',#3476,#3495,#1958,.T.);
#4339=EDGE_CURVE('',#3495,#3496,#1959,.T.);
#4340=EDGE_CURVE('',#3477,#3496,#1960,.T.);
#4341=EDGE_CURVE('',#3496,#3497,#1961,.T.);
#4342=EDGE_CURVE('',#3478,#3497,#1962,.T.);
#4343=EDGE_CURVE('',#3497,#3498,#1963,.T.);
#4344=EDGE_CURVE('',#3479,#3498,#1964,.T.);
#4345=EDGE_CURVE('',#3498,#3499,#1965,.T.);
#4346=EDGE_CURVE('',#3480,#3499,#1966,.T.);
#4347=EDGE_CURVE('',#3499,#3488,#1967,.T.);
#4348=EDGE_CURVE('',#3500,#3501,#2949,.T.);
#4349=EDGE_CURVE('',#3501,#3502,#1968,.T.);
#4350=EDGE_CURVE('',#3502,#3502,#2950,.T.);
#4351=EDGE_CURVE('',#3501,#3500,#2951,.T.);
#4352=EDGE_CURVE('',#3503,#3503,#2952,.T.);
#4353=EDGE_CURVE('',#3504,#3504,#2953,.T.);
#4354=EDGE_CURVE('',#3504,#3505,#1969,.T.);
#4355=EDGE_CURVE('',#3505,#3505,#2954,.T.);
#4356=EDGE_CURVE('',#3503,#3504,#1970,.T.);
#4357=EDGE_CURVE('',#3500,#3506,#1971,.T.);
#4358=EDGE_CURVE('',#3506,#3506,#2955,.T.);
#4359=EDGE_CURVE('',#3507,#3508,#2956,.T.);
#4360=EDGE_CURVE('',#3509,#3507,#2957,.T.);
#4361=EDGE_CURVE('',#3510,#3509,#2958,.T.);
#4362=EDGE_CURVE('',#3511,#3510,#2959,.T.);
#4363=EDGE_CURVE('',#3512,#3511,#2960,.T.);
#4364=EDGE_CURVE('',#3508,#3512,#2961,.T.);
#4365=EDGE_CURVE('',#3509,#3510,#97,.T.);
#4366=EDGE_CURVE('',#3507,#3509,#98,.T.);
#4367=EDGE_CURVE('',#3508,#3507,#99,.T.);
#4368=EDGE_CURVE('',#3512,#3508,#100,.T.);
#4369=EDGE_CURVE('',#3511,#3512,#101,.T.);
#4370=EDGE_CURVE('',#3510,#3511,#102,.T.);
#4371=EDGE_CURVE('',#3513,#3514,#1972,.T.);
#4372=EDGE_CURVE('',#3515,#3513,#1973,.T.);
#4373=EDGE_CURVE('',#3516,#3515,#1974,.T.);
#4374=EDGE_CURVE('',#3517,#3516,#1975,.T.);
#4375=EDGE_CURVE('',#3518,#3517,#1976,.T.);
#4376=EDGE_CURVE('',#3514,#3518,#1977,.T.);
#4377=EDGE_CURVE('',#3515,#3509,#1978,.T.);
#4378=EDGE_CURVE('',#3513,#3510,#1979,.T.);
#4379=EDGE_CURVE('',#3516,#3507,#1980,.T.);
#4380=EDGE_CURVE('',#3517,#3508,#1981,.T.);
#4381=EDGE_CURVE('',#3518,#3512,#1982,.T.);
#4382=EDGE_CURVE('',#3514,#3511,#1983,.T.);
#4383=EDGE_CURVE('',#3519,#3520,#2962,.T.);
#4384=EDGE_CURVE('',#3520,#3521,#1984,.T.);
#4385=EDGE_CURVE('',#3521,#3521,#2963,.T.);
#4386=EDGE_CURVE('',#3520,#3519,#2964,.T.);
#4387=EDGE_CURVE('',#3522,#3522,#2965,.T.);
#4388=EDGE_CURVE('',#3523,#3523,#2966,.T.);
#4389=EDGE_CURVE('',#3523,#3524,#1985,.T.);
#4390=EDGE_CURVE('',#3524,#3524,#2967,.T.);
#4391=EDGE_CURVE('',#3522,#3523,#1986,.T.);
#4392=EDGE_CURVE('',#3519,#3525,#1987,.T.);
#4393=EDGE_CURVE('',#3525,#3525,#2968,.T.);
#4394=EDGE_CURVE('',#3526,#3527,#2969,.T.);
#4395=EDGE_CURVE('',#3528,#3526,#2970,.T.);
#4396=EDGE_CURVE('',#3529,#3528,#2971,.T.);
#4397=EDGE_CURVE('',#3530,#3529,#2972,.T.);
#4398=EDGE_CURVE('',#3531,#3530,#2973,.T.);
#4399=EDGE_CURVE('',#3527,#3531,#2974,.T.);
#4400=EDGE_CURVE('',#3528,#3529,#103,.T.);
#4401=EDGE_CURVE('',#3526,#3528,#104,.T.);
#4402=EDGE_CURVE('',#3527,#3526,#105,.T.);
#4403=EDGE_CURVE('',#3531,#3527,#106,.T.);
#4404=EDGE_CURVE('',#3530,#3531,#107,.T.);
#4405=EDGE_CURVE('',#3529,#3530,#108,.T.);
#4406=EDGE_CURVE('',#3532,#3533,#1988,.T.);
#4407=EDGE_CURVE('',#3534,#3532,#1989,.T.);
#4408=EDGE_CURVE('',#3535,#3534,#1990,.T.);
#4409=EDGE_CURVE('',#3536,#3535,#1991,.T.);
#4410=EDGE_CURVE('',#3537,#3536,#1992,.T.);
#4411=EDGE_CURVE('',#3533,#3537,#1993,.T.);
#4412=EDGE_CURVE('',#3534,#3528,#1994,.T.);
#4413=EDGE_CURVE('',#3532,#3529,#1995,.T.);
#4414=EDGE_CURVE('',#3535,#3526,#1996,.T.);
#4415=EDGE_CURVE('',#3536,#3527,#1997,.T.);
#4416=EDGE_CURVE('',#3537,#3531,#1998,.T.);
#4417=EDGE_CURVE('',#3533,#3530,#1999,.T.);
#4418=EDGE_CURVE('',#3538,#3539,#2000,.T.);
#4419=EDGE_CURVE('',#3540,#3538,#2001,.T.);
#4420=EDGE_CURVE('',#3540,#3541,#2002,.T.);
#4421=EDGE_CURVE('',#3539,#3541,#2003,.T.);
#4422=EDGE_CURVE('',#3542,#3543,#2004,.T.);
#4423=EDGE_CURVE('',#3544,#3543,#2975,.T.);
#4424=EDGE_CURVE('',#3545,#3544,#2005,.T.);
#4425=EDGE_CURVE('',#3542,#3545,#2976,.T.);
#4426=EDGE_CURVE('',#3546,#3547,#2006,.T.);
#4427=EDGE_CURVE('',#3545,#3546,#2007,.T.);
#4428=EDGE_CURVE('',#3547,#3544,#2008,.T.);
#4429=EDGE_CURVE('',#3548,#3547,#2977,.T.);
#4430=EDGE_CURVE('',#3549,#3548,#2009,.T.);
#4431=EDGE_CURVE('',#3546,#3549,#2978,.T.);
#4432=EDGE_CURVE('',#3550,#3548,#2010,.T.);
#4433=EDGE_CURVE('',#3551,#3550,#2011,.T.);
#4434=EDGE_CURVE('',#3549,#3551,#2012,.T.);
#4435=EDGE_CURVE('',#3552,#3550,#2979,.T.);
#4436=EDGE_CURVE('',#3553,#3552,#2013,.T.);
#4437=EDGE_CURVE('',#3551,#3553,#2980,.T.);
#4438=EDGE_CURVE('',#3554,#3553,#2014,.T.);
#4439=EDGE_CURVE('',#3554,#3555,#91,.T.);
#4440=EDGE_CURVE('',#3556,#3555,#83,.T.);
#4441=EDGE_CURVE('',#3551,#3556,#2015,.T.);
#4442=EDGE_CURVE('',#3556,#3557,#109,.T.);
#4443=EDGE_CURVE('',#3557,#3549,#2016,.T.);
#4444=EDGE_CURVE('',#3558,#3557,#84,.T.);
#4445=EDGE_CURVE('',#3546,#3558,#2017,.T.);
#4446=EDGE_CURVE('',#3558,#3559,#2018,.T.);
#4447=EDGE_CURVE('',#3559,#3560,#110,.T.);
#4448=EDGE_CURVE('',#3560,#3545,#2019,.T.);
#4449=EDGE_CURVE('',#3561,#3560,#85,.T.);
#4450=EDGE_CURVE('',#3542,#3561,#2020,.T.);
#4451=EDGE_CURVE('',#3562,#3562,#2981,.T.);
#4452=EDGE_CURVE('',#3562,#3563,#2021,.T.);
#4453=EDGE_CURVE('',#3563,#3563,#2982,.T.);
#4454=EDGE_CURVE('',#3564,#3564,#2983,.T.);
#4455=EDGE_CURVE('',#3564,#3563,#2022,.T.);
#4456=EDGE_CURVE('',#3565,#3565,#2984,.T.);
#4457=EDGE_CURVE('',#3565,#3566,#2023,.T.);
#4458=EDGE_CURVE('',#3566,#3566,#2985,.T.);
#4459=EDGE_CURVE('',#3567,#3567,#2986,.T.);
#4460=EDGE_CURVE('',#3567,#3566,#2024,.T.);
#4461=EDGE_CURVE('',#3568,#3568,#2987,.T.);
#4462=EDGE_CURVE('',#3568,#3564,#2025,.T.);
#4463=EDGE_CURVE('',#3569,#3570,#2026,.T.);
#4464=EDGE_CURVE('',#3570,#3569,#2988,.T.);
#4465=EDGE_CURVE('',#3571,#3571,#2989,.T.);
#4466=EDGE_CURVE('',#3571,#3567,#2027,.T.);
#4467=EDGE_CURVE('',#3572,#3573,#2028,.T.);
#4468=EDGE_CURVE('',#3573,#3572,#2990,.T.);
#4469=EDGE_CURVE('',#3555,#3574,#2029,.T.);
#4470=EDGE_CURVE('',#3575,#3574,#2991,.T.);
#4471=EDGE_CURVE('',#3558,#3575,#2030,.T.);
#4472=EDGE_CURVE('',#3573,#3572,#92,.T.);
#4473=EDGE_CURVE('',#3570,#3569,#93,.T.);
#4474=EDGE_CURVE('',#3576,#3577,#111,.T.);
#4475=EDGE_CURVE('',#3576,#3578,#2031,.T.);
#4476=EDGE_CURVE('',#3579,#3578,#2992,.T.);
#4477=EDGE_CURVE('',#3577,#3579,#2032,.T.);
#4478=EDGE_CURVE('',#3577,#3554,#2033,.T.);
#4479=EDGE_CURVE('',#3579,#3574,#2034,.T.);
#4480=EDGE_CURVE('',#3575,#3580,#2035,.T.);
#4481=EDGE_CURVE('',#3559,#3580,#2036,.T.);
#4482=EDGE_CURVE('',#3561,#3581,#112,.T.);
#4483=EDGE_CURVE('',#3582,#3580,#2993,.T.);
#4484=EDGE_CURVE('',#3581,#3582,#2037,.T.);
#4485=EDGE_CURVE('',#3538,#3583,#2038,.T.);
#4486=EDGE_CURVE('',#3584,#3583,#2039,.T.);
#4487=EDGE_CURVE('',#3540,#3584,#2040,.T.);
#4488=EDGE_CURVE('',#3585,#3585,#2994,.T.);
#4489=EDGE_CURVE('',#3585,#3586,#2041,.T.);
#4490=EDGE_CURVE('',#3586,#3586,#2995,.T.);
#4491=EDGE_CURVE('',#3585,#3587,#2042,.T.);
#4492=EDGE_CURVE('',#3587,#3587,#2996,.T.);
#4493=EDGE_CURVE('',#3588,#3588,#2997,.T.);
#4494=EDGE_CURVE('',#3588,#3589,#2043,.T.);
#4495=EDGE_CURVE('',#3589,#3589,#2998,.T.);
#4496=EDGE_CURVE('',#3588,#3590,#2044,.T.);
#4497=EDGE_CURVE('',#3590,#3590,#2999,.T.);
#4498=EDGE_CURVE('',#3591,#3592,#86,.T.);
#4499=EDGE_CURVE('',#3591,#3592,#87,.T.);
#4500=EDGE_CURVE('',#3540,#3593,#3000,.T.);
#4501=EDGE_CURVE('',#3593,#3594,#2045,.T.);
#4502=EDGE_CURVE('',#3594,#3541,#3001,.T.);
#4503=EDGE_CURVE('',#3595,#3596,#2046,.T.);
#4504=EDGE_CURVE('',#3596,#3594,#2047,.T.);
#4505=EDGE_CURVE('',#3593,#3595,#2048,.T.);
#4506=EDGE_CURVE('',#3596,#3539,#3002,.T.);
#4507=EDGE_CURVE('',#3595,#3538,#3003,.T.);
#4508=EDGE_CURVE('',#3597,#3576,#2049,.T.);
#4509=EDGE_CURVE('',#3598,#3553,#2050,.T.);
#4510=EDGE_CURVE('',#3599,#3598,#2051,.T.);
#4511=EDGE_CURVE('',#3600,#3599,#2052,.T.);
#4512=EDGE_CURVE('',#3597,#3600,#113,.T.);
#4513=EDGE_CURVE('',#3601,#3601,#3004,.T.);
#4514=EDGE_CURVE('',#3601,#3590,#2053,.T.);
#4515=EDGE_CURVE('',#3602,#3581,#2054,.T.);
#4516=EDGE_CURVE('',#3603,#3602,#114,.T.);
#4517=EDGE_CURVE('',#3604,#3603,#2055,.T.);
#4518=EDGE_CURVE('',#3542,#3604,#2056,.T.);
#4519=EDGE_CURVE('',#3605,#3605,#3005,.T.);
#4520=EDGE_CURVE('',#3605,#3587,#2057,.T.);
#4521=EDGE_CURVE('',#3604,#3606,#2058,.T.);
#4522=EDGE_CURVE('',#3543,#3606,#2059,.T.);
#4523=EDGE_CURVE('',#3604,#3607,#3006,.T.);
#4524=EDGE_CURVE('',#3607,#3608,#2060,.T.);
#4525=EDGE_CURVE('',#3608,#3606,#3007,.T.);
#4526=EDGE_CURVE('',#3609,#3610,#2061,.T.);
#4527=EDGE_CURVE('',#3610,#3608,#2062,.T.);
#4528=EDGE_CURVE('',#3607,#3609,#2063,.T.);
#4529=EDGE_CURVE('',#3609,#3611,#3008,.T.);
#4530=EDGE_CURVE('',#3611,#3612,#2064,.T.);
#4531=EDGE_CURVE('',#3612,#3610,#3009,.T.);
#4532=EDGE_CURVE('',#3611,#3613,#2065,.T.);
#4533=EDGE_CURVE('',#3613,#3614,#2066,.T.);
#4534=EDGE_CURVE('',#3614,#3612,#2067,.T.);
#4535=EDGE_CURVE('',#3613,#3598,#3010,.T.);
#4536=EDGE_CURVE('',#3598,#3615,#2068,.T.);
#4537=EDGE_CURVE('',#3615,#3614,#3011,.T.);
#4538=EDGE_CURVE('',#3615,#3552,#2069,.T.);
#4539=EDGE_CURVE('',#3613,#3616,#2070,.T.);
#4540=EDGE_CURVE('',#3616,#3617,#88,.T.);
#4541=EDGE_CURVE('',#3599,#3617,#94,.T.);
#4542=EDGE_CURVE('',#3618,#3611,#2071,.T.);
#4543=EDGE_CURVE('',#3616,#3618,#115,.T.);
#4544=EDGE_CURVE('',#3609,#3619,#2072,.T.);
#4545=EDGE_CURVE('',#3619,#3618,#89,.T.);
#4546=EDGE_CURVE('',#3620,#3607,#2073,.T.);
#4547=EDGE_CURVE('',#3621,#3620,#116,.T.);
#4548=EDGE_CURVE('',#3619,#3621,#2074,.T.);
#4549=EDGE_CURVE('',#3603,#3620,#90,.T.);
#4550=EDGE_CURVE('',#3622,#3622,#3012,.T.);
#4551=EDGE_CURVE('',#3622,#3623,#2075,.T.);
#4552=EDGE_CURVE('',#3623,#3623,#3013,.T.);
#4553=EDGE_CURVE('',#3624,#3624,#3014,.T.);
#4554=EDGE_CURVE('',#3625,#3625,#3015,.T.);
#4555=EDGE_CURVE('',#3625,#3623,#2076,.T.);
#4556=EDGE_CURVE('',#3624,#3626,#2077,.T.);
#4557=EDGE_CURVE('',#3626,#3626,#3016,.T.);
#4558=EDGE_CURVE('',#3627,#3627,#3017,.T.);
#4559=EDGE_CURVE('',#3627,#3626,#2078,.T.);
#4560=EDGE_CURVE('',#3628,#3628,#3018,.T.);
#4561=EDGE_CURVE('',#3628,#3625,#2079,.T.);
#4562=EDGE_CURVE('',#3629,#3630,#2080,.T.);
#4563=EDGE_CURVE('',#3630,#3629,#3019,.T.);
#4564=EDGE_CURVE('',#3631,#3631,#3020,.T.);
#4565=EDGE_CURVE('',#3631,#3627,#2081,.T.);
#4566=EDGE_CURVE('',#3632,#3633,#2082,.T.);
#4567=EDGE_CURVE('',#3633,#3632,#3021,.T.);
#4568=EDGE_CURVE('',#3619,#3634,#2083,.T.);
#4569=EDGE_CURVE('',#3634,#3635,#3022,.T.);
#4570=EDGE_CURVE('',#3617,#3635,#2084,.T.);
#4571=EDGE_CURVE('',#3633,#3632,#95,.T.);
#4572=EDGE_CURVE('',#3630,#3629,#96,.T.);
#4573=EDGE_CURVE('',#3636,#3582,#2085,.T.);
#4574=EDGE_CURVE('',#3602,#3636,#2086,.T.);
#4575=EDGE_CURVE('',#3597,#3637,#2087,.T.);
#4576=EDGE_CURVE('',#3578,#3637,#2088,.T.);
#4577=EDGE_CURVE('',#3600,#3638,#2089,.T.);
#4578=EDGE_CURVE('',#3638,#3637,#3023,.T.);
#4579=EDGE_CURVE('',#3638,#3635,#2090,.T.);
#4580=EDGE_CURVE('',#3621,#3639,#2091,.T.);
#4581=EDGE_CURVE('',#3634,#3639,#2092,.T.);
#4582=EDGE_CURVE('',#3636,#3639,#3024,.T.);
#4583=EDGE_CURVE('',#3640,#3640,#3025,.T.);
#4584=EDGE_CURVE('',#3584,#3641,#3026,.T.);
#4585=EDGE_CURVE('',#3583,#3642,#3027,.T.);
#4586=EDGE_CURVE('',#3641,#3642,#2093,.T.);
#4587=EDGE_CURVE('',#3595,#3642,#2094,.T.);
#4588=EDGE_CURVE('',#3593,#3641,#2095,.T.);
#4589=EDGE_CURVE('',#3640,#3643,#2096,.T.);
#4590=EDGE_CURVE('',#3643,#3643,#3028,.T.);
#4591=EDGE_CURVE('',#3643,#3591,#2097,.T.);
#4592=EDGE_CURVE('',#3644,#3645,#3029,.T.);
#4593=EDGE_CURVE('',#3645,#3646,#2098,.T.);
#4594=EDGE_CURVE('',#3646,#3646,#3030,.T.);
#4595=EDGE_CURVE('',#3645,#3644,#3031,.T.);
#4596=EDGE_CURVE('',#3647,#3647,#3032,.T.);
#4597=EDGE_CURVE('',#3648,#3648,#3033,.T.);
#4598=EDGE_CURVE('',#3648,#3649,#2099,.T.);
#4599=EDGE_CURVE('',#3649,#3649,#3034,.T.);
#4600=EDGE_CURVE('',#3647,#3648,#2100,.T.);
#4601=EDGE_CURVE('',#3644,#3650,#2101,.T.);
#4602=EDGE_CURVE('',#3650,#3650,#3035,.T.);
#4603=EDGE_CURVE('',#3651,#3652,#3036,.T.);
#4604=EDGE_CURVE('',#3653,#3651,#3037,.T.);
#4605=EDGE_CURVE('',#3654,#3653,#3038,.T.);
#4606=EDGE_CURVE('',#3655,#3654,#3039,.T.);
#4607=EDGE_CURVE('',#3656,#3655,#3040,.T.);
#4608=EDGE_CURVE('',#3652,#3656,#3041,.T.);
#4609=EDGE_CURVE('',#3653,#3654,#117,.T.);
#4610=EDGE_CURVE('',#3651,#3653,#118,.T.);
#4611=EDGE_CURVE('',#3652,#3651,#119,.T.);
#4612=EDGE_CURVE('',#3656,#3652,#120,.T.);
#4613=EDGE_CURVE('',#3655,#3656,#121,.T.);
#4614=EDGE_CURVE('',#3654,#3655,#122,.T.);
#4615=EDGE_CURVE('',#3657,#3658,#2102,.T.);
#4616=EDGE_CURVE('',#3659,#3657,#2103,.T.);
#4617=EDGE_CURVE('',#3660,#3659,#2104,.T.);
#4618=EDGE_CURVE('',#3661,#3660,#2105,.T.);
#4619=EDGE_CURVE('',#3662,#3661,#2106,.T.);
#4620=EDGE_CURVE('',#3658,#3662,#2107,.T.);
#4621=EDGE_CURVE('',#3659,#3653,#2108,.T.);
#4622=EDGE_CURVE('',#3657,#3654,#2109,.T.);
#4623=EDGE_CURVE('',#3660,#3651,#2110,.T.);
#4624=EDGE_CURVE('',#3661,#3652,#2111,.T.);
#4625=EDGE_CURVE('',#3662,#3656,#2112,.T.);
#4626=EDGE_CURVE('',#3658,#3655,#2113,.T.);
#4627=EDGE_CURVE('',#3663,#3663,#3042,.T.);
#4628=EDGE_CURVE('',#3663,#3664,#2114,.T.);
#4629=EDGE_CURVE('',#3664,#3664,#3043,.T.);
#4630=EDGE_CURVE('',#3663,#3665,#2115,.T.);
#4631=EDGE_CURVE('',#3665,#3665,#3044,.T.);
#4632=EDGE_CURVE('',#3666,#3666,#3045,.T.);
#4633=EDGE_CURVE('',#3667,#3667,#3046,.T.);
#4634=EDGE_CURVE('',#3667,#3665,#2116,.T.);
#4635=EDGE_CURVE('',#3668,#3668,#3047,.T.);
#4636=EDGE_CURVE('',#3669,#3669,#3048,.T.);
#4637=EDGE_CURVE('',#3669,#3668,#2117,.T.);
#4638=EDGE_CURVE('',#3670,#3670,#3049,.T.);
#4639=EDGE_CURVE('',#3670,#3669,#2118,.T.);
#4640=EDGE_CURVE('',#3666,#3670,#2119,.T.);
#4641=ORIENTED_EDGE('',*,*,#3671,.T.);
#4642=ORIENTED_EDGE('',*,*,#3672,.T.);
#4643=ORIENTED_EDGE('',*,*,#3673,.T.);
#4644=ORIENTED_EDGE('',*,*,#3672,.F.);
#4645=ORIENTED_EDGE('',*,*,#3674,.T.);
#4646=ORIENTED_EDGE('',*,*,#3675,.T.);
#4647=ORIENTED_EDGE('',*,*,#3676,.T.);
#4648=ORIENTED_EDGE('',*,*,#3675,.F.);
#4649=ORIENTED_EDGE('',*,*,#3677,.T.);
#4650=ORIENTED_EDGE('',*,*,#3678,.T.);
#4651=ORIENTED_EDGE('',*,*,#3671,.F.);
#4652=ORIENTED_EDGE('',*,*,#3678,.F.);
#4653=ORIENTED_EDGE('',*,*,#3679,.T.);
#4654=ORIENTED_EDGE('',*,*,#3680,.T.);
#4655=ORIENTED_EDGE('',*,*,#3674,.F.);
#4656=ORIENTED_EDGE('',*,*,#3680,.F.);
#4657=ORIENTED_EDGE('',*,*,#3681,.T.);
#4658=ORIENTED_EDGE('',*,*,#3682,.T.);
#4659=ORIENTED_EDGE('',*,*,#3683,.F.);
#4660=ORIENTED_EDGE('',*,*,#3682,.F.);
#4661=ORIENTED_EDGE('',*,*,#3684,.T.);
#4662=ORIENTED_EDGE('',*,*,#3685,.T.);
#4663=ORIENTED_EDGE('',*,*,#3686,.F.);
#4664=ORIENTED_EDGE('',*,*,#3687,.F.);
#4665=ORIENTED_EDGE('',*,*,#3688,.F.);
#4666=ORIENTED_EDGE('',*,*,#3689,.T.);
#4667=ORIENTED_EDGE('',*,*,#3690,.F.);
#4668=ORIENTED_EDGE('',*,*,#3689,.F.);
#4669=ORIENTED_EDGE('',*,*,#3691,.F.);
#4670=ORIENTED_EDGE('',*,*,#3692,.T.);
#4671=ORIENTED_EDGE('',*,*,#3693,.F.);
#4672=ORIENTED_EDGE('',*,*,#3692,.F.);
#4673=ORIENTED_EDGE('',*,*,#3694,.F.);
#4674=ORIENTED_EDGE('',*,*,#3695,.T.);
#4675=ORIENTED_EDGE('',*,*,#3688,.T.);
#4676=ORIENTED_EDGE('',*,*,#3695,.F.);
#4677=ORIENTED_EDGE('',*,*,#3696,.F.);
#4678=ORIENTED_EDGE('',*,*,#3697,.T.);
#4679=ORIENTED_EDGE('',*,*,#3691,.T.);
#4680=ORIENTED_EDGE('',*,*,#3697,.F.);
#4681=ORIENTED_EDGE('',*,*,#3696,.T.);
#4682=ORIENTED_EDGE('',*,*,#3694,.T.);
#4683=ORIENTED_EDGE('',*,*,#3698,.F.);
#4684=ORIENTED_EDGE('',*,*,#3699,.F.);
#4685=ORIENTED_EDGE('',*,*,#3700,.T.);
#4686=ORIENTED_EDGE('',*,*,#3701,.F.);
#4687=ORIENTED_EDGE('',*,*,#3702,.F.);
#4688=ORIENTED_EDGE('',*,*,#3703,.F.);
#4689=ORIENTED_EDGE('',*,*,#3704,.T.);
#4690=ORIENTED_EDGE('',*,*,#3705,.F.);
#4691=ORIENTED_EDGE('',*,*,#3706,.F.);
#4692=ORIENTED_EDGE('',*,*,#3707,.F.);
#4693=ORIENTED_EDGE('',*,*,#3708,.T.);
#4694=ORIENTED_EDGE('',*,*,#3709,.F.);
#4695=ORIENTED_EDGE('',*,*,#3710,.F.);
#4696=ORIENTED_EDGE('',*,*,#3711,.F.);
#4697=ORIENTED_EDGE('',*,*,#3712,.T.);
#4698=ORIENTED_EDGE('',*,*,#3713,.F.);
#4699=ORIENTED_EDGE('',*,*,#3714,.F.);
#4700=ORIENTED_EDGE('',*,*,#3715,.F.);
#4701=ORIENTED_EDGE('',*,*,#3716,.T.);
#4702=ORIENTED_EDGE('',*,*,#3717,.F.);
#4703=ORIENTED_EDGE('',*,*,#3718,.F.);
#4704=ORIENTED_EDGE('',*,*,#3719,.F.);
#4705=ORIENTED_EDGE('',*,*,#3720,.T.);
#4706=ORIENTED_EDGE('',*,*,#3721,.F.);
#4707=ORIENTED_EDGE('',*,*,#3722,.F.);
#4708=ORIENTED_EDGE('',*,*,#3723,.T.);
#4709=ORIENTED_EDGE('',*,*,#3724,.T.);
#4710=ORIENTED_EDGE('',*,*,#3725,.F.);
#4711=ORIENTED_EDGE('',*,*,#3726,.F.);
#4712=ORIENTED_EDGE('',*,*,#3727,.F.);
#4713=ORIENTED_EDGE('',*,*,#3728,.T.);
#4714=ORIENTED_EDGE('',*,*,#3729,.F.);
#4715=ORIENTED_EDGE('',*,*,#3730,.T.);
#4716=ORIENTED_EDGE('',*,*,#3731,.T.);
#4717=ORIENTED_EDGE('',*,*,#3732,.F.);
#4718=ORIENTED_EDGE('',*,*,#3733,.F.);
#4719=ORIENTED_EDGE('',*,*,#3734,.T.);
#4720=ORIENTED_EDGE('',*,*,#3735,.T.);
#4721=ORIENTED_EDGE('',*,*,#3736,.F.);
#4722=ORIENTED_EDGE('',*,*,#3737,.F.);
#4723=ORIENTED_EDGE('',*,*,#3687,.T.);
#4724=ORIENTED_EDGE('',*,*,#3738,.T.);
#4725=ORIENTED_EDGE('',*,*,#3734,.F.);
#4726=ORIENTED_EDGE('',*,*,#3739,.F.);
#4727=ORIENTED_EDGE('',*,*,#3740,.F.);
#4728=ORIENTED_EDGE('',*,*,#3717,.T.);
#4729=ORIENTED_EDGE('',*,*,#3741,.T.);
#4730=ORIENTED_EDGE('',*,*,#3685,.F.);
#4731=ORIENTED_EDGE('',*,*,#3709,.T.);
#4732=ORIENTED_EDGE('',*,*,#3742,.T.);
#4733=ORIENTED_EDGE('',*,*,#3715,.T.);
#4734=ORIENTED_EDGE('',*,*,#3743,.F.);
#4735=ORIENTED_EDGE('',*,*,#3744,.T.);
#4736=ORIENTED_EDGE('',*,*,#3713,.T.);
#4737=ORIENTED_EDGE('',*,*,#3745,.F.);
#4738=ORIENTED_EDGE('',*,*,#3707,.T.);
#4739=ORIENTED_EDGE('',*,*,#3746,.T.);
#4740=ORIENTED_EDGE('',*,*,#3725,.T.);
#4741=ORIENTED_EDGE('',*,*,#3747,.F.);
#4742=ORIENTED_EDGE('',*,*,#3711,.T.);
#4743=ORIENTED_EDGE('',*,*,#3673,.F.);
#4744=ORIENTED_EDGE('',*,*,#3690,.T.);
#4745=ORIENTED_EDGE('',*,*,#3729,.T.);
#4746=ORIENTED_EDGE('',*,*,#3748,.F.);
#4747=ORIENTED_EDGE('',*,*,#3723,.F.);
#4748=ORIENTED_EDGE('',*,*,#3749,.T.);
#4749=ORIENTED_EDGE('',*,*,#3701,.T.);
#4750=ORIENTED_EDGE('',*,*,#3750,.F.);
#4751=ORIENTED_EDGE('',*,*,#3727,.T.);
#4752=ORIENTED_EDGE('',*,*,#3751,.T.);
#4753=ORIENTED_EDGE('',*,*,#3676,.F.);
#4754=ORIENTED_EDGE('',*,*,#3693,.T.);
#4755=ORIENTED_EDGE('',*,*,#3752,.F.);
#4756=ORIENTED_EDGE('',*,*,#3705,.T.);
#4757=ORIENTED_EDGE('',*,*,#3753,.T.);
#4758=ORIENTED_EDGE('',*,*,#3699,.T.);
#4759=ORIENTED_EDGE('',*,*,#3754,.F.);
#4760=ORIENTED_EDGE('',*,*,#3721,.T.);
#4761=ORIENTED_EDGE('',*,*,#3755,.T.);
#4762=ORIENTED_EDGE('',*,*,#3703,.T.);
#4763=ORIENTED_EDGE('',*,*,#3732,.T.);
#4764=ORIENTED_EDGE('',*,*,#3756,.F.);
#4765=ORIENTED_EDGE('',*,*,#3719,.T.);
#4766=ORIENTED_EDGE('',*,*,#3757,.T.);
#4767=ORIENTED_EDGE('',*,*,#3736,.T.);
#4768=ORIENTED_EDGE('',*,*,#3758,.F.);
#4769=ORIENTED_EDGE('',*,*,#3730,.F.);
#4770=ORIENTED_EDGE('',*,*,#3759,.T.);
#4771=ORIENTED_EDGE('',*,*,#3751,.F.);
#4772=ORIENTED_EDGE('',*,*,#3726,.T.);
#4773=ORIENTED_EDGE('',*,*,#3749,.F.);
#4774=ORIENTED_EDGE('',*,*,#3722,.T.);
#4775=ORIENTED_EDGE('',*,*,#3746,.F.);
#4776=ORIENTED_EDGE('',*,*,#3710,.T.);
#4777=ORIENTED_EDGE('',*,*,#3744,.F.);
#4778=ORIENTED_EDGE('',*,*,#3706,.T.);
#4779=ORIENTED_EDGE('',*,*,#3743,.T.);
#4780=ORIENTED_EDGE('',*,*,#3714,.T.);
#4781=ORIENTED_EDGE('',*,*,#3740,.T.);
#4782=ORIENTED_EDGE('',*,*,#3684,.F.);
#4783=ORIENTED_EDGE('',*,*,#3739,.T.);
#4784=ORIENTED_EDGE('',*,*,#3737,.T.);
#4785=ORIENTED_EDGE('',*,*,#3759,.F.);
#4786=ORIENTED_EDGE('',*,*,#3733,.T.);
#4787=ORIENTED_EDGE('',*,*,#3757,.F.);
#4788=ORIENTED_EDGE('',*,*,#3718,.T.);
#4789=ORIENTED_EDGE('',*,*,#3754,.T.);
#4790=ORIENTED_EDGE('',*,*,#3702,.T.);
#4791=ORIENTED_EDGE('',*,*,#3752,.T.);
#4792=ORIENTED_EDGE('',*,*,#3698,.T.);
#4793=ORIENTED_EDGE('',*,*,#3681,.F.);
#4794=ORIENTED_EDGE('',*,*,#3679,.F.);
#4795=ORIENTED_EDGE('',*,*,#3677,.F.);
#4796=ORIENTED_EDGE('',*,*,#3750,.T.);
#4797=ORIENTED_EDGE('',*,*,#3700,.F.);
#4798=ORIENTED_EDGE('',*,*,#3753,.F.);
#4799=ORIENTED_EDGE('',*,*,#3704,.F.);
#4800=ORIENTED_EDGE('',*,*,#3755,.F.);
#4801=ORIENTED_EDGE('',*,*,#3720,.F.);
#4802=ORIENTED_EDGE('',*,*,#3756,.T.);
#4803=ORIENTED_EDGE('',*,*,#3731,.F.);
#4804=ORIENTED_EDGE('',*,*,#3758,.T.);
#4805=ORIENTED_EDGE('',*,*,#3735,.F.);
#4806=ORIENTED_EDGE('',*,*,#3738,.F.);
#4807=ORIENTED_EDGE('',*,*,#3686,.T.);
#4808=ORIENTED_EDGE('',*,*,#3741,.F.);
#4809=ORIENTED_EDGE('',*,*,#3716,.F.);
#4810=ORIENTED_EDGE('',*,*,#3742,.F.);
#4811=ORIENTED_EDGE('',*,*,#3708,.F.);
#4812=ORIENTED_EDGE('',*,*,#3745,.T.);
#4813=ORIENTED_EDGE('',*,*,#3712,.F.);
#4814=ORIENTED_EDGE('',*,*,#3747,.T.);
#4815=ORIENTED_EDGE('',*,*,#3724,.F.);
#4816=ORIENTED_EDGE('',*,*,#3748,.T.);
#4817=ORIENTED_EDGE('',*,*,#3728,.F.);
#4818=ORIENTED_EDGE('',*,*,#3683,.T.);
#4819=ORIENTED_EDGE('',*,*,#3760,.T.);
#4820=ORIENTED_EDGE('',*,*,#3761,.T.);
#4821=ORIENTED_EDGE('',*,*,#3762,.F.);
#4822=ORIENTED_EDGE('',*,*,#3761,.F.);
#4823=ORIENTED_EDGE('',*,*,#3763,.T.);
#4824=ORIENTED_EDGE('',*,*,#3764,.T.);
#4825=ORIENTED_EDGE('',*,*,#3765,.F.);
#4826=ORIENTED_EDGE('',*,*,#3766,.F.);
#4827=ORIENTED_EDGE('',*,*,#3767,.F.);
#4828=ORIENTED_EDGE('',*,*,#3768,.F.);
#4829=ORIENTED_EDGE('',*,*,#3769,.T.);
#4830=ORIENTED_EDGE('',*,*,#3770,.T.);
#4831=ORIENTED_EDGE('',*,*,#3771,.F.);
#4832=ORIENTED_EDGE('',*,*,#3772,.T.);
#4833=ORIENTED_EDGE('',*,*,#3773,.T.);
#4834=ORIENTED_EDGE('',*,*,#3768,.T.);
#4835=ORIENTED_EDGE('',*,*,#3774,.F.);
#4836=ORIENTED_EDGE('',*,*,#3775,.T.);
#4837=ORIENTED_EDGE('',*,*,#3776,.T.);
#4838=ORIENTED_EDGE('',*,*,#3777,.T.);
#4839=ORIENTED_EDGE('',*,*,#3778,.F.);
#4840=ORIENTED_EDGE('',*,*,#3779,.T.);
#4841=ORIENTED_EDGE('',*,*,#3780,.T.);
#4842=ORIENTED_EDGE('',*,*,#3781,.T.);
#4843=ORIENTED_EDGE('',*,*,#3782,.F.);
#4844=ORIENTED_EDGE('',*,*,#3783,.T.);
#4845=ORIENTED_EDGE('',*,*,#3784,.T.);
#4846=ORIENTED_EDGE('',*,*,#3785,.T.);
#4847=ORIENTED_EDGE('',*,*,#3786,.F.);
#4848=ORIENTED_EDGE('',*,*,#3787,.T.);
#4849=ORIENTED_EDGE('',*,*,#3788,.T.);
#4850=ORIENTED_EDGE('',*,*,#3789,.T.);
#4851=ORIENTED_EDGE('',*,*,#3790,.F.);
#4852=ORIENTED_EDGE('',*,*,#3791,.T.);
#4853=ORIENTED_EDGE('',*,*,#3792,.T.);
#4854=ORIENTED_EDGE('',*,*,#3793,.T.);
#4855=ORIENTED_EDGE('',*,*,#3794,.F.);
#4856=ORIENTED_EDGE('',*,*,#3795,.T.);
#4857=ORIENTED_EDGE('',*,*,#3796,.T.);
#4858=ORIENTED_EDGE('',*,*,#3764,.F.);
#4859=ORIENTED_EDGE('',*,*,#3797,.T.);
#4860=ORIENTED_EDGE('',*,*,#3798,.F.);
#4861=ORIENTED_EDGE('',*,*,#3799,.F.);
#4862=ORIENTED_EDGE('',*,*,#3766,.T.);
#4863=ORIENTED_EDGE('',*,*,#3800,.T.);
#4864=ORIENTED_EDGE('',*,*,#3801,.F.);
#4865=ORIENTED_EDGE('',*,*,#3802,.F.);
#4866=ORIENTED_EDGE('',*,*,#3798,.T.);
#4867=ORIENTED_EDGE('',*,*,#3803,.F.);
#4868=ORIENTED_EDGE('',*,*,#3770,.F.);
#4869=ORIENTED_EDGE('',*,*,#3804,.T.);
#4870=ORIENTED_EDGE('',*,*,#3801,.T.);
#4871=ORIENTED_EDGE('',*,*,#3788,.F.);
#4872=ORIENTED_EDGE('',*,*,#3805,.T.);
#4873=ORIENTED_EDGE('',*,*,#3790,.T.);
#4874=ORIENTED_EDGE('',*,*,#3806,.T.);
#4875=ORIENTED_EDGE('',*,*,#3794,.T.);
#4876=ORIENTED_EDGE('',*,*,#3763,.F.);
#4877=ORIENTED_EDGE('',*,*,#3799,.T.);
#4878=ORIENTED_EDGE('',*,*,#3802,.T.);
#4879=ORIENTED_EDGE('',*,*,#3804,.F.);
#4880=ORIENTED_EDGE('',*,*,#3769,.F.);
#4881=ORIENTED_EDGE('',*,*,#3773,.F.);
#4882=ORIENTED_EDGE('',*,*,#3807,.T.);
#4883=ORIENTED_EDGE('',*,*,#3774,.T.);
#4884=ORIENTED_EDGE('',*,*,#3808,.T.);
#4885=ORIENTED_EDGE('',*,*,#3778,.T.);
#4886=ORIENTED_EDGE('',*,*,#3809,.T.);
#4887=ORIENTED_EDGE('',*,*,#3784,.F.);
#4888=ORIENTED_EDGE('',*,*,#3810,.T.);
#4889=ORIENTED_EDGE('',*,*,#3760,.F.);
#4890=ORIENTED_EDGE('',*,*,#3792,.F.);
#4891=ORIENTED_EDGE('',*,*,#3811,.T.);
#4892=ORIENTED_EDGE('',*,*,#3786,.T.);
#4893=ORIENTED_EDGE('',*,*,#3812,.T.);
#4894=ORIENTED_EDGE('',*,*,#3782,.T.);
#4895=ORIENTED_EDGE('',*,*,#3813,.T.);
#4896=ORIENTED_EDGE('',*,*,#3780,.F.);
#4897=ORIENTED_EDGE('',*,*,#3814,.T.);
#4898=ORIENTED_EDGE('',*,*,#3776,.F.);
#4899=ORIENTED_EDGE('',*,*,#3815,.T.);
#4900=ORIENTED_EDGE('',*,*,#3771,.T.);
#4901=ORIENTED_EDGE('',*,*,#3767,.T.);
#4902=ORIENTED_EDGE('',*,*,#3803,.T.);
#4903=ORIENTED_EDGE('',*,*,#3800,.F.);
#4904=ORIENTED_EDGE('',*,*,#3797,.F.);
#4905=ORIENTED_EDGE('',*,*,#3765,.T.);
#4906=ORIENTED_EDGE('',*,*,#3796,.F.);
#4907=ORIENTED_EDGE('',*,*,#3816,.T.);
#4908=ORIENTED_EDGE('',*,*,#3762,.T.);
#4909=ORIENTED_EDGE('',*,*,#3810,.F.);
#4910=ORIENTED_EDGE('',*,*,#3783,.F.);
#4911=ORIENTED_EDGE('',*,*,#3812,.F.);
#4912=ORIENTED_EDGE('',*,*,#3789,.F.);
#4913=ORIENTED_EDGE('',*,*,#3809,.F.);
#4914=ORIENTED_EDGE('',*,*,#3781,.F.);
#4915=ORIENTED_EDGE('',*,*,#3813,.F.);
#4916=ORIENTED_EDGE('',*,*,#3785,.F.);
#4917=ORIENTED_EDGE('',*,*,#3805,.F.);
#4918=ORIENTED_EDGE('',*,*,#3787,.F.);
#4919=ORIENTED_EDGE('',*,*,#3811,.F.);
#4920=ORIENTED_EDGE('',*,*,#3791,.F.);
#4921=ORIENTED_EDGE('',*,*,#3806,.F.);
#4922=ORIENTED_EDGE('',*,*,#3793,.F.);
#4923=ORIENTED_EDGE('',*,*,#3816,.F.);
#4924=ORIENTED_EDGE('',*,*,#3795,.F.);
#4925=ORIENTED_EDGE('',*,*,#3807,.F.);
#4926=ORIENTED_EDGE('',*,*,#3772,.F.);
#4927=ORIENTED_EDGE('',*,*,#3815,.F.);
#4928=ORIENTED_EDGE('',*,*,#3775,.F.);
#4929=ORIENTED_EDGE('',*,*,#3808,.F.);
#4930=ORIENTED_EDGE('',*,*,#3777,.F.);
#4931=ORIENTED_EDGE('',*,*,#3814,.F.);
#4932=ORIENTED_EDGE('',*,*,#3779,.F.);
#4933=ORIENTED_EDGE('',*,*,#3817,.F.);
#4934=ORIENTED_EDGE('',*,*,#3818,.F.);
#4935=ORIENTED_EDGE('',*,*,#3819,.F.);
#4936=ORIENTED_EDGE('',*,*,#3820,.F.);
#4937=ORIENTED_EDGE('',*,*,#3821,.F.);
#4938=ORIENTED_EDGE('',*,*,#3822,.F.);
#4939=ORIENTED_EDGE('',*,*,#3823,.F.);
#4940=ORIENTED_EDGE('',*,*,#3824,.F.);
#4941=ORIENTED_EDGE('',*,*,#3825,.F.);
#4942=ORIENTED_EDGE('',*,*,#3826,.F.);
#4943=ORIENTED_EDGE('',*,*,#3827,.F.);
#4944=ORIENTED_EDGE('',*,*,#3828,.F.);
#4945=ORIENTED_EDGE('',*,*,#3829,.F.);
#4946=ORIENTED_EDGE('',*,*,#3830,.T.);
#4947=ORIENTED_EDGE('',*,*,#3831,.F.);
#4948=ORIENTED_EDGE('',*,*,#3830,.F.);
#4949=ORIENTED_EDGE('',*,*,#3831,.T.);
#4950=ORIENTED_EDGE('',*,*,#3817,.T.);
#4951=ORIENTED_EDGE('',*,*,#3829,.T.);
#4952=ORIENTED_EDGE('',*,*,#3832,.T.);
#4953=ORIENTED_EDGE('',*,*,#3833,.T.);
#4954=ORIENTED_EDGE('',*,*,#3834,.F.);
#4955=ORIENTED_EDGE('',*,*,#3828,.T.);
#4956=ORIENTED_EDGE('',*,*,#3835,.T.);
#4957=ORIENTED_EDGE('',*,*,#3836,.T.);
#4958=ORIENTED_EDGE('',*,*,#3832,.F.);
#4959=ORIENTED_EDGE('',*,*,#3827,.T.);
#4960=ORIENTED_EDGE('',*,*,#3837,.T.);
#4961=ORIENTED_EDGE('',*,*,#3838,.T.);
#4962=ORIENTED_EDGE('',*,*,#3835,.F.);
#4963=ORIENTED_EDGE('',*,*,#3826,.T.);
#4964=ORIENTED_EDGE('',*,*,#3839,.T.);
#4965=ORIENTED_EDGE('',*,*,#3840,.T.);
#4966=ORIENTED_EDGE('',*,*,#3837,.F.);
#4967=ORIENTED_EDGE('',*,*,#3825,.T.);
#4968=ORIENTED_EDGE('',*,*,#3841,.T.);
#4969=ORIENTED_EDGE('',*,*,#3842,.T.);
#4970=ORIENTED_EDGE('',*,*,#3839,.F.);
#4971=ORIENTED_EDGE('',*,*,#3824,.T.);
#4972=ORIENTED_EDGE('',*,*,#3843,.T.);
#4973=ORIENTED_EDGE('',*,*,#3844,.T.);
#4974=ORIENTED_EDGE('',*,*,#3841,.F.);
#4975=ORIENTED_EDGE('',*,*,#3823,.T.);
#4976=ORIENTED_EDGE('',*,*,#3845,.T.);
#4977=ORIENTED_EDGE('',*,*,#3846,.T.);
#4978=ORIENTED_EDGE('',*,*,#3843,.F.);
#4979=ORIENTED_EDGE('',*,*,#3822,.T.);
#4980=ORIENTED_EDGE('',*,*,#3847,.T.);
#4981=ORIENTED_EDGE('',*,*,#3848,.T.);
#4982=ORIENTED_EDGE('',*,*,#3845,.F.);
#4983=ORIENTED_EDGE('',*,*,#3821,.T.);
#4984=ORIENTED_EDGE('',*,*,#3849,.T.);
#4985=ORIENTED_EDGE('',*,*,#3850,.T.);
#4986=ORIENTED_EDGE('',*,*,#3847,.F.);
#4987=ORIENTED_EDGE('',*,*,#3820,.T.);
#4988=ORIENTED_EDGE('',*,*,#3851,.T.);
#4989=ORIENTED_EDGE('',*,*,#3852,.T.);
#4990=ORIENTED_EDGE('',*,*,#3849,.F.);
#4991=ORIENTED_EDGE('',*,*,#3819,.T.);
#4992=ORIENTED_EDGE('',*,*,#3853,.T.);
#4993=ORIENTED_EDGE('',*,*,#3854,.T.);
#4994=ORIENTED_EDGE('',*,*,#3851,.F.);
#4995=ORIENTED_EDGE('',*,*,#3818,.T.);
#4996=ORIENTED_EDGE('',*,*,#3834,.T.);
#4997=ORIENTED_EDGE('',*,*,#3855,.T.);
#4998=ORIENTED_EDGE('',*,*,#3853,.F.);
#4999=ORIENTED_EDGE('',*,*,#3833,.F.);
#5000=ORIENTED_EDGE('',*,*,#3836,.F.);
#5001=ORIENTED_EDGE('',*,*,#3838,.F.);
#5002=ORIENTED_EDGE('',*,*,#3840,.F.);
#5003=ORIENTED_EDGE('',*,*,#3842,.F.);
#5004=ORIENTED_EDGE('',*,*,#3844,.F.);
#5005=ORIENTED_EDGE('',*,*,#3846,.F.);
#5006=ORIENTED_EDGE('',*,*,#3848,.F.);
#5007=ORIENTED_EDGE('',*,*,#3850,.F.);
#5008=ORIENTED_EDGE('',*,*,#3852,.F.);
#5009=ORIENTED_EDGE('',*,*,#3854,.F.);
#5010=ORIENTED_EDGE('',*,*,#3855,.F.);
#5011=ORIENTED_EDGE('',*,*,#3856,.F.);
#5012=ORIENTED_EDGE('',*,*,#3857,.F.);
#5013=ORIENTED_EDGE('',*,*,#3858,.F.);
#5014=ORIENTED_EDGE('',*,*,#3859,.F.);
#5015=ORIENTED_EDGE('',*,*,#3860,.F.);
#5016=ORIENTED_EDGE('',*,*,#3861,.F.);
#5017=ORIENTED_EDGE('',*,*,#3862,.F.);
#5018=ORIENTED_EDGE('',*,*,#3863,.F.);
#5019=ORIENTED_EDGE('',*,*,#3864,.F.);
#5020=ORIENTED_EDGE('',*,*,#3865,.F.);
#5021=ORIENTED_EDGE('',*,*,#3866,.F.);
#5022=ORIENTED_EDGE('',*,*,#3867,.F.);
#5023=ORIENTED_EDGE('',*,*,#3868,.F.);
#5024=ORIENTED_EDGE('',*,*,#3869,.T.);
#5025=ORIENTED_EDGE('',*,*,#3870,.T.);
#5026=ORIENTED_EDGE('',*,*,#3869,.F.);
#5027=ORIENTED_EDGE('',*,*,#3870,.F.);
#5028=ORIENTED_EDGE('',*,*,#3862,.T.);
#5029=ORIENTED_EDGE('',*,*,#3871,.T.);
#5030=ORIENTED_EDGE('',*,*,#3872,.F.);
#5031=ORIENTED_EDGE('',*,*,#3873,.F.);
#5032=ORIENTED_EDGE('',*,*,#3861,.T.);
#5033=ORIENTED_EDGE('',*,*,#3874,.T.);
#5034=ORIENTED_EDGE('',*,*,#3875,.F.);
#5035=ORIENTED_EDGE('',*,*,#3871,.F.);
#5036=ORIENTED_EDGE('',*,*,#3860,.T.);
#5037=ORIENTED_EDGE('',*,*,#3876,.T.);
#5038=ORIENTED_EDGE('',*,*,#3877,.F.);
#5039=ORIENTED_EDGE('',*,*,#3874,.F.);
#5040=ORIENTED_EDGE('',*,*,#3859,.T.);
#5041=ORIENTED_EDGE('',*,*,#3878,.T.);
#5042=ORIENTED_EDGE('',*,*,#3879,.F.);
#5043=ORIENTED_EDGE('',*,*,#3876,.F.);
#5044=ORIENTED_EDGE('',*,*,#3858,.T.);
#5045=ORIENTED_EDGE('',*,*,#3880,.T.);
#5046=ORIENTED_EDGE('',*,*,#3881,.F.);
#5047=ORIENTED_EDGE('',*,*,#3878,.F.);
#5048=ORIENTED_EDGE('',*,*,#3857,.T.);
#5049=ORIENTED_EDGE('',*,*,#3882,.T.);
#5050=ORIENTED_EDGE('',*,*,#3883,.F.);
#5051=ORIENTED_EDGE('',*,*,#3880,.F.);
#5052=ORIENTED_EDGE('',*,*,#3856,.T.);
#5053=ORIENTED_EDGE('',*,*,#3868,.T.);
#5054=ORIENTED_EDGE('',*,*,#3884,.T.);
#5055=ORIENTED_EDGE('',*,*,#3885,.F.);
#5056=ORIENTED_EDGE('',*,*,#3882,.F.);
#5057=ORIENTED_EDGE('',*,*,#3867,.T.);
#5058=ORIENTED_EDGE('',*,*,#3886,.T.);
#5059=ORIENTED_EDGE('',*,*,#3887,.F.);
#5060=ORIENTED_EDGE('',*,*,#3884,.F.);
#5061=ORIENTED_EDGE('',*,*,#3866,.T.);
#5062=ORIENTED_EDGE('',*,*,#3888,.T.);
#5063=ORIENTED_EDGE('',*,*,#3889,.F.);
#5064=ORIENTED_EDGE('',*,*,#3886,.F.);
#5065=ORIENTED_EDGE('',*,*,#3865,.T.);
#5066=ORIENTED_EDGE('',*,*,#3890,.T.);
#5067=ORIENTED_EDGE('',*,*,#3891,.F.);
#5068=ORIENTED_EDGE('',*,*,#3888,.F.);
#5069=ORIENTED_EDGE('',*,*,#3864,.T.);
#5070=ORIENTED_EDGE('',*,*,#3892,.T.);
#5071=ORIENTED_EDGE('',*,*,#3893,.F.);
#5072=ORIENTED_EDGE('',*,*,#3890,.F.);
#5073=ORIENTED_EDGE('',*,*,#3863,.T.);
#5074=ORIENTED_EDGE('',*,*,#3873,.T.);
#5075=ORIENTED_EDGE('',*,*,#3894,.F.);
#5076=ORIENTED_EDGE('',*,*,#3892,.F.);
#5077=ORIENTED_EDGE('',*,*,#3872,.T.);
#5078=ORIENTED_EDGE('',*,*,#3875,.T.);
#5079=ORIENTED_EDGE('',*,*,#3877,.T.);
#5080=ORIENTED_EDGE('',*,*,#3879,.T.);
#5081=ORIENTED_EDGE('',*,*,#3881,.T.);
#5082=ORIENTED_EDGE('',*,*,#3883,.T.);
#5083=ORIENTED_EDGE('',*,*,#3885,.T.);
#5084=ORIENTED_EDGE('',*,*,#3887,.T.);
#5085=ORIENTED_EDGE('',*,*,#3889,.T.);
#5086=ORIENTED_EDGE('',*,*,#3891,.T.);
#5087=ORIENTED_EDGE('',*,*,#3893,.T.);
#5088=ORIENTED_EDGE('',*,*,#3894,.T.);
#5089=ORIENTED_EDGE('',*,*,#3895,.F.);
#5090=ORIENTED_EDGE('',*,*,#3896,.T.);
#5091=ORIENTED_EDGE('',*,*,#3897,.T.);
#5092=ORIENTED_EDGE('',*,*,#3898,.F.);
#5093=ORIENTED_EDGE('',*,*,#3899,.F.);
#5094=ORIENTED_EDGE('',*,*,#3900,.F.);
#5095=ORIENTED_EDGE('',*,*,#3901,.F.);
#5096=ORIENTED_EDGE('',*,*,#3902,.T.);
#5097=ORIENTED_EDGE('',*,*,#3903,.F.);
#5098=ORIENTED_EDGE('',*,*,#3904,.F.);
#5099=ORIENTED_EDGE('',*,*,#3905,.F.);
#5100=ORIENTED_EDGE('',*,*,#3906,.T.);
#5101=ORIENTED_EDGE('',*,*,#3907,.F.);
#5102=ORIENTED_EDGE('',*,*,#3908,.T.);
#5103=ORIENTED_EDGE('',*,*,#3909,.T.);
#5104=ORIENTED_EDGE('',*,*,#3908,.F.);
#5105=ORIENTED_EDGE('',*,*,#3910,.F.);
#5106=ORIENTED_EDGE('',*,*,#3911,.T.);
#5107=ORIENTED_EDGE('',*,*,#3912,.F.);
#5108=ORIENTED_EDGE('',*,*,#3911,.F.);
#5109=ORIENTED_EDGE('',*,*,#3913,.T.);
#5110=ORIENTED_EDGE('',*,*,#3914,.T.);
#5111=ORIENTED_EDGE('',*,*,#3915,.F.);
#5112=ORIENTED_EDGE('',*,*,#3914,.F.);
#5113=ORIENTED_EDGE('',*,*,#3916,.T.);
#5114=ORIENTED_EDGE('',*,*,#3917,.F.);
#5115=ORIENTED_EDGE('',*,*,#3918,.F.);
#5116=ORIENTED_EDGE('',*,*,#3919,.T.);
#5117=ORIENTED_EDGE('',*,*,#3920,.T.);
#5118=ORIENTED_EDGE('',*,*,#3921,.F.);
#5119=ORIENTED_EDGE('',*,*,#3922,.F.);
#5120=ORIENTED_EDGE('',*,*,#3923,.T.);
#5121=ORIENTED_EDGE('',*,*,#3899,.T.);
#5122=ORIENTED_EDGE('',*,*,#3907,.T.);
#5123=ORIENTED_EDGE('',*,*,#3924,.T.);
#5124=ORIENTED_EDGE('',*,*,#3925,.T.);
#5125=ORIENTED_EDGE('',*,*,#3926,.T.);
#5126=ORIENTED_EDGE('',*,*,#3927,.T.);
#5127=ORIENTED_EDGE('',*,*,#3928,.T.);
#5128=ORIENTED_EDGE('',*,*,#3929,.F.);
#5129=ORIENTED_EDGE('',*,*,#3930,.T.);
#5130=ORIENTED_EDGE('',*,*,#3931,.F.);
#5131=ORIENTED_EDGE('',*,*,#3932,.F.);
#5132=ORIENTED_EDGE('',*,*,#3933,.F.);
#5133=ORIENTED_EDGE('',*,*,#3934,.T.);
#5134=ORIENTED_EDGE('',*,*,#3935,.F.);
#5135=ORIENTED_EDGE('',*,*,#3936,.T.);
#5136=ORIENTED_EDGE('',*,*,#3937,.T.);
#5137=ORIENTED_EDGE('',*,*,#3938,.T.);
#5138=ORIENTED_EDGE('',*,*,#3925,.F.);
#5139=ORIENTED_EDGE('',*,*,#3939,.F.);
#5140=ORIENTED_EDGE('',*,*,#3903,.T.);
#5141=ORIENTED_EDGE('',*,*,#3940,.T.);
#5142=ORIENTED_EDGE('',*,*,#3920,.F.);
#5143=ORIENTED_EDGE('',*,*,#3941,.T.);
#5144=ORIENTED_EDGE('',*,*,#3942,.F.);
#5145=ORIENTED_EDGE('',*,*,#3897,.F.);
#5146=ORIENTED_EDGE('',*,*,#3943,.T.);
#5147=ORIENTED_EDGE('',*,*,#3944,.T.);
#5148=ORIENTED_EDGE('',*,*,#3945,.T.);
#5149=ORIENTED_EDGE('',*,*,#3946,.T.);
#5150=ORIENTED_EDGE('',*,*,#3947,.T.);
#5151=ORIENTED_EDGE('',*,*,#3948,.T.);
#5152=ORIENTED_EDGE('',*,*,#3949,.T.);
#5153=ORIENTED_EDGE('',*,*,#3950,.T.);
#5154=ORIENTED_EDGE('',*,*,#3951,.F.);
#5155=ORIENTED_EDGE('',*,*,#3952,.T.);
#5156=ORIENTED_EDGE('',*,*,#3953,.T.);
#5157=ORIENTED_EDGE('',*,*,#3954,.T.);
#5158=ORIENTED_EDGE('',*,*,#3955,.F.);
#5159=ORIENTED_EDGE('',*,*,#3956,.F.);
#5160=ORIENTED_EDGE('',*,*,#3957,.T.);
#5161=ORIENTED_EDGE('',*,*,#3958,.F.);
#5162=ORIENTED_EDGE('',*,*,#3959,.F.);
#5163=ORIENTED_EDGE('',*,*,#3960,.F.);
#5164=ORIENTED_EDGE('',*,*,#3961,.F.);
#5165=ORIENTED_EDGE('',*,*,#3962,.T.);
#5166=ORIENTED_EDGE('',*,*,#3935,.T.);
#5167=ORIENTED_EDGE('',*,*,#3963,.F.);
#5168=ORIENTED_EDGE('',*,*,#3964,.F.);
#5169=ORIENTED_EDGE('',*,*,#3965,.T.);
#5170=ORIENTED_EDGE('',*,*,#3966,.T.);
#5171=ORIENTED_EDGE('',*,*,#3967,.F.);
#5172=ORIENTED_EDGE('',*,*,#3968,.F.);
#5173=ORIENTED_EDGE('',*,*,#3969,.T.);
#5174=ORIENTED_EDGE('',*,*,#3970,.F.);
#5175=ORIENTED_EDGE('',*,*,#3971,.T.);
#5176=ORIENTED_EDGE('',*,*,#3972,.T.);
#5177=ORIENTED_EDGE('',*,*,#3973,.T.);
#5178=ORIENTED_EDGE('',*,*,#3945,.F.);
#5179=ORIENTED_EDGE('',*,*,#3974,.F.);
#5180=ORIENTED_EDGE('',*,*,#3916,.F.);
#5181=ORIENTED_EDGE('',*,*,#3913,.F.);
#5182=ORIENTED_EDGE('',*,*,#3975,.F.);
#5183=ORIENTED_EDGE('',*,*,#3976,.F.);
#5184=ORIENTED_EDGE('',*,*,#3977,.F.);
#5185=ORIENTED_EDGE('',*,*,#3978,.T.);
#5186=ORIENTED_EDGE('',*,*,#3979,.F.);
#5187=ORIENTED_EDGE('',*,*,#3980,.T.);
#5188=ORIENTED_EDGE('',*,*,#3970,.T.);
#5189=ORIENTED_EDGE('',*,*,#3981,.F.);
#5190=ORIENTED_EDGE('',*,*,#3982,.F.);
#5191=ORIENTED_EDGE('',*,*,#3955,.T.);
#5192=ORIENTED_EDGE('',*,*,#3983,.T.);
#5193=ORIENTED_EDGE('',*,*,#3984,.F.);
#5194=ORIENTED_EDGE('',*,*,#3985,.F.);
#5195=ORIENTED_EDGE('',*,*,#3956,.T.);
#5196=ORIENTED_EDGE('',*,*,#3982,.T.);
#5197=ORIENTED_EDGE('',*,*,#3986,.T.);
#5198=ORIENTED_EDGE('',*,*,#3987,.F.);
#5199=ORIENTED_EDGE('',*,*,#3957,.F.);
#5200=ORIENTED_EDGE('',*,*,#3985,.T.);
#5201=ORIENTED_EDGE('',*,*,#3988,.F.);
#5202=ORIENTED_EDGE('',*,*,#3989,.F.);
#5203=ORIENTED_EDGE('',*,*,#3958,.T.);
#5204=ORIENTED_EDGE('',*,*,#3987,.T.);
#5205=ORIENTED_EDGE('',*,*,#3990,.F.);
#5206=ORIENTED_EDGE('',*,*,#3991,.F.);
#5207=ORIENTED_EDGE('',*,*,#3959,.T.);
#5208=ORIENTED_EDGE('',*,*,#3989,.T.);
#5209=ORIENTED_EDGE('',*,*,#3992,.F.);
#5210=ORIENTED_EDGE('',*,*,#3993,.F.);
#5211=ORIENTED_EDGE('',*,*,#3960,.T.);
#5212=ORIENTED_EDGE('',*,*,#3991,.T.);
#5213=ORIENTED_EDGE('',*,*,#3994,.F.);
#5214=ORIENTED_EDGE('',*,*,#3995,.T.);
#5215=ORIENTED_EDGE('',*,*,#3961,.T.);
#5216=ORIENTED_EDGE('',*,*,#3993,.T.);
#5217=ORIENTED_EDGE('',*,*,#3927,.F.);
#5218=ORIENTED_EDGE('',*,*,#3996,.T.);
#5219=ORIENTED_EDGE('',*,*,#3997,.T.);
#5220=ORIENTED_EDGE('',*,*,#3998,.T.);
#5221=ORIENTED_EDGE('',*,*,#3999,.F.);
#5222=ORIENTED_EDGE('',*,*,#4000,.F.);
#5223=ORIENTED_EDGE('',*,*,#4001,.T.);
#5224=ORIENTED_EDGE('',*,*,#3929,.T.);
#5225=ORIENTED_EDGE('',*,*,#4002,.T.);
#5226=ORIENTED_EDGE('',*,*,#4003,.F.);
#5227=ORIENTED_EDGE('',*,*,#4004,.T.);
#5228=ORIENTED_EDGE('',*,*,#3977,.T.);
#5229=ORIENTED_EDGE('',*,*,#4005,.F.);
#5230=ORIENTED_EDGE('',*,*,#4006,.T.);
#5231=ORIENTED_EDGE('',*,*,#3979,.T.);
#5232=ORIENTED_EDGE('',*,*,#4007,.T.);
#5233=ORIENTED_EDGE('',*,*,#3947,.F.);
#5234=ORIENTED_EDGE('',*,*,#4008,.T.);
#5235=ORIENTED_EDGE('',*,*,#4009,.T.);
#5236=ORIENTED_EDGE('',*,*,#4010,.F.);
#5237=ORIENTED_EDGE('',*,*,#4011,.T.);
#5238=ORIENTED_EDGE('',*,*,#4012,.F.);
#5239=ORIENTED_EDGE('',*,*,#3948,.F.);
#5240=ORIENTED_EDGE('',*,*,#4010,.T.);
#5241=ORIENTED_EDGE('',*,*,#4013,.T.);
#5242=ORIENTED_EDGE('',*,*,#4014,.F.);
#5243=ORIENTED_EDGE('',*,*,#3949,.F.);
#5244=ORIENTED_EDGE('',*,*,#4012,.T.);
#5245=ORIENTED_EDGE('',*,*,#4015,.T.);
#5246=ORIENTED_EDGE('',*,*,#4016,.F.);
#5247=ORIENTED_EDGE('',*,*,#3950,.F.);
#5248=ORIENTED_EDGE('',*,*,#4014,.T.);
#5249=ORIENTED_EDGE('',*,*,#4017,.F.);
#5250=ORIENTED_EDGE('',*,*,#4018,.F.);
#5251=ORIENTED_EDGE('',*,*,#3951,.T.);
#5252=ORIENTED_EDGE('',*,*,#4016,.T.);
#5253=ORIENTED_EDGE('',*,*,#4019,.T.);
#5254=ORIENTED_EDGE('',*,*,#4020,.F.);
#5255=ORIENTED_EDGE('',*,*,#3952,.F.);
#5256=ORIENTED_EDGE('',*,*,#4018,.T.);
#5257=ORIENTED_EDGE('',*,*,#4021,.T.);
#5258=ORIENTED_EDGE('',*,*,#4022,.F.);
#5259=ORIENTED_EDGE('',*,*,#3953,.F.);
#5260=ORIENTED_EDGE('',*,*,#4020,.T.);
#5261=ORIENTED_EDGE('',*,*,#4023,.T.);
#5262=ORIENTED_EDGE('',*,*,#3983,.F.);
#5263=ORIENTED_EDGE('',*,*,#3954,.F.);
#5264=ORIENTED_EDGE('',*,*,#4022,.T.);
#5265=ORIENTED_EDGE('',*,*,#3937,.F.);
#5266=ORIENTED_EDGE('',*,*,#4024,.T.);
#5267=ORIENTED_EDGE('',*,*,#3994,.T.);
#5268=ORIENTED_EDGE('',*,*,#3992,.T.);
#5269=ORIENTED_EDGE('',*,*,#3990,.T.);
#5270=ORIENTED_EDGE('',*,*,#3988,.T.);
#5271=ORIENTED_EDGE('',*,*,#3986,.F.);
#5272=ORIENTED_EDGE('',*,*,#3984,.T.);
#5273=ORIENTED_EDGE('',*,*,#3981,.T.);
#5274=ORIENTED_EDGE('',*,*,#4023,.F.);
#5275=ORIENTED_EDGE('',*,*,#4021,.F.);
#5276=ORIENTED_EDGE('',*,*,#4019,.F.);
#5277=ORIENTED_EDGE('',*,*,#4017,.T.);
#5278=ORIENTED_EDGE('',*,*,#4015,.F.);
#5279=ORIENTED_EDGE('',*,*,#4013,.F.);
#5280=ORIENTED_EDGE('',*,*,#4011,.F.);
#5281=ORIENTED_EDGE('',*,*,#4009,.F.);
#5282=ORIENTED_EDGE('',*,*,#4025,.T.);
#5283=ORIENTED_EDGE('',*,*,#3972,.F.);
#5284=ORIENTED_EDGE('',*,*,#4026,.T.);
#5285=ORIENTED_EDGE('',*,*,#4005,.T.);
#5286=ORIENTED_EDGE('',*,*,#4027,.T.);
#5287=ORIENTED_EDGE('',*,*,#4003,.T.);
#5288=ORIENTED_EDGE('',*,*,#4028,.T.);
#5289=ORIENTED_EDGE('',*,*,#3997,.F.);
#5290=ORIENTED_EDGE('',*,*,#4029,.T.);
#5291=ORIENTED_EDGE('',*,*,#3912,.T.);
#5292=ORIENTED_EDGE('',*,*,#3915,.T.);
#5293=ORIENTED_EDGE('',*,*,#3909,.F.);
#5294=ORIENTED_EDGE('',*,*,#3928,.F.);
#5295=ORIENTED_EDGE('',*,*,#3998,.F.);
#5296=ORIENTED_EDGE('',*,*,#4028,.F.);
#5297=ORIENTED_EDGE('',*,*,#4002,.F.);
#5298=ORIENTED_EDGE('',*,*,#3978,.F.);
#5299=ORIENTED_EDGE('',*,*,#4004,.F.);
#5300=ORIENTED_EDGE('',*,*,#4027,.F.);
#5301=ORIENTED_EDGE('',*,*,#4007,.F.);
#5302=ORIENTED_EDGE('',*,*,#3962,.F.);
#5303=ORIENTED_EDGE('',*,*,#3995,.F.);
#5304=ORIENTED_EDGE('',*,*,#4024,.F.);
#5305=ORIENTED_EDGE('',*,*,#3936,.F.);
#5306=ORIENTED_EDGE('',*,*,#3926,.F.);
#5307=ORIENTED_EDGE('',*,*,#3938,.F.);
#5308=ORIENTED_EDGE('',*,*,#4029,.F.);
#5309=ORIENTED_EDGE('',*,*,#3996,.F.);
#5310=ORIENTED_EDGE('',*,*,#3946,.F.);
#5311=ORIENTED_EDGE('',*,*,#3973,.F.);
#5312=ORIENTED_EDGE('',*,*,#4025,.F.);
#5313=ORIENTED_EDGE('',*,*,#4008,.F.);
#5314=ORIENTED_EDGE('',*,*,#3980,.F.);
#5315=ORIENTED_EDGE('',*,*,#4006,.F.);
#5316=ORIENTED_EDGE('',*,*,#4026,.F.);
#5317=ORIENTED_EDGE('',*,*,#3971,.F.);
#5318=ORIENTED_EDGE('',*,*,#3976,.T.);
#5319=ORIENTED_EDGE('',*,*,#4030,.F.);
#5320=ORIENTED_EDGE('',*,*,#4031,.F.);
#5321=ORIENTED_EDGE('',*,*,#3999,.T.);
#5322=ORIENTED_EDGE('',*,*,#3930,.F.);
#5323=ORIENTED_EDGE('',*,*,#4001,.F.);
#5324=ORIENTED_EDGE('',*,*,#4032,.T.);
#5325=ORIENTED_EDGE('',*,*,#4033,.T.);
#5326=ORIENTED_EDGE('',*,*,#3931,.T.);
#5327=ORIENTED_EDGE('',*,*,#4033,.F.);
#5328=ORIENTED_EDGE('',*,*,#4034,.F.);
#5329=ORIENTED_EDGE('',*,*,#3900,.T.);
#5330=ORIENTED_EDGE('',*,*,#3940,.F.);
#5331=ORIENTED_EDGE('',*,*,#3902,.F.);
#5332=ORIENTED_EDGE('',*,*,#4035,.T.);
#5333=ORIENTED_EDGE('',*,*,#3921,.T.);
#5334=ORIENTED_EDGE('',*,*,#3975,.T.);
#5335=ORIENTED_EDGE('',*,*,#3923,.F.);
#5336=ORIENTED_EDGE('',*,*,#4036,.F.);
#5337=ORIENTED_EDGE('',*,*,#4030,.T.);
#5338=ORIENTED_EDGE('',*,*,#4031,.T.);
#5339=ORIENTED_EDGE('',*,*,#4036,.T.);
#5340=ORIENTED_EDGE('',*,*,#3922,.T.);
#5341=ORIENTED_EDGE('',*,*,#4035,.F.);
#5342=ORIENTED_EDGE('',*,*,#3901,.T.);
#5343=ORIENTED_EDGE('',*,*,#4034,.T.);
#5344=ORIENTED_EDGE('',*,*,#4032,.F.);
#5345=ORIENTED_EDGE('',*,*,#4000,.T.);
#5346=ORIENTED_EDGE('',*,*,#3910,.T.);
#5347=ORIENTED_EDGE('',*,*,#3943,.F.);
#5348=ORIENTED_EDGE('',*,*,#3896,.F.);
#5349=ORIENTED_EDGE('',*,*,#4037,.T.);
#5350=ORIENTED_EDGE('',*,*,#4038,.T.);
#5351=ORIENTED_EDGE('',*,*,#3944,.F.);
#5352=ORIENTED_EDGE('',*,*,#4038,.F.);
#5353=ORIENTED_EDGE('',*,*,#4039,.T.);
#5354=ORIENTED_EDGE('',*,*,#3967,.T.);
#5355=ORIENTED_EDGE('',*,*,#3974,.T.);
#5356=ORIENTED_EDGE('',*,*,#3969,.F.);
#5357=ORIENTED_EDGE('',*,*,#4040,.F.);
#5358=ORIENTED_EDGE('',*,*,#3917,.T.);
#5359=ORIENTED_EDGE('',*,*,#3941,.F.);
#5360=ORIENTED_EDGE('',*,*,#3919,.F.);
#5361=ORIENTED_EDGE('',*,*,#4041,.T.);
#5362=ORIENTED_EDGE('',*,*,#4042,.T.);
#5363=ORIENTED_EDGE('',*,*,#3942,.T.);
#5364=ORIENTED_EDGE('',*,*,#4042,.F.);
#5365=ORIENTED_EDGE('',*,*,#4043,.F.);
#5366=ORIENTED_EDGE('',*,*,#3898,.T.);
#5367=ORIENTED_EDGE('',*,*,#4037,.F.);
#5368=ORIENTED_EDGE('',*,*,#3895,.T.);
#5369=ORIENTED_EDGE('',*,*,#4043,.T.);
#5370=ORIENTED_EDGE('',*,*,#4041,.F.);
#5371=ORIENTED_EDGE('',*,*,#3918,.T.);
#5372=ORIENTED_EDGE('',*,*,#4040,.T.);
#5373=ORIENTED_EDGE('',*,*,#3968,.T.);
#5374=ORIENTED_EDGE('',*,*,#4039,.F.);
#5375=ORIENTED_EDGE('',*,*,#3965,.F.);
#5376=ORIENTED_EDGE('',*,*,#4044,.F.);
#5377=ORIENTED_EDGE('',*,*,#4045,.T.);
#5378=ORIENTED_EDGE('',*,*,#4046,.T.);
#5379=ORIENTED_EDGE('',*,*,#3966,.F.);
#5380=ORIENTED_EDGE('',*,*,#4046,.F.);
#5381=ORIENTED_EDGE('',*,*,#4047,.T.);
#5382=ORIENTED_EDGE('',*,*,#4048,.T.);
#5383=ORIENTED_EDGE('',*,*,#3939,.T.);
#5384=ORIENTED_EDGE('',*,*,#4048,.F.);
#5385=ORIENTED_EDGE('',*,*,#4049,.F.);
#5386=ORIENTED_EDGE('',*,*,#3904,.T.);
#5387=ORIENTED_EDGE('',*,*,#3924,.F.);
#5388=ORIENTED_EDGE('',*,*,#3906,.F.);
#5389=ORIENTED_EDGE('',*,*,#4050,.T.);
#5390=ORIENTED_EDGE('',*,*,#3932,.T.);
#5391=ORIENTED_EDGE('',*,*,#3963,.T.);
#5392=ORIENTED_EDGE('',*,*,#3934,.F.);
#5393=ORIENTED_EDGE('',*,*,#4051,.F.);
#5394=ORIENTED_EDGE('',*,*,#4052,.T.);
#5395=ORIENTED_EDGE('',*,*,#3964,.T.);
#5396=ORIENTED_EDGE('',*,*,#4052,.F.);
#5397=ORIENTED_EDGE('',*,*,#4053,.F.);
#5398=ORIENTED_EDGE('',*,*,#4044,.T.);
#5399=ORIENTED_EDGE('',*,*,#4045,.F.);
#5400=ORIENTED_EDGE('',*,*,#4053,.T.);
#5401=ORIENTED_EDGE('',*,*,#4051,.T.);
#5402=ORIENTED_EDGE('',*,*,#3933,.T.);
#5403=ORIENTED_EDGE('',*,*,#4050,.F.);
#5404=ORIENTED_EDGE('',*,*,#3905,.T.);
#5405=ORIENTED_EDGE('',*,*,#4049,.T.);
#5406=ORIENTED_EDGE('',*,*,#4047,.F.);
#5407=ORIENTED_EDGE('',*,*,#4054,.F.);
#5408=ORIENTED_EDGE('',*,*,#4055,.T.);
#5409=ORIENTED_EDGE('',*,*,#4056,.T.);
#5410=ORIENTED_EDGE('',*,*,#4055,.F.);
#5411=ORIENTED_EDGE('',*,*,#4057,.F.);
#5412=ORIENTED_EDGE('',*,*,#4058,.T.);
#5413=ORIENTED_EDGE('',*,*,#4059,.T.);
#5414=ORIENTED_EDGE('',*,*,#4060,.F.);
#5415=ORIENTED_EDGE('',*,*,#4061,.T.);
#5416=ORIENTED_EDGE('',*,*,#4062,.F.);
#5417=ORIENTED_EDGE('',*,*,#4063,.F.);
#5418=ORIENTED_EDGE('',*,*,#4064,.T.);
#5419=ORIENTED_EDGE('',*,*,#4065,.T.);
#5420=ORIENTED_EDGE('',*,*,#4064,.F.);
#5421=ORIENTED_EDGE('',*,*,#4066,.F.);
#5422=ORIENTED_EDGE('',*,*,#4067,.F.);
#5423=ORIENTED_EDGE('',*,*,#4068,.T.);
#5424=ORIENTED_EDGE('',*,*,#4069,.F.);
#5425=ORIENTED_EDGE('',*,*,#4070,.F.);
#5426=ORIENTED_EDGE('',*,*,#4071,.F.);
#5427=ORIENTED_EDGE('',*,*,#4072,.T.);
#5428=ORIENTED_EDGE('',*,*,#4073,.F.);
#5429=ORIENTED_EDGE('',*,*,#4074,.F.);
#5430=ORIENTED_EDGE('',*,*,#4075,.F.);
#5431=ORIENTED_EDGE('',*,*,#4076,.T.);
#5432=ORIENTED_EDGE('',*,*,#4077,.F.);
#5433=ORIENTED_EDGE('',*,*,#4078,.F.);
#5434=ORIENTED_EDGE('',*,*,#4079,.F.);
#5435=ORIENTED_EDGE('',*,*,#4080,.T.);
#5436=ORIENTED_EDGE('',*,*,#4081,.F.);
#5437=ORIENTED_EDGE('',*,*,#4082,.F.);
#5438=ORIENTED_EDGE('',*,*,#4083,.F.);
#5439=ORIENTED_EDGE('',*,*,#4084,.T.);
#5440=ORIENTED_EDGE('',*,*,#4085,.F.);
#5441=ORIENTED_EDGE('',*,*,#4086,.F.);
#5442=ORIENTED_EDGE('',*,*,#4087,.F.);
#5443=ORIENTED_EDGE('',*,*,#4088,.T.);
#5444=ORIENTED_EDGE('',*,*,#4060,.T.);
#5445=ORIENTED_EDGE('',*,*,#4089,.F.);
#5446=ORIENTED_EDGE('',*,*,#4090,.F.);
#5447=ORIENTED_EDGE('',*,*,#4091,.F.);
#5448=ORIENTED_EDGE('',*,*,#4058,.F.);
#5449=ORIENTED_EDGE('',*,*,#4092,.T.);
#5450=ORIENTED_EDGE('',*,*,#4093,.T.);
#5451=ORIENTED_EDGE('',*,*,#4094,.F.);
#5452=ORIENTED_EDGE('',*,*,#4093,.F.);
#5453=ORIENTED_EDGE('',*,*,#4095,.T.);
#5454=ORIENTED_EDGE('',*,*,#4096,.T.);
#5455=ORIENTED_EDGE('',*,*,#4097,.T.);
#5456=ORIENTED_EDGE('',*,*,#4096,.F.);
#5457=ORIENTED_EDGE('',*,*,#4098,.F.);
#5458=ORIENTED_EDGE('',*,*,#4062,.T.);
#5459=ORIENTED_EDGE('',*,*,#4082,.T.);
#5460=ORIENTED_EDGE('',*,*,#4099,.F.);
#5461=ORIENTED_EDGE('',*,*,#4078,.T.);
#5462=ORIENTED_EDGE('',*,*,#4100,.F.);
#5463=ORIENTED_EDGE('',*,*,#4072,.F.);
#5464=ORIENTED_EDGE('',*,*,#4101,.F.);
#5465=ORIENTED_EDGE('',*,*,#4068,.F.);
#5466=ORIENTED_EDGE('',*,*,#4102,.F.);
#5467=ORIENTED_EDGE('',*,*,#4066,.T.);
#5468=ORIENTED_EDGE('',*,*,#4063,.T.);
#5469=ORIENTED_EDGE('',*,*,#4098,.T.);
#5470=ORIENTED_EDGE('',*,*,#4095,.F.);
#5471=ORIENTED_EDGE('',*,*,#4092,.F.);
#5472=ORIENTED_EDGE('',*,*,#4057,.T.);
#5473=ORIENTED_EDGE('',*,*,#4088,.F.);
#5474=ORIENTED_EDGE('',*,*,#4103,.F.);
#5475=ORIENTED_EDGE('',*,*,#4084,.F.);
#5476=ORIENTED_EDGE('',*,*,#4104,.F.);
#5477=ORIENTED_EDGE('',*,*,#4054,.T.);
#5478=ORIENTED_EDGE('',*,*,#4086,.T.);
#5479=ORIENTED_EDGE('',*,*,#4105,.F.);
#5480=ORIENTED_EDGE('',*,*,#4089,.T.);
#5481=ORIENTED_EDGE('',*,*,#4059,.F.);
#5482=ORIENTED_EDGE('',*,*,#4091,.T.);
#5483=ORIENTED_EDGE('',*,*,#4094,.T.);
#5484=ORIENTED_EDGE('',*,*,#4097,.F.);
#5485=ORIENTED_EDGE('',*,*,#4061,.F.);
#5486=ORIENTED_EDGE('',*,*,#4065,.F.);
#5487=ORIENTED_EDGE('',*,*,#4106,.F.);
#5488=ORIENTED_EDGE('',*,*,#4070,.T.);
#5489=ORIENTED_EDGE('',*,*,#4107,.F.);
#5490=ORIENTED_EDGE('',*,*,#4074,.T.);
#5491=ORIENTED_EDGE('',*,*,#4108,.F.);
#5492=ORIENTED_EDGE('',*,*,#4076,.F.);
#5493=ORIENTED_EDGE('',*,*,#4109,.F.);
#5494=ORIENTED_EDGE('',*,*,#4080,.F.);
#5495=ORIENTED_EDGE('',*,*,#4110,.F.);
#5496=ORIENTED_EDGE('',*,*,#4056,.F.);
#5497=ORIENTED_EDGE('',*,*,#4099,.T.);
#5498=ORIENTED_EDGE('',*,*,#4081,.T.);
#5499=ORIENTED_EDGE('',*,*,#4109,.T.);
#5500=ORIENTED_EDGE('',*,*,#4079,.T.);
#5501=ORIENTED_EDGE('',*,*,#4100,.T.);
#5502=ORIENTED_EDGE('',*,*,#4077,.T.);
#5503=ORIENTED_EDGE('',*,*,#4108,.T.);
#5504=ORIENTED_EDGE('',*,*,#4073,.T.);
#5505=ORIENTED_EDGE('',*,*,#4104,.T.);
#5506=ORIENTED_EDGE('',*,*,#4087,.T.);
#5507=ORIENTED_EDGE('',*,*,#4110,.T.);
#5508=ORIENTED_EDGE('',*,*,#4083,.T.);
#5509=ORIENTED_EDGE('',*,*,#4103,.T.);
#5510=ORIENTED_EDGE('',*,*,#4090,.T.);
#5511=ORIENTED_EDGE('',*,*,#4105,.T.);
#5512=ORIENTED_EDGE('',*,*,#4085,.T.);
#5513=ORIENTED_EDGE('',*,*,#4102,.T.);
#5514=ORIENTED_EDGE('',*,*,#4071,.T.);
#5515=ORIENTED_EDGE('',*,*,#4106,.T.);
#5516=ORIENTED_EDGE('',*,*,#4067,.T.);
#5517=ORIENTED_EDGE('',*,*,#4101,.T.);
#5518=ORIENTED_EDGE('',*,*,#4075,.T.);
#5519=ORIENTED_EDGE('',*,*,#4107,.T.);
#5520=ORIENTED_EDGE('',*,*,#4069,.T.);
#5521=ORIENTED_EDGE('',*,*,#4111,.T.);
#5522=ORIENTED_EDGE('',*,*,#4112,.T.);
#5523=ORIENTED_EDGE('',*,*,#4113,.F.);
#5524=ORIENTED_EDGE('',*,*,#4114,.F.);
#5525=ORIENTED_EDGE('',*,*,#4115,.T.);
#5526=ORIENTED_EDGE('',*,*,#4116,.T.);
#5527=ORIENTED_EDGE('',*,*,#4117,.F.);
#5528=ORIENTED_EDGE('',*,*,#4116,.F.);
#5529=ORIENTED_EDGE('',*,*,#4118,.T.);
#5530=ORIENTED_EDGE('',*,*,#4119,.F.);
#5531=ORIENTED_EDGE('',*,*,#4120,.T.);
#5532=ORIENTED_EDGE('',*,*,#4121,.T.);
#5533=ORIENTED_EDGE('',*,*,#4122,.T.);
#5534=ORIENTED_EDGE('',*,*,#4123,.F.);
#5535=ORIENTED_EDGE('',*,*,#4124,.T.);
#5536=ORIENTED_EDGE('',*,*,#4125,.T.);
#5537=ORIENTED_EDGE('',*,*,#4126,.T.);
#5538=ORIENTED_EDGE('',*,*,#4127,.T.);
#5539=ORIENTED_EDGE('',*,*,#4128,.T.);
#5540=ORIENTED_EDGE('',*,*,#4127,.F.);
#5541=ORIENTED_EDGE('',*,*,#4129,.F.);
#5542=ORIENTED_EDGE('',*,*,#4130,.F.);
#5543=ORIENTED_EDGE('',*,*,#4131,.T.);
#5544=ORIENTED_EDGE('',*,*,#4132,.T.);
#5545=ORIENTED_EDGE('',*,*,#4133,.F.);
#5546=ORIENTED_EDGE('',*,*,#4134,.F.);
#5547=ORIENTED_EDGE('',*,*,#4135,.T.);
#5548=ORIENTED_EDGE('',*,*,#4136,.T.);
#5549=ORIENTED_EDGE('',*,*,#4137,.F.);
#5550=ORIENTED_EDGE('',*,*,#4138,.T.);
#5551=ORIENTED_EDGE('',*,*,#4139,.T.);
#5552=ORIENTED_EDGE('',*,*,#4138,.F.);
#5553=ORIENTED_EDGE('',*,*,#4115,.F.);
#5554=ORIENTED_EDGE('',*,*,#4140,.T.);
#5555=ORIENTED_EDGE('',*,*,#4141,.F.);
#5556=ORIENTED_EDGE('',*,*,#4142,.T.);
#5557=ORIENTED_EDGE('',*,*,#4143,.F.);
#5558=ORIENTED_EDGE('',*,*,#4144,.F.);
#5559=ORIENTED_EDGE('',*,*,#4145,.F.);
#5560=ORIENTED_EDGE('',*,*,#4146,.F.);
#5561=ORIENTED_EDGE('',*,*,#4147,.F.);
#5562=ORIENTED_EDGE('',*,*,#4118,.F.);
#5563=ORIENTED_EDGE('',*,*,#4148,.T.);
#5564=ORIENTED_EDGE('',*,*,#4146,.T.);
#5565=ORIENTED_EDGE('',*,*,#4149,.F.);
#5566=ORIENTED_EDGE('',*,*,#4150,.F.);
#5567=ORIENTED_EDGE('',*,*,#4151,.F.);
#5568=ORIENTED_EDGE('',*,*,#4152,.T.);
#5569=ORIENTED_EDGE('',*,*,#4153,.F.);
#5570=ORIENTED_EDGE('',*,*,#4154,.T.);
#5571=ORIENTED_EDGE('',*,*,#4155,.T.);
#5572=ORIENTED_EDGE('',*,*,#4156,.F.);
#5573=ORIENTED_EDGE('',*,*,#4157,.F.);
#5574=ORIENTED_EDGE('',*,*,#4158,.T.);
#5575=ORIENTED_EDGE('',*,*,#4159,.T.);
#5576=ORIENTED_EDGE('',*,*,#4152,.F.);
#5577=ORIENTED_EDGE('',*,*,#4160,.F.);
#5578=ORIENTED_EDGE('',*,*,#4161,.T.);
#5579=ORIENTED_EDGE('',*,*,#4162,.T.);
#5580=ORIENTED_EDGE('',*,*,#4163,.T.);
#5581=ORIENTED_EDGE('',*,*,#4164,.T.);
#5582=ORIENTED_EDGE('',*,*,#4165,.F.);
#5583=ORIENTED_EDGE('',*,*,#4166,.T.);
#5584=ORIENTED_EDGE('',*,*,#4167,.T.);
#5585=ORIENTED_EDGE('',*,*,#4168,.F.);
#5586=ORIENTED_EDGE('',*,*,#4169,.F.);
#5587=ORIENTED_EDGE('',*,*,#4170,.F.);
#5588=ORIENTED_EDGE('',*,*,#4171,.T.);
#5589=ORIENTED_EDGE('',*,*,#4172,.F.);
#5590=ORIENTED_EDGE('',*,*,#4173,.F.);
#5591=ORIENTED_EDGE('',*,*,#4174,.F.);
#5592=ORIENTED_EDGE('',*,*,#4175,.F.);
#5593=ORIENTED_EDGE('',*,*,#4176,.F.);
#5594=ORIENTED_EDGE('',*,*,#4177,.F.);
#5595=ORIENTED_EDGE('',*,*,#4178,.F.);
#5596=ORIENTED_EDGE('',*,*,#4179,.F.);
#5597=ORIENTED_EDGE('',*,*,#4113,.T.);
#5598=ORIENTED_EDGE('',*,*,#4180,.T.);
#5599=ORIENTED_EDGE('',*,*,#4181,.F.);
#5600=ORIENTED_EDGE('',*,*,#4133,.T.);
#5601=ORIENTED_EDGE('',*,*,#4182,.F.);
#5602=ORIENTED_EDGE('',*,*,#4122,.F.);
#5603=ORIENTED_EDGE('',*,*,#4183,.T.);
#5604=ORIENTED_EDGE('',*,*,#4177,.T.);
#5605=ORIENTED_EDGE('',*,*,#4184,.F.);
#5606=ORIENTED_EDGE('',*,*,#4185,.F.);
#5607=ORIENTED_EDGE('',*,*,#4186,.F.);
#5608=ORIENTED_EDGE('',*,*,#4187,.T.);
#5609=ORIENTED_EDGE('',*,*,#4188,.F.);
#5610=ORIENTED_EDGE('',*,*,#4189,.T.);
#5611=ORIENTED_EDGE('',*,*,#4190,.T.);
#5612=ORIENTED_EDGE('',*,*,#4187,.F.);
#5613=ORIENTED_EDGE('',*,*,#4191,.F.);
#5614=ORIENTED_EDGE('',*,*,#4192,.T.);
#5615=ORIENTED_EDGE('',*,*,#4193,.F.);
#5616=ORIENTED_EDGE('',*,*,#4194,.T.);
#5617=ORIENTED_EDGE('',*,*,#4195,.T.);
#5618=ORIENTED_EDGE('',*,*,#4196,.T.);
#5619=ORIENTED_EDGE('',*,*,#4129,.T.);
#5620=ORIENTED_EDGE('',*,*,#4137,.T.);
#5621=ORIENTED_EDGE('',*,*,#4197,.T.);
#5622=ORIENTED_EDGE('',*,*,#4198,.F.);
#5623=ORIENTED_EDGE('',*,*,#4167,.F.);
#5624=ORIENTED_EDGE('',*,*,#4199,.T.);
#5625=ORIENTED_EDGE('',*,*,#4200,.T.);
#5626=ORIENTED_EDGE('',*,*,#4199,.F.);
#5627=ORIENTED_EDGE('',*,*,#4166,.F.);
#5628=ORIENTED_EDGE('',*,*,#4201,.T.);
#5629=ORIENTED_EDGE('',*,*,#4202,.F.);
#5630=ORIENTED_EDGE('',*,*,#4201,.F.);
#5631=ORIENTED_EDGE('',*,*,#4165,.T.);
#5632=ORIENTED_EDGE('',*,*,#4203,.T.);
#5633=ORIENTED_EDGE('',*,*,#4204,.T.);
#5634=ORIENTED_EDGE('',*,*,#4203,.F.);
#5635=ORIENTED_EDGE('',*,*,#4164,.F.);
#5636=ORIENTED_EDGE('',*,*,#4205,.T.);
#5637=ORIENTED_EDGE('',*,*,#4206,.T.);
#5638=ORIENTED_EDGE('',*,*,#4205,.F.);
#5639=ORIENTED_EDGE('',*,*,#4163,.F.);
#5640=ORIENTED_EDGE('',*,*,#4207,.T.);
#5641=ORIENTED_EDGE('',*,*,#4208,.T.);
#5642=ORIENTED_EDGE('',*,*,#4207,.F.);
#5643=ORIENTED_EDGE('',*,*,#4162,.F.);
#5644=ORIENTED_EDGE('',*,*,#4209,.T.);
#5645=ORIENTED_EDGE('',*,*,#4210,.T.);
#5646=ORIENTED_EDGE('',*,*,#4209,.F.);
#5647=ORIENTED_EDGE('',*,*,#4161,.F.);
#5648=ORIENTED_EDGE('',*,*,#4211,.F.);
#5649=ORIENTED_EDGE('',*,*,#4144,.T.);
#5650=ORIENTED_EDGE('',*,*,#4212,.F.);
#5651=ORIENTED_EDGE('',*,*,#4213,.F.);
#5652=ORIENTED_EDGE('',*,*,#4214,.F.);
#5653=ORIENTED_EDGE('',*,*,#4215,.T.);
#5654=ORIENTED_EDGE('',*,*,#4194,.F.);
#5655=ORIENTED_EDGE('',*,*,#4216,.F.);
#5656=ORIENTED_EDGE('',*,*,#4217,.T.);
#5657=ORIENTED_EDGE('',*,*,#4218,.F.);
#5658=ORIENTED_EDGE('',*,*,#4142,.F.);
#5659=ORIENTED_EDGE('',*,*,#4219,.F.);
#5660=ORIENTED_EDGE('',*,*,#4220,.T.);
#5661=ORIENTED_EDGE('',*,*,#4221,.T.);
#5662=ORIENTED_EDGE('',*,*,#4222,.F.);
#5663=ORIENTED_EDGE('',*,*,#4192,.F.);
#5664=ORIENTED_EDGE('',*,*,#4223,.F.);
#5665=ORIENTED_EDGE('',*,*,#4175,.T.);
#5666=ORIENTED_EDGE('',*,*,#4224,.T.);
#5667=ORIENTED_EDGE('',*,*,#4225,.F.);
#5668=ORIENTED_EDGE('',*,*,#4226,.F.);
#5669=ORIENTED_EDGE('',*,*,#4227,.F.);
#5670=ORIENTED_EDGE('',*,*,#4224,.F.);
#5671=ORIENTED_EDGE('',*,*,#4174,.T.);
#5672=ORIENTED_EDGE('',*,*,#4228,.T.);
#5673=ORIENTED_EDGE('',*,*,#4229,.F.);
#5674=ORIENTED_EDGE('',*,*,#4228,.F.);
#5675=ORIENTED_EDGE('',*,*,#4173,.T.);
#5676=ORIENTED_EDGE('',*,*,#4230,.T.);
#5677=ORIENTED_EDGE('',*,*,#4231,.F.);
#5678=ORIENTED_EDGE('',*,*,#4230,.F.);
#5679=ORIENTED_EDGE('',*,*,#4172,.T.);
#5680=ORIENTED_EDGE('',*,*,#4232,.T.);
#5681=ORIENTED_EDGE('',*,*,#4233,.T.);
#5682=ORIENTED_EDGE('',*,*,#4232,.F.);
#5683=ORIENTED_EDGE('',*,*,#4171,.F.);
#5684=ORIENTED_EDGE('',*,*,#4234,.T.);
#5685=ORIENTED_EDGE('',*,*,#4235,.F.);
#5686=ORIENTED_EDGE('',*,*,#4234,.F.);
#5687=ORIENTED_EDGE('',*,*,#4170,.T.);
#5688=ORIENTED_EDGE('',*,*,#4236,.T.);
#5689=ORIENTED_EDGE('',*,*,#4237,.F.);
#5690=ORIENTED_EDGE('',*,*,#4236,.F.);
#5691=ORIENTED_EDGE('',*,*,#4169,.T.);
#5692=ORIENTED_EDGE('',*,*,#4238,.T.);
#5693=ORIENTED_EDGE('',*,*,#4239,.F.);
#5694=ORIENTED_EDGE('',*,*,#4238,.F.);
#5695=ORIENTED_EDGE('',*,*,#4168,.T.);
#5696=ORIENTED_EDGE('',*,*,#4198,.T.);
#5697=ORIENTED_EDGE('',*,*,#4150,.T.);
#5698=ORIENTED_EDGE('',*,*,#4240,.F.);
#5699=ORIENTED_EDGE('',*,*,#4213,.T.);
#5700=ORIENTED_EDGE('',*,*,#4241,.F.);
#5701=ORIENTED_EDGE('',*,*,#4217,.F.);
#5702=ORIENTED_EDGE('',*,*,#4242,.F.);
#5703=ORIENTED_EDGE('',*,*,#4221,.F.);
#5704=ORIENTED_EDGE('',*,*,#4243,.F.);
#5705=ORIENTED_EDGE('',*,*,#4185,.T.);
#5706=ORIENTED_EDGE('',*,*,#4244,.F.);
#5707=ORIENTED_EDGE('',*,*,#4225,.T.);
#5708=ORIENTED_EDGE('',*,*,#4227,.T.);
#5709=ORIENTED_EDGE('',*,*,#4229,.T.);
#5710=ORIENTED_EDGE('',*,*,#4231,.T.);
#5711=ORIENTED_EDGE('',*,*,#4233,.F.);
#5712=ORIENTED_EDGE('',*,*,#4235,.T.);
#5713=ORIENTED_EDGE('',*,*,#4237,.T.);
#5714=ORIENTED_EDGE('',*,*,#4239,.T.);
#5715=ORIENTED_EDGE('',*,*,#4197,.F.);
#5716=ORIENTED_EDGE('',*,*,#4200,.F.);
#5717=ORIENTED_EDGE('',*,*,#4202,.T.);
#5718=ORIENTED_EDGE('',*,*,#4204,.F.);
#5719=ORIENTED_EDGE('',*,*,#4206,.F.);
#5720=ORIENTED_EDGE('',*,*,#4208,.F.);
#5721=ORIENTED_EDGE('',*,*,#4210,.F.);
#5722=ORIENTED_EDGE('',*,*,#4245,.F.);
#5723=ORIENTED_EDGE('',*,*,#4128,.F.);
#5724=ORIENTED_EDGE('',*,*,#4139,.F.);
#5725=ORIENTED_EDGE('',*,*,#4117,.T.);
#5726=ORIENTED_EDGE('',*,*,#4143,.T.);
#5727=ORIENTED_EDGE('',*,*,#4218,.T.);
#5728=ORIENTED_EDGE('',*,*,#4241,.T.);
#5729=ORIENTED_EDGE('',*,*,#4212,.T.);
#5730=ORIENTED_EDGE('',*,*,#4193,.T.);
#5731=ORIENTED_EDGE('',*,*,#4222,.T.);
#5732=ORIENTED_EDGE('',*,*,#4242,.T.);
#5733=ORIENTED_EDGE('',*,*,#4216,.T.);
#5734=ORIENTED_EDGE('',*,*,#4160,.T.);
#5735=ORIENTED_EDGE('',*,*,#4151,.T.);
#5736=ORIENTED_EDGE('',*,*,#4245,.T.);
#5737=ORIENTED_EDGE('',*,*,#4211,.T.);
#5738=ORIENTED_EDGE('',*,*,#4145,.T.);
#5739=ORIENTED_EDGE('',*,*,#4214,.T.);
#5740=ORIENTED_EDGE('',*,*,#4240,.T.);
#5741=ORIENTED_EDGE('',*,*,#4149,.T.);
#5742=ORIENTED_EDGE('',*,*,#4176,.T.);
#5743=ORIENTED_EDGE('',*,*,#4226,.T.);
#5744=ORIENTED_EDGE('',*,*,#4244,.T.);
#5745=ORIENTED_EDGE('',*,*,#4184,.T.);
#5746=ORIENTED_EDGE('',*,*,#4191,.T.);
#5747=ORIENTED_EDGE('',*,*,#4186,.T.);
#5748=ORIENTED_EDGE('',*,*,#4243,.T.);
#5749=ORIENTED_EDGE('',*,*,#4223,.T.);
#5750=ORIENTED_EDGE('',*,*,#4195,.F.);
#5751=ORIENTED_EDGE('',*,*,#4215,.F.);
#5752=ORIENTED_EDGE('',*,*,#4246,.T.);
#5753=ORIENTED_EDGE('',*,*,#4247,.T.);
#5754=ORIENTED_EDGE('',*,*,#4141,.T.);
#5755=ORIENTED_EDGE('',*,*,#4248,.F.);
#5756=ORIENTED_EDGE('',*,*,#4249,.F.);
#5757=ORIENTED_EDGE('',*,*,#4219,.T.);
#5758=ORIENTED_EDGE('',*,*,#4140,.F.);
#5759=ORIENTED_EDGE('',*,*,#4125,.F.);
#5760=ORIENTED_EDGE('',*,*,#4250,.T.);
#5761=ORIENTED_EDGE('',*,*,#4248,.T.);
#5762=ORIENTED_EDGE('',*,*,#4182,.T.);
#5763=ORIENTED_EDGE('',*,*,#4132,.F.);
#5764=ORIENTED_EDGE('',*,*,#4251,.F.);
#5765=ORIENTED_EDGE('',*,*,#4123,.T.);
#5766=ORIENTED_EDGE('',*,*,#4196,.F.);
#5767=ORIENTED_EDGE('',*,*,#4247,.F.);
#5768=ORIENTED_EDGE('',*,*,#4252,.T.);
#5769=ORIENTED_EDGE('',*,*,#4130,.T.);
#5770=ORIENTED_EDGE('',*,*,#4246,.F.);
#5771=ORIENTED_EDGE('',*,*,#4220,.F.);
#5772=ORIENTED_EDGE('',*,*,#4249,.T.);
#5773=ORIENTED_EDGE('',*,*,#4250,.F.);
#5774=ORIENTED_EDGE('',*,*,#4124,.F.);
#5775=ORIENTED_EDGE('',*,*,#4251,.T.);
#5776=ORIENTED_EDGE('',*,*,#4131,.F.);
#5777=ORIENTED_EDGE('',*,*,#4252,.F.);
#5778=ORIENTED_EDGE('',*,*,#4126,.F.);
#5779=ORIENTED_EDGE('',*,*,#4179,.T.);
#5780=ORIENTED_EDGE('',*,*,#4253,.F.);
#5781=ORIENTED_EDGE('',*,*,#4254,.F.);
#5782=ORIENTED_EDGE('',*,*,#4114,.T.);
#5783=ORIENTED_EDGE('',*,*,#4178,.T.);
#5784=ORIENTED_EDGE('',*,*,#4183,.F.);
#5785=ORIENTED_EDGE('',*,*,#4255,.F.);
#5786=ORIENTED_EDGE('',*,*,#4253,.T.);
#5787=ORIENTED_EDGE('',*,*,#4190,.F.);
#5788=ORIENTED_EDGE('',*,*,#4136,.F.);
#5789=ORIENTED_EDGE('',*,*,#4256,.T.);
#5790=ORIENTED_EDGE('',*,*,#4188,.T.);
#5791=ORIENTED_EDGE('',*,*,#4181,.T.);
#5792=ORIENTED_EDGE('',*,*,#4257,.F.);
#5793=ORIENTED_EDGE('',*,*,#4258,.F.);
#5794=ORIENTED_EDGE('',*,*,#4134,.T.);
#5795=ORIENTED_EDGE('',*,*,#4180,.F.);
#5796=ORIENTED_EDGE('',*,*,#4112,.F.);
#5797=ORIENTED_EDGE('',*,*,#4259,.T.);
#5798=ORIENTED_EDGE('',*,*,#4257,.T.);
#5799=ORIENTED_EDGE('',*,*,#4254,.T.);
#5800=ORIENTED_EDGE('',*,*,#4255,.T.);
#5801=ORIENTED_EDGE('',*,*,#4189,.F.);
#5802=ORIENTED_EDGE('',*,*,#4256,.F.);
#5803=ORIENTED_EDGE('',*,*,#4135,.F.);
#5804=ORIENTED_EDGE('',*,*,#4258,.T.);
#5805=ORIENTED_EDGE('',*,*,#4259,.F.);
#5806=ORIENTED_EDGE('',*,*,#4111,.F.);
#5807=ORIENTED_EDGE('',*,*,#4157,.T.);
#5808=ORIENTED_EDGE('',*,*,#4260,.F.);
#5809=ORIENTED_EDGE('',*,*,#4261,.F.);
#5810=ORIENTED_EDGE('',*,*,#4262,.T.);
#5811=ORIENTED_EDGE('',*,*,#4156,.T.);
#5812=ORIENTED_EDGE('',*,*,#4263,.F.);
#5813=ORIENTED_EDGE('',*,*,#4264,.F.);
#5814=ORIENTED_EDGE('',*,*,#4260,.T.);
#5815=ORIENTED_EDGE('',*,*,#4155,.F.);
#5816=ORIENTED_EDGE('',*,*,#4121,.F.);
#5817=ORIENTED_EDGE('',*,*,#4265,.T.);
#5818=ORIENTED_EDGE('',*,*,#4263,.T.);
#5819=ORIENTED_EDGE('',*,*,#4147,.T.);
#5820=ORIENTED_EDGE('',*,*,#4148,.F.);
#5821=ORIENTED_EDGE('',*,*,#4266,.F.);
#5822=ORIENTED_EDGE('',*,*,#4119,.T.);
#5823=ORIENTED_EDGE('',*,*,#4159,.F.);
#5824=ORIENTED_EDGE('',*,*,#4267,.F.);
#5825=ORIENTED_EDGE('',*,*,#4268,.T.);
#5826=ORIENTED_EDGE('',*,*,#4153,.T.);
#5827=ORIENTED_EDGE('',*,*,#4158,.F.);
#5828=ORIENTED_EDGE('',*,*,#4262,.F.);
#5829=ORIENTED_EDGE('',*,*,#4269,.T.);
#5830=ORIENTED_EDGE('',*,*,#4267,.T.);
#5831=ORIENTED_EDGE('',*,*,#4261,.T.);
#5832=ORIENTED_EDGE('',*,*,#4264,.T.);
#5833=ORIENTED_EDGE('',*,*,#4265,.F.);
#5834=ORIENTED_EDGE('',*,*,#4120,.F.);
#5835=ORIENTED_EDGE('',*,*,#4266,.T.);
#5836=ORIENTED_EDGE('',*,*,#4154,.F.);
#5837=ORIENTED_EDGE('',*,*,#4268,.F.);
#5838=ORIENTED_EDGE('',*,*,#4269,.F.);
#5839=ORIENTED_EDGE('',*,*,#4270,.T.);
#5840=ORIENTED_EDGE('',*,*,#4271,.T.);
#5841=ORIENTED_EDGE('',*,*,#4272,.T.);
#5842=ORIENTED_EDGE('',*,*,#4273,.T.);
#5843=ORIENTED_EDGE('',*,*,#4274,.T.);
#5844=ORIENTED_EDGE('',*,*,#4275,.T.);
#5845=ORIENTED_EDGE('',*,*,#4276,.T.);
#5846=ORIENTED_EDGE('',*,*,#4277,.T.);
#5847=ORIENTED_EDGE('',*,*,#4278,.T.);
#5848=ORIENTED_EDGE('',*,*,#4279,.T.);
#5849=ORIENTED_EDGE('',*,*,#4280,.T.);
#5850=ORIENTED_EDGE('',*,*,#4281,.T.);
#5851=ORIENTED_EDGE('',*,*,#4282,.T.);
#5852=ORIENTED_EDGE('',*,*,#4283,.T.);
#5853=ORIENTED_EDGE('',*,*,#4284,.T.);
#5854=ORIENTED_EDGE('',*,*,#4271,.F.);
#5855=ORIENTED_EDGE('',*,*,#4270,.F.);
#5856=ORIENTED_EDGE('',*,*,#4284,.F.);
#5857=ORIENTED_EDGE('',*,*,#4285,.T.);
#5858=ORIENTED_EDGE('',*,*,#4286,.F.);
#5859=ORIENTED_EDGE('',*,*,#4287,.F.);
#5860=ORIENTED_EDGE('',*,*,#4272,.F.);
#5861=ORIENTED_EDGE('',*,*,#4273,.F.);
#5862=ORIENTED_EDGE('',*,*,#4287,.T.);
#5863=ORIENTED_EDGE('',*,*,#4288,.F.);
#5864=ORIENTED_EDGE('',*,*,#4289,.F.);
#5865=ORIENTED_EDGE('',*,*,#4274,.F.);
#5866=ORIENTED_EDGE('',*,*,#4289,.T.);
#5867=ORIENTED_EDGE('',*,*,#4290,.F.);
#5868=ORIENTED_EDGE('',*,*,#4291,.F.);
#5869=ORIENTED_EDGE('',*,*,#4275,.F.);
#5870=ORIENTED_EDGE('',*,*,#4291,.T.);
#5871=ORIENTED_EDGE('',*,*,#4292,.F.);
#5872=ORIENTED_EDGE('',*,*,#4293,.F.);
#5873=ORIENTED_EDGE('',*,*,#4276,.F.);
#5874=ORIENTED_EDGE('',*,*,#4293,.T.);
#5875=ORIENTED_EDGE('',*,*,#4294,.F.);
#5876=ORIENTED_EDGE('',*,*,#4295,.F.);
#5877=ORIENTED_EDGE('',*,*,#4277,.F.);
#5878=ORIENTED_EDGE('',*,*,#4295,.T.);
#5879=ORIENTED_EDGE('',*,*,#4296,.F.);
#5880=ORIENTED_EDGE('',*,*,#4297,.F.);
#5881=ORIENTED_EDGE('',*,*,#4278,.F.);
#5882=ORIENTED_EDGE('',*,*,#4297,.T.);
#5883=ORIENTED_EDGE('',*,*,#4298,.F.);
#5884=ORIENTED_EDGE('',*,*,#4299,.F.);
#5885=ORIENTED_EDGE('',*,*,#4279,.F.);
#5886=ORIENTED_EDGE('',*,*,#4299,.T.);
#5887=ORIENTED_EDGE('',*,*,#4300,.F.);
#5888=ORIENTED_EDGE('',*,*,#4301,.F.);
#5889=ORIENTED_EDGE('',*,*,#4280,.F.);
#5890=ORIENTED_EDGE('',*,*,#4301,.T.);
#5891=ORIENTED_EDGE('',*,*,#4302,.F.);
#5892=ORIENTED_EDGE('',*,*,#4303,.F.);
#5893=ORIENTED_EDGE('',*,*,#4281,.F.);
#5894=ORIENTED_EDGE('',*,*,#4303,.T.);
#5895=ORIENTED_EDGE('',*,*,#4304,.F.);
#5896=ORIENTED_EDGE('',*,*,#4305,.F.);
#5897=ORIENTED_EDGE('',*,*,#4282,.F.);
#5898=ORIENTED_EDGE('',*,*,#4305,.T.);
#5899=ORIENTED_EDGE('',*,*,#4306,.F.);
#5900=ORIENTED_EDGE('',*,*,#4307,.F.);
#5901=ORIENTED_EDGE('',*,*,#4283,.F.);
#5902=ORIENTED_EDGE('',*,*,#4307,.T.);
#5903=ORIENTED_EDGE('',*,*,#4308,.F.);
#5904=ORIENTED_EDGE('',*,*,#4285,.F.);
#5905=ORIENTED_EDGE('',*,*,#4286,.T.);
#5906=ORIENTED_EDGE('',*,*,#4308,.T.);
#5907=ORIENTED_EDGE('',*,*,#4306,.T.);
#5908=ORIENTED_EDGE('',*,*,#4304,.T.);
#5909=ORIENTED_EDGE('',*,*,#4302,.T.);
#5910=ORIENTED_EDGE('',*,*,#4300,.T.);
#5911=ORIENTED_EDGE('',*,*,#4298,.T.);
#5912=ORIENTED_EDGE('',*,*,#4296,.T.);
#5913=ORIENTED_EDGE('',*,*,#4294,.T.);
#5914=ORIENTED_EDGE('',*,*,#4292,.T.);
#5915=ORIENTED_EDGE('',*,*,#4290,.T.);
#5916=ORIENTED_EDGE('',*,*,#4288,.T.);
#5917=ORIENTED_EDGE('',*,*,#4309,.F.);
#5918=ORIENTED_EDGE('',*,*,#4310,.T.);
#5919=ORIENTED_EDGE('',*,*,#4311,.T.);
#5920=ORIENTED_EDGE('',*,*,#4312,.T.);
#5921=ORIENTED_EDGE('',*,*,#4313,.T.);
#5922=ORIENTED_EDGE('',*,*,#4314,.T.);
#5923=ORIENTED_EDGE('',*,*,#4315,.T.);
#5924=ORIENTED_EDGE('',*,*,#4316,.T.);
#5925=ORIENTED_EDGE('',*,*,#4317,.T.);
#5926=ORIENTED_EDGE('',*,*,#4318,.T.);
#5927=ORIENTED_EDGE('',*,*,#4319,.T.);
#5928=ORIENTED_EDGE('',*,*,#4320,.T.);
#5929=ORIENTED_EDGE('',*,*,#4321,.T.);
#5930=ORIENTED_EDGE('',*,*,#4322,.T.);
#5931=ORIENTED_EDGE('',*,*,#4323,.T.);
#5932=ORIENTED_EDGE('',*,*,#4310,.F.);
#5933=ORIENTED_EDGE('',*,*,#4309,.T.);
#5934=ORIENTED_EDGE('',*,*,#4317,.F.);
#5935=ORIENTED_EDGE('',*,*,#4324,.T.);
#5936=ORIENTED_EDGE('',*,*,#4325,.T.);
#5937=ORIENTED_EDGE('',*,*,#4326,.F.);
#5938=ORIENTED_EDGE('',*,*,#4318,.F.);
#5939=ORIENTED_EDGE('',*,*,#4326,.T.);
#5940=ORIENTED_EDGE('',*,*,#4327,.T.);
#5941=ORIENTED_EDGE('',*,*,#4328,.F.);
#5942=ORIENTED_EDGE('',*,*,#4319,.F.);
#5943=ORIENTED_EDGE('',*,*,#4328,.T.);
#5944=ORIENTED_EDGE('',*,*,#4329,.T.);
#5945=ORIENTED_EDGE('',*,*,#4330,.F.);
#5946=ORIENTED_EDGE('',*,*,#4320,.F.);
#5947=ORIENTED_EDGE('',*,*,#4330,.T.);
#5948=ORIENTED_EDGE('',*,*,#4331,.T.);
#5949=ORIENTED_EDGE('',*,*,#4332,.F.);
#5950=ORIENTED_EDGE('',*,*,#4321,.F.);
#5951=ORIENTED_EDGE('',*,*,#4332,.T.);
#5952=ORIENTED_EDGE('',*,*,#4333,.T.);
#5953=ORIENTED_EDGE('',*,*,#4334,.F.);
#5954=ORIENTED_EDGE('',*,*,#4322,.F.);
#5955=ORIENTED_EDGE('',*,*,#4334,.T.);
#5956=ORIENTED_EDGE('',*,*,#4335,.T.);
#5957=ORIENTED_EDGE('',*,*,#4336,.F.);
#5958=ORIENTED_EDGE('',*,*,#4323,.F.);
#5959=ORIENTED_EDGE('',*,*,#4336,.T.);
#5960=ORIENTED_EDGE('',*,*,#4337,.T.);
#5961=ORIENTED_EDGE('',*,*,#4338,.F.);
#5962=ORIENTED_EDGE('',*,*,#4311,.F.);
#5963=ORIENTED_EDGE('',*,*,#4312,.F.);
#5964=ORIENTED_EDGE('',*,*,#4338,.T.);
#5965=ORIENTED_EDGE('',*,*,#4339,.T.);
#5966=ORIENTED_EDGE('',*,*,#4340,.F.);
#5967=ORIENTED_EDGE('',*,*,#4313,.F.);
#5968=ORIENTED_EDGE('',*,*,#4340,.T.);
#5969=ORIENTED_EDGE('',*,*,#4341,.T.);
#5970=ORIENTED_EDGE('',*,*,#4342,.F.);
#5971=ORIENTED_EDGE('',*,*,#4314,.F.);
#5972=ORIENTED_EDGE('',*,*,#4342,.T.);
#5973=ORIENTED_EDGE('',*,*,#4343,.T.);
#5974=ORIENTED_EDGE('',*,*,#4344,.F.);
#5975=ORIENTED_EDGE('',*,*,#4315,.F.);
#5976=ORIENTED_EDGE('',*,*,#4344,.T.);
#5977=ORIENTED_EDGE('',*,*,#4345,.T.);
#5978=ORIENTED_EDGE('',*,*,#4346,.F.);
#5979=ORIENTED_EDGE('',*,*,#4316,.F.);
#5980=ORIENTED_EDGE('',*,*,#4346,.T.);
#5981=ORIENTED_EDGE('',*,*,#4347,.T.);
#5982=ORIENTED_EDGE('',*,*,#4324,.F.);
#5983=ORIENTED_EDGE('',*,*,#4325,.F.);
#5984=ORIENTED_EDGE('',*,*,#4347,.F.);
#5985=ORIENTED_EDGE('',*,*,#4345,.F.);
#5986=ORIENTED_EDGE('',*,*,#4343,.F.);
#5987=ORIENTED_EDGE('',*,*,#4341,.F.);
#5988=ORIENTED_EDGE('',*,*,#4339,.F.);
#5989=ORIENTED_EDGE('',*,*,#4337,.F.);
#5990=ORIENTED_EDGE('',*,*,#4335,.F.);
#5991=ORIENTED_EDGE('',*,*,#4333,.F.);
#5992=ORIENTED_EDGE('',*,*,#4331,.F.);
#5993=ORIENTED_EDGE('',*,*,#4329,.F.);
#5994=ORIENTED_EDGE('',*,*,#4327,.F.);
#5995=ORIENTED_EDGE('',*,*,#4348,.T.);
#5996=ORIENTED_EDGE('',*,*,#4349,.T.);
#5997=ORIENTED_EDGE('',*,*,#4350,.T.);
#5998=ORIENTED_EDGE('',*,*,#4349,.F.);
#5999=ORIENTED_EDGE('',*,*,#4351,.T.);
#6000=ORIENTED_EDGE('',*,*,#4352,.T.);
#6001=ORIENTED_EDGE('',*,*,#4350,.F.);
#6002=ORIENTED_EDGE('',*,*,#4353,.F.);
#6003=ORIENTED_EDGE('',*,*,#4354,.T.);
#6004=ORIENTED_EDGE('',*,*,#4355,.T.);
#6005=ORIENTED_EDGE('',*,*,#4354,.F.);
#6006=ORIENTED_EDGE('',*,*,#4352,.F.);
#6007=ORIENTED_EDGE('',*,*,#4356,.T.);
#6008=ORIENTED_EDGE('',*,*,#4353,.T.);
#6009=ORIENTED_EDGE('',*,*,#4356,.F.);
#6010=ORIENTED_EDGE('',*,*,#4348,.F.);
#6011=ORIENTED_EDGE('',*,*,#4357,.T.);
#6012=ORIENTED_EDGE('',*,*,#4358,.F.);
#6013=ORIENTED_EDGE('',*,*,#4357,.F.);
#6014=ORIENTED_EDGE('',*,*,#4351,.F.);
#6015=ORIENTED_EDGE('',*,*,#4355,.F.);
#6016=ORIENTED_EDGE('',*,*,#4359,.F.);
#6017=ORIENTED_EDGE('',*,*,#4360,.F.);
#6018=ORIENTED_EDGE('',*,*,#4361,.F.);
#6019=ORIENTED_EDGE('',*,*,#4362,.F.);
#6020=ORIENTED_EDGE('',*,*,#4363,.F.);
#6021=ORIENTED_EDGE('',*,*,#4364,.F.);
#6022=ORIENTED_EDGE('',*,*,#4358,.T.);
#6023=ORIENTED_EDGE('',*,*,#4365,.T.);
#6024=ORIENTED_EDGE('',*,*,#4361,.T.);
#6025=ORIENTED_EDGE('',*,*,#4366,.T.);
#6026=ORIENTED_EDGE('',*,*,#4360,.T.);
#6027=ORIENTED_EDGE('',*,*,#4367,.T.);
#6028=ORIENTED_EDGE('',*,*,#4359,.T.);
#6029=ORIENTED_EDGE('',*,*,#4368,.T.);
#6030=ORIENTED_EDGE('',*,*,#4364,.T.);
#6031=ORIENTED_EDGE('',*,*,#4369,.T.);
#6032=ORIENTED_EDGE('',*,*,#4363,.T.);
#6033=ORIENTED_EDGE('',*,*,#4370,.T.);
#6034=ORIENTED_EDGE('',*,*,#4362,.T.);
#6035=ORIENTED_EDGE('',*,*,#4371,.F.);
#6036=ORIENTED_EDGE('',*,*,#4372,.F.);
#6037=ORIENTED_EDGE('',*,*,#4373,.F.);
#6038=ORIENTED_EDGE('',*,*,#4374,.F.);
#6039=ORIENTED_EDGE('',*,*,#4375,.F.);
#6040=ORIENTED_EDGE('',*,*,#4376,.F.);
#6041=ORIENTED_EDGE('',*,*,#4365,.F.);
#6042=ORIENTED_EDGE('',*,*,#4377,.F.);
#6043=ORIENTED_EDGE('',*,*,#4372,.T.);
#6044=ORIENTED_EDGE('',*,*,#4378,.T.);
#6045=ORIENTED_EDGE('',*,*,#4366,.F.);
#6046=ORIENTED_EDGE('',*,*,#4379,.F.);
#6047=ORIENTED_EDGE('',*,*,#4373,.T.);
#6048=ORIENTED_EDGE('',*,*,#4377,.T.);
#6049=ORIENTED_EDGE('',*,*,#4367,.F.);
#6050=ORIENTED_EDGE('',*,*,#4380,.F.);
#6051=ORIENTED_EDGE('',*,*,#4374,.T.);
#6052=ORIENTED_EDGE('',*,*,#4379,.T.);
#6053=ORIENTED_EDGE('',*,*,#4368,.F.);
#6054=ORIENTED_EDGE('',*,*,#4381,.F.);
#6055=ORIENTED_EDGE('',*,*,#4375,.T.);
#6056=ORIENTED_EDGE('',*,*,#4380,.T.);
#6057=ORIENTED_EDGE('',*,*,#4369,.F.);
#6058=ORIENTED_EDGE('',*,*,#4382,.F.);
#6059=ORIENTED_EDGE('',*,*,#4376,.T.);
#6060=ORIENTED_EDGE('',*,*,#4381,.T.);
#6061=ORIENTED_EDGE('',*,*,#4370,.F.);
#6062=ORIENTED_EDGE('',*,*,#4378,.F.);
#6063=ORIENTED_EDGE('',*,*,#4371,.T.);
#6064=ORIENTED_EDGE('',*,*,#4382,.T.);
#6065=ORIENTED_EDGE('',*,*,#4383,.T.);
#6066=ORIENTED_EDGE('',*,*,#4384,.T.);
#6067=ORIENTED_EDGE('',*,*,#4385,.T.);
#6068=ORIENTED_EDGE('',*,*,#4384,.F.);
#6069=ORIENTED_EDGE('',*,*,#4386,.T.);
#6070=ORIENTED_EDGE('',*,*,#4387,.T.);
#6071=ORIENTED_EDGE('',*,*,#4385,.F.);
#6072=ORIENTED_EDGE('',*,*,#4388,.F.);
#6073=ORIENTED_EDGE('',*,*,#4389,.T.);
#6074=ORIENTED_EDGE('',*,*,#4390,.T.);
#6075=ORIENTED_EDGE('',*,*,#4389,.F.);
#6076=ORIENTED_EDGE('',*,*,#4387,.F.);
#6077=ORIENTED_EDGE('',*,*,#4391,.T.);
#6078=ORIENTED_EDGE('',*,*,#4388,.T.);
#6079=ORIENTED_EDGE('',*,*,#4391,.F.);
#6080=ORIENTED_EDGE('',*,*,#4383,.F.);
#6081=ORIENTED_EDGE('',*,*,#4392,.T.);
#6082=ORIENTED_EDGE('',*,*,#4393,.F.);
#6083=ORIENTED_EDGE('',*,*,#4392,.F.);
#6084=ORIENTED_EDGE('',*,*,#4386,.F.);
#6085=ORIENTED_EDGE('',*,*,#4390,.F.);
#6086=ORIENTED_EDGE('',*,*,#4394,.F.);
#6087=ORIENTED_EDGE('',*,*,#4395,.F.);
#6088=ORIENTED_EDGE('',*,*,#4396,.F.);
#6089=ORIENTED_EDGE('',*,*,#4397,.F.);
#6090=ORIENTED_EDGE('',*,*,#4398,.F.);
#6091=ORIENTED_EDGE('',*,*,#4399,.F.);
#6092=ORIENTED_EDGE('',*,*,#4393,.T.);
#6093=ORIENTED_EDGE('',*,*,#4400,.T.);
#6094=ORIENTED_EDGE('',*,*,#4396,.T.);
#6095=ORIENTED_EDGE('',*,*,#4401,.T.);
#6096=ORIENTED_EDGE('',*,*,#4395,.T.);
#6097=ORIENTED_EDGE('',*,*,#4402,.T.);
#6098=ORIENTED_EDGE('',*,*,#4394,.T.);
#6099=ORIENTED_EDGE('',*,*,#4403,.T.);
#6100=ORIENTED_EDGE('',*,*,#4399,.T.);
#6101=ORIENTED_EDGE('',*,*,#4404,.T.);
#6102=ORIENTED_EDGE('',*,*,#4398,.T.);
#6103=ORIENTED_EDGE('',*,*,#4405,.T.);
#6104=ORIENTED_EDGE('',*,*,#4397,.T.);
#6105=ORIENTED_EDGE('',*,*,#4406,.F.);
#6106=ORIENTED_EDGE('',*,*,#4407,.F.);
#6107=ORIENTED_EDGE('',*,*,#4408,.F.);
#6108=ORIENTED_EDGE('',*,*,#4409,.F.);
#6109=ORIENTED_EDGE('',*,*,#4410,.F.);
#6110=ORIENTED_EDGE('',*,*,#4411,.F.);
#6111=ORIENTED_EDGE('',*,*,#4400,.F.);
#6112=ORIENTED_EDGE('',*,*,#4412,.F.);
#6113=ORIENTED_EDGE('',*,*,#4407,.T.);
#6114=ORIENTED_EDGE('',*,*,#4413,.T.);
#6115=ORIENTED_EDGE('',*,*,#4401,.F.);
#6116=ORIENTED_EDGE('',*,*,#4414,.F.);
#6117=ORIENTED_EDGE('',*,*,#4408,.T.);
#6118=ORIENTED_EDGE('',*,*,#4412,.T.);
#6119=ORIENTED_EDGE('',*,*,#4402,.F.);
#6120=ORIENTED_EDGE('',*,*,#4415,.F.);
#6121=ORIENTED_EDGE('',*,*,#4409,.T.);
#6122=ORIENTED_EDGE('',*,*,#4414,.T.);
#6123=ORIENTED_EDGE('',*,*,#4403,.F.);
#6124=ORIENTED_EDGE('',*,*,#4416,.F.);
#6125=ORIENTED_EDGE('',*,*,#4410,.T.);
#6126=ORIENTED_EDGE('',*,*,#4415,.T.);
#6127=ORIENTED_EDGE('',*,*,#4404,.F.);
#6128=ORIENTED_EDGE('',*,*,#4417,.F.);
#6129=ORIENTED_EDGE('',*,*,#4411,.T.);
#6130=ORIENTED_EDGE('',*,*,#4416,.T.);
#6131=ORIENTED_EDGE('',*,*,#4405,.F.);
#6132=ORIENTED_EDGE('',*,*,#4413,.F.);
#6133=ORIENTED_EDGE('',*,*,#4406,.T.);
#6134=ORIENTED_EDGE('',*,*,#4417,.T.);
#6135=ORIENTED_EDGE('',*,*,#4418,.F.);
#6136=ORIENTED_EDGE('',*,*,#4419,.F.);
#6137=ORIENTED_EDGE('',*,*,#4420,.T.);
#6138=ORIENTED_EDGE('',*,*,#4421,.F.);
#6139=ORIENTED_EDGE('',*,*,#4422,.T.);
#6140=ORIENTED_EDGE('',*,*,#4423,.F.);
#6141=ORIENTED_EDGE('',*,*,#4424,.F.);
#6142=ORIENTED_EDGE('',*,*,#4425,.F.);
#6143=ORIENTED_EDGE('',*,*,#4426,.F.);
#6144=ORIENTED_EDGE('',*,*,#4427,.F.);
#6145=ORIENTED_EDGE('',*,*,#4424,.T.);
#6146=ORIENTED_EDGE('',*,*,#4428,.F.);
#6147=ORIENTED_EDGE('',*,*,#4426,.T.);
#6148=ORIENTED_EDGE('',*,*,#4429,.F.);
#6149=ORIENTED_EDGE('',*,*,#4430,.F.);
#6150=ORIENTED_EDGE('',*,*,#4431,.F.);
#6151=ORIENTED_EDGE('',*,*,#4430,.T.);
#6152=ORIENTED_EDGE('',*,*,#4432,.F.);
#6153=ORIENTED_EDGE('',*,*,#4433,.F.);
#6154=ORIENTED_EDGE('',*,*,#4434,.F.);
#6155=ORIENTED_EDGE('',*,*,#4433,.T.);
#6156=ORIENTED_EDGE('',*,*,#4435,.F.);
#6157=ORIENTED_EDGE('',*,*,#4436,.F.);
#6158=ORIENTED_EDGE('',*,*,#4437,.F.);
#6159=ORIENTED_EDGE('',*,*,#4437,.T.);
#6160=ORIENTED_EDGE('',*,*,#4438,.F.);
#6161=ORIENTED_EDGE('',*,*,#4439,.T.);
#6162=ORIENTED_EDGE('',*,*,#4440,.F.);
#6163=ORIENTED_EDGE('',*,*,#4441,.F.);
#6164=ORIENTED_EDGE('',*,*,#4434,.T.);
#6165=ORIENTED_EDGE('',*,*,#4441,.T.);
#6166=ORIENTED_EDGE('',*,*,#4442,.T.);
#6167=ORIENTED_EDGE('',*,*,#4443,.T.);
#6168=ORIENTED_EDGE('',*,*,#4431,.T.);
#6169=ORIENTED_EDGE('',*,*,#4443,.F.);
#6170=ORIENTED_EDGE('',*,*,#4444,.F.);
#6171=ORIENTED_EDGE('',*,*,#4445,.F.);
#6172=ORIENTED_EDGE('',*,*,#4427,.T.);
#6173=ORIENTED_EDGE('',*,*,#4445,.T.);
#6174=ORIENTED_EDGE('',*,*,#4446,.T.);
#6175=ORIENTED_EDGE('',*,*,#4447,.T.);
#6176=ORIENTED_EDGE('',*,*,#4448,.T.);
#6177=ORIENTED_EDGE('',*,*,#4425,.T.);
#6178=ORIENTED_EDGE('',*,*,#4448,.F.);
#6179=ORIENTED_EDGE('',*,*,#4449,.F.);
#6180=ORIENTED_EDGE('',*,*,#4450,.F.);
#6181=ORIENTED_EDGE('',*,*,#4451,.F.);
#6182=ORIENTED_EDGE('',*,*,#4452,.T.);
#6183=ORIENTED_EDGE('',*,*,#4453,.F.);
#6184=ORIENTED_EDGE('',*,*,#4452,.F.);
#6185=ORIENTED_EDGE('',*,*,#4454,.T.);
#6186=ORIENTED_EDGE('',*,*,#4455,.T.);
#6187=ORIENTED_EDGE('',*,*,#4453,.T.);
#6188=ORIENTED_EDGE('',*,*,#4455,.F.);
#6189=ORIENTED_EDGE('',*,*,#4456,.F.);
#6190=ORIENTED_EDGE('',*,*,#4457,.T.);
#6191=ORIENTED_EDGE('',*,*,#4458,.F.);
#6192=ORIENTED_EDGE('',*,*,#4457,.F.);
#6193=ORIENTED_EDGE('',*,*,#4459,.T.);
#6194=ORIENTED_EDGE('',*,*,#4460,.T.);
#6195=ORIENTED_EDGE('',*,*,#4458,.T.);
#6196=ORIENTED_EDGE('',*,*,#4460,.F.);
#6197=ORIENTED_EDGE('',*,*,#4461,.F.);
#6198=ORIENTED_EDGE('',*,*,#4462,.T.);
#6199=ORIENTED_EDGE('',*,*,#4454,.F.);
#6200=ORIENTED_EDGE('',*,*,#4462,.F.);
#6201=ORIENTED_EDGE('',*,*,#4463,.T.);
#6202=ORIENTED_EDGE('',*,*,#4464,.T.);
#6203=ORIENTED_EDGE('',*,*,#4461,.T.);
#6204=ORIENTED_EDGE('',*,*,#4465,.F.);
#6205=ORIENTED_EDGE('',*,*,#4466,.T.);
#6206=ORIENTED_EDGE('',*,*,#4459,.F.);
#6207=ORIENTED_EDGE('',*,*,#4466,.F.);
#6208=ORIENTED_EDGE('',*,*,#4467,.T.);
#6209=ORIENTED_EDGE('',*,*,#4468,.T.);
#6210=ORIENTED_EDGE('',*,*,#4465,.T.);
#6211=ORIENTED_EDGE('',*,*,#4444,.T.);
#6212=ORIENTED_EDGE('',*,*,#4442,.F.);
#6213=ORIENTED_EDGE('',*,*,#4440,.T.);
#6214=ORIENTED_EDGE('',*,*,#4469,.T.);
#6215=ORIENTED_EDGE('',*,*,#4470,.F.);
#6216=ORIENTED_EDGE('',*,*,#4471,.F.);
#6217=ORIENTED_EDGE('',*,*,#4472,.T.);
#6218=ORIENTED_EDGE('',*,*,#4468,.F.);
#6219=ORIENTED_EDGE('',*,*,#4473,.T.);
#6220=ORIENTED_EDGE('',*,*,#4464,.F.);
#6221=ORIENTED_EDGE('',*,*,#4474,.F.);
#6222=ORIENTED_EDGE('',*,*,#4475,.T.);
#6223=ORIENTED_EDGE('',*,*,#4476,.F.);
#6224=ORIENTED_EDGE('',*,*,#4477,.F.);
#6225=ORIENTED_EDGE('',*,*,#4439,.F.);
#6226=ORIENTED_EDGE('',*,*,#4478,.F.);
#6227=ORIENTED_EDGE('',*,*,#4477,.T.);
#6228=ORIENTED_EDGE('',*,*,#4479,.T.);
#6229=ORIENTED_EDGE('',*,*,#4469,.F.);
#6230=ORIENTED_EDGE('',*,*,#4446,.F.);
#6231=ORIENTED_EDGE('',*,*,#4471,.T.);
#6232=ORIENTED_EDGE('',*,*,#4480,.T.);
#6233=ORIENTED_EDGE('',*,*,#4481,.F.);
#6234=ORIENTED_EDGE('',*,*,#4472,.F.);
#6235=ORIENTED_EDGE('',*,*,#4467,.F.);
#6236=ORIENTED_EDGE('',*,*,#4473,.F.);
#6237=ORIENTED_EDGE('',*,*,#4463,.F.);
#6238=ORIENTED_EDGE('',*,*,#4482,.F.);
#6239=ORIENTED_EDGE('',*,*,#4449,.T.);
#6240=ORIENTED_EDGE('',*,*,#4447,.F.);
#6241=ORIENTED_EDGE('',*,*,#4481,.T.);
#6242=ORIENTED_EDGE('',*,*,#4483,.F.);
#6243=ORIENTED_EDGE('',*,*,#4484,.F.);
#6244=ORIENTED_EDGE('',*,*,#4419,.T.);
#6245=ORIENTED_EDGE('',*,*,#4485,.T.);
#6246=ORIENTED_EDGE('',*,*,#4486,.F.);
#6247=ORIENTED_EDGE('',*,*,#4487,.F.);
#6248=ORIENTED_EDGE('',*,*,#4488,.T.);
#6249=ORIENTED_EDGE('',*,*,#4489,.T.);
#6250=ORIENTED_EDGE('',*,*,#4490,.T.);
#6251=ORIENTED_EDGE('',*,*,#4489,.F.);
#6252=ORIENTED_EDGE('',*,*,#4488,.F.);
#6253=ORIENTED_EDGE('',*,*,#4491,.T.);
#6254=ORIENTED_EDGE('',*,*,#4492,.F.);
#6255=ORIENTED_EDGE('',*,*,#4491,.F.);
#6256=ORIENTED_EDGE('',*,*,#4493,.T.);
#6257=ORIENTED_EDGE('',*,*,#4494,.T.);
#6258=ORIENTED_EDGE('',*,*,#4495,.T.);
#6259=ORIENTED_EDGE('',*,*,#4494,.F.);
#6260=ORIENTED_EDGE('',*,*,#4493,.F.);
#6261=ORIENTED_EDGE('',*,*,#4496,.T.);
#6262=ORIENTED_EDGE('',*,*,#4497,.F.);
#6263=ORIENTED_EDGE('',*,*,#4496,.F.);
#6264=ORIENTED_EDGE('',*,*,#4498,.F.);
#6265=ORIENTED_EDGE('',*,*,#4499,.T.);
#6266=ORIENTED_EDGE('',*,*,#4500,.T.);
#6267=ORIENTED_EDGE('',*,*,#4501,.T.);
#6268=ORIENTED_EDGE('',*,*,#4502,.T.);
#6269=ORIENTED_EDGE('',*,*,#4420,.F.);
#6270=ORIENTED_EDGE('',*,*,#4503,.T.);
#6271=ORIENTED_EDGE('',*,*,#4504,.T.);
#6272=ORIENTED_EDGE('',*,*,#4501,.F.);
#6273=ORIENTED_EDGE('',*,*,#4505,.T.);
#6274=ORIENTED_EDGE('',*,*,#4506,.F.);
#6275=ORIENTED_EDGE('',*,*,#4503,.F.);
#6276=ORIENTED_EDGE('',*,*,#4507,.T.);
#6277=ORIENTED_EDGE('',*,*,#4418,.T.);
#6278=ORIENTED_EDGE('',*,*,#4508,.T.);
#6279=ORIENTED_EDGE('',*,*,#4474,.T.);
#6280=ORIENTED_EDGE('',*,*,#4478,.T.);
#6281=ORIENTED_EDGE('',*,*,#4438,.T.);
#6282=ORIENTED_EDGE('',*,*,#4509,.F.);
#6283=ORIENTED_EDGE('',*,*,#4510,.F.);
#6284=ORIENTED_EDGE('',*,*,#4511,.F.);
#6285=ORIENTED_EDGE('',*,*,#4512,.F.);
#6286=ORIENTED_EDGE('',*,*,#4502,.F.);
#6287=ORIENTED_EDGE('',*,*,#4504,.F.);
#6288=ORIENTED_EDGE('',*,*,#4506,.T.);
#6289=ORIENTED_EDGE('',*,*,#4421,.T.);
#6290=ORIENTED_EDGE('',*,*,#4513,.T.);
#6291=ORIENTED_EDGE('',*,*,#4514,.T.);
#6292=ORIENTED_EDGE('',*,*,#4497,.T.);
#6293=ORIENTED_EDGE('',*,*,#4514,.F.);
#6294=ORIENTED_EDGE('',*,*,#4515,.F.);
#6295=ORIENTED_EDGE('',*,*,#4516,.F.);
#6296=ORIENTED_EDGE('',*,*,#4517,.F.);
#6297=ORIENTED_EDGE('',*,*,#4518,.F.);
#6298=ORIENTED_EDGE('',*,*,#4450,.T.);
#6299=ORIENTED_EDGE('',*,*,#4482,.T.);
#6300=ORIENTED_EDGE('',*,*,#4513,.F.);
#6301=ORIENTED_EDGE('',*,*,#4519,.F.);
#6302=ORIENTED_EDGE('',*,*,#4519,.T.);
#6303=ORIENTED_EDGE('',*,*,#4520,.T.);
#6304=ORIENTED_EDGE('',*,*,#4492,.T.);
#6305=ORIENTED_EDGE('',*,*,#4520,.F.);
#6306=ORIENTED_EDGE('',*,*,#4518,.T.);
#6307=ORIENTED_EDGE('',*,*,#4521,.T.);
#6308=ORIENTED_EDGE('',*,*,#4522,.F.);
#6309=ORIENTED_EDGE('',*,*,#4422,.F.);
#6310=ORIENTED_EDGE('',*,*,#4521,.F.);
#6311=ORIENTED_EDGE('',*,*,#4523,.T.);
#6312=ORIENTED_EDGE('',*,*,#4524,.T.);
#6313=ORIENTED_EDGE('',*,*,#4525,.T.);
#6314=ORIENTED_EDGE('',*,*,#4526,.T.);
#6315=ORIENTED_EDGE('',*,*,#4527,.T.);
#6316=ORIENTED_EDGE('',*,*,#4524,.F.);
#6317=ORIENTED_EDGE('',*,*,#4528,.T.);
#6318=ORIENTED_EDGE('',*,*,#4526,.F.);
#6319=ORIENTED_EDGE('',*,*,#4529,.T.);
#6320=ORIENTED_EDGE('',*,*,#4530,.T.);
#6321=ORIENTED_EDGE('',*,*,#4531,.T.);
#6322=ORIENTED_EDGE('',*,*,#4530,.F.);
#6323=ORIENTED_EDGE('',*,*,#4532,.T.);
#6324=ORIENTED_EDGE('',*,*,#4533,.T.);
#6325=ORIENTED_EDGE('',*,*,#4534,.T.);
#6326=ORIENTED_EDGE('',*,*,#4533,.F.);
#6327=ORIENTED_EDGE('',*,*,#4535,.T.);
#6328=ORIENTED_EDGE('',*,*,#4536,.T.);
#6329=ORIENTED_EDGE('',*,*,#4537,.T.);
#6330=ORIENTED_EDGE('',*,*,#4538,.F.);
#6331=ORIENTED_EDGE('',*,*,#4536,.F.);
#6332=ORIENTED_EDGE('',*,*,#4509,.T.);
#6333=ORIENTED_EDGE('',*,*,#4436,.T.);
#6334=ORIENTED_EDGE('',*,*,#4535,.F.);
#6335=ORIENTED_EDGE('',*,*,#4539,.T.);
#6336=ORIENTED_EDGE('',*,*,#4540,.T.);
#6337=ORIENTED_EDGE('',*,*,#4541,.F.);
#6338=ORIENTED_EDGE('',*,*,#4510,.T.);
#6339=ORIENTED_EDGE('',*,*,#4532,.F.);
#6340=ORIENTED_EDGE('',*,*,#4542,.F.);
#6341=ORIENTED_EDGE('',*,*,#4543,.F.);
#6342=ORIENTED_EDGE('',*,*,#4539,.F.);
#6343=ORIENTED_EDGE('',*,*,#4529,.F.);
#6344=ORIENTED_EDGE('',*,*,#4544,.T.);
#6345=ORIENTED_EDGE('',*,*,#4545,.T.);
#6346=ORIENTED_EDGE('',*,*,#4542,.T.);
#6347=ORIENTED_EDGE('',*,*,#4528,.F.);
#6348=ORIENTED_EDGE('',*,*,#4546,.F.);
#6349=ORIENTED_EDGE('',*,*,#4547,.F.);
#6350=ORIENTED_EDGE('',*,*,#4548,.F.);
#6351=ORIENTED_EDGE('',*,*,#4544,.F.);
#6352=ORIENTED_EDGE('',*,*,#4523,.F.);
#6353=ORIENTED_EDGE('',*,*,#4517,.T.);
#6354=ORIENTED_EDGE('',*,*,#4549,.T.);
#6355=ORIENTED_EDGE('',*,*,#4546,.T.);
#6356=ORIENTED_EDGE('',*,*,#4550,.T.);
#6357=ORIENTED_EDGE('',*,*,#4551,.T.);
#6358=ORIENTED_EDGE('',*,*,#4552,.T.);
#6359=ORIENTED_EDGE('',*,*,#4551,.F.);
#6360=ORIENTED_EDGE('',*,*,#4538,.T.);
#6361=ORIENTED_EDGE('',*,*,#4435,.T.);
#6362=ORIENTED_EDGE('',*,*,#4432,.T.);
#6363=ORIENTED_EDGE('',*,*,#4429,.T.);
#6364=ORIENTED_EDGE('',*,*,#4428,.T.);
#6365=ORIENTED_EDGE('',*,*,#4423,.T.);
#6366=ORIENTED_EDGE('',*,*,#4522,.T.);
#6367=ORIENTED_EDGE('',*,*,#4525,.F.);
#6368=ORIENTED_EDGE('',*,*,#4527,.F.);
#6369=ORIENTED_EDGE('',*,*,#4531,.F.);
#6370=ORIENTED_EDGE('',*,*,#4534,.F.);
#6371=ORIENTED_EDGE('',*,*,#4537,.F.);
#6372=ORIENTED_EDGE('',*,*,#4451,.T.);
#6373=ORIENTED_EDGE('',*,*,#4456,.T.);
#6374=ORIENTED_EDGE('',*,*,#4553,.F.);
#6375=ORIENTED_EDGE('',*,*,#4550,.F.);
#6376=ORIENTED_EDGE('',*,*,#4554,.F.);
#6377=ORIENTED_EDGE('',*,*,#4555,.T.);
#6378=ORIENTED_EDGE('',*,*,#4552,.F.);
#6379=ORIENTED_EDGE('',*,*,#4555,.F.);
#6380=ORIENTED_EDGE('',*,*,#4553,.T.);
#6381=ORIENTED_EDGE('',*,*,#4556,.T.);
#6382=ORIENTED_EDGE('',*,*,#4557,.T.);
#6383=ORIENTED_EDGE('',*,*,#4556,.F.);
#6384=ORIENTED_EDGE('',*,*,#4558,.F.);
#6385=ORIENTED_EDGE('',*,*,#4559,.T.);
#6386=ORIENTED_EDGE('',*,*,#4557,.F.);
#6387=ORIENTED_EDGE('',*,*,#4559,.F.);
#6388=ORIENTED_EDGE('',*,*,#4560,.T.);
#6389=ORIENTED_EDGE('',*,*,#4561,.T.);
#6390=ORIENTED_EDGE('',*,*,#4554,.T.);
#6391=ORIENTED_EDGE('',*,*,#4561,.F.);
#6392=ORIENTED_EDGE('',*,*,#4562,.F.);
#6393=ORIENTED_EDGE('',*,*,#4563,.F.);
#6394=ORIENTED_EDGE('',*,*,#4560,.F.);
#6395=ORIENTED_EDGE('',*,*,#4564,.T.);
#6396=ORIENTED_EDGE('',*,*,#4565,.T.);
#6397=ORIENTED_EDGE('',*,*,#4558,.T.);
#6398=ORIENTED_EDGE('',*,*,#4565,.F.);
#6399=ORIENTED_EDGE('',*,*,#4566,.F.);
#6400=ORIENTED_EDGE('',*,*,#4567,.F.);
#6401=ORIENTED_EDGE('',*,*,#4564,.F.);
#6402=ORIENTED_EDGE('',*,*,#4545,.F.);
#6403=ORIENTED_EDGE('',*,*,#4568,.T.);
#6404=ORIENTED_EDGE('',*,*,#4569,.T.);
#6405=ORIENTED_EDGE('',*,*,#4570,.F.);
#6406=ORIENTED_EDGE('',*,*,#4540,.F.);
#6407=ORIENTED_EDGE('',*,*,#4543,.T.);
#6408=ORIENTED_EDGE('',*,*,#4571,.F.);
#6409=ORIENTED_EDGE('',*,*,#4567,.T.);
#6410=ORIENTED_EDGE('',*,*,#4572,.F.);
#6411=ORIENTED_EDGE('',*,*,#4563,.T.);
#6412=ORIENTED_EDGE('',*,*,#4515,.T.);
#6413=ORIENTED_EDGE('',*,*,#4484,.T.);
#6414=ORIENTED_EDGE('',*,*,#4573,.F.);
#6415=ORIENTED_EDGE('',*,*,#4574,.F.);
#6416=ORIENTED_EDGE('',*,*,#4508,.F.);
#6417=ORIENTED_EDGE('',*,*,#4575,.T.);
#6418=ORIENTED_EDGE('',*,*,#4576,.F.);
#6419=ORIENTED_EDGE('',*,*,#4475,.F.);
#6420=ORIENTED_EDGE('',*,*,#4512,.T.);
#6421=ORIENTED_EDGE('',*,*,#4577,.T.);
#6422=ORIENTED_EDGE('',*,*,#4578,.T.);
#6423=ORIENTED_EDGE('',*,*,#4575,.F.);
#6424=ORIENTED_EDGE('',*,*,#4541,.T.);
#6425=ORIENTED_EDGE('',*,*,#4570,.T.);
#6426=ORIENTED_EDGE('',*,*,#4579,.F.);
#6427=ORIENTED_EDGE('',*,*,#4577,.F.);
#6428=ORIENTED_EDGE('',*,*,#4511,.T.);
#6429=ORIENTED_EDGE('',*,*,#4548,.T.);
#6430=ORIENTED_EDGE('',*,*,#4580,.T.);
#6431=ORIENTED_EDGE('',*,*,#4581,.F.);
#6432=ORIENTED_EDGE('',*,*,#4568,.F.);
#6433=ORIENTED_EDGE('',*,*,#4571,.T.);
#6434=ORIENTED_EDGE('',*,*,#4566,.T.);
#6435=ORIENTED_EDGE('',*,*,#4572,.T.);
#6436=ORIENTED_EDGE('',*,*,#4562,.T.);
#6437=ORIENTED_EDGE('',*,*,#4516,.T.);
#6438=ORIENTED_EDGE('',*,*,#4574,.T.);
#6439=ORIENTED_EDGE('',*,*,#4582,.T.);
#6440=ORIENTED_EDGE('',*,*,#4580,.F.);
#6441=ORIENTED_EDGE('',*,*,#4547,.T.);
#6442=ORIENTED_EDGE('',*,*,#4549,.F.);
#6443=ORIENTED_EDGE('',*,*,#4573,.T.);
#6444=ORIENTED_EDGE('',*,*,#4483,.T.);
#6445=ORIENTED_EDGE('',*,*,#4480,.F.);
#6446=ORIENTED_EDGE('',*,*,#4470,.T.);
#6447=ORIENTED_EDGE('',*,*,#4479,.F.);
#6448=ORIENTED_EDGE('',*,*,#4476,.T.);
#6449=ORIENTED_EDGE('',*,*,#4576,.T.);
#6450=ORIENTED_EDGE('',*,*,#4578,.F.);
#6451=ORIENTED_EDGE('',*,*,#4579,.T.);
#6452=ORIENTED_EDGE('',*,*,#4569,.F.);
#6453=ORIENTED_EDGE('',*,*,#4581,.T.);
#6454=ORIENTED_EDGE('',*,*,#4582,.F.);
#6455=ORIENTED_EDGE('',*,*,#4583,.T.);
#6456=ORIENTED_EDGE('',*,*,#4584,.F.);
#6457=ORIENTED_EDGE('',*,*,#4486,.T.);
#6458=ORIENTED_EDGE('',*,*,#4585,.T.);
#6459=ORIENTED_EDGE('',*,*,#4586,.F.);
#6460=ORIENTED_EDGE('',*,*,#4490,.F.);
#6461=ORIENTED_EDGE('',*,*,#4495,.F.);
#6462=ORIENTED_EDGE('',*,*,#4507,.F.);
#6463=ORIENTED_EDGE('',*,*,#4587,.T.);
#6464=ORIENTED_EDGE('',*,*,#4585,.F.);
#6465=ORIENTED_EDGE('',*,*,#4485,.F.);
#6466=ORIENTED_EDGE('',*,*,#4505,.F.);
#6467=ORIENTED_EDGE('',*,*,#4588,.T.);
#6468=ORIENTED_EDGE('',*,*,#4586,.T.);
#6469=ORIENTED_EDGE('',*,*,#4587,.F.);
#6470=ORIENTED_EDGE('',*,*,#4500,.F.);
#6471=ORIENTED_EDGE('',*,*,#4487,.T.);
#6472=ORIENTED_EDGE('',*,*,#4584,.T.);
#6473=ORIENTED_EDGE('',*,*,#4588,.F.);
#6474=ORIENTED_EDGE('',*,*,#4583,.F.);
#6475=ORIENTED_EDGE('',*,*,#4589,.T.);
#6476=ORIENTED_EDGE('',*,*,#4590,.F.);
#6477=ORIENTED_EDGE('',*,*,#4589,.F.);
#6478=ORIENTED_EDGE('',*,*,#4590,.T.);
#6479=ORIENTED_EDGE('',*,*,#4591,.T.);
#6480=ORIENTED_EDGE('',*,*,#4498,.T.);
#6481=ORIENTED_EDGE('',*,*,#4499,.F.);
#6482=ORIENTED_EDGE('',*,*,#4591,.F.);
#6483=ORIENTED_EDGE('',*,*,#4592,.T.);
#6484=ORIENTED_EDGE('',*,*,#4593,.T.);
#6485=ORIENTED_EDGE('',*,*,#4594,.T.);
#6486=ORIENTED_EDGE('',*,*,#4593,.F.);
#6487=ORIENTED_EDGE('',*,*,#4595,.T.);
#6488=ORIENTED_EDGE('',*,*,#4596,.T.);
#6489=ORIENTED_EDGE('',*,*,#4594,.F.);
#6490=ORIENTED_EDGE('',*,*,#4597,.F.);
#6491=ORIENTED_EDGE('',*,*,#4598,.T.);
#6492=ORIENTED_EDGE('',*,*,#4599,.T.);
#6493=ORIENTED_EDGE('',*,*,#4598,.F.);
#6494=ORIENTED_EDGE('',*,*,#4596,.F.);
#6495=ORIENTED_EDGE('',*,*,#4600,.T.);
#6496=ORIENTED_EDGE('',*,*,#4597,.T.);
#6497=ORIENTED_EDGE('',*,*,#4600,.F.);
#6498=ORIENTED_EDGE('',*,*,#4592,.F.);
#6499=ORIENTED_EDGE('',*,*,#4601,.T.);
#6500=ORIENTED_EDGE('',*,*,#4602,.F.);
#6501=ORIENTED_EDGE('',*,*,#4601,.F.);
#6502=ORIENTED_EDGE('',*,*,#4595,.F.);
#6503=ORIENTED_EDGE('',*,*,#4599,.F.);
#6504=ORIENTED_EDGE('',*,*,#4603,.F.);
#6505=ORIENTED_EDGE('',*,*,#4604,.F.);
#6506=ORIENTED_EDGE('',*,*,#4605,.F.);
#6507=ORIENTED_EDGE('',*,*,#4606,.F.);
#6508=ORIENTED_EDGE('',*,*,#4607,.F.);
#6509=ORIENTED_EDGE('',*,*,#4608,.F.);
#6510=ORIENTED_EDGE('',*,*,#4602,.T.);
#6511=ORIENTED_EDGE('',*,*,#4609,.T.);
#6512=ORIENTED_EDGE('',*,*,#4605,.T.);
#6513=ORIENTED_EDGE('',*,*,#4610,.T.);
#6514=ORIENTED_EDGE('',*,*,#4604,.T.);
#6515=ORIENTED_EDGE('',*,*,#4611,.T.);
#6516=ORIENTED_EDGE('',*,*,#4603,.T.);
#6517=ORIENTED_EDGE('',*,*,#4612,.T.);
#6518=ORIENTED_EDGE('',*,*,#4608,.T.);
#6519=ORIENTED_EDGE('',*,*,#4613,.T.);
#6520=ORIENTED_EDGE('',*,*,#4607,.T.);
#6521=ORIENTED_EDGE('',*,*,#4614,.T.);
#6522=ORIENTED_EDGE('',*,*,#4606,.T.);
#6523=ORIENTED_EDGE('',*,*,#4615,.F.);
#6524=ORIENTED_EDGE('',*,*,#4616,.F.);
#6525=ORIENTED_EDGE('',*,*,#4617,.F.);
#6526=ORIENTED_EDGE('',*,*,#4618,.F.);
#6527=ORIENTED_EDGE('',*,*,#4619,.F.);
#6528=ORIENTED_EDGE('',*,*,#4620,.F.);
#6529=ORIENTED_EDGE('',*,*,#4609,.F.);
#6530=ORIENTED_EDGE('',*,*,#4621,.F.);
#6531=ORIENTED_EDGE('',*,*,#4616,.T.);
#6532=ORIENTED_EDGE('',*,*,#4622,.T.);
#6533=ORIENTED_EDGE('',*,*,#4610,.F.);
#6534=ORIENTED_EDGE('',*,*,#4623,.F.);
#6535=ORIENTED_EDGE('',*,*,#4617,.T.);
#6536=ORIENTED_EDGE('',*,*,#4621,.T.);
#6537=ORIENTED_EDGE('',*,*,#4611,.F.);
#6538=ORIENTED_EDGE('',*,*,#4624,.F.);
#6539=ORIENTED_EDGE('',*,*,#4618,.T.);
#6540=ORIENTED_EDGE('',*,*,#4623,.T.);
#6541=ORIENTED_EDGE('',*,*,#4612,.F.);
#6542=ORIENTED_EDGE('',*,*,#4625,.F.);
#6543=ORIENTED_EDGE('',*,*,#4619,.T.);
#6544=ORIENTED_EDGE('',*,*,#4624,.T.);
#6545=ORIENTED_EDGE('',*,*,#4613,.F.);
#6546=ORIENTED_EDGE('',*,*,#4626,.F.);
#6547=ORIENTED_EDGE('',*,*,#4620,.T.);
#6548=ORIENTED_EDGE('',*,*,#4625,.T.);
#6549=ORIENTED_EDGE('',*,*,#4614,.F.);
#6550=ORIENTED_EDGE('',*,*,#4622,.F.);
#6551=ORIENTED_EDGE('',*,*,#4615,.T.);
#6552=ORIENTED_EDGE('',*,*,#4626,.T.);
#6553=ORIENTED_EDGE('',*,*,#4627,.T.);
#6554=ORIENTED_EDGE('',*,*,#4628,.T.);
#6555=ORIENTED_EDGE('',*,*,#4629,.T.);
#6556=ORIENTED_EDGE('',*,*,#4628,.F.);
#6557=ORIENTED_EDGE('',*,*,#4627,.F.);
#6558=ORIENTED_EDGE('',*,*,#4630,.T.);
#6559=ORIENTED_EDGE('',*,*,#4631,.F.);
#6560=ORIENTED_EDGE('',*,*,#4630,.F.);
#6561=ORIENTED_EDGE('',*,*,#4632,.F.);
#6562=ORIENTED_EDGE('',*,*,#4629,.F.);
#6563=ORIENTED_EDGE('',*,*,#4633,.T.);
#6564=ORIENTED_EDGE('',*,*,#4634,.T.);
#6565=ORIENTED_EDGE('',*,*,#4631,.T.);
#6566=ORIENTED_EDGE('',*,*,#4634,.F.);
#6567=ORIENTED_EDGE('',*,*,#4635,.F.);
#6568=ORIENTED_EDGE('',*,*,#4633,.F.);
#6569=ORIENTED_EDGE('',*,*,#4636,.T.);
#6570=ORIENTED_EDGE('',*,*,#4637,.T.);
#6571=ORIENTED_EDGE('',*,*,#4635,.T.);
#6572=ORIENTED_EDGE('',*,*,#4637,.F.);
#6573=ORIENTED_EDGE('',*,*,#4638,.F.);
#6574=ORIENTED_EDGE('',*,*,#4639,.T.);
#6575=ORIENTED_EDGE('',*,*,#4636,.F.);
#6576=ORIENTED_EDGE('',*,*,#4639,.F.);
#6577=ORIENTED_EDGE('',*,*,#4632,.T.);
#6578=ORIENTED_EDGE('',*,*,#4640,.T.);
#6579=ORIENTED_EDGE('',*,*,#4638,.T.);
#6580=ORIENTED_EDGE('',*,*,#4640,.F.);
#6581=CONICAL_SURFACE('',#7111,1.5,0.785398163397448);
#6582=CONICAL_SURFACE('',#7114,1.5,0.785398163397449);
#6583=CONICAL_SURFACE('',#7127,1.5,0.785398163397448);
#6584=CONICAL_SURFACE('',#7130,1.5,0.785398163397449);
#6585=CONICAL_SURFACE('',#7505,4.25,0.78539816339745);
#6586=CONICAL_SURFACE('',#7509,1.9,0.785398163397447);
#6587=CONICAL_SURFACE('',#7519,1.73205080756883,0.78539816339745);
#6588=CONICAL_SURFACE('',#7520,1.73205080756883,0.78539816339745);
#6589=CONICAL_SURFACE('',#7521,1.73205080756883,0.78539816339745);
#6590=CONICAL_SURFACE('',#7522,1.73205080756883,0.78539816339745);
#6591=CONICAL_SURFACE('',#7523,1.73205080756883,0.78539816339745);
#6592=CONICAL_SURFACE('',#7524,1.73205080756883,0.78539816339745);
#6593=CONICAL_SURFACE('',#7539,2.75,0.785398163397453);
#6594=CONICAL_SURFACE('',#7543,1.125,0.785398163397446);
#6595=CONICAL_SURFACE('',#7553,1.15470053837923,0.78539816339745);
#6596=CONICAL_SURFACE('',#7554,1.15470053837923,0.78539816339745);
#6597=CONICAL_SURFACE('',#7555,1.15470053837923,0.78539816339745);
#6598=CONICAL_SURFACE('',#7556,1.15470053837923,0.78539816339745);
#6599=CONICAL_SURFACE('',#7557,1.15470053837923,0.78539816339745);
#6600=CONICAL_SURFACE('',#7558,1.15470053837923,0.78539816339745);
#6601=CONICAL_SURFACE('',#7568,0.9,0.785398163397449);
#6602=CONICAL_SURFACE('',#7572,1.4,0.785398163397448);
#6603=CONICAL_SURFACE('',#7576,1.4,0.785398163397453);
#6604=CONICAL_SURFACE('',#7585,1.65,0.785398163397448);
#6605=CONICAL_SURFACE('',#7590,1.65,0.785398163397448);
#6606=CONICAL_SURFACE('',#7595,1.65,0.785398163397448);
#6607=CONICAL_SURFACE('',#7599,1.65,0.785398163397448);
#6608=CONICAL_SURFACE('',#7603,0.549999999999999,0.785398163397439);
#6609=CONICAL_SURFACE('',#7609,0.549999999999999,0.78539816339744);
#6610=CONICAL_SURFACE('',#7613,0.55,0.785398163397446);
#6611=CONICAL_SURFACE('',#7616,2.65,0.785398163397448);
#6612=CONICAL_SURFACE('',#7621,2.65,0.785398163397448);
#6613=CONICAL_SURFACE('',#7626,4.5,0.785398163397448);
#6614=CONICAL_SURFACE('',#7630,4.5,0.78539816339745);
#6615=CONICAL_SURFACE('',#7634,2.65,0.785398163397448);
#6616=CONICAL_SURFACE('',#7638,2.65,0.785398163397448);
#6617=CONICAL_SURFACE('',#7640,0.9,0.785398163397449);
#6618=CONICAL_SURFACE('',#7644,1.4,0.785398163397448);
#6619=CONICAL_SURFACE('',#7648,1.4,0.785398163397453);
#6620=CONICAL_SURFACE('',#7658,1.65,0.785398163397448);
#6621=CONICAL_SURFACE('',#7665,1.65,0.785398163397448);
#6622=CONICAL_SURFACE('',#7669,1.65,0.785398163397448);
#6623=CONICAL_SURFACE('',#7673,1.65,0.785398163397448);
#6624=CONICAL_SURFACE('',#7677,0.549999999999999,0.785398163397439);
#6625=CONICAL_SURFACE('',#7685,0.549999999999999,0.78539816339744);
#6626=CONICAL_SURFACE('',#7689,0.55,0.785398163397446);
#6627=CONICAL_SURFACE('',#7699,1.50725,0.785398163397448);
#6628=CONICAL_SURFACE('',#7709,4.25,0.78539816339745);
#6629=CONICAL_SURFACE('',#7713,1.9,0.785398163397447);
#6630=CONICAL_SURFACE('',#7723,1.73205080756883,0.78539816339745);
#6631=CONICAL_SURFACE('',#7724,1.73205080756883,0.78539816339745);
#6632=CONICAL_SURFACE('',#7725,1.73205080756883,0.78539816339745);
#6633=CONICAL_SURFACE('',#7726,1.73205080756883,0.78539816339745);
#6634=CONICAL_SURFACE('',#7727,1.73205080756883,0.78539816339745);
#6635=CONICAL_SURFACE('',#7728,1.73205080756883,0.78539816339745);
#6636=CONICAL_SURFACE('',#7737,2.64999999999999,0.785398163397405);
#6637=CONICAL_SURFACE('',#7744,2.65000000000001,0.78539816339747);
#6638=CONICAL_SURFACE('',#7748,3.89999999999999,0.785398163397383);
#6639=CONICAL_SURFACE('',#7752,3.89999999999998,0.785398163397499);
#6640=ADVANCED_FACE('',(#612),#6581,.F.);
#6641=ADVANCED_FACE('',(#613),#6582,.F.);
#6642=ADVANCED_FACE('',(#614),#554,.F.);
#6643=ADVANCED_FACE('',(#615),#555,.F.);
#6644=ADVANCED_FACE('',(#616),#556,.F.);
#6645=ADVANCED_FACE('',(#617),#557,.F.);
#6646=ADVANCED_FACE('',(#618),#6583,.F.);
#6647=ADVANCED_FACE('',(#619),#6584,.F.);
#6648=ADVANCED_FACE('',(#620),#558,.F.);
#6649=ADVANCED_FACE('',(#621),#559,.F.);
#6650=ADVANCED_FACE('',(#622),#287,.F.);
#6651=ADVANCED_FACE('',(#623),#288,.T.);
#6652=ADVANCED_FACE('',(#624),#289,.T.);
#6653=ADVANCED_FACE('',(#625),#290,.F.);
#6654=ADVANCED_FACE('',(#626),#291,.T.);
#6655=ADVANCED_FACE('',(#627),#292,.F.);
#6656=ADVANCED_FACE('',(#628),#293,.F.);
#6657=ADVANCED_FACE('',(#629),#294,.T.);
#6658=ADVANCED_FACE('',(#630),#295,.F.);
#6659=ADVANCED_FACE('',(#631),#296,.T.);
#6660=ADVANCED_FACE('',(#632),#560,.F.);
#6661=ADVANCED_FACE('',(#633),#297,.F.);
#6662=ADVANCED_FACE('',(#634),#298,.F.);
#6663=ADVANCED_FACE('',(#635),#299,.F.);
#6664=ADVANCED_FACE('',(#636),#300,.F.);
#6665=ADVANCED_FACE('',(#637),#301,.T.);
#6666=ADVANCED_FACE('',(#638,#242,#243),#302,.T.);
#6667=ADVANCED_FACE('',(#639),#303,.T.);
#6668=ADVANCED_FACE('',(#640,#244,#245),#304,.T.);
#6669=ADVANCED_FACE('',(#641),#305,.F.);
#6670=ADVANCED_FACE('',(#642),#306,.F.);
#6671=ADVANCED_FACE('',(#643),#307,.T.);
#6672=ADVANCED_FACE('',(#644),#308,.T.);
#6673=ADVANCED_FACE('',(#645,#246),#309,.T.);
#6674=ADVANCED_FACE('',(#646),#310,.F.);
#6675=ADVANCED_FACE('',(#647),#311,.T.);
#6676=ADVANCED_FACE('',(#648,#247),#312,.T.);
#6677=ADVANCED_FACE('',(#649),#561,.F.);
#6678=ADVANCED_FACE('',(#650),#562,.F.);
#6679=ADVANCED_FACE('',(#651),#563,.F.);
#6680=ADVANCED_FACE('',(#652),#313,.T.);
#6681=ADVANCED_FACE('',(#653),#314,.F.);
#6682=ADVANCED_FACE('',(#654),#315,.F.);
#6683=ADVANCED_FACE('',(#655),#316,.T.);
#6684=ADVANCED_FACE('',(#656),#317,.T.);
#6685=ADVANCED_FACE('',(#657),#318,.F.);
#6686=ADVANCED_FACE('',(#658),#319,.F.);
#6687=ADVANCED_FACE('',(#659),#320,.F.);
#6688=ADVANCED_FACE('',(#660),#321,.F.);
#6689=ADVANCED_FACE('',(#661),#322,.T.);
#6690=ADVANCED_FACE('',(#662,#248),#323,.T.);
#6691=ADVANCED_FACE('',(#663,#249),#324,.F.);
#6692=ADVANCED_FACE('',(#664),#325,.F.);
#6693=ADVANCED_FACE('',(#665),#326,.T.);
#6694=ADVANCED_FACE('',(#666),#327,.T.);
#6695=ADVANCED_FACE('',(#667),#328,.F.);
#6696=ADVANCED_FACE('',(#668),#329,.T.);
#6697=ADVANCED_FACE('',(#669),#330,.F.);
#6698=ADVANCED_FACE('',(#670),#135,.T.);
#6699=ADVANCED_FACE('',(#671),#331,.T.);
#6700=ADVANCED_FACE('',(#672),#332,.F.);
#6701=ADVANCED_FACE('',(#673),#333,.F.);
#6702=ADVANCED_FACE('',(#674),#334,.F.);
#6703=ADVANCED_FACE('',(#675),#335,.F.);
#6704=ADVANCED_FACE('',(#676),#336,.F.);
#6705=ADVANCED_FACE('',(#677),#337,.F.);
#6706=ADVANCED_FACE('',(#678),#338,.F.);
#6707=ADVANCED_FACE('',(#679),#339,.F.);
#6708=ADVANCED_FACE('',(#680),#340,.F.);
#6709=ADVANCED_FACE('',(#681),#341,.F.);
#6710=ADVANCED_FACE('',(#682),#342,.F.);
#6711=ADVANCED_FACE('',(#683),#343,.F.);
#6712=ADVANCED_FACE('',(#684),#344,.T.);
#6713=ADVANCED_FACE('',(#685),#136,.T.);
#6714=ADVANCED_FACE('',(#686),#345,.T.);
#6715=ADVANCED_FACE('',(#687),#346,.F.);
#6716=ADVANCED_FACE('',(#688),#347,.F.);
#6717=ADVANCED_FACE('',(#689),#348,.F.);
#6718=ADVANCED_FACE('',(#690),#349,.F.);
#6719=ADVANCED_FACE('',(#691),#350,.F.);
#6720=ADVANCED_FACE('',(#692),#351,.F.);
#6721=ADVANCED_FACE('',(#693),#352,.F.);
#6722=ADVANCED_FACE('',(#694),#353,.F.);
#6723=ADVANCED_FACE('',(#695),#354,.F.);
#6724=ADVANCED_FACE('',(#696),#355,.F.);
#6725=ADVANCED_FACE('',(#697),#356,.F.);
#6726=ADVANCED_FACE('',(#698),#357,.F.);
#6727=ADVANCED_FACE('',(#699),#358,.T.);
#6728=ADVANCED_FACE('',(#700),#564,.F.);
#6729=ADVANCED_FACE('',(#701),#565,.F.);
#6730=ADVANCED_FACE('',(#702),#566,.F.);
#6731=ADVANCED_FACE('',(#703),#567,.F.);
#6732=ADVANCED_FACE('',(#704),#359,.T.);
#6733=ADVANCED_FACE('',(#705),#360,.F.);
#6734=ADVANCED_FACE('',(#706),#361,.T.);
#6735=ADVANCED_FACE('',(#707),#362,.F.);
#6736=ADVANCED_FACE('',(#708),#363,.T.);
#6737=ADVANCED_FACE('',(#709),#364,.T.);
#6738=ADVANCED_FACE('',(#710),#568,.T.);
#6739=ADVANCED_FACE('',(#711),#365,.F.);
#6740=ADVANCED_FACE('',(#712),#366,.T.);
#6741=ADVANCED_FACE('',(#713),#367,.T.);
#6742=ADVANCED_FACE('',(#714),#569,.T.);
#6743=ADVANCED_FACE('',(#715),#368,.T.);
#6744=ADVANCED_FACE('',(#716),#369,.F.);
#6745=ADVANCED_FACE('',(#717),#370,.T.);
#6746=ADVANCED_FACE('',(#718),#371,.T.);
#6747=ADVANCED_FACE('',(#719),#372,.F.);
#6748=ADVANCED_FACE('',(#720),#570,.T.);
#6749=ADVANCED_FACE('',(#721),#373,.F.);
#6750=ADVANCED_FACE('',(#722),#374,.F.);
#6751=ADVANCED_FACE('',(#723),#375,.T.);
#6752=ADVANCED_FACE('',(#724),#571,.T.);
#6753=ADVANCED_FACE('',(#725),#376,.F.);
#6754=ADVANCED_FACE('',(#726),#377,.F.);
#6755=ADVANCED_FACE('',(#727,#250,#251,#252),#378,.F.);
#6756=ADVANCED_FACE('',(#728),#379,.T.);
#6757=ADVANCED_FACE('',(#729),#380,.F.);
#6758=ADVANCED_FACE('',(#730),#381,.T.);
#6759=ADVANCED_FACE('',(#731),#382,.F.);
#6760=ADVANCED_FACE('',(#732),#383,.F.);
#6761=ADVANCED_FACE('',(#733),#384,.T.);
#6762=ADVANCED_FACE('',(#734),#385,.F.);
#6763=ADVANCED_FACE('',(#735),#386,.T.);
#6764=ADVANCED_FACE('',(#736),#387,.F.);
#6765=ADVANCED_FACE('',(#737),#388,.T.);
#6766=ADVANCED_FACE('',(#738),#389,.F.);
#6767=ADVANCED_FACE('',(#739,#253),#390,.T.);
#6768=ADVANCED_FACE('',(#740),#391,.T.);
#6769=ADVANCED_FACE('',(#741),#392,.T.);
#6770=ADVANCED_FACE('',(#742),#393,.F.);
#6771=ADVANCED_FACE('',(#743),#394,.T.);
#6772=ADVANCED_FACE('',(#744),#395,.F.);
#6773=ADVANCED_FACE('',(#745),#396,.T.);
#6774=ADVANCED_FACE('',(#746),#572,.F.);
#6775=ADVANCED_FACE('',(#747),#397,.T.);
#6776=ADVANCED_FACE('',(#748),#398,.F.);
#6777=ADVANCED_FACE('',(#749),#399,.T.);
#6778=ADVANCED_FACE('',(#750),#400,.F.);
#6779=ADVANCED_FACE('',(#751),#401,.F.);
#6780=ADVANCED_FACE('',(#752),#402,.T.);
#6781=ADVANCED_FACE('',(#753),#573,.F.);
#6782=ADVANCED_FACE('',(#754),#574,.F.);
#6783=ADVANCED_FACE('',(#755),#575,.F.);
#6784=ADVANCED_FACE('',(#756),#403,.T.);
#6785=ADVANCED_FACE('',(#757),#404,.F.);
#6786=ADVANCED_FACE('',(#758),#405,.F.);
#6787=ADVANCED_FACE('',(#759),#406,.T.);
#6788=ADVANCED_FACE('',(#760),#407,.T.);
#6789=ADVANCED_FACE('',(#761),#408,.F.);
#6790=ADVANCED_FACE('',(#762),#409,.F.);
#6791=ADVANCED_FACE('',(#763),#410,.F.);
#6792=ADVANCED_FACE('',(#764),#411,.F.);
#6793=ADVANCED_FACE('',(#765),#412,.T.);
#6794=ADVANCED_FACE('',(#766,#254),#413,.T.);
#6795=ADVANCED_FACE('',(#767,#255),#414,.F.);
#6796=ADVANCED_FACE('',(#768),#415,.F.);
#6797=ADVANCED_FACE('',(#769),#416,.T.);
#6798=ADVANCED_FACE('',(#770),#417,.T.);
#6799=ADVANCED_FACE('',(#771),#418,.F.);
#6800=ADVANCED_FACE('',(#772),#419,.T.);
#6801=ADVANCED_FACE('',(#773),#420,.F.);
#6802=ADVANCED_FACE('',(#774),#576,.F.);
#6803=ADVANCED_FACE('',(#775),#577,.F.);
#6804=ADVANCED_FACE('',(#776),#578,.F.);
#6805=ADVANCED_FACE('',(#777),#579,.F.);
#6806=ADVANCED_FACE('',(#778),#421,.T.);
#6807=ADVANCED_FACE('',(#779),#422,.F.);
#6808=ADVANCED_FACE('',(#780),#423,.T.);
#6809=ADVANCED_FACE('',(#781),#424,.F.);
#6810=ADVANCED_FACE('',(#782),#425,.T.);
#6811=ADVANCED_FACE('',(#783),#426,.T.);
#6812=ADVANCED_FACE('',(#784),#580,.T.);
#6813=ADVANCED_FACE('',(#785),#427,.F.);
#6814=ADVANCED_FACE('',(#786),#428,.T.);
#6815=ADVANCED_FACE('',(#787),#429,.T.);
#6816=ADVANCED_FACE('',(#788),#581,.T.);
#6817=ADVANCED_FACE('',(#789),#430,.T.);
#6818=ADVANCED_FACE('',(#790),#431,.F.);
#6819=ADVANCED_FACE('',(#791),#432,.T.);
#6820=ADVANCED_FACE('',(#792),#433,.T.);
#6821=ADVANCED_FACE('',(#793),#434,.F.);
#6822=ADVANCED_FACE('',(#794),#582,.T.);
#6823=ADVANCED_FACE('',(#795),#435,.F.);
#6824=ADVANCED_FACE('',(#796),#436,.F.);
#6825=ADVANCED_FACE('',(#797),#437,.T.);
#6826=ADVANCED_FACE('',(#798),#583,.T.);
#6827=ADVANCED_FACE('',(#799),#438,.F.);
#6828=ADVANCED_FACE('',(#800),#439,.F.);
#6829=ADVANCED_FACE('',(#801,#256,#257,#258),#440,.F.);
#6830=ADVANCED_FACE('',(#802),#441,.T.);
#6831=ADVANCED_FACE('',(#803),#442,.F.);
#6832=ADVANCED_FACE('',(#804),#443,.T.);
#6833=ADVANCED_FACE('',(#805),#444,.F.);
#6834=ADVANCED_FACE('',(#806),#445,.F.);
#6835=ADVANCED_FACE('',(#807),#446,.T.);
#6836=ADVANCED_FACE('',(#808),#447,.F.);
#6837=ADVANCED_FACE('',(#809),#448,.T.);
#6838=ADVANCED_FACE('',(#810),#449,.F.);
#6839=ADVANCED_FACE('',(#811),#450,.T.);
#6840=ADVANCED_FACE('',(#812),#451,.F.);
#6841=ADVANCED_FACE('',(#813,#259),#452,.T.);
#6842=ADVANCED_FACE('',(#814),#453,.T.);
#6843=ADVANCED_FACE('',(#815),#454,.T.);
#6844=ADVANCED_FACE('',(#816),#455,.F.);
#6845=ADVANCED_FACE('',(#817),#456,.T.);
#6846=ADVANCED_FACE('',(#818),#457,.F.);
#6847=ADVANCED_FACE('',(#819),#458,.T.);
#6848=ADVANCED_FACE('',(#820),#584,.F.);
#6849=ADVANCED_FACE('',(#821),#459,.T.);
#6850=ADVANCED_FACE('',(#822),#460,.F.);
#6851=ADVANCED_FACE('',(#823),#461,.T.);
#6852=ADVANCED_FACE('',(#824),#462,.F.);
#6853=ADVANCED_FACE('',(#825),#463,.F.);
#6854=ADVANCED_FACE('',(#826),#464,.T.);
#6855=ADVANCED_FACE('',(#827),#137,.T.);
#6856=ADVANCED_FACE('',(#828),#465,.T.);
#6857=ADVANCED_FACE('',(#829),#466,.F.);
#6858=ADVANCED_FACE('',(#830),#467,.F.);
#6859=ADVANCED_FACE('',(#831),#468,.F.);
#6860=ADVANCED_FACE('',(#832),#469,.F.);
#6861=ADVANCED_FACE('',(#833),#470,.F.);
#6862=ADVANCED_FACE('',(#834),#471,.F.);
#6863=ADVANCED_FACE('',(#835),#472,.F.);
#6864=ADVANCED_FACE('',(#836),#473,.F.);
#6865=ADVANCED_FACE('',(#837),#474,.F.);
#6866=ADVANCED_FACE('',(#838),#475,.F.);
#6867=ADVANCED_FACE('',(#839),#476,.F.);
#6868=ADVANCED_FACE('',(#840),#477,.F.);
#6869=ADVANCED_FACE('',(#841),#478,.T.);
#6870=ADVANCED_FACE('',(#842),#138,.T.);
#6871=ADVANCED_FACE('',(#843),#479,.T.);
#6872=ADVANCED_FACE('',(#844),#480,.F.);
#6873=ADVANCED_FACE('',(#845),#481,.F.);
#6874=ADVANCED_FACE('',(#846),#482,.F.);
#6875=ADVANCED_FACE('',(#847),#483,.F.);
#6876=ADVANCED_FACE('',(#848),#484,.F.);
#6877=ADVANCED_FACE('',(#849),#485,.F.);
#6878=ADVANCED_FACE('',(#850),#486,.F.);
#6879=ADVANCED_FACE('',(#851),#487,.F.);
#6880=ADVANCED_FACE('',(#852),#488,.F.);
#6881=ADVANCED_FACE('',(#853),#489,.F.);
#6882=ADVANCED_FACE('',(#854),#490,.F.);
#6883=ADVANCED_FACE('',(#855),#491,.F.);
#6884=ADVANCED_FACE('',(#856),#492,.T.);
#6885=ADVANCED_FACE('',(#857),#585,.T.);
#6886=ADVANCED_FACE('',(#858,#260),#493,.T.);
#6887=ADVANCED_FACE('',(#859),#6585,.T.);
#6888=ADVANCED_FACE('',(#860),#586,.T.);
#6889=ADVANCED_FACE('',(#861),#6586,.T.);
#6890=ADVANCED_FACE('',(#862,#261),#494,.T.);
#6891=ADVANCED_FACE('',(#863),#495,.T.);
#6892=ADVANCED_FACE('',(#864),#6587,.F.);
#6893=ADVANCED_FACE('',(#865),#6588,.F.);
#6894=ADVANCED_FACE('',(#866),#6589,.F.);
#6895=ADVANCED_FACE('',(#867),#6590,.F.);
#6896=ADVANCED_FACE('',(#868),#6591,.F.);
#6897=ADVANCED_FACE('',(#869),#6592,.F.);
#6898=ADVANCED_FACE('',(#870),#496,.F.);
#6899=ADVANCED_FACE('',(#871),#497,.T.);
#6900=ADVANCED_FACE('',(#872),#498,.T.);
#6901=ADVANCED_FACE('',(#873),#499,.T.);
#6902=ADVANCED_FACE('',(#874),#500,.T.);
#6903=ADVANCED_FACE('',(#875),#501,.T.);
#6904=ADVANCED_FACE('',(#876),#502,.T.);
#6905=ADVANCED_FACE('',(#877),#587,.T.);
#6906=ADVANCED_FACE('',(#878,#262),#503,.T.);
#6907=ADVANCED_FACE('',(#879),#6593,.T.);
#6908=ADVANCED_FACE('',(#880),#588,.T.);
#6909=ADVANCED_FACE('',(#881),#6594,.T.);
#6910=ADVANCED_FACE('',(#882,#263),#504,.T.);
#6911=ADVANCED_FACE('',(#883),#505,.T.);
#6912=ADVANCED_FACE('',(#884),#6595,.F.);
#6913=ADVANCED_FACE('',(#885),#6596,.F.);
#6914=ADVANCED_FACE('',(#886),#6597,.F.);
#6915=ADVANCED_FACE('',(#887),#6598,.F.);
#6916=ADVANCED_FACE('',(#888),#6599,.F.);
#6917=ADVANCED_FACE('',(#889),#6600,.F.);
#6918=ADVANCED_FACE('',(#890),#506,.F.);
#6919=ADVANCED_FACE('',(#891),#507,.T.);
#6920=ADVANCED_FACE('',(#892),#508,.T.);
#6921=ADVANCED_FACE('',(#893),#509,.T.);
#6922=ADVANCED_FACE('',(#894),#510,.T.);
#6923=ADVANCED_FACE('',(#895),#511,.T.);
#6924=ADVANCED_FACE('',(#896),#512,.T.);
#6925=ADVANCED_FACE('',(#897),#513,.F.);
#6926=ADVANCED_FACE('',(#898),#6601,.T.);
#6927=ADVANCED_FACE('',(#899),#514,.F.);
#6928=ADVANCED_FACE('',(#900),#6602,.T.);
#6929=ADVANCED_FACE('',(#901),#515,.F.);
#6930=ADVANCED_FACE('',(#902),#6603,.T.);
#6931=ADVANCED_FACE('',(#903),#589,.T.);
#6932=ADVANCED_FACE('',(#904),#516,.F.);
#6933=ADVANCED_FACE('',(#905),#590,.T.);
#6934=ADVANCED_FACE('',(#906),#517,.F.);
#6935=ADVANCED_FACE('',(#907),#591,.T.);
#6936=ADVANCED_FACE('',(#908),#6604,.F.);
#6937=ADVANCED_FACE('',(#909),#592,.F.);
#6938=ADVANCED_FACE('',(#910),#6605,.F.);
#6939=ADVANCED_FACE('',(#911),#593,.F.);
#6940=ADVANCED_FACE('',(#912),#6606,.F.);
#6941=ADVANCED_FACE('',(#913,#264),#518,.T.);
#6942=ADVANCED_FACE('',(#914),#6607,.F.);
#6943=ADVANCED_FACE('',(#915,#265),#519,.T.);
#6944=ADVANCED_FACE('',(#916),#6608,.T.);
#6945=ADVANCED_FACE('',(#917),#594,.F.);
#6946=ADVANCED_FACE('',(#918),#595,.F.);
#6947=ADVANCED_FACE('',(#919),#6609,.T.);
#6948=ADVANCED_FACE('',(#920),#520,.F.);
#6949=ADVANCED_FACE('',(#921,#266,#267),#521,.F.);
#6950=ADVANCED_FACE('',(#922),#6610,.T.);
#6951=ADVANCED_FACE('',(#923),#522,.T.);
#6952=ADVANCED_FACE('',(#924),#6611,.F.);
#6953=ADVANCED_FACE('',(#925),#596,.F.);
#6954=ADVANCED_FACE('',(#926),#6612,.F.);
#6955=ADVANCED_FACE('',(#927,#268),#597,.F.);
#6956=ADVANCED_FACE('',(#928),#6613,.F.);
#6957=ADVANCED_FACE('',(#929),#523,.T.);
#6958=ADVANCED_FACE('',(#930),#6614,.F.);
#6959=ADVANCED_FACE('',(#931,#269),#524,.T.);
#6960=ADVANCED_FACE('',(#932),#6615,.F.);
#6961=ADVANCED_FACE('',(#933,#270,#271),#525,.T.);
#6962=ADVANCED_FACE('',(#934),#6616,.F.);
#6963=ADVANCED_FACE('',(#935),#526,.T.);
#6964=ADVANCED_FACE('',(#936),#6617,.T.);
#6965=ADVANCED_FACE('',(#937),#527,.T.);
#6966=ADVANCED_FACE('',(#938),#6618,.T.);
#6967=ADVANCED_FACE('',(#939),#528,.T.);
#6968=ADVANCED_FACE('',(#940),#6619,.T.);
#6969=ADVANCED_FACE('',(#941),#529,.T.);
#6970=ADVANCED_FACE('',(#942),#598,.T.);
#6971=ADVANCED_FACE('',(#943),#530,.T.);
#6972=ADVANCED_FACE('',(#944),#599,.T.);
#6973=ADVANCED_FACE('',(#945),#531,.T.);
#6974=ADVANCED_FACE('',(#946),#600,.T.);
#6975=ADVANCED_FACE('',(#947),#6620,.F.);
#6976=ADVANCED_FACE('',(#948,#272,#273,#274,#275),#532,.T.);
#6977=ADVANCED_FACE('',(#949),#601,.F.);
#6978=ADVANCED_FACE('',(#950),#6621,.F.);
#6979=ADVANCED_FACE('',(#951),#602,.F.);
#6980=ADVANCED_FACE('',(#952),#6622,.F.);
#6981=ADVANCED_FACE('',(#953,#276),#533,.F.);
#6982=ADVANCED_FACE('',(#954),#6623,.F.);
#6983=ADVANCED_FACE('',(#955,#277),#534,.F.);
#6984=ADVANCED_FACE('',(#956),#6624,.T.);
#6985=ADVANCED_FACE('',(#957),#603,.F.);
#6986=ADVANCED_FACE('',(#958),#604,.F.);
#6987=ADVANCED_FACE('',(#959),#535,.T.);
#6988=ADVANCED_FACE('',(#960),#536,.T.);
#6989=ADVANCED_FACE('',(#961),#6625,.T.);
#6990=ADVANCED_FACE('',(#962),#537,.T.);
#6991=ADVANCED_FACE('',(#963,#278,#279),#538,.T.);
#6992=ADVANCED_FACE('',(#964),#6626,.T.);
#6993=ADVANCED_FACE('',(#965,#280),#539,.T.);
#6994=ADVANCED_FACE('',(#966,#281,#282),#540,.T.);
#6995=ADVANCED_FACE('',(#967),#605,.F.);
#6996=ADVANCED_FACE('',(#968),#541,.F.);
#6997=ADVANCED_FACE('',(#969),#606,.F.);
#6998=ADVANCED_FACE('',(#970),#6627,.F.);
#6999=ADVANCED_FACE('',(#971),#607,.F.);
#7000=ADVANCED_FACE('',(#972),#608,.T.);
#7001=ADVANCED_FACE('',(#973,#283),#542,.T.);
#7002=ADVANCED_FACE('',(#974),#6628,.T.);
#7003=ADVANCED_FACE('',(#975),#609,.T.);
#7004=ADVANCED_FACE('',(#976),#6629,.T.);
#7005=ADVANCED_FACE('',(#977,#284),#543,.T.);
#7006=ADVANCED_FACE('',(#978),#544,.T.);
#7007=ADVANCED_FACE('',(#979),#6630,.F.);
#7008=ADVANCED_FACE('',(#980),#6631,.F.);
#7009=ADVANCED_FACE('',(#981),#6632,.F.);
#7010=ADVANCED_FACE('',(#982),#6633,.F.);
#7011=ADVANCED_FACE('',(#983),#6634,.F.);
#7012=ADVANCED_FACE('',(#984),#6635,.F.);
#7013=ADVANCED_FACE('',(#985),#545,.F.);
#7014=ADVANCED_FACE('',(#986),#546,.T.);
#7015=ADVANCED_FACE('',(#987),#547,.T.);
#7016=ADVANCED_FACE('',(#988),#548,.T.);
#7017=ADVANCED_FACE('',(#989),#549,.T.);
#7018=ADVANCED_FACE('',(#990),#550,.T.);
#7019=ADVANCED_FACE('',(#991),#551,.T.);
#7020=ADVANCED_FACE('',(#992),#6636,.F.);
#7021=ADVANCED_FACE('',(#993),#610,.F.);
#7022=ADVANCED_FACE('',(#994,#285),#552,.T.);
#7023=ADVANCED_FACE('',(#995),#6637,.F.);
#7024=ADVANCED_FACE('',(#996,#286),#553,.F.);
#7025=ADVANCED_FACE('',(#997),#6638,.T.);
#7026=ADVANCED_FACE('',(#998),#611,.T.);
#7027=ADVANCED_FACE('',(#999),#6639,.T.);
#7028=CLOSED_SHELL('',(#6640,#6641,#6642,#6643,#6644,#6645,#6646,#6647,
#6648,#6649,#6650,#6651,#6652,#6653,#6654,#6655,#6656,#6657,#6658,#6659,
#6660,#6661,#6662,#6663,#6664,#6665,#6666,#6667,#6668,#6669,#6670,#6671,
#6672,#6673,#6674,#6675,#6676));
#7029=CLOSED_SHELL('',(#6677,#6678,#6679,#6680,#6681,#6682,#6683,#6684,
#6685,#6686,#6687,#6688,#6689,#6690,#6691,#6692,#6693,#6694,#6695,#6696,
#6697));
#7030=CLOSED_SHELL('',(#6698,#6699,#6700,#6701,#6702,#6703,#6704,#6705,
#6706,#6707,#6708,#6709,#6710,#6711,#6712));
#7031=CLOSED_SHELL('',(#6713,#6714,#6715,#6716,#6717,#6718,#6719,#6720,
#6721,#6722,#6723,#6724,#6725,#6726,#6727));
#7032=CLOSED_SHELL('',(#6728,#6729,#6730,#6731,#6732,#6733,#6734,#6735,
#6736,#6737,#6738,#6739,#6740,#6741,#6742,#6743,#6744,#6745,#6746,#6747,
#6748,#6749,#6750,#6751,#6752,#6753,#6754,#6755,#6756,#6757,#6758,#6759,
#6760,#6761,#6762,#6763,#6764,#6765,#6766,#6767,#6768,#6769,#6770,#6771,
#6772,#6773,#6774,#6775,#6776,#6777,#6778,#6779,#6780));
#7033=CLOSED_SHELL('',(#6781,#6782,#6783,#6784,#6785,#6786,#6787,#6788,
#6789,#6790,#6791,#6792,#6793,#6794,#6795,#6796,#6797,#6798,#6799,#6800,
#6801));
#7034=CLOSED_SHELL('',(#6802,#6803,#6804,#6805,#6806,#6807,#6808,#6809,
#6810,#6811,#6812,#6813,#6814,#6815,#6816,#6817,#6818,#6819,#6820,#6821,
#6822,#6823,#6824,#6825,#6826,#6827,#6828,#6829,#6830,#6831,#6832,#6833,
#6834,#6835,#6836,#6837,#6838,#6839,#6840,#6841,#6842,#6843,#6844,#6845,
#6846,#6847,#6848,#6849,#6850,#6851,#6852,#6853,#6854));
#7035=CLOSED_SHELL('',(#6855,#6856,#6857,#6858,#6859,#6860,#6861,#6862,
#6863,#6864,#6865,#6866,#6867,#6868,#6869));
#7036=CLOSED_SHELL('',(#6870,#6871,#6872,#6873,#6874,#6875,#6876,#6877,
#6878,#6879,#6880,#6881,#6882,#6883,#6884));
#7037=CLOSED_SHELL('',(#6885,#6886,#6887,#6888,#6889,#6890,#6891,#6892,
#6893,#6894,#6895,#6896,#6897,#6898,#6899,#6900,#6901,#6902,#6903,#6904));
#7038=CLOSED_SHELL('',(#6905,#6906,#6907,#6908,#6909,#6910,#6911,#6912,
#6913,#6914,#6915,#6916,#6917,#6918,#6919,#6920,#6921,#6922,#6923,#6924));
#7039=CLOSED_SHELL('',(#6925,#6926,#6927,#6928,#6929,#6930,#6931,#6932,
#6933,#6934,#6935,#6936,#6937,#6938,#6939,#6940,#6941,#6942,#6943,#6944,
#6945,#6946,#6947,#6948,#6949,#6950,#6951,#6952,#6953,#6954,#6955,#6956,
#6957,#6958,#6959,#6960,#6961,#6962,#6963,#6964,#6965,#6966,#6967,#6968,
#6969,#6970,#6971,#6972,#6973,#6974,#6975,#6976,#6977,#6978,#6979,#6980,
#6981,#6982,#6983,#6984,#6985,#6986,#6987,#6988,#6989,#6990,#6991,#6992,
#6993,#6994,#6995,#6996,#6997,#6998,#6999));
#7040=CLOSED_SHELL('',(#7000,#7001,#7002,#7003,#7004,#7005,#7006,#7007,
#7008,#7009,#7010,#7011,#7012,#7013,#7014,#7015,#7016,#7017,#7018,#7019));
#7041=CLOSED_SHELL('',(#7020,#7021,#7022,#7023,#7024,#7025,#7026,#7027));
#7042=DERIVED_UNIT_ELEMENT(#7054,1.);
#7043=DERIVED_UNIT_ELEMENT(#11939,-3.);
#7044=DERIVED_UNIT_ELEMENT(#7054,1.);
#7045=DERIVED_UNIT_ELEMENT(#11939,-3.);
#7046=DERIVED_UNIT_ELEMENT(#7054,1.);
#7047=DERIVED_UNIT_ELEMENT(#11939,-3.);
#7048=DERIVED_UNIT_ELEMENT(#7054,1.);
#7049=DERIVED_UNIT_ELEMENT(#11939,-3.);
#7050=DERIVED_UNIT_ELEMENT(#7054,1.);
#7051=DERIVED_UNIT_ELEMENT(#11939,-3.);
#7052=DERIVED_UNIT_ELEMENT(#7054,1.);
#7053=DERIVED_UNIT_ELEMENT(#11939,-3.);
#7054=(
MASS_UNIT()
NAMED_UNIT(*)
SI_UNIT(.KILO.,.GRAM.)
);
#7055=DERIVED_UNIT((#7042,#7043));
#7056=DERIVED_UNIT((#7044,#7045));
#7057=DERIVED_UNIT((#7046,#7047));
#7058=DERIVED_UNIT((#7048,#7049));
#7059=DERIVED_UNIT((#7050,#7051));
#7060=DERIVED_UNIT((#7052,#7053));
#7061=MEASURE_REPRESENTATION_ITEM('density measure',
POSITIVE_RATIO_MEASURE(7850.),#7055);
#7062=MEASURE_REPRESENTATION_ITEM('density measure',
POSITIVE_RATIO_MEASURE(7850.),#7056);
#7063=MEASURE_REPRESENTATION_ITEM('density measure',
POSITIVE_RATIO_MEASURE(7850.),#7057);
#7064=MEASURE_REPRESENTATION_ITEM('density measure',
POSITIVE_RATIO_MEASURE(7850.),#7058);
#7065=MEASURE_REPRESENTATION_ITEM('density measure',
POSITIVE_RATIO_MEASURE(7850.),#7059);
#7066=MEASURE_REPRESENTATION_ITEM('density measure',
POSITIVE_RATIO_MEASURE(7850.),#7060);
#7067=PROPERTY_DEFINITION_REPRESENTATION(#7097,#7079);
#7068=PROPERTY_DEFINITION_REPRESENTATION(#7098,#7080);
#7069=PROPERTY_DEFINITION_REPRESENTATION(#7099,#7081);
#7070=PROPERTY_DEFINITION_REPRESENTATION(#7100,#7082);
#7071=PROPERTY_DEFINITION_REPRESENTATION(#7101,#7083);
#7072=PROPERTY_DEFINITION_REPRESENTATION(#7102,#7084);
#7073=PROPERTY_DEFINITION_REPRESENTATION(#7103,#7085);
#7074=PROPERTY_DEFINITION_REPRESENTATION(#7104,#7086);
#7075=PROPERTY_DEFINITION_REPRESENTATION(#7105,#7087);
#7076=PROPERTY_DEFINITION_REPRESENTATION(#7106,#7088);
#7077=PROPERTY_DEFINITION_REPRESENTATION(#7107,#7089);
#7078=PROPERTY_DEFINITION_REPRESENTATION(#7108,#7090);
#7079=REPRESENTATION('material name',(#7091),#11931);
#7080=REPRESENTATION('density',(#7061),#11931);
#7081=REPRESENTATION('material name',(#7092),#11932);
#7082=REPRESENTATION('density',(#7062),#11932);
#7083=REPRESENTATION('material name',(#7093),#11933);
#7084=REPRESENTATION('density',(#7063),#11933);
#7085=REPRESENTATION('material name',(#7094),#11934);
#7086=REPRESENTATION('density',(#7064),#11934);
#7087=REPRESENTATION('material name',(#7095),#11935);
#7088=REPRESENTATION('density',(#7065),#11935);
#7089=REPRESENTATION('material name',(#7096),#11936);
#7090=REPRESENTATION('density',(#7066),#11936);
#7091=DESCRIPTIVE_REPRESENTATION_ITEM('Steel','Steel');
#7092=DESCRIPTIVE_REPRESENTATION_ITEM('Steel','Steel');
#7093=DESCRIPTIVE_REPRESENTATION_ITEM('Steel','Steel');
#7094=DESCRIPTIVE_REPRESENTATION_ITEM('Steel','Steel');
#7095=DESCRIPTIVE_REPRESENTATION_ITEM('Steel','Steel');
#7096=DESCRIPTIVE_REPRESENTATION_ITEM('Steel','Steel');
#7097=PROPERTY_DEFINITION('material property','material name',#11983);
#7098=PROPERTY_DEFINITION('material property','density of part',#11983);
#7099=PROPERTY_DEFINITION('material property','material name',#11984);
#7100=PROPERTY_DEFINITION('material property','density of part',#11984);
#7101=PROPERTY_DEFINITION('material property','material name',#11985);
#7102=PROPERTY_DEFINITION('material property','density of part',#11985);
#7103=PROPERTY_DEFINITION('material property','material name',#11986);
#7104=PROPERTY_DEFINITION('material property','density of part',#11986);
#7105=PROPERTY_DEFINITION('material property','material name',#11987);
#7106=PROPERTY_DEFINITION('material property','density of part',#11987);
#7107=PROPERTY_DEFINITION('material property','material name',#11988);
#7108=PROPERTY_DEFINITION('material property','density of part',#11988);
#7109=AXIS2_PLACEMENT_3D('',#9782,#7771,#7772);
#7110=AXIS2_PLACEMENT_3D('',#9783,#7773,#7774);
#7111=AXIS2_PLACEMENT_3D('',#9784,#7775,#7776);
#7112=AXIS2_PLACEMENT_3D('',#9786,#7777,#7778);
#7113=AXIS2_PLACEMENT_3D('',#9789,#7780,#7781);
#7114=AXIS2_PLACEMENT_3D('',#9790,#7782,#7783);
#7115=AXIS2_PLACEMENT_3D('',#9792,#7784,#7785);
#7116=AXIS2_PLACEMENT_3D('',#9795,#7787,#7788);
#7117=AXIS2_PLACEMENT_3D('',#9796,#7789,#7790);
#7118=AXIS2_PLACEMENT_3D('',#9798,#7791,#7792);
#7119=AXIS2_PLACEMENT_3D('',#9800,#7794,#7795);
#7120=AXIS2_PLACEMENT_3D('',#9802,#7796,#7797);
#7121=AXIS2_PLACEMENT_3D('',#9804,#7799,#7800);
#7122=AXIS2_PLACEMENT_3D('',#9806,#7801,#7802);
#7123=AXIS2_PLACEMENT_3D('',#9809,#7804,#7805);
#7124=AXIS2_PLACEMENT_3D('',#9810,#7806,#7807);
#7125=AXIS2_PLACEMENT_3D('',#9813,#7808,#7809);
#7126=AXIS2_PLACEMENT_3D('',#9817,#7811,#7812);
#7127=AXIS2_PLACEMENT_3D('',#9819,#7814,#7815);
#7128=AXIS2_PLACEMENT_3D('',#9821,#7816,#7817);
#7129=AXIS2_PLACEMENT_3D('',#9824,#7819,#7820);
#7130=AXIS2_PLACEMENT_3D('',#9825,#7821,#7822);
#7131=AXIS2_PLACEMENT_3D('',#9827,#7823,#7824);
#7132=AXIS2_PLACEMENT_3D('',#9830,#7826,#7827);
#7133=AXIS2_PLACEMENT_3D('',#9831,#7828,#7829);
#7134=AXIS2_PLACEMENT_3D('',#9833,#7830,#7831);
#7135=AXIS2_PLACEMENT_3D('',#9835,#7833,#7834);
#7136=AXIS2_PLACEMENT_3D('',#9837,#7835,#7836);
#7137=AXIS2_PLACEMENT_3D('',#9839,#7838,#7839);
#7138=AXIS2_PLACEMENT_3D('',#9840,#7840,#7841);
#7139=AXIS2_PLACEMENT_3D('',#9841,#7842,#7843);
#7140=AXIS2_PLACEMENT_3D('',#9850,#7848,#7849);
#7141=AXIS2_PLACEMENT_3D('',#9859,#7854,#7855);
#7142=AXIS2_PLACEMENT_3D('',#9868,#7860,#7861);
#7143=AXIS2_PLACEMENT_3D('',#9877,#7866,#7867);
#7144=AXIS2_PLACEMENT_3D('',#9886,#7872,#7873);
#7145=AXIS2_PLACEMENT_3D('',#9895,#7878,#7879);
#7146=AXIS2_PLACEMENT_3D('',#9904,#7884,#7885);
#7147=AXIS2_PLACEMENT_3D('',#9913,#7890,#7891);
#7148=AXIS2_PLACEMENT_3D('',#9918,#7893,#7894);
#7149=AXIS2_PLACEMENT_3D('',#9921,#7896,#7897);
#7150=AXIS2_PLACEMENT_3D('',#9922,#7898,#7899);
#7151=AXIS2_PLACEMENT_3D('',#9931,#7904,#7905);
#7152=AXIS2_PLACEMENT_3D('',#9934,#7908,#7909);
#7153=AXIS2_PLACEMENT_3D('',#9937,#7912,#7913);
#7154=AXIS2_PLACEMENT_3D('',#9940,#7916,#7917);
#7155=AXIS2_PLACEMENT_3D('',#9943,#7920,#7921);
#7156=AXIS2_PLACEMENT_3D('',#9946,#7924,#7925);
#7157=AXIS2_PLACEMENT_3D('',#9949,#7928,#7929);
#7158=AXIS2_PLACEMENT_3D('',#9952,#7932,#7933);
#7159=AXIS2_PLACEMENT_3D('',#9955,#7936,#7937);
#7160=AXIS2_PLACEMENT_3D('',#9958,#7940,#7941);
#7161=AXIS2_PLACEMENT_3D('',#9961,#7944,#7945);
#7162=AXIS2_PLACEMENT_3D('',#9964,#7948,#7949);
#7163=AXIS2_PLACEMENT_3D('',#9965,#7950,#7951);
#7164=AXIS2_PLACEMENT_3D('',#9966,#7952,#7953);
#7165=AXIS2_PLACEMENT_3D('',#9967,#7954,#7955);
#7166=AXIS2_PLACEMENT_3D('',#9968,#7956,#7957);
#7167=AXIS2_PLACEMENT_3D('',#9970,#7958,#7959);
#7168=AXIS2_PLACEMENT_3D('',#9973,#7961,#7962);
#7169=AXIS2_PLACEMENT_3D('',#9974,#7963,#7964);
#7170=AXIS2_PLACEMENT_3D('',#9977,#7965,#7966);
#7171=AXIS2_PLACEMENT_3D('',#9981,#7968,#7969);
#7172=AXIS2_PLACEMENT_3D('',#9983,#7971,#7972);
#7173=AXIS2_PLACEMENT_3D('',#9986,#7973,#7974);
#7174=AXIS2_PLACEMENT_3D('',#9990,#7976,#7977);
#7175=AXIS2_PLACEMENT_3D('',#9992,#7979,#7980);
#7176=AXIS2_PLACEMENT_3D('',#9998,#7984,#7985);
#7177=AXIS2_PLACEMENT_3D('',#10007,#7990,#7991);
#7178=AXIS2_PLACEMENT_3D('',#10016,#7996,#7997);
#7179=AXIS2_PLACEMENT_3D('',#10025,#8002,#8003);
#7180=AXIS2_PLACEMENT_3D('',#10034,#8008,#8009);
#7181=AXIS2_PLACEMENT_3D('',#10043,#8014,#8015);
#7182=AXIS2_PLACEMENT_3D('',#10049,#8019,#8020);
#7183=AXIS2_PLACEMENT_3D('',#10055,#8024,#8025);
#7184=AXIS2_PLACEMENT_3D('',#10061,#8029,#8030);
#7185=AXIS2_PLACEMENT_3D('',#10064,#8033,#8034);
#7186=AXIS2_PLACEMENT_3D('',#10071,#8041,#8042);
#7187=AXIS2_PLACEMENT_3D('',#10078,#8049,#8050);
#7188=AXIS2_PLACEMENT_3D('',#10079,#8051,#8052);
#7189=AXIS2_PLACEMENT_3D('',#10080,#8053,#8054);
#7190=AXIS2_PLACEMENT_3D('',#10081,#8055,#8056);
#7191=AXIS2_PLACEMENT_3D('',#10082,#8057,#8058);
#7192=AXIS2_PLACEMENT_3D('',#10083,#8059,#8060);
#7193=AXIS2_PLACEMENT_3D('',#10084,#8061,#8062);
#7194=AXIS2_PLACEMENT_3D('',#10087,#8063,#8064);
#7195=AXIS2_PLACEMENT_3D('',#10089,#8065,#8066);
#7196=AXIS2_PLACEMENT_3D('',#10091,#8067,#8068);
#7197=AXIS2_PLACEMENT_3D('',#10093,#8069,#8070);
#7198=AXIS2_PLACEMENT_3D('',#10095,#8071,#8072);
#7199=AXIS2_PLACEMENT_3D('',#10097,#8073,#8074);
#7200=AXIS2_PLACEMENT_3D('',#10099,#8075,#8076);
#7201=AXIS2_PLACEMENT_3D('',#10101,#8077,#8078);
#7202=AXIS2_PLACEMENT_3D('',#10103,#8079,#8080);
#7203=AXIS2_PLACEMENT_3D('',#10105,#8081,#8082);
#7204=AXIS2_PLACEMENT_3D('',#10107,#8083,#8084);
#7205=AXIS2_PLACEMENT_3D('',#10109,#8085,#8086);
#7206=AXIS2_PLACEMENT_3D('',#10110,#8087,#8088);
#7207=AXIS2_PLACEMENT_3D('',#10112,#8089,#8090);
#7208=AXIS2_PLACEMENT_3D('',#10113,#8091,#8092);
#7209=AXIS2_PLACEMENT_3D('',#10114,#8093,#8094);
#7210=AXIS2_PLACEMENT_3D('',#10115,#8095,#8096);
#7211=AXIS2_PLACEMENT_3D('',#10121,#8100,#8101);
#7212=AXIS2_PLACEMENT_3D('',#10125,#8104,#8105);
#7213=AXIS2_PLACEMENT_3D('',#10129,#8108,#8109);
#7214=AXIS2_PLACEMENT_3D('',#10133,#8112,#8113);
#7215=AXIS2_PLACEMENT_3D('',#10137,#8116,#8117);
#7216=AXIS2_PLACEMENT_3D('',#10141,#8120,#8121);
#7217=AXIS2_PLACEMENT_3D('',#10145,#8124,#8125);
#7218=AXIS2_PLACEMENT_3D('',#10149,#8128,#8129);
#7219=AXIS2_PLACEMENT_3D('',#10153,#8132,#8133);
#7220=AXIS2_PLACEMENT_3D('',#10157,#8136,#8137);
#7221=AXIS2_PLACEMENT_3D('',#10161,#8140,#8141);
#7222=AXIS2_PLACEMENT_3D('',#10163,#8143,#8144);
#7223=AXIS2_PLACEMENT_3D('',#10164,#8145,#8146);
#7224=AXIS2_PLACEMENT_3D('',#10167,#8147,#8148);
#7225=AXIS2_PLACEMENT_3D('',#10169,#8149,#8150);
#7226=AXIS2_PLACEMENT_3D('',#10171,#8151,#8152);
#7227=AXIS2_PLACEMENT_3D('',#10173,#8153,#8154);
#7228=AXIS2_PLACEMENT_3D('',#10175,#8155,#8156);
#7229=AXIS2_PLACEMENT_3D('',#10177,#8157,#8158);
#7230=AXIS2_PLACEMENT_3D('',#10179,#8159,#8160);
#7231=AXIS2_PLACEMENT_3D('',#10181,#8161,#8162);
#7232=AXIS2_PLACEMENT_3D('',#10183,#8163,#8164);
#7233=AXIS2_PLACEMENT_3D('',#10185,#8165,#8166);
#7234=AXIS2_PLACEMENT_3D('',#10187,#8167,#8168);
#7235=AXIS2_PLACEMENT_3D('',#10189,#8169,#8170);
#7236=AXIS2_PLACEMENT_3D('',#10190,#8171,#8172);
#7237=AXIS2_PLACEMENT_3D('',#10192,#8173,#8174);
#7238=AXIS2_PLACEMENT_3D('',#10193,#8175,#8176);
#7239=AXIS2_PLACEMENT_3D('',#10194,#8177,#8178);
#7240=AXIS2_PLACEMENT_3D('',#10195,#8179,#8180);
#7241=AXIS2_PLACEMENT_3D('',#10201,#8184,#8185);
#7242=AXIS2_PLACEMENT_3D('',#10205,#8188,#8189);
#7243=AXIS2_PLACEMENT_3D('',#10209,#8192,#8193);
#7244=AXIS2_PLACEMENT_3D('',#10213,#8196,#8197);
#7245=AXIS2_PLACEMENT_3D('',#10217,#8200,#8201);
#7246=AXIS2_PLACEMENT_3D('',#10221,#8204,#8205);
#7247=AXIS2_PLACEMENT_3D('',#10225,#8208,#8209);
#7248=AXIS2_PLACEMENT_3D('',#10229,#8212,#8213);
#7249=AXIS2_PLACEMENT_3D('',#10233,#8216,#8217);
#7250=AXIS2_PLACEMENT_3D('',#10237,#8220,#8221);
#7251=AXIS2_PLACEMENT_3D('',#10241,#8224,#8225);
#7252=AXIS2_PLACEMENT_3D('',#10243,#8227,#8228);
#7253=AXIS2_PLACEMENT_3D('',#10244,#8229,#8230);
#7254=AXIS2_PLACEMENT_3D('',#10247,#8231,#8232);
#7255=AXIS2_PLACEMENT_3D('',#10251,#8234,#8235);
#7256=AXIS2_PLACEMENT_3D('',#10253,#8237,#8238);
#7257=AXIS2_PLACEMENT_3D('',#10256,#8239,#8240);
#7258=AXIS2_PLACEMENT_3D('',#10260,#8242,#8243);
#7259=AXIS2_PLACEMENT_3D('',#10264,#8245,#8246);
#7260=AXIS2_PLACEMENT_3D('',#10268,#8248,#8249);
#7261=AXIS2_PLACEMENT_3D('',#10271,#8251,#8252);
#7262=AXIS2_PLACEMENT_3D('',#10274,#8254,#8255);
#7263=AXIS2_PLACEMENT_3D('',#10275,#8256,#8257);
#7264=AXIS2_PLACEMENT_3D('',#10277,#8258,#8259);
#7265=AXIS2_PLACEMENT_3D('',#10280,#8261,#8262);
#7266=AXIS2_PLACEMENT_3D('',#10281,#8263,#8264);
#7267=AXIS2_PLACEMENT_3D('',#10284,#8265,#8266);
#7268=AXIS2_PLACEMENT_3D('',#10287,#8268,#8269);
#7269=AXIS2_PLACEMENT_3D('',#10289,#8270,#8271);
#7270=AXIS2_PLACEMENT_3D('',#10293,#8273,#8274);
#7271=AXIS2_PLACEMENT_3D('',#10297,#8276,#8277);
#7272=AXIS2_PLACEMENT_3D('',#10301,#8279,#8280);
#7273=AXIS2_PLACEMENT_3D('',#10303,#8282,#8283);
#7274=AXIS2_PLACEMENT_3D('',#10319,#8292,#8293);
#7275=AXIS2_PLACEMENT_3D('',#10333,#8301,#8302);
#7276=AXIS2_PLACEMENT_3D('',#10351,#8312,#8313);
#7277=AXIS2_PLACEMENT_3D('',#10359,#8317,#8318);
#7278=AXIS2_PLACEMENT_3D('',#10367,#8322,#8323);
#7279=AXIS2_PLACEMENT_3D('',#10375,#8327,#8328);
#7280=AXIS2_PLACEMENT_3D('',#10384,#8333,#8334);
#7281=AXIS2_PLACEMENT_3D('',#10386,#8336,#8337);
#7282=AXIS2_PLACEMENT_3D('',#10400,#8345,#8346);
#7283=AXIS2_PLACEMENT_3D('',#10413,#8354,#8355);
#7284=AXIS2_PLACEMENT_3D('',#10419,#8359,#8360);
#7285=AXIS2_PLACEMENT_3D('',#10421,#8361,#8362);
#7286=AXIS2_PLACEMENT_3D('',#10423,#8364,#8365);
#7287=AXIS2_PLACEMENT_3D('',#10427,#8368,#8369);
#7288=AXIS2_PLACEMENT_3D('',#10431,#8372,#8373);
#7289=AXIS2_PLACEMENT_3D('',#10435,#8376,#8377);
#7290=AXIS2_PLACEMENT_3D('',#10437,#8378,#8379);
#7291=AXIS2_PLACEMENT_3D('',#10439,#8381,#8382);
#7292=AXIS2_PLACEMENT_3D('',#10443,#8385,#8386);
#7293=AXIS2_PLACEMENT_3D('',#10449,#8390,#8391);
#7294=AXIS2_PLACEMENT_3D('',#10460,#8398,#8399);
#7295=AXIS2_PLACEMENT_3D('',#10466,#8403,#8404);
#7296=AXIS2_PLACEMENT_3D('',#10472,#8408,#8409);
#7297=AXIS2_PLACEMENT_3D('',#10474,#8410,#8411);
#7298=AXIS2_PLACEMENT_3D('',#10476,#8413,#8414);
#7299=AXIS2_PLACEMENT_3D('',#10480,#8417,#8418);
#7300=AXIS2_PLACEMENT_3D('',#10484,#8421,#8422);
#7301=AXIS2_PLACEMENT_3D('',#10488,#8425,#8426);
#7302=AXIS2_PLACEMENT_3D('',#10490,#8427,#8428);
#7303=AXIS2_PLACEMENT_3D('',#10492,#8430,#8431);
#7304=AXIS2_PLACEMENT_3D('',#10496,#8434,#8435);
#7305=AXIS2_PLACEMENT_3D('',#10498,#8437,#8438);
#7306=AXIS2_PLACEMENT_3D('',#10505,#8445,#8446);
#7307=AXIS2_PLACEMENT_3D('',#10506,#8447,#8448);
#7308=AXIS2_PLACEMENT_3D('',#10507,#8449,#8450);
#7309=AXIS2_PLACEMENT_3D('',#10508,#8451,#8452);
#7310=AXIS2_PLACEMENT_3D('',#10509,#8453,#8454);
#7311=AXIS2_PLACEMENT_3D('',#10510,#8455,#8456);
#7312=AXIS2_PLACEMENT_3D('',#10511,#8457,#8458);
#7313=AXIS2_PLACEMENT_3D('',#10515,#8461,#8462);
#7314=AXIS2_PLACEMENT_3D('',#10519,#8465,#8466);
#7315=AXIS2_PLACEMENT_3D('',#10521,#8468,#8469);
#7316=AXIS2_PLACEMENT_3D('',#10523,#8471,#8472);
#7317=AXIS2_PLACEMENT_3D('',#10525,#8474,#8475);
#7318=AXIS2_PLACEMENT_3D('',#10526,#8476,#8477);
#7319=AXIS2_PLACEMENT_3D('',#10530,#8480,#8481);
#7320=AXIS2_PLACEMENT_3D('',#10532,#8483,#8484);
#7321=AXIS2_PLACEMENT_3D('',#10534,#8486,#8487);
#7322=AXIS2_PLACEMENT_3D('',#10538,#8490,#8491);
#7323=AXIS2_PLACEMENT_3D('',#10540,#8493,#8494);
#7324=AXIS2_PLACEMENT_3D('',#10541,#8495,#8496);
#7325=AXIS2_PLACEMENT_3D('',#10545,#8498,#8499);
#7326=AXIS2_PLACEMENT_3D('',#10547,#8501,#8502);
#7327=AXIS2_PLACEMENT_3D('',#10551,#8505,#8506);
#7328=AXIS2_PLACEMENT_3D('',#10553,#8508,#8509);
#7329=AXIS2_PLACEMENT_3D('',#10555,#8511,#8512);
#7330=AXIS2_PLACEMENT_3D('',#10559,#8515,#8516);
#7331=AXIS2_PLACEMENT_3D('',#10561,#8518,#8519);
#7332=AXIS2_PLACEMENT_3D('',#10562,#8520,#8521);
#7333=AXIS2_PLACEMENT_3D('',#10564,#8522,#8523);
#7334=AXIS2_PLACEMENT_3D('',#10567,#8525,#8526);
#7335=AXIS2_PLACEMENT_3D('',#10568,#8527,#8528);
#7336=AXIS2_PLACEMENT_3D('',#10571,#8529,#8530);
#7337=AXIS2_PLACEMENT_3D('',#10575,#8532,#8533);
#7338=AXIS2_PLACEMENT_3D('',#10577,#8535,#8536);
#7339=AXIS2_PLACEMENT_3D('',#10580,#8537,#8538);
#7340=AXIS2_PLACEMENT_3D('',#10584,#8540,#8541);
#7341=AXIS2_PLACEMENT_3D('',#10586,#8543,#8544);
#7342=AXIS2_PLACEMENT_3D('',#10592,#8548,#8549);
#7343=AXIS2_PLACEMENT_3D('',#10601,#8554,#8555);
#7344=AXIS2_PLACEMENT_3D('',#10610,#8560,#8561);
#7345=AXIS2_PLACEMENT_3D('',#10619,#8566,#8567);
#7346=AXIS2_PLACEMENT_3D('',#10628,#8572,#8573);
#7347=AXIS2_PLACEMENT_3D('',#10637,#8578,#8579);
#7348=AXIS2_PLACEMENT_3D('',#10643,#8583,#8584);
#7349=AXIS2_PLACEMENT_3D('',#10649,#8588,#8589);
#7350=AXIS2_PLACEMENT_3D('',#10655,#8593,#8594);
#7351=AXIS2_PLACEMENT_3D('',#10658,#8597,#8598);
#7352=AXIS2_PLACEMENT_3D('',#10665,#8605,#8606);
#7353=AXIS2_PLACEMENT_3D('',#10672,#8613,#8614);
#7354=AXIS2_PLACEMENT_3D('',#10673,#8615,#8616);
#7355=AXIS2_PLACEMENT_3D('',#10674,#8617,#8618);
#7356=AXIS2_PLACEMENT_3D('',#10675,#8619,#8620);
#7357=AXIS2_PLACEMENT_3D('',#10676,#8621,#8622);
#7358=AXIS2_PLACEMENT_3D('',#10677,#8623,#8624);
#7359=AXIS2_PLACEMENT_3D('',#10678,#8625,#8626);
#7360=AXIS2_PLACEMENT_3D('',#10681,#8627,#8628);
#7361=AXIS2_PLACEMENT_3D('',#10685,#8630,#8631);
#7362=AXIS2_PLACEMENT_3D('',#10687,#8633,#8634);
#7363=AXIS2_PLACEMENT_3D('',#10690,#8635,#8636);
#7364=AXIS2_PLACEMENT_3D('',#10693,#8638,#8639);
#7365=AXIS2_PLACEMENT_3D('',#10695,#8640,#8641);
#7366=AXIS2_PLACEMENT_3D('',#10699,#8643,#8644);
#7367=AXIS2_PLACEMENT_3D('',#10703,#8646,#8647);
#7368=AXIS2_PLACEMENT_3D('',#10707,#8649,#8650);
#7369=AXIS2_PLACEMENT_3D('',#10709,#8652,#8653);
#7370=AXIS2_PLACEMENT_3D('',#10711,#8654,#8655);
#7371=AXIS2_PLACEMENT_3D('',#10714,#8657,#8658);
#7372=AXIS2_PLACEMENT_3D('',#10715,#8659,#8660);
#7373=AXIS2_PLACEMENT_3D('',#10718,#8661,#8662);
#7374=AXIS2_PLACEMENT_3D('',#10722,#8664,#8665);
#7375=AXIS2_PLACEMENT_3D('',#10726,#8667,#8668);
#7376=AXIS2_PLACEMENT_3D('',#10730,#8670,#8671);
#7377=AXIS2_PLACEMENT_3D('',#10733,#8673,#8674);
#7378=AXIS2_PLACEMENT_3D('',#10736,#8676,#8677);
#7379=AXIS2_PLACEMENT_3D('',#10737,#8678,#8679);
#7380=AXIS2_PLACEMENT_3D('',#10753,#8688,#8689);
#7381=AXIS2_PLACEMENT_3D('',#10767,#8697,#8698);
#7382=AXIS2_PLACEMENT_3D('',#10773,#8701,#8702);
#7383=AXIS2_PLACEMENT_3D('',#10782,#8707,#8708);
#7384=AXIS2_PLACEMENT_3D('',#10790,#8712,#8713);
#7385=AXIS2_PLACEMENT_3D('',#10798,#8717,#8718);
#7386=AXIS2_PLACEMENT_3D('',#10806,#8722,#8723);
#7387=AXIS2_PLACEMENT_3D('',#10820,#8732,#8733);
#7388=AXIS2_PLACEMENT_3D('',#10834,#8741,#8742);
#7389=AXIS2_PLACEMENT_3D('',#10847,#8750,#8751);
#7390=AXIS2_PLACEMENT_3D('',#10853,#8755,#8756);
#7391=AXIS2_PLACEMENT_3D('',#10855,#8757,#8758);
#7392=AXIS2_PLACEMENT_3D('',#10857,#8760,#8761);
#7393=AXIS2_PLACEMENT_3D('',#10861,#8764,#8765);
#7394=AXIS2_PLACEMENT_3D('',#10865,#8768,#8769);
#7395=AXIS2_PLACEMENT_3D('',#10869,#8772,#8773);
#7396=AXIS2_PLACEMENT_3D('',#10871,#8774,#8775);
#7397=AXIS2_PLACEMENT_3D('',#10873,#8777,#8778);
#7398=AXIS2_PLACEMENT_3D('',#10877,#8781,#8782);
#7399=AXIS2_PLACEMENT_3D('',#10883,#8786,#8787);
#7400=AXIS2_PLACEMENT_3D('',#10894,#8794,#8795);
#7401=AXIS2_PLACEMENT_3D('',#10900,#8799,#8800);
#7402=AXIS2_PLACEMENT_3D('',#10906,#8804,#8805);
#7403=AXIS2_PLACEMENT_3D('',#10908,#8806,#8807);
#7404=AXIS2_PLACEMENT_3D('',#10910,#8809,#8810);
#7405=AXIS2_PLACEMENT_3D('',#10914,#8813,#8814);
#7406=AXIS2_PLACEMENT_3D('',#10918,#8817,#8818);
#7407=AXIS2_PLACEMENT_3D('',#10922,#8821,#8822);
#7408=AXIS2_PLACEMENT_3D('',#10924,#8823,#8824);
#7409=AXIS2_PLACEMENT_3D('',#10926,#8826,#8827);
#7410=AXIS2_PLACEMENT_3D('',#10930,#8830,#8831);
#7411=AXIS2_PLACEMENT_3D('',#10932,#8833,#8834);
#7412=AXIS2_PLACEMENT_3D('',#10939,#8841,#8842);
#7413=AXIS2_PLACEMENT_3D('',#10940,#8843,#8844);
#7414=AXIS2_PLACEMENT_3D('',#10941,#8845,#8846);
#7415=AXIS2_PLACEMENT_3D('',#10942,#8847,#8848);
#7416=AXIS2_PLACEMENT_3D('',#10943,#8849,#8850);
#7417=AXIS2_PLACEMENT_3D('',#10944,#8851,#8852);
#7418=AXIS2_PLACEMENT_3D('',#10945,#8853,#8854);
#7419=AXIS2_PLACEMENT_3D('',#10949,#8857,#8858);
#7420=AXIS2_PLACEMENT_3D('',#10953,#8861,#8862);
#7421=AXIS2_PLACEMENT_3D('',#10955,#8864,#8865);
#7422=AXIS2_PLACEMENT_3D('',#10957,#8867,#8868);
#7423=AXIS2_PLACEMENT_3D('',#10959,#8870,#8871);
#7424=AXIS2_PLACEMENT_3D('',#10960,#8872,#8873);
#7425=AXIS2_PLACEMENT_3D('',#10964,#8876,#8877);
#7426=AXIS2_PLACEMENT_3D('',#10966,#8879,#8880);
#7427=AXIS2_PLACEMENT_3D('',#10968,#8882,#8883);
#7428=AXIS2_PLACEMENT_3D('',#10972,#8886,#8887);
#7429=AXIS2_PLACEMENT_3D('',#10974,#8889,#8890);
#7430=AXIS2_PLACEMENT_3D('',#10975,#8891,#8892);
#7431=AXIS2_PLACEMENT_3D('',#10979,#8894,#8895);
#7432=AXIS2_PLACEMENT_3D('',#10981,#8897,#8898);
#7433=AXIS2_PLACEMENT_3D('',#10985,#8901,#8902);
#7434=AXIS2_PLACEMENT_3D('',#10987,#8904,#8905);
#7435=AXIS2_PLACEMENT_3D('',#10989,#8907,#8908);
#7436=AXIS2_PLACEMENT_3D('',#10993,#8911,#8912);
#7437=AXIS2_PLACEMENT_3D('',#10995,#8914,#8915);
#7438=AXIS2_PLACEMENT_3D('',#10996,#8916,#8917);
#7439=AXIS2_PLACEMENT_3D('',#10998,#8918,#8919);
#7440=AXIS2_PLACEMENT_3D('',#11000,#8920,#8921);
#7441=AXIS2_PLACEMENT_3D('',#11002,#8922,#8923);
#7442=AXIS2_PLACEMENT_3D('',#11004,#8924,#8925);
#7443=AXIS2_PLACEMENT_3D('',#11006,#8926,#8927);
#7444=AXIS2_PLACEMENT_3D('',#11008,#8928,#8929);
#7445=AXIS2_PLACEMENT_3D('',#11010,#8930,#8931);
#7446=AXIS2_PLACEMENT_3D('',#11012,#8932,#8933);
#7447=AXIS2_PLACEMENT_3D('',#11014,#8934,#8935);
#7448=AXIS2_PLACEMENT_3D('',#11016,#8936,#8937);
#7449=AXIS2_PLACEMENT_3D('',#11018,#8938,#8939);
#7450=AXIS2_PLACEMENT_3D('',#11020,#8940,#8941);
#7451=AXIS2_PLACEMENT_3D('',#11022,#8942,#8943);
#7452=AXIS2_PLACEMENT_3D('',#11024,#8944,#8945);
#7453=AXIS2_PLACEMENT_3D('',#11025,#8946,#8947);
#7454=AXIS2_PLACEMENT_3D('',#11026,#8948,#8949);
#7455=AXIS2_PLACEMENT_3D('',#11027,#8950,#8951);
#7456=AXIS2_PLACEMENT_3D('',#11033,#8955,#8956);
#7457=AXIS2_PLACEMENT_3D('',#11037,#8959,#8960);
#7458=AXIS2_PLACEMENT_3D('',#11041,#8963,#8964);
#7459=AXIS2_PLACEMENT_3D('',#11045,#8967,#8968);
#7460=AXIS2_PLACEMENT_3D('',#11049,#8971,#8972);
#7461=AXIS2_PLACEMENT_3D('',#11053,#8975,#8976);
#7462=AXIS2_PLACEMENT_3D('',#11057,#8979,#8980);
#7463=AXIS2_PLACEMENT_3D('',#11061,#8983,#8984);
#7464=AXIS2_PLACEMENT_3D('',#11065,#8987,#8988);
#7465=AXIS2_PLACEMENT_3D('',#11069,#8991,#8992);
#7466=AXIS2_PLACEMENT_3D('',#11073,#8995,#8996);
#7467=AXIS2_PLACEMENT_3D('',#11075,#8998,#8999);
#7468=AXIS2_PLACEMENT_3D('',#11076,#9000,#9001);
#7469=AXIS2_PLACEMENT_3D('',#11078,#9002,#9003);
#7470=AXIS2_PLACEMENT_3D('',#11080,#9004,#9005);
#7471=AXIS2_PLACEMENT_3D('',#11082,#9006,#9007);
#7472=AXIS2_PLACEMENT_3D('',#11084,#9008,#9009);
#7473=AXIS2_PLACEMENT_3D('',#11086,#9010,#9011);
#7474=AXIS2_PLACEMENT_3D('',#11088,#9012,#9013);
#7475=AXIS2_PLACEMENT_3D('',#11090,#9014,#9015);
#7476=AXIS2_PLACEMENT_3D('',#11092,#9016,#9017);
#7477=AXIS2_PLACEMENT_3D('',#11094,#9018,#9019);
#7478=AXIS2_PLACEMENT_3D('',#11096,#9020,#9021);
#7479=AXIS2_PLACEMENT_3D('',#11098,#9022,#9023);
#7480=AXIS2_PLACEMENT_3D('',#11100,#9024,#9025);
#7481=AXIS2_PLACEMENT_3D('',#11102,#9026,#9027);
#7482=AXIS2_PLACEMENT_3D('',#11104,#9028,#9029);
#7483=AXIS2_PLACEMENT_3D('',#11105,#9030,#9031);
#7484=AXIS2_PLACEMENT_3D('',#11106,#9032,#9033);
#7485=AXIS2_PLACEMENT_3D('',#11107,#9034,#9035);
#7486=AXIS2_PLACEMENT_3D('',#11113,#9039,#9040);
#7487=AXIS2_PLACEMENT_3D('',#11117,#9043,#9044);
#7488=AXIS2_PLACEMENT_3D('',#11121,#9047,#9048);
#7489=AXIS2_PLACEMENT_3D('',#11125,#9051,#9052);
#7490=AXIS2_PLACEMENT_3D('',#11129,#9055,#9056);
#7491=AXIS2_PLACEMENT_3D('',#11133,#9059,#9060);
#7492=AXIS2_PLACEMENT_3D('',#11137,#9063,#9064);
#7493=AXIS2_PLACEMENT_3D('',#11141,#9067,#9068);
#7494=AXIS2_PLACEMENT_3D('',#11145,#9071,#9072);
#7495=AXIS2_PLACEMENT_3D('',#11149,#9075,#9076);
#7496=AXIS2_PLACEMENT_3D('',#11153,#9079,#9080);
#7497=AXIS2_PLACEMENT_3D('',#11155,#9082,#9083);
#7498=AXIS2_PLACEMENT_3D('',#11156,#9084,#9085);
#7499=AXIS2_PLACEMENT_3D('',#11157,#9086,#9087);
#7500=AXIS2_PLACEMENT_3D('',#11160,#9088,#9089);
#7501=AXIS2_PLACEMENT_3D('',#11163,#9091,#9092);
#7502=AXIS2_PLACEMENT_3D('',#11164,#9093,#9094);
#7503=AXIS2_PLACEMENT_3D('',#11165,#9095,#9096);
#7504=AXIS2_PLACEMENT_3D('',#11167,#9097,#9098);
#7505=AXIS2_PLACEMENT_3D('',#11168,#9099,#9100);
#7506=AXIS2_PLACEMENT_3D('',#11170,#9101,#9102);
#7507=AXIS2_PLACEMENT_3D('',#11173,#9104,#9105);
#7508=AXIS2_PLACEMENT_3D('',#11174,#9106,#9107);
#7509=AXIS2_PLACEMENT_3D('',#11176,#9109,#9110);
#7510=AXIS2_PLACEMENT_3D('',#11179,#9112,#9113);
#7511=AXIS2_PLACEMENT_3D('',#11180,#9114,#9115);
#7512=AXIS2_PLACEMENT_3D('',#11183,#9116,#9117);
#7513=AXIS2_PLACEMENT_3D('',#11185,#9118,#9119);
#7514=AXIS2_PLACEMENT_3D('',#11187,#9120,#9121);
#7515=AXIS2_PLACEMENT_3D('',#11189,#9122,#9123);
#7516=AXIS2_PLACEMENT_3D('',#11191,#9124,#9125);
#7517=AXIS2_PLACEMENT_3D('',#11192,#9126,#9127);
#7518=AXIS2_PLACEMENT_3D('',#11193,#9128,#9129);
#7519=AXIS2_PLACEMENT_3D('',#11194,#9130,#9131);
#7520=AXIS2_PLACEMENT_3D('',#11198,#9132,#9133);
#7521=AXIS2_PLACEMENT_3D('',#11202,#9134,#9135);
#7522=AXIS2_PLACEMENT_3D('',#11206,#9136,#9137);
#7523=AXIS2_PLACEMENT_3D('',#11210,#9138,#9139);
#7524=AXIS2_PLACEMENT_3D('',#11214,#9140,#9141);
#7525=AXIS2_PLACEMENT_3D('',#11218,#9142,#9143);
#7526=AXIS2_PLACEMENT_3D('',#11231,#9150,#9151);
#7527=AXIS2_PLACEMENT_3D('',#11234,#9154,#9155);
#7528=AXIS2_PLACEMENT_3D('',#11236,#9157,#9158);
#7529=AXIS2_PLACEMENT_3D('',#11238,#9160,#9161);
#7530=AXIS2_PLACEMENT_3D('',#11240,#9163,#9164);
#7531=AXIS2_PLACEMENT_3D('',#11242,#9166,#9167);
#7532=AXIS2_PLACEMENT_3D('',#11243,#9168,#9169);
#7533=AXIS2_PLACEMENT_3D('',#11244,#9170,#9171);
#7534=AXIS2_PLACEMENT_3D('',#11247,#9172,#9173);
#7535=AXIS2_PLACEMENT_3D('',#11250,#9175,#9176);
#7536=AXIS2_PLACEMENT_3D('',#11251,#9177,#9178);
#7537=AXIS2_PLACEMENT_3D('',#11252,#9179,#9180);
#7538=AXIS2_PLACEMENT_3D('',#11254,#9181,#9182);
#7539=AXIS2_PLACEMENT_3D('',#11255,#9183,#9184);
#7540=AXIS2_PLACEMENT_3D('',#11257,#9185,#9186);
#7541=AXIS2_PLACEMENT_3D('',#11260,#9188,#9189);
#7542=AXIS2_PLACEMENT_3D('',#11261,#9190,#9191);
#7543=AXIS2_PLACEMENT_3D('',#11263,#9193,#9194);
#7544=AXIS2_PLACEMENT_3D('',#11266,#9196,#9197);
#7545=AXIS2_PLACEMENT_3D('',#11267,#9198,#9199);
#7546=AXIS2_PLACEMENT_3D('',#11270,#9200,#9201);
#7547=AXIS2_PLACEMENT_3D('',#11272,#9202,#9203);
#7548=AXIS2_PLACEMENT_3D('',#11274,#9204,#9205);
#7549=AXIS2_PLACEMENT_3D('',#11276,#9206,#9207);
#7550=AXIS2_PLACEMENT_3D('',#11278,#9208,#9209);
#7551=AXIS2_PLACEMENT_3D('',#11279,#9210,#9211);
#7552=AXIS2_PLACEMENT_3D('',#11280,#9212,#9213);
#7553=AXIS2_PLACEMENT_3D('',#11281,#9214,#9215);
#7554=AXIS2_PLACEMENT_3D('',#11285,#9216,#9217);
#7555=AXIS2_PLACEMENT_3D('',#11289,#9218,#9219);
#7556=AXIS2_PLACEMENT_3D('',#11293,#9220,#9221);
#7557=AXIS2_PLACEMENT_3D('',#11297,#9222,#9223);
#7558=AXIS2_PLACEMENT_3D('',#11301,#9224,#9225);
#7559=AXIS2_PLACEMENT_3D('',#11305,#9226,#9227);
#7560=AXIS2_PLACEMENT_3D('',#11318,#9234,#9235);
#7561=AXIS2_PLACEMENT_3D('',#11321,#9238,#9239);
#7562=AXIS2_PLACEMENT_3D('',#11323,#9241,#9242);
#7563=AXIS2_PLACEMENT_3D('',#11325,#9244,#9245);
#7564=AXIS2_PLACEMENT_3D('',#11327,#9247,#9248);
#7565=AXIS2_PLACEMENT_3D('',#11329,#9250,#9251);
#7566=AXIS2_PLACEMENT_3D('',#11330,#9252,#9253);
#7567=AXIS2_PLACEMENT_3D('',#11331,#9254,#9255);
#7568=AXIS2_PLACEMENT_3D('',#11340,#9260,#9261);
#7569=AXIS2_PLACEMENT_3D('',#11345,#9263,#9264);
#7570=AXIS2_PLACEMENT_3D('',#11348,#9266,#9267);
#7571=AXIS2_PLACEMENT_3D('',#11349,#9268,#9269);
#7572=AXIS2_PLACEMENT_3D('',#11355,#9273,#9274);
#7573=AXIS2_PLACEMENT_3D('',#11357,#9275,#9276);
#7574=AXIS2_PLACEMENT_3D('',#11360,#9278,#9279);
#7575=AXIS2_PLACEMENT_3D('',#11361,#9280,#9281);
#7576=AXIS2_PLACEMENT_3D('',#11367,#9285,#9286);
#7577=AXIS2_PLACEMENT_3D('',#11369,#9287,#9288);
#7578=AXIS2_PLACEMENT_3D('',#11372,#9290,#9291);
#7579=AXIS2_PLACEMENT_3D('',#11373,#9292,#9293);
#7580=AXIS2_PLACEMENT_3D('',#11377,#9295,#9296);
#7581=AXIS2_PLACEMENT_3D('',#11386,#9298,#9299);
#7582=AXIS2_PLACEMENT_3D('',#11392,#9301,#9302);
#7583=AXIS2_PLACEMENT_3D('',#11403,#9304,#9305);
#7584=AXIS2_PLACEMENT_3D('',#11411,#9308,#9309);
#7585=AXIS2_PLACEMENT_3D('',#11428,#9311,#9312);
#7586=AXIS2_PLACEMENT_3D('',#11430,#9313,#9314);
#7587=AXIS2_PLACEMENT_3D('',#11433,#9316,#9317);
#7588=AXIS2_PLACEMENT_3D('',#11434,#9318,#9319);
#7589=AXIS2_PLACEMENT_3D('',#11436,#9320,#9321);
#7590=AXIS2_PLACEMENT_3D('',#11438,#9323,#9324);
#7591=AXIS2_PLACEMENT_3D('',#11440,#9325,#9326);
#7592=AXIS2_PLACEMENT_3D('',#11443,#9328,#9329);
#7593=AXIS2_PLACEMENT_3D('',#11444,#9330,#9331);
#7594=AXIS2_PLACEMENT_3D('',#11446,#9332,#9333);
#7595=AXIS2_PLACEMENT_3D('',#11448,#9335,#9336);
#7596=AXIS2_PLACEMENT_3D('',#11450,#9337,#9338);
#7597=AXIS2_PLACEMENT_3D('',#11452,#9340,#9341);
#7598=AXIS2_PLACEMENT_3D('',#11456,#9343,#9344);
#7599=AXIS2_PLACEMENT_3D('',#11457,#9345,#9346);
#7600=AXIS2_PLACEMENT_3D('',#11459,#9347,#9348);
#7601=AXIS2_PLACEMENT_3D('',#11461,#9350,#9351);
#7602=AXIS2_PLACEMENT_3D('',#11465,#9353,#9354);
#7603=AXIS2_PLACEMENT_3D('',#11466,#9355,#9356);
#7604=AXIS2_PLACEMENT_3D('',#11470,#9358,#9359);
#7605=AXIS2_PLACEMENT_3D('',#11472,#9361,#9362);
#7606=AXIS2_PLACEMENT_3D('',#11473,#9363,#9364);
#7607=AXIS2_PLACEMENT_3D('',#11474,#9365,#9366);
#7608=AXIS2_PLACEMENT_3D('',#11475,#9367,#9368);
#7609=AXIS2_PLACEMENT_3D('',#11476,#9369,#9370);
#7610=AXIS2_PLACEMENT_3D('',#11485,#9372,#9373);
#7611=AXIS2_PLACEMENT_3D('',#11487,#9375,#9376);
#7612=AXIS2_PLACEMENT_3D('',#11490,#9379,#9380);
#7613=AXIS2_PLACEMENT_3D('',#11494,#9383,#9384);
#7614=AXIS2_PLACEMENT_3D('',#11500,#9385,#9386);
#7615=AXIS2_PLACEMENT_3D('',#11502,#9388,#9389);
#7616=AXIS2_PLACEMENT_3D('',#11508,#9393,#9394);
#7617=AXIS2_PLACEMENT_3D('',#11510,#9395,#9396);
#7618=AXIS2_PLACEMENT_3D('',#11513,#9398,#9399);
#7619=AXIS2_PLACEMENT_3D('',#11514,#9400,#9401);
#7620=AXIS2_PLACEMENT_3D('',#11517,#9403,#9404);
#7621=AXIS2_PLACEMENT_3D('',#11518,#9405,#9406);
#7622=AXIS2_PLACEMENT_3D('',#11520,#9407,#9408);
#7623=AXIS2_PLACEMENT_3D('',#11523,#9410,#9411);
#7624=AXIS2_PLACEMENT_3D('',#11524,#9412,#9413);
#7625=AXIS2_PLACEMENT_3D('',#11527,#9415,#9416);
#7626=AXIS2_PLACEMENT_3D('',#11566,#9417,#9418);
#7627=AXIS2_PLACEMENT_3D('',#11568,#9419,#9420);
#7628=AXIS2_PLACEMENT_3D('',#11571,#9422,#9423);
#7629=AXIS2_PLACEMENT_3D('',#11572,#9424,#9425);
#7630=AXIS2_PLACEMENT_3D('',#11578,#9429,#9430);
#7631=AXIS2_PLACEMENT_3D('',#11579,#9431,#9432);
#7632=AXIS2_PLACEMENT_3D('',#11580,#9433,#9434);
#7633=AXIS2_PLACEMENT_3D('',#11581,#9435,#9436);
#7634=AXIS2_PLACEMENT_3D('',#11593,#9441,#9442);
#7635=AXIS2_PLACEMENT_3D('',#11595,#9443,#9444);
#7636=AXIS2_PLACEMENT_3D('',#11597,#9446,#9447);
#7637=AXIS2_PLACEMENT_3D('',#11608,#9451,#9452);
#7638=AXIS2_PLACEMENT_3D('',#11609,#9453,#9454);
#7639=AXIS2_PLACEMENT_3D('',#11611,#9456,#9457);
#7640=AXIS2_PLACEMENT_3D('',#11615,#9460,#9461);
#7641=AXIS2_PLACEMENT_3D('',#11617,#9462,#9463);
#7642=AXIS2_PLACEMENT_3D('',#11620,#9465,#9466);
#7643=AXIS2_PLACEMENT_3D('',#11621,#9467,#9468);
#7644=AXIS2_PLACEMENT_3D('',#11627,#9472,#9473);
#7645=AXIS2_PLACEMENT_3D('',#11629,#9474,#9475);
#7646=AXIS2_PLACEMENT_3D('',#11632,#9477,#9478);
#7647=AXIS2_PLACEMENT_3D('',#11633,#9479,#9480);
#7648=AXIS2_PLACEMENT_3D('',#11639,#9484,#9485);
#7649=AXIS2_PLACEMENT_3D('',#11640,#9486,#9487);
#7650=AXIS2_PLACEMENT_3D('',#11643,#9489,#9490);
#7651=AXIS2_PLACEMENT_3D('',#11644,#9491,#9492);
#7652=AXIS2_PLACEMENT_3D('',#11646,#9494,#9495);
#7653=AXIS2_PLACEMENT_3D('',#11656,#9497,#9498);
#7654=AXIS2_PLACEMENT_3D('',#11657,#9499,#9500);
#7655=AXIS2_PLACEMENT_3D('',#11663,#9502,#9503);
#7656=AXIS2_PLACEMENT_3D('',#11674,#9505,#9506);
#7657=AXIS2_PLACEMENT_3D('',#11682,#9509,#9510);
#7658=AXIS2_PLACEMENT_3D('',#11697,#9511,#9512);
#7659=AXIS2_PLACEMENT_3D('',#11699,#9513,#9514);
#7660=AXIS2_PLACEMENT_3D('',#11702,#9516,#9517);
#7661=AXIS2_PLACEMENT_3D('',#11703,#9518,#9519);
#7662=AXIS2_PLACEMENT_3D('',#11705,#9520,#9521);
#7663=AXIS2_PLACEMENT_3D('',#11706,#9522,#9523);
#7664=AXIS2_PLACEMENT_3D('',#11708,#9524,#9525);
#7665=AXIS2_PLACEMENT_3D('',#11710,#9527,#9528);
#7666=AXIS2_PLACEMENT_3D('',#11713,#9530,#9531);
#7667=AXIS2_PLACEMENT_3D('',#11714,#9532,#9533);
#7668=AXIS2_PLACEMENT_3D('',#11716,#9534,#9535);
#7669=AXIS2_PLACEMENT_3D('',#11718,#9537,#9538);
#7670=AXIS2_PLACEMENT_3D('',#11720,#9539,#9540);
#7671=AXIS2_PLACEMENT_3D('',#11722,#9542,#9543);
#7672=AXIS2_PLACEMENT_3D('',#11726,#9545,#9546);
#7673=AXIS2_PLACEMENT_3D('',#11727,#9547,#9548);
#7674=AXIS2_PLACEMENT_3D('',#11729,#9549,#9550);
#7675=AXIS2_PLACEMENT_3D('',#11731,#9552,#9553);
#7676=AXIS2_PLACEMENT_3D('',#11735,#9555,#9556);
#7677=AXIS2_PLACEMENT_3D('',#11736,#9557,#9558);
#7678=AXIS2_PLACEMENT_3D('',#11740,#9560,#9561);
#7679=AXIS2_PLACEMENT_3D('',#11742,#9563,#9564);
#7680=AXIS2_PLACEMENT_3D('',#11743,#9565,#9566);
#7681=AXIS2_PLACEMENT_3D('',#11744,#9567,#9568);
#7682=AXIS2_PLACEMENT_3D('',#11745,#9569,#9570);
#7683=AXIS2_PLACEMENT_3D('',#11746,#9571,#9572);
#7684=AXIS2_PLACEMENT_3D('',#11750,#9575,#9576);
#7685=AXIS2_PLACEMENT_3D('',#11754,#9579,#9580);
#7686=AXIS2_PLACEMENT_3D('',#11757,#9582,#9583);
#7687=AXIS2_PLACEMENT_3D('',#11758,#9584,#9585);
#7688=AXIS2_PLACEMENT_3D('',#11760,#9587,#9588);
#7689=AXIS2_PLACEMENT_3D('',#11764,#9591,#9592);
#7690=AXIS2_PLACEMENT_3D('',#11765,#9593,#9594);
#7691=AXIS2_PLACEMENT_3D('',#11766,#9595,#9596);
#7692=AXIS2_PLACEMENT_3D('',#11768,#9597,#9598);
#7693=AXIS2_PLACEMENT_3D('',#11769,#9599,#9600);
#7694=AXIS2_PLACEMENT_3D('',#11771,#9601,#9602);
#7695=AXIS2_PLACEMENT_3D('',#11773,#9603,#9604);
#7696=AXIS2_PLACEMENT_3D('',#11775,#9606,#9607);
#7697=AXIS2_PLACEMENT_3D('',#11777,#9609,#9610);
#7698=AXIS2_PLACEMENT_3D('',#11779,#9612,#9613);
#7699=AXIS2_PLACEMENT_3D('',#11780,#9614,#9615);
#7700=AXIS2_PLACEMENT_3D('',#11783,#9617,#9618);
#7701=AXIS2_PLACEMENT_3D('',#11784,#9619,#9620);
#7702=AXIS2_PLACEMENT_3D('',#11786,#9622,#9623);
#7703=AXIS2_PLACEMENT_3D('',#11787,#9624,#9625);
#7704=AXIS2_PLACEMENT_3D('',#11790,#9626,#9627);
#7705=AXIS2_PLACEMENT_3D('',#11793,#9629,#9630);
#7706=AXIS2_PLACEMENT_3D('',#11794,#9631,#9632);
#7707=AXIS2_PLACEMENT_3D('',#11795,#9633,#9634);
#7708=AXIS2_PLACEMENT_3D('',#11797,#9635,#9636);
#7709=AXIS2_PLACEMENT_3D('',#11798,#9637,#9638);
#7710=AXIS2_PLACEMENT_3D('',#11800,#9639,#9640);
#7711=AXIS2_PLACEMENT_3D('',#11803,#9642,#9643);
#7712=AXIS2_PLACEMENT_3D('',#11804,#9644,#9645);
#7713=AXIS2_PLACEMENT_3D('',#11806,#9647,#9648);
#7714=AXIS2_PLACEMENT_3D('',#11809,#9650,#9651);
#7715=AXIS2_PLACEMENT_3D('',#11810,#9652,#9653);
#7716=AXIS2_PLACEMENT_3D('',#11813,#9654,#9655);
#7717=AXIS2_PLACEMENT_3D('',#11815,#9656,#9657);
#7718=AXIS2_PLACEMENT_3D('',#11817,#9658,#9659);
#7719=AXIS2_PLACEMENT_3D('',#11819,#9660,#9661);
#7720=AXIS2_PLACEMENT_3D('',#11821,#9662,#9663);
#7721=AXIS2_PLACEMENT_3D('',#11822,#9664,#9665);
#7722=AXIS2_PLACEMENT_3D('',#11823,#9666,#9667);
#7723=AXIS2_PLACEMENT_3D('',#11824,#9668,#9669);
#7724=AXIS2_PLACEMENT_3D('',#11828,#9670,#9671);
#7725=AXIS2_PLACEMENT_3D('',#11832,#9672,#9673);
#7726=AXIS2_PLACEMENT_3D('',#11836,#9674,#9675);
#7727=AXIS2_PLACEMENT_3D('',#11840,#9676,#9677);
#7728=AXIS2_PLACEMENT_3D('',#11844,#9678,#9679);
#7729=AXIS2_PLACEMENT_3D('',#11848,#9680,#9681);
#7730=AXIS2_PLACEMENT_3D('',#11861,#9688,#9689);
#7731=AXIS2_PLACEMENT_3D('',#11864,#9692,#9693);
#7732=AXIS2_PLACEMENT_3D('',#11866,#9695,#9696);
#7733=AXIS2_PLACEMENT_3D('',#11868,#9698,#9699);
#7734=AXIS2_PLACEMENT_3D('',#11870,#9701,#9702);
#7735=AXIS2_PLACEMENT_3D('',#11872,#9704,#9705);
#7736=AXIS2_PLACEMENT_3D('',#11873,#9706,#9707);
#7737=AXIS2_PLACEMENT_3D('',#11874,#9708,#9709);
#7738=AXIS2_PLACEMENT_3D('',#11876,#9710,#9711);
#7739=AXIS2_PLACEMENT_3D('',#11879,#9713,#9714);
#7740=AXIS2_PLACEMENT_3D('',#11880,#9715,#9716);
#7741=AXIS2_PLACEMENT_3D('',#11883,#9718,#9719);
#7742=AXIS2_PLACEMENT_3D('',#11884,#9720,#9721);
#7743=AXIS2_PLACEMENT_3D('',#11886,#9722,#9723);
#7744=AXIS2_PLACEMENT_3D('',#11887,#9724,#9725);
#7745=AXIS2_PLACEMENT_3D('',#11889,#9726,#9727);
#7746=AXIS2_PLACEMENT_3D('',#11891,#9729,#9730);
#7747=AXIS2_PLACEMENT_3D('',#11893,#9731,#9732);
#7748=AXIS2_PLACEMENT_3D('',#11894,#9733,#9734);
#7749=AXIS2_PLACEMENT_3D('',#11896,#9735,#9736);
#7750=AXIS2_PLACEMENT_3D('',#11898,#9738,#9739);
#7751=AXIS2_PLACEMENT_3D('',#11900,#9740,#9741);
#7752=AXIS2_PLACEMENT_3D('',#11902,#9743,#9744);
#7753=AXIS2_PLACEMENT_3D('',#11904,#9746,#9747);
#7754=AXIS2_PLACEMENT_3D('',#11905,#9748,#9749);
#7755=AXIS2_PLACEMENT_3D('',#11906,#9750,#9751);
#7756=AXIS2_PLACEMENT_3D('',#11907,#9752,#9753);
#7757=AXIS2_PLACEMENT_3D('',#11908,#9754,#9755);
#7758=AXIS2_PLACEMENT_3D('',#11909,#9756,#9757);
#7759=AXIS2_PLACEMENT_3D('',#11910,#9758,#9759);
#7760=AXIS2_PLACEMENT_3D('',#11911,#9760,#9761);
#7761=AXIS2_PLACEMENT_3D('',#11912,#9762,#9763);
#7762=AXIS2_PLACEMENT_3D('',#11913,#9764,#9765);
#7763=AXIS2_PLACEMENT_3D('',#11914,#9766,#9767);
#7764=AXIS2_PLACEMENT_3D('',#11915,#9768,#9769);
#7765=AXIS2_PLACEMENT_3D('',#11916,#9770,#9771);
#7766=AXIS2_PLACEMENT_3D('',#11917,#9772,#9773);
#7767=AXIS2_PLACEMENT_3D('',#11918,#9774,#9775);
#7768=AXIS2_PLACEMENT_3D('',#11919,#9776,#9777);
#7769=AXIS2_PLACEMENT_3D('',#11920,#9778,#9779);
#7770=AXIS2_PLACEMENT_3D('',#11921,#9780,#9781);
#7771=DIRECTION('axis',(0.,0.,1.));
#7772=DIRECTION('refdir',(1.,0.,0.));
#7773=DIRECTION('axis',(0.,0.,1.));
#7774=DIRECTION('refdir',(1.,0.,0.));
#7775=DIRECTION('center_axis',(1.,4.71484343506663E-16,2.12523875749632E-13));
#7776=DIRECTION('ref_axis',(4.71484343495036E-16,-1.,5.47079666113152E-14));
#7777=DIRECTION('center_axis',(-1.,-4.71484343506663E-16,-2.12523875749632E-13));
#7778=DIRECTION('ref_axis',(4.71484343495036E-16,-1.,5.47079666113152E-14));
#7779=DIRECTION('',(0.707106781186547,0.707106781186548,1.11679295136447E-13));
#7780=DIRECTION('center_axis',(1.,4.71484343506663E-16,2.12523875749632E-13));
#7781=DIRECTION('ref_axis',(4.71484343495036E-16,-1.,5.47079666113152E-14));
#7782=DIRECTION('center_axis',(1.,4.71484343506663E-16,2.12523875749632E-13));
#7783=DIRECTION('ref_axis',(4.71484343495036E-16,-1.,5.47079666113152E-14));
#7784=DIRECTION('center_axis',(-1.,-4.71484343506663E-16,-2.12523875749632E-13));
#7785=DIRECTION('ref_axis',(4.71484343495036E-16,-1.,5.47079666113152E-14));
#7786=DIRECTION('',(0.707106781186547,0.707106781186548,1.11679295136447E-13));
#7787=DIRECTION('center_axis',(1.,4.71484343506671E-16,2.12681577883812E-13));
#7788=DIRECTION('ref_axis',(2.12681577883812E-13,-5.47079666113151E-14,
-1.));
#7789=DIRECTION('center_axis',(1.,4.71484343506663E-16,2.12523875749632E-13));
#7790=DIRECTION('ref_axis',(4.71484343495036E-16,-1.,5.47079666113152E-14));
#7791=DIRECTION('center_axis',(-1.,-4.71484343506662E-16,-2.12523875749632E-13));
#7792=DIRECTION('ref_axis',(4.71484343495036E-16,-1.,5.47079666113152E-14));
#7793=DIRECTION('',(1.,4.71484343506663E-16,2.12523875749632E-13));
#7794=DIRECTION('center_axis',(1.,4.71484343506663E-16,2.12523875749632E-13));
#7795=DIRECTION('ref_axis',(4.71484343495036E-16,-1.,5.47079666113152E-14));
#7796=DIRECTION('center_axis',(-1.,-4.71484343506663E-16,-2.12523875749632E-13));
#7797=DIRECTION('ref_axis',(-4.71484343495036E-16,1.,-5.47079666113153E-14));
#7798=DIRECTION('',(1.,4.71484343506663E-16,2.12523875749632E-13));
#7799=DIRECTION('center_axis',(4.71484343495036E-16,-1.,5.47079666113152E-14));
#7800=DIRECTION('ref_axis',(2.12523875749632E-13,-5.47079666113151E-14,
-1.));
#7801=DIRECTION('center_axis',(-4.71484343495036E-16,1.,-5.47079666113152E-14));
#7802=DIRECTION('ref_axis',(-2.12523875749632E-13,5.47079666113151E-14,
1.));
#7803=DIRECTION('',(4.71484343495036E-16,-1.,5.47079666113152E-14));
#7804=DIRECTION('center_axis',(-4.71484343495036E-16,1.,-5.47079666113152E-14));
#7805=DIRECTION('ref_axis',(-2.12523875749632E-13,5.47079666113151E-14,
1.));
#7806=DIRECTION('center_axis',(4.71484343495036E-16,-1.,5.47079666113152E-14));
#7807=DIRECTION('ref_axis',(2.12523875749632E-13,-5.47079666113151E-14,
-1.));
#7808=DIRECTION('center_axis',(-4.71484343495036E-16,1.,-5.47079666113152E-14));
#7809=DIRECTION('ref_axis',(-2.12523875749632E-13,5.47079666113151E-14,
1.));
#7810=DIRECTION('',(4.71484343495036E-16,-1.,5.47079666113152E-14));
#7811=DIRECTION('center_axis',(-4.71484343495036E-16,1.,-5.47079666113152E-14));
#7812=DIRECTION('ref_axis',(-2.12523875749632E-13,5.47079666113151E-14,
1.));
#7813=DIRECTION('',(4.71484343495036E-16,-1.,5.47079666113152E-14));
#7814=DIRECTION('center_axis',(1.,4.71484343506663E-16,2.12523875749632E-13));
#7815=DIRECTION('ref_axis',(-4.71484343495036E-16,1.,-5.47079666113152E-14));
#7816=DIRECTION('center_axis',(1.,4.71484343506663E-16,2.12523875749632E-13));
#7817=DIRECTION('ref_axis',(-4.71484343495036E-16,1.,-5.47079666113152E-14));
#7818=DIRECTION('',(0.707106781186548,-0.707106781186547,1.88874852276777E-13));
#7819=DIRECTION('center_axis',(-1.,-4.71484343506663E-16,-2.12523875749632E-13));
#7820=DIRECTION('ref_axis',(-4.71484343495036E-16,1.,-5.47079666113152E-14));
#7821=DIRECTION('center_axis',(1.,4.71484343506663E-16,2.12523875749632E-13));
#7822=DIRECTION('ref_axis',(-4.71484343495036E-16,1.,-5.47079666113152E-14));
#7823=DIRECTION('center_axis',(1.,4.71484343506663E-16,2.12523875749632E-13));
#7824=DIRECTION('ref_axis',(-4.71484343495036E-16,1.,-5.47079666113152E-14));
#7825=DIRECTION('',(0.707106781186547,-0.707106781186548,1.88874852276777E-13));
#7826=DIRECTION('center_axis',(-1.,-4.71484343506671E-16,-2.12681577883812E-13));
#7827=DIRECTION('ref_axis',(2.12681577883812E-13,-5.47079666113151E-14,
-1.));
#7828=DIRECTION('center_axis',(1.,4.71484343506663E-16,2.12523875749632E-13));
#7829=DIRECTION('ref_axis',(-4.71484343495036E-16,1.,-5.47079666113152E-14));
#7830=DIRECTION('center_axis',(1.,4.71484343506662E-16,2.12523875749632E-13));
#7831=DIRECTION('ref_axis',(-4.71484343495036E-16,1.,-5.47079666113152E-14));
#7832=DIRECTION('',(1.,4.71484343506663E-16,2.12523875749632E-13));
#7833=DIRECTION('center_axis',(1.,4.71484343506663E-16,2.12523875749632E-13));
#7834=DIRECTION('ref_axis',(-4.71484343495036E-16,1.,-5.47079666113152E-14));
#7835=DIRECTION('center_axis',(1.,4.71484343506663E-16,2.12523875749632E-13));
#7836=DIRECTION('ref_axis',(4.71484343495036E-16,-1.,5.47079666113153E-14));
#7837=DIRECTION('',(1.,4.71484343506663E-16,2.12523875749632E-13));
#7838=DIRECTION('center_axis',(-1.,-4.71484343506663E-16,-2.12523875749632E-13));
#7839=DIRECTION('ref_axis',(4.71484343495036E-16,-1.,5.47079666113153E-14));
#7840=DIRECTION('center_axis',(1.,4.71484343506662E-16,2.12523875749632E-13));
#7841=DIRECTION('ref_axis',(-4.71484343495036E-16,1.,-5.47079666113152E-14));
#7842=DIRECTION('center_axis',(0.707106781186395,3.90177639523051E-14,0.7071067811867));
#7843=DIRECTION('ref_axis',(4.71484343495036E-16,-1.,5.47079666113152E-14));
#7844=DIRECTION('',(0.707106781186699,-3.83509843992712E-14,-0.707106781186396));
#7845=DIRECTION('',(-4.71484343495036E-16,1.,-5.47079666113152E-14));
#7846=DIRECTION('',(0.707106781186699,-3.83509843992712E-14,-0.707106781186396));
#7847=DIRECTION('',(4.71484343495036E-16,-1.,5.47079666113152E-14));
#7848=DIRECTION('center_axis',(0.707106781186698,-3.83509843992713E-14,
-0.707106781186397));
#7849=DIRECTION('ref_axis',(-4.71484343495036E-16,1.,-5.47079666113152E-14));
#7850=DIRECTION('',(0.707106781186399,3.90177639523049E-14,0.707106781186696));
#7851=DIRECTION('',(-4.71484343495036E-16,1.,-5.47079666113152E-14));
#7852=DIRECTION('',(0.707106781186399,3.90177639523049E-14,0.707106781186696));
#7853=DIRECTION('',(4.71484343495036E-16,-1.,5.47079666113152E-14));
#7854=DIRECTION('center_axis',(-0.707106781186393,-3.90177639523052E-14,
-0.707106781186702));
#7855=DIRECTION('ref_axis',(-4.71484343495036E-16,1.,-5.47079666113152E-14));
#7856=DIRECTION('',(-0.707106781186702,3.83509843992711E-14,0.707106781186393));
#7857=DIRECTION('',(-4.71484343495036E-16,1.,-5.47079666113152E-14));
#7858=DIRECTION('',(-0.707106781186702,3.83509843992711E-14,0.707106781186393));
#7859=DIRECTION('',(4.71484343495036E-16,-1.,5.47079666113152E-14));
#7860=DIRECTION('center_axis',(-0.707106781186695,3.83509843992714E-14,
0.7071067811864));
#7861=DIRECTION('ref_axis',(4.71484343495036E-16,-1.,5.47079666113152E-14));
#7862=DIRECTION('',(-0.707106781186401,-3.90177639523048E-14,-0.707106781186694));
#7863=DIRECTION('',(-4.71484343495036E-16,1.,-5.47079666113152E-14));
#7864=DIRECTION('',(-0.707106781186401,-3.90177639523048E-14,-0.707106781186694));
#7865=DIRECTION('',(4.71484343495036E-16,-1.,5.47079666113152E-14));
#7866=DIRECTION('center_axis',(0.707106781186698,-3.83509843992713E-14,
-0.707106781186397));
#7867=DIRECTION('ref_axis',(-4.71484343495036E-16,1.,-5.47079666113152E-14));
#7868=DIRECTION('',(0.707106781186398,3.9017763952305E-14,0.707106781186697));
#7869=DIRECTION('',(-4.71484343495036E-16,1.,-5.47079666113152E-14));
#7870=DIRECTION('',(0.707106781186398,3.9017763952305E-14,0.707106781186697));
#7871=DIRECTION('',(4.71484343495036E-16,-1.,5.47079666113152E-14));
#7872=DIRECTION('center_axis',(-0.707106781186397,-3.9017763952305E-14,
-0.707106781186698));
#7873=DIRECTION('ref_axis',(-4.71484343495036E-16,1.,-5.47079666113152E-14));
#7874=DIRECTION('',(-0.707106781186698,3.83509843992713E-14,0.707106781186397));
#7875=DIRECTION('',(-4.71484343495036E-16,1.,-5.47079666113152E-14));
#7876=DIRECTION('',(-0.707106781186698,3.83509843992713E-14,0.707106781186397));
#7877=DIRECTION('',(4.71484343495036E-16,-1.,5.47079666113152E-14));
#7878=DIRECTION('center_axis',(-0.707106781186397,-3.9017763952305E-14,
-0.707106781186698));
#7879=DIRECTION('ref_axis',(-4.71484343495036E-16,1.,-5.47079666113152E-14));
#7880=DIRECTION('',(0.707106781186698,-3.83509843992713E-14,-0.707106781186397));
#7881=DIRECTION('',(4.71484343495036E-16,-1.,5.47079666113152E-14));
#7882=DIRECTION('',(0.707106781186698,-3.83509843992713E-14,-0.707106781186397));
#7883=DIRECTION('',(4.71484343495036E-16,-1.,5.47079666113152E-14));
#7884=DIRECTION('center_axis',(0.707106781186698,-3.83509843992713E-14,
-0.707106781186397));
#7885=DIRECTION('ref_axis',(-4.71484343495036E-16,1.,-5.47079666113152E-14));
#7886=DIRECTION('',(-0.707106781186398,-3.9017763952305E-14,-0.707106781186697));
#7887=DIRECTION('',(-4.71484343495036E-16,1.,-5.47079666113152E-14));
#7888=DIRECTION('',(-0.707106781186398,-3.9017763952305E-14,-0.707106781186697));
#7889=DIRECTION('',(4.71484343495036E-16,-1.,5.47079666113152E-14));
#7890=DIRECTION('center_axis',(4.71484343495036E-16,-1.,5.47079666113152E-14));
#7891=DIRECTION('ref_axis',(-2.12401411069717E-13,5.47079666113151E-14,
1.));
#7892=DIRECTION('',(4.71484343495036E-16,-1.,5.47079666113152E-14));
#7893=DIRECTION('center_axis',(4.71484343495036E-16,-1.,5.47079666113152E-14));
#7894=DIRECTION('ref_axis',(-2.12523875749632E-13,5.47079666113151E-14,
1.));
#7895=DIRECTION('',(4.71484343495036E-16,-1.,5.47079666113152E-14));
#7896=DIRECTION('center_axis',(4.71484343495036E-16,-1.,5.47079666113152E-14));
#7897=DIRECTION('ref_axis',(-2.12523875749632E-13,5.47079666113151E-14,
1.));
#7898=DIRECTION('center_axis',(1.,4.71484343506663E-16,2.12523875749632E-13));
#7899=DIRECTION('ref_axis',(-4.71484343495036E-16,1.,-5.47079666113152E-14));
#7900=DIRECTION('',(4.71484343495036E-16,-1.,5.47079666113152E-14));
#7901=DIRECTION('',(-2.12523875749632E-13,5.47079666113151E-14,1.));
#7902=DIRECTION('',(4.71484343495036E-16,-1.,5.47079666113152E-14));
#7903=DIRECTION('',(-2.12523875749632E-13,5.47079666113151E-14,1.));
#7904=DIRECTION('center_axis',(2.11446424566919E-13,-5.47079666113151E-14,
-1.));
#7905=DIRECTION('ref_axis',(-4.71484343495036E-16,1.,-5.47079666113152E-14));
#7906=DIRECTION('',(1.,4.71484343506587E-16,2.11144738235759E-13));
#7907=DIRECTION('',(1.,4.71484343506587E-16,2.11144738235759E-13));
#7908=DIRECTION('center_axis',(2.13541301376709E-13,-5.47079666113151E-14,
-1.));
#7909=DIRECTION('ref_axis',(-4.71484343495036E-16,1.,-5.47079666113152E-14));
#7910=DIRECTION('',(1.,4.71484343506684E-16,2.12918969378666E-13));
#7911=DIRECTION('',(1.,4.71484343506684E-16,2.12918969378666E-13));
#7912=DIRECTION('center_axis',(1.,4.71484343506663E-16,2.12523875749632E-13));
#7913=DIRECTION('ref_axis',(-4.71484343495036E-16,1.,-5.47079666113152E-14));
#7914=DIRECTION('',(-2.12523875749632E-13,5.47079666113151E-14,1.));
#7915=DIRECTION('',(-2.12523875749632E-13,5.47079666113151E-14,1.));
#7916=DIRECTION('center_axis',(2.12307035315135E-13,-5.47079666113151E-14,
-1.));
#7917=DIRECTION('ref_axis',(-4.71484343495036E-16,1.,-5.47079666113152E-14));
#7918=DIRECTION('',(1.,4.71484343506663E-16,2.12523875749632E-13));
#7919=DIRECTION('',(1.,4.71484343506663E-16,2.12523875749632E-13));
#7920=DIRECTION('center_axis',(1.,4.71484343506663E-16,2.12523875749632E-13));
#7921=DIRECTION('ref_axis',(-4.71484343495036E-16,1.,-5.47079666113152E-14));
#7922=DIRECTION('',(-2.12523875749632E-13,5.47079666113151E-14,1.));
#7923=DIRECTION('',(-2.12523875749632E-13,5.47079666113151E-14,1.));
#7924=DIRECTION('center_axis',(1.,4.71484343506663E-16,2.12523875749632E-13));
#7925=DIRECTION('ref_axis',(-4.71484343495036E-16,1.,-5.47079666113152E-14));
#7926=DIRECTION('',(-2.12585554806556E-13,5.47079666113151E-14,1.));
#7927=DIRECTION('',(-2.12585554806556E-13,5.47079666113151E-14,1.));
#7928=DIRECTION('center_axis',(1.,4.71484343506663E-16,2.12523875749632E-13));
#7929=DIRECTION('ref_axis',(-4.71484343495036E-16,1.,-5.47079666113152E-14));
#7930=DIRECTION('',(-2.12637163813369E-13,5.47079666113151E-14,1.));
#7931=DIRECTION('',(-2.12637163813369E-13,5.47079666113151E-14,1.));
#7932=DIRECTION('center_axis',(2.12740716184129E-13,-5.47079666113151E-14,
-1.));
#7933=DIRECTION('ref_axis',(-4.71484343495036E-16,1.,-5.47079666113152E-14));
#7934=DIRECTION('',(1.,4.71484343506663E-16,2.12523875749632E-13));
#7935=DIRECTION('',(1.,4.71484343506663E-16,2.12523875749632E-13));
#7936=DIRECTION('center_axis',(1.,4.71484343506663E-16,2.12523875749632E-13));
#7937=DIRECTION('ref_axis',(-4.71484343495036E-16,1.,-5.47079666113152E-14));
#7938=DIRECTION('',(-2.12523875749632E-13,5.47079666113151E-14,1.));
#7939=DIRECTION('',(-2.12523875749632E-13,5.47079666113151E-14,1.));
#7940=DIRECTION('center_axis',(2.12523875749632E-13,-5.47079666113151E-14,
-1.));
#7941=DIRECTION('ref_axis',(-4.71484343495036E-16,1.,-5.47079666113152E-14));
#7942=DIRECTION('',(1.,4.71484343506663E-16,2.12523875749632E-13));
#7943=DIRECTION('',(1.,4.71484343506663E-16,2.12523875749632E-13));
#7944=DIRECTION('center_axis',(2.11446424566919E-13,-5.47079666113151E-14,
-1.));
#7945=DIRECTION('ref_axis',(-4.71484343495036E-16,1.,-5.47079666113152E-14));
#7946=DIRECTION('',(1.,4.71484343506625E-16,2.11834306992696E-13));
#7947=DIRECTION('',(1.,4.71484343506625E-16,2.11834306992696E-13));
#7948=DIRECTION('center_axis',(-4.71484343495036E-16,1.,-5.47079666113152E-14));
#7949=DIRECTION('ref_axis',(-2.12523875749632E-13,5.47079666113151E-14,
1.));
#7950=DIRECTION('center_axis',(-1.,-4.71484343506663E-16,-2.12523875749632E-13));
#7951=DIRECTION('ref_axis',(4.71484343495036E-16,-1.,5.47079666113153E-14));
#7952=DIRECTION('center_axis',(1.,4.71484343506662E-16,2.12523875749632E-13));
#7953=DIRECTION('ref_axis',(-4.71484343495036E-16,1.,-5.47079666113152E-14));
#7954=DIRECTION('center_axis',(4.71484343495036E-16,-1.,5.47079666113152E-14));
#7955=DIRECTION('ref_axis',(2.12523875749632E-13,-5.47079666113151E-14,
-1.));
#7956=DIRECTION('center_axis',(4.71484343495036E-16,-1.,5.47079666113152E-14));
#7957=DIRECTION('ref_axis',(2.12523875749632E-13,-5.47079666113151E-14,
-1.));
#7958=DIRECTION('center_axis',(-4.71484343495036E-16,1.,-5.47079666113152E-14));
#7959=DIRECTION('ref_axis',(-2.12523875749632E-13,5.47079666113151E-14,
1.));
#7960=DIRECTION('',(4.71484343495036E-16,-1.,5.47079666113152E-14));
#7961=DIRECTION('center_axis',(-4.71484343495036E-16,1.,-5.47079666113152E-14));
#7962=DIRECTION('ref_axis',(-2.12523875749632E-13,5.47079666113151E-14,
1.));
#7963=DIRECTION('center_axis',(4.71484343495036E-16,-1.,5.47079666113152E-14));
#7964=DIRECTION('ref_axis',(2.12523875749632E-13,-5.47079666113151E-14,
-1.));
#7965=DIRECTION('center_axis',(-4.71484343495036E-16,1.,-5.47079666113152E-14));
#7966=DIRECTION('ref_axis',(-2.12523875749632E-13,5.47079666113151E-14,
1.));
#7967=DIRECTION('',(4.71484343495036E-16,-1.,5.47079666113152E-14));
#7968=DIRECTION('center_axis',(-4.71484343495036E-16,1.,-5.47079666113152E-14));
#7969=DIRECTION('ref_axis',(-2.12523875749632E-13,5.47079666113151E-14,
1.));
#7970=DIRECTION('',(4.71484343495036E-16,-1.,5.47079666113152E-14));
#7971=DIRECTION('center_axis',(4.71484343495036E-16,-1.,5.47079666113152E-14));
#7972=DIRECTION('ref_axis',(-2.12401411069717E-13,5.47079666113151E-14,
1.));
#7973=DIRECTION('center_axis',(-4.71484343495036E-16,1.,-5.47079666113152E-14));
#7974=DIRECTION('ref_axis',(-2.12523875749632E-13,5.47079666113151E-14,
1.));
#7975=DIRECTION('',(4.71484343495036E-16,-1.,5.47079666113152E-14));
#7976=DIRECTION('center_axis',(-4.71484343495036E-16,1.,-5.47079666113152E-14));
#7977=DIRECTION('ref_axis',(-2.12523875749632E-13,5.47079666113151E-14,
1.));
#7978=DIRECTION('',(4.71484343495036E-16,-1.,5.47079666113152E-14));
#7979=DIRECTION('center_axis',(2.12523875749632E-13,-5.47079666113151E-14,
-1.));
#7980=DIRECTION('ref_axis',(-4.71484343495036E-16,1.,-5.47079666113152E-14));
#7981=DIRECTION('',(1.,4.71484343506663E-16,2.12523875749632E-13));
#7982=DIRECTION('',(-4.71484343495036E-16,1.,-5.47079666113152E-14));
#7983=DIRECTION('',(1.,4.71484343506663E-16,2.12523875749632E-13));
#7984=DIRECTION('center_axis',(1.,4.71484343506663E-16,2.12523875749632E-13));
#7985=DIRECTION('ref_axis',(-4.71484343495036E-16,1.,-5.47079666113152E-14));
#7986=DIRECTION('',(-2.12523875749632E-13,5.47079666113151E-14,1.));
#7987=DIRECTION('',(4.71484343495036E-16,-1.,5.47079666113152E-14));
#7988=DIRECTION('',(-2.12523875749632E-13,5.47079666113151E-14,1.));
#7989=DIRECTION('',(-4.71484343495036E-16,1.,-5.47079666113152E-14));
#7990=DIRECTION('center_axis',(2.12740716184129E-13,-5.47079666113151E-14,
-1.));
#7991=DIRECTION('ref_axis',(-4.71484343495036E-16,1.,-5.47079666113152E-14));
#7992=DIRECTION('',(1.,4.71484343506663E-16,2.12523875749632E-13));
#7993=DIRECTION('',(4.71484343495036E-16,-1.,5.47079666113152E-14));
#7994=DIRECTION('',(1.,4.71484343506663E-16,2.12523875749632E-13));
#7995=DIRECTION('',(-4.71484343495036E-16,1.,-5.47079666113152E-14));
#7996=DIRECTION('center_axis',(1.,4.71484343506663E-16,2.12523875749632E-13));
#7997=DIRECTION('ref_axis',(-4.71484343495036E-16,1.,-5.47079666113152E-14));
#7998=DIRECTION('',(-2.12616394335017E-13,5.47079666113151E-14,1.));
#7999=DIRECTION('',(-4.71484343495036E-16,1.,-5.47079666113152E-14));
#8000=DIRECTION('',(-2.12616394335017E-13,5.47079666113151E-14,1.));
#8001=DIRECTION('',(4.71484343495036E-16,-1.,5.47079666113152E-14));
#8002=DIRECTION('center_axis',(2.12307035315135E-13,-5.47079666113151E-14,
-1.));
#8003=DIRECTION('ref_axis',(-4.71484343495036E-16,1.,-5.47079666113152E-14));
#8004=DIRECTION('',(1.,4.71484343506663E-16,2.12523875749632E-13));
#8005=DIRECTION('',(-4.71484343495036E-16,1.,-5.47079666113152E-14));
#8006=DIRECTION('',(1.,4.71484343506663E-16,2.12523875749632E-13));
#8007=DIRECTION('',(4.71484343495036E-16,-1.,5.47079666113152E-14));
#8008=DIRECTION('center_axis',(1.,4.71484343506663E-16,2.12523875749632E-13));
#8009=DIRECTION('ref_axis',(-4.71484343495036E-16,1.,-5.47079666113152E-14));
#8010=DIRECTION('',(-2.12523875749632E-13,5.47079666113151E-14,1.));
#8011=DIRECTION('',(4.71484343495036E-16,-1.,5.47079666113152E-14));
#8012=DIRECTION('',(-2.12523875749632E-13,5.47079666113151E-14,1.));
#8013=DIRECTION('',(-4.71484343495036E-16,1.,-5.47079666113152E-14));
#8014=DIRECTION('center_axis',(2.13541301376709E-13,-5.47079666113151E-14,
-1.));
#8015=DIRECTION('ref_axis',(-4.71484343495036E-16,1.,-5.47079666113152E-14));
#8016=DIRECTION('',(1.,4.71484343506686E-16,2.12949244461089E-13));
#8017=DIRECTION('',(4.71484343495036E-16,-1.,5.47079666113152E-14));
#8018=DIRECTION('',(1.,4.71484343506686E-16,2.12949244461089E-13));
#8019=DIRECTION('center_axis',(2.11446424566919E-13,-5.47079666113151E-14,
-1.));
#8020=DIRECTION('ref_axis',(-4.71484343495036E-16,1.,-5.47079666113152E-14));
#8021=DIRECTION('',(1.,4.71484343506587E-16,2.11144738235759E-13));
#8022=DIRECTION('',(4.71484343495036E-16,-1.,5.47079666113152E-14));
#8023=DIRECTION('',(1.,4.71484343506587E-16,2.11144738235759E-13));
#8024=DIRECTION('center_axis',(1.,4.71484343506663E-16,2.12523875749632E-13));
#8025=DIRECTION('ref_axis',(-4.71484343495036E-16,1.,-5.47079666113152E-14));
#8026=DIRECTION('',(-2.12523875749632E-13,5.47079666113151E-14,1.));
#8027=DIRECTION('',(4.71484343495036E-16,-1.,5.47079666113152E-14));
#8028=DIRECTION('',(-2.12523875749632E-13,5.47079666113151E-14,1.));
#8029=DIRECTION('center_axis',(2.11446424566919E-13,-5.47079666113151E-14,
-1.));
#8030=DIRECTION('ref_axis',(-4.71484343495036E-16,1.,-5.47079666113152E-14));
#8031=DIRECTION('',(1.,4.71484343506625E-16,2.11834306992696E-13));
#8032=DIRECTION('',(1.,4.71484343506625E-16,2.11834306992696E-13));
#8033=DIRECTION('center_axis',(-4.71484343495036E-16,1.,-5.47079666113152E-14));
#8034=DIRECTION('ref_axis',(-2.12523875749632E-13,5.47079666113151E-14,
1.));
#8035=DIRECTION('',(-0.707106781186698,3.83509843992713E-14,0.707106781186397));
#8036=DIRECTION('',(0.707106781186398,3.9017763952305E-14,0.707106781186697));
#8037=DIRECTION('',(-0.707106781186698,3.83509843992713E-14,0.707106781186397));
#8038=DIRECTION('',(0.707106781186397,3.9017763952305E-14,0.707106781186698));
#8039=DIRECTION('',(0.707106781186697,-3.83509843992713E-14,-0.707106781186398));
#8040=DIRECTION('',(-0.707106781186396,-3.90177639523051E-14,-0.707106781186699));
#8041=DIRECTION('center_axis',(-4.71484343495036E-16,1.,-5.47079666113152E-14));
#8042=DIRECTION('ref_axis',(-2.12523875749632E-13,5.47079666113151E-14,
1.));
#8043=DIRECTION('',(0.707106781186699,-3.83509843992713E-14,-0.707106781186396));
#8044=DIRECTION('',(0.707106781186396,3.90177639523051E-14,0.707106781186699));
#8045=DIRECTION('',(-0.707106781186697,3.83509843992713E-14,0.707106781186398));
#8046=DIRECTION('',(-0.707106781186398,-3.9017763952305E-14,-0.707106781186697));
#8047=DIRECTION('',(0.707106781186698,-3.83509843992713E-14,-0.707106781186397));
#8048=DIRECTION('',(-0.707106781186397,-3.9017763952305E-14,-0.707106781186698));
#8049=DIRECTION('center_axis',(-0.707106781186699,3.83509843992712E-14,
0.707106781186396));
#8050=DIRECTION('ref_axis',(4.71484343495036E-16,-1.,5.47079666113152E-14));
#8051=DIRECTION('center_axis',(0.707106781186397,3.9017763952305E-14,0.707106781186698));
#8052=DIRECTION('ref_axis',(4.71484343495036E-16,-1.,5.47079666113152E-14));
#8053=DIRECTION('center_axis',(-0.707106781186397,-3.9017763952305E-14,
-0.707106781186698));
#8054=DIRECTION('ref_axis',(-4.71484343495036E-16,1.,-5.47079666113152E-14));
#8055=DIRECTION('center_axis',(0.707106781186698,-3.83509843992713E-14,
-0.707106781186397));
#8056=DIRECTION('ref_axis',(-4.71484343495036E-16,1.,-5.47079666113152E-14));
#8057=DIRECTION('center_axis',(-0.707106781186397,-3.9017763952305E-14,
-0.707106781186698));
#8058=DIRECTION('ref_axis',(-4.71484343495036E-16,1.,-5.47079666113152E-14));
#8059=DIRECTION('center_axis',(0.707106781186698,-3.83509843992713E-14,
-0.707106781186397));
#8060=DIRECTION('ref_axis',(-4.71484343495036E-16,1.,-5.47079666113152E-14));
#8061=DIRECTION('center_axis',(0.,1.,-6.55106997348696E-14));
#8062=DIRECTION('ref_axis',(-2.18368999116232E-13,6.55106997348696E-14,
1.));
#8063=DIRECTION('center_axis',(-2.11756250807843E-13,0.0871557427477129,
0.996194698091741));
#8064=DIRECTION('ref_axis',(1.80529860393472E-14,0.996194698091741,-0.0871557427477128));
#8065=DIRECTION('center_axis',(-0.996194698091746,0.0871557427476579,-2.16483271703916E-13));
#8066=DIRECTION('ref_axis',(0.0871557427476579,0.996194698091746,-3.5310662270527E-14));
#8067=DIRECTION('center_axis',(-2.11756250807843E-13,0.0871557427477129,
0.996194698091741));
#8068=DIRECTION('ref_axis',(2.68946589809247E-14,0.996194698091741,-0.0871557427477129));
#8069=DIRECTION('center_axis',(-0.996194698091746,0.0871557427476579,-2.16483271703916E-13));
#8070=DIRECTION('ref_axis',(0.0871557427476579,0.996194698091745,-3.59771100390022E-14));
#8071=DIRECTION('center_axis',(2.11674065671541E-13,0.0871557427476039,
-0.99619469809175));
#8072=DIRECTION('ref_axis',(1.89923664457933E-14,-0.99619469809175,-0.0871557427476039));
#8073=DIRECTION('center_axis',(-0.996194698091746,0.0871557427476579,-2.16483271703916E-13));
#8074=DIRECTION('ref_axis',(0.0871557427476579,0.996194698091746,-3.39777667335764E-14));
#8075=DIRECTION('center_axis',(2.06833606449125E-13,0.0871557427476039,
-0.99619469809175));
#8076=DIRECTION('ref_axis',(2.43473518451665E-14,-0.99619469809175,-0.0871557427476039));
#8077=DIRECTION('center_axis',(0.996194698091746,0.0871557427476588,2.06947044775469E-13));
#8078=DIRECTION('ref_axis',(0.0871557427476588,-0.996194698091745,7.30224625241427E-14));
#8079=DIRECTION('center_axis',(2.11674065671541E-13,0.0871557427476039,
-0.99619469809175));
#8080=DIRECTION('ref_axis',(2.24969776430124E-14,-0.99619469809175,-0.0871557427476039));
#8081=DIRECTION('center_axis',(0.996194698091746,0.0871557427476588,2.06947044775469E-13));
#8082=DIRECTION('ref_axis',(0.0871557427476588,-0.996194698091745,8.36054124904455E-14));
#8083=DIRECTION('center_axis',(-2.11756250807843E-13,0.0871557427477129,
0.996194698091741));
#8084=DIRECTION('ref_axis',(1.88871061281753E-14,0.996194698091741,-0.0871557427477129));
#8085=DIRECTION('center_axis',(0.996194698091746,0.0871557427476588,2.06947044775469E-13));
#8086=DIRECTION('ref_axis',(0.0871557427476588,-0.996194698091745,6.96739330685812E-14));
#8087=DIRECTION('center_axis',(-2.11756250807843E-13,0.0871557427477129,
0.996194698091741));
#8088=DIRECTION('ref_axis',(1.80529860393472E-14,0.996194698091741,-0.0871557427477128));
#8089=DIRECTION('center_axis',(-1.,-4.71484343506983E-16,-2.1836899911623E-13));
#8090=DIRECTION('ref_axis',(2.1836899911623E-13,-5.45922497790574E-14,-1.));
#8091=DIRECTION('center_axis',(7.45444702118131E-15,-1.,5.47079666113167E-14));
#8092=DIRECTION('ref_axis',(-2.12523875749632E-13,5.47079666113151E-14,
1.));
#8093=DIRECTION('center_axis',(7.45444702118131E-15,-1.,5.47079666113167E-14));
#8094=DIRECTION('ref_axis',(2.12523875749632E-13,-5.47079666113151E-14,
-1.));
#8095=DIRECTION('center_axis',(2.11756250807843E-13,-0.0871557427477129,
-0.996194698091741));
#8096=DIRECTION('ref_axis',(1.80529860393472E-14,0.996194698091741,-0.0871557427477129));
#8097=DIRECTION('',(0.0868265938642296,-0.992432509138962,0.0868265938643203));
#8098=DIRECTION('',(1.,4.71484343506663E-16,2.12523875749632E-13));
#8099=DIRECTION('',(-0.0868265938642661,-0.992432509138962,0.0868265938642828));
#8100=DIRECTION('center_axis',(-0.996194698091746,-0.0871557427476588,-2.06947044775469E-13));
#8101=DIRECTION('ref_axis',(0.0871557427476588,-0.996194698091745,7.30224625241427E-14));
#8102=DIRECTION('',(0.0868265938642299,-0.992432509138962,0.0868265938643201));
#8103=DIRECTION('',(2.12523875749632E-13,-5.47079666113151E-14,-1.));
#8104=DIRECTION('center_axis',(2.11756250807843E-13,-0.0871557427477129,
-0.996194698091741));
#8105=DIRECTION('ref_axis',(1.80529860393472E-14,0.996194698091741,-0.0871557427477129));
#8106=DIRECTION('',(0.0868265938642298,-0.992432509138962,0.0868265938643212));
#8107=DIRECTION('',(1.,4.71484343506663E-16,2.12523875749632E-13));
#8108=DIRECTION('center_axis',(-0.996194698091746,-0.0871557427476588,-2.06947044775469E-13));
#8109=DIRECTION('ref_axis',(0.0871557427476588,-0.996194698091745,7.30224625241427E-14));
#8110=DIRECTION('',(0.0868265938642668,-0.992432509138972,-0.0868265938641758));
#8111=DIRECTION('',(2.12523875749632E-13,-5.47079666113151E-14,-1.));
#8112=DIRECTION('center_axis',(-2.11674065671541E-13,-0.0871557427476039,
0.99619469809175));
#8113=DIRECTION('ref_axis',(1.89923664457933E-14,-0.99619469809175,-0.0871557427476039));
#8114=DIRECTION('',(0.086826593864267,-0.992432509138972,-0.0868265938641746));
#8115=DIRECTION('',(-1.,-4.71484343506663E-16,-2.12523875749632E-13));
#8116=DIRECTION('center_axis',(-0.996194698091746,-0.0871557427476588,-2.06947044775469E-13));
#8117=DIRECTION('ref_axis',(0.0871557427476588,-0.996194698091745,7.30224625241427E-14));
#8118=DIRECTION('',(0.0868265938642669,-0.992432509138972,-0.0868265938641752));
#8119=DIRECTION('',(2.12523875749632E-13,-5.47079666113151E-14,-1.));
#8120=DIRECTION('center_axis',(-2.06833606449125E-13,-0.0871557427476039,
0.99619469809175));
#8121=DIRECTION('ref_axis',(1.89923664457933E-14,-0.99619469809175,-0.0871557427476039));
#8122=DIRECTION('',(-0.0868265938642285,-0.992432509138972,-0.086826593864211));
#8123=DIRECTION('',(-1.,-4.71484343506663E-16,-2.12523875749632E-13));
#8124=DIRECTION('center_axis',(0.996194698091746,-0.0871557427476579,2.16483271703916E-13));
#8125=DIRECTION('ref_axis',(0.0871557427476579,0.996194698091746,-3.59771100390022E-14));
#8126=DIRECTION('',(-0.0868265938642287,-0.992432509138972,-0.0868265938642123));
#8127=DIRECTION('',(-2.12523875749632E-13,5.47079666113151E-14,1.));
#8128=DIRECTION('center_axis',(-2.11674065671541E-13,-0.0871557427476039,
0.99619469809175));
#8129=DIRECTION('ref_axis',(1.89923664457933E-14,-0.99619469809175,-0.0871557427476039));
#8130=DIRECTION('',(-0.0868265938642291,-0.992432509138972,-0.0868265938642119));
#8131=DIRECTION('',(-1.,-4.71484343506663E-16,-2.12523875749632E-13));
#8132=DIRECTION('center_axis',(0.996194698091746,-0.0871557427476579,2.16483271703916E-13));
#8133=DIRECTION('ref_axis',(0.0871557427476579,0.996194698091746,-3.59771100390022E-14));
#8134=DIRECTION('',(-0.086826593864266,-0.992432509138962,0.0868265938642836));
#8135=DIRECTION('',(-2.12523875749632E-13,5.47079666113151E-14,1.));
#8136=DIRECTION('center_axis',(2.11756250807843E-13,-0.0871557427477129,
-0.996194698091741));
#8137=DIRECTION('ref_axis',(1.80529860393472E-14,0.996194698091741,-0.0871557427477129));
#8138=DIRECTION('',(-0.0868265938642658,-0.992432509138963,0.0868265938642842));
#8139=DIRECTION('',(1.,4.71484343506663E-16,2.12523875749632E-13));
#8140=DIRECTION('center_axis',(0.996194698091746,-0.0871557427476579,2.16483271703916E-13));
#8141=DIRECTION('ref_axis',(0.0871557427476579,0.996194698091746,-3.59771100390022E-14));
#8142=DIRECTION('',(-2.12523875749632E-13,5.47079666113151E-14,1.));
#8143=DIRECTION('center_axis',(-4.71484343495036E-16,1.,-5.47079666113152E-14));
#8144=DIRECTION('ref_axis',(-2.12523875749632E-13,5.47079666113151E-14,
1.));
#8145=DIRECTION('center_axis',(0.,1.,-6.55106997348696E-14));
#8146=DIRECTION('ref_axis',(-2.18368999116232E-13,6.55106997348696E-14,
1.));
#8147=DIRECTION('center_axis',(-2.1659671003026E-13,0.0871557427477129,
0.996194698091741));
#8148=DIRECTION('ref_axis',(1.80529860393472E-14,0.996194698091741,-0.0871557427477128));
#8149=DIRECTION('center_axis',(-0.996194698091746,0.0871557427476579,-2.16483271703916E-13));
#8150=DIRECTION('ref_axis',(0.0871557427476579,0.996194698091746,-3.59771100390022E-14));
#8151=DIRECTION('center_axis',(-2.11756250807843E-13,0.0871557427477129,
0.996194698091741));
#8152=DIRECTION('ref_axis',(1.53828060795612E-14,0.996194698091741,-0.0871557427477128));
#8153=DIRECTION('center_axis',(-0.996194698091746,0.0871557427476579,-2.16483271703916E-13));
#8154=DIRECTION('ref_axis',(0.0871557427476579,0.996194698091745,-3.59771100390022E-14));
#8155=DIRECTION('center_axis',(2.11674065671541E-13,0.0871557427476039,
-0.99619469809175));
#8156=DIRECTION('ref_axis',(2.24956708188711E-14,-0.99619469809175,-0.0871557427476039));
#8157=DIRECTION('center_axis',(-0.996194698091746,0.0871557427476579,-2.16483271703916E-13));
#8158=DIRECTION('ref_axis',(0.0871557427476579,0.996194698091746,-4.33080354922304E-14));
#8159=DIRECTION('center_axis',(2.11674065671541E-13,0.0871557427476039,
-0.99619469809175));
#8160=DIRECTION('ref_axis',(1.89923664457933E-14,-0.99619469809175,-0.0871557427476039));
#8161=DIRECTION('center_axis',(0.996194698091746,0.0871557427476588,2.06947044775469E-13));
#8162=DIRECTION('ref_axis',(0.0871557427476588,-0.996194698091745,8.9095403910838E-14));
#8163=DIRECTION('center_axis',(2.11674065671541E-13,0.0871557427476039,
-0.99619469809175));
#8164=DIRECTION('ref_axis',(1.89923664457933E-14,-0.99619469809175,-0.0871557427476039));
#8165=DIRECTION('center_axis',(0.996194698091746,0.0871557427476588,2.06947044775469E-13));
#8166=DIRECTION('ref_axis',(0.0871557427476588,-0.996194698091745,7.30224625241427E-14));
#8167=DIRECTION('center_axis',(-2.11756250807843E-13,0.0871557427477129,
0.996194698091741));
#8168=DIRECTION('ref_axis',(1.80529860393472E-14,0.996194698091741,-0.0871557427477128));
#8169=DIRECTION('center_axis',(0.996194698091746,0.0871557427476588,2.06947044775469E-13));
#8170=DIRECTION('ref_axis',(0.0871557427476588,-0.996194698091745,7.63709919797042E-14));
#8171=DIRECTION('center_axis',(-2.1659671003026E-13,0.0871557427477129,
0.996194698091741));
#8172=DIRECTION('ref_axis',(1.80529860393472E-14,0.996194698091741,-0.0871557427477128));
#8173=DIRECTION('center_axis',(-1.,-4.71484343506983E-16,-2.1836899911623E-13));
#8174=DIRECTION('ref_axis',(2.1836899911623E-13,-5.45922497790574E-14,-1.));
#8175=DIRECTION('center_axis',(-7.45444702118131E-15,1.,-5.47079666113167E-14));
#8176=DIRECTION('ref_axis',(-2.12523875749632E-13,5.47079666113151E-14,
1.));
#8177=DIRECTION('center_axis',(7.45444702118131E-15,-1.,5.47079666113167E-14));
#8178=DIRECTION('ref_axis',(2.12523875749632E-13,-5.47079666113151E-14,
-1.));
#8179=DIRECTION('center_axis',(-2.11674065671541E-13,-0.0871557427476039,
0.99619469809175));
#8180=DIRECTION('ref_axis',(1.89923664457933E-14,-0.99619469809175,-0.0871557427476039));
#8181=DIRECTION('',(-0.0868265938642286,-0.992432509138972,-0.0868265938642123));
#8182=DIRECTION('',(1.,4.71484343506663E-16,2.12523875749632E-13));
#8183=DIRECTION('',(0.0868265938642668,-0.992432509138972,-0.0868265938641749));
#8184=DIRECTION('center_axis',(0.996194698091746,-0.0871557427476579,2.16483271703916E-13));
#8185=DIRECTION('ref_axis',(0.0871557427476579,0.996194698091746,-3.59771100390022E-14));
#8186=DIRECTION('',(-0.0868265938642289,-0.992432509138972,-0.0868265938642125));
#8187=DIRECTION('',(2.12523875749632E-13,-5.47079666113151E-14,-1.));
#8188=DIRECTION('center_axis',(-2.11674065671541E-13,-0.0871557427476039,
0.99619469809175));
#8189=DIRECTION('ref_axis',(1.89923664457933E-14,-0.99619469809175,-0.0871557427476039));
#8190=DIRECTION('',(-0.0868265938642294,-0.992432509138972,-0.086826593864212));
#8191=DIRECTION('',(1.,4.71484343506663E-16,2.12523875749632E-13));
#8192=DIRECTION('center_axis',(0.996194698091746,-0.0871557427476579,2.16483271703916E-13));
#8193=DIRECTION('ref_axis',(0.0871557427476579,0.996194698091746,-3.59771100390022E-14));
#8194=DIRECTION('',(-0.086826593864266,-0.992432509138962,0.0868265938642835));
#8195=DIRECTION('',(2.12523875749632E-13,-5.47079666113151E-14,-1.));
#8196=DIRECTION('center_axis',(2.11756250807843E-13,-0.0871557427477129,
-0.996194698091741));
#8197=DIRECTION('ref_axis',(1.80529860393472E-14,0.996194698091741,-0.0871557427477129));
#8198=DIRECTION('',(-0.0868265938642661,-0.992432509138962,0.086826593864284));
#8199=DIRECTION('',(-1.,-4.71484343506663E-16,-2.12523875749632E-13));
#8200=DIRECTION('center_axis',(0.996194698091746,-0.0871557427476579,2.16483271703916E-13));
#8201=DIRECTION('ref_axis',(0.0871557427476579,0.996194698091746,-3.59771100390022E-14));
#8202=DIRECTION('',(-0.086826593864266,-0.992432509138962,0.0868265938642838));
#8203=DIRECTION('',(2.12523875749632E-13,-5.47079666113151E-14,-1.));
#8204=DIRECTION('center_axis',(2.1659671003026E-13,-0.0871557427477129,
-0.996194698091741));
#8205=DIRECTION('ref_axis',(1.80529860393472E-14,0.996194698091741,-0.0871557427477129));
#8206=DIRECTION('',(0.08682659386423,-0.992432509138962,0.0868265938643208));
#8207=DIRECTION('',(-1.,-4.71484343507003E-16,-2.18743330457192E-13));
#8208=DIRECTION('center_axis',(-0.996194698091746,-0.0871557427476588,-2.06947044775469E-13));
#8209=DIRECTION('ref_axis',(0.0871557427476588,-0.996194698091745,7.30224625241427E-14));
#8210=DIRECTION('',(0.0868265938642298,-0.992432509138962,0.086826593864321));
#8211=DIRECTION('',(-2.12523875749632E-13,5.47079666113151E-14,1.));
#8212=DIRECTION('center_axis',(2.11756250807843E-13,-0.0871557427477129,
-0.996194698091741));
#8213=DIRECTION('ref_axis',(1.80529860393472E-14,0.996194698091741,-0.0871557427477129));
#8214=DIRECTION('',(0.0868265938642301,-0.992432509138962,0.0868265938643214));
#8215=DIRECTION('',(-1.,-4.71484343506663E-16,-2.12523875749632E-13));
#8216=DIRECTION('center_axis',(-0.996194698091746,-0.0871557427476588,-2.06947044775469E-13));
#8217=DIRECTION('ref_axis',(0.0871557427476588,-0.996194698091745,7.30224625241427E-14));
#8218=DIRECTION('',(0.0868265938642667,-0.992432509138972,-0.0868265938641757));
#8219=DIRECTION('',(-2.12523875749632E-13,5.47079666113151E-14,1.));
#8220=DIRECTION('center_axis',(-2.11674065671541E-13,-0.0871557427476039,
0.99619469809175));
#8221=DIRECTION('ref_axis',(1.89923664457933E-14,-0.99619469809175,-0.0871557427476039));
#8222=DIRECTION('',(0.086826593864267,-0.992432509138972,-0.0868265938641757));
#8223=DIRECTION('',(1.,4.71484343506663E-16,2.12523875749632E-13));
#8224=DIRECTION('center_axis',(-0.996194698091746,-0.0871557427476588,-2.06947044775469E-13));
#8225=DIRECTION('ref_axis',(0.0871557427476588,-0.996194698091745,7.30224625241427E-14));
#8226=DIRECTION('',(-2.12523875749632E-13,5.47079666113151E-14,1.));
#8227=DIRECTION('center_axis',(-4.71484343495036E-16,1.,-5.47079666113152E-14));
#8228=DIRECTION('ref_axis',(-2.12523875749632E-13,5.47079666113151E-14,
1.));
#8229=DIRECTION('center_axis',(-4.71484343495036E-16,1.,-5.47079666113152E-14));
#8230=DIRECTION('ref_axis',(-2.12523875749632E-13,5.47079666113151E-14,
1.));
#8231=DIRECTION('center_axis',(-4.71484343495036E-16,1.,-5.47079666113152E-14));
#8232=DIRECTION('ref_axis',(-2.12523875749632E-13,5.47079666113151E-14,
1.));
#8233=DIRECTION('',(-4.71484343495036E-16,1.,-5.47079666113152E-14));
#8234=DIRECTION('center_axis',(-4.71484343495036E-16,1.,-5.47079666113152E-14));
#8235=DIRECTION('ref_axis',(-2.12523875749632E-13,5.47079666113151E-14,
1.));
#8236=DIRECTION('',(-4.71484343495036E-16,1.,-5.47079666113152E-14));
#8237=DIRECTION('center_axis',(4.71484343495036E-16,-1.,5.47079666113152E-14));
#8238=DIRECTION('ref_axis',(2.12523875749632E-13,-5.47079666113151E-14,
-1.));
#8239=DIRECTION('center_axis',(4.71484343495036E-16,-1.,5.47079666113152E-14));
#8240=DIRECTION('ref_axis',(-2.12523875749632E-13,5.47079666113151E-14,
1.));
#8241=DIRECTION('',(-4.71484343495036E-16,1.,-5.47079666113152E-14));
#8242=DIRECTION('center_axis',(4.71484343495036E-16,-1.,5.47079666113152E-14));
#8243=DIRECTION('ref_axis',(-2.12523875749632E-13,5.47079666113151E-14,
1.));
#8244=DIRECTION('',(-4.71484343495036E-16,1.,-5.47079666113152E-14));
#8245=DIRECTION('center_axis',(4.71484343495036E-16,-1.,5.47079666113152E-14));
#8246=DIRECTION('ref_axis',(-2.07192601357146E-13,5.47079666113151E-14,
1.));
#8247=DIRECTION('',(-4.71484343495036E-16,1.,-5.47079666113152E-14));
#8248=DIRECTION('center_axis',(4.71484343495036E-16,-1.,5.47079666113152E-14));
#8249=DIRECTION('ref_axis',(-2.14356501322049E-13,5.47079666113151E-14,
1.));
#8250=DIRECTION('',(-4.71484343495036E-16,1.,-5.47079666113152E-14));
#8251=DIRECTION('center_axis',(4.71484343495036E-16,-1.,5.47079666113152E-14));
#8252=DIRECTION('ref_axis',(-2.12523875749632E-13,5.47079666113151E-14,
1.));
#8253=DIRECTION('',(4.71484343495036E-16,-1.,5.47079666113152E-14));
#8254=DIRECTION('center_axis',(4.71484343495036E-16,-1.,5.47079666113152E-14));
#8255=DIRECTION('ref_axis',(-2.12523875749632E-13,5.47079666113151E-14,
1.));
#8256=DIRECTION('center_axis',(4.71484343495036E-16,-1.,5.47079666113152E-14));
#8257=DIRECTION('ref_axis',(2.12523875749632E-13,-5.47079666113151E-14,
-1.));
#8258=DIRECTION('center_axis',(4.71484343495036E-16,-1.,5.47079666113152E-14));
#8259=DIRECTION('ref_axis',(-2.12523875749632E-13,5.47079666113151E-14,
1.));
#8260=DIRECTION('',(4.71484343495036E-16,-1.,5.47079666113152E-14));
#8261=DIRECTION('center_axis',(-4.71484343495036E-16,1.,-5.47079666113152E-14));
#8262=DIRECTION('ref_axis',(-2.12523875749632E-13,5.47079666113151E-14,
1.));
#8263=DIRECTION('center_axis',(4.71484343495036E-16,-1.,5.47079666113152E-14));
#8264=DIRECTION('ref_axis',(2.12523875749632E-13,-5.47079666113151E-14,
-1.));
#8265=DIRECTION('center_axis',(-4.71484343495036E-16,1.,-5.47079666113152E-14));
#8266=DIRECTION('ref_axis',(-2.12523875749632E-13,5.47079666113151E-14,
1.));
#8267=DIRECTION('',(4.71484343495036E-16,-1.,5.47079666113152E-14));
#8268=DIRECTION('center_axis',(-4.71484343495036E-16,1.,-5.47079666113152E-14));
#8269=DIRECTION('ref_axis',(-2.12523875749632E-13,5.47079666113151E-14,
1.));
#8270=DIRECTION('center_axis',(-4.71484343495036E-16,1.,-5.47079666113152E-14));
#8271=DIRECTION('ref_axis',(-2.12523875749632E-13,5.47079666113151E-14,
1.));
#8272=DIRECTION('',(-4.71484343495036E-16,1.,-5.47079666113152E-14));
#8273=DIRECTION('center_axis',(4.71484343495036E-16,-1.,5.47079666113152E-14));
#8274=DIRECTION('ref_axis',(-2.11690864125806E-13,5.47079666113151E-14,
1.));
#8275=DIRECTION('',(-4.71484343495036E-16,1.,-5.47079666113152E-14));
#8276=DIRECTION('center_axis',(-4.71484343495036E-16,1.,-5.47079666113152E-14));
#8277=DIRECTION('ref_axis',(-2.12523875749632E-13,5.47079666113151E-14,
1.));
#8278=DIRECTION('',(-4.71484343495036E-16,1.,-5.47079666113152E-14));
#8279=DIRECTION('center_axis',(4.71484343495036E-16,-1.,5.47079666113152E-14));
#8280=DIRECTION('ref_axis',(-2.12523875749632E-13,5.47079666113151E-14,
1.));
#8281=DIRECTION('',(-4.71484343495036E-16,1.,-5.47079666113152E-14));
#8282=DIRECTION('center_axis',(-4.71484343495036E-16,1.,-5.47079666113152E-14));
#8283=DIRECTION('ref_axis',(-2.12523875749632E-13,5.47079666113151E-14,
1.));
#8284=DIRECTION('',(-1.,-4.71484343506663E-16,-2.12523875749632E-13));
#8285=DIRECTION('',(-2.12523875749632E-13,5.47079666113151E-14,1.));
#8286=DIRECTION('',(0.707106781186397,3.9017763952305E-14,0.707106781186698));
#8287=DIRECTION('',(1.,4.71484343506663E-16,2.12523875749632E-13));
#8288=DIRECTION('',(0.7071067811867,-3.83509843992712E-14,-0.707106781186395));
#8289=DIRECTION('',(-2.1259710719745E-13,5.47079666113151E-14,1.));
#8290=DIRECTION('',(-1.,-4.71484343506663E-16,-2.12523875749632E-13));
#8291=DIRECTION('',(2.12523875749632E-13,-5.47079666113151E-14,-1.));
#8292=DIRECTION('center_axis',(1.,4.71484343506663E-16,2.12523875749632E-13));
#8293=DIRECTION('ref_axis',(-4.71484343495036E-16,1.,-5.47079666113152E-14));
#8294=DIRECTION('',(-4.71484343495036E-16,1.,-5.47079666113152E-14));
#8295=DIRECTION('',(-2.12523875749632E-13,5.47079666113151E-14,1.));
#8296=DIRECTION('',(-4.71484343495036E-16,1.,-5.47079666113152E-14));
#8297=DIRECTION('',(-2.12523875749632E-13,5.47079666113151E-14,1.));
#8298=DIRECTION('',(4.71484343495036E-16,-1.,5.47079666113152E-14));
#8299=DIRECTION('',(-2.12523875749632E-13,5.47079666113151E-14,1.));
#8300=DIRECTION('',(-4.71484343495036E-16,1.,-5.47079666113152E-14));
#8301=DIRECTION('center_axis',(-4.71484343495036E-16,1.,-5.47079666113152E-14));
#8302=DIRECTION('ref_axis',(-2.12523875749632E-13,5.47079666113151E-14,
1.));
#8303=DIRECTION('',(-1.,-4.71484343506663E-16,-2.12523875749632E-13));
#8304=DIRECTION('',(2.12437410968508E-13,-5.47079666113151E-14,-1.));
#8305=DIRECTION('',(-1.,-4.71484343506607E-16,-2.11511760791569E-13));
#8306=DIRECTION('',(2.12523875749632E-13,-5.47079666113151E-14,-1.));
#8307=DIRECTION('',(2.12523875749632E-13,-5.47079666113151E-14,-1.));
#8308=DIRECTION('',(-1.,-4.71484343506566E-16,-2.10759621718249E-13));
#8309=DIRECTION('',(-2.12523875749632E-13,5.47079666113151E-14,1.));
#8310=DIRECTION('',(0.707106781186393,3.90177639523052E-14,0.707106781186702));
#8311=DIRECTION('',(1.,4.71484343506686E-16,2.12949244461089E-13));
#8312=DIRECTION('center_axis',(-4.71484343495036E-16,1.,-5.47079666113152E-14));
#8313=DIRECTION('ref_axis',(-2.12523875749632E-13,5.47079666113151E-14,
1.));
#8314=DIRECTION('',(-2.12523875749632E-13,5.47079666113151E-14,1.));
#8315=DIRECTION('',(1.,4.71484343506663E-16,2.12523875749632E-13));
#8316=DIRECTION('',(-2.12523875749632E-13,5.47079666113151E-14,1.));
#8317=DIRECTION('center_axis',(-4.71484343495036E-16,1.,-5.47079666113152E-14));
#8318=DIRECTION('ref_axis',(-2.12523875749632E-13,5.47079666113151E-14,
1.));
#8319=DIRECTION('',(1.,4.71484343506587E-16,2.11144738235759E-13));
#8320=DIRECTION('',(-2.12523875749632E-13,5.47079666113151E-14,1.));
#8321=DIRECTION('',(1.,4.71484343506625E-16,2.11834306992696E-13));
#8322=DIRECTION('center_axis',(4.71484343495036E-16,-1.,5.47079666113152E-14));
#8323=DIRECTION('ref_axis',(-2.14258599225609E-13,5.47079666113151E-14,
1.));
#8324=DIRECTION('',(2.12523875749632E-13,-5.47079666113151E-14,-1.));
#8325=DIRECTION('',(1.,4.71484343506663E-16,2.12523875749632E-13));
#8326=DIRECTION('',(2.12523875749632E-13,-5.47079666113151E-14,-1.));
#8327=DIRECTION('center_axis',(4.71484343495036E-16,-1.,5.47079666113152E-14));
#8328=DIRECTION('ref_axis',(-2.12523875749632E-13,5.47079666113151E-14,
1.));
#8329=DIRECTION('',(1.,4.71484343506663E-16,2.12523875749632E-13));
#8330=DIRECTION('',(-0.707106781186701,3.83509843992711E-14,0.707106781186394));
#8331=DIRECTION('',(-1.,-4.71484343506759E-16,-2.14288129781015E-13));
#8332=DIRECTION('',(-2.12523875749632E-13,5.47079666113151E-14,1.));
#8333=DIRECTION('center_axis',(4.71484343495036E-16,-1.,5.47079666113152E-14));
#8334=DIRECTION('ref_axis',(-2.12523875749632E-13,5.47079666113151E-14,
1.));
#8335=DIRECTION('',(-2.12523875749632E-13,5.47079666113151E-14,1.));
#8336=DIRECTION('center_axis',(1.,4.71484343506663E-16,2.12523875749632E-13));
#8337=DIRECTION('ref_axis',(-4.71484343495036E-16,1.,-5.47079666113152E-14));
#8338=DIRECTION('',(-4.71484343495036E-16,1.,-5.47079666113152E-14));
#8339=DIRECTION('',(-2.12523875749632E-13,5.47079666113151E-14,1.));
#8340=DIRECTION('',(-4.71484343495036E-16,1.,-5.47079666113152E-14));
#8341=DIRECTION('',(-2.12523875749632E-13,5.47079666113151E-14,1.));
#8342=DIRECTION('',(4.71484343495036E-16,-1.,5.47079666113152E-14));
#8343=DIRECTION('',(-2.12523875749632E-13,5.47079666113151E-14,1.));
#8344=DIRECTION('',(-4.71484343495036E-16,1.,-5.47079666113152E-14));
#8345=DIRECTION('center_axis',(-4.71484343495036E-16,1.,-5.47079666113152E-14));
#8346=DIRECTION('ref_axis',(-2.12523875749632E-13,5.47079666113151E-14,
1.));
#8347=DIRECTION('',(-1.,-4.71484343506663E-16,-2.12523875749632E-13));
#8348=DIRECTION('',(2.12523875749632E-13,-5.47079666113151E-14,-1.));
#8349=DIRECTION('',(-1.,-4.71484343506663E-16,-2.12523875749632E-13));
#8350=DIRECTION('',(-2.12670338645269E-13,5.47079666113151E-14,1.));
#8351=DIRECTION('',(-0.707106781186396,-3.90177639523051E-14,-0.707106781186699));
#8352=DIRECTION('',(1.,4.71484343506663E-16,2.12523875749632E-13));
#8353=DIRECTION('',(-0.707106781186699,3.83509843992712E-14,0.707106781186396));
#8354=DIRECTION('center_axis',(2.11446424566919E-13,-5.47079666113151E-14,
-1.));
#8355=DIRECTION('ref_axis',(-4.71484343495036E-16,1.,-5.47079666113152E-14));
#8356=DIRECTION('',(1.,4.71484343506625E-16,2.11834306992696E-13));
#8357=DIRECTION('',(4.71484343495036E-16,-1.,5.47079666113152E-14));
#8358=DIRECTION('',(4.71484343495036E-16,-1.,5.47079666113152E-14));
#8359=DIRECTION('center_axis',(4.71484343495036E-16,-1.,5.47079666113152E-14));
#8360=DIRECTION('ref_axis',(2.12523875749632E-13,-5.47079666113151E-14,
-1.));
#8361=DIRECTION('center_axis',(4.71484343495036E-16,-1.,5.47079666113152E-14));
#8362=DIRECTION('ref_axis',(-2.14258599225609E-13,5.47079666113151E-14,
1.));
#8363=DIRECTION('',(4.71484343495036E-16,-1.,5.47079666113152E-14));
#8364=DIRECTION('center_axis',(-1.,-4.71484343506663E-16,-2.12523875749632E-13));
#8365=DIRECTION('ref_axis',(4.71484343495036E-16,-1.,5.47079666113152E-14));
#8366=DIRECTION('',(2.12523875749632E-13,-5.47079666113151E-14,-1.));
#8367=DIRECTION('',(4.71484343495036E-16,-1.,5.47079666113152E-14));
#8368=DIRECTION('center_axis',(2.12523875749632E-13,-5.47079666113151E-14,
-1.));
#8369=DIRECTION('ref_axis',(-4.71484343495036E-16,1.,-5.47079666113152E-14));
#8370=DIRECTION('',(1.,4.71484343506663E-16,2.12523875749632E-13));
#8371=DIRECTION('',(4.71484343495036E-16,-1.,5.47079666113152E-14));
#8372=DIRECTION('center_axis',(-1.,-4.71484343506663E-16,-2.12523875749632E-13));
#8373=DIRECTION('ref_axis',(4.71484343495036E-16,-1.,5.47079666113152E-14));
#8374=DIRECTION('',(2.12523875749632E-13,-5.47079666113151E-14,-1.));
#8375=DIRECTION('',(4.71484343495036E-16,-1.,5.47079666113152E-14));
#8376=DIRECTION('center_axis',(4.71484343495036E-16,-1.,5.47079666113152E-14));
#8377=DIRECTION('ref_axis',(2.12523875749632E-13,-5.47079666113151E-14,
-1.));
#8378=DIRECTION('center_axis',(4.71484343495036E-16,-1.,5.47079666113152E-14));
#8379=DIRECTION('ref_axis',(-2.12523875749632E-13,5.47079666113151E-14,
1.));
#8380=DIRECTION('',(4.71484343495036E-16,-1.,5.47079666113152E-14));
#8381=DIRECTION('center_axis',(2.12523875749632E-13,-5.47079666113151E-14,
-1.));
#8382=DIRECTION('ref_axis',(-4.71484343495036E-16,1.,-5.47079666113152E-14));
#8383=DIRECTION('',(1.,4.71484343506663E-16,2.12523875749632E-13));
#8384=DIRECTION('',(-4.71484343495036E-16,1.,-5.47079666113152E-14));
#8385=DIRECTION('center_axis',(2.12740716184129E-13,-5.47079666113151E-14,
-1.));
#8386=DIRECTION('ref_axis',(-4.71484343495036E-16,1.,-5.47079666113152E-14));
#8387=DIRECTION('',(4.71484343495036E-16,-1.,5.47079666113152E-14));
#8388=DIRECTION('',(1.,4.71484343506663E-16,2.12523875749632E-13));
#8389=DIRECTION('',(-4.71484343495036E-16,1.,-5.47079666113152E-14));
#8390=DIRECTION('center_axis',(1.,4.71484343506663E-16,2.12523875749632E-13));
#8391=DIRECTION('ref_axis',(-4.71484343495036E-16,1.,-5.47079666113152E-14));
#8392=DIRECTION('',(-4.71484343495036E-16,1.,-5.47079666113152E-14));
#8393=DIRECTION('',(2.12523875749632E-13,-5.47079666113151E-14,-1.));
#8394=DIRECTION('',(-4.71484343495036E-16,1.,-5.47079666113152E-14));
#8395=DIRECTION('',(4.71484343495036E-16,-1.,5.47079666113152E-14));
#8396=DIRECTION('',(-2.12616394335017E-13,5.47079666113151E-14,1.));
#8397=DIRECTION('',(-4.71484343495036E-16,1.,-5.47079666113152E-14));
#8398=DIRECTION('center_axis',(2.12307035315135E-13,-5.47079666113151E-14,
-1.));
#8399=DIRECTION('ref_axis',(-4.71484343495036E-16,1.,-5.47079666113152E-14));
#8400=DIRECTION('',(1.,4.71484343506663E-16,2.12523875749632E-13));
#8401=DIRECTION('',(-4.71484343495036E-16,1.,-5.47079666113152E-14));
#8402=DIRECTION('',(4.71484343495036E-16,-1.,5.47079666113152E-14));
#8403=DIRECTION('center_axis',(2.13541301376709E-13,-5.47079666113151E-14,
-1.));
#8404=DIRECTION('ref_axis',(-4.71484343495036E-16,1.,-5.47079666113152E-14));
#8405=DIRECTION('',(4.71484343495036E-16,-1.,5.47079666113152E-14));
#8406=DIRECTION('',(1.,4.71484343506686E-16,2.12949244461089E-13));
#8407=DIRECTION('',(4.71484343495036E-16,-1.,5.47079666113152E-14));
#8408=DIRECTION('center_axis',(4.71484343495036E-16,-1.,5.47079666113152E-14));
#8409=DIRECTION('ref_axis',(2.12523875749632E-13,-5.47079666113151E-14,
-1.));
#8410=DIRECTION('center_axis',(-4.71484343495036E-16,1.,-5.47079666113152E-14));
#8411=DIRECTION('ref_axis',(-2.12523875749632E-13,5.47079666113151E-14,
1.));
#8412=DIRECTION('',(4.71484343495036E-16,-1.,5.47079666113152E-14));
#8413=DIRECTION('center_axis',(1.,4.71484343506663E-16,2.12523875749632E-13));
#8414=DIRECTION('ref_axis',(-4.71484343495036E-16,1.,-5.47079666113152E-14));
#8415=DIRECTION('',(-2.12523875749632E-13,5.47079666113151E-14,1.));
#8416=DIRECTION('',(4.71484343495036E-16,-1.,5.47079666113152E-14));
#8417=DIRECTION('center_axis',(2.12523875749632E-13,-5.47079666113151E-14,
-1.));
#8418=DIRECTION('ref_axis',(-4.71484343495036E-16,1.,-5.47079666113152E-14));
#8419=DIRECTION('',(1.,4.71484343506663E-16,2.12523875749632E-13));
#8420=DIRECTION('',(4.71484343495036E-16,-1.,5.47079666113152E-14));
#8421=DIRECTION('center_axis',(1.,4.71484343506663E-16,2.12523875749632E-13));
#8422=DIRECTION('ref_axis',(-4.71484343495036E-16,1.,-5.47079666113152E-14));
#8423=DIRECTION('',(-2.12523875749632E-13,5.47079666113151E-14,1.));
#8424=DIRECTION('',(4.71484343495036E-16,-1.,5.47079666113152E-14));
#8425=DIRECTION('center_axis',(4.71484343495036E-16,-1.,5.47079666113152E-14));
#8426=DIRECTION('ref_axis',(2.12523875749632E-13,-5.47079666113151E-14,
-1.));
#8427=DIRECTION('center_axis',(-4.71484343495036E-16,1.,-5.47079666113152E-14));
#8428=DIRECTION('ref_axis',(-2.12523875749632E-13,5.47079666113151E-14,
1.));
#8429=DIRECTION('',(4.71484343495036E-16,-1.,5.47079666113152E-14));
#8430=DIRECTION('center_axis',(2.11446424566919E-13,-5.47079666113151E-14,
-1.));
#8431=DIRECTION('ref_axis',(-4.71484343495036E-16,1.,-5.47079666113152E-14));
#8432=DIRECTION('',(1.,4.71484343506587E-16,2.11144738235759E-13));
#8433=DIRECTION('',(4.71484343495036E-16,-1.,5.47079666113152E-14));
#8434=DIRECTION('center_axis',(1.,4.71484343506663E-16,2.12523875749632E-13));
#8435=DIRECTION('ref_axis',(-4.71484343495036E-16,1.,-5.47079666113152E-14));
#8436=DIRECTION('',(-2.12523875749632E-13,5.47079666113151E-14,1.));
#8437=DIRECTION('center_axis',(-4.71484343495036E-16,1.,-5.47079666113152E-14));
#8438=DIRECTION('ref_axis',(-2.12523875749632E-13,5.47079666113151E-14,
1.));
#8439=DIRECTION('',(0.7071067811867,-3.83509843992712E-14,-0.707106781186395));
#8440=DIRECTION('',(-0.707106781186395,-3.90177639523051E-14,-0.7071067811867));
#8441=DIRECTION('',(0.7071067811867,-3.83509843992712E-14,-0.707106781186395));
#8442=DIRECTION('',(0.707106781186396,3.90177639523051E-14,0.707106781186699));
#8443=DIRECTION('',(-0.707106781186699,3.83509843992713E-14,0.707106781186396));
#8444=DIRECTION('',(-0.707106781186397,-3.9017763952305E-14,-0.707106781186698));
#8445=DIRECTION('center_axis',(0.707106781186396,3.90177639523051E-14,0.707106781186699));
#8446=DIRECTION('ref_axis',(4.71484343495036E-16,-1.,5.47079666113152E-14));
#8447=DIRECTION('center_axis',(-0.707106781186699,3.83509843992712E-14,
0.707106781186396));
#8448=DIRECTION('ref_axis',(4.71484343495036E-16,-1.,5.47079666113152E-14));
#8449=DIRECTION('center_axis',(-0.707106781186394,-3.90177639523052E-14,
-0.707106781186701));
#8450=DIRECTION('ref_axis',(-4.71484343495036E-16,1.,-5.47079666113152E-14));
#8451=DIRECTION('center_axis',(0.707106781186699,-3.83509843992712E-14,
-0.707106781186396));
#8452=DIRECTION('ref_axis',(-4.71484343495036E-16,1.,-5.47079666113152E-14));
#8453=DIRECTION('center_axis',(0.707106781186701,-3.83509843992711E-14,
-0.707106781186394));
#8454=DIRECTION('ref_axis',(-4.71484343495036E-16,1.,-5.47079666113152E-14));
#8455=DIRECTION('center_axis',(-0.707106781186396,-3.90177639523051E-14,
-0.707106781186699));
#8456=DIRECTION('ref_axis',(-4.71484343495036E-16,1.,-5.47079666113152E-14));
#8457=DIRECTION('center_axis',(2.12523875749632E-13,-5.47079666113151E-14,
-1.));
#8458=DIRECTION('ref_axis',(-4.71484343495036E-16,1.,-5.47079666113152E-14));
#8459=DIRECTION('',(-4.71484343495036E-16,1.,-5.47079666113152E-14));
#8460=DIRECTION('',(-1.,-4.71484343506663E-16,-2.12523875749632E-13));
#8461=DIRECTION('center_axis',(2.12523875749632E-13,-5.47079666113151E-14,
-1.));
#8462=DIRECTION('ref_axis',(-4.71484343495036E-16,1.,-5.47079666113152E-14));
#8463=DIRECTION('',(-1.,-4.71484343506663E-16,-2.12523875749632E-13));
#8464=DIRECTION('',(-4.71484343495036E-16,1.,-5.47079666113152E-14));
#8465=DIRECTION('center_axis',(1.,4.71484343506663E-16,2.12523875749632E-13));
#8466=DIRECTION('ref_axis',(-4.71484343495036E-16,1.,-5.47079666113152E-14));
#8467=DIRECTION('',(2.12523875749632E-13,-5.47079666113151E-14,-1.));
#8468=DIRECTION('center_axis',(1.,4.71484343506663E-16,2.12523875749632E-13));
#8469=DIRECTION('ref_axis',(-4.71484343495036E-16,1.,-5.47079666113152E-14));
#8470=DIRECTION('',(2.12437410968508E-13,-5.47079666113151E-14,-1.));
#8471=DIRECTION('center_axis',(1.,4.71484343506663E-16,2.12523875749632E-13));
#8472=DIRECTION('ref_axis',(-4.71484343495036E-16,1.,-5.47079666113152E-14));
#8473=DIRECTION('',(2.12523875749632E-13,-5.47079666113151E-14,-1.));
#8474=DIRECTION('center_axis',(-4.71484343495036E-16,1.,-5.47079666113152E-14));
#8475=DIRECTION('ref_axis',(-2.12523875749632E-13,5.47079666113151E-14,
1.));
#8476=DIRECTION('center_axis',(1.,4.71484343506663E-16,2.12523875749632E-13));
#8477=DIRECTION('ref_axis',(-4.71484343495036E-16,1.,-5.47079666113152E-14));
#8478=DIRECTION('',(2.12523875749632E-13,-5.47079666113151E-14,-1.));
#8479=DIRECTION('',(-4.71484343495036E-16,1.,-5.47079666113152E-14));
#8480=DIRECTION('center_axis',(2.11113868048316E-13,-5.47079666113151E-14,
-1.));
#8481=DIRECTION('ref_axis',(-4.71484343495036E-16,1.,-5.47079666113152E-14));
#8482=DIRECTION('',(-1.,-4.71484343506566E-16,-2.10759621718249E-13));
#8483=DIRECTION('center_axis',(2.12523875749632E-13,-5.47079666113151E-14,
-1.));
#8484=DIRECTION('ref_axis',(-4.71484343495036E-16,1.,-5.47079666113152E-14));
#8485=DIRECTION('',(-1.,-4.71484343506663E-16,-2.12523875749632E-13));
#8486=DIRECTION('center_axis',(2.11078272852985E-13,-5.47079666113151E-14,
-1.));
#8487=DIRECTION('ref_axis',(-4.71484343495036E-16,1.,-5.47079666113152E-14));
#8488=DIRECTION('',(-1.,-4.71484343506607E-16,-2.11511760791569E-13));
#8489=DIRECTION('',(-4.71484343495036E-16,1.,-5.47079666113152E-14));
#8490=DIRECTION('center_axis',(1.,4.71484343506663E-16,2.12523875749632E-13));
#8491=DIRECTION('ref_axis',(-4.71484343495036E-16,1.,-5.47079666113152E-14));
#8492=DIRECTION('',(2.12523875749632E-13,-5.47079666113151E-14,-1.));
#8493=DIRECTION('center_axis',(-4.71484343495036E-16,1.,-5.47079666113152E-14));
#8494=DIRECTION('ref_axis',(-2.12523875749632E-13,5.47079666113151E-14,
1.));
#8495=DIRECTION('center_axis',(-4.71484343495036E-16,1.,-5.47079666113152E-14));
#8496=DIRECTION('ref_axis',(0.0500627750600308,-5.4615763006269E-14,-0.998746073110322));
#8497=DIRECTION('',(-4.71484343495036E-16,1.,-5.47079666113152E-14));
#8498=DIRECTION('center_axis',(4.71484343495036E-16,-1.,5.47079666113152E-14));
#8499=DIRECTION('ref_axis',(-2.12523875749632E-13,5.47079666113151E-14,
1.));
#8500=DIRECTION('',(-4.71484343495036E-16,1.,-5.47079666113152E-14));
#8501=DIRECTION('center_axis',(-1.,-4.71484343506663E-16,-2.12523875749632E-13));
#8502=DIRECTION('ref_axis',(4.71484343495036E-16,-1.,5.47079666113152E-14));
#8503=DIRECTION('',(-2.12523875749632E-13,5.47079666113151E-14,1.));
#8504=DIRECTION('',(-4.71484343495036E-16,1.,-5.47079666113152E-14));
#8505=DIRECTION('center_axis',(2.12042008117416E-13,-5.47079666113151E-14,
-1.));
#8506=DIRECTION('ref_axis',(-4.71484343495036E-16,1.,-5.47079666113152E-14));
#8507=DIRECTION('',(-1.,-4.71484343506663E-16,-2.12523875749632E-13));
#8508=DIRECTION('center_axis',(2.12523875749632E-13,-5.47079666113151E-14,
-1.));
#8509=DIRECTION('ref_axis',(-4.71484343495036E-16,1.,-5.47079666113152E-14));
#8510=DIRECTION('',(-1.,-4.71484343506663E-16,-2.12523875749632E-13));
#8511=DIRECTION('center_axis',(2.13933883450948E-13,-5.47079666113151E-14,
-1.));
#8512=DIRECTION('ref_axis',(-4.71484343495036E-16,1.,-5.47079666113152E-14));
#8513=DIRECTION('',(-1.,-4.71484343506759E-16,-2.14288129781015E-13));
#8514=DIRECTION('',(-4.71484343495036E-16,1.,-5.47079666113152E-14));
#8515=DIRECTION('center_axis',(-1.,-4.71484343506663E-16,-2.12523875749632E-13));
#8516=DIRECTION('ref_axis',(4.71484343495036E-16,-1.,5.47079666113152E-14));
#8517=DIRECTION('',(-2.12523875749632E-13,5.47079666113151E-14,1.));
#8518=DIRECTION('center_axis',(-4.71484343495036E-16,1.,-5.47079666113152E-14));
#8519=DIRECTION('ref_axis',(-2.12523875749632E-13,5.47079666113151E-14,
1.));
#8520=DIRECTION('center_axis',(-4.71484343495036E-16,1.,-5.47079666113152E-14));
#8521=DIRECTION('ref_axis',(2.12523875749632E-13,-5.47079666113151E-14,
-1.));
#8522=DIRECTION('center_axis',(-4.71484343495036E-16,1.,-5.47079666113152E-14));
#8523=DIRECTION('ref_axis',(-2.12523875749632E-13,5.47079666113151E-14,
1.));
#8524=DIRECTION('',(-4.71484343495036E-16,1.,-5.47079666113152E-14));
#8525=DIRECTION('center_axis',(-4.71484343495036E-16,1.,-5.47079666113152E-14));
#8526=DIRECTION('ref_axis',(-2.12523875749632E-13,5.47079666113151E-14,
1.));
#8527=DIRECTION('center_axis',(-4.71484343495036E-16,1.,-5.47079666113152E-14));
#8528=DIRECTION('ref_axis',(2.12523875749632E-13,-5.47079666113151E-14,
-1.));
#8529=DIRECTION('center_axis',(-4.71484343495036E-16,1.,-5.47079666113152E-14));
#8530=DIRECTION('ref_axis',(-2.12523875749632E-13,5.47079666113151E-14,
1.));
#8531=DIRECTION('',(-4.71484343495036E-16,1.,-5.47079666113152E-14));
#8532=DIRECTION('center_axis',(-4.71484343495036E-16,1.,-5.47079666113152E-14));
#8533=DIRECTION('ref_axis',(-2.12523875749632E-13,5.47079666113151E-14,
1.));
#8534=DIRECTION('',(-4.71484343495036E-16,1.,-5.47079666113152E-14));
#8535=DIRECTION('center_axis',(-4.71484343495036E-16,1.,-5.47079666113152E-14));
#8536=DIRECTION('ref_axis',(-2.12646340429547E-13,5.47079666113151E-14,
1.));
#8537=DIRECTION('center_axis',(-4.71484343495036E-16,1.,-5.47079666113152E-14));
#8538=DIRECTION('ref_axis',(-2.12523875749632E-13,5.47079666113151E-14,
1.));
#8539=DIRECTION('',(-4.71484343495036E-16,1.,-5.47079666113152E-14));
#8540=DIRECTION('center_axis',(-4.71484343495036E-16,1.,-5.47079666113152E-14));
#8541=DIRECTION('ref_axis',(-2.12523875749632E-13,5.47079666113151E-14,
1.));
#8542=DIRECTION('',(-4.71484343495036E-16,1.,-5.47079666113152E-14));
#8543=DIRECTION('center_axis',(2.12523875749632E-13,-5.47079666113151E-14,
-1.));
#8544=DIRECTION('ref_axis',(-4.71484343495036E-16,1.,-5.47079666113152E-14));
#8545=DIRECTION('',(1.,4.71484343506663E-16,2.12523875749632E-13));
#8546=DIRECTION('',(1.,4.71484343506663E-16,2.12523875749632E-13));
#8547=DIRECTION('',(4.71484343495036E-16,-1.,5.47079666113152E-14));
#8548=DIRECTION('center_axis',(1.,4.71484343506663E-16,2.12523875749632E-13));
#8549=DIRECTION('ref_axis',(-4.71484343495036E-16,1.,-5.47079666113152E-14));
#8550=DIRECTION('',(-2.12523875749632E-13,5.47079666113151E-14,1.));
#8551=DIRECTION('',(4.71484343495036E-16,-1.,5.47079666113152E-14));
#8552=DIRECTION('',(-2.12523875749632E-13,5.47079666113151E-14,1.));
#8553=DIRECTION('',(-4.71484343495036E-16,1.,-5.47079666113152E-14));
#8554=DIRECTION('center_axis',(2.12740716184129E-13,-5.47079666113151E-14,
-1.));
#8555=DIRECTION('ref_axis',(-4.71484343495036E-16,1.,-5.47079666113152E-14));
#8556=DIRECTION('',(1.,4.71484343506663E-16,2.12523875749632E-13));
#8557=DIRECTION('',(4.71484343495036E-16,-1.,5.47079666113152E-14));
#8558=DIRECTION('',(1.,4.71484343506663E-16,2.12523875749632E-13));
#8559=DIRECTION('',(-4.71484343495036E-16,1.,-5.47079666113152E-14));
#8560=DIRECTION('center_axis',(1.,4.71484343506663E-16,2.12523875749632E-13));
#8561=DIRECTION('ref_axis',(-4.71484343495036E-16,1.,-5.47079666113152E-14));
#8562=DIRECTION('',(-2.12616394335017E-13,5.47079666113151E-14,1.));
#8563=DIRECTION('',(-4.71484343495036E-16,1.,-5.47079666113152E-14));
#8564=DIRECTION('',(-2.12616394335017E-13,5.47079666113151E-14,1.));
#8565=DIRECTION('',(4.71484343495036E-16,-1.,5.47079666113152E-14));
#8566=DIRECTION('center_axis',(2.12307035315135E-13,-5.47079666113151E-14,
-1.));
#8567=DIRECTION('ref_axis',(-4.71484343495036E-16,1.,-5.47079666113152E-14));
#8568=DIRECTION('',(1.,4.71484343506663E-16,2.12523875749632E-13));
#8569=DIRECTION('',(-4.71484343495036E-16,1.,-5.47079666113152E-14));
#8570=DIRECTION('',(1.,4.71484343506663E-16,2.12523875749632E-13));
#8571=DIRECTION('',(4.71484343495036E-16,-1.,5.47079666113152E-14));
#8572=DIRECTION('center_axis',(1.,4.71484343506663E-16,2.12523875749632E-13));
#8573=DIRECTION('ref_axis',(-4.71484343495036E-16,1.,-5.47079666113152E-14));
#8574=DIRECTION('',(-2.12523875749632E-13,5.47079666113151E-14,1.));
#8575=DIRECTION('',(4.71484343495036E-16,-1.,5.47079666113152E-14));
#8576=DIRECTION('',(-2.12523875749632E-13,5.47079666113151E-14,1.));
#8577=DIRECTION('',(-4.71484343495036E-16,1.,-5.47079666113152E-14));
#8578=DIRECTION('center_axis',(2.13541301376709E-13,-5.47079666113151E-14,
-1.));
#8579=DIRECTION('ref_axis',(-4.71484343495036E-16,1.,-5.47079666113152E-14));
#8580=DIRECTION('',(1.,4.71484343506686E-16,2.12949244461089E-13));
#8581=DIRECTION('',(1.,4.71484343506686E-16,2.12949244461089E-13));
#8582=DIRECTION('',(-4.71484343495036E-16,1.,-5.47079666113152E-14));
#8583=DIRECTION('center_axis',(2.11446424566919E-13,-5.47079666113151E-14,
-1.));
#8584=DIRECTION('ref_axis',(-4.71484343495036E-16,1.,-5.47079666113152E-14));
#8585=DIRECTION('',(1.,4.71484343506587E-16,2.11144738235759E-13));
#8586=DIRECTION('',(1.,4.71484343506587E-16,2.11144738235759E-13));
#8587=DIRECTION('',(-4.71484343495036E-16,1.,-5.47079666113152E-14));
#8588=DIRECTION('center_axis',(1.,4.71484343506663E-16,2.12523875749632E-13));
#8589=DIRECTION('ref_axis',(-4.71484343495036E-16,1.,-5.47079666113152E-14));
#8590=DIRECTION('',(-2.12523875749632E-13,5.47079666113151E-14,1.));
#8591=DIRECTION('',(-2.12523875749632E-13,5.47079666113151E-14,1.));
#8592=DIRECTION('',(-4.71484343495036E-16,1.,-5.47079666113152E-14));
#8593=DIRECTION('center_axis',(2.11446424566919E-13,-5.47079666113151E-14,
-1.));
#8594=DIRECTION('ref_axis',(-4.71484343495036E-16,1.,-5.47079666113152E-14));
#8595=DIRECTION('',(1.,4.71484343506625E-16,2.11834306992696E-13));
#8596=DIRECTION('',(1.,4.71484343506625E-16,2.11834306992696E-13));
#8597=DIRECTION('center_axis',(4.71484343495036E-16,-1.,5.47079666113152E-14));
#8598=DIRECTION('ref_axis',(2.12523875749632E-13,-5.47079666113151E-14,
-1.));
#8599=DIRECTION('',(-0.707106781186396,-3.90177639523051E-14,-0.707106781186699));
#8600=DIRECTION('',(0.707106781186697,-3.83509843992713E-14,-0.707106781186398));
#8601=DIRECTION('',(0.707106781186397,3.9017763952305E-14,0.707106781186698));
#8602=DIRECTION('',(-0.707106781186698,3.83509843992713E-14,0.707106781186397));
#8603=DIRECTION('',(0.707106781186398,3.9017763952305E-14,0.707106781186697));
#8604=DIRECTION('',(-0.707106781186698,3.83509843992713E-14,0.707106781186397));
#8605=DIRECTION('center_axis',(4.71484343495036E-16,-1.,5.47079666113152E-14));
#8606=DIRECTION('ref_axis',(2.12523875749632E-13,-5.47079666113151E-14,
-1.));
#8607=DIRECTION('',(-0.707106781186397,-3.9017763952305E-14,-0.707106781186698));
#8608=DIRECTION('',(0.707106781186698,-3.83509843992713E-14,-0.707106781186397));
#8609=DIRECTION('',(-0.707106781186398,-3.9017763952305E-14,-0.707106781186697));
#8610=DIRECTION('',(-0.707106781186697,3.83509843992713E-14,0.707106781186398));
#8611=DIRECTION('',(0.707106781186396,3.90177639523051E-14,0.707106781186699));
#8612=DIRECTION('',(0.707106781186699,-3.83509843992713E-14,-0.707106781186396));
#8613=DIRECTION('center_axis',(-0.707106781186699,3.83509843992712E-14,
0.707106781186396));
#8614=DIRECTION('ref_axis',(4.71484343495036E-16,-1.,5.47079666113152E-14));
#8615=DIRECTION('center_axis',(0.707106781186397,3.9017763952305E-14,0.707106781186698));
#8616=DIRECTION('ref_axis',(4.71484343495036E-16,-1.,5.47079666113152E-14));
#8617=DIRECTION('center_axis',(-0.707106781186397,-3.9017763952305E-14,
-0.707106781186698));
#8618=DIRECTION('ref_axis',(-4.71484343495036E-16,1.,-5.47079666113152E-14));
#8619=DIRECTION('center_axis',(0.707106781186698,-3.83509843992713E-14,
-0.707106781186397));
#8620=DIRECTION('ref_axis',(-4.71484343495036E-16,1.,-5.47079666113152E-14));
#8621=DIRECTION('center_axis',(-0.707106781186397,-3.9017763952305E-14,
-0.707106781186698));
#8622=DIRECTION('ref_axis',(-4.71484343495036E-16,1.,-5.47079666113152E-14));
#8623=DIRECTION('center_axis',(0.707106781186698,-3.83509843992713E-14,
-0.707106781186397));
#8624=DIRECTION('ref_axis',(-4.71484343495036E-16,1.,-5.47079666113152E-14));
#8625=DIRECTION('center_axis',(4.71484343495036E-16,-1.,5.47079666113152E-14));
#8626=DIRECTION('ref_axis',(-2.12523875749632E-13,5.47079666113151E-14,
1.));
#8627=DIRECTION('center_axis',(-4.71484343495036E-16,1.,-5.47079666113152E-14));
#8628=DIRECTION('ref_axis',(-2.12523875749632E-13,5.47079666113151E-14,
1.));
#8629=DIRECTION('',(4.71484343495036E-16,-1.,5.47079666113152E-14));
#8630=DIRECTION('center_axis',(-4.71484343495036E-16,1.,-5.47079666113152E-14));
#8631=DIRECTION('ref_axis',(-2.12523875749632E-13,5.47079666113151E-14,
1.));
#8632=DIRECTION('',(4.71484343495036E-16,-1.,5.47079666113152E-14));
#8633=DIRECTION('center_axis',(-4.71484343495036E-16,1.,-5.47079666113152E-14));
#8634=DIRECTION('ref_axis',(2.12523875749632E-13,-5.47079666113151E-14,
-1.));
#8635=DIRECTION('center_axis',(4.71484343495036E-16,-1.,5.47079666113152E-14));
#8636=DIRECTION('ref_axis',(-2.12523875749632E-13,5.47079666113151E-14,
1.));
#8637=DIRECTION('',(-4.71484343495036E-16,1.,-5.47079666113152E-14));
#8638=DIRECTION('center_axis',(4.71484343495036E-16,-1.,5.47079666113152E-14));
#8639=DIRECTION('ref_axis',(-2.12523875749632E-13,5.47079666113151E-14,
1.));
#8640=DIRECTION('center_axis',(4.71484343495036E-16,-1.,5.47079666113152E-14));
#8641=DIRECTION('ref_axis',(-2.12523875749632E-13,5.47079666113151E-14,
1.));
#8642=DIRECTION('',(4.71484343495036E-16,-1.,5.47079666113152E-14));
#8643=DIRECTION('center_axis',(4.71484343495036E-16,-1.,5.47079666113152E-14));
#8644=DIRECTION('ref_axis',(-2.14356501322049E-13,5.47079666113151E-14,
1.));
#8645=DIRECTION('',(4.71484343495036E-16,-1.,5.47079666113152E-14));
#8646=DIRECTION('center_axis',(4.71484343495036E-16,-1.,5.47079666113152E-14));
#8647=DIRECTION('ref_axis',(-2.07192601357146E-13,5.47079666113151E-14,
1.));
#8648=DIRECTION('',(4.71484343495036E-16,-1.,5.47079666113152E-14));
#8649=DIRECTION('center_axis',(4.71484343495036E-16,-1.,5.47079666113152E-14));
#8650=DIRECTION('ref_axis',(-2.12523875749632E-13,5.47079666113151E-14,
1.));
#8651=DIRECTION('',(4.71484343495036E-16,-1.,5.47079666113152E-14));
#8652=DIRECTION('center_axis',(-4.71484343495036E-16,1.,-5.47079666113152E-14));
#8653=DIRECTION('ref_axis',(2.12523875749632E-13,-5.47079666113151E-14,
-1.));
#8654=DIRECTION('center_axis',(4.71484343495036E-16,-1.,5.47079666113152E-14));
#8655=DIRECTION('ref_axis',(-2.12523875749632E-13,5.47079666113151E-14,
1.));
#8656=DIRECTION('',(-4.71484343495036E-16,1.,-5.47079666113152E-14));
#8657=DIRECTION('center_axis',(-4.71484343495036E-16,1.,-5.47079666113152E-14));
#8658=DIRECTION('ref_axis',(-2.12523875749632E-13,5.47079666113151E-14,
1.));
#8659=DIRECTION('center_axis',(-4.71484343495036E-16,1.,-5.47079666113152E-14));
#8660=DIRECTION('ref_axis',(2.12523875749632E-13,-5.47079666113151E-14,
-1.));
#8661=DIRECTION('center_axis',(-4.71484343495036E-16,1.,-5.47079666113152E-14));
#8662=DIRECTION('ref_axis',(-2.12523875749632E-13,5.47079666113151E-14,
1.));
#8663=DIRECTION('',(4.71484343495036E-16,-1.,5.47079666113152E-14));
#8664=DIRECTION('center_axis',(4.71484343495036E-16,-1.,5.47079666113152E-14));
#8665=DIRECTION('ref_axis',(-2.12523875749632E-13,5.47079666113151E-14,
1.));
#8666=DIRECTION('',(4.71484343495036E-16,-1.,5.47079666113152E-14));
#8667=DIRECTION('center_axis',(-4.71484343495036E-16,1.,-5.47079666113152E-14));
#8668=DIRECTION('ref_axis',(-2.12523875749632E-13,5.47079666113151E-14,
1.));
#8669=DIRECTION('',(4.71484343495036E-16,-1.,5.47079666113152E-14));
#8670=DIRECTION('center_axis',(4.71484343495036E-16,-1.,5.47079666113152E-14));
#8671=DIRECTION('ref_axis',(-2.11690864125806E-13,5.47079666113151E-14,
1.));
#8672=DIRECTION('',(4.71484343495036E-16,-1.,5.47079666113152E-14));
#8673=DIRECTION('center_axis',(-4.71484343495036E-16,1.,-5.47079666113152E-14));
#8674=DIRECTION('ref_axis',(-2.12523875749632E-13,5.47079666113151E-14,
1.));
#8675=DIRECTION('',(-4.71484343495036E-16,1.,-5.47079666113152E-14));
#8676=DIRECTION('center_axis',(-4.71484343495036E-16,1.,-5.47079666113152E-14));
#8677=DIRECTION('ref_axis',(-2.12523875749632E-13,5.47079666113151E-14,
1.));
#8678=DIRECTION('center_axis',(4.71484343495036E-16,-1.,5.47079666113152E-14));
#8679=DIRECTION('ref_axis',(2.12523875749632E-13,-5.47079666113151E-14,
-1.));
#8680=DIRECTION('',(2.12523875749632E-13,-5.47079666113151E-14,-1.));
#8681=DIRECTION('',(-1.,-4.71484343506663E-16,-2.12523875749632E-13));
#8682=DIRECTION('',(-2.1259710719745E-13,5.47079666113151E-14,1.));
#8683=DIRECTION('',(0.7071067811867,-3.83509843992712E-14,-0.707106781186395));
#8684=DIRECTION('',(1.,4.71484343506663E-16,2.12523875749632E-13));
#8685=DIRECTION('',(0.707106781186397,3.9017763952305E-14,0.707106781186698));
#8686=DIRECTION('',(-2.12523875749632E-13,5.47079666113151E-14,1.));
#8687=DIRECTION('',(-1.,-4.71484343506663E-16,-2.12523875749632E-13));
#8688=DIRECTION('center_axis',(1.,4.71484343506663E-16,2.12523875749632E-13));
#8689=DIRECTION('ref_axis',(-4.71484343495036E-16,1.,-5.47079666113152E-14));
#8690=DIRECTION('',(4.71484343495036E-16,-1.,5.47079666113152E-14));
#8691=DIRECTION('',(4.71484343495036E-16,-1.,5.47079666113152E-14));
#8692=DIRECTION('',(-2.12523875749632E-13,5.47079666113151E-14,1.));
#8693=DIRECTION('',(-4.71484343495036E-16,1.,-5.47079666113152E-14));
#8694=DIRECTION('',(-2.12523875749632E-13,5.47079666113151E-14,1.));
#8695=DIRECTION('',(4.71484343495036E-16,-1.,5.47079666113152E-14));
#8696=DIRECTION('',(-2.12523875749632E-13,5.47079666113151E-14,1.));
#8697=DIRECTION('center_axis',(4.71484343495036E-16,-1.,5.47079666113152E-14));
#8698=DIRECTION('ref_axis',(2.12523875749632E-13,-5.47079666113151E-14,
-1.));
#8699=DIRECTION('',(-1.,-4.71484343506663E-16,-2.12523875749632E-13));
#8700=DIRECTION('',(-2.12523875749632E-13,5.47079666113151E-14,1.));
#8701=DIRECTION('center_axis',(4.71484343495036E-16,-1.,5.47079666113152E-14));
#8702=DIRECTION('ref_axis',(-2.12523875749632E-13,5.47079666113151E-14,
1.));
#8703=DIRECTION('',(-2.12523875749632E-13,5.47079666113151E-14,1.));
#8704=DIRECTION('',(-1.,-4.71484343506759E-16,-2.14288129781015E-13));
#8705=DIRECTION('',(-0.707106781186701,3.83509843992711E-14,0.707106781186394));
#8706=DIRECTION('',(1.,4.71484343506663E-16,2.12523875749632E-13));
#8707=DIRECTION('center_axis',(4.71484343495036E-16,-1.,5.47079666113152E-14));
#8708=DIRECTION('ref_axis',(-2.12523875749632E-13,5.47079666113151E-14,
1.));
#8709=DIRECTION('',(2.12523875749632E-13,-5.47079666113151E-14,-1.));
#8710=DIRECTION('',(1.,4.71484343506663E-16,2.12523875749632E-13));
#8711=DIRECTION('',(2.12523875749632E-13,-5.47079666113151E-14,-1.));
#8712=DIRECTION('center_axis',(4.71484343495036E-16,-1.,5.47079666113152E-14));
#8713=DIRECTION('ref_axis',(-2.14258599225609E-13,5.47079666113151E-14,
1.));
#8714=DIRECTION('',(1.,4.71484343506625E-16,2.11834306992696E-13));
#8715=DIRECTION('',(-2.12523875749632E-13,5.47079666113151E-14,1.));
#8716=DIRECTION('',(1.,4.71484343506587E-16,2.11144738235759E-13));
#8717=DIRECTION('center_axis',(-4.71484343495036E-16,1.,-5.47079666113152E-14));
#8718=DIRECTION('ref_axis',(-2.12523875749632E-13,5.47079666113151E-14,
1.));
#8719=DIRECTION('',(-2.12523875749632E-13,5.47079666113151E-14,1.));
#8720=DIRECTION('',(1.,4.71484343506663E-16,2.12523875749632E-13));
#8721=DIRECTION('',(-2.12523875749632E-13,5.47079666113151E-14,1.));
#8722=DIRECTION('center_axis',(-4.71484343495036E-16,1.,-5.47079666113152E-14));
#8723=DIRECTION('ref_axis',(-2.12523875749632E-13,5.47079666113151E-14,
1.));
#8724=DIRECTION('',(1.,4.71484343506686E-16,2.12949244461089E-13));
#8725=DIRECTION('',(0.707106781186393,3.90177639523052E-14,0.707106781186702));
#8726=DIRECTION('',(-2.12523875749632E-13,5.47079666113151E-14,1.));
#8727=DIRECTION('',(-1.,-4.71484343506566E-16,-2.10759621718249E-13));
#8728=DIRECTION('',(2.12523875749632E-13,-5.47079666113151E-14,-1.));
#8729=DIRECTION('',(2.12523875749632E-13,-5.47079666113151E-14,-1.));
#8730=DIRECTION('',(-1.,-4.71484343506607E-16,-2.11511760791569E-13));
#8731=DIRECTION('',(2.12437410968508E-13,-5.47079666113151E-14,-1.));
#8732=DIRECTION('center_axis',(1.,4.71484343506663E-16,2.12523875749632E-13));
#8733=DIRECTION('ref_axis',(-4.71484343495036E-16,1.,-5.47079666113152E-14));
#8734=DIRECTION('',(4.71484343495036E-16,-1.,5.47079666113152E-14));
#8735=DIRECTION('',(4.71484343495036E-16,-1.,5.47079666113152E-14));
#8736=DIRECTION('',(-2.12523875749632E-13,5.47079666113151E-14,1.));
#8737=DIRECTION('',(-4.71484343495036E-16,1.,-5.47079666113152E-14));
#8738=DIRECTION('',(-2.12523875749632E-13,5.47079666113151E-14,1.));
#8739=DIRECTION('',(4.71484343495036E-16,-1.,5.47079666113152E-14));
#8740=DIRECTION('',(-2.12523875749632E-13,5.47079666113151E-14,1.));
#8741=DIRECTION('center_axis',(4.71484343495036E-16,-1.,5.47079666113152E-14));
#8742=DIRECTION('ref_axis',(2.12523875749632E-13,-5.47079666113151E-14,
-1.));
#8743=DIRECTION('',(-1.,-4.71484343506663E-16,-2.12523875749632E-13));
#8744=DIRECTION('',(-0.707106781186699,3.83509843992712E-14,0.707106781186396));
#8745=DIRECTION('',(1.,4.71484343506663E-16,2.12523875749632E-13));
#8746=DIRECTION('',(-0.707106781186396,-3.90177639523051E-14,-0.707106781186699));
#8747=DIRECTION('',(-2.12670338645269E-13,5.47079666113151E-14,1.));
#8748=DIRECTION('',(-1.,-4.71484343506663E-16,-2.12523875749632E-13));
#8749=DIRECTION('',(2.12523875749632E-13,-5.47079666113151E-14,-1.));
#8750=DIRECTION('center_axis',(2.11446424566919E-13,-5.47079666113151E-14,
-1.));
#8751=DIRECTION('ref_axis',(-4.71484343495036E-16,1.,-5.47079666113152E-14));
#8752=DIRECTION('',(1.,4.71484343506625E-16,2.11834306992696E-13));
#8753=DIRECTION('',(-4.71484343495036E-16,1.,-5.47079666113152E-14));
#8754=DIRECTION('',(-4.71484343495036E-16,1.,-5.47079666113152E-14));
#8755=DIRECTION('center_axis',(-4.71484343495036E-16,1.,-5.47079666113152E-14));
#8756=DIRECTION('ref_axis',(2.12523875749632E-13,-5.47079666113151E-14,
-1.));
#8757=DIRECTION('center_axis',(4.71484343495036E-16,-1.,5.47079666113152E-14));
#8758=DIRECTION('ref_axis',(-2.14258599225609E-13,5.47079666113151E-14,
1.));
#8759=DIRECTION('',(-4.71484343495036E-16,1.,-5.47079666113152E-14));
#8760=DIRECTION('center_axis',(-1.,-4.71484343506663E-16,-2.12523875749632E-13));
#8761=DIRECTION('ref_axis',(4.71484343495036E-16,-1.,5.47079666113152E-14));
#8762=DIRECTION('',(2.12523875749632E-13,-5.47079666113151E-14,-1.));
#8763=DIRECTION('',(-4.71484343495036E-16,1.,-5.47079666113152E-14));
#8764=DIRECTION('center_axis',(2.12523875749632E-13,-5.47079666113151E-14,
-1.));
#8765=DIRECTION('ref_axis',(-4.71484343495036E-16,1.,-5.47079666113152E-14));
#8766=DIRECTION('',(1.,4.71484343506663E-16,2.12523875749632E-13));
#8767=DIRECTION('',(-4.71484343495036E-16,1.,-5.47079666113152E-14));
#8768=DIRECTION('center_axis',(-1.,-4.71484343506663E-16,-2.12523875749632E-13));
#8769=DIRECTION('ref_axis',(4.71484343495036E-16,-1.,5.47079666113152E-14));
#8770=DIRECTION('',(2.12523875749632E-13,-5.47079666113151E-14,-1.));
#8771=DIRECTION('',(-4.71484343495036E-16,1.,-5.47079666113152E-14));
#8772=DIRECTION('center_axis',(-4.71484343495036E-16,1.,-5.47079666113152E-14));
#8773=DIRECTION('ref_axis',(2.12523875749632E-13,-5.47079666113151E-14,
-1.));
#8774=DIRECTION('center_axis',(4.71484343495036E-16,-1.,5.47079666113152E-14));
#8775=DIRECTION('ref_axis',(-2.12523875749632E-13,5.47079666113151E-14,
1.));
#8776=DIRECTION('',(-4.71484343495036E-16,1.,-5.47079666113152E-14));
#8777=DIRECTION('center_axis',(2.12523875749632E-13,-5.47079666113151E-14,
-1.));
#8778=DIRECTION('ref_axis',(-4.71484343495036E-16,1.,-5.47079666113152E-14));
#8779=DIRECTION('',(1.,4.71484343506663E-16,2.12523875749632E-13));
#8780=DIRECTION('',(4.71484343495036E-16,-1.,5.47079666113152E-14));
#8781=DIRECTION('center_axis',(2.12740716184129E-13,-5.47079666113151E-14,
-1.));
#8782=DIRECTION('ref_axis',(-4.71484343495036E-16,1.,-5.47079666113152E-14));
#8783=DIRECTION('',(4.71484343495036E-16,-1.,5.47079666113152E-14));
#8784=DIRECTION('',(1.,4.71484343506663E-16,2.12523875749632E-13));
#8785=DIRECTION('',(-4.71484343495036E-16,1.,-5.47079666113152E-14));
#8786=DIRECTION('center_axis',(1.,4.71484343506663E-16,2.12523875749632E-13));
#8787=DIRECTION('ref_axis',(-4.71484343495036E-16,1.,-5.47079666113152E-14));
#8788=DIRECTION('',(4.71484343495036E-16,-1.,5.47079666113152E-14));
#8789=DIRECTION('',(4.71484343495036E-16,-1.,5.47079666113152E-14));
#8790=DIRECTION('',(-2.12616394335017E-13,5.47079666113151E-14,1.));
#8791=DIRECTION('',(-4.71484343495036E-16,1.,-5.47079666113152E-14));
#8792=DIRECTION('',(4.71484343495036E-16,-1.,5.47079666113152E-14));
#8793=DIRECTION('',(2.12523875749632E-13,-5.47079666113151E-14,-1.));
#8794=DIRECTION('center_axis',(2.12307035315135E-13,-5.47079666113151E-14,
-1.));
#8795=DIRECTION('ref_axis',(-4.71484343495036E-16,1.,-5.47079666113152E-14));
#8796=DIRECTION('',(1.,4.71484343506663E-16,2.12523875749632E-13));
#8797=DIRECTION('',(-4.71484343495036E-16,1.,-5.47079666113152E-14));
#8798=DIRECTION('',(4.71484343495036E-16,-1.,5.47079666113152E-14));
#8799=DIRECTION('center_axis',(2.13541301376709E-13,-5.47079666113151E-14,
-1.));
#8800=DIRECTION('ref_axis',(-4.71484343495036E-16,1.,-5.47079666113152E-14));
#8801=DIRECTION('',(-4.71484343495036E-16,1.,-5.47079666113152E-14));
#8802=DIRECTION('',(1.,4.71484343506686E-16,2.12949244461089E-13));
#8803=DIRECTION('',(-4.71484343495036E-16,1.,-5.47079666113152E-14));
#8804=DIRECTION('center_axis',(-4.71484343495036E-16,1.,-5.47079666113152E-14));
#8805=DIRECTION('ref_axis',(2.12523875749632E-13,-5.47079666113151E-14,
-1.));
#8806=DIRECTION('center_axis',(-4.71484343495036E-16,1.,-5.47079666113152E-14));
#8807=DIRECTION('ref_axis',(-2.12523875749632E-13,5.47079666113151E-14,
1.));
#8808=DIRECTION('',(-4.71484343495036E-16,1.,-5.47079666113152E-14));
#8809=DIRECTION('center_axis',(1.,4.71484343506663E-16,2.12523875749632E-13));
#8810=DIRECTION('ref_axis',(-4.71484343495036E-16,1.,-5.47079666113152E-14));
#8811=DIRECTION('',(-2.12523875749632E-13,5.47079666113151E-14,1.));
#8812=DIRECTION('',(-4.71484343495036E-16,1.,-5.47079666113152E-14));
#8813=DIRECTION('center_axis',(2.12523875749632E-13,-5.47079666113151E-14,
-1.));
#8814=DIRECTION('ref_axis',(-4.71484343495036E-16,1.,-5.47079666113152E-14));
#8815=DIRECTION('',(1.,4.71484343506663E-16,2.12523875749632E-13));
#8816=DIRECTION('',(-4.71484343495036E-16,1.,-5.47079666113152E-14));
#8817=DIRECTION('center_axis',(1.,4.71484343506663E-16,2.12523875749632E-13));
#8818=DIRECTION('ref_axis',(-4.71484343495036E-16,1.,-5.47079666113152E-14));
#8819=DIRECTION('',(-2.12523875749632E-13,5.47079666113151E-14,1.));
#8820=DIRECTION('',(-4.71484343495036E-16,1.,-5.47079666113152E-14));
#8821=DIRECTION('center_axis',(-4.71484343495036E-16,1.,-5.47079666113152E-14));
#8822=DIRECTION('ref_axis',(2.12523875749632E-13,-5.47079666113151E-14,
-1.));
#8823=DIRECTION('center_axis',(-4.71484343495036E-16,1.,-5.47079666113152E-14));
#8824=DIRECTION('ref_axis',(-2.12523875749632E-13,5.47079666113151E-14,
1.));
#8825=DIRECTION('',(-4.71484343495036E-16,1.,-5.47079666113152E-14));
#8826=DIRECTION('center_axis',(2.11446424566919E-13,-5.47079666113151E-14,
-1.));
#8827=DIRECTION('ref_axis',(-4.71484343495036E-16,1.,-5.47079666113152E-14));
#8828=DIRECTION('',(1.,4.71484343506587E-16,2.11144738235759E-13));
#8829=DIRECTION('',(-4.71484343495036E-16,1.,-5.47079666113152E-14));
#8830=DIRECTION('center_axis',(1.,4.71484343506663E-16,2.12523875749632E-13));
#8831=DIRECTION('ref_axis',(-4.71484343495036E-16,1.,-5.47079666113152E-14));
#8832=DIRECTION('',(-2.12523875749632E-13,5.47079666113151E-14,1.));
#8833=DIRECTION('center_axis',(4.71484343495036E-16,-1.,5.47079666113152E-14));
#8834=DIRECTION('ref_axis',(2.12523875749632E-13,-5.47079666113151E-14,
-1.));
#8835=DIRECTION('',(-0.707106781186397,-3.9017763952305E-14,-0.707106781186698));
#8836=DIRECTION('',(-0.707106781186699,3.83509843992713E-14,0.707106781186396));
#8837=DIRECTION('',(0.707106781186396,3.90177639523051E-14,0.707106781186699));
#8838=DIRECTION('',(0.7071067811867,-3.83509843992712E-14,-0.707106781186395));
#8839=DIRECTION('',(-0.707106781186395,-3.90177639523051E-14,-0.7071067811867));
#8840=DIRECTION('',(0.7071067811867,-3.83509843992712E-14,-0.707106781186395));
#8841=DIRECTION('center_axis',(0.707106781186396,3.90177639523051E-14,0.707106781186699));
#8842=DIRECTION('ref_axis',(4.71484343495036E-16,-1.,5.47079666113152E-14));
#8843=DIRECTION('center_axis',(-0.707106781186699,3.83509843992712E-14,
0.707106781186396));
#8844=DIRECTION('ref_axis',(4.71484343495036E-16,-1.,5.47079666113152E-14));
#8845=DIRECTION('center_axis',(-0.707106781186394,-3.90177639523052E-14,
-0.707106781186701));
#8846=DIRECTION('ref_axis',(-4.71484343495036E-16,1.,-5.47079666113152E-14));
#8847=DIRECTION('center_axis',(0.707106781186699,-3.83509843992712E-14,
-0.707106781186396));
#8848=DIRECTION('ref_axis',(-4.71484343495036E-16,1.,-5.47079666113152E-14));
#8849=DIRECTION('center_axis',(0.707106781186701,-3.83509843992711E-14,
-0.707106781186394));
#8850=DIRECTION('ref_axis',(-4.71484343495036E-16,1.,-5.47079666113152E-14));
#8851=DIRECTION('center_axis',(-0.707106781186396,-3.90177639523051E-14,
-0.707106781186699));
#8852=DIRECTION('ref_axis',(-4.71484343495036E-16,1.,-5.47079666113152E-14));
#8853=DIRECTION('center_axis',(2.12523875749632E-13,-5.47079666113151E-14,
-1.));
#8854=DIRECTION('ref_axis',(-4.71484343495036E-16,1.,-5.47079666113152E-14));
#8855=DIRECTION('',(-1.,-4.71484343506663E-16,-2.12523875749632E-13));
#8856=DIRECTION('',(4.71484343495036E-16,-1.,5.47079666113152E-14));
#8857=DIRECTION('center_axis',(2.12523875749632E-13,-5.47079666113151E-14,
-1.));
#8858=DIRECTION('ref_axis',(-4.71484343495036E-16,1.,-5.47079666113152E-14));
#8859=DIRECTION('',(4.71484343495036E-16,-1.,5.47079666113152E-14));
#8860=DIRECTION('',(-1.,-4.71484343506663E-16,-2.12523875749632E-13));
#8861=DIRECTION('center_axis',(1.,4.71484343506663E-16,2.12523875749632E-13));
#8862=DIRECTION('ref_axis',(-4.71484343495036E-16,1.,-5.47079666113152E-14));
#8863=DIRECTION('',(2.12523875749632E-13,-5.47079666113151E-14,-1.));
#8864=DIRECTION('center_axis',(1.,4.71484343506663E-16,2.12523875749632E-13));
#8865=DIRECTION('ref_axis',(-4.71484343495036E-16,1.,-5.47079666113152E-14));
#8866=DIRECTION('',(2.12437410968508E-13,-5.47079666113151E-14,-1.));
#8867=DIRECTION('center_axis',(1.,4.71484343506663E-16,2.12523875749632E-13));
#8868=DIRECTION('ref_axis',(-4.71484343495036E-16,1.,-5.47079666113152E-14));
#8869=DIRECTION('',(2.12523875749632E-13,-5.47079666113151E-14,-1.));
#8870=DIRECTION('center_axis',(4.71484343495036E-16,-1.,5.47079666113152E-14));
#8871=DIRECTION('ref_axis',(2.12523875749632E-13,-5.47079666113151E-14,
-1.));
#8872=DIRECTION('center_axis',(1.,4.71484343506663E-16,2.12523875749632E-13));
#8873=DIRECTION('ref_axis',(-4.71484343495036E-16,1.,-5.47079666113152E-14));
#8874=DIRECTION('',(4.71484343495036E-16,-1.,5.47079666113152E-14));
#8875=DIRECTION('',(2.12523875749632E-13,-5.47079666113151E-14,-1.));
#8876=DIRECTION('center_axis',(2.11113868048316E-13,-5.47079666113151E-14,
-1.));
#8877=DIRECTION('ref_axis',(-4.71484343495036E-16,1.,-5.47079666113152E-14));
#8878=DIRECTION('',(-1.,-4.71484343506566E-16,-2.10759621718249E-13));
#8879=DIRECTION('center_axis',(2.12523875749632E-13,-5.47079666113151E-14,
-1.));
#8880=DIRECTION('ref_axis',(-4.71484343495036E-16,1.,-5.47079666113152E-14));
#8881=DIRECTION('',(-1.,-4.71484343506663E-16,-2.12523875749632E-13));
#8882=DIRECTION('center_axis',(2.11078272852985E-13,-5.47079666113151E-14,
-1.));
#8883=DIRECTION('ref_axis',(-4.71484343495036E-16,1.,-5.47079666113152E-14));
#8884=DIRECTION('',(4.71484343495036E-16,-1.,5.47079666113152E-14));
#8885=DIRECTION('',(-1.,-4.71484343506607E-16,-2.11511760791569E-13));
#8886=DIRECTION('center_axis',(1.,4.71484343506663E-16,2.12523875749632E-13));
#8887=DIRECTION('ref_axis',(-4.71484343495036E-16,1.,-5.47079666113152E-14));
#8888=DIRECTION('',(2.12523875749632E-13,-5.47079666113151E-14,-1.));
#8889=DIRECTION('center_axis',(4.71484343495036E-16,-1.,5.47079666113152E-14));
#8890=DIRECTION('ref_axis',(2.12523875749632E-13,-5.47079666113151E-14,
-1.));
#8891=DIRECTION('center_axis',(4.71484343495036E-16,-1.,5.47079666113152E-14));
#8892=DIRECTION('ref_axis',(0.0500627750600306,-5.4615763006269E-14,-0.998746073110322));
#8893=DIRECTION('',(4.71484343495036E-16,-1.,5.47079666113152E-14));
#8894=DIRECTION('center_axis',(4.71484343495036E-16,-1.,5.47079666113152E-14));
#8895=DIRECTION('ref_axis',(-2.12523875749632E-13,5.47079666113151E-14,
1.));
#8896=DIRECTION('',(4.71484343495036E-16,-1.,5.47079666113152E-14));
#8897=DIRECTION('center_axis',(-1.,-4.71484343506663E-16,-2.12523875749632E-13));
#8898=DIRECTION('ref_axis',(4.71484343495036E-16,-1.,5.47079666113152E-14));
#8899=DIRECTION('',(4.71484343495036E-16,-1.,5.47079666113152E-14));
#8900=DIRECTION('',(-2.12523875749632E-13,5.47079666113151E-14,1.));
#8901=DIRECTION('center_axis',(2.12042008117416E-13,-5.47079666113151E-14,
-1.));
#8902=DIRECTION('ref_axis',(-4.71484343495036E-16,1.,-5.47079666113152E-14));
#8903=DIRECTION('',(-1.,-4.71484343506663E-16,-2.12523875749632E-13));
#8904=DIRECTION('center_axis',(2.12523875749632E-13,-5.47079666113151E-14,
-1.));
#8905=DIRECTION('ref_axis',(-4.71484343495036E-16,1.,-5.47079666113152E-14));
#8906=DIRECTION('',(-1.,-4.71484343506663E-16,-2.12523875749632E-13));
#8907=DIRECTION('center_axis',(2.13933883450948E-13,-5.47079666113151E-14,
-1.));
#8908=DIRECTION('ref_axis',(-4.71484343495036E-16,1.,-5.47079666113152E-14));
#8909=DIRECTION('',(4.71484343495036E-16,-1.,5.47079666113152E-14));
#8910=DIRECTION('',(-1.,-4.71484343506759E-16,-2.14288129781015E-13));
#8911=DIRECTION('center_axis',(-1.,-4.71484343506663E-16,-2.12523875749632E-13));
#8912=DIRECTION('ref_axis',(4.71484343495036E-16,-1.,5.47079666113152E-14));
#8913=DIRECTION('',(-2.12523875749632E-13,5.47079666113151E-14,1.));
#8914=DIRECTION('center_axis',(4.71484343495036E-16,-1.,5.47079666113152E-14));
#8915=DIRECTION('ref_axis',(2.12523875749632E-13,-5.47079666113151E-14,
-1.));
#8916=DIRECTION('center_axis',(0.,1.,-6.55106997348696E-14));
#8917=DIRECTION('ref_axis',(-2.18368999116232E-13,6.55106997348696E-14,
1.));
#8918=DIRECTION('center_axis',(-6.51147833419123E-15,-1.,5.47079666113137E-14));
#8919=DIRECTION('ref_axis',(-2.12523875749632E-13,5.47079666113151E-14,
1.));
#8920=DIRECTION('center_axis',(-1.,-4.71484343506983E-16,-2.1836899911623E-13));
#8921=DIRECTION('ref_axis',(2.1836899911623E-13,-5.45922497790574E-14,-1.));
#8922=DIRECTION('center_axis',(2.11674065671541E-13,0.0871557427476039,
-0.99619469809175));
#8923=DIRECTION('ref_axis',(1.89923664457933E-14,-0.99619469809175,-0.0871557427476039));
#8924=DIRECTION('center_axis',(-0.996194698091746,0.0871557427476579,-2.16483271703916E-13));
#8925=DIRECTION('ref_axis',(0.0871557427476579,0.996194698091746,-3.93256394945638E-14));
#8926=DIRECTION('center_axis',(2.11674065671541E-13,0.0871557427476039,
-0.99619469809175));
#8927=DIRECTION('ref_axis',(1.98264865346213E-14,-0.99619469809175,-0.0871557427476039));
#8928=DIRECTION('center_axis',(-0.996194698091746,0.0871557427476579,-2.16483271703916E-13));
#8929=DIRECTION('ref_axis',(0.0871557427476579,0.996194698091746,-2.53941600726994E-14));
#8930=DIRECTION('center_axis',(-2.11756250807843E-13,0.0871557427477129,
0.996194698091741));
#8931=DIRECTION('ref_axis',(2.15575972365663E-14,0.996194698091741,-0.0871557427477128));
#8932=DIRECTION('center_axis',(-0.996194698091746,0.0871557427476579,-2.16483271703916E-13));
#8933=DIRECTION('ref_axis',(0.0871557427476579,0.996194698091746,-3.59771100390022E-14));
#8934=DIRECTION('center_axis',(-2.06915791585427E-13,0.0871557427477129,
0.996194698091741));
#8935=DIRECTION('ref_axis',(2.34079714387204E-14,0.996194698091741,-0.0871557427477128));
#8936=DIRECTION('center_axis',(0.996194698091746,0.0871557427476588,2.06947044775469E-13));
#8937=DIRECTION('ref_axis',(0.0871557427476588,-0.996194698091746,7.50218058295686E-14));
#8938=DIRECTION('center_axis',(-2.11756250807843E-13,0.0871557427477129,
0.996194698091741));
#8939=DIRECTION('ref_axis',(1.80529860393472E-14,0.996194698091741,-0.0871557427477128));
#8940=DIRECTION('center_axis',(0.996194698091746,0.0871557427476588,2.06947044775469E-13));
#8941=DIRECTION('ref_axis',(0.0871557427476588,-0.996194698091745,7.30224625241427E-14));
#8942=DIRECTION('center_axis',(2.11674065671541E-13,0.0871557427476039,
-0.99619469809175));
#8943=DIRECTION('ref_axis',(2.78340393873707E-14,-0.99619469809175,-0.0871557427476039));
#8944=DIRECTION('center_axis',(0.996194698091746,0.0871557427476588,2.06947044775469E-13));
#8945=DIRECTION('ref_axis',(0.0871557427476588,-0.996194698091746,7.3688910292618E-14));
#8946=DIRECTION('center_axis',(2.11674065671541E-13,0.0871557427476039,
-0.99619469809175));
#8947=DIRECTION('ref_axis',(1.89923664457933E-14,-0.99619469809175,-0.0871557427476039));
#8948=DIRECTION('center_axis',(6.51147833419123E-15,1.,-5.47079666113137E-14));
#8949=DIRECTION('ref_axis',(-2.12523875749632E-13,5.47079666113151E-14,
1.));
#8950=DIRECTION('center_axis',(2.11674065671541E-13,0.0871557427476039,
-0.99619469809175));
#8951=DIRECTION('ref_axis',(-1.89923664457933E-14,0.99619469809175,0.0871557427476039));
#8952=DIRECTION('',(-0.0868265938642671,0.992432509138972,0.0868265938641742));
#8953=DIRECTION('',(1.,4.71484343506663E-16,2.12523875749632E-13));
#8954=DIRECTION('',(0.0868265938642287,0.992432509138972,0.0868265938642118));
#8955=DIRECTION('center_axis',(-0.996194698091746,0.0871557427476579,-2.16483271703916E-13));
#8956=DIRECTION('ref_axis',(-0.0871557427476579,-0.996194698091746,3.59771100390022E-14));
#8957=DIRECTION('',(2.12523875749632E-13,-5.47079666113151E-14,-1.));
#8958=DIRECTION('',(0.086826593864229,0.992432509138972,0.0868265938642115));
#8959=DIRECTION('center_axis',(2.11674065671541E-13,0.0871557427476039,
-0.99619469809175));
#8960=DIRECTION('ref_axis',(-1.89923664457933E-14,0.99619469809175,0.0871557427476039));
#8961=DIRECTION('',(1.,4.71484343506663E-16,2.12523875749632E-13));
#8962=DIRECTION('',(0.0868265938642289,0.992432509138972,0.0868265938642126));
#8963=DIRECTION('center_axis',(-0.996194698091746,0.0871557427476579,-2.16483271703916E-13));
#8964=DIRECTION('ref_axis',(-0.0871557427476579,-0.996194698091746,3.59771100390022E-14));
#8965=DIRECTION('',(2.12523875749632E-13,-5.47079666113151E-14,-1.));
#8966=DIRECTION('',(0.0868265938642659,0.992432509138962,-0.0868265938642844));
#8967=DIRECTION('center_axis',(-2.11756250807843E-13,0.0871557427477129,
0.996194698091741));
#8968=DIRECTION('ref_axis',(-1.80529860393472E-14,-0.996194698091741,0.0871557427477129));
#8969=DIRECTION('',(-1.,-4.71484343506663E-16,-2.12523875749632E-13));
#8970=DIRECTION('',(0.0868265938642661,0.992432509138962,-0.0868265938642832));
#8971=DIRECTION('center_axis',(-0.996194698091746,0.0871557427476579,-2.16483271703916E-13));
#8972=DIRECTION('ref_axis',(-0.0871557427476579,-0.996194698091746,3.59771100390022E-14));
#8973=DIRECTION('',(2.12523875749632E-13,-5.47079666113151E-14,-1.));
#8974=DIRECTION('',(0.086826593864266,0.992432509138962,-0.0868265938642838));
#8975=DIRECTION('center_axis',(-2.06915791585427E-13,0.0871557427477129,
0.996194698091741));
#8976=DIRECTION('ref_axis',(-1.80529860393472E-14,-0.996194698091741,0.0871557427477129));
#8977=DIRECTION('',(-1.,-4.71484343506663E-16,-2.12523875749632E-13));
#8978=DIRECTION('',(-0.0868265938642295,0.992432509138962,-0.0868265938643196));
#8979=DIRECTION('center_axis',(0.996194698091746,0.0871557427476588,2.06947044775469E-13));
#8980=DIRECTION('ref_axis',(-0.0871557427476588,0.996194698091745,-7.30224625241427E-14));
#8981=DIRECTION('',(-2.12523875749632E-13,5.47079666113151E-14,1.));
#8982=DIRECTION('',(-0.0868265938642296,0.992432509138962,-0.0868265938643208));
#8983=DIRECTION('center_axis',(-2.11756250807843E-13,0.0871557427477129,
0.996194698091741));
#8984=DIRECTION('ref_axis',(-1.80529860393472E-14,-0.996194698091741,0.0871557427477129));
#8985=DIRECTION('',(-1.,-4.71484343506663E-16,-2.12523875749632E-13));
#8986=DIRECTION('',(-0.08682659386423,0.992432509138962,-0.0868265938643205));
#8987=DIRECTION('center_axis',(0.996194698091746,0.0871557427476588,2.06947044775469E-13));
#8988=DIRECTION('ref_axis',(-0.0871557427476588,0.996194698091745,-7.30224625241427E-14));
#8989=DIRECTION('',(-2.12523875749632E-13,5.47079666113151E-14,1.));
#8990=DIRECTION('',(-0.0868265938642669,0.992432509138972,0.0868265938641751));
#8991=DIRECTION('center_axis',(2.11674065671541E-13,0.0871557427476039,
-0.99619469809175));
#8992=DIRECTION('ref_axis',(-1.89923664457933E-14,0.99619469809175,0.0871557427476039));
#8993=DIRECTION('',(1.,4.71484343506663E-16,2.12523875749632E-13));
#8994=DIRECTION('',(-0.0868265938642667,0.992432509138972,0.0868265938641756));
#8995=DIRECTION('center_axis',(0.996194698091746,0.0871557427476588,2.06947044775469E-13));
#8996=DIRECTION('ref_axis',(-0.0871557427476588,0.996194698091745,-7.30224625241427E-14));
#8997=DIRECTION('',(-2.12523875749632E-13,5.47079666113151E-14,1.));
#8998=DIRECTION('center_axis',(4.71484343495036E-16,-1.,5.47079666113152E-14));
#8999=DIRECTION('ref_axis',(2.12523875749632E-13,-5.47079666113151E-14,
-1.));
#9000=DIRECTION('center_axis',(0.,1.,-6.55106997348696E-14));
#9001=DIRECTION('ref_axis',(-2.18368999116232E-13,6.55106997348696E-14,
1.));
#9002=DIRECTION('center_axis',(6.51147833419123E-15,1.,-5.47079666113137E-14));
#9003=DIRECTION('ref_axis',(-2.12523875749632E-13,5.47079666113151E-14,
1.));
#9004=DIRECTION('center_axis',(-1.,-4.71484343506983E-16,-2.1836899911623E-13));
#9005=DIRECTION('ref_axis',(2.1836899911623E-13,-5.45922497790574E-14,-1.));
#9006=DIRECTION('center_axis',(2.16514524893957E-13,0.0871557427476039,
-0.99619469809175));
#9007=DIRECTION('ref_axis',(1.89923664457933E-14,-0.99619469809175,-0.0871557427476039));
#9008=DIRECTION('center_axis',(-0.996194698091746,0.0871557427476579,-2.16483271703916E-13));
#9009=DIRECTION('ref_axis',(0.0871557427476579,0.996194698091746,-3.26285805834407E-14));
#9010=DIRECTION('center_axis',(2.11674065671541E-13,0.0871557427476039,
-0.99619469809175));
#9011=DIRECTION('ref_axis',(1.89923664457933E-14,-0.99619469809175,-0.0871557427476039));
#9012=DIRECTION('center_axis',(-0.996194698091746,0.0871557427476579,-2.16483271703916E-13));
#9013=DIRECTION('ref_axis',(0.0871557427476579,0.996194698091746,-3.59771100390022E-14));
#9014=DIRECTION('center_axis',(-2.11756250807843E-13,0.0871557427477129,
0.996194698091741));
#9015=DIRECTION('ref_axis',(1.80529860393472E-14,0.996194698091741,-0.0871557427477129));
#9016=DIRECTION('center_axis',(-0.996194698091746,0.0871557427476579,-2.16483271703916E-13));
#9017=DIRECTION('ref_axis',(0.0871557427476579,0.996194698091746,-1.99041686523069E-14));
#9018=DIRECTION('center_axis',(-2.11756250807843E-13,0.0871557427477129,
0.996194698091741));
#9019=DIRECTION('ref_axis',(1.80529860393472E-14,0.996194698091741,-0.0871557427477128));
#9020=DIRECTION('center_axis',(0.996194698091746,0.0871557427476588,2.06947044775469E-13));
#9021=DIRECTION('ref_axis',(0.0871557427476588,-0.996194698091746,6.56915370709146E-14));
#9022=DIRECTION('center_axis',(-2.11756250807843E-13,0.0871557427477129,
0.996194698091741));
#9023=DIRECTION('ref_axis',(2.15562904124251E-14,0.996194698091741,-0.0871557427477129));
#9024=DIRECTION('center_axis',(0.996194698091746,0.0871557427476588,2.06947044775469E-13));
#9025=DIRECTION('ref_axis',(0.0871557427476588,-0.996194698091745,7.30224625241427E-14));
#9026=DIRECTION('center_axis',(2.11674065671541E-13,0.0871557427476039,
-0.99619469809175));
#9027=DIRECTION('ref_axis',(1.63221864860073E-14,-0.99619469809175,-0.0871557427476039));
#9028=DIRECTION('center_axis',(0.996194698091746,0.0871557427476588,2.06947044775469E-13));
#9029=DIRECTION('ref_axis',(0.0871557427476588,-0.996194698091746,7.30224625241427E-14));
#9030=DIRECTION('center_axis',(2.16514524893957E-13,0.0871557427476039,
-0.99619469809175));
#9031=DIRECTION('ref_axis',(1.89923664457933E-14,-0.99619469809175,-0.0871557427476039));
#9032=DIRECTION('center_axis',(6.51147833419123E-15,1.,-5.47079666113137E-14));
#9033=DIRECTION('ref_axis',(-2.12523875749632E-13,5.47079666113151E-14,
1.));
#9034=DIRECTION('center_axis',(-2.11756250807843E-13,0.0871557427477129,
0.996194698091741));
#9035=DIRECTION('ref_axis',(-1.80529860393472E-14,-0.996194698091741,0.0871557427477129));
#9036=DIRECTION('',(0.0868265938642659,0.992432509138962,-0.0868265938642834));
#9037=DIRECTION('',(1.,4.71484343506663E-16,2.12523875749632E-13));
#9038=DIRECTION('',(-0.0868265938642295,0.992432509138962,-0.0868265938643208));
#9039=DIRECTION('center_axis',(0.996194698091746,0.0871557427476588,2.06947044775469E-13));
#9040=DIRECTION('ref_axis',(-0.0871557427476588,0.996194698091745,-7.30224625241427E-14));
#9041=DIRECTION('',(2.12523875749632E-13,-5.47079666113151E-14,-1.));
#9042=DIRECTION('',(-0.0868265938642298,0.992432509138962,-0.0868265938643211));
#9043=DIRECTION('center_axis',(-2.11756250807843E-13,0.0871557427477129,
0.996194698091741));
#9044=DIRECTION('ref_axis',(-1.80529860393472E-14,-0.996194698091741,0.0871557427477129));
#9045=DIRECTION('',(1.,4.71484343506663E-16,2.12523875749632E-13));
#9046=DIRECTION('',(-0.0868265938642303,0.992432509138962,-0.0868265938643206));
#9047=DIRECTION('center_axis',(0.996194698091746,0.0871557427476588,2.06947044775469E-13));
#9048=DIRECTION('ref_axis',(-0.0871557427476588,0.996194698091745,-7.30224625241427E-14));
#9049=DIRECTION('',(2.12523875749632E-13,-5.47079666113151E-14,-1.));
#9050=DIRECTION('',(-0.0868265938642669,0.992432509138972,0.0868265938641749));
#9051=DIRECTION('center_axis',(2.11674065671541E-13,0.0871557427476039,
-0.99619469809175));
#9052=DIRECTION('ref_axis',(-1.89923664457933E-14,0.99619469809175,0.0871557427476039));
#9053=DIRECTION('',(-1.,-4.71484343506663E-16,-2.12523875749632E-13));
#9054=DIRECTION('',(-0.086826593864267,0.992432509138972,0.0868265938641753));
#9055=DIRECTION('center_axis',(0.996194698091746,0.0871557427476588,2.06947044775469E-13));
#9056=DIRECTION('ref_axis',(-0.0871557427476588,0.996194698091745,-7.30224625241427E-14));
#9057=DIRECTION('',(2.12523875749632E-13,-5.47079666113151E-14,-1.));
#9058=DIRECTION('',(-0.0868265938642669,0.992432509138972,0.0868265938641753));
#9059=DIRECTION('center_axis',(2.16514524893957E-13,0.0871557427476039,
-0.99619469809175));
#9060=DIRECTION('ref_axis',(-1.89923664457933E-14,0.99619469809175,0.0871557427476039));
#9061=DIRECTION('',(-1.,-4.71484343507003E-16,-2.18743330457192E-13));
#9062=DIRECTION('',(0.0868265938642291,0.992432509138972,0.0868265938642122));
#9063=DIRECTION('center_axis',(-0.996194698091746,0.0871557427476579,-2.16483271703916E-13));
#9064=DIRECTION('ref_axis',(-0.0871557427476579,-0.996194698091746,3.59771100390022E-14));
#9065=DIRECTION('',(-2.12523875749632E-13,5.47079666113151E-14,1.));
#9066=DIRECTION('',(0.0868265938642289,0.992432509138972,0.0868265938642125));
#9067=DIRECTION('center_axis',(2.11674065671541E-13,0.0871557427476039,
-0.99619469809175));
#9068=DIRECTION('ref_axis',(-1.89923664457933E-14,0.99619469809175,0.0871557427476039));
#9069=DIRECTION('',(-1.,-4.71484343506663E-16,-2.12523875749632E-13));
#9070=DIRECTION('',(0.0868265938642292,0.992432509138972,0.0868265938642128));
#9071=DIRECTION('center_axis',(-0.996194698091746,0.0871557427476579,-2.16483271703916E-13));
#9072=DIRECTION('ref_axis',(-0.0871557427476579,-0.996194698091746,3.59771100390022E-14));
#9073=DIRECTION('',(-2.12523875749632E-13,5.47079666113151E-14,1.));
#9074=DIRECTION('',(0.0868265938642658,0.992432509138962,-0.0868265938642842));
#9075=DIRECTION('center_axis',(-2.11756250807843E-13,0.0871557427477129,
0.996194698091741));
#9076=DIRECTION('ref_axis',(-1.80529860393472E-14,-0.996194698091741,0.0871557427477129));
#9077=DIRECTION('',(1.,4.71484343506663E-16,2.12523875749632E-13));
#9078=DIRECTION('',(0.0868265938642661,0.992432509138962,-0.0868265938642842));
#9079=DIRECTION('center_axis',(-0.996194698091746,0.0871557427476579,-2.16483271703916E-13));
#9080=DIRECTION('ref_axis',(-0.0871557427476579,-0.996194698091746,3.59771100390022E-14));
#9081=DIRECTION('',(-2.12523875749632E-13,5.47079666113151E-14,1.));
#9082=DIRECTION('center_axis',(4.71484343495036E-16,-1.,5.47079666113152E-14));
#9083=DIRECTION('ref_axis',(2.12523875749632E-13,-5.47079666113151E-14,
-1.));
#9084=DIRECTION('axis',(0.,0.,1.));
#9085=DIRECTION('refdir',(1.,0.,0.));
#9086=DIRECTION('center_axis',(0.,0.,-1.));
#9087=DIRECTION('ref_axis',(-1.,0.,0.));
#9088=DIRECTION('center_axis',(0.,0.,1.));
#9089=DIRECTION('ref_axis',(-1.,7.105427357601E-15,0.));
#9090=DIRECTION('',(0.,0.,1.));
#9091=DIRECTION('center_axis',(0.,0.,-1.));
#9092=DIRECTION('ref_axis',(-1.,0.,0.));
#9093=DIRECTION('center_axis',(0.,0.,1.));
#9094=DIRECTION('ref_axis',(-1.,7.105427357601E-15,0.));
#9095=DIRECTION('center_axis',(0.,-7.59823448526186E-16,-1.));
#9096=DIRECTION('ref_axis',(0.,1.,-7.59823448526186E-16));
#9097=DIRECTION('center_axis',(0.,-7.59823448526186E-16,-1.));
#9098=DIRECTION('ref_axis',(0.,1.,-7.59823448526186E-16));
#9099=DIRECTION('center_axis',(0.,-7.59823448526186E-16,-1.));
#9100=DIRECTION('ref_axis',(0.,1.,-7.59823448526186E-16));
#9101=DIRECTION('center_axis',(0.,-7.59823448526186E-16,-1.));
#9102=DIRECTION('ref_axis',(0.,1.,-7.59823448526185E-16));
#9103=DIRECTION('',(8.65956056235495E-17,0.707106781186549,0.707106781186546));
#9104=DIRECTION('center_axis',(0.,-7.59823448526186E-16,-1.));
#9105=DIRECTION('ref_axis',(0.,1.,-7.59823448526185E-16));
#9106=DIRECTION('center_axis',(0.,-7.59823448526186E-16,-1.));
#9107=DIRECTION('ref_axis',(0.,1.,-7.59823448526186E-16));
#9108=DIRECTION('',(0.,7.59823448526186E-16,1.));
#9109=DIRECTION('center_axis',(0.,0.,1.));
#9110=DIRECTION('ref_axis',(1.,1.97106351039095E-32,0.));
#9111=DIRECTION('',(0.707106781186547,8.65956056235492E-17,-0.707106781186548));
#9112=DIRECTION('center_axis',(0.,0.,-1.));
#9113=DIRECTION('ref_axis',(-1.,-1.97106351039095E-32,0.));
#9114=DIRECTION('center_axis',(0.,7.59823448526186E-16,1.));
#9115=DIRECTION('ref_axis',(0.,-1.,7.59823448526186E-16));
#9116=DIRECTION('center_axis',(0.,2.91151226142999E-15,1.));
#9117=DIRECTION('ref_axis',(0.,-1.,2.91151226142999E-15));
#9118=DIRECTION('center_axis',(0.,2.91151226142999E-15,1.));
#9119=DIRECTION('ref_axis',(0.,-1.,2.91151226142999E-15));
#9120=DIRECTION('center_axis',(0.,2.91151226142999E-15,1.));
#9121=DIRECTION('ref_axis',(0.,-1.,2.91151226142999E-15));
#9122=DIRECTION('center_axis',(0.,2.91151226142999E-15,1.));
#9123=DIRECTION('ref_axis',(0.,-1.,2.91151226142999E-15));
#9124=DIRECTION('center_axis',(0.,2.91151226142999E-15,1.));
#9125=DIRECTION('ref_axis',(0.,-1.,2.91151226142999E-15));
#9126=DIRECTION('center_axis',(0.,2.91151226142999E-15,1.));
#9127=DIRECTION('ref_axis',(0.,-1.,2.91151226142999E-15));
#9128=DIRECTION('center_axis',(0.,0.,-1.));
#9129=DIRECTION('ref_axis',(-1.,-1.97106351039096E-32,0.));
#9130=DIRECTION('center_axis',(0.,2.91151226142999E-15,1.));
#9131=DIRECTION('ref_axis',(0.,-1.,2.91151226142999E-15));
#9132=DIRECTION('center_axis',(0.,2.91151226142999E-15,1.));
#9133=DIRECTION('ref_axis',(0.,-1.,2.91151226142999E-15));
#9134=DIRECTION('center_axis',(0.,2.91151226142999E-15,1.));
#9135=DIRECTION('ref_axis',(0.,-1.,2.91151226142999E-15));
#9136=DIRECTION('center_axis',(0.,2.91151226142999E-15,1.));
#9137=DIRECTION('ref_axis',(0.,-1.,2.91151226142999E-15));
#9138=DIRECTION('center_axis',(0.,2.91151226142999E-15,1.));
#9139=DIRECTION('ref_axis',(0.,-1.,2.91151226142999E-15));
#9140=DIRECTION('center_axis',(0.,2.91151226142999E-15,1.));
#9141=DIRECTION('ref_axis',(0.,-1.,2.91151226142999E-15));
#9142=DIRECTION('center_axis',(0.,0.,-1.));
#9143=DIRECTION('ref_axis',(-1.,0.,0.));
#9144=DIRECTION('',(0.866025403784439,0.5,0.));
#9145=DIRECTION('',(1.25192883228096E-16,1.,0.));
#9146=DIRECTION('',(-0.866025403784439,0.5,0.));
#9147=DIRECTION('',(-0.866025403784439,-0.5,0.));
#9148=DIRECTION('',(-1.25192883228096E-16,-1.,0.));
#9149=DIRECTION('',(0.866025403784439,-0.5,0.));
#9150=DIRECTION('center_axis',(1.,-1.25192883228096E-16,0.));
#9151=DIRECTION('ref_axis',(-1.25192883228096E-16,-1.,0.));
#9152=DIRECTION('',(0.,0.,1.));
#9153=DIRECTION('',(0.,0.,1.));
#9154=DIRECTION('center_axis',(0.5,0.866025403784439,0.));
#9155=DIRECTION('ref_axis',(0.866025403784439,-0.5,0.));
#9156=DIRECTION('',(0.,0.,1.));
#9157=DIRECTION('center_axis',(-0.5,0.866025403784439,0.));
#9158=DIRECTION('ref_axis',(0.866025403784439,0.5,0.));
#9159=DIRECTION('',(0.,0.,1.));
#9160=DIRECTION('center_axis',(-1.,1.25192883228097E-16,0.));
#9161=DIRECTION('ref_axis',(1.25192883228097E-16,1.,0.));
#9162=DIRECTION('',(0.,0.,1.));
#9163=DIRECTION('center_axis',(-0.5,-0.866025403784439,0.));
#9164=DIRECTION('ref_axis',(-0.866025403784439,0.5,0.));
#9165=DIRECTION('',(0.,0.,1.));
#9166=DIRECTION('center_axis',(0.5,-0.866025403784439,0.));
#9167=DIRECTION('ref_axis',(-0.866025403784439,-0.5,0.));
#9168=DIRECTION('axis',(0.,0.,1.));
#9169=DIRECTION('refdir',(1.,0.,0.));
#9170=DIRECTION('center_axis',(0.,0.,-1.));
#9171=DIRECTION('ref_axis',(-1.,0.,0.));
#9172=DIRECTION('center_axis',(5.43408608024419E-31,-7.77876909732643E-62,
1.));
#9173=DIRECTION('ref_axis',(-1.,3.5527136788005E-15,5.43408608024419E-31));
#9174=DIRECTION('',(0.,0.,1.));
#9175=DIRECTION('center_axis',(0.,0.,-1.));
#9176=DIRECTION('ref_axis',(-1.,0.,0.));
#9177=DIRECTION('center_axis',(5.43408608024419E-31,-7.77876909732643E-62,
1.));
#9178=DIRECTION('ref_axis',(-1.,3.5527136788005E-15,5.43408608024419E-31));
#9179=DIRECTION('center_axis',(0.,-2.59168700115704E-16,-1.));
#9180=DIRECTION('ref_axis',(0.,1.,-2.59168700115704E-16));
#9181=DIRECTION('center_axis',(0.,-2.59168700115704E-16,-1.));
#9182=DIRECTION('ref_axis',(0.,1.,-2.59168700115704E-16));
#9183=DIRECTION('center_axis',(0.,-2.59168700115704E-16,-1.));
#9184=DIRECTION('ref_axis',(0.,1.,-2.59168700115704E-16));
#9185=DIRECTION('center_axis',(0.,-2.59168700115704E-16,-1.));
#9186=DIRECTION('ref_axis',(0.,1.,-2.59168700115704E-16));
#9187=DIRECTION('',(8.65956056235497E-17,0.707106781186551,0.707106781186544));
#9188=DIRECTION('center_axis',(0.,-2.59168700115704E-16,-1.));
#9189=DIRECTION('ref_axis',(0.,1.,-2.59168700115704E-16));
#9190=DIRECTION('center_axis',(0.,-2.59168700115704E-16,-1.));
#9191=DIRECTION('ref_axis',(0.,1.,-2.59168700115704E-16));
#9192=DIRECTION('',(0.,2.59168700115704E-16,1.));
#9193=DIRECTION('center_axis',(5.43408608024419E-31,-7.77876909732643E-62,
1.));
#9194=DIRECTION('ref_axis',(1.,-1.97215226305253E-31,-5.43408608024419E-31));
#9195=DIRECTION('',(0.707106781186546,8.6595605623549E-17,-0.707106781186549));
#9196=DIRECTION('center_axis',(-5.43408608024419E-31,7.77876909732643E-62,
-1.));
#9197=DIRECTION('ref_axis',(-1.,1.97215226305253E-31,5.43408608024419E-31));
#9198=DIRECTION('center_axis',(0.,2.59168700115704E-16,1.));
#9199=DIRECTION('ref_axis',(0.,-1.,2.59168700115704E-16));
#9200=DIRECTION('center_axis',(0.,2.91151226142999E-15,1.));
#9201=DIRECTION('ref_axis',(0.,-1.,2.91151226142999E-15));
#9202=DIRECTION('center_axis',(0.,2.91151226142999E-15,1.));
#9203=DIRECTION('ref_axis',(0.,-1.,2.91151226142999E-15));
#9204=DIRECTION('center_axis',(0.,2.91151226142999E-15,1.));
#9205=DIRECTION('ref_axis',(0.,-1.,2.91151226142999E-15));
#9206=DIRECTION('center_axis',(0.,2.91151226142999E-15,1.));
#9207=DIRECTION('ref_axis',(0.,-1.,2.91151226142999E-15));
#9208=DIRECTION('center_axis',(0.,2.91151226142999E-15,1.));
#9209=DIRECTION('ref_axis',(0.,-1.,2.91151226142999E-15));
#9210=DIRECTION('center_axis',(0.,2.91151226142999E-15,1.));
#9211=DIRECTION('ref_axis',(0.,-1.,2.91151226142999E-15));
#9212=DIRECTION('center_axis',(-5.43408608024419E-31,7.77876909732643E-62,
-1.));
#9213=DIRECTION('ref_axis',(-1.,1.97215226305253E-31,5.43408608024419E-31));
#9214=DIRECTION('center_axis',(0.,2.91151226142999E-15,1.));
#9215=DIRECTION('ref_axis',(0.,-1.,2.91151226142999E-15));
#9216=DIRECTION('center_axis',(0.,2.91151226142999E-15,1.));
#9217=DIRECTION('ref_axis',(0.,-1.,2.91151226142999E-15));
#9218=DIRECTION('center_axis',(0.,2.91151226142999E-15,1.));
#9219=DIRECTION('ref_axis',(0.,-1.,2.91151226142999E-15));
#9220=DIRECTION('center_axis',(0.,2.91151226142999E-15,1.));
#9221=DIRECTION('ref_axis',(0.,-1.,2.91151226142999E-15));
#9222=DIRECTION('center_axis',(0.,2.91151226142999E-15,1.));
#9223=DIRECTION('ref_axis',(0.,-1.,2.91151226142999E-15));
#9224=DIRECTION('center_axis',(0.,2.91151226142999E-15,1.));
#9225=DIRECTION('ref_axis',(0.,-1.,2.91151226142999E-15));
#9226=DIRECTION('center_axis',(0.,0.,-1.));
#9227=DIRECTION('ref_axis',(-1.,0.,0.));
#9228=DIRECTION('',(0.866025403784439,0.5,0.));
#9229=DIRECTION('',(3.7557864968429E-16,1.,0.));
#9230=DIRECTION('',(-0.866025403784439,0.5,0.));
#9231=DIRECTION('',(-0.866025403784439,-0.5,0.));
#9232=DIRECTION('',(0.,-1.,0.));
#9233=DIRECTION('',(0.866025403784439,-0.5,0.));
#9234=DIRECTION('center_axis',(1.,-3.7557864968429E-16,0.));
#9235=DIRECTION('ref_axis',(-3.7557864968429E-16,-1.,0.));
#9236=DIRECTION('',(0.,0.,1.));
#9237=DIRECTION('',(0.,0.,1.));
#9238=DIRECTION('center_axis',(0.5,0.866025403784439,0.));
#9239=DIRECTION('ref_axis',(0.866025403784439,-0.5,0.));
#9240=DIRECTION('',(0.,0.,1.));
#9241=DIRECTION('center_axis',(-0.5,0.866025403784439,0.));
#9242=DIRECTION('ref_axis',(0.866025403784439,0.5,0.));
#9243=DIRECTION('',(0.,0.,1.));
#9244=DIRECTION('center_axis',(-1.,0.,0.));
#9245=DIRECTION('ref_axis',(0.,0.,1.));
#9246=DIRECTION('',(0.,0.,1.));
#9247=DIRECTION('center_axis',(-0.5,-0.866025403784439,0.));
#9248=DIRECTION('ref_axis',(-0.866025403784439,0.5,0.));
#9249=DIRECTION('',(0.,0.,1.));
#9250=DIRECTION('center_axis',(0.5,-0.866025403784439,0.));
#9251=DIRECTION('ref_axis',(-0.866025403784439,-0.5,0.));
#9252=DIRECTION('axis',(0.,0.,1.));
#9253=DIRECTION('refdir',(1.,0.,0.));
#9254=DIRECTION('center_axis',(0.707106781186547,-2.61682076447295E-16,
0.707106781186549));
#9255=DIRECTION('ref_axis',(0.707106781186548,0.,-0.707106781186546));
#9256=DIRECTION('',(0.707106781186548,0.,-0.707106781186546));
#9257=DIRECTION('',(-3.70074341541719E-16,-1.,0.));
#9258=DIRECTION('',(0.707106781186548,0.,-0.707106781186548));
#9259=DIRECTION('',(3.70074341541719E-16,1.,0.));
#9260=DIRECTION('center_axis',(0.,1.,0.));
#9261=DIRECTION('ref_axis',(0.707106781186547,0.,0.707106781186548));
#9262=DIRECTION('',(0.,-0.707106781186548,-0.707106781186548));
#9263=DIRECTION('center_axis',(0.,-1.,0.));
#9264=DIRECTION('ref_axis',(0.707106781186547,0.,0.707106781186548));
#9265=DIRECTION('',(-0.707106781186548,-0.707106781186548,0.));
#9266=DIRECTION('center_axis',(0.,1.,0.));
#9267=DIRECTION('ref_axis',(0.707106781186547,0.,0.707106781186548));
#9268=DIRECTION('center_axis',(-0.707106781186548,0.707106781186548,0.));
#9269=DIRECTION('ref_axis',(0.,0.,1.));
#9270=DIRECTION('',(-0.707106781186548,-0.707106781186548,0.));
#9271=DIRECTION('',(0.,0.,-1.));
#9272=DIRECTION('',(0.,0.,1.));
#9273=DIRECTION('center_axis',(0.,1.,0.));
#9274=DIRECTION('ref_axis',(0.923879532511287,0.,-0.382683432365089));
#9275=DIRECTION('center_axis',(0.,-1.,0.));
#9276=DIRECTION('ref_axis',(0.923879532511287,0.,-0.382683432365089));
#9277=DIRECTION('',(-0.499999999999996,-0.707106781186556,0.499999999999992));
#9278=DIRECTION('center_axis',(0.,1.,0.));
#9279=DIRECTION('ref_axis',(0.923879532511287,0.,-0.382683432365089));
#9280=DIRECTION('center_axis',(-0.500000000000001,0.707106781186546,0.500000000000001));
#9281=DIRECTION('ref_axis',(0.707106781186547,0.,0.707106781186548));
#9282=DIRECTION('',(0.707106781186547,0.,0.707106781186548));
#9283=DIRECTION('',(-0.499999999999992,-0.70710678118655,0.500000000000004));
#9284=DIRECTION('',(-0.707106781186547,0.,-0.707106781186548));
#9285=DIRECTION('center_axis',(0.,1.,0.));
#9286=DIRECTION('ref_axis',(0.38268343236509,0.,-0.923879532511287));
#9287=DIRECTION('center_axis',(0.,-1.,0.));
#9288=DIRECTION('ref_axis',(0.38268343236509,0.,-0.923879532511287));
#9289=DIRECTION('',(0.,-0.707106781186548,0.707106781186548));
#9290=DIRECTION('center_axis',(0.,1.,0.));
#9291=DIRECTION('ref_axis',(0.38268343236509,0.,-0.923879532511287));
#9292=DIRECTION('center_axis',(0.,1.,0.));
#9293=DIRECTION('ref_axis',(0.38268343236509,0.,-0.923879532511287));
#9294=DIRECTION('',(0.,-1.,0.));
#9295=DIRECTION('center_axis',(-0.499999999999988,-0.707106781186557,0.499999999999998));
#9296=DIRECTION('ref_axis',(0.500000000000002,-0.707106781186538,-0.500000000000012));
#9297=DIRECTION('',(0.,1.,0.));
#9298=DIRECTION('center_axis',(-0.707106781186548,0.,0.707106781186547));
#9299=DIRECTION('ref_axis',(0.707106781186547,0.,0.707106781186548));
#9300=DIRECTION('',(0.,-1.,0.));
#9301=DIRECTION('center_axis',(0.,-1.,0.));
#9302=DIRECTION('ref_axis',(0.923879532511287,0.,-0.382683432365089));
#9303=DIRECTION('',(0.,1.,0.));
#9304=DIRECTION('center_axis',(-1.,0.,0.));
#9305=DIRECTION('ref_axis',(0.,0.,-1.));
#9306=DIRECTION('',(0.,-9.25185853854291E-17,1.));
#9307=DIRECTION('',(0.,-1.,0.));
#9308=DIRECTION('center_axis',(0.,1.,0.));
#9309=DIRECTION('ref_axis',(0.707106781186547,0.,0.707106781186548));
#9310=DIRECTION('',(0.,1.,0.));
#9311=DIRECTION('center_axis',(0.,-1.,0.));
#9312=DIRECTION('ref_axis',(0.,0.,1.));
#9313=DIRECTION('center_axis',(0.,1.,0.));
#9314=DIRECTION('ref_axis',(0.,0.,1.));
#9315=DIRECTION('',(8.65956056235494E-17,0.707106781186548,0.707106781186548));
#9316=DIRECTION('center_axis',(0.,-1.,0.));
#9317=DIRECTION('ref_axis',(0.,0.,1.));
#9318=DIRECTION('center_axis',(0.,1.,0.));
#9319=DIRECTION('ref_axis',(0.,0.,1.));
#9320=DIRECTION('center_axis',(0.,1.,0.));
#9321=DIRECTION('ref_axis',(0.,0.,1.));
#9322=DIRECTION('',(0.,-1.,0.));
#9323=DIRECTION('center_axis',(0.,-1.,0.));
#9324=DIRECTION('ref_axis',(0.,0.,1.));
#9325=DIRECTION('center_axis',(0.,1.,0.));
#9326=DIRECTION('ref_axis',(0.,0.,1.));
#9327=DIRECTION('',(8.65956056235494E-17,0.707106781186548,0.707106781186548));
#9328=DIRECTION('center_axis',(0.,-1.,0.));
#9329=DIRECTION('ref_axis',(0.,0.,1.));
#9330=DIRECTION('center_axis',(0.,1.,0.));
#9331=DIRECTION('ref_axis',(0.,0.,1.));
#9332=DIRECTION('center_axis',(0.,1.,0.));
#9333=DIRECTION('ref_axis',(0.,0.,1.));
#9334=DIRECTION('',(0.,-1.,0.));
#9335=DIRECTION('center_axis',(0.,1.,0.));
#9336=DIRECTION('ref_axis',(0.,0.,1.));
#9337=DIRECTION('center_axis',(0.,-1.,0.));
#9338=DIRECTION('ref_axis',(0.,0.,1.));
#9339=DIRECTION('',(-8.65956056235494E-17,-0.707106781186548,0.707106781186548));
#9340=DIRECTION('center_axis',(0.,1.,0.));
#9341=DIRECTION('ref_axis',(0.,0.,1.));
#9342=DIRECTION('',(9.25185853854297E-17,0.,-1.));
#9343=DIRECTION('center_axis',(0.,1.,0.));
#9344=DIRECTION('ref_axis',(0.,0.,1.));
#9345=DIRECTION('center_axis',(0.,1.,0.));
#9346=DIRECTION('ref_axis',(0.,0.,1.));
#9347=DIRECTION('center_axis',(0.,-1.,0.));
#9348=DIRECTION('ref_axis',(0.,0.,1.));
#9349=DIRECTION('',(-8.65956056235494E-17,-0.707106781186548,0.707106781186548));
#9350=DIRECTION('center_axis',(0.,1.,0.));
#9351=DIRECTION('ref_axis',(0.,0.,1.));
#9352=DIRECTION('',(9.25185853854297E-17,0.,-1.));
#9353=DIRECTION('center_axis',(0.,1.,0.));
#9354=DIRECTION('ref_axis',(0.,0.,1.));
#9355=DIRECTION('center_axis',(0.,-1.,0.));
#9356=DIRECTION('ref_axis',(0.923879532511287,0.,-0.38268343236509));
#9357=DIRECTION('',(-0.499999999999997,0.70710678118654,0.500000000000013));
#9358=DIRECTION('center_axis',(0.,1.,0.));
#9359=DIRECTION('ref_axis',(0.923879532511287,0.,-0.38268343236509));
#9360=DIRECTION('',(-0.707106781186542,0.707106781186553,0.));
#9361=DIRECTION('center_axis',(0.,1.,0.));
#9362=DIRECTION('ref_axis',(-1.,0.,-1.83697019872103E-16));
#9363=DIRECTION('center_axis',(0.707106781186545,0.70710678118655,6.54205191118238E-17));
#9364=DIRECTION('ref_axis',(0.70710678118655,-0.707106781186545,0.));
#9365=DIRECTION('center_axis',(0.,1.,0.));
#9366=DIRECTION('ref_axis',(-1.,0.,-1.83697019872103E-16));
#9367=DIRECTION('center_axis',(0.707106781186545,0.70710678118655,6.54205191118238E-17));
#9368=DIRECTION('ref_axis',(0.70710678118655,-0.707106781186545,0.));
#9369=DIRECTION('center_axis',(0.,-1.,0.));
#9370=DIRECTION('ref_axis',(0.382683432365086,0.,-0.923879532511288));
#9371=DIRECTION('',(0.,0.707106781186555,0.70710678118654));
#9372=DIRECTION('center_axis',(0.,1.,0.));
#9373=DIRECTION('ref_axis',(0.382683432365086,0.,-0.923879532511289));
#9374=DIRECTION('',(-0.49999999999999,0.707106781186559,0.499999999999994));
#9375=DIRECTION('center_axis',(-0.499999999999988,-0.707106781186557,0.499999999999998));
#9376=DIRECTION('ref_axis',(0.707106781186555,0.,0.707106781186541));
#9377=DIRECTION('',(0.816496580927736,-0.577350269189611,0.));
#9378=DIRECTION('',(0.707106781186554,0.,0.70710678118654));
#9379=DIRECTION('center_axis',(-0.707106781186545,-0.70710678118655,-6.54205191118238E-17));
#9380=DIRECTION('ref_axis',(-9.25185853854297E-17,0.,1.));
#9381=DIRECTION('',(-9.25185853854297E-17,0.,1.));
#9382=DIRECTION('',(-0.70710678118655,0.707106781186545,0.));
#9383=DIRECTION('center_axis',(0.,-1.,0.));
#9384=DIRECTION('ref_axis',(0.707106781186547,0.,0.707106781186548));
#9385=DIRECTION('center_axis',(0.,1.,0.));
#9386=DIRECTION('ref_axis',(0.707106781186547,0.,0.707106781186548));
#9387=DIRECTION('',(0.,0.70710678118655,-0.707106781186545));
#9388=DIRECTION('center_axis',(-1.,3.70074341541719E-16,0.));
#9389=DIRECTION('ref_axis',(-3.70074341541719E-16,-1.,0.));
#9390=DIRECTION('',(0.,0.,1.));
#9391=DIRECTION('',(-3.70074341541719E-16,-1.,0.));
#9392=DIRECTION('',(0.,0.,1.));
#9393=DIRECTION('center_axis',(0.,0.,-1.));
#9394=DIRECTION('ref_axis',(-1.,0.,0.));
#9395=DIRECTION('center_axis',(0.,0.,1.));
#9396=DIRECTION('ref_axis',(-1.,0.,0.));
#9397=DIRECTION('',(0.707106781186548,8.65956056235493E-17,-0.707106781186548));
#9398=DIRECTION('center_axis',(0.,0.,-1.));
#9399=DIRECTION('ref_axis',(-1.,0.,0.));
#9400=DIRECTION('center_axis',(0.,0.,1.));
#9401=DIRECTION('ref_axis',(-1.,0.,0.));
#9402=DIRECTION('',(0.,0.,1.));
#9403=DIRECTION('center_axis',(0.,0.,-1.));
#9404=DIRECTION('ref_axis',(-1.,0.,0.));
#9405=DIRECTION('center_axis',(0.,0.,-1.));
#9406=DIRECTION('ref_axis',(-1.,0.,0.));
#9407=DIRECTION('center_axis',(0.,0.,1.));
#9408=DIRECTION('ref_axis',(-1.,0.,0.));
#9409=DIRECTION('',(0.707106781186548,8.65956056235493E-17,-0.707106781186548));
#9410=DIRECTION('center_axis',(0.,0.,-1.));
#9411=DIRECTION('ref_axis',(-1.,0.,0.));
#9412=DIRECTION('center_axis',(0.,0.,1.));
#9413=DIRECTION('ref_axis',(-1.,0.,0.));
#9414=DIRECTION('',(0.,0.,1.));
#9415=DIRECTION('center_axis',(0.,0.,-1.));
#9416=DIRECTION('ref_axis',(-1.,0.,0.));
#9417=DIRECTION('center_axis',(0.,0.,-1.));
#9418=DIRECTION('ref_axis',(-1.,-2.52323414687536E-16,0.));
#9419=DIRECTION('center_axis',(0.,0.,1.));
#9420=DIRECTION('ref_axis',(-1.,-2.52323414687536E-16,0.));
#9421=DIRECTION('',(-0.707106781186548,0.,-0.707106781186548));
#9422=DIRECTION('center_axis',(0.,0.,-1.));
#9423=DIRECTION('ref_axis',(-1.,-2.52323414687536E-16,0.));
#9424=DIRECTION('center_axis',(0.707106781186547,2.61682076447295E-16,-0.707106781186549));
#9425=DIRECTION('ref_axis',(-0.707106781186548,0.,-0.707106781186546));
#9426=DIRECTION('',(-0.707106781186548,0.,-0.707106781186546));
#9427=DIRECTION('',(-3.70074341541719E-16,1.,0.));
#9428=DIRECTION('',(3.70074341541719E-16,-1.,0.));
#9429=DIRECTION('center_axis',(0.,0.,-1.));
#9430=DIRECTION('ref_axis',(-1.,-5.04646829375071E-16,0.));
#9431=DIRECTION('center_axis',(0.,0.,1.));
#9432=DIRECTION('ref_axis',(1.,-5.04646829375071E-16,0.));
#9433=DIRECTION('center_axis',(0.,0.,1.));
#9434=DIRECTION('ref_axis',(-1.,-5.04646829375071E-16,0.));
#9435=DIRECTION('center_axis',(0.,0.,-1.));
#9436=DIRECTION('ref_axis',(1.,0.,0.));
#9437=DIRECTION('',(1.,0.,0.));
#9438=DIRECTION('',(1.,0.,0.));
#9439=DIRECTION('',(0.,-1.,0.));
#9440=DIRECTION('',(-0.816496580927736,-0.577350269189611,0.));
#9441=DIRECTION('center_axis',(0.,0.,1.));
#9442=DIRECTION('ref_axis',(-1.,0.,0.));
#9443=DIRECTION('center_axis',(0.,0.,1.));
#9444=DIRECTION('ref_axis',(-1.,0.,0.));
#9445=DIRECTION('',(-0.707106781186548,-8.65956056235493E-17,-0.707106781186548));
#9446=DIRECTION('center_axis',(0.,0.,1.));
#9447=DIRECTION('ref_axis',(-1.,0.,0.));
#9448=DIRECTION('',(1.,0.,0.));
#9449=DIRECTION('',(0.,1.,0.));
#9450=DIRECTION('',(-1.,0.,0.));
#9451=DIRECTION('center_axis',(0.,0.,1.));
#9452=DIRECTION('ref_axis',(-1.,0.,0.));
#9453=DIRECTION('center_axis',(0.,0.,1.));
#9454=DIRECTION('ref_axis',(-1.,0.,0.));
#9455=DIRECTION('',(-0.707106781186548,-8.65956056235493E-17,-0.707106781186548));
#9456=DIRECTION('center_axis',(0.,-0.707106781186548,0.707106781186548));
#9457=DIRECTION('ref_axis',(1.,0.,0.));
#9458=DIRECTION('',(0.,-0.707106781186548,-0.707106781186548));
#9459=DIRECTION('',(-1.,0.,0.));
#9460=DIRECTION('center_axis',(0.,1.,0.));
#9461=DIRECTION('ref_axis',(-0.707106781186547,0.,0.707106781186548));
#9462=DIRECTION('center_axis',(0.,-1.,0.));
#9463=DIRECTION('ref_axis',(-0.707106781186547,0.,0.707106781186548));
#9464=DIRECTION('',(0.707106781186548,-0.707106781186548,0.));
#9465=DIRECTION('center_axis',(0.,1.,0.));
#9466=DIRECTION('ref_axis',(-0.707106781186547,0.,0.707106781186548));
#9467=DIRECTION('center_axis',(-0.707106781186548,-0.707106781186548,0.));
#9468=DIRECTION('ref_axis',(0.,0.,1.));
#9469=DIRECTION('',(0.707106781186548,-0.707106781186548,0.));
#9470=DIRECTION('',(0.,0.,1.));
#9471=DIRECTION('',(0.,0.,-1.));
#9472=DIRECTION('center_axis',(0.,1.,0.));
#9473=DIRECTION('ref_axis',(-0.923879532511287,0.,-0.382683432365089));
#9474=DIRECTION('center_axis',(0.,-1.,0.));
#9475=DIRECTION('ref_axis',(-0.923879532511287,0.,-0.382683432365089));
#9476=DIRECTION('',(0.499999999999996,-0.707106781186556,0.499999999999992));
#9477=DIRECTION('center_axis',(0.,1.,0.));
#9478=DIRECTION('ref_axis',(-0.923879532511287,0.,-0.382683432365089));
#9479=DIRECTION('center_axis',(-0.500000000000001,-0.707106781186546,-0.500000000000001));
#9480=DIRECTION('ref_axis',(-0.707106781186547,0.,0.707106781186548));
#9481=DIRECTION('',(0.707106781186547,0.,-0.707106781186548));
#9482=DIRECTION('',(0.499999999999992,-0.70710678118655,0.500000000000004));
#9483=DIRECTION('',(-0.707106781186547,0.,0.707106781186548));
#9484=DIRECTION('center_axis',(0.,1.,0.));
#9485=DIRECTION('ref_axis',(-0.38268343236509,0.,-0.923879532511287));
#9486=DIRECTION('center_axis',(0.,-1.,0.));
#9487=DIRECTION('ref_axis',(-0.38268343236509,0.,-0.923879532511287));
#9488=DIRECTION('',(0.,-0.707106781186548,0.707106781186548));
#9489=DIRECTION('center_axis',(0.,1.,0.));
#9490=DIRECTION('ref_axis',(-0.38268343236509,0.,-0.923879532511287));
#9491=DIRECTION('center_axis',(0.,-0.707106781186548,-0.707106781186548));
#9492=DIRECTION('ref_axis',(-1.,0.,0.));
#9493=DIRECTION('',(1.,0.,0.));
#9494=DIRECTION('center_axis',(0.,-1.,0.));
#9495=DIRECTION('ref_axis',(-0.38268343236509,0.,-0.923879532511287));
#9496=DIRECTION('',(0.,1.,0.));
#9497=DIRECTION('center_axis',(-0.499999999999988,0.707106781186557,-0.499999999999998));
#9498=DIRECTION('ref_axis',(-0.500000000000002,-0.707106781186538,-0.500000000000012));
#9499=DIRECTION('center_axis',(-0.707106781186548,0.,-0.707106781186547));
#9500=DIRECTION('ref_axis',(-0.707106781186547,0.,0.707106781186548));
#9501=DIRECTION('',(0.,-1.,0.));
#9502=DIRECTION('center_axis',(0.,1.,0.));
#9503=DIRECTION('ref_axis',(-0.923879532511287,0.,-0.382683432365089));
#9504=DIRECTION('',(0.,1.,0.));
#9505=DIRECTION('center_axis',(-1.,0.,0.));
#9506=DIRECTION('ref_axis',(0.,0.,-1.));
#9507=DIRECTION('',(0.,-1.,0.));
#9508=DIRECTION('',(0.,-9.25185853854291E-17,1.));
#9509=DIRECTION('center_axis',(0.,-1.,0.));
#9510=DIRECTION('ref_axis',(-0.707106781186547,0.,0.707106781186548));
#9511=DIRECTION('center_axis',(0.,-1.,0.));
#9512=DIRECTION('ref_axis',(0.,0.,1.));
#9513=DIRECTION('center_axis',(0.,-1.,0.));
#9514=DIRECTION('ref_axis',(0.,0.,1.));
#9515=DIRECTION('',(-8.65956056235494E-17,0.707106781186548,0.707106781186548));
#9516=DIRECTION('center_axis',(0.,1.,0.));
#9517=DIRECTION('ref_axis',(0.,0.,1.));
#9518=DIRECTION('center_axis',(0.,-1.,0.));
#9519=DIRECTION('ref_axis',(0.,0.,-1.));
#9520=DIRECTION('center_axis',(0.,-1.,0.));
#9521=DIRECTION('ref_axis',(0.,0.,1.));
#9522=DIRECTION('center_axis',(0.,-1.,0.));
#9523=DIRECTION('ref_axis',(0.,0.,1.));
#9524=DIRECTION('center_axis',(0.,-1.,0.));
#9525=DIRECTION('ref_axis',(0.,0.,1.));
#9526=DIRECTION('',(0.,-1.,0.));
#9527=DIRECTION('center_axis',(0.,-1.,0.));
#9528=DIRECTION('ref_axis',(0.,0.,1.));
#9529=DIRECTION('',(-8.65956056235494E-17,0.707106781186548,0.707106781186548));
#9530=DIRECTION('center_axis',(0.,1.,0.));
#9531=DIRECTION('ref_axis',(0.,0.,1.));
#9532=DIRECTION('center_axis',(0.,-1.,0.));
#9533=DIRECTION('ref_axis',(0.,0.,1.));
#9534=DIRECTION('center_axis',(0.,-1.,0.));
#9535=DIRECTION('ref_axis',(0.,0.,1.));
#9536=DIRECTION('',(0.,-1.,0.));
#9537=DIRECTION('center_axis',(0.,1.,0.));
#9538=DIRECTION('ref_axis',(0.,0.,1.));
#9539=DIRECTION('center_axis',(0.,1.,0.));
#9540=DIRECTION('ref_axis',(0.,0.,1.));
#9541=DIRECTION('',(8.65956056235494E-17,-0.707106781186548,0.707106781186548));
#9542=DIRECTION('center_axis',(0.,-1.,0.));
#9543=DIRECTION('ref_axis',(0.,0.,1.));
#9544=DIRECTION('',(-9.25185853854297E-17,0.,-1.));
#9545=DIRECTION('center_axis',(0.,-1.,0.));
#9546=DIRECTION('ref_axis',(0.,0.,1.));
#9547=DIRECTION('center_axis',(0.,1.,0.));
#9548=DIRECTION('ref_axis',(0.,0.,1.));
#9549=DIRECTION('center_axis',(0.,1.,0.));
#9550=DIRECTION('ref_axis',(0.,0.,1.));
#9551=DIRECTION('',(8.65956056235494E-17,-0.707106781186548,0.707106781186548));
#9552=DIRECTION('center_axis',(0.,-1.,0.));
#9553=DIRECTION('ref_axis',(0.,0.,1.));
#9554=DIRECTION('',(-9.25185853854297E-17,0.,-1.));
#9555=DIRECTION('center_axis',(0.,-1.,0.));
#9556=DIRECTION('ref_axis',(0.,0.,1.));
#9557=DIRECTION('center_axis',(0.,-1.,0.));
#9558=DIRECTION('ref_axis',(-0.923879532511287,0.,-0.38268343236509));
#9559=DIRECTION('',(0.707106781186542,0.707106781186553,0.));
#9560=DIRECTION('center_axis',(0.,-1.,0.));
#9561=DIRECTION('ref_axis',(-0.923879532511287,0.,-0.38268343236509));
#9562=DIRECTION('',(0.499999999999997,0.70710678118654,0.500000000000013));
#9563=DIRECTION('center_axis',(0.,-1.,0.));
#9564=DIRECTION('ref_axis',(1.,0.,6.12323399573676E-17));
#9565=DIRECTION('center_axis',(0.707106781186545,-0.70710678118655,-6.54205191118238E-17));
#9566=DIRECTION('ref_axis',(-0.70710678118655,-0.707106781186545,0.));
#9567=DIRECTION('center_axis',(0.,-1.,0.));
#9568=DIRECTION('ref_axis',(1.,0.,6.12323399573676E-17));
#9569=DIRECTION('center_axis',(0.707106781186545,-0.70710678118655,-6.54205191118238E-17));
#9570=DIRECTION('ref_axis',(-0.70710678118655,-0.707106781186545,0.));
#9571=DIRECTION('center_axis',(0.,0.70710678118655,0.707106781186545));
#9572=DIRECTION('ref_axis',(1.,0.,0.));
#9573=DIRECTION('',(1.,0.,0.));
#9574=DIRECTION('',(0.,0.70710678118655,-0.707106781186545));
#9575=DIRECTION('center_axis',(0.,0.70710678118654,-0.707106781186555));
#9576=DIRECTION('ref_axis',(-1.,0.,0.));
#9577=DIRECTION('',(0.,0.707106781186555,0.70710678118654));
#9578=DIRECTION('',(-1.,0.,0.));
#9579=DIRECTION('center_axis',(0.,-1.,0.));
#9580=DIRECTION('ref_axis',(-0.382683432365086,0.,-0.923879532511288));
#9581=DIRECTION('',(0.49999999999999,0.707106781186559,0.499999999999994));
#9582=DIRECTION('center_axis',(0.,-1.,0.));
#9583=DIRECTION('ref_axis',(-0.382683432365086,0.,-0.923879532511289));
#9584=DIRECTION('center_axis',(-0.499999999999988,0.707106781186557,-0.499999999999998));
#9585=DIRECTION('ref_axis',(-0.707106781186555,0.,0.707106781186541));
#9586=DIRECTION('',(-0.707106781186554,0.,0.70710678118654));
#9587=DIRECTION('center_axis',(-0.707106781186545,0.70710678118655,6.54205191118238E-17));
#9588=DIRECTION('ref_axis',(9.25185853854297E-17,0.,1.));
#9589=DIRECTION('',(0.70710678118655,0.707106781186545,0.));
#9590=DIRECTION('',(9.25185853854297E-17,0.,1.));
#9591=DIRECTION('center_axis',(0.,-1.,0.));
#9592=DIRECTION('ref_axis',(-0.707106781186547,0.,0.707106781186548));
#9593=DIRECTION('center_axis',(0.,-1.,0.));
#9594=DIRECTION('ref_axis',(-0.707106781186547,0.,0.707106781186548));
#9595=DIRECTION('center_axis',(0.,1.,0.));
#9596=DIRECTION('ref_axis',(1.,0.,0.));
#9597=DIRECTION('center_axis',(0.,-1.,0.));
#9598=DIRECTION('ref_axis',(0.,0.,1.));
#9599=DIRECTION('center_axis',(0.,0.,-1.));
#9600=DIRECTION('ref_axis',(-1.,0.,0.));
#9601=DIRECTION('center_axis',(0.,0.,1.));
#9602=DIRECTION('ref_axis',(-1.,-2.52323414687536E-16,0.));
#9603=DIRECTION('center_axis',(0.,0.,-1.));
#9604=DIRECTION('ref_axis',(-1.,5.04646829375071E-16,0.));
#9605=DIRECTION('',(3.70074341541719E-16,-1.,0.));
#9606=DIRECTION('center_axis',(0.,0.,1.));
#9607=DIRECTION('ref_axis',(1.,5.04646829375071E-16,0.));
#9608=DIRECTION('',(0.,0.,1.));
#9609=DIRECTION('center_axis',(-1.,-3.70074341541719E-16,0.));
#9610=DIRECTION('ref_axis',(3.70074341541719E-16,-1.,0.));
#9611=DIRECTION('',(0.,0.,1.));
#9612=DIRECTION('center_axis',(0.,0.,1.));
#9613=DIRECTION('ref_axis',(-1.,-2.52323414687536E-16,0.));
#9614=DIRECTION('center_axis',(0.,1.,0.));
#9615=DIRECTION('ref_axis',(0.,0.,1.));
#9616=DIRECTION('',(-8.65956056235493E-17,-0.707106781186548,0.707106781186548));
#9617=DIRECTION('center_axis',(0.,1.,0.));
#9618=DIRECTION('ref_axis',(0.,0.,1.));
#9619=DIRECTION('center_axis',(0.,-1.,0.));
#9620=DIRECTION('ref_axis',(0.,0.,1.));
#9621=DIRECTION('',(0.,-1.,0.));
#9622=DIRECTION('axis',(0.,0.,1.));
#9623=DIRECTION('refdir',(1.,0.,0.));
#9624=DIRECTION('center_axis',(0.,0.,-1.));
#9625=DIRECTION('ref_axis',(-1.,0.,0.));
#9626=DIRECTION('center_axis',(0.,0.,1.));
#9627=DIRECTION('ref_axis',(-1.,7.105427357601E-15,0.));
#9628=DIRECTION('',(0.,0.,1.));
#9629=DIRECTION('center_axis',(0.,0.,-1.));
#9630=DIRECTION('ref_axis',(-1.,0.,0.));
#9631=DIRECTION('center_axis',(0.,0.,1.));
#9632=DIRECTION('ref_axis',(-1.,7.105427357601E-15,0.));
#9633=DIRECTION('center_axis',(0.,-7.59823448526186E-16,-1.));
#9634=DIRECTION('ref_axis',(0.,1.,-7.59823448526186E-16));
#9635=DIRECTION('center_axis',(0.,-7.59823448526186E-16,-1.));
#9636=DIRECTION('ref_axis',(0.,1.,-7.59823448526186E-16));
#9637=DIRECTION('center_axis',(0.,-7.59823448526186E-16,-1.));
#9638=DIRECTION('ref_axis',(0.,1.,-7.59823448526186E-16));
#9639=DIRECTION('center_axis',(0.,-7.59823448526186E-16,-1.));
#9640=DIRECTION('ref_axis',(0.,1.,-7.59823448526185E-16));
#9641=DIRECTION('',(8.65956056235495E-17,0.707106781186549,0.707106781186546));
#9642=DIRECTION('center_axis',(0.,-7.59823448526186E-16,-1.));
#9643=DIRECTION('ref_axis',(0.,1.,-7.59823448526185E-16));
#9644=DIRECTION('center_axis',(0.,-7.59823448526186E-16,-1.));
#9645=DIRECTION('ref_axis',(0.,1.,-7.59823448526186E-16));
#9646=DIRECTION('',(0.,7.59823448526186E-16,1.));
#9647=DIRECTION('center_axis',(0.,0.,1.));
#9648=DIRECTION('ref_axis',(1.,0.,0.));
#9649=DIRECTION('',(0.707106781186547,8.65956056235492E-17,-0.707106781186548));
#9650=DIRECTION('center_axis',(0.,0.,-1.));
#9651=DIRECTION('ref_axis',(-1.,0.,0.));
#9652=DIRECTION('center_axis',(0.,7.59823448526186E-16,1.));
#9653=DIRECTION('ref_axis',(0.,-1.,7.59823448526186E-16));
#9654=DIRECTION('center_axis',(0.,2.91151226142999E-15,1.));
#9655=DIRECTION('ref_axis',(0.,-1.,2.91151226142999E-15));
#9656=DIRECTION('center_axis',(0.,2.91151226142999E-15,1.));
#9657=DIRECTION('ref_axis',(0.,-1.,2.91151226142999E-15));
#9658=DIRECTION('center_axis',(0.,2.91151226142999E-15,1.));
#9659=DIRECTION('ref_axis',(0.,-1.,2.91151226142999E-15));
#9660=DIRECTION('center_axis',(0.,2.91151226142999E-15,1.));
#9661=DIRECTION('ref_axis',(0.,-1.,2.91151226142999E-15));
#9662=DIRECTION('center_axis',(0.,2.91151226142999E-15,1.));
#9663=DIRECTION('ref_axis',(0.,-1.,2.91151226142999E-15));
#9664=DIRECTION('center_axis',(0.,2.91151226142999E-15,1.));
#9665=DIRECTION('ref_axis',(0.,-1.,2.91151226142999E-15));
#9666=DIRECTION('center_axis',(0.,0.,-1.));
#9667=DIRECTION('ref_axis',(-1.,0.,0.));
#9668=DIRECTION('center_axis',(0.,2.91151226142999E-15,1.));
#9669=DIRECTION('ref_axis',(0.,-1.,2.91151226142999E-15));
#9670=DIRECTION('center_axis',(0.,2.91151226142999E-15,1.));
#9671=DIRECTION('ref_axis',(0.,-1.,2.91151226142999E-15));
#9672=DIRECTION('center_axis',(0.,2.91151226142999E-15,1.));
#9673=DIRECTION('ref_axis',(0.,-1.,2.91151226142999E-15));
#9674=DIRECTION('center_axis',(0.,2.91151226142999E-15,1.));
#9675=DIRECTION('ref_axis',(0.,-1.,2.91151226142999E-15));
#9676=DIRECTION('center_axis',(0.,2.91151226142999E-15,1.));
#9677=DIRECTION('ref_axis',(0.,-1.,2.91151226142999E-15));
#9678=DIRECTION('center_axis',(0.,2.91151226142999E-15,1.));
#9679=DIRECTION('ref_axis',(0.,-1.,2.91151226142999E-15));
#9680=DIRECTION('center_axis',(0.,0.,-1.));
#9681=DIRECTION('ref_axis',(-1.,0.,0.));
#9682=DIRECTION('',(0.866025403784439,0.5,0.));
#9683=DIRECTION('',(1.25192883228096E-16,1.,0.));
#9684=DIRECTION('',(-0.866025403784439,0.5,0.));
#9685=DIRECTION('',(-0.866025403784439,-0.5,0.));
#9686=DIRECTION('',(-1.25192883228096E-16,-1.,0.));
#9687=DIRECTION('',(0.866025403784439,-0.5,0.));
#9688=DIRECTION('center_axis',(1.,-1.25192883228096E-16,0.));
#9689=DIRECTION('ref_axis',(-1.25192883228096E-16,-1.,0.));
#9690=DIRECTION('',(0.,0.,1.));
#9691=DIRECTION('',(0.,0.,1.));
#9692=DIRECTION('center_axis',(0.5,0.866025403784439,0.));
#9693=DIRECTION('ref_axis',(0.866025403784439,-0.5,0.));
#9694=DIRECTION('',(0.,0.,1.));
#9695=DIRECTION('center_axis',(-0.5,0.866025403784439,0.));
#9696=DIRECTION('ref_axis',(0.866025403784439,0.5,0.));
#9697=DIRECTION('',(0.,0.,1.));
#9698=DIRECTION('center_axis',(-1.,1.25192883228097E-16,0.));
#9699=DIRECTION('ref_axis',(1.25192883228097E-16,1.,0.));
#9700=DIRECTION('',(0.,0.,1.));
#9701=DIRECTION('center_axis',(-0.5,-0.866025403784439,0.));
#9702=DIRECTION('ref_axis',(-0.866025403784439,0.5,0.));
#9703=DIRECTION('',(0.,0.,1.));
#9704=DIRECTION('center_axis',(0.5,-0.866025403784439,0.));
#9705=DIRECTION('ref_axis',(-0.866025403784439,-0.5,0.));
#9706=DIRECTION('axis',(0.,0.,1.));
#9707=DIRECTION('refdir',(1.,0.,0.));
#9708=DIRECTION('center_axis',(1.77635683940017E-15,-5.68434188608079E-14,
1.));
#9709=DIRECTION('ref_axis',(-5.55111512207462E-17,-1.,1.78584255549804E-17));
#9710=DIRECTION('center_axis',(-6.11667834623654E-16,-3.44180565241438E-17,
-1.));
#9711=DIRECTION('ref_axis',(-5.55111512207462E-17,-1.,-2.47485774186984E-29));
#9712=DIRECTION('',(1.3819218840303E-15,0.707106781186476,0.707106781186619));
#9713=DIRECTION('center_axis',(6.11667834623654E-16,3.44180565241438E-17,
1.));
#9714=DIRECTION('ref_axis',(-5.55111512207462E-17,-1.,3.44180565241441E-17));
#9715=DIRECTION('center_axis',(0.,0.,1.));
#9716=DIRECTION('ref_axis',(-5.55111512207462E-17,-1.,0.));
#9717=DIRECTION('',(0.,0.,-1.));
#9718=DIRECTION('center_axis',(6.11667834623654E-16,3.44180565241943E-17,
1.));
#9719=DIRECTION('ref_axis',(-5.55111512207462E-17,-1.,0.));
#9720=DIRECTION('center_axis',(6.11667834623654E-16,3.44180565241438E-17,
1.));
#9721=DIRECTION('ref_axis',(5.55111512207469E-17,1.,-3.44180565241438E-17));
#9722=DIRECTION('center_axis',(-6.11667834623654E-16,-3.44180565241438E-17,
-1.));
#9723=DIRECTION('ref_axis',(5.55111512207469E-17,1.,-3.4418056524124E-17));
#9724=DIRECTION('center_axis',(-1.7763568394003E-15,5.68434188608081E-14,
-1.));
#9725=DIRECTION('ref_axis',(-5.55111512207462E-17,-1.,1.7858425555004E-17));
#9726=DIRECTION('center_axis',(-6.11667834623654E-16,-3.44180565241943E-17,
-1.));
#9727=DIRECTION('ref_axis',(-5.55111512207462E-17,-1.,3.44180565241894E-17));
#9728=DIRECTION('',(1.13022604986374E-15,-0.707106781186604,0.707106781186492));
#9729=DIRECTION('center_axis',(6.11667834623654E-16,3.44180565241943E-17,
1.));
#9730=DIRECTION('ref_axis',(5.55111512207469E-17,1.,-3.44180565241943E-17));
#9731=DIRECTION('center_axis',(6.11667834623654E-16,3.44180565241943E-17,
1.));
#9732=DIRECTION('ref_axis',(5.55111512207469E-17,1.,-3.44180565241903E-17));
#9733=DIRECTION('center_axis',(1.77635683940054E-15,-5.68434188608086E-14,
1.));
#9734=DIRECTION('ref_axis',(5.55111512207469E-17,1.,-1.67677711271697E-17));
#9735=DIRECTION('center_axis',(-6.11667834623654E-16,-3.44180565241943E-17,
-1.));
#9736=DIRECTION('ref_axis',(5.55111512207469E-17,1.,3.15544362088406E-29));
#9737=DIRECTION('',(-1.30341726111112E-15,0.707106781186542,-0.707106781186553));
#9738=DIRECTION('center_axis',(0.,0.,1.));
#9739=DIRECTION('ref_axis',(5.55111512207469E-17,1.,0.));
#9740=DIRECTION('center_axis',(6.11667834623654E-16,3.44180565241438E-17,
1.));
#9741=DIRECTION('ref_axis',(5.55111512207469E-17,1.,9.46633086265218E-29));
#9742=DIRECTION('',(0.,0.,-1.));
#9743=DIRECTION('center_axis',(-1.77635683940116E-15,5.68434188608099E-14,
-1.));
#9744=DIRECTION('ref_axis',(5.55111512207469E-17,1.,-1.67677711270726E-17));
#9745=DIRECTION('',(-1.20873067278378E-15,-0.707106781186543,-0.707106781186552));
#9746=DIRECTION('',(-1.,-1.26217744835362E-26,0.));
#9747=DIRECTION('',(0.,1.,0.));
#9748=DIRECTION('',(1.,-1.99840144432528E-15,0.));
#9749=DIRECTION('',(1.99840144431263E-15,1.,-6.21950407841965E-14));
#9750=DIRECTION('',(6.05582456585608E-16,-3.03242144279352E-30,-1.));
#9751=DIRECTION('',(-2.34291072916505E-15,-1.,1.57772181044202E-30));
#9752=DIRECTION('',(6.99156358462532E-16,3.94430452610504E-31,1.));
#9753=DIRECTION('',(1.33226762955019E-15,1.,2.49829956782122E-17));
#9754=DIRECTION('',(3.47342652420145E-16,1.,7.84345957663603E-16));
#9755=DIRECTION('',(1.,-3.47342652420143E-16,-3.90288731330036E-15));
#9756=DIRECTION('',(3.47342652420145E-16,1.,7.84345957663603E-16));
#9757=DIRECTION('',(1.,-3.47342652420143E-16,-3.90288731330036E-15));
#9758=DIRECTION('',(3.47342652420145E-16,1.,7.84345957663603E-16));
#9759=DIRECTION('',(1.,-3.47342652420143E-16,-3.90288731330036E-15));
#9760=DIRECTION('',(3.47342652420145E-16,1.,7.84345957663603E-16));
#9761=DIRECTION('',(1.,-3.47342652420143E-16,-3.90288731330036E-15));
#9762=DIRECTION('',(2.10380188522267E-15,6.66133814775094E-16,1.));
#9763=DIRECTION('',(1.,6.69535286715661E-17,-2.10380188522267E-15));
#9764=DIRECTION('',(6.44045203514056E-14,1.,-1.11092048360097E-13));
#9765=DIRECTION('',(-1.,6.44045203514506E-14,4.05593144939663E-13));
#9766=DIRECTION('',(6.44045203514056E-14,1.,-1.11092048360097E-13));
#9767=DIRECTION('',(-1.,6.44045203514506E-14,4.05593144939663E-13));
#9768=DIRECTION('',(6.44045203514056E-14,1.,-1.11092048360097E-13));
#9769=DIRECTION('',(-1.,6.44045203514506E-14,4.05593144939663E-13));
#9770=DIRECTION('',(6.44045203514056E-14,1.,-1.11092048360097E-13));
#9771=DIRECTION('',(-1.,6.44045203514506E-14,4.05593144939663E-13));
#9772=DIRECTION('',(-4.0163986123735E-13,-1.09216419240662E-13,-1.));
#9773=DIRECTION('',(-1.,6.35186347963773E-14,4.01639861237343E-13));
#9774=DIRECTION('',(1.12324232775956E-15,0.,-1.));
#9775=DIRECTION('',(-1.22464679914735E-16,-1.,0.));
#9776=DIRECTION('',(-4.05687328315444E-15,1.24685867239672E-13,-1.));
#9777=DIRECTION('',(1.,-3.1747019868346E-16,-4.05687328315448E-15));
#9778=DIRECTION('',(1.03750379911225E-15,0.,1.));
#9779=DIRECTION('',(2.22044604925031E-16,1.,5.04870979341448E-29));
#9780=DIRECTION('',(4.05925819144577E-13,2.26937342407411E-13,1.));
#9781=DIRECTION('',(-1.,6.44581527402676E-14,4.05925819144562E-13));
#9782=CARTESIAN_POINT('',(0.,0.,0.));
#9783=CARTESIAN_POINT('',(0.,0.,0.));
#9784=CARTESIAN_POINT('Origin',(152.168177984385,197.048234427269,-188.456586180644));
#9785=CARTESIAN_POINT('',(152.168177984385,198.548234427269,-188.456586180644));
#9786=CARTESIAN_POINT('Origin',(152.168177984385,197.048234427269,-188.456586180644));
#9787=CARTESIAN_POINT('',(152.468177984385,198.848234427269,-188.456586180644));
#9788=CARTESIAN_POINT('',(152.168177984385,198.548234427269,-188.456586180644));
#9789=CARTESIAN_POINT('Origin',(152.468177984385,197.048234427269,-188.456586180644));
#9790=CARTESIAN_POINT('Origin',(152.168177984381,197.048234427269,-173.456586180644));
#9791=CARTESIAN_POINT('',(152.168177984381,198.548234427269,-173.456586180644));
#9792=CARTESIAN_POINT('Origin',(152.168177984381,197.048234427269,-173.456586180644));
#9793=CARTESIAN_POINT('',(152.468177984381,198.848234427269,-173.456586180644));
#9794=CARTESIAN_POINT('',(152.168177984381,198.548234427269,-173.456586180644));
#9795=CARTESIAN_POINT('Origin',(152.468177984381,197.048234427269,-173.456586180644));
#9796=CARTESIAN_POINT('Origin',(149.468177984385,197.048234427269,-188.456586180644));
#9797=CARTESIAN_POINT('',(148.968177984385,198.548234427269,-188.456586180644));
#9798=CARTESIAN_POINT('Origin',(148.968177984385,197.048234427269,-188.456586180644));
#9799=CARTESIAN_POINT('',(149.468177984385,198.548234427269,-188.456586180644));
#9800=CARTESIAN_POINT('Origin',(149.468177984381,197.048234427269,-173.456586180644));
#9801=CARTESIAN_POINT('',(148.968177984381,198.548234427269,-173.456586180644));
#9802=CARTESIAN_POINT('Origin',(148.968177984381,197.048234427269,-173.456586180644));
#9803=CARTESIAN_POINT('',(149.468177984381,198.548234427269,-173.456586180644));
#9804=CARTESIAN_POINT('Origin',(150.591180891651,219.998234427269,-180.956586180645));
#9805=CARTESIAN_POINT('',(150.591180891651,219.998234427269,-180.312576719015));
#9806=CARTESIAN_POINT('Origin',(150.591180891651,219.998234427269,-180.956586180645));
#9807=CARTESIAN_POINT('',(150.591180891651,190.098234427269,-180.312576719013));
#9808=CARTESIAN_POINT('',(150.591180891651,219.998234427269,-180.312576719015));
#9809=CARTESIAN_POINT('Origin',(150.591180891651,190.098234427269,-180.956586180644));
#9810=CARTESIAN_POINT('Origin',(147.168177984384,224.999234427269,-185.556586180646));
#9811=CARTESIAN_POINT('',(148.163165421491,219.998234427269,-185.456586180646));
#9812=CARTESIAN_POINT('',(146.173190547277,219.998234427269,-185.456586180646));
#9813=CARTESIAN_POINT('Origin',(147.168177984384,219.998234427269,-185.556586180646));
#9814=CARTESIAN_POINT('',(146.173190547277,190.098234427269,-185.456586180645));
#9815=CARTESIAN_POINT('',(146.173190547277,219.998234427269,-185.456586180646));
#9816=CARTESIAN_POINT('',(148.163165421491,190.098234427269,-185.456586180644));
#9817=CARTESIAN_POINT('Origin',(147.168177984384,190.098234427269,-185.556586180644));
#9818=CARTESIAN_POINT('',(148.163165421491,219.998234427269,-185.456586180646));
#9819=CARTESIAN_POINT('Origin',(152.168177984385,213.048234427269,-188.456586180645));
#9820=CARTESIAN_POINT('',(152.168177984385,211.548234427269,-188.456586180645));
#9821=CARTESIAN_POINT('Origin',(152.168177984385,213.048234427269,-188.456586180645));
#9822=CARTESIAN_POINT('',(152.468177984385,211.248234427269,-188.456586180644));
#9823=CARTESIAN_POINT('',(152.168177984385,211.548234427269,-188.456586180645));
#9824=CARTESIAN_POINT('Origin',(152.468177984385,213.048234427269,-188.456586180645));
#9825=CARTESIAN_POINT('Origin',(152.168177984381,213.048234427269,-173.456586180645));
#9826=CARTESIAN_POINT('',(152.168177984381,211.548234427269,-173.456586180645));
#9827=CARTESIAN_POINT('Origin',(152.168177984381,213.048234427269,-173.456586180645));
#9828=CARTESIAN_POINT('',(152.468177984381,211.248234427269,-173.456586180644));
#9829=CARTESIAN_POINT('',(152.168177984381,211.548234427269,-173.456586180645));
#9830=CARTESIAN_POINT('Origin',(152.468177984381,213.048234427269,-173.456586180645));
#9831=CARTESIAN_POINT('Origin',(149.468177984385,213.048234427269,-188.456586180645));
#9832=CARTESIAN_POINT('',(148.968177984385,211.548234427269,-188.456586180645));
#9833=CARTESIAN_POINT('Origin',(148.968177984385,213.048234427269,-188.456586180645));
#9834=CARTESIAN_POINT('',(149.468177984385,211.548234427269,-188.456586180645));
#9835=CARTESIAN_POINT('Origin',(149.468177984381,213.048234427269,-173.456586180645));
#9836=CARTESIAN_POINT('',(148.968177984381,211.548234427269,-173.456586180645));
#9837=CARTESIAN_POINT('Origin',(148.968177984381,213.048234427269,-173.456586180645));
#9838=CARTESIAN_POINT('',(149.468177984381,211.548234427269,-173.456586180645));
#9839=CARTESIAN_POINT('Origin',(148.968177984381,213.048234427269,-173.456586180645));
#9840=CARTESIAN_POINT('Origin',(148.968177984385,213.048234427269,-188.456586180645));
#9841=CARTESIAN_POINT('Origin',(152.468177984381,219.99823442727,-171.256586180645));
#9842=CARTESIAN_POINT('',(152.168177984381,219.99823442727,-170.956586180645));
#9843=CARTESIAN_POINT('',(152.468177984381,219.99823442727,-171.256586180645));
#9844=CARTESIAN_POINT('',(152.168177984381,219.99823442727,-170.956586180645));
#9845=CARTESIAN_POINT('',(152.168177984381,190.09823442727,-170.956586180643));
#9846=CARTESIAN_POINT('',(152.168177984381,190.09823442727,-170.956586180643));
#9847=CARTESIAN_POINT('',(152.468177984381,190.09823442727,-171.256586180643));
#9848=CARTESIAN_POINT('',(152.168177984381,190.09823442727,-170.956586180643));
#9849=CARTESIAN_POINT('',(152.468177984381,219.99823442727,-171.256586180645));
#9850=CARTESIAN_POINT('Origin',(144.768177984381,219.99823442727,-170.956586180647));
#9851=CARTESIAN_POINT('',(144.468177984381,219.99823442727,-171.256586180647));
#9852=CARTESIAN_POINT('',(144.768177984381,219.99823442727,-170.956586180647));
#9853=CARTESIAN_POINT('',(144.468177984381,219.99823442727,-171.256586180647));
#9854=CARTESIAN_POINT('',(144.468177984381,190.09823442727,-171.256586180645));
#9855=CARTESIAN_POINT('',(144.468177984381,190.09823442727,-171.256586180645));
#9856=CARTESIAN_POINT('',(144.768177984381,190.09823442727,-170.956586180645));
#9857=CARTESIAN_POINT('',(144.468177984381,190.09823442727,-171.256586180645));
#9858=CARTESIAN_POINT('',(144.768177984381,219.99823442727,-170.956586180647));
#9859=CARTESIAN_POINT('Origin',(144.468177984385,219.998234427268,-190.656586180647));
#9860=CARTESIAN_POINT('',(144.768177984385,219.998234427268,-190.956586180647));
#9861=CARTESIAN_POINT('',(144.468177984385,219.998234427268,-190.656586180647));
#9862=CARTESIAN_POINT('',(144.768177984385,219.998234427268,-190.956586180647));
#9863=CARTESIAN_POINT('',(144.768177984385,190.098234427268,-190.956586180645));
#9864=CARTESIAN_POINT('',(144.768177984385,190.098234427268,-190.956586180645));
#9865=CARTESIAN_POINT('',(144.468177984385,190.098234427268,-190.656586180645));
#9866=CARTESIAN_POINT('',(144.768177984385,190.098234427268,-190.956586180645));
#9867=CARTESIAN_POINT('',(144.468177984385,219.998234427268,-190.656586180647));
#9868=CARTESIAN_POINT('Origin',(152.168177984385,219.998234427268,-190.956586180645));
#9869=CARTESIAN_POINT('',(152.468177984385,219.998234427268,-190.656586180645));
#9870=CARTESIAN_POINT('',(152.168177984385,219.998234427268,-190.956586180645));
#9871=CARTESIAN_POINT('',(152.468177984385,219.998234427268,-190.656586180645));
#9872=CARTESIAN_POINT('',(152.468177984385,190.098234427268,-190.656586180643));
#9873=CARTESIAN_POINT('',(152.468177984385,190.098234427268,-190.656586180643));
#9874=CARTESIAN_POINT('',(152.168177984385,190.098234427268,-190.956586180643));
#9875=CARTESIAN_POINT('',(152.468177984385,190.098234427268,-190.656586180643));
#9876=CARTESIAN_POINT('',(152.168177984385,219.998234427268,-190.956586180645));
#9877=CARTESIAN_POINT('Origin',(144.768177984384,219.998234427269,-185.456586180647));
#9878=CARTESIAN_POINT('',(144.468177984384,219.998234427269,-185.756586180647));
#9879=CARTESIAN_POINT('',(144.768177984384,219.998234427269,-185.456586180647));
#9880=CARTESIAN_POINT('',(144.468177984384,219.998234427269,-185.756586180647));
#9881=CARTESIAN_POINT('',(144.468177984384,190.098234427269,-185.756586180645));
#9882=CARTESIAN_POINT('',(144.468177984384,190.098234427269,-185.756586180645));
#9883=CARTESIAN_POINT('',(144.768177984384,190.098234427269,-185.456586180645));
#9884=CARTESIAN_POINT('',(144.468177984384,190.098234427269,-185.756586180645));
#9885=CARTESIAN_POINT('',(144.768177984384,219.998234427269,-185.456586180647));
#9886=CARTESIAN_POINT('Origin',(144.468177984382,219.998234427269,-176.156586180647));
#9887=CARTESIAN_POINT('',(144.768177984382,219.998234427269,-176.456586180647));
#9888=CARTESIAN_POINT('',(144.468177984382,219.998234427269,-176.156586180647));
#9889=CARTESIAN_POINT('',(144.768177984382,219.998234427269,-176.456586180647));
#9890=CARTESIAN_POINT('',(144.768177984382,190.098234427269,-176.456586180645));
#9891=CARTESIAN_POINT('',(144.768177984382,190.098234427269,-176.456586180645));
#9892=CARTESIAN_POINT('',(144.468177984382,190.098234427269,-176.156586180645));
#9893=CARTESIAN_POINT('',(144.768177984382,190.098234427269,-176.456586180645));
#9894=CARTESIAN_POINT('',(144.468177984382,219.998234427269,-176.156586180647));
#9895=CARTESIAN_POINT('Origin',(152.468177984384,219.998234427269,-185.756586180645));
#9896=CARTESIAN_POINT('',(152.168177984384,219.998234427269,-185.456586180645));
#9897=CARTESIAN_POINT('',(152.468177984384,219.998234427269,-185.756586180645));
#9898=CARTESIAN_POINT('',(152.168177984384,219.998234427269,-185.456586180645));
#9899=CARTESIAN_POINT('',(152.168177984384,190.098234427269,-185.456586180643));
#9900=CARTESIAN_POINT('',(152.168177984384,219.998234427269,-185.456586180645));
#9901=CARTESIAN_POINT('',(152.468177984384,190.098234427269,-185.756586180643));
#9902=CARTESIAN_POINT('',(152.168177984384,190.098234427269,-185.456586180643));
#9903=CARTESIAN_POINT('',(152.468177984384,219.998234427269,-185.756586180645));
#9904=CARTESIAN_POINT('Origin',(152.168177984382,219.998234427269,-176.456586180645));
#9905=CARTESIAN_POINT('',(152.468177984382,219.998234427269,-176.156586180645));
#9906=CARTESIAN_POINT('',(152.168177984382,219.998234427269,-176.456586180645));
#9907=CARTESIAN_POINT('',(152.468177984382,219.998234427269,-176.156586180645));
#9908=CARTESIAN_POINT('',(152.468177984382,190.098234427269,-176.156586180643));
#9909=CARTESIAN_POINT('',(152.468177984382,190.098234427269,-176.156586180643));
#9910=CARTESIAN_POINT('',(152.168177984382,190.098234427269,-176.456586180643));
#9911=CARTESIAN_POINT('',(152.468177984382,190.098234427269,-176.156586180643));
#9912=CARTESIAN_POINT('',(152.168177984382,219.998234427269,-176.456586180645));
#9913=CARTESIAN_POINT('Origin',(147.168177984382,224.999234427269,-176.356586180646));
#9914=CARTESIAN_POINT('',(148.163165421489,219.998234427269,-176.456586180646));
#9915=CARTESIAN_POINT('',(148.163165421489,190.098234427269,-176.456586180644));
#9916=CARTESIAN_POINT('',(148.163165421489,219.998234427269,-176.456586180646));
#9917=CARTESIAN_POINT('',(146.173190547275,190.098234427269,-176.456586180645));
#9918=CARTESIAN_POINT('Origin',(147.168177984382,190.098234427269,-176.356586180644));
#9919=CARTESIAN_POINT('',(146.173190547275,219.998234427269,-176.456586180646));
#9920=CARTESIAN_POINT('',(146.173190547275,219.998234427269,-176.456586180646));
#9921=CARTESIAN_POINT('Origin',(147.168177984382,219.998234427269,-176.356586180646));
#9922=CARTESIAN_POINT('Origin',(148.968177984383,219.998234427269,-180.956586180646));
#9923=CARTESIAN_POINT('',(148.968177984384,219.998234427269,-185.456586180646));
#9924=CARTESIAN_POINT('',(148.968177984384,190.098234427269,-185.456586180644));
#9925=CARTESIAN_POINT('',(148.968177984384,219.998234427269,-185.456586180646));
#9926=CARTESIAN_POINT('',(148.968177984382,190.098234427269,-176.456586180644));
#9927=CARTESIAN_POINT('',(148.968177984384,190.098234427269,-185.456586180644));
#9928=CARTESIAN_POINT('',(148.968177984382,219.998234427269,-176.456586180646));
#9929=CARTESIAN_POINT('',(148.968177984382,219.998234427269,-176.456586180646));
#9930=CARTESIAN_POINT('',(148.968177984384,219.998234427269,-185.456586180646));
#9931=CARTESIAN_POINT('Origin',(148.468177984384,219.998234427269,-185.456586180646));
#9932=CARTESIAN_POINT('',(148.163165421491,190.098234427269,-185.456586180644));
#9933=CARTESIAN_POINT('',(148.163165421491,219.998234427269,-185.456586180646));
#9934=CARTESIAN_POINT('Origin',(148.468177984384,219.998234427269,-185.456586180646));
#9935=CARTESIAN_POINT('',(144.768177984384,219.998234427269,-185.456586180647));
#9936=CARTESIAN_POINT('',(144.768177984384,190.098234427269,-185.456586180645));
#9937=CARTESIAN_POINT('Origin',(144.468177984383,219.998234427269,-180.956586180647));
#9938=CARTESIAN_POINT('',(144.468177984385,190.098234427268,-190.656586180645));
#9939=CARTESIAN_POINT('',(144.468177984385,219.998234427268,-190.656586180647));
#9940=CARTESIAN_POINT('Origin',(148.468177984385,219.998234427268,-190.956586180646));
#9941=CARTESIAN_POINT('',(144.768177984385,219.998234427268,-190.956586180647));
#9942=CARTESIAN_POINT('',(144.768177984385,190.098234427268,-190.956586180645));
#9943=CARTESIAN_POINT('Origin',(152.468177984383,219.998234427269,-180.956586180645));
#9944=CARTESIAN_POINT('',(152.468177984385,219.998234427268,-190.656586180645));
#9945=CARTESIAN_POINT('',(152.468177984385,190.098234427268,-190.656586180643));
#9946=CARTESIAN_POINT('Origin',(152.168177984383,219.998234427269,-180.956586180645));
#9947=CARTESIAN_POINT('',(152.168177984384,190.098234427269,-185.456586180643));
#9948=CARTESIAN_POINT('',(152.168177984384,219.998234427269,-185.456586180645));
#9949=CARTESIAN_POINT('Origin',(152.468177984383,219.998234427269,-180.956586180645));
#9950=CARTESIAN_POINT('',(152.468177984382,190.098234427269,-176.156586180643));
#9951=CARTESIAN_POINT('',(152.468177984382,219.998234427269,-176.156586180645));
#9952=CARTESIAN_POINT('Origin',(148.468177984381,219.99823442727,-170.956586180646));
#9953=CARTESIAN_POINT('',(144.768177984381,219.99823442727,-170.956586180647));
#9954=CARTESIAN_POINT('',(144.768177984381,190.09823442727,-170.956586180645));
#9955=CARTESIAN_POINT('Origin',(144.468177984383,219.998234427269,-180.956586180647));
#9956=CARTESIAN_POINT('',(144.468177984382,219.998234427269,-176.156586180647));
#9957=CARTESIAN_POINT('',(144.468177984382,190.098234427269,-176.156586180645));
#9958=CARTESIAN_POINT('Origin',(148.468177984382,219.998234427269,-176.456586180646));
#9959=CARTESIAN_POINT('',(144.768177984382,190.098234427269,-176.456586180645));
#9960=CARTESIAN_POINT('',(144.768177984382,219.998234427269,-176.456586180647));
#9961=CARTESIAN_POINT('Origin',(148.468177984382,219.998234427269,-176.456586180646));
#9962=CARTESIAN_POINT('',(148.163165421489,190.098234427269,-176.456586180644));
#9963=CARTESIAN_POINT('',(148.163165421489,219.998234427269,-176.456586180646));
#9964=CARTESIAN_POINT('Origin',(148.468177984383,219.998234427269,-180.956586180646));
#9965=CARTESIAN_POINT('Origin',(148.968177984381,197.048234427269,-173.456586180644));
#9966=CARTESIAN_POINT('Origin',(148.968177984385,197.048234427269,-188.456586180644));
#9967=CARTESIAN_POINT('Origin',(148.468177984383,190.098234427269,-180.956586180644));
#9968=CARTESIAN_POINT('Origin',(150.591180891651,224.098234427269,-180.956586180646));
#9969=CARTESIAN_POINT('',(150.591180891651,224.098234427269,-180.312576719015));
#9970=CARTESIAN_POINT('Origin',(150.591180891651,224.098234427269,-180.956586180646));
#9971=CARTESIAN_POINT('',(150.591180891651,219.998234427269,-180.312576719015));
#9972=CARTESIAN_POINT('',(150.591180891651,224.098234427269,-180.312576719015));
#9973=CARTESIAN_POINT('Origin',(150.591180891651,219.998234427269,-180.956586180645));
#9974=CARTESIAN_POINT('Origin',(147.168177984384,224.098234427269,-185.556586180646));
#9975=CARTESIAN_POINT('',(148.163165421491,224.098234427269,-185.456586180646));
#9976=CARTESIAN_POINT('',(146.173190547277,224.098234427269,-185.456586180646));
#9977=CARTESIAN_POINT('Origin',(147.168177984384,224.098234427269,-185.556586180646));
#9978=CARTESIAN_POINT('',(146.173190547277,219.998234427269,-185.456586180646));
#9979=CARTESIAN_POINT('',(146.173190547277,224.098234427269,-185.456586180646));
#9980=CARTESIAN_POINT('',(148.163165421491,219.998234427269,-185.456586180646));
#9981=CARTESIAN_POINT('Origin',(147.168177984384,219.998234427269,-185.556586180646));
#9982=CARTESIAN_POINT('',(148.163165421491,224.098234427269,-185.456586180646));
#9983=CARTESIAN_POINT('Origin',(147.168177984382,224.098234427269,-176.356586180646));
#9984=CARTESIAN_POINT('',(146.173190547275,219.998234427269,-176.456586180646));
#9985=CARTESIAN_POINT('',(148.163165421489,219.998234427269,-176.456586180646));
#9986=CARTESIAN_POINT('Origin',(147.168177984382,219.998234427269,-176.356586180646));
#9987=CARTESIAN_POINT('',(146.173190547275,224.098234427269,-176.456586180646));
#9988=CARTESIAN_POINT('',(146.173190547275,224.098234427269,-176.456586180646));
#9989=CARTESIAN_POINT('',(148.163165421489,224.098234427269,-176.456586180646));
#9990=CARTESIAN_POINT('Origin',(147.168177984382,224.098234427269,-176.356586180646));
#9991=CARTESIAN_POINT('',(148.163165421489,224.098234427269,-176.456586180646));
#9992=CARTESIAN_POINT('Origin',(148.468177984382,224.098234427269,-176.456586180646));
#9993=CARTESIAN_POINT('',(144.868177984382,219.998234427269,-176.456586180647));
#9994=CARTESIAN_POINT('',(144.868177984382,219.998234427269,-176.456586180647));
#9995=CARTESIAN_POINT('',(144.868177984382,224.098234427269,-176.456586180647));
#9996=CARTESIAN_POINT('',(144.868177984382,219.998234427269,-176.456586180647));
#9997=CARTESIAN_POINT('',(144.868177984382,224.098234427269,-176.456586180647));
#9998=CARTESIAN_POINT('Origin',(144.468177984383,224.098234427269,-180.956586180647));
#9999=CARTESIAN_POINT('',(144.468177984382,224.098234427269,-176.056586180647));
#10000=CARTESIAN_POINT('',(144.468177984381,224.09823442727,-171.356586180647));
#10001=CARTESIAN_POINT('',(144.468177984382,224.098234427269,-176.056586180647));
#10002=CARTESIAN_POINT('',(144.468177984382,219.998234427269,-176.056586180647));
#10003=CARTESIAN_POINT('',(144.468177984382,224.098234427269,-176.056586180647));
#10004=CARTESIAN_POINT('',(144.468177984381,219.998234427269,-171.356586180647));
#10005=CARTESIAN_POINT('',(144.468177984382,219.998234427269,-176.056586180647));
#10006=CARTESIAN_POINT('',(144.468177984381,219.998234427269,-171.356586180647));
#10007=CARTESIAN_POINT('Origin',(148.468177984381,224.09823442727,-170.956586180646));
#10008=CARTESIAN_POINT('',(144.868177984381,224.09823442727,-170.956586180647));
#10009=CARTESIAN_POINT('',(151.168177984381,224.09823442727,-170.956586180645));
#10010=CARTESIAN_POINT('',(144.868177984381,224.09823442727,-170.956586180647));
#10011=CARTESIAN_POINT('',(144.868177984381,219.99823442727,-170.956586180647));
#10012=CARTESIAN_POINT('',(144.868177984381,224.09823442727,-170.956586180647));
#10013=CARTESIAN_POINT('',(151.168177984381,219.99823442727,-170.956586180645));
#10014=CARTESIAN_POINT('',(144.868177984381,219.99823442727,-170.956586180647));
#10015=CARTESIAN_POINT('',(151.168177984381,219.99823442727,-170.956586180645));
#10016=CARTESIAN_POINT('Origin',(152.168177984383,224.098234427269,-180.956586180645));
#10017=CARTESIAN_POINT('',(152.168177984385,219.998234427268,-189.956586180645));
#10018=CARTESIAN_POINT('',(152.168177984381,219.998234427269,-171.956586180645));
#10019=CARTESIAN_POINT('',(152.168177984385,219.998234427268,-189.956586180645));
#10020=CARTESIAN_POINT('',(152.168177984385,224.098234427268,-189.956586180645));
#10021=CARTESIAN_POINT('',(152.168177984385,219.998234427268,-189.956586180645));
#10022=CARTESIAN_POINT('',(152.168177984381,224.098234427269,-171.956586180645));
#10023=CARTESIAN_POINT('',(152.168177984385,224.098234427268,-189.956586180645));
#10024=CARTESIAN_POINT('',(152.168177984381,224.098234427269,-171.956586180645));
#10025=CARTESIAN_POINT('Origin',(148.468177984385,224.098234427268,-190.956586180646));
#10026=CARTESIAN_POINT('',(144.868177984385,219.998234427268,-190.956586180647));
#10027=CARTESIAN_POINT('',(151.168177984385,219.998234427268,-190.956586180645));
#10028=CARTESIAN_POINT('',(144.868177984385,219.998234427268,-190.956586180647));
#10029=CARTESIAN_POINT('',(144.868177984385,224.098234427268,-190.956586180647));
#10030=CARTESIAN_POINT('',(144.868177984385,219.998234427268,-190.956586180647));
#10031=CARTESIAN_POINT('',(151.168177984385,224.098234427268,-190.956586180645));
#10032=CARTESIAN_POINT('',(144.868177984385,224.098234427268,-190.956586180647));
#10033=CARTESIAN_POINT('',(151.168177984385,224.098234427268,-190.956586180645));
#10034=CARTESIAN_POINT('Origin',(144.468177984383,224.098234427269,-180.956586180647));
#10035=CARTESIAN_POINT('',(144.468177984385,224.098234427268,-190.556586180647));
#10036=CARTESIAN_POINT('',(144.468177984384,224.098234427269,-185.856586180647));
#10037=CARTESIAN_POINT('',(144.468177984385,224.098234427268,-190.556586180647));
#10038=CARTESIAN_POINT('',(144.468177984385,219.998234427268,-190.556586180647));
#10039=CARTESIAN_POINT('',(144.468177984385,224.098234427268,-190.556586180647));
#10040=CARTESIAN_POINT('',(144.468177984384,219.998234427269,-185.856586180647));
#10041=CARTESIAN_POINT('',(144.468177984385,219.998234427268,-190.556586180647));
#10042=CARTESIAN_POINT('',(144.468177984384,219.998234427269,-185.856586180647));
#10043=CARTESIAN_POINT('Origin',(148.468177984384,224.098234427269,-185.456586180646));
#10044=CARTESIAN_POINT('',(144.868177984384,224.098234427269,-185.456586180647));
#10045=CARTESIAN_POINT('',(144.868177984384,224.098234427269,-185.456586180647));
#10046=CARTESIAN_POINT('',(144.868177984384,219.998234427269,-185.456586180647));
#10047=CARTESIAN_POINT('',(144.868177984384,224.098234427269,-185.456586180647));
#10048=CARTESIAN_POINT('',(144.868177984384,219.998234427269,-185.456586180647));
#10049=CARTESIAN_POINT('Origin',(148.468177984384,224.098234427269,-185.456586180646));
#10050=CARTESIAN_POINT('',(148.968177984384,219.998234427269,-185.456586180646));
#10051=CARTESIAN_POINT('',(148.163165421491,219.998234427269,-185.456586180646));
#10052=CARTESIAN_POINT('',(148.968177984384,224.098234427269,-185.456586180646));
#10053=CARTESIAN_POINT('',(148.968177984384,224.098234427269,-185.456586180646));
#10054=CARTESIAN_POINT('',(148.163165421491,224.098234427269,-185.456586180646));
#10055=CARTESIAN_POINT('Origin',(148.968177984383,224.098234427269,-180.956586180646));
#10056=CARTESIAN_POINT('',(148.968177984382,219.998234427269,-176.456586180646));
#10057=CARTESIAN_POINT('',(148.968177984384,219.998234427269,-185.456586180646));
#10058=CARTESIAN_POINT('',(148.968177984382,224.098234427269,-176.456586180646));
#10059=CARTESIAN_POINT('',(148.968177984382,224.098234427269,-176.456586180646));
#10060=CARTESIAN_POINT('',(148.968177984384,224.098234427269,-185.456586180646));
#10061=CARTESIAN_POINT('Origin',(148.468177984382,224.098234427269,-176.456586180646));
#10062=CARTESIAN_POINT('',(148.163165421489,219.998234427269,-176.456586180646));
#10063=CARTESIAN_POINT('',(148.163165421489,224.098234427269,-176.456586180646));
#10064=CARTESIAN_POINT('Origin',(148.468177984383,224.098234427269,-180.956586180646));
#10065=CARTESIAN_POINT('',(144.868177984385,224.098234427268,-190.956586180647));
#10066=CARTESIAN_POINT('',(144.468177984384,224.098234427269,-185.856586180647));
#10067=CARTESIAN_POINT('',(144.868177984382,224.098234427269,-176.456586180647));
#10068=CARTESIAN_POINT('',(144.468177984381,224.09823442727,-171.356586180647));
#10069=CARTESIAN_POINT('',(151.168177984381,224.09823442727,-170.956586180645));
#10070=CARTESIAN_POINT('',(152.168177984385,224.098234427268,-189.956586180645));
#10071=CARTESIAN_POINT('Origin',(148.468177984383,219.998234427269,-180.956586180646));
#10072=CARTESIAN_POINT('',(144.468177984385,219.998234427268,-190.556586180647));
#10073=CARTESIAN_POINT('',(151.168177984385,219.998234427268,-190.956586180645));
#10074=CARTESIAN_POINT('',(152.168177984381,219.998234427269,-171.956586180645));
#10075=CARTESIAN_POINT('',(144.868177984381,219.99823442727,-170.956586180647));
#10076=CARTESIAN_POINT('',(144.468177984382,219.998234427269,-176.056586180647));
#10077=CARTESIAN_POINT('',(144.868177984384,219.998234427269,-185.456586180647));
#10078=CARTESIAN_POINT('Origin',(151.168177984385,224.098234427268,-190.956586180645));
#10079=CARTESIAN_POINT('Origin',(152.168177984381,224.098234427269,-171.956586180645));
#10080=CARTESIAN_POINT('Origin',(144.468177984385,224.098234427268,-190.556586180647));
#10081=CARTESIAN_POINT('Origin',(144.868177984384,224.098234427269,-185.456586180647));
#10082=CARTESIAN_POINT('Origin',(144.468177984382,224.098234427269,-176.056586180647));
#10083=CARTESIAN_POINT('Origin',(144.868177984381,224.09823442727,-170.956586180647));
#10084=CARTESIAN_POINT('Origin',(150.385165879264,224.098234427269,-186.695314948308));
#10085=CARTESIAN_POINT('',(150.497236279364,225.218752397402,-187.347924536062));
#10086=CARTESIAN_POINT('',(150.385165879264,225.22407300753,-187.348390029131));
#10087=CARTESIAN_POINT('Origin',(150.385165879264,224.050083787326,-187.245679281262));
#10088=CARTESIAN_POINT('',(150.511442694484,225.381132465251,-186.874887663599));
#10089=CARTESIAN_POINT('Origin',(150.399097026987,224.097015609773,-186.695314948308));
#10090=CARTESIAN_POINT('',(150.986375324419,225.240421004465,-186.862577005952));
#10091=CARTESIAN_POINT('Origin',(150.385165879264,224.092388241811,-186.762137153863));
#10092=CARTESIAN_POINT('',(150.986265482366,225.23916550406,-186.519317462078));
#10093=CARTESIAN_POINT('Origin',(150.882639154385,224.054711155288,-186.695314948308));
#10094=CARTESIAN_POINT('',(150.511333985623,225.379889917291,-186.507005671239));
#10095=CARTESIAN_POINT('Origin',(150.385165879264,224.091620259247,-186.619714661882));
#10096=CARTESIAN_POINT('',(150.496807461241,225.213850983823,-186.034288908039));
#10097=CARTESIAN_POINT('Origin',(150.399097026987,224.097015609773,-186.695314948308));
#10098=CARTESIAN_POINT('',(150.159530710374,225.197351887711,-186.035732391907));
#10099=CARTESIAN_POINT('Origin',(150.385165879264,224.049315804763,-186.136172534484));
#10100=CARTESIAN_POINT('',(150.144977240863,225.363698805409,-186.508422209979));
#10101=CARTESIAN_POINT('Origin',(150.256674535006,224.086992891285,-186.695314948308));
#10102=CARTESIAN_POINT('',(149.674237142022,225.175066494934,-186.52492539872));
#10103=CARTESIAN_POINT('Origin',(150.385165879264,224.091620259247,-186.619714661882));
#10104=CARTESIAN_POINT('',(149.674125827884,225.176338821358,-186.856970541396));
#10105=CARTESIAN_POINT('Origin',(149.773132407607,224.0446884368,-186.695314948308));
#10106=CARTESIAN_POINT('',(150.144868844314,225.364937783635,-186.873470812548));
#10107=CARTESIAN_POINT('Origin',(150.385165879264,224.092388241811,-186.762137153863));
#10108=CARTESIAN_POINT('',(150.159100422416,225.20227010158,-187.346482522029));
#10109=CARTESIAN_POINT('Origin',(150.256674535006,224.086992891285,-186.695314948308));
#10110=CARTESIAN_POINT('Origin',(150.385165879264,224.050083787326,-187.245679281262));
#10111=CARTESIAN_POINT('',(150.385165879264,224.098234427269,-187.996860018599));
#10112=CARTESIAN_POINT('Origin',(150.385165879264,224.098234427269,-186.695314948308));
#10113=CARTESIAN_POINT('Origin',(150.385165879264,224.098234427269,-186.695314948308));
#10114=CARTESIAN_POINT('Origin',(152.302153774142,224.098234427269,-180.956586180645));
#10115=CARTESIAN_POINT('Origin',(148.468177984384,224.298234427269,-187.267389649104));
#10116=CARTESIAN_POINT('',(150.238193295341,224.298234427269,-187.267389649104));
#10117=CARTESIAN_POINT('',(150.159100422416,225.20227010158,-187.346482522029));
#10118=CARTESIAN_POINT('',(150.416701392406,224.298234427269,-187.267389649104));
#10119=CARTESIAN_POINT('',(150.238193295341,224.298234427269,-187.267389649104));
#10120=CARTESIAN_POINT('',(150.497236279364,225.218752397402,-187.347924536062));
#10121=CARTESIAN_POINT('Origin',(150.23819329534,224.298234427269,-180.956586180646));
#10122=CARTESIAN_POINT('',(150.238193295341,224.298234427269,-186.780146361521));
#10123=CARTESIAN_POINT('',(150.144868844314,225.364937783635,-186.873470812548));
#10124=CARTESIAN_POINT('',(150.238193295341,224.298234427269,-186.780146361521));
#10125=CARTESIAN_POINT('Origin',(148.468177984384,224.298234427269,-186.780146361522));
#10126=CARTESIAN_POINT('',(149.750950007759,224.298234427269,-186.780146361521));
#10127=CARTESIAN_POINT('',(149.674125827884,225.176338821358,-186.856970541396));
#10128=CARTESIAN_POINT('',(149.750950007759,224.298234427269,-186.780146361521));
#10129=CARTESIAN_POINT('Origin',(149.750950007757,224.298234427269,-180.956586180646));
#10130=CARTESIAN_POINT('',(149.750950007759,224.298234427269,-186.601638264457));
#10131=CARTESIAN_POINT('',(149.674237142022,225.175066494934,-186.52492539872));
#10132=CARTESIAN_POINT('',(149.750950007759,224.298234427269,-186.601638264457));
#10133=CARTESIAN_POINT('Origin',(148.468177984384,224.298234427269,-186.601638264457));
#10134=CARTESIAN_POINT('',(150.238193295341,224.298234427269,-186.601638264457));
#10135=CARTESIAN_POINT('',(150.144977240863,225.363698805409,-186.508422209979));
#10136=CARTESIAN_POINT('',(150.238193295341,224.298234427269,-186.601638264457));
#10137=CARTESIAN_POINT('Origin',(150.23819329534,224.298234427269,-180.956586180646));
#10138=CARTESIAN_POINT('',(150.238193295341,224.298234427269,-186.114394976874));
#10139=CARTESIAN_POINT('',(150.159530710374,225.197351887711,-186.035732391907));
#10140=CARTESIAN_POINT('',(150.238193295341,224.298234427269,-186.114394976874));
#10141=CARTESIAN_POINT('Origin',(148.468177984384,224.298234427269,-186.114394976875));
#10142=CARTESIAN_POINT('',(150.416701392405,224.298234427269,-186.114394976874));
#10143=CARTESIAN_POINT('',(150.496807461241,225.213850983823,-186.034288908039));
#10144=CARTESIAN_POINT('',(150.416701392405,224.298234427269,-186.114394976874));
#10145=CARTESIAN_POINT('Origin',(150.416701392404,224.298234427269,-180.956586180646));
#10146=CARTESIAN_POINT('',(150.416701392406,224.298234427269,-186.601638264457));
#10147=CARTESIAN_POINT('',(150.511333985623,225.379889917291,-186.507005671239));
#10148=CARTESIAN_POINT('',(150.416701392406,224.298234427269,-186.601638264457));
#10149=CARTESIAN_POINT('Origin',(148.468177984384,224.298234427269,-186.601638264457));
#10150=CARTESIAN_POINT('',(150.903944679988,224.298234427269,-186.601638264457));
#10151=CARTESIAN_POINT('',(150.986265482366,225.23916550406,-186.519317462078));
#10152=CARTESIAN_POINT('',(150.903944679988,224.298234427269,-186.601638264457));
#10153=CARTESIAN_POINT('Origin',(150.903944679987,224.298234427269,-180.956586180645));
#10154=CARTESIAN_POINT('',(150.903944679988,224.298234427269,-186.780146361521));
#10155=CARTESIAN_POINT('',(150.986375324419,225.240421004465,-186.862577005952));
#10156=CARTESIAN_POINT('',(150.903944679988,224.298234427269,-186.780146361521));
#10157=CARTESIAN_POINT('Origin',(148.468177984384,224.298234427269,-186.780146361522));
#10158=CARTESIAN_POINT('',(150.416701392406,224.298234427269,-186.780146361521));
#10159=CARTESIAN_POINT('',(150.511442694484,225.381132465251,-186.874887663599));
#10160=CARTESIAN_POINT('',(150.416701392406,224.298234427269,-186.780146361521));
#10161=CARTESIAN_POINT('Origin',(150.416701392404,224.298234427269,-180.956586180646));
#10162=CARTESIAN_POINT('',(150.416701392406,224.298234427269,-187.267389649104));
#10163=CARTESIAN_POINT('Origin',(148.468177984383,224.298234427269,-180.956586180646));
#10164=CARTESIAN_POINT('Origin',(150.385165879261,224.098234427269,-175.217857412983));
#10165=CARTESIAN_POINT('',(150.496807461238,225.213850983823,-175.878883453252));
#10166=CARTESIAN_POINT('',(150.385165879261,225.21914970289,-175.879347031102));
#10167=CARTESIAN_POINT('Origin',(150.385165879261,224.049315804763,-175.776999826807));
#10168=CARTESIAN_POINT('',(150.511333985621,225.379889917292,-175.406166690052));
#10169=CARTESIAN_POINT('Origin',(150.399097026984,224.097015609774,-175.217857412983));
#10170=CARTESIAN_POINT('',(150.986265482364,225.239165504061,-175.393854899213));
#10171=CARTESIAN_POINT('Origin',(150.385165879261,224.091620259248,-175.293457699409));
#10172=CARTESIAN_POINT('',(150.986375324417,225.240421004465,-175.050595355339));
#10173=CARTESIAN_POINT('Origin',(150.882639154383,224.054711155289,-175.217857412983));
#10174=CARTESIAN_POINT('',(150.511442694481,225.381132465252,-175.038284697692));
#10175=CARTESIAN_POINT('Origin',(150.385165879261,224.092388241811,-175.151035207428));
#10176=CARTESIAN_POINT('',(150.497236279362,225.218752397402,-174.565247825229));
#10177=CARTESIAN_POINT('Origin',(150.399097026984,224.097015609774,-175.217857412983));
#10178=CARTESIAN_POINT('',(150.159100422413,225.202270101581,-174.566689839262));
#10179=CARTESIAN_POINT('Origin',(150.385165879261,224.050083787327,-174.667493080029));
#10180=CARTESIAN_POINT('',(150.144868844312,225.364937783635,-175.039701548743));
#10181=CARTESIAN_POINT('Origin',(150.256674535003,224.086992891285,-175.217857412983));
#10182=CARTESIAN_POINT('',(149.674125827881,225.176338821359,-175.056201819895));
#10183=CARTESIAN_POINT('Origin',(150.385165879261,224.092388241811,-175.151035207428));
#10184=CARTESIAN_POINT('',(149.67423714202,225.175066494935,-175.388246962571));
#10185=CARTESIAN_POINT('Origin',(149.773132407605,224.044688436801,-175.217857412983));
#10186=CARTESIAN_POINT('',(150.144977240861,225.363698805409,-175.404750151313));
#10187=CARTESIAN_POINT('Origin',(150.385165879261,224.091620259248,-175.293457699409));
#10188=CARTESIAN_POINT('',(150.159530710372,225.197351887712,-175.877439969384));
#10189=CARTESIAN_POINT('Origin',(150.256674535003,224.086992891285,-175.217857412983));
#10190=CARTESIAN_POINT('Origin',(150.385165879261,224.049315804763,-175.776999826807));
#10191=CARTESIAN_POINT('',(150.385165879262,224.098234427269,-176.519402483274));
#10192=CARTESIAN_POINT('Origin',(150.385165879261,224.098234427269,-175.217857412983));
#10193=CARTESIAN_POINT('Origin',(150.385165879261,224.098234427269,-175.217857412983));
#10194=CARTESIAN_POINT('Origin',(152.302153774142,224.098234427269,-180.956586180645));
#10195=CARTESIAN_POINT('Origin',(148.468177984382,224.298234427269,-174.645782712188));
#10196=CARTESIAN_POINT('',(150.416701392403,224.298234427269,-174.645782712188));
#10197=CARTESIAN_POINT('',(150.497236279362,225.218752397402,-174.565247825229));
#10198=CARTESIAN_POINT('',(150.238193295339,224.298234427269,-174.645782712188));
#10199=CARTESIAN_POINT('',(150.238193295339,224.298234427269,-174.645782712188));
#10200=CARTESIAN_POINT('',(150.159100422413,225.202270101581,-174.566689839262));
#10201=CARTESIAN_POINT('Origin',(150.416701392404,224.298234427269,-180.956586180646));
#10202=CARTESIAN_POINT('',(150.416701392403,224.298234427269,-175.13302599977));
#10203=CARTESIAN_POINT('',(150.511442694481,225.381132465252,-175.038284697692));
#10204=CARTESIAN_POINT('',(150.416701392403,224.298234427269,-174.645782712188));
#10205=CARTESIAN_POINT('Origin',(148.468177984382,224.298234427269,-175.13302599977));
#10206=CARTESIAN_POINT('',(150.903944679986,224.298234427269,-175.13302599977));
#10207=CARTESIAN_POINT('',(150.986375324417,225.240421004465,-175.050595355339));
#10208=CARTESIAN_POINT('',(150.416701392403,224.298234427269,-175.13302599977));
#10209=CARTESIAN_POINT('Origin',(150.903944679987,224.298234427269,-180.956586180645));
#10210=CARTESIAN_POINT('',(150.903944679986,224.298234427269,-175.311534096834));
#10211=CARTESIAN_POINT('',(150.986265482364,225.239165504061,-175.393854899213));
#10212=CARTESIAN_POINT('',(150.903944679986,224.298234427269,-175.13302599977));
#10213=CARTESIAN_POINT('Origin',(148.468177984382,224.298234427269,-175.311534096835));
#10214=CARTESIAN_POINT('',(150.416701392403,224.298234427269,-175.311534096835));
#10215=CARTESIAN_POINT('',(150.511333985621,225.379889917292,-175.406166690052));
#10216=CARTESIAN_POINT('',(150.903944679986,224.298234427269,-175.311534096834));
#10217=CARTESIAN_POINT('Origin',(150.416701392404,224.298234427269,-180.956586180646));
#10218=CARTESIAN_POINT('',(150.416701392403,224.298234427269,-175.798777384417));
#10219=CARTESIAN_POINT('',(150.496807461238,225.213850983823,-175.878883453252));
#10220=CARTESIAN_POINT('',(150.416701392403,224.298234427269,-175.311534096835));
#10221=CARTESIAN_POINT('Origin',(148.468177984382,224.298234427269,-175.798777384417));
#10222=CARTESIAN_POINT('',(150.238193295339,224.298234427269,-175.798777384417));
#10223=CARTESIAN_POINT('',(150.159530710372,225.197351887712,-175.877439969384));
#10224=CARTESIAN_POINT('',(150.416701392403,224.298234427269,-175.798777384417));
#10225=CARTESIAN_POINT('Origin',(150.23819329534,224.298234427269,-180.956586180646));
#10226=CARTESIAN_POINT('',(150.238193295339,224.298234427269,-175.311534096835));
#10227=CARTESIAN_POINT('',(150.144977240861,225.363698805409,-175.404750151313));
#10228=CARTESIAN_POINT('',(150.238193295339,224.298234427269,-175.798777384417));
#10229=CARTESIAN_POINT('Origin',(148.468177984382,224.298234427269,-175.311534096835));
#10230=CARTESIAN_POINT('',(149.750950007756,224.298234427269,-175.311534096835));
#10231=CARTESIAN_POINT('',(149.67423714202,225.175066494935,-175.388246962571));
#10232=CARTESIAN_POINT('',(150.238193295339,224.298234427269,-175.311534096835));
#10233=CARTESIAN_POINT('Origin',(149.750950007757,224.298234427269,-180.956586180646));
#10234=CARTESIAN_POINT('',(149.750950007756,224.298234427269,-175.13302599977));
#10235=CARTESIAN_POINT('',(149.674125827881,225.176338821359,-175.056201819895));
#10236=CARTESIAN_POINT('',(149.750950007756,224.298234427269,-175.311534096835));
#10237=CARTESIAN_POINT('Origin',(148.468177984382,224.298234427269,-175.13302599977));
#10238=CARTESIAN_POINT('',(150.238193295339,224.298234427269,-175.13302599977));
#10239=CARTESIAN_POINT('',(150.144868844312,225.364937783635,-175.039701548743));
#10240=CARTESIAN_POINT('',(149.750950007756,224.298234427269,-175.13302599977));
#10241=CARTESIAN_POINT('Origin',(150.23819329534,224.298234427269,-180.956586180646));
#10242=CARTESIAN_POINT('',(150.238193295339,224.298234427269,-175.13302599977));
#10243=CARTESIAN_POINT('Origin',(148.468177984383,224.298234427269,-180.956586180646));
#10244=CARTESIAN_POINT('Origin',(147.168177984384,224.798234427269,-185.556586180646));
#10245=CARTESIAN_POINT('',(146.670684265831,224.798234427269,-185.506586180646));
#10246=CARTESIAN_POINT('',(147.668177984384,224.798234427269,-185.556586180646));
#10247=CARTESIAN_POINT('Origin',(147.168177984384,224.798234427269,-185.556586180646));
#10248=CARTESIAN_POINT('',(146.670684265831,224.998234427269,-185.506586180646));
#10249=CARTESIAN_POINT('',(146.670684265831,224.798234427269,-185.506586180646));
#10250=CARTESIAN_POINT('',(147.668177984384,224.998234427269,-185.556586180646));
#10251=CARTESIAN_POINT('Origin',(147.168177984384,224.998234427269,-185.556586180646));
#10252=CARTESIAN_POINT('',(147.668177984384,224.798234427269,-185.556586180646));
#10253=CARTESIAN_POINT('Origin',(150.385165879261,224.998234427269,-175.217857412983));
#10254=CARTESIAN_POINT('',(149.968177984382,224.998234427269,-176.450797259659));
#10255=CARTESIAN_POINT('',(150.385165879261,224.998234427269,-173.916312342692));
#10256=CARTESIAN_POINT('Origin',(150.385165879261,224.998234427269,-175.217857412983));
#10257=CARTESIAN_POINT('',(149.968177984382,224.798234427269,-176.450797259659));
#10258=CARTESIAN_POINT('',(149.968177984382,224.798234427269,-176.450797259659));
#10259=CARTESIAN_POINT('',(149.468177984382,224.798234427269,-176.141520106093));
#10260=CARTESIAN_POINT('Origin',(150.385165879261,224.798234427269,-175.217857412983));
#10261=CARTESIAN_POINT('',(149.468177984382,224.998234427269,-176.141520106093));
#10262=CARTESIAN_POINT('',(149.468177984382,224.798234427269,-176.141520106093));
#10263=CARTESIAN_POINT('',(149.313578562322,224.998234427269,-175.956586180646));
#10264=CARTESIAN_POINT('Origin',(150.385165879261,224.998234427269,-175.217857412983));
#10265=CARTESIAN_POINT('',(149.313578562322,224.798234427269,-175.956586180646));
#10266=CARTESIAN_POINT('',(149.313578562322,224.798234427269,-175.956586180646));
#10267=CARTESIAN_POINT('',(149.105701872152,224.798234427269,-175.456586180646));
#10268=CARTESIAN_POINT('Origin',(150.385165879261,224.798234427269,-175.217857412983));
#10269=CARTESIAN_POINT('',(149.105701872152,224.998234427269,-175.456586180646));
#10270=CARTESIAN_POINT('',(149.105701872152,224.798234427269,-175.456586180646));
#10271=CARTESIAN_POINT('Origin',(150.385165879261,224.998234427269,-175.217857412983));
#10272=CARTESIAN_POINT('',(150.385165879261,224.098234427269,-173.916312342692));
#10273=CARTESIAN_POINT('',(150.385165879261,224.998234427269,-173.916312342692));
#10274=CARTESIAN_POINT('Origin',(150.385165879261,224.098234427269,-175.217857412983));
#10275=CARTESIAN_POINT('Origin',(150.591180891651,224.998234427269,-180.956586180646));
#10276=CARTESIAN_POINT('',(150.591180891651,224.798234427269,-180.312576719015));
#10277=CARTESIAN_POINT('Origin',(150.591180891651,224.798234427269,-180.956586180646));
#10278=CARTESIAN_POINT('',(150.591180891651,224.098234427269,-180.312576719015));
#10279=CARTESIAN_POINT('',(150.591180891651,224.998234427269,-180.312576719015));
#10280=CARTESIAN_POINT('Origin',(150.591180891651,224.098234427269,-180.956586180646));
#10281=CARTESIAN_POINT('Origin',(150.385165879264,224.998234427269,-186.695314948308));
#10282=CARTESIAN_POINT('',(149.968177984384,224.998234427269,-185.462375101632));
#10283=CARTESIAN_POINT('',(150.385165879263,224.998234427269,-185.393769878017));
#10284=CARTESIAN_POINT('Origin',(150.385165879264,224.998234427269,-186.695314948308));
#10285=CARTESIAN_POINT('',(150.385165879263,224.098234427269,-185.393769878017));
#10286=CARTESIAN_POINT('',(150.385165879263,224.998234427269,-185.393769878017));
#10287=CARTESIAN_POINT('Origin',(150.385165879264,224.098234427269,-186.695314948308));
#10288=CARTESIAN_POINT('',(149.105701872154,224.998234427269,-186.456586180646));
#10289=CARTESIAN_POINT('Origin',(150.385165879264,224.998234427269,-186.695314948308));
#10290=CARTESIAN_POINT('',(149.105701872154,224.798234427269,-186.456586180646));
#10291=CARTESIAN_POINT('',(149.105701872154,224.798234427269,-186.456586180646));
#10292=CARTESIAN_POINT('',(149.313578562324,224.798234427269,-185.956586180646));
#10293=CARTESIAN_POINT('Origin',(150.385165879264,224.798234427269,-186.695314948308));
#10294=CARTESIAN_POINT('',(149.313578562324,224.998234427269,-185.956586180646));
#10295=CARTESIAN_POINT('',(149.313578562324,224.798234427269,-185.956586180646));
#10296=CARTESIAN_POINT('',(149.468177984384,224.998234427269,-185.771652255199));
#10297=CARTESIAN_POINT('Origin',(150.385165879264,224.998234427269,-186.695314948308));
#10298=CARTESIAN_POINT('',(149.468177984384,224.798234427269,-185.771652255199));
#10299=CARTESIAN_POINT('',(149.468177984384,224.798234427269,-185.771652255199));
#10300=CARTESIAN_POINT('',(149.968177984384,224.798234427269,-185.462375101632));
#10301=CARTESIAN_POINT('Origin',(150.385165879264,224.798234427269,-186.695314948308));
#10302=CARTESIAN_POINT('',(149.968177984384,224.798234427269,-185.462375101632));
#10303=CARTESIAN_POINT('Origin',(148.468177984383,224.998234427269,-180.956586180646));
#10304=CARTESIAN_POINT('',(144.468177984382,224.998234427269,-175.456586180647));
#10305=CARTESIAN_POINT('',(149.105701872152,224.998234427269,-175.456586180646));
#10306=CARTESIAN_POINT('',(144.468177984381,224.998234427269,-171.356586180647));
#10307=CARTESIAN_POINT('',(144.468177984382,224.998234427269,-175.456586180647));
#10308=CARTESIAN_POINT('',(144.868177984381,224.99823442727,-170.956586180647));
#10309=CARTESIAN_POINT('',(144.468177984381,224.998234427269,-171.356586180647));
#10310=CARTESIAN_POINT('',(151.168177984381,224.99823442727,-170.956586180645));
#10311=CARTESIAN_POINT('',(144.868177984381,224.99823442727,-170.956586180647));
#10312=CARTESIAN_POINT('',(152.168177984381,224.998234427269,-171.956586180645));
#10313=CARTESIAN_POINT('',(151.168177984381,224.99823442727,-170.956586180645));
#10314=CARTESIAN_POINT('',(152.168177984383,224.998234427269,-179.536820203729));
#10315=CARTESIAN_POINT('',(152.168177984383,224.998234427269,-179.536820203729));
#10316=CARTESIAN_POINT('',(149.968177984383,224.998234427269,-179.536820203729));
#10317=CARTESIAN_POINT('',(152.168177984383,224.998234427269,-179.536820203729));
#10318=CARTESIAN_POINT('',(149.968177984382,224.998234427269,-176.450797259659));
#10319=CARTESIAN_POINT('Origin',(144.468177984383,224.998234427269,-180.956586180647));
#10320=CARTESIAN_POINT('',(144.468177984382,224.798234427269,-175.456586180647));
#10321=CARTESIAN_POINT('',(144.468177984382,224.798234427269,-175.456586180647));
#10322=CARTESIAN_POINT('',(144.468177984382,224.798234427269,-175.956586180647));
#10323=CARTESIAN_POINT('',(144.468177984382,224.798234427269,-175.956586180647));
#10324=CARTESIAN_POINT('',(144.468177984382,224.998234427269,-175.956586180647));
#10325=CARTESIAN_POINT('',(144.468177984382,224.798234427269,-175.956586180647));
#10326=CARTESIAN_POINT('',(144.468177984382,224.998234427269,-176.056586180647));
#10327=CARTESIAN_POINT('',(144.468177984382,224.998234427269,-176.056586180647));
#10328=CARTESIAN_POINT('',(144.468177984382,224.098234427269,-176.056586180647));
#10329=CARTESIAN_POINT('',(144.468177984382,224.998234427269,-176.056586180647));
#10330=CARTESIAN_POINT('',(144.468177984381,224.09823442727,-171.356586180647));
#10331=CARTESIAN_POINT('',(144.468177984382,224.098234427269,-176.056586180647));
#10332=CARTESIAN_POINT('',(144.468177984381,224.09823442727,-171.356586180647));
#10333=CARTESIAN_POINT('Origin',(148.468177984383,224.998234427269,-180.956586180646));
#10334=CARTESIAN_POINT('',(147.668177984382,224.998234427269,-175.956586180646));
#10335=CARTESIAN_POINT('',(149.313578562322,224.998234427269,-175.956586180646));
#10336=CARTESIAN_POINT('',(149.468177984382,224.998234427269,-176.141520106093));
#10337=CARTESIAN_POINT('',(147.668177984384,224.998234427269,-185.956586180646));
#10338=CARTESIAN_POINT('',(149.313578562324,224.998234427269,-185.956586180646));
#10339=CARTESIAN_POINT('',(147.668177984384,224.998234427269,-185.556586180646));
#10340=CARTESIAN_POINT('',(146.670684265831,224.998234427269,-185.956586180646));
#10341=CARTESIAN_POINT('',(146.670684265831,224.998234427269,-185.506586180646));
#10342=CARTESIAN_POINT('',(144.468177984384,224.998234427269,-185.956586180647));
#10343=CARTESIAN_POINT('',(146.670684265831,224.998234427269,-185.956586180646));
#10344=CARTESIAN_POINT('',(144.468177984384,224.998234427269,-185.856586180647));
#10345=CARTESIAN_POINT('',(144.468177984384,224.998234427269,-185.956586180647));
#10346=CARTESIAN_POINT('',(144.868177984384,224.998234427269,-185.456586180647));
#10347=CARTESIAN_POINT('',(144.468177984384,224.998234427269,-185.856586180647));
#10348=CARTESIAN_POINT('',(146.173190547277,224.998234427269,-185.456586180647));
#10349=CARTESIAN_POINT('',(144.868177984384,224.998234427269,-185.456586180647));
#10350=CARTESIAN_POINT('',(146.918177984384,224.998234427269,-184.588340344095));
#10351=CARTESIAN_POINT('Origin',(147.168177984384,224.998234427269,-185.556586180646));
#10352=CARTESIAN_POINT('',(146.918177984384,224.998234427269,-184.088340344095));
#10353=CARTESIAN_POINT('',(146.918177984384,224.998234427269,-184.588340344095));
#10354=CARTESIAN_POINT('',(147.418177984384,224.998234427269,-184.088340344094));
#10355=CARTESIAN_POINT('',(146.918177984384,224.998234427269,-184.088340344095));
#10356=CARTESIAN_POINT('',(147.418177984384,224.998234427269,-184.588340344094));
#10357=CARTESIAN_POINT('',(147.418177984384,224.998234427269,-184.588340344094));
#10358=CARTESIAN_POINT('',(148.163165421491,224.998234427269,-185.456586180646));
#10359=CARTESIAN_POINT('Origin',(147.168177984384,224.998234427269,-185.556586180646));
#10360=CARTESIAN_POINT('',(148.968177984384,224.998234427269,-185.456586180646));
#10361=CARTESIAN_POINT('',(148.163165421491,224.998234427269,-185.456586180646));
#10362=CARTESIAN_POINT('',(148.968177984382,224.998234427269,-176.456586180646));
#10363=CARTESIAN_POINT('',(148.968177984384,224.998234427269,-185.456586180646));
#10364=CARTESIAN_POINT('',(148.163165421489,224.998234427269,-176.456586180646));
#10365=CARTESIAN_POINT('',(148.163165421489,224.998234427269,-176.456586180646));
#10366=CARTESIAN_POINT('',(147.418177984382,224.998234427269,-177.324832017198));
#10367=CARTESIAN_POINT('Origin',(147.168177984382,224.998234427269,-176.356586180646));
#10368=CARTESIAN_POINT('',(147.418177984382,224.998234427269,-177.824832017198));
#10369=CARTESIAN_POINT('',(147.418177984382,224.998234427269,-177.324832017198));
#10370=CARTESIAN_POINT('',(146.918177984382,224.998234427269,-177.824832017198));
#10371=CARTESIAN_POINT('',(146.918177984382,224.998234427269,-177.824832017198));
#10372=CARTESIAN_POINT('',(146.918177984382,224.998234427269,-177.324832017198));
#10373=CARTESIAN_POINT('',(146.918177984382,224.998234427269,-177.324832017198));
#10374=CARTESIAN_POINT('',(146.173190547275,224.998234427269,-176.456586180647));
#10375=CARTESIAN_POINT('Origin',(147.168177984382,224.998234427269,-176.356586180646));
#10376=CARTESIAN_POINT('',(144.868177984382,224.998234427269,-176.456586180647));
#10377=CARTESIAN_POINT('',(144.868177984382,224.998234427269,-176.456586180647));
#10378=CARTESIAN_POINT('',(144.868177984382,224.998234427269,-176.456586180647));
#10379=CARTESIAN_POINT('',(146.670684265829,224.998234427269,-175.956586180646));
#10380=CARTESIAN_POINT('',(146.670684265829,224.998234427269,-175.956586180646));
#10381=CARTESIAN_POINT('',(146.670684265829,224.998234427269,-176.406586180646));
#10382=CARTESIAN_POINT('',(146.670684265829,224.998234427269,-176.406586180646));
#10383=CARTESIAN_POINT('',(147.668177984382,224.998234427269,-176.356586180646));
#10384=CARTESIAN_POINT('Origin',(147.168177984382,224.998234427269,-176.356586180646));
#10385=CARTESIAN_POINT('',(147.668177984382,224.998234427269,-176.356586180646));
#10386=CARTESIAN_POINT('Origin',(144.468177984383,224.998234427269,-180.956586180647));
#10387=CARTESIAN_POINT('',(144.468177984384,224.798234427269,-185.956586180647));
#10388=CARTESIAN_POINT('',(144.468177984384,224.798234427269,-185.956586180647));
#10389=CARTESIAN_POINT('',(144.468177984384,224.798234427269,-186.456586180647));
#10390=CARTESIAN_POINT('',(144.468177984384,224.798234427269,-186.456586180647));
#10391=CARTESIAN_POINT('',(144.468177984384,224.998234427269,-186.456586180647));
#10392=CARTESIAN_POINT('',(144.468177984384,224.798234427269,-186.456586180647));
#10393=CARTESIAN_POINT('',(144.468177984385,224.998234427268,-190.556586180647));
#10394=CARTESIAN_POINT('',(144.468177984385,224.998234427268,-190.556586180647));
#10395=CARTESIAN_POINT('',(144.468177984385,224.098234427268,-190.556586180647));
#10396=CARTESIAN_POINT('',(144.468177984385,224.998234427268,-190.556586180647));
#10397=CARTESIAN_POINT('',(144.468177984384,224.098234427269,-185.856586180647));
#10398=CARTESIAN_POINT('',(144.468177984385,224.098234427268,-190.556586180647));
#10399=CARTESIAN_POINT('',(144.468177984384,224.098234427269,-185.856586180647));
#10400=CARTESIAN_POINT('Origin',(148.468177984383,224.998234427269,-180.956586180646));
#10401=CARTESIAN_POINT('',(149.105701872154,224.998234427269,-186.456586180646));
#10402=CARTESIAN_POINT('',(149.968177984383,224.998234427269,-182.376352157562));
#10403=CARTESIAN_POINT('',(149.968177984383,224.998234427269,-182.376352157562));
#10404=CARTESIAN_POINT('',(152.168177984383,224.998234427269,-182.376352157561));
#10405=CARTESIAN_POINT('',(152.168177984383,224.998234427269,-182.376352157561));
#10406=CARTESIAN_POINT('',(152.168177984385,224.998234427268,-189.956586180645));
#10407=CARTESIAN_POINT('',(152.168177984385,224.998234427268,-189.956586180645));
#10408=CARTESIAN_POINT('',(151.168177984385,224.998234427268,-190.956586180645));
#10409=CARTESIAN_POINT('',(152.168177984385,224.998234427268,-189.956586180645));
#10410=CARTESIAN_POINT('',(144.868177984385,224.998234427268,-190.956586180647));
#10411=CARTESIAN_POINT('',(144.868177984385,224.998234427268,-190.956586180647));
#10412=CARTESIAN_POINT('',(144.868177984385,224.998234427268,-190.956586180647));
#10413=CARTESIAN_POINT('Origin',(148.468177984382,224.998234427269,-176.456586180646));
#10414=CARTESIAN_POINT('',(148.163165421489,224.098234427269,-176.456586180646));
#10415=CARTESIAN_POINT('',(148.968177984382,224.098234427269,-176.456586180646));
#10416=CARTESIAN_POINT('',(148.163165421489,224.098234427269,-176.456586180646));
#10417=CARTESIAN_POINT('',(148.163165421489,224.998234427269,-176.456586180646));
#10418=CARTESIAN_POINT('',(148.968177984382,224.998234427269,-176.456586180646));
#10419=CARTESIAN_POINT('Origin',(147.168177984382,224.998234427269,-176.356586180646));
#10420=CARTESIAN_POINT('',(147.418177984382,224.098234427269,-177.324832017198));
#10421=CARTESIAN_POINT('Origin',(147.168177984382,224.098234427269,-176.356586180646));
#10422=CARTESIAN_POINT('',(147.418177984382,224.998234427269,-177.324832017198));
#10423=CARTESIAN_POINT('Origin',(147.418177984383,224.998234427269,-180.956586180646));
#10424=CARTESIAN_POINT('',(147.418177984382,224.098234427269,-177.824832017198));
#10425=CARTESIAN_POINT('',(147.418177984382,224.098234427269,-177.324832017198));
#10426=CARTESIAN_POINT('',(147.418177984382,224.998234427269,-177.824832017198));
#10427=CARTESIAN_POINT('Origin',(148.468177984382,224.998234427269,-177.824832017198));
#10428=CARTESIAN_POINT('',(146.918177984382,224.098234427269,-177.824832017198));
#10429=CARTESIAN_POINT('',(146.918177984382,224.098234427269,-177.824832017198));
#10430=CARTESIAN_POINT('',(146.918177984382,224.998234427269,-177.824832017198));
#10431=CARTESIAN_POINT('Origin',(146.918177984383,224.998234427269,-180.956586180646));
#10432=CARTESIAN_POINT('',(146.918177984382,224.098234427269,-177.324832017198));
#10433=CARTESIAN_POINT('',(146.918177984382,224.098234427269,-177.324832017198));
#10434=CARTESIAN_POINT('',(146.918177984382,224.998234427269,-177.324832017198));
#10435=CARTESIAN_POINT('Origin',(147.168177984382,224.998234427269,-176.356586180646));
#10436=CARTESIAN_POINT('',(146.173190547275,224.098234427269,-176.456586180646));
#10437=CARTESIAN_POINT('Origin',(147.168177984382,224.098234427269,-176.356586180646));
#10438=CARTESIAN_POINT('',(146.173190547275,224.998234427269,-176.456586180647));
#10439=CARTESIAN_POINT('Origin',(148.468177984382,224.998234427269,-176.456586180646));
#10440=CARTESIAN_POINT('',(144.868177984382,224.098234427269,-176.456586180647));
#10441=CARTESIAN_POINT('',(144.868177984382,224.098234427269,-176.456586180647));
#10442=CARTESIAN_POINT('',(144.868177984382,224.098234427269,-176.456586180647));
#10443=CARTESIAN_POINT('Origin',(148.468177984381,224.99823442727,-170.956586180646));
#10444=CARTESIAN_POINT('',(144.868177984381,224.09823442727,-170.956586180647));
#10445=CARTESIAN_POINT('',(144.868177984381,224.99823442727,-170.956586180647));
#10446=CARTESIAN_POINT('',(151.168177984381,224.09823442727,-170.956586180645));
#10447=CARTESIAN_POINT('',(144.868177984381,224.09823442727,-170.956586180647));
#10448=CARTESIAN_POINT('',(151.168177984381,224.09823442727,-170.956586180645));
#10449=CARTESIAN_POINT('Origin',(152.168177984383,224.998234427269,-180.956586180645));
#10450=CARTESIAN_POINT('',(152.168177984383,224.798234427269,-182.376352157561));
#10451=CARTESIAN_POINT('',(152.168177984383,224.798234427269,-182.376352157561));
#10452=CARTESIAN_POINT('',(152.168177984383,224.798234427269,-179.536820203729));
#10453=CARTESIAN_POINT('',(152.168177984383,224.798234427269,-179.536820203729));
#10454=CARTESIAN_POINT('',(152.168177984383,224.798234427269,-179.536820203729));
#10455=CARTESIAN_POINT('',(152.168177984381,224.098234427269,-171.956586180645));
#10456=CARTESIAN_POINT('',(152.168177984381,224.998234427269,-171.956586180645));
#10457=CARTESIAN_POINT('',(152.168177984385,224.098234427268,-189.956586180645));
#10458=CARTESIAN_POINT('',(152.168177984385,224.098234427268,-189.956586180645));
#10459=CARTESIAN_POINT('',(152.168177984385,224.098234427268,-189.956586180645));
#10460=CARTESIAN_POINT('Origin',(148.468177984385,224.998234427268,-190.956586180646));
#10461=CARTESIAN_POINT('',(144.868177984385,224.098234427268,-190.956586180647));
#10462=CARTESIAN_POINT('',(151.168177984385,224.098234427268,-190.956586180645));
#10463=CARTESIAN_POINT('',(144.868177984385,224.098234427268,-190.956586180647));
#10464=CARTESIAN_POINT('',(144.868177984385,224.098234427268,-190.956586180647));
#10465=CARTESIAN_POINT('',(151.168177984385,224.998234427268,-190.956586180645));
#10466=CARTESIAN_POINT('Origin',(148.468177984384,224.998234427269,-185.456586180646));
#10467=CARTESIAN_POINT('',(144.868177984384,224.098234427269,-185.456586180647));
#10468=CARTESIAN_POINT('',(144.868177984384,224.998234427269,-185.456586180647));
#10469=CARTESIAN_POINT('',(146.173190547277,224.098234427269,-185.456586180646));
#10470=CARTESIAN_POINT('',(144.868177984384,224.098234427269,-185.456586180647));
#10471=CARTESIAN_POINT('',(146.173190547277,224.998234427269,-185.456586180647));
#10472=CARTESIAN_POINT('Origin',(147.168177984384,224.998234427269,-185.556586180646));
#10473=CARTESIAN_POINT('',(146.918177984384,224.098234427269,-184.588340344094));
#10474=CARTESIAN_POINT('Origin',(147.168177984384,224.098234427269,-185.556586180646));
#10475=CARTESIAN_POINT('',(146.918177984384,224.998234427269,-184.588340344095));
#10476=CARTESIAN_POINT('Origin',(146.918177984383,224.998234427269,-180.956586180646));
#10477=CARTESIAN_POINT('',(146.918177984384,224.098234427269,-184.088340344094));
#10478=CARTESIAN_POINT('',(146.918177984384,224.098234427269,-184.588340344094));
#10479=CARTESIAN_POINT('',(146.918177984384,224.998234427269,-184.088340344095));
#10480=CARTESIAN_POINT('Origin',(148.468177984384,224.998234427269,-184.088340344094));
#10481=CARTESIAN_POINT('',(147.418177984384,224.098234427269,-184.088340344094));
#10482=CARTESIAN_POINT('',(146.918177984384,224.098234427269,-184.088340344094));
#10483=CARTESIAN_POINT('',(147.418177984384,224.998234427269,-184.088340344094));
#10484=CARTESIAN_POINT('Origin',(147.418177984383,224.998234427269,-180.956586180646));
#10485=CARTESIAN_POINT('',(147.418177984384,224.098234427269,-184.588340344094));
#10486=CARTESIAN_POINT('',(147.418177984384,224.098234427269,-184.588340344094));
#10487=CARTESIAN_POINT('',(147.418177984384,224.998234427269,-184.588340344094));
#10488=CARTESIAN_POINT('Origin',(147.168177984384,224.998234427269,-185.556586180646));
#10489=CARTESIAN_POINT('',(148.163165421491,224.098234427269,-185.456586180646));
#10490=CARTESIAN_POINT('Origin',(147.168177984384,224.098234427269,-185.556586180646));
#10491=CARTESIAN_POINT('',(148.163165421491,224.998234427269,-185.456586180646));
#10492=CARTESIAN_POINT('Origin',(148.468177984384,224.998234427269,-185.456586180646));
#10493=CARTESIAN_POINT('',(148.968177984384,224.098234427269,-185.456586180646));
#10494=CARTESIAN_POINT('',(148.163165421491,224.098234427269,-185.456586180646));
#10495=CARTESIAN_POINT('',(148.968177984384,224.998234427269,-185.456586180646));
#10496=CARTESIAN_POINT('Origin',(148.968177984383,224.998234427269,-180.956586180646));
#10497=CARTESIAN_POINT('',(148.968177984384,224.098234427269,-185.456586180646));
#10498=CARTESIAN_POINT('Origin',(148.468177984383,224.098234427269,-180.956586180646));
#10499=CARTESIAN_POINT('',(144.468177984382,224.098234427269,-176.056586180647));
#10500=CARTESIAN_POINT('',(144.868177984384,224.098234427269,-185.456586180647));
#10501=CARTESIAN_POINT('',(144.468177984385,224.098234427268,-190.556586180647));
#10502=CARTESIAN_POINT('',(151.168177984385,224.098234427268,-190.956586180645));
#10503=CARTESIAN_POINT('',(152.168177984381,224.098234427269,-171.956586180645));
#10504=CARTESIAN_POINT('',(144.868177984381,224.09823442727,-170.956586180647));
#10505=CARTESIAN_POINT('Origin',(152.168177984381,224.998234427269,-171.956586180645));
#10506=CARTESIAN_POINT('Origin',(151.168177984385,224.998234427268,-190.956586180645));
#10507=CARTESIAN_POINT('Origin',(144.468177984382,224.998234427269,-176.056586180647));
#10508=CARTESIAN_POINT('Origin',(144.868177984381,224.99823442727,-170.956586180647));
#10509=CARTESIAN_POINT('Origin',(144.868177984384,224.998234427269,-185.456586180647));
#10510=CARTESIAN_POINT('Origin',(144.468177984385,224.998234427268,-190.556586180647));
#10511=CARTESIAN_POINT('Origin',(148.468177984383,224.798234427269,-182.376352157562));
#10512=CARTESIAN_POINT('',(149.968177984383,224.798234427269,-182.376352157562));
#10513=CARTESIAN_POINT('',(149.968177984383,224.798234427269,-182.376352157562));
#10514=CARTESIAN_POINT('',(152.168177984383,224.798234427269,-182.376352157561));
#10515=CARTESIAN_POINT('Origin',(148.468177984383,224.798234427269,-179.53682020373));
#10516=CARTESIAN_POINT('',(149.968177984383,224.798234427269,-179.536820203729));
#10517=CARTESIAN_POINT('',(152.168177984383,224.798234427269,-179.536820203729));
#10518=CARTESIAN_POINT('',(149.968177984383,224.798234427269,-179.536820203729));
#10519=CARTESIAN_POINT('Origin',(149.968177984383,224.798234427269,-180.956586180646));
#10520=CARTESIAN_POINT('',(149.968177984382,224.798234427269,-176.450797259659));
#10521=CARTESIAN_POINT('Origin',(149.468177984383,224.798234427269,-180.956586180646));
#10522=CARTESIAN_POINT('',(149.468177984382,224.798234427269,-176.141520106093));
#10523=CARTESIAN_POINT('Origin',(149.968177984383,224.798234427269,-180.956586180646));
#10524=CARTESIAN_POINT('',(149.968177984383,224.798234427269,-182.376352157562));
#10525=CARTESIAN_POINT('Origin',(148.468177984383,224.798234427269,-180.956586180646));
#10526=CARTESIAN_POINT('Origin',(146.67068426583,224.798234427269,-180.956586180646));
#10527=CARTESIAN_POINT('',(146.670684265831,224.798234427269,-185.956586180646));
#10528=CARTESIAN_POINT('',(146.670684265831,224.798234427269,-185.506586180646));
#10529=CARTESIAN_POINT('',(146.670684265831,224.798234427269,-185.956586180646));
#10530=CARTESIAN_POINT('Origin',(148.468177984384,224.798234427269,-185.956586180646));
#10531=CARTESIAN_POINT('',(146.670684265831,224.798234427269,-185.956586180646));
#10532=CARTESIAN_POINT('Origin',(148.468177984384,224.798234427269,-186.456586180646));
#10533=CARTESIAN_POINT('',(149.105701872154,224.798234427269,-186.456586180646));
#10534=CARTESIAN_POINT('Origin',(148.468177984384,224.798234427269,-185.956586180646));
#10535=CARTESIAN_POINT('',(147.668177984384,224.798234427269,-185.956586180646));
#10536=CARTESIAN_POINT('',(149.313578562324,224.798234427269,-185.956586180646));
#10537=CARTESIAN_POINT('',(147.668177984384,224.798234427269,-185.956586180646));
#10538=CARTESIAN_POINT('Origin',(147.668177984383,224.798234427269,-180.956586180646));
#10539=CARTESIAN_POINT('',(147.668177984384,224.798234427269,-185.556586180646));
#10540=CARTESIAN_POINT('Origin',(148.468177984383,224.798234427269,-180.956586180646));
#10541=CARTESIAN_POINT('Origin',(147.168177984382,224.798234427269,-176.356586180646));
#10542=CARTESIAN_POINT('',(146.670684265829,224.798234427269,-176.406586180646));
#10543=CARTESIAN_POINT('',(146.670684265829,224.798234427269,-176.406586180646));
#10544=CARTESIAN_POINT('',(147.668177984382,224.798234427269,-176.356586180646));
#10545=CARTESIAN_POINT('Origin',(147.168177984382,224.798234427269,-176.356586180646));
#10546=CARTESIAN_POINT('',(147.668177984382,224.798234427269,-176.356586180646));
#10547=CARTESIAN_POINT('Origin',(147.668177984383,224.798234427269,-180.956586180646));
#10548=CARTESIAN_POINT('',(147.668177984382,224.798234427269,-175.956586180646));
#10549=CARTESIAN_POINT('',(147.668177984382,224.798234427269,-176.356586180646));
#10550=CARTESIAN_POINT('',(147.668177984382,224.798234427269,-175.956586180646));
#10551=CARTESIAN_POINT('Origin',(148.468177984382,224.798234427269,-175.956586180646));
#10552=CARTESIAN_POINT('',(149.313578562322,224.798234427269,-175.956586180646));
#10553=CARTESIAN_POINT('Origin',(148.468177984382,224.798234427269,-175.456586180646));
#10554=CARTESIAN_POINT('',(149.105701872152,224.798234427269,-175.456586180646));
#10555=CARTESIAN_POINT('Origin',(148.468177984382,224.798234427269,-175.956586180646));
#10556=CARTESIAN_POINT('',(146.670684265829,224.798234427269,-175.956586180646));
#10557=CARTESIAN_POINT('',(146.670684265829,224.798234427269,-175.956586180646));
#10558=CARTESIAN_POINT('',(146.670684265829,224.798234427269,-175.956586180646));
#10559=CARTESIAN_POINT('Origin',(146.67068426583,224.798234427269,-180.956586180646));
#10560=CARTESIAN_POINT('',(146.670684265829,224.798234427269,-176.406586180646));
#10561=CARTESIAN_POINT('Origin',(148.468177984383,224.798234427269,-180.956586180646));
#10562=CARTESIAN_POINT('Origin',(150.591180891651,185.998234427269,-180.956586180643));
#10563=CARTESIAN_POINT('',(150.591180891651,185.998234427269,-180.312576719013));
#10564=CARTESIAN_POINT('Origin',(150.591180891651,185.998234427269,-180.956586180643));
#10565=CARTESIAN_POINT('',(150.591180891651,190.098234427269,-180.312576719013));
#10566=CARTESIAN_POINT('',(150.591180891651,185.998234427269,-180.312576719013));
#10567=CARTESIAN_POINT('Origin',(150.591180891651,190.098234427269,-180.956586180644));
#10568=CARTESIAN_POINT('Origin',(147.168177984384,185.998234427269,-185.556586180644));
#10569=CARTESIAN_POINT('',(148.163165421491,185.998234427269,-185.456586180644));
#10570=CARTESIAN_POINT('',(146.173190547277,185.998234427269,-185.456586180644));
#10571=CARTESIAN_POINT('Origin',(147.168177984384,185.998234427269,-185.556586180644));
#10572=CARTESIAN_POINT('',(148.163165421491,190.098234427269,-185.456586180644));
#10573=CARTESIAN_POINT('',(148.163165421491,185.998234427269,-185.456586180644));
#10574=CARTESIAN_POINT('',(146.173190547277,190.098234427269,-185.456586180645));
#10575=CARTESIAN_POINT('Origin',(147.168177984384,190.098234427269,-185.556586180644));
#10576=CARTESIAN_POINT('',(146.173190547277,185.998234427269,-185.456586180644));
#10577=CARTESIAN_POINT('Origin',(147.168177984382,185.998234427269,-176.356586180644));
#10578=CARTESIAN_POINT('',(146.173190547275,190.098234427269,-176.456586180645));
#10579=CARTESIAN_POINT('',(148.163165421489,190.098234427269,-176.456586180644));
#10580=CARTESIAN_POINT('Origin',(147.168177984382,190.098234427269,-176.356586180644));
#10581=CARTESIAN_POINT('',(148.163165421489,185.998234427269,-176.456586180644));
#10582=CARTESIAN_POINT('',(148.163165421489,185.998234427269,-176.456586180644));
#10583=CARTESIAN_POINT('',(146.173190547275,185.998234427269,-176.456586180644));
#10584=CARTESIAN_POINT('Origin',(147.168177984382,185.998234427269,-176.356586180644));
#10585=CARTESIAN_POINT('',(146.173190547275,185.998234427269,-176.456586180644));
#10586=CARTESIAN_POINT('Origin',(148.468177984382,185.998234427269,-176.456586180644));
#10587=CARTESIAN_POINT('',(144.868177984382,190.098234427269,-176.456586180645));
#10588=CARTESIAN_POINT('',(144.868177984382,190.098234427269,-176.456586180645));
#10589=CARTESIAN_POINT('',(144.868177984382,185.998234427269,-176.456586180645));
#10590=CARTESIAN_POINT('',(144.868177984382,185.998234427269,-176.456586180645));
#10591=CARTESIAN_POINT('',(144.868177984382,190.098234427269,-176.456586180645));
#10592=CARTESIAN_POINT('Origin',(144.468177984383,185.998234427269,-180.956586180645));
#10593=CARTESIAN_POINT('',(144.468177984382,185.998234427269,-176.056586180645));
#10594=CARTESIAN_POINT('',(144.468177984381,185.998234427269,-171.356586180645));
#10595=CARTESIAN_POINT('',(144.468177984382,185.998234427269,-176.056586180645));
#10596=CARTESIAN_POINT('',(144.468177984381,190.09823442727,-171.356586180645));
#10597=CARTESIAN_POINT('',(144.468177984381,190.09823442727,-171.356586180645));
#10598=CARTESIAN_POINT('',(144.468177984382,190.098234427269,-176.056586180645));
#10599=CARTESIAN_POINT('',(144.468177984382,190.098234427269,-176.056586180645));
#10600=CARTESIAN_POINT('',(144.468177984382,185.998234427269,-176.056586180645));
#10601=CARTESIAN_POINT('Origin',(148.468177984381,185.99823442727,-170.956586180644));
#10602=CARTESIAN_POINT('',(144.868177984381,185.99823442727,-170.956586180645));
#10603=CARTESIAN_POINT('',(151.168177984381,185.99823442727,-170.956586180643));
#10604=CARTESIAN_POINT('',(144.868177984381,185.99823442727,-170.956586180645));
#10605=CARTESIAN_POINT('',(151.168177984381,190.09823442727,-170.956586180644));
#10606=CARTESIAN_POINT('',(151.168177984381,190.09823442727,-170.956586180644));
#10607=CARTESIAN_POINT('',(144.868177984381,190.09823442727,-170.956586180645));
#10608=CARTESIAN_POINT('',(144.868177984381,190.09823442727,-170.956586180645));
#10609=CARTESIAN_POINT('',(144.868177984381,185.99823442727,-170.956586180645));
#10610=CARTESIAN_POINT('Origin',(152.168177984383,185.998234427269,-180.956586180643));
#10611=CARTESIAN_POINT('',(152.168177984385,190.098234427268,-189.956586180643));
#10612=CARTESIAN_POINT('',(152.168177984381,190.098234427269,-171.956586180643));
#10613=CARTESIAN_POINT('',(152.168177984385,190.098234427268,-189.956586180643));
#10614=CARTESIAN_POINT('',(152.168177984381,185.998234427269,-171.956586180643));
#10615=CARTESIAN_POINT('',(152.168177984381,185.998234427269,-171.956586180643));
#10616=CARTESIAN_POINT('',(152.168177984385,185.998234427268,-189.956586180643));
#10617=CARTESIAN_POINT('',(152.168177984385,185.998234427268,-189.956586180643));
#10618=CARTESIAN_POINT('',(152.168177984385,190.098234427268,-189.956586180643));
#10619=CARTESIAN_POINT('Origin',(148.468177984385,185.998234427268,-190.956586180644));
#10620=CARTESIAN_POINT('',(144.868177984385,190.098234427268,-190.956586180645));
#10621=CARTESIAN_POINT('',(151.168177984385,190.098234427268,-190.956586180644));
#10622=CARTESIAN_POINT('',(144.868177984385,190.098234427268,-190.956586180645));
#10623=CARTESIAN_POINT('',(151.168177984385,185.998234427268,-190.956586180643));
#10624=CARTESIAN_POINT('',(151.168177984385,185.998234427268,-190.956586180643));
#10625=CARTESIAN_POINT('',(144.868177984385,185.998234427268,-190.956586180645));
#10626=CARTESIAN_POINT('',(144.868177984385,185.998234427268,-190.956586180645));
#10627=CARTESIAN_POINT('',(144.868177984385,190.098234427268,-190.956586180645));
#10628=CARTESIAN_POINT('Origin',(144.468177984383,185.998234427269,-180.956586180645));
#10629=CARTESIAN_POINT('',(144.468177984385,185.998234427268,-190.556586180645));
#10630=CARTESIAN_POINT('',(144.468177984384,185.998234427269,-185.856586180645));
#10631=CARTESIAN_POINT('',(144.468177984385,185.998234427268,-190.556586180645));
#10632=CARTESIAN_POINT('',(144.468177984384,190.098234427269,-185.856586180645));
#10633=CARTESIAN_POINT('',(144.468177984384,190.098234427269,-185.856586180645));
#10634=CARTESIAN_POINT('',(144.468177984385,190.098234427268,-190.556586180645));
#10635=CARTESIAN_POINT('',(144.468177984385,190.098234427268,-190.556586180645));
#10636=CARTESIAN_POINT('',(144.468177984385,185.998234427268,-190.556586180645));
#10637=CARTESIAN_POINT('Origin',(148.468177984384,185.998234427269,-185.456586180644));
#10638=CARTESIAN_POINT('',(144.868177984384,185.998234427269,-185.456586180645));
#10639=CARTESIAN_POINT('',(144.868177984384,185.998234427269,-185.456586180645));
#10640=CARTESIAN_POINT('',(144.868177984384,190.098234427269,-185.456586180645));
#10641=CARTESIAN_POINT('',(144.868177984384,190.098234427269,-185.456586180645));
#10642=CARTESIAN_POINT('',(144.868177984384,185.998234427269,-185.456586180645));
#10643=CARTESIAN_POINT('Origin',(148.468177984384,185.998234427269,-185.456586180644));
#10644=CARTESIAN_POINT('',(148.968177984384,190.098234427269,-185.456586180644));
#10645=CARTESIAN_POINT('',(148.163165421491,190.098234427269,-185.456586180644));
#10646=CARTESIAN_POINT('',(148.968177984384,185.998234427269,-185.456586180644));
#10647=CARTESIAN_POINT('',(148.163165421491,185.998234427269,-185.456586180644));
#10648=CARTESIAN_POINT('',(148.968177984384,185.998234427269,-185.456586180644));
#10649=CARTESIAN_POINT('Origin',(148.968177984383,185.998234427269,-180.956586180644));
#10650=CARTESIAN_POINT('',(148.968177984382,190.098234427269,-176.456586180644));
#10651=CARTESIAN_POINT('',(148.968177984384,190.098234427269,-185.456586180644));
#10652=CARTESIAN_POINT('',(148.968177984382,185.998234427269,-176.456586180644));
#10653=CARTESIAN_POINT('',(148.968177984384,185.998234427269,-185.456586180644));
#10654=CARTESIAN_POINT('',(148.968177984382,185.998234427269,-176.456586180644));
#10655=CARTESIAN_POINT('Origin',(148.468177984382,185.998234427269,-176.456586180644));
#10656=CARTESIAN_POINT('',(148.163165421489,190.098234427269,-176.456586180644));
#10657=CARTESIAN_POINT('',(148.163165421489,185.998234427269,-176.456586180644));
#10658=CARTESIAN_POINT('Origin',(148.468177984383,185.998234427269,-180.956586180644));
#10659=CARTESIAN_POINT('',(152.168177984385,185.998234427268,-189.956586180643));
#10660=CARTESIAN_POINT('',(151.168177984381,185.99823442727,-170.956586180643));
#10661=CARTESIAN_POINT('',(144.468177984381,185.998234427269,-171.356586180645));
#10662=CARTESIAN_POINT('',(144.868177984382,185.998234427269,-176.456586180645));
#10663=CARTESIAN_POINT('',(144.468177984384,185.998234427269,-185.856586180645));
#10664=CARTESIAN_POINT('',(144.868177984385,185.998234427268,-190.956586180645));
#10665=CARTESIAN_POINT('Origin',(148.468177984383,190.098234427269,-180.956586180644));
#10666=CARTESIAN_POINT('',(144.868177984384,190.098234427269,-185.456586180645));
#10667=CARTESIAN_POINT('',(144.468177984382,190.098234427269,-176.056586180645));
#10668=CARTESIAN_POINT('',(144.868177984381,190.09823442727,-170.956586180645));
#10669=CARTESIAN_POINT('',(152.168177984381,190.098234427269,-171.956586180643));
#10670=CARTESIAN_POINT('',(151.168177984385,190.098234427268,-190.956586180644));
#10671=CARTESIAN_POINT('',(144.468177984385,190.098234427268,-190.556586180645));
#10672=CARTESIAN_POINT('Origin',(151.168177984385,185.998234427268,-190.956586180643));
#10673=CARTESIAN_POINT('Origin',(152.168177984381,185.998234427269,-171.956586180643));
#10674=CARTESIAN_POINT('Origin',(144.468177984385,185.998234427268,-190.556586180645));
#10675=CARTESIAN_POINT('Origin',(144.868177984384,185.998234427269,-185.456586180645));
#10676=CARTESIAN_POINT('Origin',(144.468177984382,185.998234427269,-176.056586180645));
#10677=CARTESIAN_POINT('Origin',(144.868177984381,185.99823442727,-170.956586180645));
#10678=CARTESIAN_POINT('Origin',(147.168177984384,185.298234427269,-185.556586180644));
#10679=CARTESIAN_POINT('',(146.670684265831,185.298234427269,-185.506586180644));
#10680=CARTESIAN_POINT('',(147.668177984384,185.298234427269,-185.556586180644));
#10681=CARTESIAN_POINT('Origin',(147.168177984384,185.298234427269,-185.556586180644));
#10682=CARTESIAN_POINT('',(147.668177984384,185.098234427269,-185.556586180644));
#10683=CARTESIAN_POINT('',(147.668177984384,185.298234427269,-185.556586180644));
#10684=CARTESIAN_POINT('',(146.670684265831,185.098234427269,-185.506586180644));
#10685=CARTESIAN_POINT('Origin',(147.168177984384,185.098234427269,-185.556586180644));
#10686=CARTESIAN_POINT('',(146.670684265831,185.298234427269,-185.506586180644));
#10687=CARTESIAN_POINT('Origin',(150.385165879261,185.098234427269,-175.217857412981));
#10688=CARTESIAN_POINT('',(149.968177984382,185.098234427269,-176.450797259657));
#10689=CARTESIAN_POINT('',(150.385165879261,185.098234427269,-173.91631234269));
#10690=CARTESIAN_POINT('Origin',(150.385165879261,185.098234427269,-175.217857412981));
#10691=CARTESIAN_POINT('',(150.385165879261,185.998234427269,-173.91631234269));
#10692=CARTESIAN_POINT('',(150.385165879261,185.098234427269,-173.91631234269));
#10693=CARTESIAN_POINT('Origin',(150.385165879261,185.998234427269,-175.217857412981));
#10694=CARTESIAN_POINT('',(149.105701872152,185.098234427269,-175.456586180644));
#10695=CARTESIAN_POINT('Origin',(150.385165879261,185.098234427269,-175.217857412981));
#10696=CARTESIAN_POINT('',(149.105701872152,185.298234427269,-175.456586180644));
#10697=CARTESIAN_POINT('',(149.105701872152,185.298234427269,-175.456586180644));
#10698=CARTESIAN_POINT('',(149.313578562322,185.298234427269,-175.956586180644));
#10699=CARTESIAN_POINT('Origin',(150.385165879261,185.298234427269,-175.217857412981));
#10700=CARTESIAN_POINT('',(149.313578562322,185.098234427269,-175.956586180644));
#10701=CARTESIAN_POINT('',(149.313578562322,185.298234427269,-175.956586180644));
#10702=CARTESIAN_POINT('',(149.468177984382,185.098234427269,-176.141520106091));
#10703=CARTESIAN_POINT('Origin',(150.385165879261,185.098234427269,-175.217857412981));
#10704=CARTESIAN_POINT('',(149.468177984382,185.298234427269,-176.141520106091));
#10705=CARTESIAN_POINT('',(149.468177984382,185.298234427269,-176.141520106091));
#10706=CARTESIAN_POINT('',(149.968177984382,185.298234427269,-176.450797259657));
#10707=CARTESIAN_POINT('Origin',(150.385165879261,185.298234427269,-175.217857412981));
#10708=CARTESIAN_POINT('',(149.968177984382,185.298234427269,-176.450797259657));
#10709=CARTESIAN_POINT('Origin',(150.591180891651,185.098234427269,-180.956586180643));
#10710=CARTESIAN_POINT('',(150.591180891651,185.298234427269,-180.312576719013));
#10711=CARTESIAN_POINT('Origin',(150.591180891651,185.298234427269,-180.956586180643));
#10712=CARTESIAN_POINT('',(150.591180891651,185.998234427269,-180.312576719013));
#10713=CARTESIAN_POINT('',(150.591180891651,185.098234427269,-180.312576719013));
#10714=CARTESIAN_POINT('Origin',(150.591180891651,185.998234427269,-180.956586180643));
#10715=CARTESIAN_POINT('Origin',(150.385165879264,185.098234427269,-186.695314948306));
#10716=CARTESIAN_POINT('',(149.968177984384,185.098234427269,-185.46237510163));
#10717=CARTESIAN_POINT('',(150.385165879263,185.098234427269,-185.393769878015));
#10718=CARTESIAN_POINT('Origin',(150.385165879264,185.098234427269,-186.695314948306));
#10719=CARTESIAN_POINT('',(149.968177984384,185.298234427269,-185.46237510163));
#10720=CARTESIAN_POINT('',(149.968177984384,185.298234427269,-185.46237510163));
#10721=CARTESIAN_POINT('',(149.468177984384,185.298234427269,-185.771652255197));
#10722=CARTESIAN_POINT('Origin',(150.385165879264,185.298234427269,-186.695314948306));
#10723=CARTESIAN_POINT('',(149.468177984384,185.098234427269,-185.771652255197));
#10724=CARTESIAN_POINT('',(149.468177984384,185.298234427269,-185.771652255197));
#10725=CARTESIAN_POINT('',(149.313578562324,185.098234427269,-185.956586180644));
#10726=CARTESIAN_POINT('Origin',(150.385165879264,185.098234427269,-186.695314948306));
#10727=CARTESIAN_POINT('',(149.313578562324,185.298234427269,-185.956586180644));
#10728=CARTESIAN_POINT('',(149.313578562324,185.298234427269,-185.956586180644));
#10729=CARTESIAN_POINT('',(149.105701872154,185.298234427269,-186.456586180644));
#10730=CARTESIAN_POINT('Origin',(150.385165879264,185.298234427269,-186.695314948306));
#10731=CARTESIAN_POINT('',(149.105701872154,185.098234427269,-186.456586180644));
#10732=CARTESIAN_POINT('',(149.105701872154,185.298234427269,-186.456586180644));
#10733=CARTESIAN_POINT('Origin',(150.385165879264,185.098234427269,-186.695314948306));
#10734=CARTESIAN_POINT('',(150.385165879263,185.998234427269,-185.393769878015));
#10735=CARTESIAN_POINT('',(150.385165879263,185.098234427269,-185.393769878015));
#10736=CARTESIAN_POINT('Origin',(150.385165879264,185.998234427269,-186.695314948306));
#10737=CARTESIAN_POINT('Origin',(148.468177984383,185.098234427269,-180.956586180644));
#10738=CARTESIAN_POINT('',(149.968177984383,185.098234427269,-179.536820203727));
#10739=CARTESIAN_POINT('',(149.968177984382,185.098234427269,-176.450797259657));
#10740=CARTESIAN_POINT('',(152.168177984383,185.098234427269,-179.536820203727));
#10741=CARTESIAN_POINT('',(152.168177984383,185.098234427269,-179.536820203727));
#10742=CARTESIAN_POINT('',(152.168177984381,185.098234427269,-171.956586180643));
#10743=CARTESIAN_POINT('',(152.168177984383,185.098234427269,-179.536820203727));
#10744=CARTESIAN_POINT('',(151.168177984381,185.09823442727,-170.956586180643));
#10745=CARTESIAN_POINT('',(151.168177984381,185.09823442727,-170.956586180643));
#10746=CARTESIAN_POINT('',(144.868177984381,185.09823442727,-170.956586180645));
#10747=CARTESIAN_POINT('',(144.868177984381,185.09823442727,-170.956586180645));
#10748=CARTESIAN_POINT('',(144.468177984381,185.09823442727,-171.356586180645));
#10749=CARTESIAN_POINT('',(144.468177984381,185.09823442727,-171.356586180645));
#10750=CARTESIAN_POINT('',(144.468177984382,185.098234427269,-175.456586180645));
#10751=CARTESIAN_POINT('',(144.468177984382,185.098234427269,-175.456586180645));
#10752=CARTESIAN_POINT('',(149.105701872152,185.098234427269,-175.456586180644));
#10753=CARTESIAN_POINT('Origin',(144.468177984383,185.098234427269,-180.956586180645));
#10754=CARTESIAN_POINT('',(144.468177984382,185.298234427269,-175.456586180645));
#10755=CARTESIAN_POINT('',(144.468177984382,185.298234427269,-175.456586180645));
#10756=CARTESIAN_POINT('',(144.468177984381,185.998234427269,-171.356586180645));
#10757=CARTESIAN_POINT('',(144.468177984381,185.998234427269,-171.356586180645));
#10758=CARTESIAN_POINT('',(144.468177984382,185.998234427269,-176.056586180645));
#10759=CARTESIAN_POINT('',(144.468177984382,185.998234427269,-176.056586180645));
#10760=CARTESIAN_POINT('',(144.468177984382,185.098234427269,-176.056586180645));
#10761=CARTESIAN_POINT('',(144.468177984382,185.098234427269,-176.056586180645));
#10762=CARTESIAN_POINT('',(144.468177984382,185.098234427269,-175.956586180645));
#10763=CARTESIAN_POINT('',(144.468177984382,185.098234427269,-176.056586180645));
#10764=CARTESIAN_POINT('',(144.468177984382,185.298234427269,-175.956586180645));
#10765=CARTESIAN_POINT('',(144.468177984382,185.298234427269,-175.956586180645));
#10766=CARTESIAN_POINT('',(144.468177984382,185.298234427269,-175.956586180645));
#10767=CARTESIAN_POINT('Origin',(148.468177984383,185.098234427269,-180.956586180644));
#10768=CARTESIAN_POINT('',(147.668177984382,185.098234427269,-175.956586180644));
#10769=CARTESIAN_POINT('',(149.313578562322,185.098234427269,-175.956586180644));
#10770=CARTESIAN_POINT('',(147.668177984382,185.098234427269,-176.356586180644));
#10771=CARTESIAN_POINT('',(147.668177984382,185.098234427269,-176.356586180644));
#10772=CARTESIAN_POINT('',(146.670684265829,185.098234427269,-176.406586180644));
#10773=CARTESIAN_POINT('Origin',(147.168177984382,185.098234427269,-176.356586180644));
#10774=CARTESIAN_POINT('',(146.670684265829,185.098234427269,-175.956586180644));
#10775=CARTESIAN_POINT('',(146.670684265829,185.098234427269,-176.406586180644));
#10776=CARTESIAN_POINT('',(146.670684265829,185.098234427269,-175.956586180644));
#10777=CARTESIAN_POINT('',(144.868177984382,185.098234427269,-176.456586180645));
#10778=CARTESIAN_POINT('',(144.868177984382,185.098234427269,-176.456586180645));
#10779=CARTESIAN_POINT('',(146.173190547275,185.098234427269,-176.456586180644));
#10780=CARTESIAN_POINT('',(144.868177984382,185.098234427269,-176.456586180645));
#10781=CARTESIAN_POINT('',(146.918177984382,185.098234427269,-177.324832017196));
#10782=CARTESIAN_POINT('Origin',(147.168177984382,185.098234427269,-176.356586180644));
#10783=CARTESIAN_POINT('',(146.918177984382,185.098234427269,-177.824832017196));
#10784=CARTESIAN_POINT('',(146.918177984382,185.098234427269,-177.324832017196));
#10785=CARTESIAN_POINT('',(147.418177984382,185.098234427269,-177.824832017196));
#10786=CARTESIAN_POINT('',(146.918177984382,185.098234427269,-177.824832017196));
#10787=CARTESIAN_POINT('',(147.418177984382,185.098234427269,-177.324832017196));
#10788=CARTESIAN_POINT('',(147.418177984382,185.098234427269,-177.324832017196));
#10789=CARTESIAN_POINT('',(148.163165421489,185.098234427269,-176.456586180644));
#10790=CARTESIAN_POINT('Origin',(147.168177984382,185.098234427269,-176.356586180644));
#10791=CARTESIAN_POINT('',(148.968177984382,185.098234427269,-176.456586180644));
#10792=CARTESIAN_POINT('',(148.163165421489,185.098234427269,-176.456586180644));
#10793=CARTESIAN_POINT('',(148.968177984384,185.098234427269,-185.456586180644));
#10794=CARTESIAN_POINT('',(148.968177984384,185.098234427269,-185.456586180644));
#10795=CARTESIAN_POINT('',(148.163165421491,185.098234427269,-185.456586180644));
#10796=CARTESIAN_POINT('',(148.163165421491,185.098234427269,-185.456586180644));
#10797=CARTESIAN_POINT('',(147.418177984384,185.098234427269,-184.588340344092));
#10798=CARTESIAN_POINT('Origin',(147.168177984384,185.098234427269,-185.556586180644));
#10799=CARTESIAN_POINT('',(147.418177984384,185.098234427269,-184.088340344092));
#10800=CARTESIAN_POINT('',(147.418177984384,185.098234427269,-184.588340344092));
#10801=CARTESIAN_POINT('',(146.918177984384,185.098234427269,-184.088340344092));
#10802=CARTESIAN_POINT('',(146.918177984384,185.098234427269,-184.088340344092));
#10803=CARTESIAN_POINT('',(146.918177984384,185.098234427269,-184.588340344092));
#10804=CARTESIAN_POINT('',(146.918177984384,185.098234427269,-184.588340344092));
#10805=CARTESIAN_POINT('',(146.173190547277,185.098234427269,-185.456586180644));
#10806=CARTESIAN_POINT('Origin',(147.168177984384,185.098234427269,-185.556586180644));
#10807=CARTESIAN_POINT('',(144.868177984384,185.098234427269,-185.456586180645));
#10808=CARTESIAN_POINT('',(144.868177984384,185.098234427269,-185.456586180645));
#10809=CARTESIAN_POINT('',(144.468177984384,185.098234427269,-185.856586180645));
#10810=CARTESIAN_POINT('',(144.468177984384,185.098234427269,-185.856586180645));
#10811=CARTESIAN_POINT('',(144.468177984384,185.098234427269,-185.956586180645));
#10812=CARTESIAN_POINT('',(144.468177984384,185.098234427269,-185.956586180645));
#10813=CARTESIAN_POINT('',(146.670684265831,185.098234427269,-185.956586180644));
#10814=CARTESIAN_POINT('',(146.670684265831,185.098234427269,-185.956586180644));
#10815=CARTESIAN_POINT('',(146.670684265831,185.098234427269,-185.506586180644));
#10816=CARTESIAN_POINT('',(147.668177984384,185.098234427269,-185.956586180644));
#10817=CARTESIAN_POINT('',(147.668177984384,185.098234427269,-185.556586180644));
#10818=CARTESIAN_POINT('',(149.313578562324,185.098234427269,-185.956586180644));
#10819=CARTESIAN_POINT('',(149.468177984382,185.098234427269,-176.141520106091));
#10820=CARTESIAN_POINT('Origin',(144.468177984383,185.098234427269,-180.956586180645));
#10821=CARTESIAN_POINT('',(144.468177984384,185.298234427269,-185.956586180645));
#10822=CARTESIAN_POINT('',(144.468177984384,185.298234427269,-185.956586180645));
#10823=CARTESIAN_POINT('',(144.468177984384,185.998234427269,-185.856586180645));
#10824=CARTESIAN_POINT('',(144.468177984384,185.998234427269,-185.856586180645));
#10825=CARTESIAN_POINT('',(144.468177984385,185.998234427268,-190.556586180645));
#10826=CARTESIAN_POINT('',(144.468177984385,185.998234427268,-190.556586180645));
#10827=CARTESIAN_POINT('',(144.468177984385,185.098234427268,-190.556586180645));
#10828=CARTESIAN_POINT('',(144.468177984385,185.098234427268,-190.556586180645));
#10829=CARTESIAN_POINT('',(144.468177984384,185.098234427269,-186.456586180645));
#10830=CARTESIAN_POINT('',(144.468177984385,185.098234427268,-190.556586180645));
#10831=CARTESIAN_POINT('',(144.468177984384,185.298234427269,-186.456586180645));
#10832=CARTESIAN_POINT('',(144.468177984384,185.298234427269,-186.456586180645));
#10833=CARTESIAN_POINT('',(144.468177984384,185.298234427269,-186.456586180645));
#10834=CARTESIAN_POINT('Origin',(148.468177984383,185.098234427269,-180.956586180644));
#10835=CARTESIAN_POINT('',(149.105701872154,185.098234427269,-186.456586180644));
#10836=CARTESIAN_POINT('',(144.868177984385,185.098234427268,-190.956586180645));
#10837=CARTESIAN_POINT('',(144.868177984385,185.098234427268,-190.956586180645));
#10838=CARTESIAN_POINT('',(151.168177984385,185.098234427268,-190.956586180643));
#10839=CARTESIAN_POINT('',(144.868177984385,185.098234427268,-190.956586180645));
#10840=CARTESIAN_POINT('',(152.168177984385,185.098234427268,-189.956586180643));
#10841=CARTESIAN_POINT('',(152.168177984385,185.098234427268,-189.956586180643));
#10842=CARTESIAN_POINT('',(152.168177984383,185.098234427269,-182.376352157559));
#10843=CARTESIAN_POINT('',(152.168177984385,185.098234427268,-189.956586180643));
#10844=CARTESIAN_POINT('',(149.968177984383,185.098234427269,-182.37635215756));
#10845=CARTESIAN_POINT('',(152.168177984383,185.098234427269,-182.376352157559));
#10846=CARTESIAN_POINT('',(149.968177984383,185.098234427269,-182.37635215756));
#10847=CARTESIAN_POINT('Origin',(148.468177984382,185.098234427269,-176.456586180644));
#10848=CARTESIAN_POINT('',(148.163165421489,185.998234427269,-176.456586180644));
#10849=CARTESIAN_POINT('',(148.968177984382,185.998234427269,-176.456586180644));
#10850=CARTESIAN_POINT('',(148.163165421489,185.998234427269,-176.456586180644));
#10851=CARTESIAN_POINT('',(148.968177984382,185.098234427269,-176.456586180644));
#10852=CARTESIAN_POINT('',(148.163165421489,185.098234427269,-176.456586180644));
#10853=CARTESIAN_POINT('Origin',(147.168177984382,185.098234427269,-176.356586180644));
#10854=CARTESIAN_POINT('',(147.418177984382,185.998234427269,-177.324832017196));
#10855=CARTESIAN_POINT('Origin',(147.168177984382,185.998234427269,-176.356586180644));
#10856=CARTESIAN_POINT('',(147.418177984382,185.098234427269,-177.324832017196));
#10857=CARTESIAN_POINT('Origin',(147.418177984383,185.098234427269,-180.956586180644));
#10858=CARTESIAN_POINT('',(147.418177984382,185.998234427269,-177.824832017196));
#10859=CARTESIAN_POINT('',(147.418177984382,185.998234427269,-177.324832017196));
#10860=CARTESIAN_POINT('',(147.418177984382,185.098234427269,-177.824832017196));
#10861=CARTESIAN_POINT('Origin',(148.468177984382,185.098234427269,-177.824832017196));
#10862=CARTESIAN_POINT('',(146.918177984382,185.998234427269,-177.824832017196));
#10863=CARTESIAN_POINT('',(146.918177984382,185.998234427269,-177.824832017196));
#10864=CARTESIAN_POINT('',(146.918177984382,185.098234427269,-177.824832017196));
#10865=CARTESIAN_POINT('Origin',(146.918177984383,185.098234427269,-180.956586180644));
#10866=CARTESIAN_POINT('',(146.918177984382,185.998234427269,-177.324832017196));
#10867=CARTESIAN_POINT('',(146.918177984382,185.998234427269,-177.324832017196));
#10868=CARTESIAN_POINT('',(146.918177984382,185.098234427269,-177.324832017196));
#10869=CARTESIAN_POINT('Origin',(147.168177984382,185.098234427269,-176.356586180644));
#10870=CARTESIAN_POINT('',(146.173190547275,185.998234427269,-176.456586180644));
#10871=CARTESIAN_POINT('Origin',(147.168177984382,185.998234427269,-176.356586180644));
#10872=CARTESIAN_POINT('',(146.173190547275,185.098234427269,-176.456586180644));
#10873=CARTESIAN_POINT('Origin',(148.468177984382,185.098234427269,-176.456586180644));
#10874=CARTESIAN_POINT('',(144.868177984382,185.998234427269,-176.456586180645));
#10875=CARTESIAN_POINT('',(144.868177984382,185.998234427269,-176.456586180645));
#10876=CARTESIAN_POINT('',(144.868177984382,185.998234427269,-176.456586180645));
#10877=CARTESIAN_POINT('Origin',(148.468177984381,185.09823442727,-170.956586180644));
#10878=CARTESIAN_POINT('',(151.168177984381,185.99823442727,-170.956586180643));
#10879=CARTESIAN_POINT('',(151.168177984381,185.99823442727,-170.956586180643));
#10880=CARTESIAN_POINT('',(144.868177984381,185.99823442727,-170.956586180645));
#10881=CARTESIAN_POINT('',(144.868177984381,185.99823442727,-170.956586180645));
#10882=CARTESIAN_POINT('',(144.868177984381,185.09823442727,-170.956586180645));
#10883=CARTESIAN_POINT('Origin',(152.168177984383,185.098234427269,-180.956586180643));
#10884=CARTESIAN_POINT('',(152.168177984383,185.298234427269,-182.376352157559));
#10885=CARTESIAN_POINT('',(152.168177984383,185.298234427269,-182.376352157559));
#10886=CARTESIAN_POINT('',(152.168177984385,185.998234427268,-189.956586180643));
#10887=CARTESIAN_POINT('',(152.168177984385,185.998234427268,-189.956586180643));
#10888=CARTESIAN_POINT('',(152.168177984381,185.998234427269,-171.956586180643));
#10889=CARTESIAN_POINT('',(152.168177984385,185.998234427268,-189.956586180643));
#10890=CARTESIAN_POINT('',(152.168177984381,185.098234427269,-171.956586180643));
#10891=CARTESIAN_POINT('',(152.168177984383,185.298234427269,-179.536820203727));
#10892=CARTESIAN_POINT('',(152.168177984383,185.298234427269,-179.536820203727));
#10893=CARTESIAN_POINT('',(152.168177984383,185.298234427269,-179.536820203727));
#10894=CARTESIAN_POINT('Origin',(148.468177984385,185.098234427268,-190.956586180644));
#10895=CARTESIAN_POINT('',(144.868177984385,185.998234427268,-190.956586180645));
#10896=CARTESIAN_POINT('',(151.168177984385,185.998234427268,-190.956586180643));
#10897=CARTESIAN_POINT('',(144.868177984385,185.998234427268,-190.956586180645));
#10898=CARTESIAN_POINT('',(151.168177984385,185.098234427268,-190.956586180643));
#10899=CARTESIAN_POINT('',(144.868177984385,185.998234427268,-190.956586180645));
#10900=CARTESIAN_POINT('Origin',(148.468177984384,185.098234427269,-185.456586180644));
#10901=CARTESIAN_POINT('',(146.173190547277,185.998234427269,-185.456586180644));
#10902=CARTESIAN_POINT('',(146.173190547277,185.098234427269,-185.456586180644));
#10903=CARTESIAN_POINT('',(144.868177984384,185.998234427269,-185.456586180645));
#10904=CARTESIAN_POINT('',(144.868177984384,185.998234427269,-185.456586180645));
#10905=CARTESIAN_POINT('',(144.868177984384,185.098234427269,-185.456586180645));
#10906=CARTESIAN_POINT('Origin',(147.168177984384,185.098234427269,-185.556586180644));
#10907=CARTESIAN_POINT('',(146.918177984384,185.998234427269,-184.588340344092));
#10908=CARTESIAN_POINT('Origin',(147.168177984384,185.998234427269,-185.556586180644));
#10909=CARTESIAN_POINT('',(146.918177984384,185.098234427269,-184.588340344092));
#10910=CARTESIAN_POINT('Origin',(146.918177984383,185.098234427269,-180.956586180644));
#10911=CARTESIAN_POINT('',(146.918177984384,185.998234427269,-184.088340344092));
#10912=CARTESIAN_POINT('',(146.918177984384,185.998234427269,-184.588340344092));
#10913=CARTESIAN_POINT('',(146.918177984384,185.098234427269,-184.088340344092));
#10914=CARTESIAN_POINT('Origin',(148.468177984384,185.098234427269,-184.088340344092));
#10915=CARTESIAN_POINT('',(147.418177984384,185.998234427269,-184.088340344092));
#10916=CARTESIAN_POINT('',(146.918177984384,185.998234427269,-184.088340344092));
#10917=CARTESIAN_POINT('',(147.418177984384,185.098234427269,-184.088340344092));
#10918=CARTESIAN_POINT('Origin',(147.418177984383,185.098234427269,-180.956586180644));
#10919=CARTESIAN_POINT('',(147.418177984384,185.998234427269,-184.588340344092));
#10920=CARTESIAN_POINT('',(147.418177984384,185.998234427269,-184.588340344092));
#10921=CARTESIAN_POINT('',(147.418177984384,185.098234427269,-184.588340344092));
#10922=CARTESIAN_POINT('Origin',(147.168177984384,185.098234427269,-185.556586180644));
#10923=CARTESIAN_POINT('',(148.163165421491,185.998234427269,-185.456586180644));
#10924=CARTESIAN_POINT('Origin',(147.168177984384,185.998234427269,-185.556586180644));
#10925=CARTESIAN_POINT('',(148.163165421491,185.098234427269,-185.456586180644));
#10926=CARTESIAN_POINT('Origin',(148.468177984384,185.098234427269,-185.456586180644));
#10927=CARTESIAN_POINT('',(148.968177984384,185.998234427269,-185.456586180644));
#10928=CARTESIAN_POINT('',(148.163165421491,185.998234427269,-185.456586180644));
#10929=CARTESIAN_POINT('',(148.968177984384,185.098234427269,-185.456586180644));
#10930=CARTESIAN_POINT('Origin',(148.968177984383,185.098234427269,-180.956586180644));
#10931=CARTESIAN_POINT('',(148.968177984384,185.998234427269,-185.456586180644));
#10932=CARTESIAN_POINT('Origin',(148.468177984383,185.998234427269,-180.956586180644));
#10933=CARTESIAN_POINT('',(144.868177984381,185.99823442727,-170.956586180645));
#10934=CARTESIAN_POINT('',(152.168177984381,185.998234427269,-171.956586180643));
#10935=CARTESIAN_POINT('',(151.168177984385,185.998234427268,-190.956586180643));
#10936=CARTESIAN_POINT('',(144.468177984385,185.998234427268,-190.556586180645));
#10937=CARTESIAN_POINT('',(144.868177984384,185.998234427269,-185.456586180645));
#10938=CARTESIAN_POINT('',(144.468177984382,185.998234427269,-176.056586180645));
#10939=CARTESIAN_POINT('Origin',(152.168177984381,185.098234427269,-171.956586180643));
#10940=CARTESIAN_POINT('Origin',(151.168177984385,185.098234427268,-190.956586180643));
#10941=CARTESIAN_POINT('Origin',(144.468177984382,185.098234427269,-176.056586180645));
#10942=CARTESIAN_POINT('Origin',(144.868177984381,185.09823442727,-170.956586180645));
#10943=CARTESIAN_POINT('Origin',(144.868177984384,185.098234427269,-185.456586180645));
#10944=CARTESIAN_POINT('Origin',(144.468177984385,185.098234427268,-190.556586180645));
#10945=CARTESIAN_POINT('Origin',(148.468177984383,185.298234427269,-182.37635215756));
#10946=CARTESIAN_POINT('',(149.968177984383,185.298234427269,-182.37635215756));
#10947=CARTESIAN_POINT('',(152.168177984383,185.298234427269,-182.376352157559));
#10948=CARTESIAN_POINT('',(149.968177984383,185.298234427269,-182.37635215756));
#10949=CARTESIAN_POINT('Origin',(148.468177984383,185.298234427269,-179.536820203728));
#10950=CARTESIAN_POINT('',(149.968177984383,185.298234427269,-179.536820203727));
#10951=CARTESIAN_POINT('',(149.968177984383,185.298234427269,-179.536820203727));
#10952=CARTESIAN_POINT('',(152.168177984383,185.298234427269,-179.536820203727));
#10953=CARTESIAN_POINT('Origin',(149.968177984383,185.298234427269,-180.956586180644));
#10954=CARTESIAN_POINT('',(149.968177984382,185.298234427269,-176.450797259657));
#10955=CARTESIAN_POINT('Origin',(149.468177984383,185.298234427269,-180.956586180644));
#10956=CARTESIAN_POINT('',(149.468177984382,185.298234427269,-176.141520106091));
#10957=CARTESIAN_POINT('Origin',(149.968177984383,185.298234427269,-180.956586180644));
#10958=CARTESIAN_POINT('',(149.968177984383,185.298234427269,-182.37635215756));
#10959=CARTESIAN_POINT('Origin',(148.468177984383,185.298234427269,-180.956586180644));
#10960=CARTESIAN_POINT('Origin',(146.67068426583,185.298234427269,-180.956586180644));
#10961=CARTESIAN_POINT('',(146.670684265831,185.298234427269,-185.956586180644));
#10962=CARTESIAN_POINT('',(146.670684265831,185.298234427269,-185.956586180644));
#10963=CARTESIAN_POINT('',(146.670684265831,185.298234427269,-185.506586180644));
#10964=CARTESIAN_POINT('Origin',(148.468177984384,185.298234427269,-185.956586180644));
#10965=CARTESIAN_POINT('',(146.670684265831,185.298234427269,-185.956586180644));
#10966=CARTESIAN_POINT('Origin',(148.468177984384,185.298234427269,-186.456586180644));
#10967=CARTESIAN_POINT('',(149.105701872154,185.298234427269,-186.456586180644));
#10968=CARTESIAN_POINT('Origin',(148.468177984384,185.298234427269,-185.956586180644));
#10969=CARTESIAN_POINT('',(147.668177984384,185.298234427269,-185.956586180644));
#10970=CARTESIAN_POINT('',(147.668177984384,185.298234427269,-185.956586180644));
#10971=CARTESIAN_POINT('',(149.313578562324,185.298234427269,-185.956586180644));
#10972=CARTESIAN_POINT('Origin',(147.668177984383,185.298234427269,-180.956586180644));
#10973=CARTESIAN_POINT('',(147.668177984384,185.298234427269,-185.556586180644));
#10974=CARTESIAN_POINT('Origin',(148.468177984383,185.298234427269,-180.956586180644));
#10975=CARTESIAN_POINT('Origin',(147.168177984382,185.298234427269,-176.356586180644));
#10976=CARTESIAN_POINT('',(147.668177984382,185.298234427269,-176.356586180644));
#10977=CARTESIAN_POINT('',(147.668177984382,185.298234427269,-176.356586180644));
#10978=CARTESIAN_POINT('',(146.670684265829,185.298234427269,-176.406586180644));
#10979=CARTESIAN_POINT('Origin',(147.168177984382,185.298234427269,-176.356586180644));
#10980=CARTESIAN_POINT('',(146.670684265829,185.298234427269,-176.406586180644));
#10981=CARTESIAN_POINT('Origin',(147.668177984383,185.298234427269,-180.956586180644));
#10982=CARTESIAN_POINT('',(147.668177984382,185.298234427269,-175.956586180644));
#10983=CARTESIAN_POINT('',(147.668177984382,185.298234427269,-175.956586180644));
#10984=CARTESIAN_POINT('',(147.668177984382,185.298234427269,-176.356586180644));
#10985=CARTESIAN_POINT('Origin',(148.468177984382,185.298234427269,-175.956586180644));
#10986=CARTESIAN_POINT('',(149.313578562322,185.298234427269,-175.956586180644));
#10987=CARTESIAN_POINT('Origin',(148.468177984382,185.298234427269,-175.456586180644));
#10988=CARTESIAN_POINT('',(149.105701872152,185.298234427269,-175.456586180644));
#10989=CARTESIAN_POINT('Origin',(148.468177984382,185.298234427269,-175.956586180644));
#10990=CARTESIAN_POINT('',(146.670684265829,185.298234427269,-175.956586180644));
#10991=CARTESIAN_POINT('',(146.670684265829,185.298234427269,-175.956586180644));
#10992=CARTESIAN_POINT('',(146.670684265829,185.298234427269,-175.956586180644));
#10993=CARTESIAN_POINT('Origin',(146.67068426583,185.298234427269,-180.956586180644));
#10994=CARTESIAN_POINT('',(146.670684265829,185.298234427269,-176.406586180644));
#10995=CARTESIAN_POINT('Origin',(148.468177984383,185.298234427269,-180.956586180644));
#10996=CARTESIAN_POINT('Origin',(150.385165879264,185.998234427269,-186.695314948306));
#10997=CARTESIAN_POINT('',(150.385165879264,185.998234427269,-187.996860018597));
#10998=CARTESIAN_POINT('Origin',(150.385165879264,185.998234427269,-186.695314948306));
#10999=CARTESIAN_POINT('',(150.385165879264,184.872395847007,-187.348390029129));
#11000=CARTESIAN_POINT('Origin',(150.385165879264,185.998234427269,-186.695314948306));
#11001=CARTESIAN_POINT('',(150.159100422416,184.894198752957,-187.346482522027));
#11002=CARTESIAN_POINT('Origin',(150.385165879264,186.046385067211,-187.24567928126));
#11003=CARTESIAN_POINT('',(150.144868844314,184.731531070903,-186.873470812546));
#11004=CARTESIAN_POINT('Origin',(150.256674535006,186.009475963252,-186.695314948306));
#11005=CARTESIAN_POINT('',(149.674125827884,184.920130033179,-186.856970541394));
#11006=CARTESIAN_POINT('Origin',(150.385165879264,186.004080612727,-186.762137153861));
#11007=CARTESIAN_POINT('',(149.674237142022,184.921402359603,-186.524925398718));
#11008=CARTESIAN_POINT('Origin',(149.773132407607,186.051780417737,-186.695314948306));
#11009=CARTESIAN_POINT('',(150.144977240863,184.732770049129,-186.508422209977));
#11010=CARTESIAN_POINT('Origin',(150.385165879264,186.00484859529,-186.61971466188));
#11011=CARTESIAN_POINT('',(150.159530710374,184.899116966826,-186.035732391905));
#11012=CARTESIAN_POINT('Origin',(150.256674535006,186.009475963252,-186.695314948306));
#11013=CARTESIAN_POINT('',(150.496807461241,184.882617870715,-186.034288908037));
#11014=CARTESIAN_POINT('Origin',(150.385165879264,186.047153049775,-186.136172534482));
#11015=CARTESIAN_POINT('',(150.511333985623,184.716578937246,-186.507005671237));
#11016=CARTESIAN_POINT('Origin',(150.399097026987,185.999453244764,-186.695314948306));
#11017=CARTESIAN_POINT('',(150.986265482367,184.857303350477,-186.519317462076));
#11018=CARTESIAN_POINT('Origin',(150.385165879264,186.00484859529,-186.61971466188));
#11019=CARTESIAN_POINT('',(150.986375324419,184.856047850073,-186.86257700595));
#11020=CARTESIAN_POINT('Origin',(150.882639154385,186.041757699249,-186.695314948306));
#11021=CARTESIAN_POINT('',(150.511442694484,184.715336389286,-186.874887663597));
#11022=CARTESIAN_POINT('Origin',(150.385165879264,186.004080612727,-186.762137153861));
#11023=CARTESIAN_POINT('',(150.497236279364,184.877716457136,-187.34792453606));
#11024=CARTESIAN_POINT('Origin',(150.399097026987,185.999453244764,-186.695314948306));
#11025=CARTESIAN_POINT('Origin',(150.385165879264,186.046385067211,-187.24567928126));
#11026=CARTESIAN_POINT('Origin',(152.302153774142,185.998234427269,-180.956586180643));
#11027=CARTESIAN_POINT('Origin',(148.468177984384,185.798234427269,-187.267389649102));
#11028=CARTESIAN_POINT('',(150.416701392406,185.798234427269,-187.267389649101));
#11029=CARTESIAN_POINT('',(150.497236279364,184.877716457136,-187.34792453606));
#11030=CARTESIAN_POINT('',(150.238193295341,185.798234427269,-187.267389649101));
#11031=CARTESIAN_POINT('',(150.238193295341,185.798234427269,-187.267389649101));
#11032=CARTESIAN_POINT('',(150.159100422416,184.894198752957,-187.346482522027));
#11033=CARTESIAN_POINT('Origin',(150.23819329534,185.798234427269,-180.956586180644));
#11034=CARTESIAN_POINT('',(150.238193295341,185.798234427269,-186.780146361519));
#11035=CARTESIAN_POINT('',(150.238193295341,185.798234427269,-186.780146361519));
#11036=CARTESIAN_POINT('',(150.144868844314,184.731531070903,-186.873470812546));
#11037=CARTESIAN_POINT('Origin',(148.468177984384,185.798234427269,-186.780146361519));
#11038=CARTESIAN_POINT('',(149.750950007759,185.798234427269,-186.780146361519));
#11039=CARTESIAN_POINT('',(149.750950007759,185.798234427269,-186.780146361519));
#11040=CARTESIAN_POINT('',(149.674125827884,184.920130033179,-186.856970541394));
#11041=CARTESIAN_POINT('Origin',(149.750950007757,185.798234427269,-180.956586180644));
#11042=CARTESIAN_POINT('',(149.750950007759,185.798234427269,-186.601638264455));
#11043=CARTESIAN_POINT('',(149.750950007759,185.798234427269,-186.601638264455));
#11044=CARTESIAN_POINT('',(149.674237142022,184.921402359603,-186.524925398718));
#11045=CARTESIAN_POINT('Origin',(148.468177984384,185.798234427269,-186.601638264455));
#11046=CARTESIAN_POINT('',(150.238193295341,185.798234427269,-186.601638264455));
#11047=CARTESIAN_POINT('',(150.238193295341,185.798234427269,-186.601638264455));
#11048=CARTESIAN_POINT('',(150.144977240863,184.732770049129,-186.508422209977));
#11049=CARTESIAN_POINT('Origin',(150.23819329534,185.798234427269,-180.956586180644));
#11050=CARTESIAN_POINT('',(150.238193295341,185.798234427269,-186.114394976872));
#11051=CARTESIAN_POINT('',(150.238193295341,185.798234427269,-186.114394976872));
#11052=CARTESIAN_POINT('',(150.159530710374,184.899116966826,-186.035732391905));
#11053=CARTESIAN_POINT('Origin',(148.468177984384,185.798234427269,-186.114394976872));
#11054=CARTESIAN_POINT('',(150.416701392406,185.798234427269,-186.114394976872));
#11055=CARTESIAN_POINT('',(150.416701392406,185.798234427269,-186.114394976872));
#11056=CARTESIAN_POINT('',(150.496807461241,184.882617870715,-186.034288908037));
#11057=CARTESIAN_POINT('Origin',(150.416701392404,185.798234427269,-180.956586180643));
#11058=CARTESIAN_POINT('',(150.416701392406,185.798234427269,-186.601638264455));
#11059=CARTESIAN_POINT('',(150.416701392406,185.798234427269,-186.601638264455));
#11060=CARTESIAN_POINT('',(150.511333985623,184.716578937246,-186.507005671237));
#11061=CARTESIAN_POINT('Origin',(148.468177984384,185.798234427269,-186.601638264455));
#11062=CARTESIAN_POINT('',(150.903944679988,185.798234427269,-186.601638264454));
#11063=CARTESIAN_POINT('',(150.903944679988,185.798234427269,-186.601638264454));
#11064=CARTESIAN_POINT('',(150.986265482367,184.857303350477,-186.519317462076));
#11065=CARTESIAN_POINT('Origin',(150.903944679987,185.798234427269,-180.956586180643));
#11066=CARTESIAN_POINT('',(150.903944679988,185.798234427269,-186.780146361519));
#11067=CARTESIAN_POINT('',(150.903944679988,185.798234427269,-186.780146361519));
#11068=CARTESIAN_POINT('',(150.986375324419,184.856047850073,-186.86257700595));
#11069=CARTESIAN_POINT('Origin',(148.468177984384,185.798234427269,-186.780146361519));
#11070=CARTESIAN_POINT('',(150.416701392406,185.798234427269,-186.780146361519));
#11071=CARTESIAN_POINT('',(150.416701392406,185.798234427269,-186.780146361519));
#11072=CARTESIAN_POINT('',(150.511442694484,184.715336389286,-186.874887663597));
#11073=CARTESIAN_POINT('Origin',(150.416701392404,185.798234427269,-180.956586180643));
#11074=CARTESIAN_POINT('',(150.416701392406,185.798234427269,-187.267389649101));
#11075=CARTESIAN_POINT('Origin',(148.468177984383,185.798234427269,-180.956586180644));
#11076=CARTESIAN_POINT('Origin',(150.385165879261,185.998234427269,-175.217857412981));
#11077=CARTESIAN_POINT('',(150.385165879262,185.998234427269,-176.519402483272));
#11078=CARTESIAN_POINT('Origin',(150.385165879261,185.998234427269,-175.217857412981));
#11079=CARTESIAN_POINT('',(150.385165879261,184.877319151649,-175.879347031099));
#11080=CARTESIAN_POINT('Origin',(150.385165879261,185.998234427269,-175.217857412981));
#11081=CARTESIAN_POINT('',(150.159530710372,184.899116966827,-175.877439969382));
#11082=CARTESIAN_POINT('Origin',(150.385165879261,186.047153049775,-175.776999826805));
#11083=CARTESIAN_POINT('',(150.144977240861,184.732770049129,-175.40475015131));
#11084=CARTESIAN_POINT('Origin',(150.256674535003,186.009475963253,-175.217857412981));
#11085=CARTESIAN_POINT('',(149.67423714202,184.921402359604,-175.388246962569));
#11086=CARTESIAN_POINT('Origin',(150.385165879261,186.004848595291,-175.293457699407));
#11087=CARTESIAN_POINT('',(149.674125827881,184.92013003318,-175.056201819893));
#11088=CARTESIAN_POINT('Origin',(149.773132407605,186.051780417738,-175.217857412981));
#11089=CARTESIAN_POINT('',(150.144868844312,184.731531070903,-175.039701548741));
#11090=CARTESIAN_POINT('Origin',(150.385165879261,186.004080612727,-175.151035207426));
#11091=CARTESIAN_POINT('',(150.159100422413,184.894198752958,-174.56668983926));
#11092=CARTESIAN_POINT('Origin',(150.256674535003,186.009475963253,-175.217857412981));
#11093=CARTESIAN_POINT('',(150.497236279362,184.877716457136,-174.565247825227));
#11094=CARTESIAN_POINT('Origin',(150.385165879261,186.046385067212,-174.667493080027));
#11095=CARTESIAN_POINT('',(150.511442694481,184.715336389287,-175.03828469769));
#11096=CARTESIAN_POINT('Origin',(150.399097026984,185.999453244765,-175.217857412981));
#11097=CARTESIAN_POINT('',(150.986375324417,184.856047850073,-175.050595355337));
#11098=CARTESIAN_POINT('Origin',(150.385165879261,186.004080612727,-175.151035207426));
#11099=CARTESIAN_POINT('',(150.986265482364,184.857303350478,-175.393854899211));
#11100=CARTESIAN_POINT('Origin',(150.882639154383,186.04175769925,-175.217857412981));
#11101=CARTESIAN_POINT('',(150.511333985621,184.716578937247,-175.40616669005));
#11102=CARTESIAN_POINT('Origin',(150.385165879261,186.004848595291,-175.293457699407));
#11103=CARTESIAN_POINT('',(150.496807461238,184.882617870715,-175.87888345325));
#11104=CARTESIAN_POINT('Origin',(150.399097026984,185.999453244765,-175.217857412981));
#11105=CARTESIAN_POINT('Origin',(150.385165879261,186.047153049775,-175.776999826805));
#11106=CARTESIAN_POINT('Origin',(152.302153774142,185.998234427269,-180.956586180643));
#11107=CARTESIAN_POINT('Origin',(148.468177984382,185.798234427269,-174.645782712186));
#11108=CARTESIAN_POINT('',(150.238193295339,185.798234427269,-174.645782712186));
#11109=CARTESIAN_POINT('',(150.159100422413,184.894198752958,-174.56668983926));
#11110=CARTESIAN_POINT('',(150.416701392403,185.798234427269,-174.645782712186));
#11111=CARTESIAN_POINT('',(150.238193295339,185.798234427269,-174.645782712186));
#11112=CARTESIAN_POINT('',(150.497236279362,184.877716457136,-174.565247825227));
#11113=CARTESIAN_POINT('Origin',(150.416701392404,185.798234427269,-180.956586180643));
#11114=CARTESIAN_POINT('',(150.416701392403,185.798234427269,-175.133025999768));
#11115=CARTESIAN_POINT('',(150.416701392403,185.798234427269,-174.645782712186));
#11116=CARTESIAN_POINT('',(150.511442694481,184.715336389287,-175.03828469769));
#11117=CARTESIAN_POINT('Origin',(148.468177984382,185.798234427269,-175.133025999768));
#11118=CARTESIAN_POINT('',(150.903944679986,185.798234427269,-175.133025999768));
#11119=CARTESIAN_POINT('',(150.416701392403,185.798234427269,-175.133025999768));
#11120=CARTESIAN_POINT('',(150.986375324417,184.856047850073,-175.050595355337));
#11121=CARTESIAN_POINT('Origin',(150.903944679987,185.798234427269,-180.956586180643));
#11122=CARTESIAN_POINT('',(150.903944679986,185.798234427269,-175.311534096832));
#11123=CARTESIAN_POINT('',(150.903944679986,185.798234427269,-175.133025999768));
#11124=CARTESIAN_POINT('',(150.986265482364,184.857303350478,-175.393854899211));
#11125=CARTESIAN_POINT('Origin',(148.468177984382,185.798234427269,-175.311534096833));
#11126=CARTESIAN_POINT('',(150.416701392403,185.798234427269,-175.311534096832));
#11127=CARTESIAN_POINT('',(150.903944679986,185.798234427269,-175.311534096832));
#11128=CARTESIAN_POINT('',(150.511333985621,184.716578937247,-175.40616669005));
#11129=CARTESIAN_POINT('Origin',(150.416701392404,185.798234427269,-180.956586180643));
#11130=CARTESIAN_POINT('',(150.416701392403,185.798234427269,-175.798777384415));
#11131=CARTESIAN_POINT('',(150.416701392403,185.798234427269,-175.311534096832));
#11132=CARTESIAN_POINT('',(150.496807461238,184.882617870715,-175.87888345325));
#11133=CARTESIAN_POINT('Origin',(148.468177984382,185.798234427269,-175.798777384415));
#11134=CARTESIAN_POINT('',(150.238193295339,185.798234427269,-175.798777384415));
#11135=CARTESIAN_POINT('',(150.416701392403,185.798234427269,-175.798777384415));
#11136=CARTESIAN_POINT('',(150.159530710372,184.899116966827,-175.877439969382));
#11137=CARTESIAN_POINT('Origin',(150.23819329534,185.798234427269,-180.956586180644));
#11138=CARTESIAN_POINT('',(150.238193295339,185.798234427269,-175.311534096832));
#11139=CARTESIAN_POINT('',(150.238193295339,185.798234427269,-175.798777384415));
#11140=CARTESIAN_POINT('',(150.144977240861,184.732770049129,-175.40475015131));
#11141=CARTESIAN_POINT('Origin',(148.468177984382,185.798234427269,-175.311534096833));
#11142=CARTESIAN_POINT('',(149.750950007756,185.798234427269,-175.311534096833));
#11143=CARTESIAN_POINT('',(150.238193295339,185.798234427269,-175.311534096832));
#11144=CARTESIAN_POINT('',(149.67423714202,184.921402359604,-175.388246962569));
#11145=CARTESIAN_POINT('Origin',(149.750950007757,185.798234427269,-180.956586180644));
#11146=CARTESIAN_POINT('',(149.750950007756,185.798234427269,-175.133025999768));
#11147=CARTESIAN_POINT('',(149.750950007756,185.798234427269,-175.311534096833));
#11148=CARTESIAN_POINT('',(149.674125827881,184.92013003318,-175.056201819893));
#11149=CARTESIAN_POINT('Origin',(148.468177984382,185.798234427269,-175.133025999768));
#11150=CARTESIAN_POINT('',(150.238193295339,185.798234427269,-175.133025999768));
#11151=CARTESIAN_POINT('',(149.750950007756,185.798234427269,-175.133025999768));
#11152=CARTESIAN_POINT('',(150.144868844312,184.731531070903,-175.039701548741));
#11153=CARTESIAN_POINT('Origin',(150.23819329534,185.798234427269,-180.956586180644));
#11154=CARTESIAN_POINT('',(150.238193295339,185.798234427269,-175.133025999768));
#11155=CARTESIAN_POINT('Origin',(148.468177984383,185.798234427269,-180.956586180644));
#11156=CARTESIAN_POINT('',(0.,0.,0.));
#11157=CARTESIAN_POINT('Origin',(0.,0.,-5.77315972805081E-14));
#11158=CARTESIAN_POINT('',(-2.5,-4.02455846426618E-15,-39.4));
#11159=CARTESIAN_POINT('',(2.5,-3.06161699786838E-16,-39.4));
#11160=CARTESIAN_POINT('Origin',(2.22044604925031E-15,3.5527136788005E-14,
-39.4));
#11161=CARTESIAN_POINT('',(2.5,-3.06161699786838E-16,-5.77315972805081E-14));
#11162=CARTESIAN_POINT('',(2.5,-3.06161699786838E-16,-5.77315972805081E-14));
#11163=CARTESIAN_POINT('Origin',(0.,0.,-5.77315972805081E-14));
#11164=CARTESIAN_POINT('Origin',(2.22044604925031E-15,3.5527136788005E-14,
-39.4));
#11165=CARTESIAN_POINT('Origin',(0.,4.25000000000001,-5.82867087928207E-14));
#11166=CARTESIAN_POINT('',(-5.20474889637625E-16,-4.24999999999999,-4.89512325011461E-14));
#11167=CARTESIAN_POINT('Origin',(0.,7.2092872295005E-15,-5.21804821573824E-14));
#11168=CARTESIAN_POINT('Origin',(0.,9.53624654061194E-15,3.06249999999995));
#11169=CARTESIAN_POINT('',(-5.20474889637625E-16,-4.24999999999999,3.06249999999995));
#11170=CARTESIAN_POINT('Origin',(0.,9.53624654061194E-15,3.06249999999995));
#11171=CARTESIAN_POINT('',(-4.66896592174928E-16,-3.81249999999998,3.49999999999995));
#11172=CARTESIAN_POINT('',(-5.20474889637625E-16,-4.24999999999999,3.06249999999995));
#11173=CARTESIAN_POINT('Origin',(0.,9.86866929934215E-15,3.49999999999995));
#11174=CARTESIAN_POINT('Origin',(0.,7.2092872295005E-15,-5.77315972805081E-14));
#11175=CARTESIAN_POINT('',(-5.20474889637625E-16,-4.24999999999999,-5.45023476242719E-14));
#11176=CARTESIAN_POINT('Origin',(2.22044604925031E-15,3.5527136788005E-14,
-40.));
#11177=CARTESIAN_POINT('',(-1.9,3.5294453896167E-14,-40.));
#11178=CARTESIAN_POINT('',(-1.9,3.5294453896167E-14,-40.));
#11179=CARTESIAN_POINT('Origin',(2.22044604925031E-15,3.5527136788005E-14,
-40.));
#11180=CARTESIAN_POINT('Origin',(0.,3.81250000000001,3.49999999999994));
#11181=CARTESIAN_POINT('',(-1.32489505477729E-13,-1.73205080756879,3.49999999999995));
#11182=CARTESIAN_POINT('',(1.49999999999989,-0.866025403784491,3.49999999999995));
#11183=CARTESIAN_POINT('Origin',(0.,3.74415592880728E-14,3.49999999999994));
#11184=CARTESIAN_POINT('',(-1.5,-0.86602540378443,3.49999999999994));
#11185=CARTESIAN_POINT('Origin',(0.,3.74415592880728E-14,3.49999999999994));
#11186=CARTESIAN_POINT('',(-1.5,0.866025403784382,3.49999999999994));
#11187=CARTESIAN_POINT('Origin',(0.,3.74415592880728E-14,3.49999999999994));
#11188=CARTESIAN_POINT('',(3.5453411040276E-14,1.73205080756887,3.49999999999994));
#11189=CARTESIAN_POINT('Origin',(0.,3.74415592880728E-14,3.49999999999994));
#11190=CARTESIAN_POINT('',(1.5,0.866025403784381,3.49999999999994));
#11191=CARTESIAN_POINT('Origin',(0.,3.74415592880728E-14,3.49999999999994));
#11192=CARTESIAN_POINT('Origin',(0.,3.74415592880728E-14,3.49999999999994));
#11193=CARTESIAN_POINT('Origin',(2.22044604925031E-15,3.5527136788005E-14,
-40.));
#11194=CARTESIAN_POINT('Origin',(0.,3.74415592880728E-14,3.49999999999994));
#11195=CARTESIAN_POINT('Ctrl Pts',(-1.5,-0.866025403784403,3.49999999999999));
#11196=CARTESIAN_POINT('Ctrl Pts',(-1.5,4.9960036108132E-16,3.06698729810779));
#11197=CARTESIAN_POINT('Ctrl Pts',(-1.5,0.866025403784382,3.49999999999994));
#11198=CARTESIAN_POINT('Origin',(0.,3.74415592880728E-14,3.49999999999994));
#11199=CARTESIAN_POINT('Ctrl Pts',(-1.31379957385964E-13,-1.73205080756879,
3.49999999999995));
#11200=CARTESIAN_POINT('Ctrl Pts',(-0.750000000000043,-1.29903810567662,
3.06698729810784));
#11201=CARTESIAN_POINT('Ctrl Pts',(-1.49999999999998,-0.866025403784444,
3.49999999999999));
#11202=CARTESIAN_POINT('Origin',(0.,3.74415592880728E-14,3.49999999999994));
#11203=CARTESIAN_POINT('Ctrl Pts',(1.49999999999989,-0.866025403784492,
3.49999999999994));
#11204=CARTESIAN_POINT('Ctrl Pts',(0.749999999999952,-1.29903810567668,
3.06698729810782));
#11205=CARTESIAN_POINT('Ctrl Pts',(-2.70051735575545E-14,-1.73205080756888,
3.50000000000004));
#11206=CARTESIAN_POINT('Origin',(0.,3.74415592880728E-14,3.49999999999994));
#11207=CARTESIAN_POINT('Ctrl Pts',(1.5,0.866025403784377,3.49999999999994));
#11208=CARTESIAN_POINT('Ctrl Pts',(1.5,-2.03170813506404E-14,3.06698729810778));
#11209=CARTESIAN_POINT('Ctrl Pts',(1.5,-0.866025403784454,3.50000000000002));
#11210=CARTESIAN_POINT('Origin',(0.,3.74415592880728E-14,3.49999999999994));
#11211=CARTESIAN_POINT('Ctrl Pts',(3.62895267900563E-14,1.73205080756887,
3.49999999999994));
#11212=CARTESIAN_POINT('Ctrl Pts',(0.750000000000015,1.29903810567666,3.06698729810775));
#11213=CARTESIAN_POINT('Ctrl Pts',(1.50000000000001,0.866025403784442,3.49999999999998));
#11214=CARTESIAN_POINT('Origin',(0.,3.74415592880728E-14,3.49999999999994));
#11215=CARTESIAN_POINT('Ctrl Pts',(-1.50000000000001,0.866025403784442,
3.49999999999998));
#11216=CARTESIAN_POINT('Ctrl Pts',(-0.749999999999999,1.29903810567667,
3.06698729810774));
#11217=CARTESIAN_POINT('Ctrl Pts',(6.78308911963674E-15,1.73205080756889,
3.49999999999996));
#11218=CARTESIAN_POINT('Origin',(3.03576371818203E-16,1.73205080756889,
0.679999999999942));
#11219=CARTESIAN_POINT('',(-1.5,0.866025403784449,0.679999999999942));
#11220=CARTESIAN_POINT('',(4.63148187904233E-16,1.73205080756889,0.679999999999942));
#11221=CARTESIAN_POINT('',(-1.5,0.866025403784449,0.679999999999942));
#11222=CARTESIAN_POINT('',(-1.5,-0.86602540378443,0.679999999999942));
#11223=CARTESIAN_POINT('',(-1.5,-0.86602540378443,0.679999999999942));
#11224=CARTESIAN_POINT('',(-1.81589183132368E-16,-1.73205080756887,0.679999999999942));
#11225=CARTESIAN_POINT('',(-1.81589183132368E-16,-1.73205080756887,0.679999999999942));
#11226=CARTESIAN_POINT('',(1.5,-0.86602540378443,0.679999999999942));
#11227=CARTESIAN_POINT('',(1.5,-0.86602540378443,0.679999999999942));
#11228=CARTESIAN_POINT('',(1.5,0.866025403784449,0.679999999999942));
#11229=CARTESIAN_POINT('',(1.5,0.866025403784449,0.679999999999942));
#11230=CARTESIAN_POINT('',(4.63148187904233E-16,1.73205080756889,0.679999999999942));
#11231=CARTESIAN_POINT('Origin',(-1.5,-0.86602540378443,0.679999999999942));
#11232=CARTESIAN_POINT('',(-1.5,-0.86602540378443,0.679999999999942));
#11233=CARTESIAN_POINT('',(-1.5,0.866025403784449,0.679999999999942));
#11234=CARTESIAN_POINT('Origin',(-1.81589183132368E-16,-1.73205080756887,
0.679999999999942));
#11235=CARTESIAN_POINT('',(-1.81589183132368E-16,-1.73205080756887,0.679999999999942));
#11236=CARTESIAN_POINT('Origin',(1.5,-0.86602540378443,0.679999999999942));
#11237=CARTESIAN_POINT('',(1.5,-0.86602540378443,0.679999999999942));
#11238=CARTESIAN_POINT('Origin',(1.5,0.866025403784449,0.679999999999942));
#11239=CARTESIAN_POINT('',(1.5,0.866025403784449,0.679999999999942));
#11240=CARTESIAN_POINT('Origin',(4.63148187904233E-16,1.73205080756889,
0.679999999999942));
#11241=CARTESIAN_POINT('',(4.63148187904233E-16,1.73205080756889,0.679999999999942));
#11242=CARTESIAN_POINT('Origin',(-1.5,0.866025403784449,0.679999999999942));
#11243=CARTESIAN_POINT('',(0.,0.,0.));
#11244=CARTESIAN_POINT('Origin',(0.,0.,1.11022302462516E-14));
#11245=CARTESIAN_POINT('',(-1.5,-1.61010094146263E-13,-15.625));
#11246=CARTESIAN_POINT('',(1.5,-1.83697019872103E-16,-15.625));
#11247=CARTESIAN_POINT('Origin',(-4.81328596216083E-30,-5.55111512312578E-16,
-15.625));
#11248=CARTESIAN_POINT('',(1.5,-1.83697019872103E-16,1.11022302462516E-14));
#11249=CARTESIAN_POINT('',(1.5,-1.83697019872103E-16,1.11022302462516E-14));
#11250=CARTESIAN_POINT('Origin',(0.,0.,1.11022302462516E-14));
#11251=CARTESIAN_POINT('Origin',(-4.81328596216083E-30,-5.55111512312578E-16,
-15.625));
#11252=CARTESIAN_POINT('Origin',(0.,2.75000000000001,1.0547118733939E-14));
#11253=CARTESIAN_POINT('',(-3.36777869765522E-16,-2.74999999999999,1.32027229523512E-14));
#11254=CARTESIAN_POINT('Origin',(0.,8.74009572843469E-15,1.2490009027033E-14));
#11255=CARTESIAN_POINT('Origin',(0.,9.19364095363717E-15,1.75000000000001));
#11256=CARTESIAN_POINT('',(-3.36777869765522E-16,-2.74999999999999,1.75000000000001));
#11257=CARTESIAN_POINT('Origin',(0.,9.19364095363717E-15,1.75000000000001));
#11258=CARTESIAN_POINT('',(-3.06161699786838E-16,-2.49999999999999,2.00000000000001));
#11259=CARTESIAN_POINT('',(-3.36777869765522E-16,-2.74999999999999,1.75000000000001));
#11260=CARTESIAN_POINT('Origin',(0.,9.25843312866609E-15,2.00000000000001));
#11261=CARTESIAN_POINT('Origin',(0.,8.74009572843469E-15,1.11022302462516E-14));
#11262=CARTESIAN_POINT('',(-3.36777869765522E-16,-2.74999999999999,1.18149441715698E-14));
#11263=CARTESIAN_POINT('Origin',(-5.01706419016999E-30,-5.55111512312578E-16,
-16.));
#11264=CARTESIAN_POINT('',(-1.125,-6.92884277216655E-16,-16.));
#11265=CARTESIAN_POINT('',(-1.125,-6.92884277216655E-16,-16.));
#11266=CARTESIAN_POINT('Origin',(-5.01706419016999E-30,-5.55111512312578E-16,
-16.));
#11267=CARTESIAN_POINT('Origin',(0.,2.50000000000001,2.00000000000001));
#11268=CARTESIAN_POINT('',(-7.34004870772687E-14,-1.1547005383792,2.00000000000002));
#11269=CARTESIAN_POINT('',(0.999999999999946,-0.577350269189648,2.00000000000001));
#11270=CARTESIAN_POINT('Origin',(0.,3.20197347760631E-14,2.00000000000001));
#11271=CARTESIAN_POINT('',(-1.,-0.577350269189617,2.00000000000001));
#11272=CARTESIAN_POINT('Origin',(0.,3.20197347760631E-14,2.00000000000001));
#11273=CARTESIAN_POINT('',(-1.,0.577350269189619,2.00000000000001));
#11274=CARTESIAN_POINT('Origin',(0.,3.20197347760631E-14,2.00000000000001));
#11275=CARTESIAN_POINT('',(-6.17995238316738E-15,1.15470053837926,2.00000000000001));
#11276=CARTESIAN_POINT('Origin',(0.,3.20197347760631E-14,2.00000000000001));
#11277=CARTESIAN_POINT('',(1.,0.577350269189618,2.00000000000001));
#11278=CARTESIAN_POINT('Origin',(0.,3.20197347760631E-14,2.00000000000001));
#11279=CARTESIAN_POINT('Origin',(0.,3.20197347760631E-14,2.00000000000001));
#11280=CARTESIAN_POINT('Origin',(-5.01706419016999E-30,-5.55111512312578E-16,
-16.));
#11281=CARTESIAN_POINT('Origin',(0.,3.20197347760631E-14,2.00000000000001));
#11282=CARTESIAN_POINT('Ctrl Pts',(-1.,-0.577350269189544,2.00000000000001));
#11283=CARTESIAN_POINT('Ctrl Pts',(-1.,1.35724764760425E-14,1.71132486540525));
#11284=CARTESIAN_POINT('Ctrl Pts',(-1.,0.577350269189561,1.99999999999998));
#11285=CARTESIAN_POINT('Origin',(0.,3.20197347760631E-14,2.00000000000001));
#11286=CARTESIAN_POINT('Ctrl Pts',(-1.21820321118386E-13,-1.15470053837917,
1.99999999999999));
#11287=CARTESIAN_POINT('Ctrl Pts',(-0.500000000000025,-0.866025403784415,
1.71132486540528));
#11288=CARTESIAN_POINT('Ctrl Pts',(-0.999999999999938,-0.577350269189652,
2.00000000000001));
#11289=CARTESIAN_POINT('Origin',(0.,3.20197347760631E-14,2.00000000000001));
#11290=CARTESIAN_POINT('Ctrl Pts',(0.999999999999899,-0.577350269189676,
1.99999999999999));
#11291=CARTESIAN_POINT('Ctrl Pts',(0.499999999999978,-0.866025403784443,
1.71132486540527));
#11292=CARTESIAN_POINT('Ctrl Pts',(3.57915913899031E-14,-1.15470053837922,
2.00000000000004));
#11293=CARTESIAN_POINT('Origin',(0.,3.20197347760631E-14,2.00000000000001));
#11294=CARTESIAN_POINT('Ctrl Pts',(1.,0.57735026918956,1.99999999999998));
#11295=CARTESIAN_POINT('Ctrl Pts',(1.,2.24820162486594E-15,1.71132486540524));
#11296=CARTESIAN_POINT('Ctrl Pts',(1.,-0.577350269189572,2.00000000000002));
#11297=CARTESIAN_POINT('Origin',(0.,3.20197347760631E-14,2.00000000000001));
#11298=CARTESIAN_POINT('Ctrl Pts',(4.43982558448892E-14,1.15470053837923,
1.99999999999998));
#11299=CARTESIAN_POINT('Ctrl Pts',(0.499999999999997,0.86602540378445,1.71132486540522));
#11300=CARTESIAN_POINT('Ctrl Pts',(0.999999999999953,0.577350269189662,
1.99999999999999));
#11301=CARTESIAN_POINT('Origin',(0.,3.20197347760631E-14,2.00000000000001));
#11302=CARTESIAN_POINT('Ctrl Pts',(-0.999999999999953,0.577350269189662,
1.99999999999999));
#11303=CARTESIAN_POINT('Ctrl Pts',(-0.499999999999999,0.866025403784448,
1.71132486540522));
#11304=CARTESIAN_POINT('Ctrl Pts',(-5.17537311940851E-14,1.15470053837923,
1.99999999999998));
#11305=CARTESIAN_POINT('Origin',(2.32535350241524E-16,1.15470053837926,
0.380000000000011));
#11306=CARTESIAN_POINT('',(-1.,0.577350269189636,0.380000000000011));
#11307=CARTESIAN_POINT('',(4.6774436677816E-18,1.15470053837926,0.380000000000011));
#11308=CARTESIAN_POINT('',(-1.,0.577350269189636,0.380000000000011));
#11309=CARTESIAN_POINT('',(-1.,-0.577350269189617,0.380000000000011));
#11310=CARTESIAN_POINT('',(-1.,-0.577350269189617,0.380000000000011));
#11311=CARTESIAN_POINT('',(3.145879731693E-16,-1.15470053837924,0.380000000000011));
#11312=CARTESIAN_POINT('',(3.145879731693E-16,-1.15470053837924,0.380000000000011));
#11313=CARTESIAN_POINT('',(1.,-0.577350269189617,0.380000000000011));
#11314=CARTESIAN_POINT('',(1.,-0.577350269189617,0.380000000000011));
#11315=CARTESIAN_POINT('',(1.,0.577350269189635,0.380000000000011));
#11316=CARTESIAN_POINT('',(1.,0.577350269189635,0.380000000000011));
#11317=CARTESIAN_POINT('',(4.6774436677816E-18,1.15470053837926,0.380000000000011));
#11318=CARTESIAN_POINT('Origin',(-1.,-0.577350269189617,0.380000000000011));
#11319=CARTESIAN_POINT('',(-1.,-0.577350269189617,0.380000000000011));
#11320=CARTESIAN_POINT('',(-1.,0.577350269189636,0.380000000000011));
#11321=CARTESIAN_POINT('Origin',(3.145879731693E-16,-1.15470053837924,0.380000000000011));
#11322=CARTESIAN_POINT('',(3.145879731693E-16,-1.15470053837924,0.380000000000011));
#11323=CARTESIAN_POINT('Origin',(1.,-0.577350269189617,0.380000000000011));
#11324=CARTESIAN_POINT('',(1.,-0.577350269189617,0.380000000000011));
#11325=CARTESIAN_POINT('Origin',(1.,0.577350269189635,0.380000000000011));
#11326=CARTESIAN_POINT('',(1.,0.577350269189635,0.380000000000011));
#11327=CARTESIAN_POINT('Origin',(4.6774436677816E-18,1.15470053837926,0.380000000000011));
#11328=CARTESIAN_POINT('',(4.6774436677816E-18,1.15470053837926,0.380000000000011));
#11329=CARTESIAN_POINT('Origin',(-1.,0.577350269189636,0.380000000000011));
#11330=CARTESIAN_POINT('',(0.,0.,0.));
#11331=CARTESIAN_POINT('Origin',(4.5,-3.375,-35.9));
#11332=CARTESIAN_POINT('',(4.4,-12.75,-35.8));
#11333=CARTESIAN_POINT('',(4.6,-12.75,-36.));
#11334=CARTESIAN_POINT('',(4.4,-12.75,-35.8));
#11335=CARTESIAN_POINT('',(4.4,-6.75,-35.8));
#11336=CARTESIAN_POINT('',(4.4,-3.375,-35.8));
#11337=CARTESIAN_POINT('',(4.6,-6.75,-36.));
#11338=CARTESIAN_POINT('',(4.4,-6.75,-35.8));
#11339=CARTESIAN_POINT('',(4.6,-3.375,-36.));
#11340=CARTESIAN_POINT('Origin',(9.,-18.9,-1.));
#11341=CARTESIAN_POINT('',(9.,-18.8,0.));
#11342=CARTESIAN_POINT('',(9.,-19.,-0.2));
#11343=CARTESIAN_POINT('',(9.,-18.8,0.));
#11344=CARTESIAN_POINT('',(9.8,-19.,-1.));
#11345=CARTESIAN_POINT('Origin',(9.,-19.,-1.));
#11346=CARTESIAN_POINT('',(10.,-18.8,-1.));
#11347=CARTESIAN_POINT('',(10.,-18.8,-1.));
#11348=CARTESIAN_POINT('Origin',(9.,-18.8,-1.));
#11349=CARTESIAN_POINT('Origin',(9.9,-18.9,-9.));
#11350=CARTESIAN_POINT('',(10.,-18.8,-32.3786796564404));
#11351=CARTESIAN_POINT('',(9.8,-19.,-32.3786796564404));
#11352=CARTESIAN_POINT('',(10.,-18.8,-32.3786796564404));
#11353=CARTESIAN_POINT('',(10.,-18.8,-9.));
#11354=CARTESIAN_POINT('',(9.8,-19.,-9.));
#11355=CARTESIAN_POINT('Origin',(8.5,-18.9,-32.3786796564404));
#11356=CARTESIAN_POINT('',(9.41923881554251,-19.,-33.2979184719829));
#11357=CARTESIAN_POINT('Origin',(8.5,-19.,-32.3786796564404));
#11358=CARTESIAN_POINT('',(9.56066017177982,-18.8,-33.4393398282202));
#11359=CARTESIAN_POINT('',(9.56066017177982,-18.8,-33.4393398282202));
#11360=CARTESIAN_POINT('Origin',(8.5,-18.8,-32.3786796564404));
#11361=CARTESIAN_POINT('Origin',(11.6792893218813,-18.9,-31.1792893218813));
#11362=CARTESIAN_POINT('',(7.29791847198287,-19.,-35.4192388155425));
#11363=CARTESIAN_POINT('',(11.6085786437627,-19.,-31.1085786437627));
#11364=CARTESIAN_POINT('',(7.43933982822018,-18.8,-35.5606601717798));
#11365=CARTESIAN_POINT('',(7.43933982822018,-18.8,-35.5606601717798));
#11366=CARTESIAN_POINT('',(11.75,-18.8,-31.25));
#11367=CARTESIAN_POINT('Origin',(6.37867965644036,-18.9,-34.5));
#11368=CARTESIAN_POINT('',(6.37867965644036,-19.,-35.8));
#11369=CARTESIAN_POINT('Origin',(6.37867965644036,-19.,-34.5));
#11370=CARTESIAN_POINT('',(6.37867965644036,-18.8,-36.));
#11371=CARTESIAN_POINT('',(6.37867965644036,-18.8,-36.));
#11372=CARTESIAN_POINT('Origin',(6.37867965644036,-18.8,-34.5));
#11373=CARTESIAN_POINT('Origin',(6.37867965644036,0.,-34.5));
#11374=CARTESIAN_POINT('',(6.37867965644036,-3.88406204335649,-36.));
#11375=CARTESIAN_POINT('',(6.37867965644036,0.,-36.));
#11376=CARTESIAN_POINT('',(7.18571502583007,-4.28812410785925,-35.7643946822705));
#11377=CARTESIAN_POINT('Origin',(6.37867965644036,-2.82340187157669,-34.5));
#11378=CARTESIAN_POINT('',(7.43933982822017,-4.33423151961823,-35.5606601717798));
#11379=CARTESIAN_POINT('Ctrl Pts',(7.43933982822017,-4.33423151961824,-35.5606601717798));
#11380=CARTESIAN_POINT('Ctrl Pts',(7.38648565239344,-4.32923106619748,-35.6135143476066));
#11381=CARTESIAN_POINT('Ctrl Pts',(7.32834867360799,-4.32017854282031,-35.6635631547399));
#11382=CARTESIAN_POINT('Ctrl Pts',(7.24056133126781,-4.30157159920403,-35.7281114390148));
#11383=CARTESIAN_POINT('Ctrl Pts',(7.21330240810794,-4.29518029939968,-35.7467862617676));
#11384=CARTESIAN_POINT('Ctrl Pts',(7.18571502582984,-4.28812410785937,-35.7643946822707));
#11385=CARTESIAN_POINT('',(7.43933982822018,0.,-35.5606601717798));
#11386=CARTESIAN_POINT('Origin',(8.5,0.,-34.5));
#11387=CARTESIAN_POINT('',(9.56066017177982,-5.3574914097019,-33.4393398282202));
#11388=CARTESIAN_POINT('Ctrl Pts',(7.43933982821805,-4.33423151961803,-35.5606601717819));
#11389=CARTESIAN_POINT('Ctrl Pts',(8.39848867035004,-4.42497513700655,-34.60151132965));
#11390=CARTESIAN_POINT('Ctrl Pts',(9.56066017177981,-5.35749140970188,-33.4393398282202));
#11391=CARTESIAN_POINT('',(9.56066017177982,0.,-33.4393398282202));
#11392=CARTESIAN_POINT('Origin',(8.5,0.,-32.3786796564404));
#11393=CARTESIAN_POINT('',(10.,-5.70000000000011,-32.3786796564404));
#11394=CARTESIAN_POINT('Ctrl Pts',(10.,-5.70000000000011,-32.3786796564404));
#11395=CARTESIAN_POINT('Ctrl Pts',(10.,-5.70000000000011,-32.4886361821517));
#11396=CARTESIAN_POINT('Ctrl Pts',(9.98704498959878,-5.69020506094565,-32.6076058440655));
#11397=CARTESIAN_POINT('Ctrl Pts',(9.93350920949425,-5.64942292951479,-32.8355837467704));
#11398=CARTESIAN_POINT('Ctrl Pts',(9.89303483950296,-5.61847842140609,-32.9446245933333));
#11399=CARTESIAN_POINT('Ctrl Pts',(9.77601436317754,-5.52806480842888,-33.1836957423224));
#11400=CARTESIAN_POINT('Ctrl Pts',(9.67403265027106,-5.4484604972581,-33.3259673497289));
#11401=CARTESIAN_POINT('Ctrl Pts',(9.56066017177982,-5.3574914097019,-33.4393398282202));
#11402=CARTESIAN_POINT('',(10.,0.,-32.3786796564404));
#11403=CARTESIAN_POINT('Origin',(10.,0.,0.));
#11404=CARTESIAN_POINT('',(10.,-5.69999999999997,-2.5));
#11405=CARTESIAN_POINT('',(10.,-5.69999999999997,-12.6464466094067));
#11406=CARTESIAN_POINT('',(10.,-5.87887137352686,-0.999999999999999));
#11407=CARTESIAN_POINT('Ctrl Pts',(10.,-5.70000000000002,-2.50000000000001));
#11408=CARTESIAN_POINT('Ctrl Pts',(10.,-5.70000000000002,-1.76066498942246));
#11409=CARTESIAN_POINT('Ctrl Pts',(10.,-5.87887137352685,-0.999999999999993));
#11410=CARTESIAN_POINT('',(10.,0.,-1.));
#11411=CARTESIAN_POINT('Origin',(9.,0.,-1.));
#11412=CARTESIAN_POINT('',(9.,-5.2697486947007,2.4980018054066E-15));
#11413=CARTESIAN_POINT('Ctrl Pts',(9.,-5.26974869470069,6.93889390390723E-17));
#11414=CARTESIAN_POINT('Ctrl Pts',(9.13406312456561,-5.39057341075487,-2.1669139749595E-16));
#11415=CARTESIAN_POINT('Ctrl Pts',(9.27223463122557,-5.5039326074386,-0.0277048010274232));
#11416=CARTESIAN_POINT('Ctrl Pts',(9.51662650053321,-5.68605275726635,-0.13440187591008));
#11417=CARTESIAN_POINT('Ctrl Pts',(9.63830979598873,-5.76768097990389,-0.215928749304227));
#11418=CARTESIAN_POINT('Ctrl Pts',(9.78896571039766,-5.85238980101059,-0.381061482623706));
#11419=CARTESIAN_POINT('Ctrl Pts',(9.83410569989777,-5.8746145046616,-0.443067076617687));
#11420=CARTESIAN_POINT('Ctrl Pts',(9.90936441856445,-5.90442727823913,-0.576977844904687));
#11421=CARTESIAN_POINT('Ctrl Pts',(9.93948861497407,-5.91202365109396,-0.648878097847483));
#11422=CARTESIAN_POINT('Ctrl Pts',(9.98215856738772,-5.91202365109396,-0.796800599548157));
#11423=CARTESIAN_POINT('Ctrl Pts',(9.99495696673608,-5.90442727823914,-0.873698678566316));
#11424=CARTESIAN_POINT('Ctrl Pts',(9.99959210591708,-5.88630513481512,-0.966957588496829));
#11425=CARTESIAN_POINT('Ctrl Pts',(10.,-5.88275179378955,-0.983498198846046));
#11426=CARTESIAN_POINT('Ctrl Pts',(10.,-5.87887137352686,-0.999999999999999));
#11427=CARTESIAN_POINT('',(9.,0.,0.));
#11428=CARTESIAN_POINT('Origin',(7.49999999999745,-18.9,-28.9999999999988));
#11429=CARTESIAN_POINT('',(7.49999999999745,-19.,-30.7499999999988));
#11430=CARTESIAN_POINT('Origin',(7.49999999999745,-19.,-28.9999999999988));
#11431=CARTESIAN_POINT('',(7.49999999999745,-18.8,-30.5499999999988));
#11432=CARTESIAN_POINT('',(7.49999999999745,-18.9,-30.6499999999988));
#11433=CARTESIAN_POINT('Origin',(7.49999999999745,-18.8,-28.9999999999988));
#11434=CARTESIAN_POINT('Origin',(7.49999999999745,-10.45,-28.9999999999988));
#11435=CARTESIAN_POINT('',(7.49999999999745,-5.7,-30.5499999999988));
#11436=CARTESIAN_POINT('Origin',(7.49999999999745,-5.7,-28.9999999999988));
#11437=CARTESIAN_POINT('',(7.49999999999745,-10.45,-30.5499999999988));
#11438=CARTESIAN_POINT('Origin',(7.49999999999745,-18.9,-12.9999999999988));
#11439=CARTESIAN_POINT('',(7.49999999999745,-19.,-14.7499999999988));
#11440=CARTESIAN_POINT('Origin',(7.49999999999745,-19.,-12.9999999999988));
#11441=CARTESIAN_POINT('',(7.49999999999745,-18.8,-14.5499999999988));
#11442=CARTESIAN_POINT('',(7.49999999999745,-18.9,-14.6499999999988));
#11443=CARTESIAN_POINT('Origin',(7.49999999999745,-18.8,-12.9999999999988));
#11444=CARTESIAN_POINT('Origin',(7.49999999999745,-10.45,-12.9999999999988));
#11445=CARTESIAN_POINT('',(7.49999999999745,-5.7,-14.5499999999988));
#11446=CARTESIAN_POINT('Origin',(7.49999999999745,-5.7,-12.9999999999988));
#11447=CARTESIAN_POINT('',(7.49999999999745,-10.45,-14.5499999999988));
#11448=CARTESIAN_POINT('Origin',(7.49999999999745,-5.6,-28.9999999999988));
#11449=CARTESIAN_POINT('',(7.49999999999745,-5.5,-30.7499999999988));
#11450=CARTESIAN_POINT('Origin',(7.49999999999745,-5.5,-28.9999999999988));
#11451=CARTESIAN_POINT('',(7.49999999999745,-5.6,-30.6499999999988));
#11452=CARTESIAN_POINT('Origin',(7.49999999999745,-5.5,-28.9999999999988));
#11453=CARTESIAN_POINT('',(9.80000000000003,-5.5,-27.2336478267366));
#11454=CARTESIAN_POINT('',(9.80000000000003,-5.5,-30.766352173261));
#11455=CARTESIAN_POINT('',(9.80000000000003,-5.5,-27.1464466094061));
#11456=CARTESIAN_POINT('Origin',(7.49999999999745,-5.5,-28.9999999999988));
#11457=CARTESIAN_POINT('Origin',(7.49999999999745,-5.6,-12.9999999999988));
#11458=CARTESIAN_POINT('',(7.49999999999745,-5.5,-14.7499999999988));
#11459=CARTESIAN_POINT('Origin',(7.49999999999745,-5.5,-12.9999999999988));
#11460=CARTESIAN_POINT('',(7.49999999999745,-5.6,-14.6499999999988));
#11461=CARTESIAN_POINT('Origin',(7.49999999999745,-5.5,-12.9999999999988));
#11462=CARTESIAN_POINT('',(9.80000000000003,-5.5,-11.2336478267366));
#11463=CARTESIAN_POINT('',(9.80000000000003,-5.5,-14.766352173261));
#11464=CARTESIAN_POINT('',(9.80000000000003,-5.5,-19.1464466094061));
#11465=CARTESIAN_POINT('Origin',(7.49999999999745,-5.5,-12.9999999999988));
#11466=CARTESIAN_POINT('Origin',(3.8,-0.05,-32.3786796564404));
#11467=CARTESIAN_POINT('',(4.15355339059327,0.,-32.7322330470336));
#11468=CARTESIAN_POINT('',(4.22426406871192,-0.1,-32.8029437251523));
#11469=CARTESIAN_POINT('',(4.3,0.,-32.3786796564404));
#11470=CARTESIAN_POINT('Origin',(3.8,0.,-32.3786796564404));
#11471=CARTESIAN_POINT('',(4.4,-0.1,-32.3786796564404));
#11472=CARTESIAN_POINT('Origin',(7.49999999999745,-2.75,-12.9999999999988));
#11473=CARTESIAN_POINT('Origin',(7.49999999999745,-3.19999999999743,-12.9999999999988));
#11474=CARTESIAN_POINT('Origin',(7.49999999999745,-2.75,-28.9999999999988));
#11475=CARTESIAN_POINT('Origin',(7.49999999999745,-3.19999999999743,-28.9999999999988));
#11476=CARTESIAN_POINT('Origin',(1.67867965644032,-0.05,-34.5));
#11477=CARTESIAN_POINT('',(1.67867965644032,-1.00000000000002,-36.));
#11478=CARTESIAN_POINT('',(3.17867965644029,-1.62132034355965,-36.));
#11479=CARTESIAN_POINT('Ctrl Pts',(1.67867965644032,-1.00000000000003,-36.));
#11480=CARTESIAN_POINT('Ctrl Pts',(2.29999999999807,-1.00000000000004,-36.));
#11481=CARTESIAN_POINT('Ctrl Pts',(3.17867965643385,-1.62132034355511,-36.));
#11482=CARTESIAN_POINT('',(1.67867965644032,0.,-35.));
#11483=CARTESIAN_POINT('',(1.67867965644032,-0.1,-35.1));
#11484=CARTESIAN_POINT('',(2.03223304703359,0.,-34.8535533905933));
#11485=CARTESIAN_POINT('Origin',(1.67867965644032,0.,-34.5));
#11486=CARTESIAN_POINT('',(2.10294372515224,-0.1,-34.9242640687119));
#11487=CARTESIAN_POINT('Origin',(6.94969516727949,-0.05,-30.0068019484661));
#11488=CARTESIAN_POINT('',(5.95694564798868,-3.58585106612334,-36.));
#11489=CARTESIAN_POINT('',(6.91433982822016,0.,-29.9714466094068));
#11490=CARTESIAN_POINT('Origin',(4.35,-0.05,-25.2928932188135));
#11491=CARTESIAN_POINT('',(4.29999999999999,0.,-2.5));
#11492=CARTESIAN_POINT('',(4.3,0.,-25.2928932188135));
#11493=CARTESIAN_POINT('',(4.39999999999999,-0.1,-2.5));
#11494=CARTESIAN_POINT('Origin',(3.79999999999999,-0.05,-2.5));
#11495=CARTESIAN_POINT('',(3.79999999999999,-2.00000000000001,2.77555756156289E-16));
#11496=CARTESIAN_POINT('Ctrl Pts',(9.00000000000024,-5.26974869470089,7.49400541621981E-15));
#11497=CARTESIAN_POINT('Ctrl Pts',(5.37199456475998,-2.00000000000001,7.49400541621981E-15));
#11498=CARTESIAN_POINT('Ctrl Pts',(3.8,-2.00000000000001,7.49400541621981E-15));
#11499=CARTESIAN_POINT('',(3.79999999999999,0.,-2.));
#11500=CARTESIAN_POINT('Origin',(3.79999999999999,0.,-2.5));
#11501=CARTESIAN_POINT('',(3.79999999999999,-0.1,-1.9));
#11502=CARTESIAN_POINT('Origin',(4.4,-6.75,-36.));
#11503=CARTESIAN_POINT('',(4.4,-12.75,-26.));
#11504=CARTESIAN_POINT('',(4.4,-12.75,-36.));
#11505=CARTESIAN_POINT('',(4.4,-6.75,-26.));
#11506=CARTESIAN_POINT('',(4.4,-12.75,-26.));
#11507=CARTESIAN_POINT('',(4.4,-6.75,-36.));
#11508=CARTESIAN_POINT('Origin',(0.,-12.75,-25.9));
#11509=CARTESIAN_POINT('',(2.55,-12.75,-25.8));
#11510=CARTESIAN_POINT('Origin',(0.,-12.75,-25.8));
#11511=CARTESIAN_POINT('',(2.75,-12.75,-26.));
#11512=CARTESIAN_POINT('',(2.65,-12.75,-25.9));
#11513=CARTESIAN_POINT('Origin',(0.,-12.75,-26.));
#11514=CARTESIAN_POINT('Origin',(0.,-12.75,-16.2));
#11515=CARTESIAN_POINT('',(2.55,-12.75,-0.2));
#11516=CARTESIAN_POINT('',(2.55,-12.75,-16.2));
#11517=CARTESIAN_POINT('Origin',(0.,-12.75,-0.2));
#11518=CARTESIAN_POINT('Origin',(-2.03272857668194E-15,-6.75,-25.9));
#11519=CARTESIAN_POINT('',(2.55,-6.75,-25.8));
#11520=CARTESIAN_POINT('Origin',(-2.03272857668194E-15,-6.75,-25.8));
#11521=CARTESIAN_POINT('',(2.75,-6.75,-26.));
#11522=CARTESIAN_POINT('',(2.65,-6.75,-25.9));
#11523=CARTESIAN_POINT('Origin',(-2.03272857668194E-15,-6.75,-26.));
#11524=CARTESIAN_POINT('Origin',(-2.03272857668194E-15,-6.75,-16.2));
#11525=CARTESIAN_POINT('',(2.55,-6.75,-0.2));
#11526=CARTESIAN_POINT('',(2.55,-6.75,-16.2));
#11527=CARTESIAN_POINT('Origin',(-2.03272857668194E-15,-6.75,-0.2));
#11528=CARTESIAN_POINT('',(0.,-4.2,-22.2644999999985));
#11529=CARTESIAN_POINT('',(0.,-4.2,-19.7354999999985));
#11530=CARTESIAN_POINT('Ctrl Pts',(-5.20417042793042E-16,-4.2,-22.2644999999985));
#11531=CARTESIAN_POINT('Ctrl Pts',(0.161746497403069,-4.2,-22.2644999999985));
#11532=CARTESIAN_POINT('Ctrl Pts',(0.332417119973528,-4.21680663414438,
-22.2315983807774));
#11533=CARTESIAN_POINT('Ctrl Pts',(0.643237151375634,-4.27738686312321,
-22.1016267996937));
#11534=CARTESIAN_POINT('Ctrl Pts',(0.783573684682481,-4.32050415343468,
-22.0046993649368));
#11535=CARTESIAN_POINT('Ctrl Pts',(1.00499036355285,-4.4034055268675,-21.7832826860664));
#11536=CARTESIAN_POINT('Ctrl Pts',(1.101703935918,-4.44911430128747,-21.6430448339694));
#11537=CARTESIAN_POINT('Ctrl Pts',(1.23150282778091,-4.51589438694096,-21.3326534789469));
#11538=CARTESIAN_POINT('Ctrl Pts',(1.2645,-4.53560623420314,-21.1621722101148));
#11539=CARTESIAN_POINT('Ctrl Pts',(1.2645,-4.53560623420314,-20.8378277898822));
#11540=CARTESIAN_POINT('Ctrl Pts',(1.23150282778091,-4.51589438694096,-20.6673465210501));
#11541=CARTESIAN_POINT('Ctrl Pts',(1.101703935918,-4.44911430128747,-20.3569551660276));
#11542=CARTESIAN_POINT('Ctrl Pts',(1.00499036355285,-4.4034055268675,-20.2167173139306));
#11543=CARTESIAN_POINT('Ctrl Pts',(0.783573684682481,-4.32050415343468,
-19.9953006350602));
#11544=CARTESIAN_POINT('Ctrl Pts',(0.643237151375633,-4.27738686312321,
-19.8983732003033));
#11545=CARTESIAN_POINT('Ctrl Pts',(0.332417119973528,-4.21680663414438,
-19.7684016192196));
#11546=CARTESIAN_POINT('Ctrl Pts',(0.161746497403069,-4.2,-19.7354999999985));
#11547=CARTESIAN_POINT('Ctrl Pts',(2.77555756156289E-16,-4.2,-19.7354999999985));
#11548=CARTESIAN_POINT('Ctrl Pts',(5.20417042793042E-16,-4.2,-22.2644999999985));
#11549=CARTESIAN_POINT('Ctrl Pts',(-0.161746497403069,-4.2,-22.2644999999985));
#11550=CARTESIAN_POINT('Ctrl Pts',(-0.332417119973528,-4.21680663414438,
-22.2315983807774));
#11551=CARTESIAN_POINT('Ctrl Pts',(-0.643237151375634,-4.27738686312321,
-22.1016267996937));
#11552=CARTESIAN_POINT('Ctrl Pts',(-0.783573684682481,-4.32050415343468,
-22.0046993649368));
#11553=CARTESIAN_POINT('Ctrl Pts',(-1.00499036355285,-4.4034055268675,-21.7832826860664));
#11554=CARTESIAN_POINT('Ctrl Pts',(-1.101703935918,-4.44911430128747,-21.6430448339694));
#11555=CARTESIAN_POINT('Ctrl Pts',(-1.23150282778091,-4.51589438694096,
-21.3326534789469));
#11556=CARTESIAN_POINT('Ctrl Pts',(-1.2645,-4.53560623420314,-21.1621722101148));
#11557=CARTESIAN_POINT('Ctrl Pts',(-1.2645,-4.53560623420314,-20.8378277898822));
#11558=CARTESIAN_POINT('Ctrl Pts',(-1.23150282778091,-4.51589438694096,
-20.6673465210501));
#11559=CARTESIAN_POINT('Ctrl Pts',(-1.101703935918,-4.44911430128747,-20.3569551660276));
#11560=CARTESIAN_POINT('Ctrl Pts',(-1.00499036355285,-4.4034055268675,-20.2167173139306));
#11561=CARTESIAN_POINT('Ctrl Pts',(-0.783573684682481,-4.32050415343468,
-19.9953006350602));
#11562=CARTESIAN_POINT('Ctrl Pts',(-0.643237151375633,-4.27738686312321,
-19.8983732003033));
#11563=CARTESIAN_POINT('Ctrl Pts',(-0.332417119973528,-4.21680663414438,
-19.7684016192196));
#11564=CARTESIAN_POINT('Ctrl Pts',(-0.161746497403069,-4.2,-19.7354999999985));
#11565=CARTESIAN_POINT('Ctrl Pts',(-2.77555756156289E-16,-4.2,-19.7354999999985));
#11566=CARTESIAN_POINT('Origin',(-2.03272857668194E-15,-6.75,-35.9));
#11567=CARTESIAN_POINT('',(-4.4,-6.75,-35.8));
#11568=CARTESIAN_POINT('Origin',(-2.03272857668194E-15,-6.75,-35.8));
#11569=CARTESIAN_POINT('',(-4.6,-6.75,-36.));
#11570=CARTESIAN_POINT('',(-4.4,-6.75,-35.8));
#11571=CARTESIAN_POINT('Origin',(-2.03272857668194E-15,-6.75,-36.));
#11572=CARTESIAN_POINT('Origin',(-4.5,-3.375,-35.9));
#11573=CARTESIAN_POINT('',(-4.4,-12.75,-35.8));
#11574=CARTESIAN_POINT('',(-4.6,-12.75,-36.));
#11575=CARTESIAN_POINT('',(-4.4,-12.75,-35.8));
#11576=CARTESIAN_POINT('',(-4.6,-3.375,-36.));
#11577=CARTESIAN_POINT('',(-4.4,-3.375,-35.8));
#11578=CARTESIAN_POINT('Origin',(0.,-12.75,-35.9));
#11579=CARTESIAN_POINT('Origin',(0.,-12.75,-36.));
#11580=CARTESIAN_POINT('Origin',(0.,-12.75,-35.8));
#11581=CARTESIAN_POINT('Origin',(-10.,0.,-36.));
#11582=CARTESIAN_POINT('',(-1.67867965644032,-1.00000000000002,-36.));
#11583=CARTESIAN_POINT('',(6.25,-1.00000000000002,-36.));
#11584=CARTESIAN_POINT('',(-6.37867965644036,-18.8,-36.));
#11585=CARTESIAN_POINT('',(-7.5,-18.8,-36.));
#11586=CARTESIAN_POINT('',(-6.37867965644036,-3.88406204335649,-36.));
#11587=CARTESIAN_POINT('',(-6.37867965644036,0.,-36.));
#11588=CARTESIAN_POINT('',(-3.17867965644029,-1.62132034355965,-36.));
#11589=CARTESIAN_POINT('',(-5.95694564798868,-3.58585106612334,-36.));
#11590=CARTESIAN_POINT('Ctrl Pts',(-1.67867965644032,-1.00000000000003,
-36.));
#11591=CARTESIAN_POINT('Ctrl Pts',(-2.29999999999807,-1.00000000000004,
-36.));
#11592=CARTESIAN_POINT('Ctrl Pts',(-3.17867965643385,-1.62132034355511,
-36.));
#11593=CARTESIAN_POINT('Origin',(-2.03272857668194E-15,-6.75,-0.1));
#11594=CARTESIAN_POINT('',(2.75,-6.75,2.77555756156289E-16));
#11595=CARTESIAN_POINT('Origin',(-2.03272857668194E-15,-6.75,0.));
#11596=CARTESIAN_POINT('',(2.65,-6.75,-0.1));
#11597=CARTESIAN_POINT('Origin',(0.,0.,0.));
#11598=CARTESIAN_POINT('',(-3.79999999999999,-2.00000000000001,2.77555756156289E-16));
#11599=CARTESIAN_POINT('',(-2.325,-1.99999999999999,2.77555756156289E-16));
#11600=CARTESIAN_POINT('',(-9.,-5.2697486947007,2.4980018054066E-15));
#11601=CARTESIAN_POINT('Ctrl Pts',(-9.00000000000024,-5.26974869470089,
7.49400541621981E-15));
#11602=CARTESIAN_POINT('Ctrl Pts',(-5.37199456475998,-2.00000000000001,
7.49400541621981E-15));
#11603=CARTESIAN_POINT('Ctrl Pts',(-3.8,-2.00000000000001,7.49400541621981E-15));
#11604=CARTESIAN_POINT('',(-9.,-18.8,0.));
#11605=CARTESIAN_POINT('',(-9.,0.,0.));
#11606=CARTESIAN_POINT('',(-2.5,-18.8,0.));
#11607=CARTESIAN_POINT('',(2.75,-12.75,1.14491749414469E-15));
#11608=CARTESIAN_POINT('Origin',(0.,-12.75,0.));
#11609=CARTESIAN_POINT('Origin',(0.,-12.75,-0.1));
#11610=CARTESIAN_POINT('',(2.65,-12.75,-0.1));
#11611=CARTESIAN_POINT('Origin',(-2.5,-18.9,-0.1));
#11612=CARTESIAN_POINT('',(-9.,-19.,-0.2));
#11613=CARTESIAN_POINT('',(-9.,-18.8,0.));
#11614=CARTESIAN_POINT('',(2.5,-19.,-0.2));
#11615=CARTESIAN_POINT('Origin',(-9.,-18.9,-1.));
#11616=CARTESIAN_POINT('',(-10.,-18.8,-1.));
#11617=CARTESIAN_POINT('Origin',(-9.,-18.8,-1.));
#11618=CARTESIAN_POINT('',(-9.8,-19.,-1.));
#11619=CARTESIAN_POINT('',(-10.,-18.8,-1.));
#11620=CARTESIAN_POINT('Origin',(-9.,-19.,-1.));
#11621=CARTESIAN_POINT('Origin',(-9.9,-18.9,-9.));
#11622=CARTESIAN_POINT('',(-10.,-18.8,-32.3786796564404));
#11623=CARTESIAN_POINT('',(-9.8,-19.,-32.3786796564404));
#11624=CARTESIAN_POINT('',(-10.,-18.8,-32.3786796564404));
#11625=CARTESIAN_POINT('',(-9.8,-19.,-9.));
#11626=CARTESIAN_POINT('',(-10.,-18.8,-9.));
#11627=CARTESIAN_POINT('Origin',(-8.5,-18.9,-32.3786796564404));
#11628=CARTESIAN_POINT('',(-9.56066017177982,-18.8,-33.4393398282202));
#11629=CARTESIAN_POINT('Origin',(-8.5,-18.8,-32.3786796564404));
#11630=CARTESIAN_POINT('',(-9.41923881554251,-19.,-33.2979184719829));
#11631=CARTESIAN_POINT('',(-9.56066017177982,-18.8,-33.4393398282202));
#11632=CARTESIAN_POINT('Origin',(-8.5,-19.,-32.3786796564404));
#11633=CARTESIAN_POINT('Origin',(-11.6792893218813,-18.9,-31.1792893218813));
#11634=CARTESIAN_POINT('',(-7.43933982822018,-18.8,-35.5606601717798));
#11635=CARTESIAN_POINT('',(-11.75,-18.8,-31.25));
#11636=CARTESIAN_POINT('',(-7.29791847198287,-19.,-35.4192388155425));
#11637=CARTESIAN_POINT('',(-7.43933982822018,-18.8,-35.5606601717798));
#11638=CARTESIAN_POINT('',(-11.6085786437627,-19.,-31.1085786437627));
#11639=CARTESIAN_POINT('Origin',(-6.37867965644036,-18.9,-34.5));
#11640=CARTESIAN_POINT('Origin',(-6.37867965644036,-18.8,-34.5));
#11641=CARTESIAN_POINT('',(-6.37867965644036,-19.,-35.8));
#11642=CARTESIAN_POINT('',(-6.37867965644036,-18.8,-36.));
#11643=CARTESIAN_POINT('Origin',(-6.37867965644036,-19.,-34.5));
#11644=CARTESIAN_POINT('Origin',(-7.5,-18.9,-35.9));
#11645=CARTESIAN_POINT('',(7.5,-19.,-35.8));
#11646=CARTESIAN_POINT('Origin',(-6.37867965644036,0.,-34.5));
#11647=CARTESIAN_POINT('',(-7.43933982822017,-4.33423151961823,-35.5606601717798));
#11648=CARTESIAN_POINT('',(-7.43933982822018,0.,-35.5606601717798));
#11649=CARTESIAN_POINT('',(-7.18571502583007,-4.28812410785925,-35.7643946822705));
#11650=CARTESIAN_POINT('Ctrl Pts',(-7.43933982822017,-4.33423151961824,
-35.5606601717798));
#11651=CARTESIAN_POINT('Ctrl Pts',(-7.38648565239344,-4.32923106619748,
-35.6135143476066));
#11652=CARTESIAN_POINT('Ctrl Pts',(-7.32834867360799,-4.32017854282031,
-35.6635631547399));
#11653=CARTESIAN_POINT('Ctrl Pts',(-7.24056133126781,-4.30157159920403,
-35.7281114390148));
#11654=CARTESIAN_POINT('Ctrl Pts',(-7.21330240810794,-4.29518029939968,
-35.7467862617676));
#11655=CARTESIAN_POINT('Ctrl Pts',(-7.18571502582984,-4.28812410785937,
-35.7643946822707));
#11656=CARTESIAN_POINT('Origin',(-6.37867965644036,-2.82340187157669,-34.5));
#11657=CARTESIAN_POINT('Origin',(-8.5,0.,-34.5));
#11658=CARTESIAN_POINT('',(-9.56066017177982,-5.3574914097019,-33.4393398282202));
#11659=CARTESIAN_POINT('',(-9.56066017177982,0.,-33.4393398282202));
#11660=CARTESIAN_POINT('Ctrl Pts',(-7.43933982821805,-4.33423151961803,
-35.5606601717819));
#11661=CARTESIAN_POINT('Ctrl Pts',(-8.39848867035004,-4.42497513700655,
-34.60151132965));
#11662=CARTESIAN_POINT('Ctrl Pts',(-9.56066017177981,-5.35749140970188,
-33.4393398282202));
#11663=CARTESIAN_POINT('Origin',(-8.5,0.,-32.3786796564404));
#11664=CARTESIAN_POINT('',(-10.,-5.70000000000011,-32.3786796564404));
#11665=CARTESIAN_POINT('',(-10.,0.,-32.3786796564404));
#11666=CARTESIAN_POINT('Ctrl Pts',(-10.,-5.70000000000011,-32.3786796564404));
#11667=CARTESIAN_POINT('Ctrl Pts',(-10.,-5.70000000000011,-32.4886361821517));
#11668=CARTESIAN_POINT('Ctrl Pts',(-9.98704498959878,-5.69020506094565,
-32.6076058440655));
#11669=CARTESIAN_POINT('Ctrl Pts',(-9.93350920949425,-5.64942292951479,
-32.8355837467704));
#11670=CARTESIAN_POINT('Ctrl Pts',(-9.89303483950296,-5.61847842140609,
-32.9446245933333));
#11671=CARTESIAN_POINT('Ctrl Pts',(-9.77601436317754,-5.52806480842888,
-33.1836957423224));
#11672=CARTESIAN_POINT('Ctrl Pts',(-9.67403265027106,-5.4484604972581,-33.3259673497289));
#11673=CARTESIAN_POINT('Ctrl Pts',(-9.56066017177982,-5.3574914097019,-33.4393398282202));
#11674=CARTESIAN_POINT('Origin',(-10.,0.,0.));
#11675=CARTESIAN_POINT('',(-10.,-5.87887137352686,-0.999999999999999));
#11676=CARTESIAN_POINT('',(-10.,0.,-1.));
#11677=CARTESIAN_POINT('',(-10.,-5.69999999999997,-2.5));
#11678=CARTESIAN_POINT('Ctrl Pts',(-10.,-5.70000000000002,-2.50000000000001));
#11679=CARTESIAN_POINT('Ctrl Pts',(-10.,-5.70000000000002,-1.76066498942246));
#11680=CARTESIAN_POINT('Ctrl Pts',(-10.,-5.87887137352685,-0.999999999999993));
#11681=CARTESIAN_POINT('',(-10.,-5.69999999999997,-12.6464466094067));
#11682=CARTESIAN_POINT('Origin',(-9.,0.,-1.));
#11683=CARTESIAN_POINT('Ctrl Pts',(-9.,-5.26974869470069,6.93889390390723E-17));
#11684=CARTESIAN_POINT('Ctrl Pts',(-9.13406312456561,-5.39057341075487,
-2.1669139749595E-16));
#11685=CARTESIAN_POINT('Ctrl Pts',(-9.27223463122557,-5.5039326074386,-0.0277048010274232));
#11686=CARTESIAN_POINT('Ctrl Pts',(-9.51662650053321,-5.68605275726635,
-0.13440187591008));
#11687=CARTESIAN_POINT('Ctrl Pts',(-9.63830979598873,-5.76768097990389,
-0.215928749304227));
#11688=CARTESIAN_POINT('Ctrl Pts',(-9.78896571039766,-5.85238980101059,
-0.381061482623706));
#11689=CARTESIAN_POINT('Ctrl Pts',(-9.83410569989777,-5.8746145046616,-0.443067076617687));
#11690=CARTESIAN_POINT('Ctrl Pts',(-9.90936441856445,-5.90442727823913,
-0.576977844904687));
#11691=CARTESIAN_POINT('Ctrl Pts',(-9.93948861497407,-5.91202365109396,
-0.648878097847483));
#11692=CARTESIAN_POINT('Ctrl Pts',(-9.98215856738772,-5.91202365109396,
-0.796800599548157));
#11693=CARTESIAN_POINT('Ctrl Pts',(-9.99495696673608,-5.90442727823914,
-0.873698678566316));
#11694=CARTESIAN_POINT('Ctrl Pts',(-9.99959210591708,-5.88630513481512,
-0.966957588496829));
#11695=CARTESIAN_POINT('Ctrl Pts',(-10.,-5.88275179378955,-0.983498198846046));
#11696=CARTESIAN_POINT('Ctrl Pts',(-10.,-5.87887137352686,-0.999999999999999));
#11697=CARTESIAN_POINT('Origin',(-7.49999999999745,-18.9,-28.9999999999988));
#11698=CARTESIAN_POINT('',(-7.49999999999745,-19.,-30.7499999999988));
#11699=CARTESIAN_POINT('Origin',(-7.49999999999745,-19.,-28.9999999999988));
#11700=CARTESIAN_POINT('',(-7.49999999999745,-18.8,-30.5499999999988));
#11701=CARTESIAN_POINT('',(-7.49999999999745,-18.9,-30.6499999999988));
#11702=CARTESIAN_POINT('Origin',(-7.49999999999745,-18.8,-28.9999999999988));
#11703=CARTESIAN_POINT('Origin',(-5.,-19.,-18.));
#11704=CARTESIAN_POINT('',(-7.49999999999745,-19.,-14.7499999999988));
#11705=CARTESIAN_POINT('Origin',(-7.49999999999745,-19.,-12.9999999999988));
#11706=CARTESIAN_POINT('Origin',(-7.49999999999745,-10.45,-28.9999999999988));
#11707=CARTESIAN_POINT('',(-7.49999999999745,-5.7,-30.5499999999988));
#11708=CARTESIAN_POINT('Origin',(-7.49999999999745,-5.7,-28.9999999999988));
#11709=CARTESIAN_POINT('',(-7.49999999999745,-10.45,-30.5499999999988));
#11710=CARTESIAN_POINT('Origin',(-7.49999999999745,-18.9,-12.9999999999988));
#11711=CARTESIAN_POINT('',(-7.49999999999745,-18.8,-14.5499999999988));
#11712=CARTESIAN_POINT('',(-7.49999999999745,-18.9,-14.6499999999988));
#11713=CARTESIAN_POINT('Origin',(-7.49999999999745,-18.8,-12.9999999999988));
#11714=CARTESIAN_POINT('Origin',(-7.49999999999745,-10.45,-12.9999999999988));
#11715=CARTESIAN_POINT('',(-7.49999999999745,-5.7,-14.5499999999988));
#11716=CARTESIAN_POINT('Origin',(-7.49999999999745,-5.7,-12.9999999999988));
#11717=CARTESIAN_POINT('',(-7.49999999999745,-10.45,-14.5499999999988));
#11718=CARTESIAN_POINT('Origin',(-7.49999999999745,-5.6,-28.9999999999988));
#11719=CARTESIAN_POINT('',(-7.49999999999745,-5.5,-30.7499999999988));
#11720=CARTESIAN_POINT('Origin',(-7.49999999999745,-5.5,-28.9999999999988));
#11721=CARTESIAN_POINT('',(-7.49999999999745,-5.6,-30.6499999999988));
#11722=CARTESIAN_POINT('Origin',(-7.49999999999745,-5.5,-28.9999999999988));
#11723=CARTESIAN_POINT('',(-9.80000000000003,-5.5,-27.2336478267366));
#11724=CARTESIAN_POINT('',(-9.80000000000003,-5.5,-30.766352173261));
#11725=CARTESIAN_POINT('',(-9.80000000000003,-5.5,-27.1464466094061));
#11726=CARTESIAN_POINT('Origin',(-7.49999999999745,-5.5,-28.9999999999988));
#11727=CARTESIAN_POINT('Origin',(-7.49999999999745,-5.6,-12.9999999999988));
#11728=CARTESIAN_POINT('',(-7.49999999999745,-5.5,-14.7499999999988));
#11729=CARTESIAN_POINT('Origin',(-7.49999999999745,-5.5,-12.9999999999988));
#11730=CARTESIAN_POINT('',(-7.49999999999745,-5.6,-14.6499999999988));
#11731=CARTESIAN_POINT('Origin',(-7.49999999999745,-5.5,-12.9999999999988));
#11732=CARTESIAN_POINT('',(-9.80000000000003,-5.5,-11.2336478267366));
#11733=CARTESIAN_POINT('',(-9.80000000000003,-5.5,-14.766352173261));
#11734=CARTESIAN_POINT('',(-9.80000000000003,-5.5,-19.1464466094061));
#11735=CARTESIAN_POINT('Origin',(-7.49999999999745,-5.5,-12.9999999999988));
#11736=CARTESIAN_POINT('Origin',(-3.8,-0.05,-32.3786796564404));
#11737=CARTESIAN_POINT('',(-4.3,0.,-32.3786796564404));
#11738=CARTESIAN_POINT('',(-4.4,-0.1,-32.3786796564404));
#11739=CARTESIAN_POINT('',(-4.15355339059327,0.,-32.7322330470336));
#11740=CARTESIAN_POINT('Origin',(-3.8,0.,-32.3786796564404));
#11741=CARTESIAN_POINT('',(-4.22426406871192,-0.1,-32.8029437251523));
#11742=CARTESIAN_POINT('Origin',(-7.49999999999745,-2.75,-12.9999999999988));
#11743=CARTESIAN_POINT('Origin',(-7.49999999999745,-3.19999999999743,-12.9999999999988));
#11744=CARTESIAN_POINT('Origin',(-7.49999999999745,-2.75,-28.9999999999988));
#11745=CARTESIAN_POINT('Origin',(-7.49999999999745,-3.19999999999743,-28.9999999999988));
#11746=CARTESIAN_POINT('Origin',(-4.65,-0.05,-1.95));
#11747=CARTESIAN_POINT('',(-3.79999999999999,0.,-2.));
#11748=CARTESIAN_POINT('',(-4.65,0.,-2.));
#11749=CARTESIAN_POINT('',(-3.79999999999999,-0.1,-1.9));
#11750=CARTESIAN_POINT('Origin',(-2.5,-0.05,-35.05));
#11751=CARTESIAN_POINT('',(-1.67867965644032,0.,-35.));
#11752=CARTESIAN_POINT('',(-1.67867965644032,-0.1,-35.1));
#11753=CARTESIAN_POINT('',(-2.5,0.,-35.));
#11754=CARTESIAN_POINT('Origin',(-1.67867965644032,-0.05,-34.5));
#11755=CARTESIAN_POINT('',(-2.03223304703359,0.,-34.8535533905933));
#11756=CARTESIAN_POINT('',(-2.10294372515224,-0.1,-34.9242640687119));
#11757=CARTESIAN_POINT('Origin',(-1.67867965644032,0.,-34.5));
#11758=CARTESIAN_POINT('Origin',(-6.94969516727949,-0.05,-30.0068019484661));
#11759=CARTESIAN_POINT('',(-6.91433982822016,0.,-29.9714466094068));
#11760=CARTESIAN_POINT('Origin',(-4.35,-0.05,-25.2928932188135));
#11761=CARTESIAN_POINT('',(-4.29999999999999,0.,-2.5));
#11762=CARTESIAN_POINT('',(-4.39999999999999,-0.1,-2.5));
#11763=CARTESIAN_POINT('',(-4.3,0.,-25.2928932188135));
#11764=CARTESIAN_POINT('Origin',(-3.79999999999999,-0.05,-2.5));
#11765=CARTESIAN_POINT('Origin',(-3.79999999999999,0.,-2.5));
#11766=CARTESIAN_POINT('Origin',(-5.,0.,-18.));
#11767=CARTESIAN_POINT('',(2.14313189850787E-16,2.77555756156289E-16,-22.7499999999985));
#11768=CARTESIAN_POINT('Origin',(0.,0.,-20.9999999999985));
#11769=CARTESIAN_POINT('Origin',(-2.2,-9.75,-26.));
#11770=CARTESIAN_POINT('',(-4.4,-6.75,-26.));
#11771=CARTESIAN_POINT('Origin',(-2.03272857668194E-15,-6.75,-26.));
#11772=CARTESIAN_POINT('',(-4.4,-12.75,-26.));
#11773=CARTESIAN_POINT('Origin',(0.,-12.75,-26.));
#11774=CARTESIAN_POINT('',(-4.4,-12.75,-26.));
#11775=CARTESIAN_POINT('Origin',(0.,-12.75,-36.));
#11776=CARTESIAN_POINT('',(-4.4,-12.75,-36.));
#11777=CARTESIAN_POINT('Origin',(-4.4,-6.75,-36.));
#11778=CARTESIAN_POINT('',(-4.4,-6.75,-36.));
#11779=CARTESIAN_POINT('Origin',(-2.03272857668194E-15,-6.75,-36.));
#11780=CARTESIAN_POINT('Origin',(0.,-0.24275,-20.9999999999985));
#11781=CARTESIAN_POINT('',(1.54856587752183E-16,-0.4855,-22.2644999999985));
#11782=CARTESIAN_POINT('',(1.84584888801485E-16,-0.24275,-22.5072499999985));
#11783=CARTESIAN_POINT('Origin',(0.,-0.4855,-20.9999999999985));
#11784=CARTESIAN_POINT('Origin',(0.,-2.5,-20.9999999999985));
#11785=CARTESIAN_POINT('',(1.54856587752183E-16,-2.5,-22.2644999999985));
#11786=CARTESIAN_POINT('',(0.,0.,0.));
#11787=CARTESIAN_POINT('Origin',(0.,0.,0.));
#11788=CARTESIAN_POINT('',(-2.5,-3.95516952522712E-14,-9.4));
#11789=CARTESIAN_POINT('',(2.5,-3.06161699786838E-16,-9.4));
#11790=CARTESIAN_POINT('Origin',(0.,0.,-9.4));
#11791=CARTESIAN_POINT('',(2.5,-3.06161699786838E-16,0.));
#11792=CARTESIAN_POINT('',(2.5,-3.06161699786838E-16,0.));
#11793=CARTESIAN_POINT('Origin',(0.,0.,0.));
#11794=CARTESIAN_POINT('Origin',(0.,0.,-9.4));
#11795=CARTESIAN_POINT('Origin',(0.,4.25000000000001,-5.55111512312578E-16));
#11796=CARTESIAN_POINT('',(-5.20474889637625E-16,-4.24999999999999,8.78036477936207E-15));
#11797=CARTESIAN_POINT('Origin',(0.,7.2092872295005E-15,5.55111512312578E-15));
#11798=CARTESIAN_POINT('Origin',(0.,9.53624654061194E-15,3.0625));
#11799=CARTESIAN_POINT('',(-5.20474889637625E-16,-4.24999999999999,3.06250000000001));
#11800=CARTESIAN_POINT('Origin',(0.,9.53624654061194E-15,3.0625));
#11801=CARTESIAN_POINT('',(-4.66896592174928E-16,-3.81249999999998,3.50000000000001));
#11802=CARTESIAN_POINT('',(-5.20474889637625E-16,-4.24999999999999,3.06250000000001));
#11803=CARTESIAN_POINT('Origin',(0.,9.86866929934215E-15,3.5));
#11804=CARTESIAN_POINT('Origin',(0.,7.2092872295005E-15,0.));
#11805=CARTESIAN_POINT('',(-5.20474889637625E-16,-4.24999999999999,3.22924965623629E-15));
#11806=CARTESIAN_POINT('Origin',(0.,0.,-10.));
#11807=CARTESIAN_POINT('',(-1.9,-2.32682891837997E-16,-10.));
#11808=CARTESIAN_POINT('',(-1.9,-2.32682891837997E-16,-10.));
#11809=CARTESIAN_POINT('Origin',(0.,0.,-10.));
#11810=CARTESIAN_POINT('Origin',(0.,3.81250000000001,3.5));
#11811=CARTESIAN_POINT('',(-1.32489505477729E-13,-1.73205080756879,3.50000000000001));
#11812=CARTESIAN_POINT('',(1.49999999999989,-0.866025403784491,3.5));
#11813=CARTESIAN_POINT('Origin',(0.,3.74415592880728E-14,3.5));
#11814=CARTESIAN_POINT('',(-1.5,-0.86602540378443,3.5));
#11815=CARTESIAN_POINT('Origin',(0.,3.74415592880728E-14,3.5));
#11816=CARTESIAN_POINT('',(-1.5,0.866025403784382,3.5));
#11817=CARTESIAN_POINT('Origin',(0.,3.74415592880728E-14,3.5));
#11818=CARTESIAN_POINT('',(3.5453411040276E-14,1.73205080756887,3.5));
#11819=CARTESIAN_POINT('Origin',(0.,3.74415592880728E-14,3.5));
#11820=CARTESIAN_POINT('',(1.5,0.866025403784381,3.5));
#11821=CARTESIAN_POINT('Origin',(0.,3.74415592880728E-14,3.5));
#11822=CARTESIAN_POINT('Origin',(0.,3.74415592880728E-14,3.5));
#11823=CARTESIAN_POINT('Origin',(0.,0.,-10.));
#11824=CARTESIAN_POINT('Origin',(0.,3.74415592880728E-14,3.5));
#11825=CARTESIAN_POINT('Ctrl Pts',(-1.5,-0.866025403784403,3.50000000000005));
#11826=CARTESIAN_POINT('Ctrl Pts',(-1.5,4.9960036108132E-16,3.06698729810785));
#11827=CARTESIAN_POINT('Ctrl Pts',(-1.5,0.866025403784382,3.5));
#11828=CARTESIAN_POINT('Origin',(0.,3.74415592880728E-14,3.5));
#11829=CARTESIAN_POINT('Ctrl Pts',(-1.31379957385964E-13,-1.73205080756879,
3.50000000000001));
#11830=CARTESIAN_POINT('Ctrl Pts',(-0.750000000000043,-1.29903810567662,
3.06698729810789));
#11831=CARTESIAN_POINT('Ctrl Pts',(-1.49999999999998,-0.866025403784444,
3.50000000000005));
#11832=CARTESIAN_POINT('Origin',(0.,3.74415592880728E-14,3.5));
#11833=CARTESIAN_POINT('Ctrl Pts',(1.49999999999989,-0.866025403784492,
3.5));
#11834=CARTESIAN_POINT('Ctrl Pts',(0.749999999999952,-1.29903810567668,
3.06698729810788));
#11835=CARTESIAN_POINT('Ctrl Pts',(-2.70051735575545E-14,-1.73205080756888,
3.5000000000001));
#11836=CARTESIAN_POINT('Origin',(0.,3.74415592880728E-14,3.5));
#11837=CARTESIAN_POINT('Ctrl Pts',(1.5,0.866025403784377,3.5));
#11838=CARTESIAN_POINT('Ctrl Pts',(1.5,-2.03170813506404E-14,3.06698729810784));
#11839=CARTESIAN_POINT('Ctrl Pts',(1.5,-0.866025403784454,3.50000000000008));
#11840=CARTESIAN_POINT('Origin',(0.,3.74415592880728E-14,3.5));
#11841=CARTESIAN_POINT('Ctrl Pts',(3.62895267900563E-14,1.73205080756887,
3.5));
#11842=CARTESIAN_POINT('Ctrl Pts',(0.750000000000015,1.29903810567666,3.06698729810781));
#11843=CARTESIAN_POINT('Ctrl Pts',(1.50000000000001,0.866025403784442,3.50000000000004));
#11844=CARTESIAN_POINT('Origin',(0.,3.74415592880728E-14,3.5));
#11845=CARTESIAN_POINT('Ctrl Pts',(-1.50000000000001,0.866025403784442,
3.50000000000004));
#11846=CARTESIAN_POINT('Ctrl Pts',(-0.749999999999999,1.29903810567667,
3.0669872981078));
#11847=CARTESIAN_POINT('Ctrl Pts',(6.78308911963674E-15,1.73205080756889,
3.50000000000002));
#11848=CARTESIAN_POINT('Origin',(3.03576371818203E-16,1.73205080756889,
0.679999999999999));
#11849=CARTESIAN_POINT('',(-1.5,0.866025403784449,0.679999999999999));
#11850=CARTESIAN_POINT('',(4.63148187904233E-16,1.73205080756889,0.679999999999999));
#11851=CARTESIAN_POINT('',(-1.5,0.866025403784449,0.679999999999999));
#11852=CARTESIAN_POINT('',(-1.5,-0.86602540378443,0.679999999999999));
#11853=CARTESIAN_POINT('',(-1.5,-0.86602540378443,0.679999999999999));
#11854=CARTESIAN_POINT('',(-1.81589183132368E-16,-1.73205080756887,0.679999999999999));
#11855=CARTESIAN_POINT('',(-1.81589183132368E-16,-1.73205080756887,0.679999999999999));
#11856=CARTESIAN_POINT('',(1.5,-0.86602540378443,0.679999999999999));
#11857=CARTESIAN_POINT('',(1.5,-0.86602540378443,0.679999999999999));
#11858=CARTESIAN_POINT('',(1.5,0.866025403784449,0.679999999999999));
#11859=CARTESIAN_POINT('',(1.5,0.866025403784449,0.679999999999999));
#11860=CARTESIAN_POINT('',(4.63148187904233E-16,1.73205080756889,0.679999999999999));
#11861=CARTESIAN_POINT('Origin',(-1.5,-0.86602540378443,0.679999999999999));
#11862=CARTESIAN_POINT('',(-1.5,-0.86602540378443,0.679999999999999));
#11863=CARTESIAN_POINT('',(-1.5,0.866025403784449,0.679999999999999));
#11864=CARTESIAN_POINT('Origin',(-1.81589183132368E-16,-1.73205080756887,
0.679999999999999));
#11865=CARTESIAN_POINT('',(-1.81589183132368E-16,-1.73205080756887,0.679999999999999));
#11866=CARTESIAN_POINT('Origin',(1.5,-0.86602540378443,0.679999999999999));
#11867=CARTESIAN_POINT('',(1.5,-0.86602540378443,0.679999999999999));
#11868=CARTESIAN_POINT('Origin',(1.5,0.866025403784449,0.679999999999999));
#11869=CARTESIAN_POINT('',(1.5,0.866025403784449,0.679999999999999));
#11870=CARTESIAN_POINT('Origin',(4.63148187904233E-16,1.73205080756889,
0.679999999999999));
#11871=CARTESIAN_POINT('',(4.63148187904233E-16,1.73205080756889,0.679999999999999));
#11872=CARTESIAN_POINT('Origin',(-1.5,0.866025403784449,0.679999999999999));
#11873=CARTESIAN_POINT('',(0.,0.,0.));
#11874=CARTESIAN_POINT('Origin',(3.5527136788005E-14,-3.5527136788005E-14,
-0.1));
#11875=CARTESIAN_POINT('',(1.77635683940025E-14,2.54999999999992,-0.2));
#11876=CARTESIAN_POINT('Origin',(1.77635683940025E-14,-7.105427357601E-14,
-0.2));
#11877=CARTESIAN_POINT('',(1.77635683940025E-14,2.74999999999991,0.));
#11878=CARTESIAN_POINT('',(3.5998772740514E-14,2.64999999999995,-0.1));
#11879=CARTESIAN_POINT('Origin',(1.77635683940025E-14,-7.105427357601E-14,
0.));
#11880=CARTESIAN_POINT('Origin',(1.77635683940025E-14,0.,-4.49999999999995));
#11881=CARTESIAN_POINT('',(0.,2.54999999999999,-3.79999999999995));
#11882=CARTESIAN_POINT('',(1.75928368958328E-14,2.55,-4.49999999999995));
#11883=CARTESIAN_POINT('Origin',(0.,0.,-3.79999999999995));
#11884=CARTESIAN_POINT('Origin',(-1.77635683940025E-14,-7.105427357601E-14,
0.));
#11885=CARTESIAN_POINT('',(-1.77635683940025E-14,-3.80000000000006,0.));
#11886=CARTESIAN_POINT('Origin',(-1.77635683940025E-14,-7.105427357601E-14,
0.));
#11887=CARTESIAN_POINT('Origin',(1.77635683940025E-14,3.5527136788005E-14,
-3.89999999999995));
#11888=CARTESIAN_POINT('',(0.,2.75000000000002,-3.99999999999995));
#11889=CARTESIAN_POINT('Origin',(0.,0.,-3.99999999999995));
#11890=CARTESIAN_POINT('',(1.82352043465115E-14,2.65000000000005,-3.89999999999995));
#11891=CARTESIAN_POINT('Origin',(-3.5527136788005E-14,-3.5527136788005E-14,
-3.99999999999995));
#11892=CARTESIAN_POINT('',(-3.5527136788005E-14,-3.80000000000003,-3.99999999999995));
#11893=CARTESIAN_POINT('Origin',(-3.5527136788005E-14,-3.5527136788005E-14,
-3.99999999999995));
#11894=CARTESIAN_POINT('Origin',(-1.77635683940025E-14,-3.5527136788005E-14,
-3.89999999999995));
#11895=CARTESIAN_POINT('',(-3.5527136788005E-14,-4.00000000000002,-3.79999999999995));
#11896=CARTESIAN_POINT('Origin',(-3.5527136788005E-14,-3.5527136788005E-14,
-3.79999999999995));
#11897=CARTESIAN_POINT('',(-1.7502449632096E-14,-3.90000000000003,-3.89999999999995));
#11898=CARTESIAN_POINT('Origin',(1.77635683940025E-14,0.,-4.49999999999995));
#11899=CARTESIAN_POINT('',(-1.77635683940025E-14,-4.00000000000006,-0.199999999999999));
#11900=CARTESIAN_POINT('Origin',(-1.77635683940025E-14,-7.105427357601E-14,
-0.199999999999998));
#11901=CARTESIAN_POINT('',(1.80313825087785E-14,-3.99999999999999,-4.49999999999995));
#11902=CARTESIAN_POINT('Origin',(0.,-3.5527136788005E-14,-0.0999999999999979));
#11903=CARTESIAN_POINT('',(2.61118761906554E-16,-3.90000000000002,-0.0999999999999978));
#11904=CARTESIAN_POINT('',(14.0434138193559,-327.468177984384,165.948234427268));
#11905=CARTESIAN_POINT('',(375.956586180634,-327.468177984369,-165.948234427283));
#11906=CARTESIAN_POINT('',(194.999999999929,-162.750002288815,-45.0000000000006));
#11907=CARTESIAN_POINT('',(194.999999461753,-162.750000000055,45.0000033361201));
#11908=CARTESIAN_POINT('',(202.500000000001,-161.500000000001,-31.9999999999978));
#11909=CARTESIAN_POINT('',(187.500000000002,-161.500000000001,-31.9999999999978));
#11910=CARTESIAN_POINT('',(202.500000000001,-161.500000000001,-47.9999999999976));
#11911=CARTESIAN_POINT('',(187.500000000002,-161.500000000001,-47.9999999999975));
#11912=CARTESIAN_POINT('',(194.999999999999,-156.000000000001,-18.9999999999993));
#11913=CARTESIAN_POINT('',(187.499998996479,-161.499999999998,31.9999999999967));
#11914=CARTESIAN_POINT('',(202.499998996479,-161.499999999999,31.9999999999907));
#11915=CARTESIAN_POINT('',(187.499998996486,-161.499999999997,47.9999999999964));
#11916=CARTESIAN_POINT('',(202.499998996485,-161.499999999998,47.9999999999904));
#11917=CARTESIAN_POINT('',(194.999998996477,-156.,18.9999999999945));
#11918=CARTESIAN_POINT('',(194.99999999993,-147.250002288814,-15.0000000000009));
#11919=CARTESIAN_POINT('',(194.999999999997,-162.750000000001,-19.0000000000011));
#11920=CARTESIAN_POINT('',(194.999999461754,-147.250000000055,14.9999999999996));
#11921=CARTESIAN_POINT('',(194.999998996477,-162.750000000001,18.9999999999964));
#11922=UNCERTAINTY_MEASURE_WITH_UNIT(LENGTH_MEASURE(0.01),#11938,
'DISTANCE_ACCURACY_VALUE',
'Maximum model space distance between geometric entities at asserted c
onnectivities');
#11923=UNCERTAINTY_MEASURE_WITH_UNIT(LENGTH_MEASURE(0.01),#11938,
'DISTANCE_ACCURACY_VALUE',
'Maximum model space distance between geometric entities at asserted c
onnectivities');
#11924=UNCERTAINTY_MEASURE_WITH_UNIT(LENGTH_MEASURE(0.01),#11938,
'DISTANCE_ACCURACY_VALUE',
'Maximum model space distance between geometric entities at asserted c
onnectivities');
#11925=UNCERTAINTY_MEASURE_WITH_UNIT(LENGTH_MEASURE(0.01),#11938,
'DISTANCE_ACCURACY_VALUE',
'Maximum model space distance between geometric entities at asserted c
onnectivities');
#11926=UNCERTAINTY_MEASURE_WITH_UNIT(LENGTH_MEASURE(0.01),#11938,
'DISTANCE_ACCURACY_VALUE',
'Maximum model space distance between geometric entities at asserted c
onnectivities');
#11927=UNCERTAINTY_MEASURE_WITH_UNIT(LENGTH_MEASURE(0.01),#11938,
'DISTANCE_ACCURACY_VALUE',
'Maximum model space distance between geometric entities at asserted c
onnectivities');
#11928=UNCERTAINTY_MEASURE_WITH_UNIT(LENGTH_MEASURE(0.01),#11938,
'DISTANCE_ACCURACY_VALUE',
'Maximum model space distance between geometric entities at asserted c
onnectivities');
#11929=UNCERTAINTY_MEASURE_WITH_UNIT(LENGTH_MEASURE(0.01),#11938,
'DISTANCE_ACCURACY_VALUE',
'Maximum model space distance between geometric entities at asserted c
onnectivities');
#11930=(
GEOMETRIC_REPRESENTATION_CONTEXT(3)
GLOBAL_UNCERTAINTY_ASSIGNED_CONTEXT((#11922))
GLOBAL_UNIT_ASSIGNED_CONTEXT((#11938,#11940,#11941))
REPRESENTATION_CONTEXT('','3D')
);
#11931=(
GEOMETRIC_REPRESENTATION_CONTEXT(3)
GLOBAL_UNCERTAINTY_ASSIGNED_CONTEXT((#11923))
GLOBAL_UNIT_ASSIGNED_CONTEXT((#11938,#11940,#11941))
REPRESENTATION_CONTEXT('','3D')
);
#11932=(
GEOMETRIC_REPRESENTATION_CONTEXT(3)
GLOBAL_UNCERTAINTY_ASSIGNED_CONTEXT((#11924))
GLOBAL_UNIT_ASSIGNED_CONTEXT((#11938,#11940,#11941))
REPRESENTATION_CONTEXT('','3D')
);
#11933=(
GEOMETRIC_REPRESENTATION_CONTEXT(3)
GLOBAL_UNCERTAINTY_ASSIGNED_CONTEXT((#11925))
GLOBAL_UNIT_ASSIGNED_CONTEXT((#11938,#11940,#11941))
REPRESENTATION_CONTEXT('','3D')
);
#11934=(
GEOMETRIC_REPRESENTATION_CONTEXT(3)
GLOBAL_UNCERTAINTY_ASSIGNED_CONTEXT((#11926))
GLOBAL_UNIT_ASSIGNED_CONTEXT((#11938,#11940,#11941))
REPRESENTATION_CONTEXT('','3D')
);
#11935=(
GEOMETRIC_REPRESENTATION_CONTEXT(3)
GLOBAL_UNCERTAINTY_ASSIGNED_CONTEXT((#11927))
GLOBAL_UNIT_ASSIGNED_CONTEXT((#11938,#11940,#11941))
REPRESENTATION_CONTEXT('','3D')
);
#11936=(
GEOMETRIC_REPRESENTATION_CONTEXT(3)
GLOBAL_UNCERTAINTY_ASSIGNED_CONTEXT((#11928))
GLOBAL_UNIT_ASSIGNED_CONTEXT((#11938,#11940,#11941))
REPRESENTATION_CONTEXT('','3D')
);
#11937=(
GEOMETRIC_REPRESENTATION_CONTEXT(3)
GLOBAL_UNCERTAINTY_ASSIGNED_CONTEXT((#11929))
GLOBAL_UNIT_ASSIGNED_CONTEXT((#11938,#11940,#11941))
REPRESENTATION_CONTEXT('','3D')
);
#11938=(
LENGTH_UNIT()
NAMED_UNIT(*)
SI_UNIT(.MILLI.,.METRE.)
);
#11939=(
LENGTH_UNIT()
NAMED_UNIT(*)
SI_UNIT($,.METRE.)
);
#11940=(
NAMED_UNIT(*)
PLANE_ANGLE_UNIT()
SI_UNIT($,.RADIAN.)
);
#11941=(
NAMED_UNIT(*)
SI_UNIT($,.STERADIAN.)
SOLID_ANGLE_UNIT()
);
#11942=SHAPE_DEFINITION_REPRESENTATION(#11949,#11974);
#11943=SHAPE_DEFINITION_REPRESENTATION(#11950,#11975);
#11944=SHAPE_DEFINITION_REPRESENTATION(#11951,#11976);
#11945=SHAPE_DEFINITION_REPRESENTATION(#11952,#11977);
#11946=SHAPE_DEFINITION_REPRESENTATION(#11953,#11978);
#11947=SHAPE_DEFINITION_REPRESENTATION(#11954,#11979);
#11948=SHAPE_DEFINITION_REPRESENTATION(#11955,#11980);
#11949=PRODUCT_DEFINITION_SHAPE('',$,#11982);
#11950=PRODUCT_DEFINITION_SHAPE('',$,#11983);
#11951=PRODUCT_DEFINITION_SHAPE('',$,#11984);
#11952=PRODUCT_DEFINITION_SHAPE('',$,#11985);
#11953=PRODUCT_DEFINITION_SHAPE('',$,#11986);
#11954=PRODUCT_DEFINITION_SHAPE('',$,#11987);
#11955=PRODUCT_DEFINITION_SHAPE('',$,#11988);
#11956=PRODUCT_DEFINITION_SHAPE($,$,#65);
#11957=PRODUCT_DEFINITION_SHAPE($,$,#66);
#11958=PRODUCT_DEFINITION_SHAPE($,$,#67);
#11959=PRODUCT_DEFINITION_SHAPE($,$,#68);
#11960=PRODUCT_DEFINITION_SHAPE($,$,#69);
#11961=PRODUCT_DEFINITION_SHAPE($,$,#70);
#11962=PRODUCT_DEFINITION_SHAPE($,$,#71);
#11963=PRODUCT_DEFINITION_SHAPE($,$,#72);
#11964=PRODUCT_DEFINITION_SHAPE($,$,#73);
#11965=PRODUCT_DEFINITION_SHAPE($,$,#74);
#11966=PRODUCT_DEFINITION_SHAPE($,$,#75);
#11967=PRODUCT_DEFINITION_SHAPE($,$,#76);
#11968=PRODUCT_DEFINITION_SHAPE($,$,#77);
#11969=PRODUCT_DEFINITION_SHAPE($,$,#78);
#11970=PRODUCT_DEFINITION_SHAPE($,$,#79);
#11971=PRODUCT_DEFINITION_SHAPE($,$,#80);
#11972=PRODUCT_DEFINITION_SHAPE($,$,#81);
#11973=PRODUCT_DEFINITION_SHAPE($,$,#82);
#11974=SHAPE_REPRESENTATION('',(#7109,#7753,#7754,#7755,#7756,#7757,#7758,
#7759,#7760,#7761,#7762,#7763,#7764,#7765,#7766,#7767,#7768,#7769,#7770),
#11930);
#11975=SHAPE_REPRESENTATION('',(#7110),#11931);
#11976=SHAPE_REPRESENTATION('',(#7498),#11932);
#11977=SHAPE_REPRESENTATION('',(#7532),#11933);
#11978=SHAPE_REPRESENTATION('',(#7566),#11934);
#11979=SHAPE_REPRESENTATION('',(#7702),#11935);
#11980=SHAPE_REPRESENTATION('',(#7736),#11936);
#11981=PRODUCT_DEFINITION_CONTEXT('part definition',#12004,'design');
#11982=PRODUCT_DEFINITION('2026-09-20-15-46-51-458','_Z_joint',#11989,#11981);
#11983=PRODUCT_DEFINITION('2026-09-19-00-23-28-785','_MGN9H',#11990,#11981);
#11984=PRODUCT_DEFINITION('2026-09-19-00-30-41-151','M5x40 LP SHCS',#11991,
#11981);
#11985=PRODUCT_DEFINITION('2026-09-19-00-25-48-593','M3x16 LP SHCS',#11992,
#11981);
#11986=PRODUCT_DEFINITION('2026-08-04-10-55-38-513','V29-ZSA',#11993,#11981);
#11987=PRODUCT_DEFINITION('2026-09-19-00-30-33-862','M5x10 LP SHCS',#11994,
#11981);
#11988=PRODUCT_DEFINITION('2026-09-19-00-30-40-174',
'M5x4 spacer (8mm OD, no threads)',#11995,#11981);
#11989=PRODUCT_DEFINITION_FORMATION('',$,#12006);
#11990=PRODUCT_DEFINITION_FORMATION('',$,#12007);
#11991=PRODUCT_DEFINITION_FORMATION('',$,#12008);
#11992=PRODUCT_DEFINITION_FORMATION('',$,#12009);
#11993=PRODUCT_DEFINITION_FORMATION('',$,#12010);
#11994=PRODUCT_DEFINITION_FORMATION('',$,#12011);
#11995=PRODUCT_DEFINITION_FORMATION('',$,#12012);
#11996=PRODUCT_RELATED_PRODUCT_CATEGORY('_Z_joint','_Z_joint',(#12006));
#11997=PRODUCT_RELATED_PRODUCT_CATEGORY('_MGN9H','_MGN9H',(#12007));
#11998=PRODUCT_RELATED_PRODUCT_CATEGORY('M5x40 LP SHCS','M5x40 LP SHCS',
(#12008));
#11999=PRODUCT_RELATED_PRODUCT_CATEGORY('M3x16 LP SHCS','M3x16 LP SHCS',
(#12009));
#12000=PRODUCT_RELATED_PRODUCT_CATEGORY('V29-ZSA','V29-ZSA',(#12010));
#12001=PRODUCT_RELATED_PRODUCT_CATEGORY('M5x10 LP SHCS','M5x10 LP SHCS',
(#12011));
#12002=PRODUCT_RELATED_PRODUCT_CATEGORY(
'M5x4 spacer (8mm OD, no threads)','M5x4 spacer (8mm OD, no threads)',(#12012));
#12003=APPLICATION_PROTOCOL_DEFINITION('international standard',
'automotive_design',2009,#12004);
#12004=APPLICATION_CONTEXT(
'Core Data for Automotive Mechanical Design Process');
#12005=PRODUCT_CONTEXT('part definition',#12004,'mechanical');
#12006=PRODUCT('2026-09-20-15-46-51-458','_Z_joint',$,(#12005));
#12007=PRODUCT('2026-09-19-00-23-28-785','_MGN9H',$,(#12005));
#12008=PRODUCT('2026-09-19-00-30-41-151','M5x40 LP SHCS',$,(#12005));
#12009=PRODUCT('2026-09-19-00-25-48-593','M3x16 LP SHCS',$,(#12005));
#12010=PRODUCT('2026-08-04-10-55-38-513','V29-ZSA',$,(#12005));
#12011=PRODUCT('2026-09-19-00-30-33-862','M5x10 LP SHCS',$,(#12005));
#12012=PRODUCT('2026-09-19-00-30-40-174',
'M5x4 spacer (8mm OD, no threads)',$,(#12005));
#12013=PRESENTATION_STYLE_ASSIGNMENT((#12019));
#12014=PRESENTATION_STYLE_ASSIGNMENT((#12020));
#12015=PRESENTATION_STYLE_ASSIGNMENT((#12021));
#12016=PRESENTATION_STYLE_ASSIGNMENT((#12022));
#12017=PRESENTATION_STYLE_ASSIGNMENT((#12023));
#12018=PRESENTATION_STYLE_ASSIGNMENT((#12024));
#12019=SURFACE_STYLE_USAGE(.BOTH.,#12025);
#12020=SURFACE_STYLE_USAGE(.BOTH.,#12026);
#12021=SURFACE_STYLE_USAGE(.BOTH.,#12027);
#12022=SURFACE_STYLE_USAGE(.BOTH.,#12028);
#12023=SURFACE_STYLE_USAGE(.BOTH.,#12029);
#12024=SURFACE_STYLE_USAGE(.BOTH.,#12030);
#12025=SURFACE_SIDE_STYLE('',(#12031));
#12026=SURFACE_SIDE_STYLE('',(#12032));
#12027=SURFACE_SIDE_STYLE('',(#12033));
#12028=SURFACE_SIDE_STYLE('',(#12034));
#12029=SURFACE_SIDE_STYLE('',(#12035));
#12030=SURFACE_SIDE_STYLE('',(#12036));
#12031=SURFACE_STYLE_FILL_AREA(#12037);
#12032=SURFACE_STYLE_FILL_AREA(#12038);
#12033=SURFACE_STYLE_FILL_AREA(#12039);
#12034=SURFACE_STYLE_FILL_AREA(#12040);
#12035=SURFACE_STYLE_FILL_AREA(#12041);
#12036=SURFACE_STYLE_FILL_AREA(#12042);
#12037=FILL_AREA_STYLE('Steel - Satin',(#12043));
#12038=FILL_AREA_STYLE('Steel - Satin',(#12044));
#12039=FILL_AREA_STYLE('Plastic - Molded (Black)',(#12045));
#12040=FILL_AREA_STYLE('Steel - Black Nickel',(#12046));
#12041=FILL_AREA_STYLE('Aluminum - Bead Blasted',(#12047));
#12042=FILL_AREA_STYLE('Aluminum - Bead Blasted, Black Anodized',(#12048));
#12043=FILL_AREA_STYLE_COLOUR('Steel - Satin',#12049);
#12044=FILL_AREA_STYLE_COLOUR('Steel - Satin',#12050);
#12045=FILL_AREA_STYLE_COLOUR('Plastic - Molded (Black)',#12051);
#12046=FILL_AREA_STYLE_COLOUR('Steel - Black Nickel',#12052);
#12047=FILL_AREA_STYLE_COLOUR('Aluminum - Bead Blasted',#12053);
#12048=FILL_AREA_STYLE_COLOUR('Aluminum - Bead Blasted, Black Anodized',
#12054);
#12049=COLOUR_RGB('Steel - Satin',0.627450980392157,0.627450980392157,0.627450980392157);
#12050=COLOUR_RGB('Steel - Satin',0.627450980392157,0.627450980392157,0.627450980392157);
#12051=COLOUR_RGB('Plastic - Molded (Black)',0.0980392156862745,0.0980392156862745,
0.0980392156862745);
#12052=COLOUR_RGB('Steel - Black Nickel',0.564705882352941,0.556862745098039,
0.545098039215686);
#12053=COLOUR_RGB('Aluminum - Bead Blasted',0.376470588235294,0.376470588235294,
0.376470588235294);
#12054=COLOUR_RGB('Aluminum - Bead Blasted, Black Anodized',0.376470588235294,
0.376470588235294,0.376470588235294);
ENDSEC;
END-ISO-10303-21;
