ISO-10303-21;
HEADER;
/* Generated by software containing ST-Developer
 * from STEP Tools, Inc. (www.steptools.com) 
 */

FILE_DESCRIPTION(
/* description */ (''),
/* implementation_level */ '2;1');

FILE_NAME(
/* name */ 'LDO_Milled_V2_9mm_S_NP.step',
/* time_stamp */ '2026-10-07T15:55:05+02:00',
/* author */ (''),
/* organization */ (''),
/* preprocessor_version */ 'ST-DEVELOPER v20.2',
/* originating_system */ 'Autodesk Translation Framework v15.15.0.0',
/* authorisation */ '');

FILE_SCHEMA (('AUTOMOTIVE_DESIGN { 1 0 10303 214 3 1 1 }'));
ENDSEC;

DATA;
#10=MECHANICAL_DESIGN_GEOMETRIC_PRESENTATION_REPRESENTATION('',(#115,#116,
#117,#118,#119,#120,#121,#122,#123,#124,#125,#126,#127,#128,#129,#130,#131,
#132,#133,#134,#135,#136,#137,#138,#139,#140,#141,#142,#143,#144,#145,#146,
#147,#148,#149,#150,#151,#152,#153,#154,#155,#156,#157,#158,#159,#160,#161,
#162,#163,#164,#165,#166,#167,#168,#169,#170,#171,#172,#173,#174,#175,#176,
#177,#178,#179,#180,#181,#182,#183,#184,#185,#186,#187,#188,#189,#190,#191,
#192,#193,#194,#195,#196,#197,#198,#199,#200,#201,#202,#203),#11895);
#11=SPHERICAL_SURFACE('',#7430,1.30154507029067);
#12=SPHERICAL_SURFACE('',#7460,1.30154507029067);
#13=SPHERICAL_SURFACE('',#7675,1.30154507029067);
#14=SPHERICAL_SURFACE('',#7705,1.30154507029067);
#15=B_SPLINE_CURVE_WITH_KNOTS('',3,(#10004,#10005,#10006,#10007,#10008,
#10009),.UNSPECIFIED.,.F.,.F.,(4,2,4),(0.364892857292208,0.386279505943022,
0.395623634872762),.UNSPECIFIED.);
#16=B_SPLINE_CURVE_WITH_KNOTS('',3,(#10019,#10020,#10021,#10022,#10023,
#10024,#10025,#10026),.UNSPECIFIED.,.F.,.F.,(4,2,2,4),(-0.326561980259335,
-0.293575022545944,-0.260588064832553,-0.209241704804383),.UNSPECIFIED.);
#17=B_SPLINE_CURVE_WITH_KNOTS('',3,(#10038,#10039,#10040,#10041,#10042,
#10043,#10044,#10045,#10046,#10047,#10048,#10049,#10050,#10051),
 .UNSPECIFIED.,.F.,.F.,(4,2,2,2,2,2,4),(0.0617071328030539,0.112397937931598,
0.158584096262349,0.181677175427725,0.204770254593101,0.227863333758476,
0.232845206536027),.UNSPECIFIED.);
#18=B_SPLINE_CURVE_WITH_KNOTS('',3,(#10155,#10156,#10157,#10158,#10159,
#10160,#10161,#10162,#10163,#10164,#10165,#10166,#10167,#10168,#10169,#10170,
#10171,#10172),.UNSPECIFIED.,.F.,.F.,(4,2,2,2,2,2,2,2,4),(0.194351224511617,
0.242875173732538,0.291399122953459,0.340050785988347,0.388702449023235,
0.437354112058123,0.486005775093011,0.534529724313931,0.583053673534852),
 .UNSPECIFIED.);
#19=B_SPLINE_CURVE_WITH_KNOTS('',3,(#10173,#10174,#10175,#10176,#10177,
#10178,#10179,#10180,#10181,#10182,#10183,#10184,#10185,#10186,#10187,#10188,
#10189,#10190),.UNSPECIFIED.,.F.,.F.,(4,2,2,2,2,2,2,2,4),(0.194351224511617,
0.242875173732538,0.291399122953459,0.340050785988347,0.388702449023235,
0.437354112058123,0.486005775093011,0.534529724313931,0.583053673534852),
 .UNSPECIFIED.);
#20=B_SPLINE_CURVE_WITH_KNOTS('',3,(#10275,#10276,#10277,#10278,#10279,
#10280),.UNSPECIFIED.,.F.,.F.,(4,2,4),(0.364892857292208,0.386279505943022,
0.395623634872762),.UNSPECIFIED.);
#21=B_SPLINE_CURVE_WITH_KNOTS('',3,(#10291,#10292,#10293,#10294,#10295,
#10296,#10297,#10298),.UNSPECIFIED.,.F.,.F.,(4,2,2,4),(-0.326561980259335,
-0.293575022545944,-0.260588064832553,-0.209241704804383),.UNSPECIFIED.);
#22=B_SPLINE_CURVE_WITH_KNOTS('',3,(#10308,#10309,#10310,#10311,#10312,
#10313,#10314,#10315,#10316,#10317,#10318,#10319,#10320,#10321),
 .UNSPECIFIED.,.F.,.F.,(4,2,2,2,2,2,4),(0.0617071328030539,0.112397937931598,
0.158584096262349,0.181677175427725,0.204770254593101,0.227863333758476,
0.232845206536027),.UNSPECIFIED.);
#23=ELLIPSE('',#7191,2.12132034355961,1.5);
#24=ELLIPSE('',#7217,4.10121933088196,2.9);
#25=ELLIPSE('',#7219,4.10121933088196,2.9);
#26=ELLIPSE('',#7264,2.12132034355961,1.5);
#27=ELLIPSE('',#7291,4.10121933088196,2.9);
#28=ELLIPSE('',#7293,4.10121933088196,2.9);
#29=ITEM_DEFINED_TRANSFORMATION($,$,#7104,#7172);
#30=ITEM_DEFINED_TRANSFORMATION($,$,#7104,#7173);
#31=ITEM_DEFINED_TRANSFORMATION($,$,#7087,#7174);
#32=ITEM_DEFINED_TRANSFORMATION($,$,#7104,#7175);
#33=ITEM_DEFINED_TRANSFORMATION($,$,#7138,#7176);
#34=ITEM_DEFINED_TRANSFORMATION($,$,#7086,#7735);
#35=ITEM_DEFINED_TRANSFORMATION($,$,#7177,#7736);
#36=ITEM_DEFINED_TRANSFORMATION($,$,#7313,#7737);
#37=ITEM_DEFINED_TRANSFORMATION($,$,#7313,#7738);
#38=ITEM_DEFINED_TRANSFORMATION($,$,#7313,#7739);
#39=ITEM_DEFINED_TRANSFORMATION($,$,#7313,#7740);
#40=ITEM_DEFINED_TRANSFORMATION($,$,#7347,#7741);
#41=(
REPRESENTATION_RELATIONSHIP($,$,#11931,#11929)
REPRESENTATION_RELATIONSHIP_WITH_TRANSFORMATION(#29)
SHAPE_REPRESENTATION_RELATIONSHIP()
);
#42=(
REPRESENTATION_RELATIONSHIP($,$,#11931,#11929)
REPRESENTATION_RELATIONSHIP_WITH_TRANSFORMATION(#30)
SHAPE_REPRESENTATION_RELATIONSHIP()
);
#43=(
REPRESENTATION_RELATIONSHIP($,$,#11930,#11929)
REPRESENTATION_RELATIONSHIP_WITH_TRANSFORMATION(#31)
SHAPE_REPRESENTATION_RELATIONSHIP()
);
#44=(
REPRESENTATION_RELATIONSHIP($,$,#11931,#11929)
REPRESENTATION_RELATIONSHIP_WITH_TRANSFORMATION(#32)
SHAPE_REPRESENTATION_RELATIONSHIP()
);
#45=(
REPRESENTATION_RELATIONSHIP($,$,#11932,#11929)
REPRESENTATION_RELATIONSHIP_WITH_TRANSFORMATION(#33)
SHAPE_REPRESENTATION_RELATIONSHIP()
);
#46=(
REPRESENTATION_RELATIONSHIP($,$,#11929,#11928)
REPRESENTATION_RELATIONSHIP_WITH_TRANSFORMATION(#34)
SHAPE_REPRESENTATION_RELATIONSHIP()
);
#47=(
REPRESENTATION_RELATIONSHIP($,$,#11933,#11928)
REPRESENTATION_RELATIONSHIP_WITH_TRANSFORMATION(#35)
SHAPE_REPRESENTATION_RELATIONSHIP()
);
#48=(
REPRESENTATION_RELATIONSHIP($,$,#11934,#11928)
REPRESENTATION_RELATIONSHIP_WITH_TRANSFORMATION(#36)
SHAPE_REPRESENTATION_RELATIONSHIP()
);
#49=(
REPRESENTATION_RELATIONSHIP($,$,#11934,#11928)
REPRESENTATION_RELATIONSHIP_WITH_TRANSFORMATION(#37)
SHAPE_REPRESENTATION_RELATIONSHIP()
);
#50=(
REPRESENTATION_RELATIONSHIP($,$,#11934,#11928)
REPRESENTATION_RELATIONSHIP_WITH_TRANSFORMATION(#38)
SHAPE_REPRESENTATION_RELATIONSHIP()
);
#51=(
REPRESENTATION_RELATIONSHIP($,$,#11934,#11928)
REPRESENTATION_RELATIONSHIP_WITH_TRANSFORMATION(#39)
SHAPE_REPRESENTATION_RELATIONSHIP()
);
#52=(
REPRESENTATION_RELATIONSHIP($,$,#11935,#11928)
REPRESENTATION_RELATIONSHIP_WITH_TRANSFORMATION(#40)
SHAPE_REPRESENTATION_RELATIONSHIP()
);
#53=CONTEXT_DEPENDENT_SHAPE_REPRESENTATION(#41,#11913);
#54=CONTEXT_DEPENDENT_SHAPE_REPRESENTATION(#42,#11914);
#55=CONTEXT_DEPENDENT_SHAPE_REPRESENTATION(#43,#11915);
#56=CONTEXT_DEPENDENT_SHAPE_REPRESENTATION(#44,#11916);
#57=CONTEXT_DEPENDENT_SHAPE_REPRESENTATION(#45,#11917);
#58=CONTEXT_DEPENDENT_SHAPE_REPRESENTATION(#46,#11921);
#59=CONTEXT_DEPENDENT_SHAPE_REPRESENTATION(#47,#11922);
#60=CONTEXT_DEPENDENT_SHAPE_REPRESENTATION(#48,#11923);
#61=CONTEXT_DEPENDENT_SHAPE_REPRESENTATION(#49,#11924);
#62=CONTEXT_DEPENDENT_SHAPE_REPRESENTATION(#50,#11925);
#63=CONTEXT_DEPENDENT_SHAPE_REPRESENTATION(#51,#11926);
#64=CONTEXT_DEPENDENT_SHAPE_REPRESENTATION(#52,#11927);
#65=NEXT_ASSEMBLY_USAGE_OCCURRENCE('M5x10 LP SHCS:1','M5x10 LP SHCS:1',
'M5x10 LP SHCS:1',#11938,#11940,'M5x10 LP SHCS:1');
#66=NEXT_ASSEMBLY_USAGE_OCCURRENCE('M5x10 LP SHCS:2','M5x10 LP SHCS:2',
'M5x10 LP SHCS:2',#11938,#11940,'M5x10 LP SHCS:2');
#67=NEXT_ASSEMBLY_USAGE_OCCURRENCE('M5x4 spacer (8mm OD, no threads):1',
'M5x4 spacer (8mm OD, no threads):1',
'M5x4 spacer (8mm OD, no threads):1',#11938,#11939,
'M5x4 spacer (8mm OD, no threads):1');
#68=NEXT_ASSEMBLY_USAGE_OCCURRENCE('M5x10 LP SHCS:3','M5x10 LP SHCS:3',
'M5x10 LP SHCS:3',#11938,#11940,'M5x10 LP SHCS:3');
#69=NEXT_ASSEMBLY_USAGE_OCCURRENCE('M5x40 LP SHCS:1','M5x40 LP SHCS:1',
'M5x40 LP SHCS:1',#11938,#11941,'M5x40 LP SHCS:1');
#70=NEXT_ASSEMBLY_USAGE_OCCURRENCE('_Mount frame:1','_Mount frame:1',
'_Mount frame:1',#11937,#11938,'_Mount frame:1');
#71=NEXT_ASSEMBLY_USAGE_OCCURRENCE('V29-ZSA:1','V29-ZSA:1','V29-ZSA:1',
#11937,#11942,'V29-ZSA:1');
#72=NEXT_ASSEMBLY_USAGE_OCCURRENCE('M3x16 LP SHCS:3','M3x16 LP SHCS:3',
'M3x16 LP SHCS:3',#11937,#11943,'M3x16 LP SHCS:3');
#73=NEXT_ASSEMBLY_USAGE_OCCURRENCE('M3x16 LP SHCS:4','M3x16 LP SHCS:4',
'M3x16 LP SHCS:4',#11937,#11943,'M3x16 LP SHCS:4');
#74=NEXT_ASSEMBLY_USAGE_OCCURRENCE('M3x16 LP SHCS:5','M3x16 LP SHCS:5',
'M3x16 LP SHCS:5',#11937,#11943,'M3x16 LP SHCS:5');
#75=NEXT_ASSEMBLY_USAGE_OCCURRENCE('M3x16 LP SHCS:6','M3x16 LP SHCS:6',
'M3x16 LP SHCS:6',#11937,#11943,'M3x16 LP SHCS:6');
#76=NEXT_ASSEMBLY_USAGE_OCCURRENCE('_MGN9H:1','_MGN9H:1','_MGN9H:1',#11937,
#11944,'_MGN9H:1');
#77=(
BOUNDED_CURVE()
B_SPLINE_CURVE(2,(#9815,#9816,#9817),.UNSPECIFIED.,.F.,.F.)
B_SPLINE_CURVE_WITH_KNOTS((3,3),(-0.388312804292303,-0.130611113351465),
 .UNSPECIFIED.)
CURVE()
GEOMETRIC_REPRESENTATION_ITEM()
RATIONAL_B_SPLINE_CURVE((1.30940107675849,1.51196612828739,1.30940107675851))
REPRESENTATION_ITEM('')
);
#78=(
BOUNDED_CURVE()
B_SPLINE_CURVE(2,(#9819,#9820,#9821),.UNSPECIFIED.,.F.,.F.)
B_SPLINE_CURVE_WITH_KNOTS((3,3),(-0.388312804292281,-0.130611113351456),
 .UNSPECIFIED.)
CURVE()
GEOMETRIC_REPRESENTATION_ITEM()
RATIONAL_B_SPLINE_CURVE((1.30940107675851,1.51196612828737,1.30940107675849))
REPRESENTATION_ITEM('')
);
#79=(
BOUNDED_CURVE()
B_SPLINE_CURVE(2,(#9823,#9824,#9825),.UNSPECIFIED.,.F.,.F.)
B_SPLINE_CURVE_WITH_KNOTS((3,3),(-0.388312804292281,-0.130611113351445),
 .UNSPECIFIED.)
CURVE()
GEOMETRIC_REPRESENTATION_ITEM()
RATIONAL_B_SPLINE_CURVE((1.30940107675851,1.51196612828737,1.30940107675847))
REPRESENTATION_ITEM('')
);
#80=(
BOUNDED_CURVE()
B_SPLINE_CURVE(2,(#9827,#9828,#9829),.UNSPECIFIED.,.F.,.F.)
B_SPLINE_CURVE_WITH_KNOTS((3,3),(-0.38831280429229,-0.130611113351445),
 .UNSPECIFIED.)
CURVE()
GEOMETRIC_REPRESENTATION_ITEM()
RATIONAL_B_SPLINE_CURVE((1.30940107675851,1.5119661282874,1.30940107675848))
REPRESENTATION_ITEM('')
);
#81=(
BOUNDED_CURVE()
B_SPLINE_CURVE(2,(#9831,#9832,#9833),.UNSPECIFIED.,.F.,.F.)
B_SPLINE_CURVE_WITH_KNOTS((3,3),(-0.3883128042923,-0.130611113351449),
 .UNSPECIFIED.)
CURVE()
GEOMETRIC_REPRESENTATION_ITEM()
RATIONAL_B_SPLINE_CURVE((1.30940107675851,1.51196612828742,1.3094010767585))
REPRESENTATION_ITEM('')
);
#82=(
BOUNDED_CURVE()
B_SPLINE_CURVE(2,(#9835,#9836,#9837),.UNSPECIFIED.,.F.,.F.)
B_SPLINE_CURVE_WITH_KNOTS((3,3),(-0.388312804292311,-0.130611113351454),
 .UNSPECIFIED.)
CURVE()
GEOMETRIC_REPRESENTATION_ITEM()
RATIONAL_B_SPLINE_CURVE((1.3094010767585,1.51196612828742,1.3094010767585))
REPRESENTATION_ITEM('')
);
#83=(
BOUNDED_CURVE()
B_SPLINE_CURVE(2,(#9902,#9903,#9904),.UNSPECIFIED.,.F.,.F.)
B_SPLINE_CURVE_WITH_KNOTS((3,3),(-0.388312804292303,-0.130611113351465),
 .UNSPECIFIED.)
CURVE()
GEOMETRIC_REPRESENTATION_ITEM()
RATIONAL_B_SPLINE_CURVE((1.30940107675849,1.51196612828739,1.30940107675851))
REPRESENTATION_ITEM('')
);
#84=(
BOUNDED_CURVE()
B_SPLINE_CURVE(2,(#9906,#9907,#9908),.UNSPECIFIED.,.F.,.F.)
B_SPLINE_CURVE_WITH_KNOTS((3,3),(-0.388312804292281,-0.130611113351456),
 .UNSPECIFIED.)
CURVE()
GEOMETRIC_REPRESENTATION_ITEM()
RATIONAL_B_SPLINE_CURVE((1.30940107675851,1.51196612828737,1.30940107675849))
REPRESENTATION_ITEM('')
);
#85=(
BOUNDED_CURVE()
B_SPLINE_CURVE(2,(#9910,#9911,#9912),.UNSPECIFIED.,.F.,.F.)
B_SPLINE_CURVE_WITH_KNOTS((3,3),(-0.388312804292281,-0.130611113351445),
 .UNSPECIFIED.)
CURVE()
GEOMETRIC_REPRESENTATION_ITEM()
RATIONAL_B_SPLINE_CURVE((1.30940107675851,1.51196612828737,1.30940107675847))
REPRESENTATION_ITEM('')
);
#86=(
BOUNDED_CURVE()
B_SPLINE_CURVE(2,(#9914,#9915,#9916),.UNSPECIFIED.,.F.,.F.)
B_SPLINE_CURVE_WITH_KNOTS((3,3),(-0.38831280429229,-0.130611113351445),
 .UNSPECIFIED.)
CURVE()
GEOMETRIC_REPRESENTATION_ITEM()
RATIONAL_B_SPLINE_CURVE((1.30940107675851,1.5119661282874,1.30940107675848))
REPRESENTATION_ITEM('')
);
#87=(
BOUNDED_CURVE()
B_SPLINE_CURVE(2,(#9918,#9919,#9920),.UNSPECIFIED.,.F.,.F.)
B_SPLINE_CURVE_WITH_KNOTS((3,3),(-0.3883128042923,-0.130611113351449),
 .UNSPECIFIED.)
CURVE()
GEOMETRIC_REPRESENTATION_ITEM()
RATIONAL_B_SPLINE_CURVE((1.30940107675851,1.51196612828742,1.3094010767585))
REPRESENTATION_ITEM('')
);
#88=(
BOUNDED_CURVE()
B_SPLINE_CURVE(2,(#9922,#9923,#9924),.UNSPECIFIED.,.F.,.F.)
B_SPLINE_CURVE_WITH_KNOTS((3,3),(-0.388312804292311,-0.130611113351454),
 .UNSPECIFIED.)
CURVE()
GEOMETRIC_REPRESENTATION_ITEM()
RATIONAL_B_SPLINE_CURVE((1.3094010767585,1.51196612828742,1.3094010767585))
REPRESENTATION_ITEM('')
);
#89=(
BOUNDED_CURVE()
B_SPLINE_CURVE(2,(#10013,#10014,#10015),.UNSPECIFIED.,.F.,.F.)
B_SPLINE_CURVE_WITH_KNOTS((3,3),(1.47957851971947,2.06392074222079),
 .UNSPECIFIED.)
CURVE()
GEOMETRIC_REPRESENTATION_ITEM()
RATIONAL_B_SPLINE_CURVE((1.81066182409553,1.79380712062632,1.63719528245799))
REPRESENTATION_ITEM('')
);
#90=(
BOUNDED_CURVE()
B_SPLINE_CURVE(2,(#10032,#10033,#10034),.UNSPECIFIED.,.F.,.F.)
B_SPLINE_CURVE_WITH_KNOTS((3,3),(1.2421852040215,1.49854912756004),
 .UNSPECIFIED.)
CURVE()
GEOMETRIC_REPRESENTATION_ITEM()
RATIONAL_B_SPLINE_CURVE((1.50117495571279,1.50117495571279,1.47982826901421))
REPRESENTATION_ITEM('')
);
#91=(
BOUNDED_CURVE()
B_SPLINE_CURVE(2,(#10104,#10105,#10106),.UNSPECIFIED.,.F.,.F.)
B_SPLINE_CURVE_WITH_KNOTS((3,3),(0.577658057751837,0.905872441074153),
 .UNSPECIFIED.)
CURVE()
GEOMETRIC_REPRESENTATION_ITEM()
RATIONAL_B_SPLINE_CURVE((2.13431457505071,2.13431457505071,1.76812408671539))
REPRESENTATION_ITEM('')
);
#92=(
BOUNDED_CURVE()
B_SPLINE_CURVE(2,(#10121,#10122,#10123),.UNSPECIFIED.,.F.,.F.)
B_SPLINE_CURVE_WITH_KNOTS((3,3),(0.358948250731136,1.568981268356),
 .UNSPECIFIED.)
CURVE()
GEOMETRIC_REPRESENTATION_ITEM()
RATIONAL_B_SPLINE_CURVE((1.80350939326555,2.9829138901677,2.9829138901677))
REPRESENTATION_ITEM('')
);
#93=(
BOUNDED_CURVE()
B_SPLINE_CURVE(2,(#10215,#10216,#10217),.UNSPECIFIED.,.F.,.F.)
B_SPLINE_CURVE_WITH_KNOTS((3,3),(0.577658057751837,0.905872441074153),
 .UNSPECIFIED.)
CURVE()
GEOMETRIC_REPRESENTATION_ITEM()
RATIONAL_B_SPLINE_CURVE((2.13431457505071,2.13431457505071,1.76812408671539))
REPRESENTATION_ITEM('')
);
#94=(
BOUNDED_CURVE()
B_SPLINE_CURVE(2,(#10226,#10227,#10228),.UNSPECIFIED.,.F.,.F.)
B_SPLINE_CURVE_WITH_KNOTS((3,3),(0.358948250731136,1.568981268356),
 .UNSPECIFIED.)
CURVE()
GEOMETRIC_REPRESENTATION_ITEM()
RATIONAL_B_SPLINE_CURVE((1.80350939326555,2.9829138901677,2.9829138901677))
REPRESENTATION_ITEM('')
);
#95=(
BOUNDED_CURVE()
B_SPLINE_CURVE(2,(#10285,#10286,#10287),.UNSPECIFIED.,.F.,.F.)
B_SPLINE_CURVE_WITH_KNOTS((3,3),(1.47957851971947,2.06392074222079),
 .UNSPECIFIED.)
CURVE()
GEOMETRIC_REPRESENTATION_ITEM()
RATIONAL_B_SPLINE_CURVE((1.81066182409553,1.79380712062632,1.63719528245799))
REPRESENTATION_ITEM('')
);
#96=(
BOUNDED_CURVE()
B_SPLINE_CURVE(2,(#10303,#10304,#10305),.UNSPECIFIED.,.F.,.F.)
B_SPLINE_CURVE_WITH_KNOTS((3,3),(1.2421852040215,1.49854912756004),
 .UNSPECIFIED.)
CURVE()
GEOMETRIC_REPRESENTATION_ITEM()
RATIONAL_B_SPLINE_CURVE((1.50117495571279,1.50117495571279,1.47982826901421))
REPRESENTATION_ITEM('')
);
#97=(
BOUNDED_CURVE()
B_SPLINE_CURVE(2,(#10450,#10451,#10452),.UNSPECIFIED.,.F.,.F.)
B_SPLINE_CURVE_WITH_KNOTS((3,3),(-0.321867155116298,-0.12427487354387),
 .UNSPECIFIED.)
CURVE()
GEOMETRIC_REPRESENTATION_ITEM()
RATIONAL_B_SPLINE_CURVE((1.46410161513777,1.69059892324147,1.46410161513778))
REPRESENTATION_ITEM('')
);
#98=(
BOUNDED_CURVE()
B_SPLINE_CURVE(2,(#10454,#10455,#10456),.UNSPECIFIED.,.F.,.F.)
B_SPLINE_CURVE_WITH_KNOTS((3,3),(-0.321867155116283,-0.124274873543867),
 .UNSPECIFIED.)
CURVE()
GEOMETRIC_REPRESENTATION_ITEM()
RATIONAL_B_SPLINE_CURVE((1.46410161513778,1.69059892324143,1.46410161513776))
REPRESENTATION_ITEM('')
);
#99=(
BOUNDED_CURVE()
B_SPLINE_CURVE(2,(#10458,#10459,#10460),.UNSPECIFIED.,.F.,.F.)
B_SPLINE_CURVE_WITH_KNOTS((3,3),(-0.321867155116283,-0.124274873543859),
 .UNSPECIFIED.)
CURVE()
GEOMETRIC_REPRESENTATION_ITEM()
RATIONAL_B_SPLINE_CURVE((1.46410161513778,1.69059892324144,1.46410161513775))
REPRESENTATION_ITEM('')
);
#100=(
BOUNDED_CURVE()
B_SPLINE_CURVE(2,(#10462,#10463,#10464),.UNSPECIFIED.,.F.,.F.)
B_SPLINE_CURVE_WITH_KNOTS((3,3),(-0.321867155116291,-0.124274873543859),
 .UNSPECIFIED.)
CURVE()
GEOMETRIC_REPRESENTATION_ITEM()
RATIONAL_B_SPLINE_CURVE((1.46410161513778,1.69059892324147,1.46410161513776))
REPRESENTATION_ITEM('')
);
#101=(
BOUNDED_CURVE()
B_SPLINE_CURVE(2,(#10466,#10467,#10468),.UNSPECIFIED.,.F.,.F.)
B_SPLINE_CURVE_WITH_KNOTS((3,3),(-0.321867155116299,-0.124274873543862),
 .UNSPECIFIED.)
CURVE()
GEOMETRIC_REPRESENTATION_ITEM()
RATIONAL_B_SPLINE_CURVE((1.46410161513779,1.6905989232415,1.46410161513778))
REPRESENTATION_ITEM('')
);
#102=(
BOUNDED_CURVE()
B_SPLINE_CURVE(2,(#10470,#10471,#10472),.UNSPECIFIED.,.F.,.F.)
B_SPLINE_CURVE_WITH_KNOTS((3,3),(-0.321867155116302,-0.124274873543867),
 .UNSPECIFIED.)
CURVE()
GEOMETRIC_REPRESENTATION_ITEM()
RATIONAL_B_SPLINE_CURVE((1.46410161513778,1.6905989232415,1.46410161513779))
REPRESENTATION_ITEM('')
);
#103=SHAPE_REPRESENTATION_RELATIONSHIP('SRR','None',#11930,#109);
#104=SHAPE_REPRESENTATION_RELATIONSHIP('SRR','None',#11931,#110);
#105=SHAPE_REPRESENTATION_RELATIONSHIP('SRR','None',#11932,#111);
#106=SHAPE_REPRESENTATION_RELATIONSHIP('SRR','None',#11933,#112);
#107=SHAPE_REPRESENTATION_RELATIONSHIP('SRR','None',#11934,#113);
#108=SHAPE_REPRESENTATION_RELATIONSHIP('SRR','None',#11935,#114);
#109=ADVANCED_BREP_SHAPE_REPRESENTATION('',(#204),#11889);
#110=ADVANCED_BREP_SHAPE_REPRESENTATION('',(#205),#11890);
#111=ADVANCED_BREP_SHAPE_REPRESENTATION('',(#206),#11891);
#112=ADVANCED_BREP_SHAPE_REPRESENTATION('',(#207),#11892);
#113=ADVANCED_BREP_SHAPE_REPRESENTATION('',(#208),#11893);
#114=ADVANCED_BREP_SHAPE_REPRESENTATION('',(#209,#210,#211,#212,#213,#214,
#215,#216,#217),#11894);
#115=STYLED_ITEM('',(#11973),#204);
#116=STYLED_ITEM('',(#11974),#205);
#117=STYLED_ITEM('',(#11974),#206);
#118=STYLED_ITEM('',(#11976),#6664);
#119=STYLED_ITEM('',(#11976),#6665);
#120=STYLED_ITEM('',(#11976),#6666);
#121=STYLED_ITEM('',(#11976),#6667);
#122=STYLED_ITEM('',(#11976),#6668);
#123=STYLED_ITEM('',(#11976),#6669);
#124=STYLED_ITEM('',(#11976),#6670);
#125=STYLED_ITEM('',(#11976),#6671);
#126=STYLED_ITEM('',(#11976),#6672);
#127=STYLED_ITEM('',(#11976),#6673);
#128=STYLED_ITEM('',(#11976),#6674);
#129=STYLED_ITEM('',(#11976),#6675);
#130=STYLED_ITEM('',(#11976),#6676);
#131=STYLED_ITEM('',(#11976),#6677);
#132=STYLED_ITEM('',(#11976),#6678);
#133=STYLED_ITEM('',(#11976),#6679);
#134=STYLED_ITEM('',(#11976),#6680);
#135=STYLED_ITEM('',(#11976),#6681);
#136=STYLED_ITEM('',(#11976),#6682);
#137=STYLED_ITEM('',(#11976),#6683);
#138=STYLED_ITEM('',(#11976),#6684);
#139=STYLED_ITEM('',(#11976),#6685);
#140=STYLED_ITEM('',(#11976),#6686);
#141=STYLED_ITEM('',(#11976),#6687);
#142=STYLED_ITEM('',(#11976),#6688);
#143=STYLED_ITEM('',(#11976),#6689);
#144=STYLED_ITEM('',(#11976),#6690);
#145=STYLED_ITEM('',(#11976),#6691);
#146=STYLED_ITEM('',(#11976),#6692);
#147=STYLED_ITEM('',(#11976),#6693);
#148=STYLED_ITEM('',(#11976),#6694);
#149=STYLED_ITEM('',(#11976),#6695);
#150=STYLED_ITEM('',(#11976),#6696);
#151=STYLED_ITEM('',(#11976),#6697);
#152=STYLED_ITEM('',(#11976),#6698);
#153=STYLED_ITEM('',(#11976),#6699);
#154=STYLED_ITEM('',(#11976),#6700);
#155=STYLED_ITEM('',(#11976),#6701);
#156=STYLED_ITEM('',(#11976),#6702);
#157=STYLED_ITEM('',(#11976),#6703);
#158=STYLED_ITEM('',(#11976),#6704);
#159=STYLED_ITEM('',(#11976),#6705);
#160=STYLED_ITEM('',(#11976),#6706);
#161=STYLED_ITEM('',(#11976),#6707);
#162=STYLED_ITEM('',(#11976),#6708);
#163=STYLED_ITEM('',(#11976),#6709);
#164=STYLED_ITEM('',(#11976),#6710);
#165=STYLED_ITEM('',(#11976),#6711);
#166=STYLED_ITEM('',(#11976),#6712);
#167=STYLED_ITEM('',(#11976),#6713);
#168=STYLED_ITEM('',(#11976),#6714);
#169=STYLED_ITEM('',(#11976),#6715);
#170=STYLED_ITEM('',(#11976),#6716);
#171=STYLED_ITEM('',(#11976),#6717);
#172=STYLED_ITEM('',(#11976),#6718);
#173=STYLED_ITEM('',(#11976),#6719);
#174=STYLED_ITEM('',(#11976),#6720);
#175=STYLED_ITEM('',(#11976),#6721);
#176=STYLED_ITEM('',(#11976),#6722);
#177=STYLED_ITEM('',(#11976),#6723);
#178=STYLED_ITEM('',(#11976),#6724);
#179=STYLED_ITEM('',(#11976),#6725);
#180=STYLED_ITEM('',(#11976),#6726);
#181=STYLED_ITEM('',(#11976),#6727);
#182=STYLED_ITEM('',(#11976),#6728);
#183=STYLED_ITEM('',(#11976),#6729);
#184=STYLED_ITEM('',(#11976),#6730);
#185=STYLED_ITEM('',(#11976),#6731);
#186=STYLED_ITEM('',(#11976),#6732);
#187=STYLED_ITEM('',(#11976),#6733);
#188=STYLED_ITEM('',(#11976),#6734);
#189=STYLED_ITEM('',(#11976),#6735);
#190=STYLED_ITEM('',(#11976),#6736);
#191=STYLED_ITEM('',(#11976),#6737);
#192=STYLED_ITEM('',(#11976),#6738);
#193=STYLED_ITEM('',(#11975),#207);
#194=STYLED_ITEM('',(#11974),#208);
#195=STYLED_ITEM('',(#11973),#209);
#196=STYLED_ITEM('',(#11977),#210);
#197=STYLED_ITEM('',(#11973),#211);
#198=STYLED_ITEM('',(#11973),#212);
#199=STYLED_ITEM('',(#11977),#213);
#200=STYLED_ITEM('',(#11977),#214);
#201=STYLED_ITEM('',(#11977),#215);
#202=STYLED_ITEM('',(#11973),#216);
#203=STYLED_ITEM('',(#11973),#217);
#204=MANIFOLD_SOLID_BREP('Body1',#7004);
#205=MANIFOLD_SOLID_BREP('Body1',#7005);
#206=MANIFOLD_SOLID_BREP('Body1',#7006);
#207=MANIFOLD_SOLID_BREP('Body1',#7007);
#208=MANIFOLD_SOLID_BREP('Body1',#7008);
#209=MANIFOLD_SOLID_BREP('Body1',#7009);
#210=MANIFOLD_SOLID_BREP('Body2',#7010);
#211=MANIFOLD_SOLID_BREP('Body3',#7011);
#212=MANIFOLD_SOLID_BREP('Body4',#7012);
#213=MANIFOLD_SOLID_BREP('Body5',#7013);
#214=MANIFOLD_SOLID_BREP('Body6',#7014);
#215=MANIFOLD_SOLID_BREP('Body7',#7015);
#216=MANIFOLD_SOLID_BREP('Body8',#7016);
#217=MANIFOLD_SOLID_BREP('Body9',#7017);
#218=FACE_BOUND('',#979,.T.);
#219=FACE_BOUND('',#982,.T.);
#220=FACE_BOUND('',#988,.T.);
#221=FACE_BOUND('',#993,.T.);
#222=FACE_BOUND('',#1010,.T.);
#223=FACE_BOUND('',#1015,.T.);
#224=FACE_BOUND('',#1047,.T.);
#225=FACE_BOUND('',#1050,.T.);
#226=FACE_BOUND('',#1057,.T.);
#227=FACE_BOUND('',#1058,.T.);
#228=FACE_BOUND('',#1065,.T.);
#229=FACE_BOUND('',#1070,.T.);
#230=FACE_BOUND('',#1073,.T.);
#231=FACE_BOUND('',#1074,.T.);
#232=FACE_BOUND('',#1090,.T.);
#233=FACE_BOUND('',#1091,.T.);
#234=FACE_BOUND('',#1092,.T.);
#235=FACE_BOUND('',#1093,.T.);
#236=FACE_BOUND('',#1099,.T.);
#237=FACE_BOUND('',#1102,.T.);
#238=FACE_BOUND('',#1111,.T.);
#239=FACE_BOUND('',#1112,.T.);
#240=FACE_BOUND('',#1115,.T.);
#241=FACE_BOUND('',#1117,.T.);
#242=FACE_BOUND('',#1118,.T.);
#243=FACE_BOUND('',#1126,.T.);
#244=FACE_BOUND('',#1131,.T.);
#245=FACE_BOUND('',#1173,.T.);
#246=FACE_BOUND('',#1174,.T.);
#247=FACE_BOUND('',#1177,.T.);
#248=FACE_BOUND('',#1178,.T.);
#249=FACE_BOUND('',#1184,.T.);
#250=FACE_BOUND('',#1188,.T.);
#251=FACE_BOUND('',#1203,.T.);
#252=FACE_BOUND('',#1205,.T.);
#253=FACE_BOUND('',#1270,.T.);
#254=FACE_BOUND('',#1271,.T.);
#255=FACE_BOUND('',#1272,.T.);
#256=FACE_BOUND('',#1285,.T.);
#257=FACE_BOUND('',#1313,.T.);
#258=FACE_BOUND('',#1315,.T.);
#259=FACE_BOUND('',#1350,.T.);
#260=FACE_BOUND('',#1351,.T.);
#261=FACE_BOUND('',#1352,.T.);
#262=FACE_BOUND('',#1365,.T.);
#263=PLANE('',#7093);
#264=PLANE('',#7097);
#265=PLANE('',#7109);
#266=PLANE('',#7117);
#267=PLANE('',#7124);
#268=PLANE('',#7131);
#269=PLANE('',#7132);
#270=PLANE('',#7133);
#271=PLANE('',#7134);
#272=PLANE('',#7135);
#273=PLANE('',#7136);
#274=PLANE('',#7137);
#275=PLANE('',#7143);
#276=PLANE('',#7151);
#277=PLANE('',#7158);
#278=PLANE('',#7165);
#279=PLANE('',#7166);
#280=PLANE('',#7167);
#281=PLANE('',#7168);
#282=PLANE('',#7169);
#283=PLANE('',#7170);
#284=PLANE('',#7171);
#285=PLANE('',#7178);
#286=PLANE('',#7182);
#287=PLANE('',#7186);
#288=PLANE('',#7192);
#289=PLANE('',#7194);
#290=PLANE('',#7208);
#291=PLANE('',#7212);
#292=PLANE('',#7222);
#293=PLANE('',#7223);
#294=PLANE('',#7226);
#295=PLANE('',#7240);
#296=PLANE('',#7244);
#297=PLANE('',#7247);
#298=PLANE('',#7250);
#299=PLANE('',#7254);
#300=PLANE('',#7258);
#301=PLANE('',#7262);
#302=PLANE('',#7265);
#303=PLANE('',#7267);
#304=PLANE('',#7272);
#305=PLANE('',#7282);
#306=PLANE('',#7286);
#307=PLANE('',#7294);
#308=PLANE('',#7295);
#309=PLANE('',#7298);
#310=PLANE('',#7299);
#311=PLANE('',#7302);
#312=PLANE('',#7304);
#313=PLANE('',#7308);
#314=PLANE('',#7318);
#315=PLANE('',#7326);
#316=PLANE('',#7333);
#317=PLANE('',#7340);
#318=PLANE('',#7341);
#319=PLANE('',#7342);
#320=PLANE('',#7343);
#321=PLANE('',#7344);
#322=PLANE('',#7345);
#323=PLANE('',#7346);
#324=PLANE('',#7374);
#325=PLANE('',#7375);
#326=PLANE('',#7376);
#327=PLANE('',#7377);
#328=PLANE('',#7378);
#329=PLANE('',#7379);
#330=PLANE('',#7380);
#331=PLANE('',#7381);
#332=PLANE('',#7382);
#333=PLANE('',#7383);
#334=PLANE('',#7387);
#335=PLANE('',#7388);
#336=PLANE('',#7389);
#337=PLANE('',#7390);
#338=PLANE('',#7391);
#339=PLANE('',#7392);
#340=PLANE('',#7393);
#341=PLANE('',#7394);
#342=PLANE('',#7395);
#343=PLANE('',#7396);
#344=PLANE('',#7397);
#345=PLANE('',#7398);
#346=PLANE('',#7399);
#347=PLANE('',#7400);
#348=PLANE('',#7401);
#349=PLANE('',#7402);
#350=PLANE('',#7412);
#351=PLANE('',#7413);
#352=PLANE('',#7414);
#353=PLANE('',#7415);
#354=PLANE('',#7416);
#355=PLANE('',#7417);
#356=PLANE('',#7418);
#357=PLANE('',#7419);
#358=PLANE('',#7420);
#359=PLANE('',#7421);
#360=PLANE('',#7422);
#361=PLANE('',#7423);
#362=PLANE('',#7424);
#363=PLANE('',#7425);
#364=PLANE('',#7426);
#365=PLANE('',#7427);
#366=PLANE('',#7428);
#367=PLANE('',#7429);
#368=PLANE('',#7446);
#369=PLANE('',#7447);
#370=PLANE('',#7448);
#371=PLANE('',#7449);
#372=PLANE('',#7450);
#373=PLANE('',#7451);
#374=PLANE('',#7452);
#375=PLANE('',#7453);
#376=PLANE('',#7454);
#377=PLANE('',#7455);
#378=PLANE('',#7456);
#379=PLANE('',#7457);
#380=PLANE('',#7458);
#381=PLANE('',#7459);
#382=PLANE('',#7476);
#383=PLANE('',#7477);
#384=PLANE('',#7478);
#385=PLANE('',#7479);
#386=PLANE('',#7480);
#387=PLANE('',#7481);
#388=PLANE('',#7482);
#389=PLANE('',#7483);
#390=PLANE('',#7484);
#391=PLANE('',#7485);
#392=PLANE('',#7486);
#393=PLANE('',#7487);
#394=PLANE('',#7488);
#395=PLANE('',#7489);
#396=PLANE('',#7510);
#397=PLANE('',#7511);
#398=PLANE('',#7512);
#399=PLANE('',#7518);
#400=PLANE('',#7519);
#401=PLANE('',#7520);
#402=PLANE('',#7523);
#403=PLANE('',#7524);
#404=PLANE('',#7525);
#405=PLANE('',#7528);
#406=PLANE('',#7529);
#407=PLANE('',#7530);
#408=PLANE('',#7531);
#409=PLANE('',#7532);
#410=PLANE('',#7535);
#411=PLANE('',#7536);
#412=PLANE('',#7537);
#413=PLANE('',#7540);
#414=PLANE('',#7541);
#415=PLANE('',#7542);
#416=PLANE('',#7543);
#417=PLANE('',#7544);
#418=PLANE('',#7545);
#419=PLANE('',#7546);
#420=PLANE('',#7547);
#421=PLANE('',#7548);
#422=PLANE('',#7549);
#423=PLANE('',#7550);
#424=PLANE('',#7551);
#425=PLANE('',#7552);
#426=PLANE('',#7553);
#427=PLANE('',#7554);
#428=PLANE('',#7555);
#429=PLANE('',#7556);
#430=PLANE('',#7557);
#431=PLANE('',#7558);
#432=PLANE('',#7559);
#433=PLANE('',#7560);
#434=PLANE('',#7563);
#435=PLANE('',#7564);
#436=PLANE('',#7565);
#437=PLANE('',#7566);
#438=PLANE('',#7567);
#439=PLANE('',#7568);
#440=PLANE('',#7578);
#441=PLANE('',#7579);
#442=PLANE('',#7580);
#443=PLANE('',#7581);
#444=PLANE('',#7582);
#445=PLANE('',#7583);
#446=PLANE('',#7584);
#447=PLANE('',#7585);
#448=PLANE('',#7586);
#449=PLANE('',#7587);
#450=PLANE('',#7588);
#451=PLANE('',#7589);
#452=PLANE('',#7590);
#453=PLANE('',#7591);
#454=PLANE('',#7592);
#455=PLANE('',#7593);
#456=PLANE('',#7594);
#457=PLANE('',#7595);
#458=PLANE('',#7616);
#459=PLANE('',#7617);
#460=PLANE('',#7618);
#461=PLANE('',#7624);
#462=PLANE('',#7625);
#463=PLANE('',#7626);
#464=PLANE('',#7629);
#465=PLANE('',#7630);
#466=PLANE('',#7631);
#467=PLANE('',#7634);
#468=PLANE('',#7635);
#469=PLANE('',#7636);
#470=PLANE('',#7637);
#471=PLANE('',#7638);
#472=PLANE('',#7641);
#473=PLANE('',#7642);
#474=PLANE('',#7643);
#475=PLANE('',#7646);
#476=PLANE('',#7647);
#477=PLANE('',#7648);
#478=PLANE('',#7649);
#479=PLANE('',#7650);
#480=PLANE('',#7651);
#481=PLANE('',#7652);
#482=PLANE('',#7653);
#483=PLANE('',#7654);
#484=PLANE('',#7655);
#485=PLANE('',#7656);
#486=PLANE('',#7657);
#487=PLANE('',#7658);
#488=PLANE('',#7659);
#489=PLANE('',#7660);
#490=PLANE('',#7661);
#491=PLANE('',#7662);
#492=PLANE('',#7663);
#493=PLANE('',#7664);
#494=PLANE('',#7665);
#495=PLANE('',#7666);
#496=PLANE('',#7669);
#497=PLANE('',#7670);
#498=PLANE('',#7671);
#499=PLANE('',#7672);
#500=PLANE('',#7673);
#501=PLANE('',#7674);
#502=PLANE('',#7691);
#503=PLANE('',#7692);
#504=PLANE('',#7693);
#505=PLANE('',#7694);
#506=PLANE('',#7695);
#507=PLANE('',#7696);
#508=PLANE('',#7697);
#509=PLANE('',#7698);
#510=PLANE('',#7699);
#511=PLANE('',#7700);
#512=PLANE('',#7701);
#513=PLANE('',#7702);
#514=PLANE('',#7703);
#515=PLANE('',#7704);
#516=PLANE('',#7721);
#517=PLANE('',#7722);
#518=PLANE('',#7723);
#519=PLANE('',#7724);
#520=PLANE('',#7725);
#521=PLANE('',#7726);
#522=PLANE('',#7727);
#523=PLANE('',#7728);
#524=PLANE('',#7729);
#525=PLANE('',#7730);
#526=PLANE('',#7731);
#527=PLANE('',#7732);
#528=PLANE('',#7733);
#529=PLANE('',#7734);
#530=CYLINDRICAL_SURFACE('',#7091,2.55);
#531=CYLINDRICAL_SURFACE('',#7101,3.99999999999999);
#532=CYLINDRICAL_SURFACE('',#7105,2.5);
#533=CYLINDRICAL_SURFACE('',#7114,4.25);
#534=CYLINDRICAL_SURFACE('',#7139,2.5);
#535=CYLINDRICAL_SURFACE('',#7148,4.25);
#536=CYLINDRICAL_SURFACE('',#7190,1.5);
#537=CYLINDRICAL_SURFACE('',#7193,1.5);
#538=CYLINDRICAL_SURFACE('',#7195,1.);
#539=CYLINDRICAL_SURFACE('',#7199,1.55);
#540=CYLINDRICAL_SURFACE('',#7204,1.55);
#541=CYLINDRICAL_SURFACE('',#7216,2.9);
#542=CYLINDRICAL_SURFACE('',#7218,2.9);
#543=CYLINDRICAL_SURFACE('',#7230,2.55);
#544=CYLINDRICAL_SURFACE('',#7235,2.55);
#545=CYLINDRICAL_SURFACE('',#7263,1.5);
#546=CYLINDRICAL_SURFACE('',#7266,1.5);
#547=CYLINDRICAL_SURFACE('',#7268,1.);
#548=CYLINDRICAL_SURFACE('',#7274,1.55);
#549=CYLINDRICAL_SURFACE('',#7278,1.55);
#550=CYLINDRICAL_SURFACE('',#7290,2.9);
#551=CYLINDRICAL_SURFACE('',#7292,2.9);
#552=CYLINDRICAL_SURFACE('',#7307,4.4);
#553=CYLINDRICAL_SURFACE('',#7309,4.4);
#554=CYLINDRICAL_SURFACE('',#7312,1.2645);
#555=CYLINDRICAL_SURFACE('',#7314,1.5);
#556=CYLINDRICAL_SURFACE('',#7323,2.75);
#557=CYLINDRICAL_SURFACE('',#7354,1.5);
#558=CYLINDRICAL_SURFACE('',#7356,1.5);
#559=CYLINDRICAL_SURFACE('',#7358,0.644009461630724);
#560=CYLINDRICAL_SURFACE('',#7361,1.);
#561=CYLINDRICAL_SURFACE('',#7370,1.5);
#562=CYLINDRICAL_SURFACE('',#7372,1.5);
#563=CYLINDRICAL_SURFACE('',#7384,1.);
#564=CYLINDRICAL_SURFACE('',#7403,0.644009461630724);
#565=CYLINDRICAL_SURFACE('',#7406,1.);
#566=CYLINDRICAL_SURFACE('',#7409,1.);
#567=CYLINDRICAL_SURFACE('',#7490,0.5);
#568=CYLINDRICAL_SURFACE('',#7493,1.30154507029067);
#569=CYLINDRICAL_SURFACE('',#7500,0.644009461630724);
#570=CYLINDRICAL_SURFACE('',#7503,1.30154507029067);
#571=CYLINDRICAL_SURFACE('',#7521,1.);
#572=CYLINDRICAL_SURFACE('',#7526,1.);
#573=CYLINDRICAL_SURFACE('',#7533,1.);
#574=CYLINDRICAL_SURFACE('',#7538,1.);
#575=CYLINDRICAL_SURFACE('',#7561,0.5);
#576=CYLINDRICAL_SURFACE('',#7569,0.644009461630724);
#577=CYLINDRICAL_SURFACE('',#7572,1.);
#578=CYLINDRICAL_SURFACE('',#7575,1.);
#579=CYLINDRICAL_SURFACE('',#7596,0.5);
#580=CYLINDRICAL_SURFACE('',#7599,1.30154507029067);
#581=CYLINDRICAL_SURFACE('',#7606,0.644009461630724);
#582=CYLINDRICAL_SURFACE('',#7609,1.30154507029067);
#583=CYLINDRICAL_SURFACE('',#7627,1.);
#584=CYLINDRICAL_SURFACE('',#7632,1.);
#585=CYLINDRICAL_SURFACE('',#7639,1.);
#586=CYLINDRICAL_SURFACE('',#7644,1.);
#587=CYLINDRICAL_SURFACE('',#7667,0.5);
#588=FACE_OUTER_BOUND('',#976,.T.);
#589=FACE_OUTER_BOUND('',#977,.T.);
#590=FACE_OUTER_BOUND('',#978,.T.);
#591=FACE_OUTER_BOUND('',#980,.T.);
#592=FACE_OUTER_BOUND('',#981,.T.);
#593=FACE_OUTER_BOUND('',#983,.T.);
#594=FACE_OUTER_BOUND('',#984,.T.);
#595=FACE_OUTER_BOUND('',#985,.T.);
#596=FACE_OUTER_BOUND('',#986,.T.);
#597=FACE_OUTER_BOUND('',#987,.T.);
#598=FACE_OUTER_BOUND('',#989,.T.);
#599=FACE_OUTER_BOUND('',#990,.T.);
#600=FACE_OUTER_BOUND('',#991,.T.);
#601=FACE_OUTER_BOUND('',#992,.T.);
#602=FACE_OUTER_BOUND('',#994,.T.);
#603=FACE_OUTER_BOUND('',#995,.T.);
#604=FACE_OUTER_BOUND('',#996,.T.);
#605=FACE_OUTER_BOUND('',#997,.T.);
#606=FACE_OUTER_BOUND('',#998,.T.);
#607=FACE_OUTER_BOUND('',#999,.T.);
#608=FACE_OUTER_BOUND('',#1000,.T.);
#609=FACE_OUTER_BOUND('',#1001,.T.);
#610=FACE_OUTER_BOUND('',#1002,.T.);
#611=FACE_OUTER_BOUND('',#1003,.T.);
#612=FACE_OUTER_BOUND('',#1004,.T.);
#613=FACE_OUTER_BOUND('',#1005,.T.);
#614=FACE_OUTER_BOUND('',#1006,.T.);
#615=FACE_OUTER_BOUND('',#1007,.T.);
#616=FACE_OUTER_BOUND('',#1008,.T.);
#617=FACE_OUTER_BOUND('',#1009,.T.);
#618=FACE_OUTER_BOUND('',#1011,.T.);
#619=FACE_OUTER_BOUND('',#1012,.T.);
#620=FACE_OUTER_BOUND('',#1013,.T.);
#621=FACE_OUTER_BOUND('',#1014,.T.);
#622=FACE_OUTER_BOUND('',#1016,.T.);
#623=FACE_OUTER_BOUND('',#1017,.T.);
#624=FACE_OUTER_BOUND('',#1018,.T.);
#625=FACE_OUTER_BOUND('',#1019,.T.);
#626=FACE_OUTER_BOUND('',#1020,.T.);
#627=FACE_OUTER_BOUND('',#1021,.T.);
#628=FACE_OUTER_BOUND('',#1022,.T.);
#629=FACE_OUTER_BOUND('',#1023,.T.);
#630=FACE_OUTER_BOUND('',#1024,.T.);
#631=FACE_OUTER_BOUND('',#1025,.T.);
#632=FACE_OUTER_BOUND('',#1026,.T.);
#633=FACE_OUTER_BOUND('',#1027,.T.);
#634=FACE_OUTER_BOUND('',#1028,.T.);
#635=FACE_OUTER_BOUND('',#1029,.T.);
#636=FACE_OUTER_BOUND('',#1030,.T.);
#637=FACE_OUTER_BOUND('',#1031,.T.);
#638=FACE_OUTER_BOUND('',#1032,.T.);
#639=FACE_OUTER_BOUND('',#1033,.T.);
#640=FACE_OUTER_BOUND('',#1034,.T.);
#641=FACE_OUTER_BOUND('',#1035,.T.);
#642=FACE_OUTER_BOUND('',#1036,.T.);
#643=FACE_OUTER_BOUND('',#1037,.T.);
#644=FACE_OUTER_BOUND('',#1038,.T.);
#645=FACE_OUTER_BOUND('',#1039,.T.);
#646=FACE_OUTER_BOUND('',#1040,.T.);
#647=FACE_OUTER_BOUND('',#1041,.T.);
#648=FACE_OUTER_BOUND('',#1042,.T.);
#649=FACE_OUTER_BOUND('',#1043,.T.);
#650=FACE_OUTER_BOUND('',#1044,.T.);
#651=FACE_OUTER_BOUND('',#1045,.T.);
#652=FACE_OUTER_BOUND('',#1046,.T.);
#653=FACE_OUTER_BOUND('',#1048,.T.);
#654=FACE_OUTER_BOUND('',#1049,.T.);
#655=FACE_OUTER_BOUND('',#1051,.T.);
#656=FACE_OUTER_BOUND('',#1052,.T.);
#657=FACE_OUTER_BOUND('',#1053,.T.);
#658=FACE_OUTER_BOUND('',#1054,.T.);
#659=FACE_OUTER_BOUND('',#1055,.T.);
#660=FACE_OUTER_BOUND('',#1056,.T.);
#661=FACE_OUTER_BOUND('',#1059,.T.);
#662=FACE_OUTER_BOUND('',#1060,.T.);
#663=FACE_OUTER_BOUND('',#1061,.T.);
#664=FACE_OUTER_BOUND('',#1062,.T.);
#665=FACE_OUTER_BOUND('',#1063,.T.);
#666=FACE_OUTER_BOUND('',#1064,.T.);
#667=FACE_OUTER_BOUND('',#1066,.T.);
#668=FACE_OUTER_BOUND('',#1067,.T.);
#669=FACE_OUTER_BOUND('',#1068,.T.);
#670=FACE_OUTER_BOUND('',#1069,.T.);
#671=FACE_OUTER_BOUND('',#1071,.T.);
#672=FACE_OUTER_BOUND('',#1072,.T.);
#673=FACE_OUTER_BOUND('',#1075,.T.);
#674=FACE_OUTER_BOUND('',#1076,.T.);
#675=FACE_OUTER_BOUND('',#1077,.T.);
#676=FACE_OUTER_BOUND('',#1078,.T.);
#677=FACE_OUTER_BOUND('',#1079,.T.);
#678=FACE_OUTER_BOUND('',#1080,.T.);
#679=FACE_OUTER_BOUND('',#1081,.T.);
#680=FACE_OUTER_BOUND('',#1082,.T.);
#681=FACE_OUTER_BOUND('',#1083,.T.);
#682=FACE_OUTER_BOUND('',#1084,.T.);
#683=FACE_OUTER_BOUND('',#1085,.T.);
#684=FACE_OUTER_BOUND('',#1086,.T.);
#685=FACE_OUTER_BOUND('',#1087,.T.);
#686=FACE_OUTER_BOUND('',#1088,.T.);
#687=FACE_OUTER_BOUND('',#1089,.T.);
#688=FACE_OUTER_BOUND('',#1094,.T.);
#689=FACE_OUTER_BOUND('',#1095,.T.);
#690=FACE_OUTER_BOUND('',#1096,.T.);
#691=FACE_OUTER_BOUND('',#1097,.T.);
#692=FACE_OUTER_BOUND('',#1098,.T.);
#693=FACE_OUTER_BOUND('',#1100,.T.);
#694=FACE_OUTER_BOUND('',#1101,.T.);
#695=FACE_OUTER_BOUND('',#1103,.T.);
#696=FACE_OUTER_BOUND('',#1104,.T.);
#697=FACE_OUTER_BOUND('',#1105,.T.);
#698=FACE_OUTER_BOUND('',#1106,.T.);
#699=FACE_OUTER_BOUND('',#1107,.T.);
#700=FACE_OUTER_BOUND('',#1108,.T.);
#701=FACE_OUTER_BOUND('',#1109,.T.);
#702=FACE_OUTER_BOUND('',#1110,.T.);
#703=FACE_OUTER_BOUND('',#1113,.T.);
#704=FACE_OUTER_BOUND('',#1114,.T.);
#705=FACE_OUTER_BOUND('',#1116,.T.);
#706=FACE_OUTER_BOUND('',#1119,.T.);
#707=FACE_OUTER_BOUND('',#1120,.T.);
#708=FACE_OUTER_BOUND('',#1121,.T.);
#709=FACE_OUTER_BOUND('',#1122,.T.);
#710=FACE_OUTER_BOUND('',#1123,.T.);
#711=FACE_OUTER_BOUND('',#1124,.T.);
#712=FACE_OUTER_BOUND('',#1125,.T.);
#713=FACE_OUTER_BOUND('',#1127,.T.);
#714=FACE_OUTER_BOUND('',#1128,.T.);
#715=FACE_OUTER_BOUND('',#1129,.T.);
#716=FACE_OUTER_BOUND('',#1130,.T.);
#717=FACE_OUTER_BOUND('',#1132,.T.);
#718=FACE_OUTER_BOUND('',#1133,.T.);
#719=FACE_OUTER_BOUND('',#1134,.T.);
#720=FACE_OUTER_BOUND('',#1135,.T.);
#721=FACE_OUTER_BOUND('',#1136,.T.);
#722=FACE_OUTER_BOUND('',#1137,.T.);
#723=FACE_OUTER_BOUND('',#1138,.T.);
#724=FACE_OUTER_BOUND('',#1139,.T.);
#725=FACE_OUTER_BOUND('',#1140,.T.);
#726=FACE_OUTER_BOUND('',#1141,.T.);
#727=FACE_OUTER_BOUND('',#1142,.T.);
#728=FACE_OUTER_BOUND('',#1143,.T.);
#729=FACE_OUTER_BOUND('',#1144,.T.);
#730=FACE_OUTER_BOUND('',#1145,.T.);
#731=FACE_OUTER_BOUND('',#1146,.T.);
#732=FACE_OUTER_BOUND('',#1147,.T.);
#733=FACE_OUTER_BOUND('',#1148,.T.);
#734=FACE_OUTER_BOUND('',#1149,.T.);
#735=FACE_OUTER_BOUND('',#1150,.T.);
#736=FACE_OUTER_BOUND('',#1151,.T.);
#737=FACE_OUTER_BOUND('',#1152,.T.);
#738=FACE_OUTER_BOUND('',#1153,.T.);
#739=FACE_OUTER_BOUND('',#1154,.T.);
#740=FACE_OUTER_BOUND('',#1155,.T.);
#741=FACE_OUTER_BOUND('',#1156,.T.);
#742=FACE_OUTER_BOUND('',#1157,.T.);
#743=FACE_OUTER_BOUND('',#1158,.T.);
#744=FACE_OUTER_BOUND('',#1159,.T.);
#745=FACE_OUTER_BOUND('',#1160,.T.);
#746=FACE_OUTER_BOUND('',#1161,.T.);
#747=FACE_OUTER_BOUND('',#1162,.T.);
#748=FACE_OUTER_BOUND('',#1163,.T.);
#749=FACE_OUTER_BOUND('',#1164,.T.);
#750=FACE_OUTER_BOUND('',#1165,.T.);
#751=FACE_OUTER_BOUND('',#1166,.T.);
#752=FACE_OUTER_BOUND('',#1167,.T.);
#753=FACE_OUTER_BOUND('',#1168,.T.);
#754=FACE_OUTER_BOUND('',#1169,.T.);
#755=FACE_OUTER_BOUND('',#1170,.T.);
#756=FACE_OUTER_BOUND('',#1171,.T.);
#757=FACE_OUTER_BOUND('',#1172,.T.);
#758=FACE_OUTER_BOUND('',#1175,.T.);
#759=FACE_OUTER_BOUND('',#1176,.T.);
#760=FACE_OUTER_BOUND('',#1179,.T.);
#761=FACE_OUTER_BOUND('',#1180,.T.);
#762=FACE_OUTER_BOUND('',#1181,.T.);
#763=FACE_OUTER_BOUND('',#1182,.T.);
#764=FACE_OUTER_BOUND('',#1183,.T.);
#765=FACE_OUTER_BOUND('',#1185,.T.);
#766=FACE_OUTER_BOUND('',#1186,.T.);
#767=FACE_OUTER_BOUND('',#1187,.T.);
#768=FACE_OUTER_BOUND('',#1189,.T.);
#769=FACE_OUTER_BOUND('',#1190,.T.);
#770=FACE_OUTER_BOUND('',#1191,.T.);
#771=FACE_OUTER_BOUND('',#1192,.T.);
#772=FACE_OUTER_BOUND('',#1193,.T.);
#773=FACE_OUTER_BOUND('',#1194,.T.);
#774=FACE_OUTER_BOUND('',#1195,.T.);
#775=FACE_OUTER_BOUND('',#1196,.T.);
#776=FACE_OUTER_BOUND('',#1197,.T.);
#777=FACE_OUTER_BOUND('',#1198,.T.);
#778=FACE_OUTER_BOUND('',#1199,.T.);
#779=FACE_OUTER_BOUND('',#1200,.T.);
#780=FACE_OUTER_BOUND('',#1201,.T.);
#781=FACE_OUTER_BOUND('',#1202,.T.);
#782=FACE_OUTER_BOUND('',#1204,.T.);
#783=FACE_OUTER_BOUND('',#1206,.T.);
#784=FACE_OUTER_BOUND('',#1207,.T.);
#785=FACE_OUTER_BOUND('',#1208,.T.);
#786=FACE_OUTER_BOUND('',#1209,.T.);
#787=FACE_OUTER_BOUND('',#1210,.T.);
#788=FACE_OUTER_BOUND('',#1211,.T.);
#789=FACE_OUTER_BOUND('',#1212,.T.);
#790=FACE_OUTER_BOUND('',#1213,.T.);
#791=FACE_OUTER_BOUND('',#1214,.T.);
#792=FACE_OUTER_BOUND('',#1215,.T.);
#793=FACE_OUTER_BOUND('',#1216,.T.);
#794=FACE_OUTER_BOUND('',#1217,.T.);
#795=FACE_OUTER_BOUND('',#1218,.T.);
#796=FACE_OUTER_BOUND('',#1219,.T.);
#797=FACE_OUTER_BOUND('',#1220,.T.);
#798=FACE_OUTER_BOUND('',#1221,.T.);
#799=FACE_OUTER_BOUND('',#1222,.T.);
#800=FACE_OUTER_BOUND('',#1223,.T.);
#801=FACE_OUTER_BOUND('',#1224,.T.);
#802=FACE_OUTER_BOUND('',#1225,.T.);
#803=FACE_OUTER_BOUND('',#1226,.T.);
#804=FACE_OUTER_BOUND('',#1227,.T.);
#805=FACE_OUTER_BOUND('',#1228,.T.);
#806=FACE_OUTER_BOUND('',#1229,.T.);
#807=FACE_OUTER_BOUND('',#1230,.T.);
#808=FACE_OUTER_BOUND('',#1231,.T.);
#809=FACE_OUTER_BOUND('',#1232,.T.);
#810=FACE_OUTER_BOUND('',#1233,.T.);
#811=FACE_OUTER_BOUND('',#1234,.T.);
#812=FACE_OUTER_BOUND('',#1235,.T.);
#813=FACE_OUTER_BOUND('',#1236,.T.);
#814=FACE_OUTER_BOUND('',#1237,.T.);
#815=FACE_OUTER_BOUND('',#1238,.T.);
#816=FACE_OUTER_BOUND('',#1239,.T.);
#817=FACE_OUTER_BOUND('',#1240,.T.);
#818=FACE_OUTER_BOUND('',#1241,.T.);
#819=FACE_OUTER_BOUND('',#1242,.T.);
#820=FACE_OUTER_BOUND('',#1243,.T.);
#821=FACE_OUTER_BOUND('',#1244,.T.);
#822=FACE_OUTER_BOUND('',#1245,.T.);
#823=FACE_OUTER_BOUND('',#1246,.T.);
#824=FACE_OUTER_BOUND('',#1247,.T.);
#825=FACE_OUTER_BOUND('',#1248,.T.);
#826=FACE_OUTER_BOUND('',#1249,.T.);
#827=FACE_OUTER_BOUND('',#1250,.T.);
#828=FACE_OUTER_BOUND('',#1251,.T.);
#829=FACE_OUTER_BOUND('',#1252,.T.);
#830=FACE_OUTER_BOUND('',#1253,.T.);
#831=FACE_OUTER_BOUND('',#1254,.T.);
#832=FACE_OUTER_BOUND('',#1255,.T.);
#833=FACE_OUTER_BOUND('',#1256,.T.);
#834=FACE_OUTER_BOUND('',#1257,.T.);
#835=FACE_OUTER_BOUND('',#1258,.T.);
#836=FACE_OUTER_BOUND('',#1259,.T.);
#837=FACE_OUTER_BOUND('',#1260,.T.);
#838=FACE_OUTER_BOUND('',#1261,.T.);
#839=FACE_OUTER_BOUND('',#1262,.T.);
#840=FACE_OUTER_BOUND('',#1263,.T.);
#841=FACE_OUTER_BOUND('',#1264,.T.);
#842=FACE_OUTER_BOUND('',#1265,.T.);
#843=FACE_OUTER_BOUND('',#1266,.T.);
#844=FACE_OUTER_BOUND('',#1267,.T.);
#845=FACE_OUTER_BOUND('',#1268,.T.);
#846=FACE_OUTER_BOUND('',#1269,.T.);
#847=FACE_OUTER_BOUND('',#1273,.T.);
#848=FACE_OUTER_BOUND('',#1274,.T.);
#849=FACE_OUTER_BOUND('',#1275,.T.);
#850=FACE_OUTER_BOUND('',#1276,.T.);
#851=FACE_OUTER_BOUND('',#1277,.T.);
#852=FACE_OUTER_BOUND('',#1278,.T.);
#853=FACE_OUTER_BOUND('',#1279,.T.);
#854=FACE_OUTER_BOUND('',#1280,.T.);
#855=FACE_OUTER_BOUND('',#1281,.T.);
#856=FACE_OUTER_BOUND('',#1282,.T.);
#857=FACE_OUTER_BOUND('',#1283,.T.);
#858=FACE_OUTER_BOUND('',#1284,.T.);
#859=FACE_OUTER_BOUND('',#1286,.T.);
#860=FACE_OUTER_BOUND('',#1287,.T.);
#861=FACE_OUTER_BOUND('',#1288,.T.);
#862=FACE_OUTER_BOUND('',#1289,.T.);
#863=FACE_OUTER_BOUND('',#1290,.T.);
#864=FACE_OUTER_BOUND('',#1291,.T.);
#865=FACE_OUTER_BOUND('',#1292,.T.);
#866=FACE_OUTER_BOUND('',#1293,.T.);
#867=FACE_OUTER_BOUND('',#1294,.T.);
#868=FACE_OUTER_BOUND('',#1295,.T.);
#869=FACE_OUTER_BOUND('',#1296,.T.);
#870=FACE_OUTER_BOUND('',#1297,.T.);
#871=FACE_OUTER_BOUND('',#1298,.T.);
#872=FACE_OUTER_BOUND('',#1299,.T.);
#873=FACE_OUTER_BOUND('',#1300,.T.);
#874=FACE_OUTER_BOUND('',#1301,.T.);
#875=FACE_OUTER_BOUND('',#1302,.T.);
#876=FACE_OUTER_BOUND('',#1303,.T.);
#877=FACE_OUTER_BOUND('',#1304,.T.);
#878=FACE_OUTER_BOUND('',#1305,.T.);
#879=FACE_OUTER_BOUND('',#1306,.T.);
#880=FACE_OUTER_BOUND('',#1307,.T.);
#881=FACE_OUTER_BOUND('',#1308,.T.);
#882=FACE_OUTER_BOUND('',#1309,.T.);
#883=FACE_OUTER_BOUND('',#1310,.T.);
#884=FACE_OUTER_BOUND('',#1311,.T.);
#885=FACE_OUTER_BOUND('',#1312,.T.);
#886=FACE_OUTER_BOUND('',#1314,.T.);
#887=FACE_OUTER_BOUND('',#1316,.T.);
#888=FACE_OUTER_BOUND('',#1317,.T.);
#889=FACE_OUTER_BOUND('',#1318,.T.);
#890=FACE_OUTER_BOUND('',#1319,.T.);
#891=FACE_OUTER_BOUND('',#1320,.T.);
#892=FACE_OUTER_BOUND('',#1321,.T.);
#893=FACE_OUTER_BOUND('',#1322,.T.);
#894=FACE_OUTER_BOUND('',#1323,.T.);
#895=FACE_OUTER_BOUND('',#1324,.T.);
#896=FACE_OUTER_BOUND('',#1325,.T.);
#897=FACE_OUTER_BOUND('',#1326,.T.);
#898=FACE_OUTER_BOUND('',#1327,.T.);
#899=FACE_OUTER_BOUND('',#1328,.T.);
#900=FACE_OUTER_BOUND('',#1329,.T.);
#901=FACE_OUTER_BOUND('',#1330,.T.);
#902=FACE_OUTER_BOUND('',#1331,.T.);
#903=FACE_OUTER_BOUND('',#1332,.T.);
#904=FACE_OUTER_BOUND('',#1333,.T.);
#905=FACE_OUTER_BOUND('',#1334,.T.);
#906=FACE_OUTER_BOUND('',#1335,.T.);
#907=FACE_OUTER_BOUND('',#1336,.T.);
#908=FACE_OUTER_BOUND('',#1337,.T.);
#909=FACE_OUTER_BOUND('',#1338,.T.);
#910=FACE_OUTER_BOUND('',#1339,.T.);
#911=FACE_OUTER_BOUND('',#1340,.T.);
#912=FACE_OUTER_BOUND('',#1341,.T.);
#913=FACE_OUTER_BOUND('',#1342,.T.);
#914=FACE_OUTER_BOUND('',#1343,.T.);
#915=FACE_OUTER_BOUND('',#1344,.T.);
#916=FACE_OUTER_BOUND('',#1345,.T.);
#917=FACE_OUTER_BOUND('',#1346,.T.);
#918=FACE_OUTER_BOUND('',#1347,.T.);
#919=FACE_OUTER_BOUND('',#1348,.T.);
#920=FACE_OUTER_BOUND('',#1349,.T.);
#921=FACE_OUTER_BOUND('',#1353,.T.);
#922=FACE_OUTER_BOUND('',#1354,.T.);
#923=FACE_OUTER_BOUND('',#1355,.T.);
#924=FACE_OUTER_BOUND('',#1356,.T.);
#925=FACE_OUTER_BOUND('',#1357,.T.);
#926=FACE_OUTER_BOUND('',#1358,.T.);
#927=FACE_OUTER_BOUND('',#1359,.T.);
#928=FACE_OUTER_BOUND('',#1360,.T.);
#929=FACE_OUTER_BOUND('',#1361,.T.);
#930=FACE_OUTER_BOUND('',#1362,.T.);
#931=FACE_OUTER_BOUND('',#1363,.T.);
#932=FACE_OUTER_BOUND('',#1364,.T.);
#933=FACE_OUTER_BOUND('',#1366,.T.);
#934=FACE_OUTER_BOUND('',#1367,.T.);
#935=FACE_OUTER_BOUND('',#1368,.T.);
#936=FACE_OUTER_BOUND('',#1369,.T.);
#937=FACE_OUTER_BOUND('',#1370,.T.);
#938=FACE_OUTER_BOUND('',#1371,.T.);
#939=FACE_OUTER_BOUND('',#1372,.T.);
#940=FACE_OUTER_BOUND('',#1373,.T.);
#941=FACE_OUTER_BOUND('',#1374,.T.);
#942=FACE_OUTER_BOUND('',#1375,.T.);
#943=FACE_OUTER_BOUND('',#1376,.T.);
#944=FACE_OUTER_BOUND('',#1377,.T.);
#945=FACE_OUTER_BOUND('',#1378,.T.);
#946=FACE_OUTER_BOUND('',#1379,.T.);
#947=FACE_OUTER_BOUND('',#1380,.T.);
#948=FACE_OUTER_BOUND('',#1381,.T.);
#949=FACE_OUTER_BOUND('',#1382,.T.);
#950=FACE_OUTER_BOUND('',#1383,.T.);
#951=FACE_OUTER_BOUND('',#1384,.T.);
#952=FACE_OUTER_BOUND('',#1385,.T.);
#953=FACE_OUTER_BOUND('',#1386,.T.);
#954=FACE_OUTER_BOUND('',#1387,.T.);
#955=FACE_OUTER_BOUND('',#1388,.T.);
#956=FACE_OUTER_BOUND('',#1389,.T.);
#957=FACE_OUTER_BOUND('',#1390,.T.);
#958=FACE_OUTER_BOUND('',#1391,.T.);
#959=FACE_OUTER_BOUND('',#1392,.T.);
#960=FACE_OUTER_BOUND('',#1393,.T.);
#961=FACE_OUTER_BOUND('',#1394,.T.);
#962=FACE_OUTER_BOUND('',#1395,.T.);
#963=FACE_OUTER_BOUND('',#1396,.T.);
#964=FACE_OUTER_BOUND('',#1397,.T.);
#965=FACE_OUTER_BOUND('',#1398,.T.);
#966=FACE_OUTER_BOUND('',#1399,.T.);
#967=FACE_OUTER_BOUND('',#1400,.T.);
#968=FACE_OUTER_BOUND('',#1401,.T.);
#969=FACE_OUTER_BOUND('',#1402,.T.);
#970=FACE_OUTER_BOUND('',#1403,.T.);
#971=FACE_OUTER_BOUND('',#1404,.T.);
#972=FACE_OUTER_BOUND('',#1405,.T.);
#973=FACE_OUTER_BOUND('',#1406,.T.);
#974=FACE_OUTER_BOUND('',#1407,.T.);
#975=FACE_OUTER_BOUND('',#1408,.T.);
#976=EDGE_LOOP('',(#4617,#4618,#4619,#4620));
#977=EDGE_LOOP('',(#4621,#4622,#4623,#4624));
#978=EDGE_LOOP('',(#4625));
#979=EDGE_LOOP('',(#4626));
#980=EDGE_LOOP('',(#4627,#4628,#4629,#4630));
#981=EDGE_LOOP('',(#4631));
#982=EDGE_LOOP('',(#4632));
#983=EDGE_LOOP('',(#4633,#4634,#4635,#4636));
#984=EDGE_LOOP('',(#4637,#4638,#4639,#4640));
#985=EDGE_LOOP('',(#4641,#4642,#4643,#4644));
#986=EDGE_LOOP('',(#4645,#4646,#4647,#4648,#4649));
#987=EDGE_LOOP('',(#4650));
#988=EDGE_LOOP('',(#4651));
#989=EDGE_LOOP('',(#4652,#4653,#4654,#4655));
#990=EDGE_LOOP('',(#4656,#4657,#4658,#4659));
#991=EDGE_LOOP('',(#4660,#4661,#4662,#4663,#4664));
#992=EDGE_LOOP('',(#4665));
#993=EDGE_LOOP('',(#4666,#4667,#4668,#4669,#4670,#4671));
#994=EDGE_LOOP('',(#4672));
#995=EDGE_LOOP('',(#4673,#4674));
#996=EDGE_LOOP('',(#4675,#4676));
#997=EDGE_LOOP('',(#4677,#4678));
#998=EDGE_LOOP('',(#4679,#4680));
#999=EDGE_LOOP('',(#4681,#4682));
#1000=EDGE_LOOP('',(#4683,#4684));
#1001=EDGE_LOOP('',(#4685,#4686,#4687,#4688,#4689,#4690));
#1002=EDGE_LOOP('',(#4691,#4692,#4693,#4694));
#1003=EDGE_LOOP('',(#4695,#4696,#4697,#4698));
#1004=EDGE_LOOP('',(#4699,#4700,#4701,#4702));
#1005=EDGE_LOOP('',(#4703,#4704,#4705,#4706));
#1006=EDGE_LOOP('',(#4707,#4708,#4709,#4710));
#1007=EDGE_LOOP('',(#4711,#4712,#4713,#4714));
#1008=EDGE_LOOP('',(#4715,#4716,#4717,#4718,#4719));
#1009=EDGE_LOOP('',(#4720));
#1010=EDGE_LOOP('',(#4721));
#1011=EDGE_LOOP('',(#4722,#4723,#4724,#4725));
#1012=EDGE_LOOP('',(#4726,#4727,#4728,#4729));
#1013=EDGE_LOOP('',(#4730,#4731,#4732,#4733,#4734));
#1014=EDGE_LOOP('',(#4735));
#1015=EDGE_LOOP('',(#4736,#4737,#4738,#4739,#4740,#4741));
#1016=EDGE_LOOP('',(#4742));
#1017=EDGE_LOOP('',(#4743,#4744));
#1018=EDGE_LOOP('',(#4745,#4746));
#1019=EDGE_LOOP('',(#4747,#4748));
#1020=EDGE_LOOP('',(#4749,#4750));
#1021=EDGE_LOOP('',(#4751,#4752));
#1022=EDGE_LOOP('',(#4753,#4754));
#1023=EDGE_LOOP('',(#4755,#4756,#4757,#4758,#4759,#4760));
#1024=EDGE_LOOP('',(#4761,#4762,#4763,#4764));
#1025=EDGE_LOOP('',(#4765,#4766,#4767,#4768));
#1026=EDGE_LOOP('',(#4769,#4770,#4771,#4772));
#1027=EDGE_LOOP('',(#4773,#4774,#4775,#4776));
#1028=EDGE_LOOP('',(#4777,#4778,#4779,#4780));
#1029=EDGE_LOOP('',(#4781,#4782,#4783,#4784));
#1030=EDGE_LOOP('',(#4785,#4786,#4787,#4788));
#1031=EDGE_LOOP('',(#4789,#4790,#4791,#4792));
#1032=EDGE_LOOP('',(#4793,#4794,#4795,#4796));
#1033=EDGE_LOOP('',(#4797,#4798,#4799,#4800));
#1034=EDGE_LOOP('',(#4801,#4802,#4803,#4804));
#1035=EDGE_LOOP('',(#4805,#4806,#4807,#4808));
#1036=EDGE_LOOP('',(#4809,#4810,#4811,#4812,#4813));
#1037=EDGE_LOOP('',(#4814,#4815,#4816,#4817));
#1038=EDGE_LOOP('',(#4818,#4819,#4820,#4821));
#1039=EDGE_LOOP('',(#4822,#4823,#4824,#4825,#4826));
#1040=EDGE_LOOP('',(#4827,#4828,#4829,#4830));
#1041=EDGE_LOOP('',(#4831,#4832,#4833,#4834));
#1042=EDGE_LOOP('',(#4835,#4836,#4837,#4838));
#1043=EDGE_LOOP('',(#4839,#4840,#4841,#4842));
#1044=EDGE_LOOP('',(#4843,#4844,#4845,#4846));
#1045=EDGE_LOOP('',(#4847,#4848,#4849,#4850));
#1046=EDGE_LOOP('',(#4851,#4852));
#1047=EDGE_LOOP('',(#4853));
#1048=EDGE_LOOP('',(#4854,#4855,#4856,#4857));
#1049=EDGE_LOOP('',(#4858,#4859));
#1050=EDGE_LOOP('',(#4860));
#1051=EDGE_LOOP('',(#4861,#4862,#4863,#4864,#4865,#4866));
#1052=EDGE_LOOP('',(#4867,#4868));
#1053=EDGE_LOOP('',(#4869,#4870));
#1054=EDGE_LOOP('',(#4871,#4872,#4873,#4874));
#1055=EDGE_LOOP('',(#4875,#4876,#4877,#4878,#4879));
#1056=EDGE_LOOP('',(#4880,#4881,#4882,#4883));
#1057=EDGE_LOOP('',(#4884,#4885));
#1058=EDGE_LOOP('',(#4886,#4887));
#1059=EDGE_LOOP('',(#4888,#4889,#4890,#4891,#4892,#4893));
#1060=EDGE_LOOP('',(#4894,#4895,#4896,#4897));
#1061=EDGE_LOOP('',(#4898,#4899,#4900,#4901));
#1062=EDGE_LOOP('',(#4902,#4903,#4904,#4905));
#1063=EDGE_LOOP('',(#4906,#4907,#4908,#4909));
#1064=EDGE_LOOP('',(#4910,#4911,#4912,#4913));
#1065=EDGE_LOOP('',(#4914,#4915));
#1066=EDGE_LOOP('',(#4916,#4917,#4918,#4919));
#1067=EDGE_LOOP('',(#4920,#4921,#4922,#4923));
#1068=EDGE_LOOP('',(#4924,#4925,#4926,#4927));
#1069=EDGE_LOOP('',(#4928,#4929,#4930,#4931,#4932,#4933,#4934,#4935));
#1070=EDGE_LOOP('',(#4936,#4937,#4938,#4939));
#1071=EDGE_LOOP('',(#4940,#4941,#4942,#4943));
#1072=EDGE_LOOP('',(#4944,#4945,#4946,#4947,#4948,#4949));
#1073=EDGE_LOOP('',(#4950));
#1074=EDGE_LOOP('',(#4951));
#1075=EDGE_LOOP('',(#4952,#4953,#4954,#4955));
#1076=EDGE_LOOP('',(#4956,#4957,#4958,#4959));
#1077=EDGE_LOOP('',(#4960,#4961,#4962,#4963));
#1078=EDGE_LOOP('',(#4964,#4965,#4966,#4967));
#1079=EDGE_LOOP('',(#4968,#4969,#4970,#4971));
#1080=EDGE_LOOP('',(#4972,#4973,#4974,#4975));
#1081=EDGE_LOOP('',(#4976,#4977,#4978,#4979));
#1082=EDGE_LOOP('',(#4980,#4981,#4982,#4983));
#1083=EDGE_LOOP('',(#4984,#4985,#4986,#4987,#4988));
#1084=EDGE_LOOP('',(#4989,#4990,#4991,#4992));
#1085=EDGE_LOOP('',(#4993,#4994,#4995,#4996));
#1086=EDGE_LOOP('',(#4997,#4998,#4999,#5000,#5001));
#1087=EDGE_LOOP('',(#5002,#5003,#5004,#5005));
#1088=EDGE_LOOP('',(#5006,#5007,#5008,#5009));
#1089=EDGE_LOOP('',(#5010,#5011,#5012,#5013,#5014,#5015,#5016,#5017,#5018,
#5019,#5020,#5021));
#1090=EDGE_LOOP('',(#5022));
#1091=EDGE_LOOP('',(#5023));
#1092=EDGE_LOOP('',(#5024));
#1093=EDGE_LOOP('',(#5025));
#1094=EDGE_LOOP('',(#5026,#5027,#5028,#5029));
#1095=EDGE_LOOP('',(#5030,#5031,#5032,#5033));
#1096=EDGE_LOOP('',(#5034,#5035,#5036,#5037));
#1097=EDGE_LOOP('',(#5038,#5039,#5040,#5041));
#1098=EDGE_LOOP('',(#5042,#5043));
#1099=EDGE_LOOP('',(#5044));
#1100=EDGE_LOOP('',(#5045,#5046,#5047,#5048));
#1101=EDGE_LOOP('',(#5049,#5050));
#1102=EDGE_LOOP('',(#5051));
#1103=EDGE_LOOP('',(#5052,#5053,#5054,#5055,#5056,#5057));
#1104=EDGE_LOOP('',(#5058,#5059));
#1105=EDGE_LOOP('',(#5060,#5061));
#1106=EDGE_LOOP('',(#5062,#5063,#5064,#5065));
#1107=EDGE_LOOP('',(#5066,#5067,#5068,#5069));
#1108=EDGE_LOOP('',(#5070,#5071,#5072,#5073));
#1109=EDGE_LOOP('',(#5074,#5075,#5076,#5077,#5078));
#1110=EDGE_LOOP('',(#5079,#5080,#5081,#5082));
#1111=EDGE_LOOP('',(#5083,#5084));
#1112=EDGE_LOOP('',(#5085,#5086));
#1113=EDGE_LOOP('',(#5087,#5088,#5089,#5090,#5091,#5092));
#1114=EDGE_LOOP('',(#5093,#5094,#5095,#5096,#5097,#5098,#5099,#5100,#5101,
#5102,#5103,#5104));
#1115=EDGE_LOOP('',(#5105));
#1116=EDGE_LOOP('',(#5106,#5107,#5108,#5109));
#1117=EDGE_LOOP('',(#5110));
#1118=EDGE_LOOP('',(#5111));
#1119=EDGE_LOOP('',(#5112,#5113,#5114,#5115));
#1120=EDGE_LOOP('',(#5116,#5117,#5118,#5119));
#1121=EDGE_LOOP('',(#5120,#5121,#5122,#5123));
#1122=EDGE_LOOP('',(#5124,#5125,#5126,#5127));
#1123=EDGE_LOOP('',(#5128,#5129,#5130,#5131,#5132));
#1124=EDGE_LOOP('',(#5133,#5134,#5135,#5136,#5137));
#1125=EDGE_LOOP('',(#5138));
#1126=EDGE_LOOP('',(#5139));
#1127=EDGE_LOOP('',(#5140,#5141,#5142,#5143));
#1128=EDGE_LOOP('',(#5144,#5145,#5146,#5147));
#1129=EDGE_LOOP('',(#5148,#5149,#5150,#5151,#5152));
#1130=EDGE_LOOP('',(#5153));
#1131=EDGE_LOOP('',(#5154,#5155,#5156,#5157,#5158,#5159));
#1132=EDGE_LOOP('',(#5160));
#1133=EDGE_LOOP('',(#5161,#5162));
#1134=EDGE_LOOP('',(#5163,#5164));
#1135=EDGE_LOOP('',(#5165,#5166));
#1136=EDGE_LOOP('',(#5167,#5168));
#1137=EDGE_LOOP('',(#5169,#5170));
#1138=EDGE_LOOP('',(#5171,#5172));
#1139=EDGE_LOOP('',(#5173,#5174,#5175,#5176,#5177,#5178));
#1140=EDGE_LOOP('',(#5179,#5180,#5181,#5182));
#1141=EDGE_LOOP('',(#5183,#5184,#5185,#5186));
#1142=EDGE_LOOP('',(#5187,#5188,#5189,#5190));
#1143=EDGE_LOOP('',(#5191,#5192,#5193,#5194));
#1144=EDGE_LOOP('',(#5195,#5196,#5197,#5198));
#1145=EDGE_LOOP('',(#5199,#5200,#5201,#5202));
#1146=EDGE_LOOP('',(#5203,#5204,#5205,#5206));
#1147=EDGE_LOOP('',(#5207,#5208,#5209,#5210));
#1148=EDGE_LOOP('',(#5211,#5212,#5213,#5214));
#1149=EDGE_LOOP('',(#5215,#5216,#5217,#5218));
#1150=EDGE_LOOP('',(#5219,#5220,#5221,#5222));
#1151=EDGE_LOOP('',(#5223,#5224,#5225,#5226));
#1152=EDGE_LOOP('',(#5227,#5228,#5229,#5230));
#1153=EDGE_LOOP('',(#5231,#5232,#5233,#5234));
#1154=EDGE_LOOP('',(#5235,#5236,#5237,#5238));
#1155=EDGE_LOOP('',(#5239,#5240,#5241,#5242));
#1156=EDGE_LOOP('',(#5243));
#1157=EDGE_LOOP('',(#5244));
#1158=EDGE_LOOP('',(#5245,#5246,#5247,#5248));
#1159=EDGE_LOOP('',(#5249,#5250,#5251,#5252));
#1160=EDGE_LOOP('',(#5253,#5254,#5255,#5256));
#1161=EDGE_LOOP('',(#5257,#5258,#5259,#5260));
#1162=EDGE_LOOP('',(#5261,#5262,#5263,#5264));
#1163=EDGE_LOOP('',(#5265,#5266,#5267,#5268));
#1164=EDGE_LOOP('',(#5269,#5270,#5271,#5272));
#1165=EDGE_LOOP('',(#5273,#5274,#5275,#5276));
#1166=EDGE_LOOP('',(#5277,#5278,#5279,#5280));
#1167=EDGE_LOOP('',(#5281,#5282,#5283,#5284));
#1168=EDGE_LOOP('',(#5285,#5286,#5287,#5288));
#1169=EDGE_LOOP('',(#5289,#5290,#5291,#5292));
#1170=EDGE_LOOP('',(#5293,#5294,#5295,#5296));
#1171=EDGE_LOOP('',(#5297,#5298,#5299,#5300));
#1172=EDGE_LOOP('',(#5301,#5302,#5303,#5304));
#1173=EDGE_LOOP('',(#5305));
#1174=EDGE_LOOP('',(#5306));
#1175=EDGE_LOOP('',(#5307,#5308,#5309,#5310));
#1176=EDGE_LOOP('',(#5311,#5312,#5313,#5314));
#1177=EDGE_LOOP('',(#5315));
#1178=EDGE_LOOP('',(#5316));
#1179=EDGE_LOOP('',(#5317,#5318,#5319,#5320));
#1180=EDGE_LOOP('',(#5321,#5322,#5323,#5324));
#1181=EDGE_LOOP('',(#5325,#5326,#5327,#5328));
#1182=EDGE_LOOP('',(#5329,#5330,#5331,#5332));
#1183=EDGE_LOOP('',(#5333,#5334,#5335,#5336,#5337,#5338,#5339,#5340,#5341,
#5342,#5343,#5344,#5345,#5346,#5347,#5348,#5349,#5350,#5351,#5352,#5353,
#5354));
#1184=EDGE_LOOP('',(#5355));
#1185=EDGE_LOOP('',(#5356));
#1186=EDGE_LOOP('',(#5357));
#1187=EDGE_LOOP('',(#5358,#5359,#5360,#5361,#5362,#5363,#5364,#5365,#5366,
#5367,#5368,#5369,#5370,#5371,#5372,#5373,#5374,#5375,#5376,#5377,#5378,
#5379));
#1188=EDGE_LOOP('',(#5380));
#1189=EDGE_LOOP('',(#5381,#5382,#5383,#5384));
#1190=EDGE_LOOP('',(#5385,#5386,#5387,#5388));
#1191=EDGE_LOOP('',(#5389,#5390,#5391,#5392));
#1192=EDGE_LOOP('',(#5393,#5394,#5395,#5396));
#1193=EDGE_LOOP('',(#5397,#5398,#5399,#5400));
#1194=EDGE_LOOP('',(#5401,#5402,#5403,#5404));
#1195=EDGE_LOOP('',(#5405,#5406,#5407,#5408));
#1196=EDGE_LOOP('',(#5409,#5410,#5411,#5412));
#1197=EDGE_LOOP('',(#5413,#5414,#5415,#5416));
#1198=EDGE_LOOP('',(#5417,#5418,#5419,#5420));
#1199=EDGE_LOOP('',(#5421,#5422,#5423,#5424));
#1200=EDGE_LOOP('',(#5425,#5426,#5427,#5428));
#1201=EDGE_LOOP('',(#5429,#5430,#5431,#5432));
#1202=EDGE_LOOP('',(#5433,#5434,#5435,#5436,#5437,#5438,#5439,#5440,#5441,
#5442,#5443,#5444,#5445,#5446,#5447,#5448,#5449,#5450));
#1203=EDGE_LOOP('',(#5451));
#1204=EDGE_LOOP('',(#5452,#5453,#5454,#5455,#5456,#5457,#5458,#5459,#5460,
#5461,#5462,#5463,#5464,#5465,#5466,#5467,#5468,#5469));
#1205=EDGE_LOOP('',(#5470));
#1206=EDGE_LOOP('',(#5471,#5472,#5473,#5474));
#1207=EDGE_LOOP('',(#5475,#5476,#5477,#5478));
#1208=EDGE_LOOP('',(#5479,#5480,#5481,#5482));
#1209=EDGE_LOOP('',(#5483,#5484,#5485,#5486));
#1210=EDGE_LOOP('',(#5487,#5488,#5489,#5490));
#1211=EDGE_LOOP('',(#5491,#5492,#5493,#5494));
#1212=EDGE_LOOP('',(#5495,#5496,#5497,#5498,#5499,#5500,#5501,#5502,#5503,
#5504,#5505,#5506,#5507,#5508,#5509,#5510));
#1213=EDGE_LOOP('',(#5511));
#1214=EDGE_LOOP('',(#5512,#5513,#5514,#5515,#5516));
#1215=EDGE_LOOP('',(#5517,#5518,#5519,#5520));
#1216=EDGE_LOOP('',(#5521,#5522,#5523,#5524));
#1217=EDGE_LOOP('',(#5525,#5526,#5527,#5528));
#1218=EDGE_LOOP('',(#5529,#5530,#5531,#5532));
#1219=EDGE_LOOP('',(#5533,#5534,#5535,#5536));
#1220=EDGE_LOOP('',(#5537,#5538,#5539,#5540));
#1221=EDGE_LOOP('',(#5541,#5542,#5543,#5544));
#1222=EDGE_LOOP('',(#5545,#5546,#5547,#5548));
#1223=EDGE_LOOP('',(#5549,#5550,#5551,#5552));
#1224=EDGE_LOOP('',(#5553,#5554,#5555,#5556));
#1225=EDGE_LOOP('',(#5557,#5558,#5559,#5560));
#1226=EDGE_LOOP('',(#5561,#5562,#5563,#5564,#5565,#5566,#5567,#5568,#5569,
#5570,#5571,#5572));
#1227=EDGE_LOOP('',(#5573,#5574,#5575,#5576,#5577,#5578,#5579,#5580,#5581,
#5582,#5583,#5584,#5585,#5586,#5587,#5588));
#1228=EDGE_LOOP('',(#5589));
#1229=EDGE_LOOP('',(#5590,#5591,#5592,#5593));
#1230=EDGE_LOOP('',(#5594,#5595,#5596,#5597));
#1231=EDGE_LOOP('',(#5598,#5599,#5600,#5601));
#1232=EDGE_LOOP('',(#5602,#5603,#5604,#5605));
#1233=EDGE_LOOP('',(#5606,#5607,#5608,#5609));
#1234=EDGE_LOOP('',(#5610,#5611,#5612,#5613));
#1235=EDGE_LOOP('',(#5614,#5615,#5616,#5617,#5618));
#1236=EDGE_LOOP('',(#5619,#5620,#5621,#5622));
#1237=EDGE_LOOP('',(#5623,#5624,#5625,#5626));
#1238=EDGE_LOOP('',(#5627,#5628,#5629,#5630));
#1239=EDGE_LOOP('',(#5631,#5632,#5633,#5634));
#1240=EDGE_LOOP('',(#5635,#5636,#5637,#5638));
#1241=EDGE_LOOP('',(#5639,#5640,#5641,#5642,#5643,#5644,#5645,#5646,#5647,
#5648,#5649,#5650));
#1242=EDGE_LOOP('',(#5651,#5652,#5653,#5654));
#1243=EDGE_LOOP('',(#5655,#5656,#5657,#5658,#5659,#5660,#5661,#5662,#5663,
#5664,#5665,#5666));
#1244=EDGE_LOOP('',(#5667,#5668,#5669,#5670));
#1245=EDGE_LOOP('',(#5671,#5672,#5673,#5674,#5675,#5676,#5677,#5678,#5679,
#5680,#5681,#5682));
#1246=EDGE_LOOP('',(#5683,#5684,#5685,#5686,#5687,#5688,#5689,#5690,#5691,
#5692));
#1247=EDGE_LOOP('',(#5693,#5694,#5695,#5696,#5697,#5698,#5699,#5700));
#1248=EDGE_LOOP('',(#5701,#5702,#5703,#5704,#5705,#5706,#5707,#5708,#5709,
#5710,#5711,#5712,#5713,#5714,#5715,#5716,#5717,#5718,#5719,#5720,#5721,
#5722,#5723,#5724,#5725,#5726,#5727,#5728,#5729,#5730,#5731,#5732));
#1249=EDGE_LOOP('',(#5733,#5734,#5735,#5736,#5737,#5738,#5739,#5740));
#1250=EDGE_LOOP('',(#5741,#5742,#5743,#5744,#5745,#5746,#5747,#5748,#5749,
#5750));
#1251=EDGE_LOOP('',(#5751,#5752,#5753,#5754));
#1252=EDGE_LOOP('',(#5755,#5756,#5757,#5758));
#1253=EDGE_LOOP('',(#5759,#5760,#5761,#5762));
#1254=EDGE_LOOP('',(#5763,#5764,#5765,#5766));
#1255=EDGE_LOOP('',(#5767,#5768,#5769,#5770));
#1256=EDGE_LOOP('',(#5771,#5772,#5773,#5774));
#1257=EDGE_LOOP('',(#5775,#5776,#5777,#5778));
#1258=EDGE_LOOP('',(#5779,#5780,#5781,#5782));
#1259=EDGE_LOOP('',(#5783,#5784,#5785,#5786,#5787,#5788,#5789,#5790));
#1260=EDGE_LOOP('',(#5791,#5792,#5793,#5794));
#1261=EDGE_LOOP('',(#5795,#5796,#5797,#5798));
#1262=EDGE_LOOP('',(#5799,#5800,#5801,#5802));
#1263=EDGE_LOOP('',(#5803,#5804,#5805,#5806));
#1264=EDGE_LOOP('',(#5807,#5808,#5809,#5810));
#1265=EDGE_LOOP('',(#5811,#5812,#5813,#5814));
#1266=EDGE_LOOP('',(#5815,#5816,#5817,#5818));
#1267=EDGE_LOOP('',(#5819,#5820,#5821,#5822));
#1268=EDGE_LOOP('',(#5823,#5824,#5825,#5826));
#1269=EDGE_LOOP('',(#5827,#5828,#5829,#5830,#5831,#5832,#5833,#5834,#5835,
#5836,#5837,#5838,#5839,#5840,#5841,#5842,#5843,#5844,#5845,#5846,#5847,
#5848,#5849,#5850,#5851,#5852));
#1270=EDGE_LOOP('',(#5853));
#1271=EDGE_LOOP('',(#5854));
#1272=EDGE_LOOP('',(#5855));
#1273=EDGE_LOOP('',(#5856,#5857,#5858,#5859));
#1274=EDGE_LOOP('',(#5860,#5861,#5862,#5863));
#1275=EDGE_LOOP('',(#5864,#5865,#5866,#5867));
#1276=EDGE_LOOP('',(#5868,#5869,#5870,#5871));
#1277=EDGE_LOOP('',(#5872,#5873,#5874,#5875));
#1278=EDGE_LOOP('',(#5876,#5877,#5878,#5879));
#1279=EDGE_LOOP('',(#5880,#5881,#5882,#5883));
#1280=EDGE_LOOP('',(#5884,#5885,#5886,#5887));
#1281=EDGE_LOOP('',(#5888,#5889,#5890,#5891));
#1282=EDGE_LOOP('',(#5892,#5893,#5894,#5895));
#1283=EDGE_LOOP('',(#5896,#5897,#5898,#5899));
#1284=EDGE_LOOP('',(#5900,#5901,#5902,#5903,#5904,#5905,#5906,#5907));
#1285=EDGE_LOOP('',(#5908));
#1286=EDGE_LOOP('',(#5909,#5910,#5911,#5912));
#1287=EDGE_LOOP('',(#5913,#5914,#5915,#5916));
#1288=EDGE_LOOP('',(#5917,#5918,#5919,#5920));
#1289=EDGE_LOOP('',(#5921,#5922,#5923,#5924));
#1290=EDGE_LOOP('',(#5925,#5926,#5927,#5928));
#1291=EDGE_LOOP('',(#5929,#5930,#5931,#5932,#5933,#5934,#5935,#5936));
#1292=EDGE_LOOP('',(#5937,#5938,#5939,#5940));
#1293=EDGE_LOOP('',(#5941,#5942,#5943,#5944));
#1294=EDGE_LOOP('',(#5945,#5946,#5947,#5948));
#1295=EDGE_LOOP('',(#5949,#5950,#5951,#5952));
#1296=EDGE_LOOP('',(#5953,#5954,#5955,#5956));
#1297=EDGE_LOOP('',(#5957,#5958,#5959,#5960));
#1298=EDGE_LOOP('',(#5961,#5962,#5963,#5964,#5965,#5966,#5967,#5968));
#1299=EDGE_LOOP('',(#5969,#5970,#5971,#5972));
#1300=EDGE_LOOP('',(#5973,#5974,#5975,#5976));
#1301=EDGE_LOOP('',(#5977,#5978,#5979,#5980));
#1302=EDGE_LOOP('',(#5981,#5982,#5983,#5984));
#1303=EDGE_LOOP('',(#5985,#5986,#5987,#5988));
#1304=EDGE_LOOP('',(#5989,#5990,#5991,#5992));
#1305=EDGE_LOOP('',(#5993,#5994,#5995,#5996));
#1306=EDGE_LOOP('',(#5997,#5998,#5999,#6000));
#1307=EDGE_LOOP('',(#6001,#6002,#6003,#6004));
#1308=EDGE_LOOP('',(#6005,#6006,#6007,#6008));
#1309=EDGE_LOOP('',(#6009,#6010,#6011,#6012));
#1310=EDGE_LOOP('',(#6013,#6014,#6015,#6016));
#1311=EDGE_LOOP('',(#6017,#6018,#6019,#6020));
#1312=EDGE_LOOP('',(#6021,#6022,#6023,#6024,#6025,#6026,#6027,#6028,#6029,
#6030,#6031,#6032,#6033,#6034,#6035,#6036,#6037,#6038));
#1313=EDGE_LOOP('',(#6039));
#1314=EDGE_LOOP('',(#6040,#6041,#6042,#6043,#6044,#6045,#6046,#6047,#6048,
#6049,#6050,#6051,#6052,#6053,#6054,#6055,#6056,#6057));
#1315=EDGE_LOOP('',(#6058));
#1316=EDGE_LOOP('',(#6059,#6060,#6061,#6062));
#1317=EDGE_LOOP('',(#6063,#6064,#6065,#6066));
#1318=EDGE_LOOP('',(#6067,#6068,#6069,#6070));
#1319=EDGE_LOOP('',(#6071,#6072,#6073,#6074));
#1320=EDGE_LOOP('',(#6075,#6076,#6077,#6078));
#1321=EDGE_LOOP('',(#6079,#6080,#6081,#6082));
#1322=EDGE_LOOP('',(#6083,#6084,#6085,#6086));
#1323=EDGE_LOOP('',(#6087,#6088,#6089,#6090,#6091,#6092,#6093,#6094,#6095,
#6096,#6097,#6098));
#1324=EDGE_LOOP('',(#6099,#6100,#6101,#6102));
#1325=EDGE_LOOP('',(#6103,#6104,#6105,#6106,#6107,#6108,#6109,#6110,#6111,
#6112,#6113,#6114));
#1326=EDGE_LOOP('',(#6115,#6116,#6117,#6118,#6119,#6120,#6121,#6122,#6123,
#6124));
#1327=EDGE_LOOP('',(#6125,#6126,#6127,#6128,#6129,#6130,#6131,#6132));
#1328=EDGE_LOOP('',(#6133,#6134,#6135,#6136,#6137,#6138,#6139,#6140,#6141,
#6142,#6143,#6144,#6145,#6146,#6147,#6148,#6149,#6150,#6151,#6152,#6153,
#6154,#6155,#6156,#6157,#6158,#6159,#6160,#6161,#6162,#6163,#6164));
#1329=EDGE_LOOP('',(#6165,#6166,#6167,#6168,#6169,#6170,#6171,#6172));
#1330=EDGE_LOOP('',(#6173,#6174,#6175,#6176,#6177,#6178,#6179,#6180,#6181,
#6182));
#1331=EDGE_LOOP('',(#6183,#6184,#6185,#6186));
#1332=EDGE_LOOP('',(#6187,#6188,#6189,#6190));
#1333=EDGE_LOOP('',(#6191,#6192,#6193,#6194));
#1334=EDGE_LOOP('',(#6195,#6196,#6197,#6198));
#1335=EDGE_LOOP('',(#6199,#6200,#6201,#6202));
#1336=EDGE_LOOP('',(#6203,#6204,#6205,#6206));
#1337=EDGE_LOOP('',(#6207,#6208,#6209,#6210));
#1338=EDGE_LOOP('',(#6211,#6212,#6213,#6214));
#1339=EDGE_LOOP('',(#6215,#6216,#6217,#6218,#6219,#6220,#6221,#6222));
#1340=EDGE_LOOP('',(#6223,#6224,#6225,#6226));
#1341=EDGE_LOOP('',(#6227,#6228,#6229,#6230));
#1342=EDGE_LOOP('',(#6231,#6232,#6233,#6234));
#1343=EDGE_LOOP('',(#6235,#6236,#6237,#6238));
#1344=EDGE_LOOP('',(#6239,#6240,#6241,#6242));
#1345=EDGE_LOOP('',(#6243,#6244,#6245,#6246));
#1346=EDGE_LOOP('',(#6247,#6248,#6249,#6250));
#1347=EDGE_LOOP('',(#6251,#6252,#6253,#6254));
#1348=EDGE_LOOP('',(#6255,#6256,#6257,#6258));
#1349=EDGE_LOOP('',(#6259,#6260,#6261,#6262,#6263,#6264,#6265,#6266,#6267,
#6268,#6269,#6270,#6271,#6272,#6273,#6274,#6275,#6276,#6277,#6278,#6279,
#6280,#6281,#6282,#6283,#6284));
#1350=EDGE_LOOP('',(#6285));
#1351=EDGE_LOOP('',(#6286));
#1352=EDGE_LOOP('',(#6287));
#1353=EDGE_LOOP('',(#6288,#6289,#6290,#6291));
#1354=EDGE_LOOP('',(#6292,#6293,#6294,#6295));
#1355=EDGE_LOOP('',(#6296,#6297,#6298,#6299));
#1356=EDGE_LOOP('',(#6300,#6301,#6302,#6303));
#1357=EDGE_LOOP('',(#6304,#6305,#6306,#6307));
#1358=EDGE_LOOP('',(#6308,#6309,#6310,#6311));
#1359=EDGE_LOOP('',(#6312,#6313,#6314,#6315));
#1360=EDGE_LOOP('',(#6316,#6317,#6318,#6319));
#1361=EDGE_LOOP('',(#6320,#6321,#6322,#6323));
#1362=EDGE_LOOP('',(#6324,#6325,#6326,#6327));
#1363=EDGE_LOOP('',(#6328,#6329,#6330,#6331));
#1364=EDGE_LOOP('',(#6332,#6333,#6334,#6335,#6336,#6337,#6338,#6339));
#1365=EDGE_LOOP('',(#6340));
#1366=EDGE_LOOP('',(#6341,#6342,#6343,#6344));
#1367=EDGE_LOOP('',(#6345,#6346,#6347,#6348));
#1368=EDGE_LOOP('',(#6349,#6350,#6351,#6352));
#1369=EDGE_LOOP('',(#6353,#6354,#6355,#6356));
#1370=EDGE_LOOP('',(#6357,#6358,#6359,#6360));
#1371=EDGE_LOOP('',(#6361,#6362,#6363,#6364,#6365,#6366,#6367,#6368));
#1372=EDGE_LOOP('',(#6369,#6370,#6371,#6372));
#1373=EDGE_LOOP('',(#6373,#6374,#6375,#6376));
#1374=EDGE_LOOP('',(#6377,#6378,#6379,#6380));
#1375=EDGE_LOOP('',(#6381,#6382,#6383,#6384));
#1376=EDGE_LOOP('',(#6385,#6386,#6387,#6388));
#1377=EDGE_LOOP('',(#6389,#6390,#6391,#6392));
#1378=EDGE_LOOP('',(#6393,#6394,#6395,#6396,#6397,#6398,#6399,#6400));
#1379=EDGE_LOOP('',(#6401,#6402,#6403,#6404,#6405,#6406,#6407,#6408,#6409,
#6410,#6411,#6412,#6413,#6414,#6415,#6416));
#1380=EDGE_LOOP('',(#6417));
#1381=EDGE_LOOP('',(#6418,#6419,#6420,#6421,#6422));
#1382=EDGE_LOOP('',(#6423,#6424,#6425,#6426));
#1383=EDGE_LOOP('',(#6427,#6428,#6429,#6430));
#1384=EDGE_LOOP('',(#6431,#6432,#6433,#6434));
#1385=EDGE_LOOP('',(#6435,#6436,#6437,#6438));
#1386=EDGE_LOOP('',(#6439,#6440,#6441,#6442));
#1387=EDGE_LOOP('',(#6443,#6444,#6445,#6446));
#1388=EDGE_LOOP('',(#6447,#6448,#6449,#6450));
#1389=EDGE_LOOP('',(#6451,#6452,#6453,#6454));
#1390=EDGE_LOOP('',(#6455,#6456,#6457,#6458));
#1391=EDGE_LOOP('',(#6459,#6460,#6461,#6462));
#1392=EDGE_LOOP('',(#6463,#6464,#6465,#6466));
#1393=EDGE_LOOP('',(#6467,#6468,#6469,#6470,#6471,#6472,#6473,#6474,#6475,
#6476,#6477,#6478));
#1394=EDGE_LOOP('',(#6479,#6480,#6481,#6482,#6483,#6484,#6485,#6486,#6487,
#6488,#6489,#6490,#6491,#6492,#6493,#6494));
#1395=EDGE_LOOP('',(#6495));
#1396=EDGE_LOOP('',(#6496,#6497,#6498,#6499));
#1397=EDGE_LOOP('',(#6500,#6501,#6502,#6503));
#1398=EDGE_LOOP('',(#6504,#6505,#6506,#6507));
#1399=EDGE_LOOP('',(#6508,#6509,#6510,#6511));
#1400=EDGE_LOOP('',(#6512,#6513,#6514,#6515));
#1401=EDGE_LOOP('',(#6516,#6517,#6518,#6519));
#1402=EDGE_LOOP('',(#6520,#6521,#6522,#6523,#6524));
#1403=EDGE_LOOP('',(#6525,#6526,#6527,#6528));
#1404=EDGE_LOOP('',(#6529,#6530,#6531,#6532));
#1405=EDGE_LOOP('',(#6533,#6534,#6535,#6536));
#1406=EDGE_LOOP('',(#6537,#6538,#6539,#6540));
#1407=EDGE_LOOP('',(#6541,#6542,#6543,#6544));
#1408=EDGE_LOOP('',(#6545,#6546,#6547,#6548,#6549,#6550,#6551,#6552,#6553,
#6554,#6555,#6556));
#1409=LINE('',#9750,#2096);
#1410=LINE('',#9754,#2097);
#1411=LINE('',#9762,#2098);
#1412=LINE('',#9769,#2099);
#1413=LINE('',#9773,#2100);
#1414=LINE('',#9775,#2101);
#1415=LINE('',#9782,#2102);
#1416=LINE('',#9792,#2103);
#1417=LINE('',#9795,#2104);
#1418=LINE('',#9798,#2105);
#1419=LINE('',#9841,#2106);
#1420=LINE('',#9843,#2107);
#1421=LINE('',#9845,#2108);
#1422=LINE('',#9847,#2109);
#1423=LINE('',#9849,#2110);
#1424=LINE('',#9850,#2111);
#1425=LINE('',#9852,#2112);
#1426=LINE('',#9853,#2113);
#1427=LINE('',#9855,#2114);
#1428=LINE('',#9857,#2115);
#1429=LINE('',#9859,#2116);
#1430=LINE('',#9861,#2117);
#1431=LINE('',#9869,#2118);
#1432=LINE('',#9879,#2119);
#1433=LINE('',#9882,#2120);
#1434=LINE('',#9885,#2121);
#1435=LINE('',#9928,#2122);
#1436=LINE('',#9930,#2123);
#1437=LINE('',#9932,#2124);
#1438=LINE('',#9934,#2125);
#1439=LINE('',#9936,#2126);
#1440=LINE('',#9937,#2127);
#1441=LINE('',#9939,#2128);
#1442=LINE('',#9940,#2129);
#1443=LINE('',#9942,#2130);
#1444=LINE('',#9944,#2131);
#1445=LINE('',#9946,#2132);
#1446=LINE('',#9948,#2133);
#1447=LINE('',#9959,#2134);
#1448=LINE('',#9961,#2135);
#1449=LINE('',#9963,#2136);
#1450=LINE('',#9964,#2137);
#1451=LINE('',#9968,#2138);
#1452=LINE('',#9972,#2139);
#1453=LINE('',#9977,#2140);
#1454=LINE('',#9978,#2141);
#1455=LINE('',#9979,#2142);
#1456=LINE('',#9984,#2143);
#1457=LINE('',#9988,#2144);
#1458=LINE('',#9990,#2145);
#1459=LINE('',#9991,#2146);
#1460=LINE('',#9996,#2147);
#1461=LINE('',#10000,#2148);
#1462=LINE('',#10010,#2149);
#1463=LINE('',#10016,#2150);
#1464=LINE('',#10027,#2151);
#1465=LINE('',#10030,#2152);
#1466=LINE('',#10035,#2153);
#1467=LINE('',#10052,#2154);
#1468=LINE('',#10057,#2155);
#1469=LINE('',#10062,#2156);
#1470=LINE('',#10067,#2157);
#1471=LINE('',#10072,#2158);
#1472=LINE('',#10076,#2159);
#1473=LINE('',#10080,#2160);
#1474=LINE('',#10085,#2161);
#1475=LINE('',#10089,#2162);
#1476=LINE('',#10093,#2163);
#1477=LINE('',#10096,#2164);
#1478=LINE('',#10108,#2165);
#1479=LINE('',#10111,#2166);
#1480=LINE('',#10113,#2167);
#1481=LINE('',#10114,#2168);
#1482=LINE('',#10117,#2169);
#1483=LINE('',#10118,#2170);
#1484=LINE('',#10126,#2171);
#1485=LINE('',#10129,#2172);
#1486=LINE('',#10131,#2173);
#1487=LINE('',#10132,#2174);
#1488=LINE('',#10137,#2175);
#1489=LINE('',#10141,#2176);
#1490=LINE('',#10147,#2177);
#1491=LINE('',#10151,#2178);
#1492=LINE('',#10195,#2179);
#1493=LINE('',#10200,#2180);
#1494=LINE('',#10201,#2181);
#1495=LINE('',#10202,#2182);
#1496=LINE('',#10208,#2183);
#1497=LINE('',#10210,#2184);
#1498=LINE('',#10212,#2185);
#1499=LINE('',#10214,#2186);
#1500=LINE('',#10221,#2187);
#1501=LINE('',#10224,#2188);
#1502=LINE('',#10230,#2189);
#1503=LINE('',#10231,#2190);
#1504=LINE('',#10235,#2191);
#1505=LINE('',#10238,#2192);
#1506=LINE('',#10239,#2193);
#1507=LINE('',#10244,#2194);
#1508=LINE('',#10249,#2195);
#1509=LINE('',#10250,#2196);
#1510=LINE('',#10251,#2197);
#1511=LINE('',#10256,#2198);
#1512=LINE('',#10260,#2199);
#1513=LINE('',#10262,#2200);
#1514=LINE('',#10263,#2201);
#1515=LINE('',#10267,#2202);
#1516=LINE('',#10270,#2203);
#1517=LINE('',#10273,#2204);
#1518=LINE('',#10284,#2205);
#1519=LINE('',#10290,#2206);
#1520=LINE('',#10301,#2207);
#1521=LINE('',#10306,#2208);
#1522=LINE('',#10326,#2209);
#1523=LINE('',#10334,#2210);
#1524=LINE('',#10337,#2211);
#1525=LINE('',#10342,#2212);
#1526=LINE('',#10346,#2213);
#1527=LINE('',#10350,#2214);
#1528=LINE('',#10355,#2215);
#1529=LINE('',#10359,#2216);
#1530=LINE('',#10363,#2217);
#1531=LINE('',#10366,#2218);
#1532=LINE('',#10373,#2219);
#1533=LINE('',#10374,#2220);
#1534=LINE('',#10377,#2221);
#1535=LINE('',#10378,#2222);
#1536=LINE('',#10381,#2223);
#1537=LINE('',#10384,#2224);
#1538=LINE('',#10387,#2225);
#1539=LINE('',#10388,#2226);
#1540=LINE('',#10399,#2227);
#1541=LINE('',#10401,#2228);
#1542=LINE('',#10403,#2229);
#1543=LINE('',#10407,#2230);
#1544=LINE('',#10410,#2231);
#1545=LINE('',#10417,#2232);
#1546=LINE('',#10427,#2233);
#1547=LINE('',#10430,#2234);
#1548=LINE('',#10433,#2235);
#1549=LINE('',#10476,#2236);
#1550=LINE('',#10478,#2237);
#1551=LINE('',#10480,#2238);
#1552=LINE('',#10482,#2239);
#1553=LINE('',#10484,#2240);
#1554=LINE('',#10485,#2241);
#1555=LINE('',#10487,#2242);
#1556=LINE('',#10488,#2243);
#1557=LINE('',#10490,#2244);
#1558=LINE('',#10492,#2245);
#1559=LINE('',#10494,#2246);
#1560=LINE('',#10496,#2247);
#1561=LINE('',#10503,#2248);
#1562=LINE('',#10509,#2249);
#1563=LINE('',#10514,#2250);
#1564=LINE('',#10518,#2251);
#1565=LINE('',#10523,#2252);
#1566=LINE('',#10530,#2253);
#1567=LINE('',#10533,#2254);
#1568=LINE('',#10538,#2255);
#1569=LINE('',#10544,#2256);
#1570=LINE('',#10549,#2257);
#1571=LINE('',#10553,#2258);
#1572=LINE('',#10559,#2259);
#1573=LINE('',#10561,#2260);
#1574=LINE('',#10563,#2261);
#1575=LINE('',#10564,#2262);
#1576=LINE('',#10568,#2263);
#1577=LINE('',#10570,#2264);
#1578=LINE('',#10572,#2265);
#1579=LINE('',#10573,#2266);
#1580=LINE('',#10577,#2267);
#1581=LINE('',#10579,#2268);
#1582=LINE('',#10581,#2269);
#1583=LINE('',#10582,#2270);
#1584=LINE('',#10586,#2271);
#1585=LINE('',#10588,#2272);
#1586=LINE('',#10590,#2273);
#1587=LINE('',#10591,#2274);
#1588=LINE('',#10595,#2275);
#1589=LINE('',#10597,#2276);
#1590=LINE('',#10599,#2277);
#1591=LINE('',#10600,#2278);
#1592=LINE('',#10604,#2279);
#1593=LINE('',#10606,#2280);
#1594=LINE('',#10608,#2281);
#1595=LINE('',#10609,#2282);
#1596=LINE('',#10613,#2283);
#1597=LINE('',#10615,#2284);
#1598=LINE('',#10617,#2285);
#1599=LINE('',#10618,#2286);
#1600=LINE('',#10622,#2287);
#1601=LINE('',#10624,#2288);
#1602=LINE('',#10626,#2289);
#1603=LINE('',#10627,#2290);
#1604=LINE('',#10631,#2291);
#1605=LINE('',#10635,#2292);
#1606=LINE('',#10640,#2293);
#1607=LINE('',#10642,#2294);
#1608=LINE('',#10644,#2295);
#1609=LINE('',#10645,#2296);
#1610=LINE('',#10647,#2297);
#1611=LINE('',#10648,#2298);
#1612=LINE('',#10650,#2299);
#1613=LINE('',#10651,#2300);
#1614=LINE('',#10653,#2301);
#1615=LINE('',#10654,#2302);
#1616=LINE('',#10656,#2303);
#1617=LINE('',#10657,#2304);
#1618=LINE('',#10659,#2305);
#1619=LINE('',#10660,#2306);
#1620=LINE('',#10662,#2307);
#1621=LINE('',#10663,#2308);
#1622=LINE('',#10665,#2309);
#1623=LINE('',#10666,#2310);
#1624=LINE('',#10668,#2311);
#1625=LINE('',#10669,#2312);
#1626=LINE('',#10671,#2313);
#1627=LINE('',#10672,#2314);
#1628=LINE('',#10674,#2315);
#1629=LINE('',#10675,#2316);
#1630=LINE('',#10677,#2317);
#1631=LINE('',#10678,#2318);
#1632=LINE('',#10687,#2319);
#1633=LINE('',#10694,#2320);
#1634=LINE('',#10697,#2321);
#1635=LINE('',#10703,#2322);
#1636=LINE('',#10706,#2323);
#1637=LINE('',#10709,#2324);
#1638=LINE('',#10711,#2325);
#1639=LINE('',#10712,#2326);
#1640=LINE('',#10716,#2327);
#1641=LINE('',#10718,#2328);
#1642=LINE('',#10720,#2329);
#1643=LINE('',#10721,#2330);
#1644=LINE('',#10725,#2331);
#1645=LINE('',#10727,#2332);
#1646=LINE('',#10729,#2333);
#1647=LINE('',#10730,#2334);
#1648=LINE('',#10734,#2335);
#1649=LINE('',#10736,#2336);
#1650=LINE('',#10738,#2337);
#1651=LINE('',#10739,#2338);
#1652=LINE('',#10743,#2339);
#1653=LINE('',#10745,#2340);
#1654=LINE('',#10747,#2341);
#1655=LINE('',#10748,#2342);
#1656=LINE('',#10752,#2343);
#1657=LINE('',#10754,#2344);
#1658=LINE('',#10756,#2345);
#1659=LINE('',#10757,#2346);
#1660=LINE('',#10760,#2347);
#1661=LINE('',#10762,#2348);
#1662=LINE('',#10763,#2349);
#1663=LINE('',#10766,#2350);
#1664=LINE('',#10768,#2351);
#1665=LINE('',#10769,#2352);
#1666=LINE('',#10772,#2353);
#1667=LINE('',#10774,#2354);
#1668=LINE('',#10775,#2355);
#1669=LINE('',#10777,#2356);
#1670=LINE('',#10778,#2357);
#1671=LINE('',#10780,#2358);
#1672=LINE('',#10781,#2359);
#1673=LINE('',#10782,#2360);
#1674=LINE('',#10783,#2361);
#1675=LINE('',#10784,#2362);
#1676=LINE('',#10785,#2363);
#1677=LINE('',#10787,#2364);
#1678=LINE('',#10788,#2365);
#1679=LINE('',#10789,#2366);
#1680=LINE('',#10790,#2367);
#1681=LINE('',#10791,#2368);
#1682=LINE('',#10792,#2369);
#1683=LINE('',#10832,#2370);
#1684=LINE('',#10834,#2371);
#1685=LINE('',#10835,#2372);
#1686=LINE('',#10838,#2373);
#1687=LINE('',#10839,#2374);
#1688=LINE('',#10842,#2375);
#1689=LINE('',#10843,#2376);
#1690=LINE('',#10846,#2377);
#1691=LINE('',#10847,#2378);
#1692=LINE('',#10850,#2379);
#1693=LINE('',#10851,#2380);
#1694=LINE('',#10854,#2381);
#1695=LINE('',#10855,#2382);
#1696=LINE('',#10858,#2383);
#1697=LINE('',#10859,#2384);
#1698=LINE('',#10862,#2385);
#1699=LINE('',#10863,#2386);
#1700=LINE('',#10866,#2387);
#1701=LINE('',#10867,#2388);
#1702=LINE('',#10870,#2389);
#1703=LINE('',#10871,#2390);
#1704=LINE('',#10874,#2391);
#1705=LINE('',#10875,#2392);
#1706=LINE('',#10877,#2393);
#1707=LINE('',#10912,#2394);
#1708=LINE('',#10914,#2395);
#1709=LINE('',#10915,#2396);
#1710=LINE('',#10918,#2397);
#1711=LINE('',#10919,#2398);
#1712=LINE('',#10922,#2399);
#1713=LINE('',#10923,#2400);
#1714=LINE('',#10926,#2401);
#1715=LINE('',#10927,#2402);
#1716=LINE('',#10930,#2403);
#1717=LINE('',#10931,#2404);
#1718=LINE('',#10934,#2405);
#1719=LINE('',#10935,#2406);
#1720=LINE('',#10938,#2407);
#1721=LINE('',#10939,#2408);
#1722=LINE('',#10942,#2409);
#1723=LINE('',#10943,#2410);
#1724=LINE('',#10946,#2411);
#1725=LINE('',#10947,#2412);
#1726=LINE('',#10950,#2413);
#1727=LINE('',#10951,#2414);
#1728=LINE('',#10954,#2415);
#1729=LINE('',#10955,#2416);
#1730=LINE('',#10957,#2417);
#1731=LINE('',#10964,#2418);
#1732=LINE('',#10967,#2419);
#1733=LINE('',#10973,#2420);
#1734=LINE('',#10977,#2421);
#1735=LINE('',#10981,#2422);
#1736=LINE('',#10985,#2423);
#1737=LINE('',#10988,#2424);
#1738=LINE('',#10994,#2425);
#1739=LINE('',#11001,#2426);
#1740=LINE('',#11006,#2427);
#1741=LINE('',#11010,#2428);
#1742=LINE('',#11014,#2429);
#1743=LINE('',#11017,#2430);
#1744=LINE('',#11020,#2431);
#1745=LINE('',#11022,#2432);
#1746=LINE('',#11024,#2433);
#1747=LINE('',#11026,#2434);
#1748=LINE('',#11028,#2435);
#1749=LINE('',#11030,#2436);
#1750=LINE('',#11032,#2437);
#1751=LINE('',#11033,#2438);
#1752=LINE('',#11036,#2439);
#1753=LINE('',#11038,#2440);
#1754=LINE('',#11040,#2441);
#1755=LINE('',#11042,#2442);
#1756=LINE('',#11044,#2443);
#1757=LINE('',#11046,#2444);
#1758=LINE('',#11047,#2445);
#1759=LINE('',#11050,#2446);
#1760=LINE('',#11051,#2447);
#1761=LINE('',#11053,#2448);
#1762=LINE('',#11054,#2449);
#1763=LINE('',#11056,#2450);
#1764=LINE('',#11058,#2451);
#1765=LINE('',#11060,#2452);
#1766=LINE('',#11062,#2453);
#1767=LINE('',#11064,#2454);
#1768=LINE('',#11068,#2455);
#1769=LINE('',#11070,#2456);
#1770=LINE('',#11072,#2457);
#1771=LINE('',#11076,#2458);
#1772=LINE('',#11078,#2459);
#1773=LINE('',#11080,#2460);
#1774=LINE('',#11084,#2461);
#1775=LINE('',#11086,#2462);
#1776=LINE('',#11088,#2463);
#1777=LINE('',#11092,#2464);
#1778=LINE('',#11093,#2465);
#1779=LINE('',#11095,#2466);
#1780=LINE('',#11097,#2467);
#1781=LINE('',#11100,#2468);
#1782=LINE('',#11103,#2469);
#1783=LINE('',#11105,#2470);
#1784=LINE('',#11107,#2471);
#1785=LINE('',#11109,#2472);
#1786=LINE('',#11111,#2473);
#1787=LINE('',#11113,#2474);
#1788=LINE('',#11114,#2475);
#1789=LINE('',#11116,#2476);
#1790=LINE('',#11118,#2477);
#1791=LINE('',#11120,#2478);
#1792=LINE('',#11122,#2479);
#1793=LINE('',#11124,#2480);
#1794=LINE('',#11126,#2481);
#1795=LINE('',#11127,#2482);
#1796=LINE('',#11131,#2483);
#1797=LINE('',#11132,#2484);
#1798=LINE('',#11133,#2485);
#1799=LINE('',#11137,#2486);
#1800=LINE('',#11140,#2487);
#1801=LINE('',#11141,#2488);
#1802=LINE('',#11144,#2489);
#1803=LINE('',#11145,#2490);
#1804=LINE('',#11148,#2491);
#1805=LINE('',#11149,#2492);
#1806=LINE('',#11153,#2493);
#1807=LINE('',#11156,#2494);
#1808=LINE('',#11157,#2495);
#1809=LINE('',#11160,#2496);
#1810=LINE('',#11162,#2497);
#1811=LINE('',#11163,#2498);
#1812=LINE('',#11166,#2499);
#1813=LINE('',#11168,#2500);
#1814=LINE('',#11169,#2501);
#1815=LINE('',#11171,#2502);
#1816=LINE('',#11173,#2503);
#1817=LINE('',#11174,#2504);
#1818=LINE('',#11178,#2505);
#1819=LINE('',#11179,#2506);
#1820=LINE('',#11180,#2507);
#1821=LINE('',#11183,#2508);
#1822=LINE('',#11185,#2509);
#1823=LINE('',#11186,#2510);
#1824=LINE('',#11190,#2511);
#1825=LINE('',#11193,#2512);
#1826=LINE('',#11194,#2513);
#1827=LINE('',#11197,#2514);
#1828=LINE('',#11198,#2515);
#1829=LINE('',#11201,#2516);
#1830=LINE('',#11202,#2517);
#1831=LINE('',#11206,#2518);
#1832=LINE('',#11209,#2519);
#1833=LINE('',#11210,#2520);
#1834=LINE('',#11212,#2521);
#1835=LINE('',#11214,#2522);
#1836=LINE('',#11215,#2523);
#1837=LINE('',#11216,#2524);
#1838=LINE('',#11217,#2525);
#1839=LINE('',#11218,#2526);
#1840=LINE('',#11219,#2527);
#1841=LINE('',#11228,#2528);
#1842=LINE('',#11229,#2529);
#1843=LINE('',#11232,#2530);
#1844=LINE('',#11233,#2531);
#1845=LINE('',#11235,#2532);
#1846=LINE('',#11237,#2533);
#1847=LINE('',#11239,#2534);
#1848=LINE('',#11243,#2535);
#1849=LINE('',#11244,#2536);
#1850=LINE('',#11246,#2537);
#1851=LINE('',#11248,#2538);
#1852=LINE('',#11251,#2539);
#1853=LINE('',#11252,#2540);
#1854=LINE('',#11254,#2541);
#1855=LINE('',#11258,#2542);
#1856=LINE('',#11261,#2543);
#1857=LINE('',#11264,#2544);
#1858=LINE('',#11265,#2545);
#1859=LINE('',#11267,#2546);
#1860=LINE('',#11269,#2547);
#1861=LINE('',#11272,#2548);
#1862=LINE('',#11273,#2549);
#1863=LINE('',#11275,#2550);
#1864=LINE('',#11281,#2551);
#1865=LINE('',#11288,#2552);
#1866=LINE('',#11291,#2553);
#1867=LINE('',#11297,#2554);
#1868=LINE('',#11300,#2555);
#1869=LINE('',#11303,#2556);
#1870=LINE('',#11305,#2557);
#1871=LINE('',#11306,#2558);
#1872=LINE('',#11310,#2559);
#1873=LINE('',#11312,#2560);
#1874=LINE('',#11314,#2561);
#1875=LINE('',#11315,#2562);
#1876=LINE('',#11319,#2563);
#1877=LINE('',#11321,#2564);
#1878=LINE('',#11323,#2565);
#1879=LINE('',#11324,#2566);
#1880=LINE('',#11328,#2567);
#1881=LINE('',#11330,#2568);
#1882=LINE('',#11332,#2569);
#1883=LINE('',#11333,#2570);
#1884=LINE('',#11337,#2571);
#1885=LINE('',#11339,#2572);
#1886=LINE('',#11341,#2573);
#1887=LINE('',#11342,#2574);
#1888=LINE('',#11346,#2575);
#1889=LINE('',#11348,#2576);
#1890=LINE('',#11350,#2577);
#1891=LINE('',#11351,#2578);
#1892=LINE('',#11354,#2579);
#1893=LINE('',#11356,#2580);
#1894=LINE('',#11357,#2581);
#1895=LINE('',#11360,#2582);
#1896=LINE('',#11362,#2583);
#1897=LINE('',#11363,#2584);
#1898=LINE('',#11366,#2585);
#1899=LINE('',#11368,#2586);
#1900=LINE('',#11369,#2587);
#1901=LINE('',#11371,#2588);
#1902=LINE('',#11372,#2589);
#1903=LINE('',#11374,#2590);
#1904=LINE('',#11375,#2591);
#1905=LINE('',#11376,#2592);
#1906=LINE('',#11377,#2593);
#1907=LINE('',#11378,#2594);
#1908=LINE('',#11379,#2595);
#1909=LINE('',#11381,#2596);
#1910=LINE('',#11382,#2597);
#1911=LINE('',#11383,#2598);
#1912=LINE('',#11384,#2599);
#1913=LINE('',#11385,#2600);
#1914=LINE('',#11386,#2601);
#1915=LINE('',#11398,#2602);
#1916=LINE('',#11401,#2603);
#1917=LINE('',#11407,#2604);
#1918=LINE('',#11412,#2605);
#1919=LINE('',#11416,#2606);
#1920=LINE('',#11420,#2607);
#1921=LINE('',#11423,#2608);
#1922=LINE('',#11428,#2609);
#1923=LINE('',#11435,#2610);
#1924=LINE('',#11439,#2611);
#1925=LINE('',#11443,#2612);
#1926=LINE('',#11447,#2613);
#1927=LINE('',#11450,#2614);
#1928=LINE('',#11454,#2615);
#1929=LINE('',#11456,#2616);
#1930=LINE('',#11458,#2617);
#1931=LINE('',#11460,#2618);
#1932=LINE('',#11462,#2619);
#1933=LINE('',#11464,#2620);
#1934=LINE('',#11466,#2621);
#1935=LINE('',#11467,#2622);
#1936=LINE('',#11470,#2623);
#1937=LINE('',#11472,#2624);
#1938=LINE('',#11474,#2625);
#1939=LINE('',#11476,#2626);
#1940=LINE('',#11478,#2627);
#1941=LINE('',#11480,#2628);
#1942=LINE('',#11481,#2629);
#1943=LINE('',#11484,#2630);
#1944=LINE('',#11486,#2631);
#1945=LINE('',#11490,#2632);
#1946=LINE('',#11491,#2633);
#1947=LINE('',#11493,#2634);
#1948=LINE('',#11495,#2635);
#1949=LINE('',#11499,#2636);
#1950=LINE('',#11501,#2637);
#1951=LINE('',#11503,#2638);
#1952=LINE('',#11507,#2639);
#1953=LINE('',#11509,#2640);
#1954=LINE('',#11511,#2641);
#1955=LINE('',#11515,#2642);
#1956=LINE('',#11517,#2643);
#1957=LINE('',#11519,#2644);
#1958=LINE('',#11523,#2645);
#1959=LINE('',#11525,#2646);
#1960=LINE('',#11527,#2647);
#1961=LINE('',#11529,#2648);
#1962=LINE('',#11530,#2649);
#1963=LINE('',#11532,#2650);
#1964=LINE('',#11533,#2651);
#1965=LINE('',#11534,#2652);
#1966=LINE('',#11537,#2653);
#1967=LINE('',#11539,#2654);
#1968=LINE('',#11541,#2655);
#1969=LINE('',#11543,#2656);
#1970=LINE('',#11545,#2657);
#1971=LINE('',#11547,#2658);
#1972=LINE('',#11548,#2659);
#1973=LINE('',#11550,#2660);
#1974=LINE('',#11552,#2661);
#1975=LINE('',#11554,#2662);
#1976=LINE('',#11556,#2663);
#1977=LINE('',#11558,#2664);
#1978=LINE('',#11560,#2665);
#1979=LINE('',#11561,#2666);
#1980=LINE('',#11565,#2667);
#1981=LINE('',#11566,#2668);
#1982=LINE('',#11567,#2669);
#1983=LINE('',#11571,#2670);
#1984=LINE('',#11574,#2671);
#1985=LINE('',#11575,#2672);
#1986=LINE('',#11578,#2673);
#1987=LINE('',#11579,#2674);
#1988=LINE('',#11582,#2675);
#1989=LINE('',#11583,#2676);
#1990=LINE('',#11587,#2677);
#1991=LINE('',#11590,#2678);
#1992=LINE('',#11591,#2679);
#1993=LINE('',#11594,#2680);
#1994=LINE('',#11596,#2681);
#1995=LINE('',#11597,#2682);
#1996=LINE('',#11600,#2683);
#1997=LINE('',#11602,#2684);
#1998=LINE('',#11604,#2685);
#1999=LINE('',#11605,#2686);
#2000=LINE('',#11607,#2687);
#2001=LINE('',#11608,#2688);
#2002=LINE('',#11612,#2689);
#2003=LINE('',#11613,#2690);
#2004=LINE('',#11614,#2691);
#2005=LINE('',#11617,#2692);
#2006=LINE('',#11619,#2693);
#2007=LINE('',#11620,#2694);
#2008=LINE('',#11624,#2695);
#2009=LINE('',#11627,#2696);
#2010=LINE('',#11628,#2697);
#2011=LINE('',#11631,#2698);
#2012=LINE('',#11632,#2699);
#2013=LINE('',#11635,#2700);
#2014=LINE('',#11636,#2701);
#2015=LINE('',#11640,#2702);
#2016=LINE('',#11643,#2703);
#2017=LINE('',#11644,#2704);
#2018=LINE('',#11646,#2705);
#2019=LINE('',#11648,#2706);
#2020=LINE('',#11649,#2707);
#2021=LINE('',#11650,#2708);
#2022=LINE('',#11651,#2709);
#2023=LINE('',#11652,#2710);
#2024=LINE('',#11653,#2711);
#2025=LINE('',#11662,#2712);
#2026=LINE('',#11663,#2713);
#2027=LINE('',#11666,#2714);
#2028=LINE('',#11667,#2715);
#2029=LINE('',#11669,#2716);
#2030=LINE('',#11671,#2717);
#2031=LINE('',#11673,#2718);
#2032=LINE('',#11677,#2719);
#2033=LINE('',#11678,#2720);
#2034=LINE('',#11680,#2721);
#2035=LINE('',#11682,#2722);
#2036=LINE('',#11685,#2723);
#2037=LINE('',#11686,#2724);
#2038=LINE('',#11688,#2725);
#2039=LINE('',#11692,#2726);
#2040=LINE('',#11695,#2727);
#2041=LINE('',#11698,#2728);
#2042=LINE('',#11699,#2729);
#2043=LINE('',#11701,#2730);
#2044=LINE('',#11703,#2731);
#2045=LINE('',#11706,#2732);
#2046=LINE('',#11707,#2733);
#2047=LINE('',#11709,#2734);
#2048=LINE('',#11744,#2735);
#2049=LINE('',#11746,#2736);
#2050=LINE('',#11747,#2737);
#2051=LINE('',#11750,#2738);
#2052=LINE('',#11751,#2739);
#2053=LINE('',#11754,#2740);
#2054=LINE('',#11755,#2741);
#2055=LINE('',#11758,#2742);
#2056=LINE('',#11759,#2743);
#2057=LINE('',#11762,#2744);
#2058=LINE('',#11763,#2745);
#2059=LINE('',#11766,#2746);
#2060=LINE('',#11767,#2747);
#2061=LINE('',#11770,#2748);
#2062=LINE('',#11771,#2749);
#2063=LINE('',#11774,#2750);
#2064=LINE('',#11775,#2751);
#2065=LINE('',#11778,#2752);
#2066=LINE('',#11779,#2753);
#2067=LINE('',#11782,#2754);
#2068=LINE('',#11783,#2755);
#2069=LINE('',#11786,#2756);
#2070=LINE('',#11787,#2757);
#2071=LINE('',#11789,#2758);
#2072=LINE('',#11824,#2759);
#2073=LINE('',#11826,#2760);
#2074=LINE('',#11827,#2761);
#2075=LINE('',#11830,#2762);
#2076=LINE('',#11831,#2763);
#2077=LINE('',#11834,#2764);
#2078=LINE('',#11835,#2765);
#2079=LINE('',#11838,#2766);
#2080=LINE('',#11839,#2767);
#2081=LINE('',#11842,#2768);
#2082=LINE('',#11843,#2769);
#2083=LINE('',#11846,#2770);
#2084=LINE('',#11847,#2771);
#2085=LINE('',#11850,#2772);
#2086=LINE('',#11851,#2773);
#2087=LINE('',#11854,#2774);
#2088=LINE('',#11855,#2775);
#2089=LINE('',#11858,#2776);
#2090=LINE('',#11859,#2777);
#2091=LINE('',#11862,#2778);
#2092=LINE('',#11863,#2779);
#2093=LINE('',#11866,#2780);
#2094=LINE('',#11867,#2781);
#2095=LINE('',#11869,#2782);
#2096=VECTOR('',#7752,2.64999999999999);
#2097=VECTOR('',#7757,2.5);
#2098=VECTOR('',#7768,2.65000000000001);
#2099=VECTOR('',#7777,3.89999999999999);
#2100=VECTOR('',#7782,3.99999999999999);
#2101=VECTOR('',#7785,3.89999999999998);
#2102=VECTOR('',#7792,2.5);
#2103=VECTOR('',#7805,4.25);
#2104=VECTOR('',#7810,4.25);
#2105=VECTOR('',#7813,1.9);
#2106=VECTOR('',#7846,1000.);
#2107=VECTOR('',#7847,1000.);
#2108=VECTOR('',#7848,1000.);
#2109=VECTOR('',#7849,1000.);
#2110=VECTOR('',#7850,1000.);
#2111=VECTOR('',#7851,1000.);
#2112=VECTOR('',#7854,1000.);
#2113=VECTOR('',#7855,1000.);
#2114=VECTOR('',#7858,1000.);
#2115=VECTOR('',#7861,1000.);
#2116=VECTOR('',#7864,1000.);
#2117=VECTOR('',#7867,1000.);
#2118=VECTOR('',#7876,2.5);
#2119=VECTOR('',#7889,4.25);
#2120=VECTOR('',#7894,4.25);
#2121=VECTOR('',#7897,1.9);
#2122=VECTOR('',#7930,1000.);
#2123=VECTOR('',#7931,1000.);
#2124=VECTOR('',#7932,1000.);
#2125=VECTOR('',#7933,1000.);
#2126=VECTOR('',#7934,1000.);
#2127=VECTOR('',#7935,1000.);
#2128=VECTOR('',#7938,1000.);
#2129=VECTOR('',#7939,1000.);
#2130=VECTOR('',#7942,1000.);
#2131=VECTOR('',#7945,1000.);
#2132=VECTOR('',#7948,1000.);
#2133=VECTOR('',#7951,1000.);
#2134=VECTOR('',#7968,10.);
#2135=VECTOR('',#7969,10.);
#2136=VECTOR('',#7970,10.);
#2137=VECTOR('',#7971,10.);
#2138=VECTOR('',#7974,10.);
#2139=VECTOR('',#7977,10.);
#2140=VECTOR('',#7982,10.);
#2141=VECTOR('',#7983,10.);
#2142=VECTOR('',#7984,10.);
#2143=VECTOR('',#7989,10.);
#2144=VECTOR('',#7994,10.);
#2145=VECTOR('',#7995,10.);
#2146=VECTOR('',#7996,10.);
#2147=VECTOR('',#8001,10.);
#2148=VECTOR('',#8006,10.);
#2149=VECTOR('',#8009,10.);
#2150=VECTOR('',#8012,10.);
#2151=VECTOR('',#8015,10.);
#2152=VECTOR('',#8018,10.);
#2153=VECTOR('',#8019,10.);
#2154=VECTOR('',#8022,10.);
#2155=VECTOR('',#8027,1.65);
#2156=VECTOR('',#8034,1.55);
#2157=VECTOR('',#8039,1.65);
#2158=VECTOR('',#8046,1.55);
#2159=VECTOR('',#8051,1.65);
#2160=VECTOR('',#8054,10.);
#2161=VECTOR('',#8061,1.65);
#2162=VECTOR('',#8064,10.);
#2163=VECTOR('',#8069,10.);
#2164=VECTOR('',#8072,10.);
#2165=VECTOR('',#8083,10.);
#2166=VECTOR('',#8086,10.);
#2167=VECTOR('',#8089,10.);
#2168=VECTOR('',#8090,10.);
#2169=VECTOR('',#8093,10.);
#2170=VECTOR('',#8094,10.);
#2171=VECTOR('',#8099,10.);
#2172=VECTOR('',#8102,10.);
#2173=VECTOR('',#8103,10.);
#2174=VECTOR('',#8104,10.);
#2175=VECTOR('',#8109,2.65);
#2176=VECTOR('',#8114,2.55);
#2177=VECTOR('',#8121,2.65);
#2178=VECTOR('',#8126,2.55);
#2179=VECTOR('',#8133,10.);
#2180=VECTOR('',#8138,10.);
#2181=VECTOR('',#8139,10.);
#2182=VECTOR('',#8140,10.);
#2183=VECTOR('',#8149,10.);
#2184=VECTOR('',#8150,10.);
#2185=VECTOR('',#8151,10.);
#2186=VECTOR('',#8152,10.);
#2187=VECTOR('',#8157,2.65);
#2188=VECTOR('',#8160,10.);
#2189=VECTOR('',#8161,10.);
#2190=VECTOR('',#8162,10.);
#2191=VECTOR('',#8167,2.65);
#2192=VECTOR('',#8170,10.);
#2193=VECTOR('',#8171,10.);
#2194=VECTOR('',#8176,10.);
#2195=VECTOR('',#8181,10.);
#2196=VECTOR('',#8182,10.);
#2197=VECTOR('',#8183,10.);
#2198=VECTOR('',#8188,10.);
#2199=VECTOR('',#8193,10.);
#2200=VECTOR('',#8194,10.);
#2201=VECTOR('',#8195,10.);
#2202=VECTOR('',#8200,10.);
#2203=VECTOR('',#8205,10.);
#2204=VECTOR('',#8208,10.);
#2205=VECTOR('',#8213,10.);
#2206=VECTOR('',#8216,10.);
#2207=VECTOR('',#8219,10.);
#2208=VECTOR('',#8220,10.);
#2209=VECTOR('',#8227,1.65);
#2210=VECTOR('',#8238,1.55);
#2211=VECTOR('',#8241,1.65);
#2212=VECTOR('',#8248,1.55);
#2213=VECTOR('',#8253,1.65);
#2214=VECTOR('',#8256,10.);
#2215=VECTOR('',#8263,1.65);
#2216=VECTOR('',#8266,10.);
#2217=VECTOR('',#8271,10.);
#2218=VECTOR('',#8274,10.);
#2219=VECTOR('',#8285,10.);
#2220=VECTOR('',#8286,10.);
#2221=VECTOR('',#8289,10.);
#2222=VECTOR('',#8290,10.);
#2223=VECTOR('',#8293,10.);
#2224=VECTOR('',#8298,10.);
#2225=VECTOR('',#8301,10.);
#2226=VECTOR('',#8302,10.);
#2227=VECTOR('',#8317,10.);
#2228=VECTOR('',#8320,10.);
#2229=VECTOR('',#8323,10.);
#2230=VECTOR('',#8328,1.50725);
#2231=VECTOR('',#8333,1.2645);
#2232=VECTOR('',#8340,1.5);
#2233=VECTOR('',#8353,2.75);
#2234=VECTOR('',#8358,2.75);
#2235=VECTOR('',#8361,1.125);
#2236=VECTOR('',#8394,1000.);
#2237=VECTOR('',#8395,1000.);
#2238=VECTOR('',#8396,1000.);
#2239=VECTOR('',#8397,1000.);
#2240=VECTOR('',#8398,1000.);
#2241=VECTOR('',#8399,1000.);
#2242=VECTOR('',#8402,1000.);
#2243=VECTOR('',#8403,1000.);
#2244=VECTOR('',#8406,1000.);
#2245=VECTOR('',#8409,1000.);
#2246=VECTOR('',#8412,1000.);
#2247=VECTOR('',#8415,1000.);
#2248=VECTOR('',#8424,1.5);
#2249=VECTOR('',#8431,1.5);
#2250=VECTOR('',#8438,1.5);
#2251=VECTOR('',#8443,1.5);
#2252=VECTOR('',#8448,0.644009461630724);
#2253=VECTOR('',#8455,29.9);
#2254=VECTOR('',#8458,29.9);
#2255=VECTOR('',#8463,1.5);
#2256=VECTOR('',#8470,1.5);
#2257=VECTOR('',#8477,1.5);
#2258=VECTOR('',#8482,1.5);
#2259=VECTOR('',#8489,0.424264068711929);
#2260=VECTOR('',#8490,29.9);
#2261=VECTOR('',#8491,0.424264068711929);
#2262=VECTOR('',#8492,29.9);
#2263=VECTOR('',#8495,0.42426406871193);
#2264=VECTOR('',#8496,29.9);
#2265=VECTOR('',#8497,0.42426406871193);
#2266=VECTOR('',#8498,29.9);
#2267=VECTOR('',#8501,0.424264068711929);
#2268=VECTOR('',#8502,29.9);
#2269=VECTOR('',#8503,0.424264068711929);
#2270=VECTOR('',#8504,29.9);
#2271=VECTOR('',#8507,0.424264068711928);
#2272=VECTOR('',#8508,29.9);
#2273=VECTOR('',#8509,0.424264068711928);
#2274=VECTOR('',#8510,29.9);
#2275=VECTOR('',#8513,0.424264068711929);
#2276=VECTOR('',#8514,29.9);
#2277=VECTOR('',#8515,0.424264068711929);
#2278=VECTOR('',#8516,29.9);
#2279=VECTOR('',#8519,0.424264068711929);
#2280=VECTOR('',#8520,29.9);
#2281=VECTOR('',#8521,0.424264068711929);
#2282=VECTOR('',#8522,29.9);
#2283=VECTOR('',#8525,0.424264068711929);
#2284=VECTOR('',#8526,29.9);
#2285=VECTOR('',#8527,0.424264068711929);
#2286=VECTOR('',#8528,29.9);
#2287=VECTOR('',#8531,0.424264068711929);
#2288=VECTOR('',#8532,29.9);
#2289=VECTOR('',#8533,0.424264068711929);
#2290=VECTOR('',#8534,29.9);
#2291=VECTOR('',#8537,29.9);
#2292=VECTOR('',#8540,29.9);
#2293=VECTOR('',#8545,29.9);
#2294=VECTOR('',#8546,9.);
#2295=VECTOR('',#8547,29.9);
#2296=VECTOR('',#8548,9.);
#2297=VECTOR('',#8551,0.80501256289338);
#2298=VECTOR('',#8552,0.80501256289338);
#2299=VECTOR('',#8555,1.40501256289338);
#2300=VECTOR('',#8556,1.40501256289338);
#2301=VECTOR('',#8559,4.9);
#2302=VECTOR('',#8560,4.9);
#2303=VECTOR('',#8563,7.4);
#2304=VECTOR('',#8564,7.4);
#2305=VECTOR('',#8567,4.9);
#2306=VECTOR('',#8568,4.9);
#2307=VECTOR('',#8571,9.);
#2308=VECTOR('',#8572,9.);
#2309=VECTOR('',#8575,4.9);
#2310=VECTOR('',#8576,4.9);
#2311=VECTOR('',#8579,7.4);
#2312=VECTOR('',#8580,7.4);
#2313=VECTOR('',#8583,4.9);
#2314=VECTOR('',#8584,4.9);
#2315=VECTOR('',#8587,1.40501256289338);
#2316=VECTOR('',#8588,1.40501256289338);
#2317=VECTOR('',#8591,0.805012562893379);
#2318=VECTOR('',#8592,0.805012562893379);
#2319=VECTOR('',#8605,0.644009461630724);
#2320=VECTOR('',#8612,4.1);
#2321=VECTOR('',#8615,4.1);
#2322=VECTOR('',#8620,4.1);
#2323=VECTOR('',#8623,4.1);
#2324=VECTOR('',#8626,1.30501256289338);
#2325=VECTOR('',#8627,4.1);
#2326=VECTOR('',#8628,1.30501256289338);
#2327=VECTOR('',#8631,4.7);
#2328=VECTOR('',#8632,4.1);
#2329=VECTOR('',#8633,4.7);
#2330=VECTOR('',#8634,4.1);
#2331=VECTOR('',#8637,6.3);
#2332=VECTOR('',#8638,4.1);
#2333=VECTOR('',#8639,6.3);
#2334=VECTOR('',#8640,4.1);
#2335=VECTOR('',#8643,18.);
#2336=VECTOR('',#8644,4.1);
#2337=VECTOR('',#8645,18.);
#2338=VECTOR('',#8646,4.1);
#2339=VECTOR('',#8649,6.3);
#2340=VECTOR('',#8650,4.1);
#2341=VECTOR('',#8651,6.3);
#2342=VECTOR('',#8652,4.1);
#2343=VECTOR('',#8655,4.7);
#2344=VECTOR('',#8656,4.1);
#2345=VECTOR('',#8657,4.7);
#2346=VECTOR('',#8658,4.1);
#2347=VECTOR('',#8661,1.30501256289338);
#2348=VECTOR('',#8662,4.1);
#2349=VECTOR('',#8663,1.30501256289338);
#2350=VECTOR('',#8666,0.80501256289338);
#2351=VECTOR('',#8667,4.1);
#2352=VECTOR('',#8668,0.80501256289338);
#2353=VECTOR('',#8671,9.);
#2354=VECTOR('',#8672,4.1);
#2355=VECTOR('',#8673,9.);
#2356=VECTOR('',#8676,0.805012562893379);
#2357=VECTOR('',#8677,0.805012562893379);
#2358=VECTOR('',#8680,0.56568542494924);
#2359=VECTOR('',#8681,0.56568542494924);
#2360=VECTOR('',#8682,0.56568542494924);
#2361=VECTOR('',#8683,0.56568542494924);
#2362=VECTOR('',#8684,1.4142135623731);
#2363=VECTOR('',#8685,1.4142135623731);
#2364=VECTOR('',#8688,0.565685424949239);
#2365=VECTOR('',#8689,1.4142135623731);
#2366=VECTOR('',#8690,1.4142135623731);
#2367=VECTOR('',#8691,0.565685424949239);
#2368=VECTOR('',#8692,0.565685424949239);
#2369=VECTOR('',#8693,0.565685424949239);
#2370=VECTOR('',#8742,0.91092912211838);
#2371=VECTOR('',#8743,0.17850809706447);
#2372=VECTOR('',#8744,0.927537098650306);
#2373=VECTOR('',#8747,1.07483717687923);
#2374=VECTOR('',#8748,0.48724328758245);
#2375=VECTOR('',#8751,0.884800110841934);
#2376=VECTOR('',#8752,0.48724328758245);
#2377=VECTOR('',#8755,0.883518082681851);
#2378=VECTOR('',#8756,0.178508097064469);
#2379=VECTOR('',#8759,1.07358875120314);
#2380=VECTOR('',#8760,0.48724328758245);
#2381=VECTOR('',#8763,0.905973405912182);
#2382=VECTOR('',#8764,0.487243287582451);
#2383=VECTOR('',#8767,0.922598310839889);
#2384=VECTOR('',#8768,0.17850809706447);
#2385=VECTOR('',#8771,1.08990332346241);
#2386=VECTOR('',#8772,0.487243287582451);
#2387=VECTOR('',#8775,0.948105859216312);
#2388=VECTOR('',#8776,0.48724328758244);
#2389=VECTOR('',#8779,0.949370933055629);
#2390=VECTOR('',#8780,0.178508097064469);
#2391=VECTOR('',#8783,1.09115534609182);
#2392=VECTOR('',#8784,0.48724328758244);
#2393=VECTOR('',#8787,0.48724328758245);
#2394=VECTOR('',#8826,0.927537098650307);
#2395=VECTOR('',#8827,0.17850809706447);
#2396=VECTOR('',#8828,0.91092912211838);
#2397=VECTOR('',#8831,1.09115534609182);
#2398=VECTOR('',#8832,0.48724328758245);
#2399=VECTOR('',#8835,0.949370933055629);
#2400=VECTOR('',#8836,0.48724328758244);
#2401=VECTOR('',#8839,0.948105859216312);
#2402=VECTOR('',#8840,0.178508097064469);
#2403=VECTOR('',#8843,1.08990332346241);
#2404=VECTOR('',#8844,0.48724328758244);
#2405=VECTOR('',#8847,0.922598310839889);
#2406=VECTOR('',#8848,0.487243287582441);
#2407=VECTOR('',#8851,0.905973405912182);
#2408=VECTOR('',#8852,0.17850809706447);
#2409=VECTOR('',#8855,1.07358875120314);
#2410=VECTOR('',#8856,0.487243287582441);
#2411=VECTOR('',#8859,0.883518082681851);
#2412=VECTOR('',#8860,0.48724328758245);
#2413=VECTOR('',#8863,0.884800110841934);
#2414=VECTOR('',#8864,0.178508097064469);
#2415=VECTOR('',#8867,1.07483717687923);
#2416=VECTOR('',#8868,0.48724328758245);
#2417=VECTOR('',#8871,0.48724328758245);
#2418=VECTOR('',#8878,0.199999999999998);
#2419=VECTOR('',#8881,0.199999999999998);
#2420=VECTOR('',#8886,0.199999999999998);
#2421=VECTOR('',#8889,0.199999999999998);
#2422=VECTOR('',#8892,0.199999999999998);
#2423=VECTOR('',#8895,0.199999999999998);
#2424=VECTOR('',#8898,1.30154507029067);
#2425=VECTOR('',#8905,0.644009461630724);
#2426=VECTOR('',#8912,1.30154507029067);
#2427=VECTOR('',#8917,0.199999999999998);
#2428=VECTOR('',#8920,0.199999999999998);
#2429=VECTOR('',#8923,0.199999999999998);
#2430=VECTOR('',#8926,0.199999999999998);
#2431=VECTOR('',#8929,4.63752388777021);
#2432=VECTOR('',#8930,4.1);
#2433=VECTOR('',#8931,0.565685424949238);
#2434=VECTOR('',#8932,6.3);
#2435=VECTOR('',#8933,1.41421356237309);
#2436=VECTOR('',#8934,7.58023402308373);
#2437=VECTOR('',#8935,2.2);
#2438=VECTOR('',#8936,3.0860229440701);
#2439=VECTOR('',#8939,0.199999999999998);
#2440=VECTOR('',#8940,0.499999999999999);
#2441=VECTOR('',#8941,0.199999999999998);
#2442=VECTOR('',#8942,0.1);
#2443=VECTOR('',#8943,0.899999999999999);
#2444=VECTOR('',#8944,4.7);
#2445=VECTOR('',#8945,0.899999999999999);
#2446=VECTOR('',#8948,1.64540057793999);
#2447=VECTOR('',#8949,9.63013214910606);
#2448=VECTOR('',#8950,1.64540057793999);
#2449=VECTOR('',#8951,0.4);
#2450=VECTOR('',#8952,0.45);
#2451=VECTOR('',#8953,2.20250628144669);
#2452=VECTOR('',#8954,0.1);
#2453=VECTOR('',#8955,0.565685424949239);
#2454=VECTOR('',#8956,1.30501256289338);
#2455=VECTOR('',#8959,0.5);
#2456=VECTOR('',#8960,0.5);
#2457=VECTOR('',#8961,0.5);
#2458=VECTOR('',#8964,0.80501256289338);
#2459=VECTOR('',#8965,9.);
#2460=VECTOR('',#8966,0.805012562893379);
#2461=VECTOR('',#8969,0.5);
#2462=VECTOR('',#8970,0.5);
#2463=VECTOR('',#8971,0.5);
#2464=VECTOR('',#8974,1.30501256289338);
#2465=VECTOR('',#8975,0.565685424949237);
#2466=VECTOR('',#8976,2.20250628144669);
#2467=VECTOR('',#8977,0.45);
#2468=VECTOR('',#8980,0.4);
#2469=VECTOR('',#8983,0.199999999999998);
#2470=VECTOR('',#8984,0.499999999999999);
#2471=VECTOR('',#8985,0.199999999999998);
#2472=VECTOR('',#8986,4.1);
#2473=VECTOR('',#8987,0.899999999999999);
#2474=VECTOR('',#8988,4.7);
#2475=VECTOR('',#8989,0.899999999999999);
#2476=VECTOR('',#8992,4.63752388777022);
#2477=VECTOR('',#8993,3.0860229440701);
#2478=VECTOR('',#8994,2.2);
#2479=VECTOR('',#8995,7.58023402308373);
#2480=VECTOR('',#8996,1.4142135623731);
#2481=VECTOR('',#8997,6.3);
#2482=VECTOR('',#8998,0.565685424949238);
#2483=VECTOR('',#9001,0.805012562893379);
#2484=VECTOR('',#9002,0.899999999999999);
#2485=VECTOR('',#9003,0.899999999999999);
#2486=VECTOR('',#9008,0.899999999999999);
#2487=VECTOR('',#9011,0.5);
#2488=VECTOR('',#9012,0.899999999999999);
#2489=VECTOR('',#9015,0.5);
#2490=VECTOR('',#9016,0.899999999999999);
#2491=VECTOR('',#9019,0.5);
#2492=VECTOR('',#9020,0.899999999999999);
#2493=VECTOR('',#9025,0.899999999999999);
#2494=VECTOR('',#9028,1.30501256289338);
#2495=VECTOR('',#9029,0.899999999999999);
#2496=VECTOR('',#9032,0.899999999999999);
#2497=VECTOR('',#9033,6.3);
#2498=VECTOR('',#9034,0.899999999999999);
#2499=VECTOR('',#9037,0.199999999999998);
#2500=VECTOR('',#9038,2.83953195383254);
#2501=VECTOR('',#9039,0.199999999999998);
#2502=VECTOR('',#9040,0.899999999999999);
#2503=VECTOR('',#9041,18.);
#2504=VECTOR('',#9042,0.899999999999999);
#2505=VECTOR('',#9045,6.3);
#2506=VECTOR('',#9046,0.899999999999999);
#2507=VECTOR('',#9047,0.899999999999999);
#2508=VECTOR('',#9050,0.899999999999999);
#2509=VECTOR('',#9051,1.30501256289338);
#2510=VECTOR('',#9052,0.899999999999999);
#2511=VECTOR('',#9057,0.899999999999999);
#2512=VECTOR('',#9060,0.5);
#2513=VECTOR('',#9061,0.899999999999999);
#2514=VECTOR('',#9064,0.5);
#2515=VECTOR('',#9065,0.899999999999999);
#2516=VECTOR('',#9068,0.5);
#2517=VECTOR('',#9069,0.899999999999999);
#2518=VECTOR('',#9074,0.899999999999999);
#2519=VECTOR('',#9077,0.80501256289338);
#2520=VECTOR('',#9078,0.899999999999999);
#2521=VECTOR('',#9081,9.);
#2522=VECTOR('',#9084,0.565685424949239);
#2523=VECTOR('',#9085,0.565685424949239);
#2524=VECTOR('',#9086,0.565685424949239);
#2525=VECTOR('',#9087,1.4142135623731);
#2526=VECTOR('',#9088,1.4142135623731);
#2527=VECTOR('',#9089,0.565685424949239);
#2528=VECTOR('',#9104,0.199999999999998);
#2529=VECTOR('',#9105,2.2);
#2530=VECTOR('',#9108,2.2);
#2531=VECTOR('',#9109,0.199999999999998);
#2532=VECTOR('',#9112,3.0860229440701);
#2533=VECTOR('',#9115,9.63013214910606);
#2534=VECTOR('',#9118,3.0860229440701);
#2535=VECTOR('',#9123,0.45);
#2536=VECTOR('',#9124,0.199999999999998);
#2537=VECTOR('',#9127,2.20250628144669);
#2538=VECTOR('',#9130,4.63752388777022);
#2539=VECTOR('',#9133,1.64540057793999);
#2540=VECTOR('',#9134,0.199999999999998);
#2541=VECTOR('',#9137,0.4);
#2542=VECTOR('',#9142,0.199999999999998);
#2543=VECTOR('',#9145,0.199999999999998);
#2544=VECTOR('',#9148,0.4);
#2545=VECTOR('',#9149,0.199999999999998);
#2546=VECTOR('',#9152,1.64540057793999);
#2547=VECTOR('',#9155,4.63752388777021);
#2548=VECTOR('',#9158,2.20250628144669);
#2549=VECTOR('',#9159,0.199999999999998);
#2550=VECTOR('',#9162,0.45);
#2551=VECTOR('',#9169,0.644009461630724);
#2552=VECTOR('',#9176,4.1);
#2553=VECTOR('',#9179,4.1);
#2554=VECTOR('',#9184,4.1);
#2555=VECTOR('',#9187,4.1);
#2556=VECTOR('',#9190,1.30501256289338);
#2557=VECTOR('',#9191,1.30501256289338);
#2558=VECTOR('',#9192,4.1);
#2559=VECTOR('',#9195,4.7);
#2560=VECTOR('',#9196,4.1);
#2561=VECTOR('',#9197,4.7);
#2562=VECTOR('',#9198,4.1);
#2563=VECTOR('',#9201,6.3);
#2564=VECTOR('',#9202,4.1);
#2565=VECTOR('',#9203,6.3);
#2566=VECTOR('',#9204,4.1);
#2567=VECTOR('',#9207,18.);
#2568=VECTOR('',#9208,4.1);
#2569=VECTOR('',#9209,18.);
#2570=VECTOR('',#9210,4.1);
#2571=VECTOR('',#9213,6.3);
#2572=VECTOR('',#9214,4.1);
#2573=VECTOR('',#9215,6.3);
#2574=VECTOR('',#9216,4.1);
#2575=VECTOR('',#9219,4.7);
#2576=VECTOR('',#9220,4.1);
#2577=VECTOR('',#9221,4.7);
#2578=VECTOR('',#9222,4.1);
#2579=VECTOR('',#9225,1.30501256289338);
#2580=VECTOR('',#9226,1.30501256289338);
#2581=VECTOR('',#9227,4.1);
#2582=VECTOR('',#9230,0.80501256289338);
#2583=VECTOR('',#9231,0.80501256289338);
#2584=VECTOR('',#9232,4.1);
#2585=VECTOR('',#9235,9.);
#2586=VECTOR('',#9236,9.);
#2587=VECTOR('',#9237,4.1);
#2588=VECTOR('',#9240,0.805012562893379);
#2589=VECTOR('',#9241,0.805012562893379);
#2590=VECTOR('',#9244,1.4142135623731);
#2591=VECTOR('',#9245,1.4142135623731);
#2592=VECTOR('',#9246,0.56568542494924);
#2593=VECTOR('',#9247,0.56568542494924);
#2594=VECTOR('',#9248,0.56568542494924);
#2595=VECTOR('',#9249,0.56568542494924);
#2596=VECTOR('',#9252,0.565685424949239);
#2597=VECTOR('',#9253,0.565685424949239);
#2598=VECTOR('',#9254,0.565685424949239);
#2599=VECTOR('',#9255,1.4142135623731);
#2600=VECTOR('',#9256,1.4142135623731);
#2601=VECTOR('',#9257,0.565685424949239);
#2602=VECTOR('',#9274,0.199999999999998);
#2603=VECTOR('',#9277,0.199999999999998);
#2604=VECTOR('',#9282,1.30154507029067);
#2605=VECTOR('',#9287,0.199999999999998);
#2606=VECTOR('',#9290,0.199999999999998);
#2607=VECTOR('',#9293,0.199999999999998);
#2608=VECTOR('',#9296,0.199999999999998);
#2609=VECTOR('',#9301,0.644009461630724);
#2610=VECTOR('',#9308,0.199999999999998);
#2611=VECTOR('',#9311,0.199999999999998);
#2612=VECTOR('',#9314,0.199999999999998);
#2613=VECTOR('',#9317,0.199999999999998);
#2614=VECTOR('',#9320,1.30154507029067);
#2615=VECTOR('',#9325,3.0860229440701);
#2616=VECTOR('',#9326,2.2);
#2617=VECTOR('',#9327,7.58023402308373);
#2618=VECTOR('',#9328,1.41421356237309);
#2619=VECTOR('',#9329,6.3);
#2620=VECTOR('',#9330,0.565685424949238);
#2621=VECTOR('',#9331,4.1);
#2622=VECTOR('',#9332,4.63752388777021);
#2623=VECTOR('',#9335,0.199999999999998);
#2624=VECTOR('',#9336,0.899999999999999);
#2625=VECTOR('',#9337,4.7);
#2626=VECTOR('',#9338,0.899999999999999);
#2627=VECTOR('',#9339,0.1);
#2628=VECTOR('',#9340,0.199999999999998);
#2629=VECTOR('',#9341,0.499999999999999);
#2630=VECTOR('',#9344,1.64540057793999);
#2631=VECTOR('',#9345,0.4);
#2632=VECTOR('',#9348,0.45);
#2633=VECTOR('',#9349,2.20250628144669);
#2634=VECTOR('',#9350,0.565685424949237);
#2635=VECTOR('',#9351,1.30501256289338);
#2636=VECTOR('',#9354,0.5);
#2637=VECTOR('',#9355,0.5);
#2638=VECTOR('',#9356,0.5);
#2639=VECTOR('',#9359,0.805012562893379);
#2640=VECTOR('',#9360,9.);
#2641=VECTOR('',#9361,0.80501256289338);
#2642=VECTOR('',#9364,0.5);
#2643=VECTOR('',#9365,0.5);
#2644=VECTOR('',#9366,0.5);
#2645=VECTOR('',#9369,1.30501256289338);
#2646=VECTOR('',#9370,0.565685424949239);
#2647=VECTOR('',#9371,0.1);
#2648=VECTOR('',#9372,2.20250628144669);
#2649=VECTOR('',#9373,0.45);
#2650=VECTOR('',#9374,0.4);
#2651=VECTOR('',#9375,1.64540057793999);
#2652=VECTOR('',#9376,9.63013214910606);
#2653=VECTOR('',#9379,0.199999999999998);
#2654=VECTOR('',#9380,0.899999999999999);
#2655=VECTOR('',#9381,4.7);
#2656=VECTOR('',#9382,0.899999999999999);
#2657=VECTOR('',#9383,4.1);
#2658=VECTOR('',#9384,0.199999999999998);
#2659=VECTOR('',#9385,0.499999999999999);
#2660=VECTOR('',#9388,4.63752388777022);
#2661=VECTOR('',#9389,0.565685424949238);
#2662=VECTOR('',#9390,6.3);
#2663=VECTOR('',#9391,1.4142135623731);
#2664=VECTOR('',#9392,7.58023402308373);
#2665=VECTOR('',#9393,2.2);
#2666=VECTOR('',#9394,3.0860229440701);
#2667=VECTOR('',#9397,0.805012562893379);
#2668=VECTOR('',#9398,0.899999999999999);
#2669=VECTOR('',#9399,0.899999999999999);
#2670=VECTOR('',#9404,0.899999999999999);
#2671=VECTOR('',#9407,0.5);
#2672=VECTOR('',#9408,0.899999999999999);
#2673=VECTOR('',#9411,0.5);
#2674=VECTOR('',#9412,0.899999999999999);
#2675=VECTOR('',#9415,0.5);
#2676=VECTOR('',#9416,0.899999999999999);
#2677=VECTOR('',#9421,0.899999999999999);
#2678=VECTOR('',#9424,1.30501256289338);
#2679=VECTOR('',#9425,0.899999999999999);
#2680=VECTOR('',#9428,0.899999999999999);
#2681=VECTOR('',#9429,6.3);
#2682=VECTOR('',#9430,0.899999999999999);
#2683=VECTOR('',#9433,0.199999999999998);
#2684=VECTOR('',#9434,0.899999999999999);
#2685=VECTOR('',#9435,18.);
#2686=VECTOR('',#9436,0.899999999999999);
#2687=VECTOR('',#9437,0.199999999999998);
#2688=VECTOR('',#9438,2.83953195383254);
#2689=VECTOR('',#9441,6.3);
#2690=VECTOR('',#9442,0.899999999999999);
#2691=VECTOR('',#9443,0.899999999999999);
#2692=VECTOR('',#9446,0.899999999999999);
#2693=VECTOR('',#9447,1.30501256289338);
#2694=VECTOR('',#9448,0.899999999999999);
#2695=VECTOR('',#9453,0.899999999999999);
#2696=VECTOR('',#9456,0.5);
#2697=VECTOR('',#9457,0.899999999999999);
#2698=VECTOR('',#9460,0.5);
#2699=VECTOR('',#9461,0.899999999999999);
#2700=VECTOR('',#9464,0.5);
#2701=VECTOR('',#9465,0.899999999999999);
#2702=VECTOR('',#9470,0.899999999999999);
#2703=VECTOR('',#9473,0.80501256289338);
#2704=VECTOR('',#9474,0.899999999999999);
#2705=VECTOR('',#9477,9.);
#2706=VECTOR('',#9480,0.565685424949239);
#2707=VECTOR('',#9481,1.4142135623731);
#2708=VECTOR('',#9482,1.4142135623731);
#2709=VECTOR('',#9483,0.565685424949239);
#2710=VECTOR('',#9484,0.565685424949239);
#2711=VECTOR('',#9485,0.565685424949239);
#2712=VECTOR('',#9500,2.2);
#2713=VECTOR('',#9501,0.199999999999998);
#2714=VECTOR('',#9504,0.199999999999998);
#2715=VECTOR('',#9505,2.2);
#2716=VECTOR('',#9508,3.0860229440701);
#2717=VECTOR('',#9511,9.63013214910606);
#2718=VECTOR('',#9514,3.0860229440701);
#2719=VECTOR('',#9519,0.199999999999998);
#2720=VECTOR('',#9520,0.45);
#2721=VECTOR('',#9523,2.20250628144669);
#2722=VECTOR('',#9526,4.63752388777022);
#2723=VECTOR('',#9529,0.199999999999998);
#2724=VECTOR('',#9530,1.64540057793999);
#2725=VECTOR('',#9533,0.4);
#2726=VECTOR('',#9538,0.199999999999998);
#2727=VECTOR('',#9541,0.199999999999998);
#2728=VECTOR('',#9544,0.199999999999998);
#2729=VECTOR('',#9545,0.4);
#2730=VECTOR('',#9548,1.64540057793999);
#2731=VECTOR('',#9551,4.63752388777021);
#2732=VECTOR('',#9554,0.199999999999998);
#2733=VECTOR('',#9555,2.20250628144669);
#2734=VECTOR('',#9558,0.45);
#2735=VECTOR('',#9597,0.927537098650306);
#2736=VECTOR('',#9598,0.17850809706447);
#2737=VECTOR('',#9599,0.91092912211838);
#2738=VECTOR('',#9602,0.48724328758245);
#2739=VECTOR('',#9603,1.07483717687923);
#2740=VECTOR('',#9606,0.48724328758245);
#2741=VECTOR('',#9607,0.884800110841934);
#2742=VECTOR('',#9610,0.178508097064469);
#2743=VECTOR('',#9611,0.883518082681851);
#2744=VECTOR('',#9614,0.48724328758245);
#2745=VECTOR('',#9615,1.07358875120314);
#2746=VECTOR('',#9618,0.487243287582451);
#2747=VECTOR('',#9619,0.905973405912182);
#2748=VECTOR('',#9622,0.17850809706447);
#2749=VECTOR('',#9623,0.922598310839889);
#2750=VECTOR('',#9626,0.487243287582451);
#2751=VECTOR('',#9627,1.08990332346241);
#2752=VECTOR('',#9630,0.48724328758244);
#2753=VECTOR('',#9631,0.948105859216312);
#2754=VECTOR('',#9634,0.178508097064469);
#2755=VECTOR('',#9635,0.949370933055629);
#2756=VECTOR('',#9638,0.48724328758244);
#2757=VECTOR('',#9639,1.09115534609182);
#2758=VECTOR('',#9642,0.48724328758245);
#2759=VECTOR('',#9681,0.91092912211838);
#2760=VECTOR('',#9682,0.17850809706447);
#2761=VECTOR('',#9683,0.927537098650307);
#2762=VECTOR('',#9686,0.48724328758245);
#2763=VECTOR('',#9687,1.09115534609182);
#2764=VECTOR('',#9690,0.48724328758244);
#2765=VECTOR('',#9691,0.949370933055629);
#2766=VECTOR('',#9694,0.178508097064469);
#2767=VECTOR('',#9695,0.948105859216312);
#2768=VECTOR('',#9698,0.48724328758244);
#2769=VECTOR('',#9699,1.08990332346241);
#2770=VECTOR('',#9702,0.487243287582441);
#2771=VECTOR('',#9703,0.922598310839889);
#2772=VECTOR('',#9706,0.17850809706447);
#2773=VECTOR('',#9707,0.905973405912182);
#2774=VECTOR('',#9710,0.487243287582441);
#2775=VECTOR('',#9711,1.07358875120314);
#2776=VECTOR('',#9714,0.48724328758245);
#2777=VECTOR('',#9715,0.883518082681851);
#2778=VECTOR('',#9718,0.178508097064469);
#2779=VECTOR('',#9719,0.884800110841934);
#2780=VECTOR('',#9722,0.48724328758245);
#2781=VECTOR('',#9723,1.07483717687923);
#2782=VECTOR('',#9726,0.48724328758245);
#2783=CIRCLE('',#7089,2.55);
#2784=CIRCLE('',#7090,2.74999999999997);
#2785=CIRCLE('',#7092,2.55);
#2786=CIRCLE('',#7094,3.79999999999998);
#2787=CIRCLE('',#7096,2.75000000000002);
#2788=CIRCLE('',#7098,3.8);
#2789=CIRCLE('',#7100,3.99999999999999);
#2790=CIRCLE('',#7102,3.99999999999999);
#2791=CIRCLE('',#7106,2.5);
#2792=CIRCLE('',#7107,2.5);
#2793=CIRCLE('',#7108,2.5);
#2794=CIRCLE('',#7110,4.25);
#2795=CIRCLE('',#7112,4.25);
#2796=CIRCLE('',#7113,3.8125);
#2797=CIRCLE('',#7116,1.9);
#2798=CIRCLE('',#7118,1.73205080756883);
#2799=CIRCLE('',#7119,1.73205080756883);
#2800=CIRCLE('',#7120,1.73205080756883);
#2801=CIRCLE('',#7121,1.73205080756883);
#2802=CIRCLE('',#7122,1.73205080756883);
#2803=CIRCLE('',#7123,1.73205080756883);
#2804=CIRCLE('',#7140,2.5);
#2805=CIRCLE('',#7141,2.5);
#2806=CIRCLE('',#7142,2.5);
#2807=CIRCLE('',#7144,4.25);
#2808=CIRCLE('',#7146,4.25);
#2809=CIRCLE('',#7147,3.8125);
#2810=CIRCLE('',#7150,1.9);
#2811=CIRCLE('',#7152,1.73205080756883);
#2812=CIRCLE('',#7153,1.73205080756883);
#2813=CIRCLE('',#7154,1.73205080756883);
#2814=CIRCLE('',#7155,1.73205080756883);
#2815=CIRCLE('',#7156,1.73205080756883);
#2816=CIRCLE('',#7157,1.73205080756883);
#2817=CIRCLE('',#7180,0.8);
#2818=CIRCLE('',#7181,1.);
#2819=CIRCLE('',#7184,1.3);
#2820=CIRCLE('',#7185,1.5);
#2821=CIRCLE('',#7188,1.3);
#2822=CIRCLE('',#7189,1.5);
#2823=CIRCLE('',#7197,1.75);
#2824=CIRCLE('',#7198,1.55);
#2825=CIRCLE('',#7200,1.55);
#2826=CIRCLE('',#7202,1.75);
#2827=CIRCLE('',#7203,1.55);
#2828=CIRCLE('',#7205,1.55);
#2829=CIRCLE('',#7207,1.75);
#2830=CIRCLE('',#7209,2.9);
#2831=CIRCLE('',#7211,1.75);
#2832=CIRCLE('',#7213,2.9);
#2833=CIRCLE('',#7215,0.5);
#2834=CIRCLE('',#7221,0.5);
#2835=CIRCLE('',#7225,0.5);
#2836=CIRCLE('',#7228,2.55);
#2837=CIRCLE('',#7229,2.75);
#2838=CIRCLE('',#7231,2.55);
#2839=CIRCLE('',#7233,2.55);
#2840=CIRCLE('',#7234,2.75);
#2841=CIRCLE('',#7236,2.55);
#2842=CIRCLE('',#7238,4.4);
#2843=CIRCLE('',#7239,4.6);
#2844=CIRCLE('',#7242,4.6);
#2845=CIRCLE('',#7243,4.4);
#2846=CIRCLE('',#7246,2.75);
#2847=CIRCLE('',#7248,2.75);
#2848=CIRCLE('',#7252,1.);
#2849=CIRCLE('',#7253,0.8);
#2850=CIRCLE('',#7256,1.5);
#2851=CIRCLE('',#7257,1.3);
#2852=CIRCLE('',#7260,1.5);
#2853=CIRCLE('',#7261,1.3);
#2854=CIRCLE('',#7270,1.75);
#2855=CIRCLE('',#7271,1.55);
#2856=CIRCLE('',#7273,1.75);
#2857=CIRCLE('',#7275,1.55);
#2858=CIRCLE('',#7277,1.55);
#2859=CIRCLE('',#7279,1.55);
#2860=CIRCLE('',#7281,1.75);
#2861=CIRCLE('',#7283,2.9);
#2862=CIRCLE('',#7285,1.75);
#2863=CIRCLE('',#7287,2.9);
#2864=CIRCLE('',#7289,0.5);
#2865=CIRCLE('',#7297,0.5);
#2866=CIRCLE('',#7301,0.5);
#2867=CIRCLE('',#7303,1.75);
#2868=CIRCLE('',#7305,4.4);
#2869=CIRCLE('',#7306,4.4);
#2870=CIRCLE('',#7311,1.2645);
#2871=CIRCLE('',#7315,1.5);
#2872=CIRCLE('',#7316,1.5);
#2873=CIRCLE('',#7317,1.5);
#2874=CIRCLE('',#7319,2.75);
#2875=CIRCLE('',#7321,2.75);
#2876=CIRCLE('',#7322,2.5);
#2877=CIRCLE('',#7325,1.125);
#2878=CIRCLE('',#7327,1.15470053837923);
#2879=CIRCLE('',#7328,1.15470053837923);
#2880=CIRCLE('',#7329,1.15470053837923);
#2881=CIRCLE('',#7330,1.15470053837923);
#2882=CIRCLE('',#7331,1.15470053837923);
#2883=CIRCLE('',#7332,1.15470053837923);
#2884=CIRCLE('',#7349,1.5);
#2885=CIRCLE('',#7350,1.8);
#2886=CIRCLE('',#7352,1.5);
#2887=CIRCLE('',#7353,1.8);
#2888=CIRCLE('',#7355,1.5);
#2889=CIRCLE('',#7357,1.5);
#2890=CIRCLE('',#7359,0.644009461630724);
#2891=CIRCLE('',#7360,0.644009461630724);
#2892=CIRCLE('',#7362,1.);
#2893=CIRCLE('',#7363,1.);
#2894=CIRCLE('',#7365,1.5);
#2895=CIRCLE('',#7366,1.8);
#2896=CIRCLE('',#7368,1.5);
#2897=CIRCLE('',#7369,1.8);
#2898=CIRCLE('',#7371,1.5);
#2899=CIRCLE('',#7373,1.5);
#2900=CIRCLE('',#7385,1.);
#2901=CIRCLE('',#7386,1.);
#2902=CIRCLE('',#7404,0.644009461630724);
#2903=CIRCLE('',#7405,0.644009461630724);
#2904=CIRCLE('',#7407,1.);
#2905=CIRCLE('',#7408,1.);
#2906=CIRCLE('',#7410,1.);
#2907=CIRCLE('',#7411,1.);
#2908=CIRCLE('',#7431,1.17847366830297);
#2909=CIRCLE('',#7432,1.30146994110697);
#2910=CIRCLE('',#7433,1.29981544265263);
#2911=CIRCLE('',#7434,1.20193412270979);
#2912=CIRCLE('',#7435,1.29933075830278);
#2913=CIRCLE('',#7436,1.30146994110697);
#2914=CIRCLE('',#7437,1.17430247357013);
#2915=CIRCLE('',#7438,1.29513828308694);
#2916=CIRCLE('',#7439,1.29933075830278);
#2917=CIRCLE('',#7440,1.14741772100429);
#2918=CIRCLE('',#7441,1.29981544265263);
#2919=CIRCLE('',#7442,1.29513828308694);
#2920=CIRCLE('',#7443,1.17847366830297);
#2921=CIRCLE('',#7444,1.30154507029069);
#2922=CIRCLE('',#7445,1.30154507029067);
#2923=CIRCLE('',#7461,1.17430247357013);
#2924=CIRCLE('',#7462,1.30146994110697);
#2925=CIRCLE('',#7463,1.29933075830278);
#2926=CIRCLE('',#7464,1.20193412270979);
#2927=CIRCLE('',#7465,1.29981544265263);
#2928=CIRCLE('',#7466,1.30146994110697);
#2929=CIRCLE('',#7467,1.17847366830296);
#2930=CIRCLE('',#7468,1.29513828308694);
#2931=CIRCLE('',#7469,1.29981544265263);
#2932=CIRCLE('',#7470,1.14741772100429);
#2933=CIRCLE('',#7471,1.29933075830278);
#2934=CIRCLE('',#7472,1.29513828308694);
#2935=CIRCLE('',#7473,1.17430247357013);
#2936=CIRCLE('',#7474,1.30154507029069);
#2937=CIRCLE('',#7475,1.30154507029067);
#2938=CIRCLE('',#7491,0.5);
#2939=CIRCLE('',#7492,0.5);
#2940=CIRCLE('',#7494,1.30154507029067);
#2941=CIRCLE('',#7495,1.30154507029067);
#2942=CIRCLE('',#7496,1.30154507029067);
#2943=CIRCLE('',#7497,1.30154507029067);
#2944=CIRCLE('',#7498,1.30154507029067);
#2945=CIRCLE('',#7499,1.30154507029067);
#2946=CIRCLE('',#7501,0.644009461630724);
#2947=CIRCLE('',#7502,0.644009461630724);
#2948=CIRCLE('',#7504,1.30154507029067);
#2949=CIRCLE('',#7505,1.30154507029067);
#2950=CIRCLE('',#7506,1.30154507029067);
#2951=CIRCLE('',#7507,1.30154507029067);
#2952=CIRCLE('',#7508,1.30154507029067);
#2953=CIRCLE('',#7509,1.30154507029067);
#2954=CIRCLE('',#7513,1.);
#2955=CIRCLE('',#7514,1.);
#2956=CIRCLE('',#7515,1.);
#2957=CIRCLE('',#7516,1.);
#2958=CIRCLE('',#7517,0.5);
#2959=CIRCLE('',#7522,1.);
#2960=CIRCLE('',#7527,1.);
#2961=CIRCLE('',#7534,1.);
#2962=CIRCLE('',#7539,1.);
#2963=CIRCLE('',#7562,0.5);
#2964=CIRCLE('',#7570,0.644009461630724);
#2965=CIRCLE('',#7571,0.644009461630724);
#2966=CIRCLE('',#7573,1.);
#2967=CIRCLE('',#7574,1.);
#2968=CIRCLE('',#7576,1.);
#2969=CIRCLE('',#7577,1.);
#2970=CIRCLE('',#7597,0.5);
#2971=CIRCLE('',#7598,0.5);
#2972=CIRCLE('',#7600,1.30154507029067);
#2973=CIRCLE('',#7601,1.30154507029067);
#2974=CIRCLE('',#7602,1.30154507029067);
#2975=CIRCLE('',#7603,1.30154507029067);
#2976=CIRCLE('',#7604,1.30154507029067);
#2977=CIRCLE('',#7605,1.30154507029067);
#2978=CIRCLE('',#7607,0.644009461630724);
#2979=CIRCLE('',#7608,0.644009461630724);
#2980=CIRCLE('',#7610,1.30154507029067);
#2981=CIRCLE('',#7611,1.30154507029067);
#2982=CIRCLE('',#7612,1.30154507029067);
#2983=CIRCLE('',#7613,1.30154507029067);
#2984=CIRCLE('',#7614,1.30154507029067);
#2985=CIRCLE('',#7615,1.30154507029067);
#2986=CIRCLE('',#7619,0.5);
#2987=CIRCLE('',#7620,1.);
#2988=CIRCLE('',#7621,1.);
#2989=CIRCLE('',#7622,1.);
#2990=CIRCLE('',#7623,1.);
#2991=CIRCLE('',#7628,1.);
#2992=CIRCLE('',#7633,1.);
#2993=CIRCLE('',#7640,1.);
#2994=CIRCLE('',#7645,1.);
#2995=CIRCLE('',#7668,0.5);
#2996=CIRCLE('',#7676,1.30154507029067);
#2997=CIRCLE('',#7677,1.30154507029069);
#2998=CIRCLE('',#7678,1.17847366830297);
#2999=CIRCLE('',#7679,1.29513828308694);
#3000=CIRCLE('',#7680,1.29981544265263);
#3001=CIRCLE('',#7681,1.14741772100429);
#3002=CIRCLE('',#7682,1.29933075830278);
#3003=CIRCLE('',#7683,1.29513828308694);
#3004=CIRCLE('',#7684,1.17430247357013);
#3005=CIRCLE('',#7685,1.30146994110697);
#3006=CIRCLE('',#7686,1.29933075830278);
#3007=CIRCLE('',#7687,1.20193412270979);
#3008=CIRCLE('',#7688,1.29981544265263);
#3009=CIRCLE('',#7689,1.30146994110697);
#3010=CIRCLE('',#7690,1.17847366830297);
#3011=CIRCLE('',#7706,1.30154507029067);
#3012=CIRCLE('',#7707,1.30154507029069);
#3013=CIRCLE('',#7708,1.17430247357013);
#3014=CIRCLE('',#7709,1.29513828308694);
#3015=CIRCLE('',#7710,1.29933075830278);
#3016=CIRCLE('',#7711,1.14741772100429);
#3017=CIRCLE('',#7712,1.29981544265263);
#3018=CIRCLE('',#7713,1.29513828308694);
#3019=CIRCLE('',#7714,1.17847366830296);
#3020=CIRCLE('',#7715,1.30146994110697);
#3021=CIRCLE('',#7716,1.29981544265263);
#3022=CIRCLE('',#7717,1.20193412270979);
#3023=CIRCLE('',#7718,1.29933075830278);
#3024=CIRCLE('',#7719,1.30146994110697);
#3025=CIRCLE('',#7720,1.17430247357013);
#3026=VERTEX_POINT('',#9747);
#3027=VERTEX_POINT('',#9749);
#3028=VERTEX_POINT('',#9753);
#3029=VERTEX_POINT('',#9757);
#3030=VERTEX_POINT('',#9760);
#3031=VERTEX_POINT('',#9764);
#3032=VERTEX_POINT('',#9767);
#3033=VERTEX_POINT('',#9771);
#3034=VERTEX_POINT('',#9778);
#3035=VERTEX_POINT('',#9779);
#3036=VERTEX_POINT('',#9781);
#3037=VERTEX_POINT('',#9786);
#3038=VERTEX_POINT('',#9789);
#3039=VERTEX_POINT('',#9791);
#3040=VERTEX_POINT('',#9797);
#3041=VERTEX_POINT('',#9801);
#3042=VERTEX_POINT('',#9802);
#3043=VERTEX_POINT('',#9804);
#3044=VERTEX_POINT('',#9806);
#3045=VERTEX_POINT('',#9808);
#3046=VERTEX_POINT('',#9810);
#3047=VERTEX_POINT('',#9839);
#3048=VERTEX_POINT('',#9840);
#3049=VERTEX_POINT('',#9842);
#3050=VERTEX_POINT('',#9844);
#3051=VERTEX_POINT('',#9846);
#3052=VERTEX_POINT('',#9848);
#3053=VERTEX_POINT('',#9865);
#3054=VERTEX_POINT('',#9866);
#3055=VERTEX_POINT('',#9868);
#3056=VERTEX_POINT('',#9873);
#3057=VERTEX_POINT('',#9876);
#3058=VERTEX_POINT('',#9878);
#3059=VERTEX_POINT('',#9884);
#3060=VERTEX_POINT('',#9888);
#3061=VERTEX_POINT('',#9889);
#3062=VERTEX_POINT('',#9891);
#3063=VERTEX_POINT('',#9893);
#3064=VERTEX_POINT('',#9895);
#3065=VERTEX_POINT('',#9897);
#3066=VERTEX_POINT('',#9926);
#3067=VERTEX_POINT('',#9927);
#3068=VERTEX_POINT('',#9929);
#3069=VERTEX_POINT('',#9931);
#3070=VERTEX_POINT('',#9933);
#3071=VERTEX_POINT('',#9935);
#3072=VERTEX_POINT('',#9957);
#3073=VERTEX_POINT('',#9958);
#3074=VERTEX_POINT('',#9960);
#3075=VERTEX_POINT('',#9962);
#3076=VERTEX_POINT('',#9966);
#3077=VERTEX_POINT('',#9967);
#3078=VERTEX_POINT('',#9969);
#3079=VERTEX_POINT('',#9971);
#3080=VERTEX_POINT('',#9975);
#3081=VERTEX_POINT('',#9976);
#3082=VERTEX_POINT('',#9981);
#3083=VERTEX_POINT('',#9983);
#3084=VERTEX_POINT('',#9987);
#3085=VERTEX_POINT('',#9989);
#3086=VERTEX_POINT('',#9993);
#3087=VERTEX_POINT('',#9995);
#3088=VERTEX_POINT('',#9999);
#3089=VERTEX_POINT('',#10001);
#3090=VERTEX_POINT('',#10003);
#3091=VERTEX_POINT('',#10012);
#3092=VERTEX_POINT('',#10018);
#3093=VERTEX_POINT('',#10029);
#3094=VERTEX_POINT('',#10031);
#3095=VERTEX_POINT('',#10037);
#3096=VERTEX_POINT('',#10054);
#3097=VERTEX_POINT('',#10056);
#3098=VERTEX_POINT('',#10060);
#3099=VERTEX_POINT('',#10064);
#3100=VERTEX_POINT('',#10066);
#3101=VERTEX_POINT('',#10070);
#3102=VERTEX_POINT('',#10074);
#3103=VERTEX_POINT('',#10078);
#3104=VERTEX_POINT('',#10079);
#3105=VERTEX_POINT('',#10083);
#3106=VERTEX_POINT('',#10087);
#3107=VERTEX_POINT('',#10088);
#3108=VERTEX_POINT('',#10092);
#3109=VERTEX_POINT('',#10094);
#3110=VERTEX_POINT('',#10102);
#3111=VERTEX_POINT('',#10103);
#3112=VERTEX_POINT('',#10107);
#3113=VERTEX_POINT('',#10109);
#3114=VERTEX_POINT('',#10116);
#3115=VERTEX_POINT('',#10120);
#3116=VERTEX_POINT('',#10124);
#3117=VERTEX_POINT('',#10128);
#3118=VERTEX_POINT('',#10130);
#3119=VERTEX_POINT('',#10134);
#3120=VERTEX_POINT('',#10136);
#3121=VERTEX_POINT('',#10140);
#3122=VERTEX_POINT('',#10144);
#3123=VERTEX_POINT('',#10146);
#3124=VERTEX_POINT('',#10150);
#3125=VERTEX_POINT('',#10153);
#3126=VERTEX_POINT('',#10154);
#3127=VERTEX_POINT('',#10192);
#3128=VERTEX_POINT('',#10194);
#3129=VERTEX_POINT('',#10198);
#3130=VERTEX_POINT('',#10199);
#3131=VERTEX_POINT('',#10207);
#3132=VERTEX_POINT('',#10209);
#3133=VERTEX_POINT('',#10211);
#3134=VERTEX_POINT('',#10213);
#3135=VERTEX_POINT('',#10219);
#3136=VERTEX_POINT('',#10223);
#3137=VERTEX_POINT('',#10225);
#3138=VERTEX_POINT('',#10229);
#3139=VERTEX_POINT('',#10232);
#3140=VERTEX_POINT('',#10237);
#3141=VERTEX_POINT('',#10241);
#3142=VERTEX_POINT('',#10243);
#3143=VERTEX_POINT('',#10247);
#3144=VERTEX_POINT('',#10248);
#3145=VERTEX_POINT('',#10253);
#3146=VERTEX_POINT('',#10255);
#3147=VERTEX_POINT('',#10259);
#3148=VERTEX_POINT('',#10261);
#3149=VERTEX_POINT('',#10266);
#3150=VERTEX_POINT('',#10272);
#3151=VERTEX_POINT('',#10274);
#3152=VERTEX_POINT('',#10283);
#3153=VERTEX_POINT('',#10289);
#3154=VERTEX_POINT('',#10300);
#3155=VERTEX_POINT('',#10302);
#3156=VERTEX_POINT('',#10323);
#3157=VERTEX_POINT('',#10325);
#3158=VERTEX_POINT('',#10329);
#3159=VERTEX_POINT('',#10332);
#3160=VERTEX_POINT('',#10336);
#3161=VERTEX_POINT('',#10340);
#3162=VERTEX_POINT('',#10344);
#3163=VERTEX_POINT('',#10348);
#3164=VERTEX_POINT('',#10349);
#3165=VERTEX_POINT('',#10353);
#3166=VERTEX_POINT('',#10357);
#3167=VERTEX_POINT('',#10358);
#3168=VERTEX_POINT('',#10362);
#3169=VERTEX_POINT('',#10364);
#3170=VERTEX_POINT('',#10372);
#3171=VERTEX_POINT('',#10376);
#3172=VERTEX_POINT('',#10380);
#3173=VERTEX_POINT('',#10386);
#3174=VERTEX_POINT('',#10392);
#3175=VERTEX_POINT('',#10395);
#3176=VERTEX_POINT('',#10397);
#3177=VERTEX_POINT('',#10406);
#3178=VERTEX_POINT('',#10413);
#3179=VERTEX_POINT('',#10414);
#3180=VERTEX_POINT('',#10416);
#3181=VERTEX_POINT('',#10421);
#3182=VERTEX_POINT('',#10424);
#3183=VERTEX_POINT('',#10426);
#3184=VERTEX_POINT('',#10432);
#3185=VERTEX_POINT('',#10436);
#3186=VERTEX_POINT('',#10437);
#3187=VERTEX_POINT('',#10439);
#3188=VERTEX_POINT('',#10441);
#3189=VERTEX_POINT('',#10443);
#3190=VERTEX_POINT('',#10445);
#3191=VERTEX_POINT('',#10474);
#3192=VERTEX_POINT('',#10475);
#3193=VERTEX_POINT('',#10477);
#3194=VERTEX_POINT('',#10479);
#3195=VERTEX_POINT('',#10481);
#3196=VERTEX_POINT('',#10483);
#3197=VERTEX_POINT('',#10500);
#3198=VERTEX_POINT('',#10502);
#3199=VERTEX_POINT('',#10506);
#3200=VERTEX_POINT('',#10508);
#3201=VERTEX_POINT('',#10512);
#3202=VERTEX_POINT('',#10516);
#3203=VERTEX_POINT('',#10520);
#3204=VERTEX_POINT('',#10522);
#3205=VERTEX_POINT('',#10526);
#3206=VERTEX_POINT('',#10527);
#3207=VERTEX_POINT('',#10529);
#3208=VERTEX_POINT('',#10531);
#3209=VERTEX_POINT('',#10535);
#3210=VERTEX_POINT('',#10537);
#3211=VERTEX_POINT('',#10541);
#3212=VERTEX_POINT('',#10543);
#3213=VERTEX_POINT('',#10547);
#3214=VERTEX_POINT('',#10551);
#3215=VERTEX_POINT('',#10557);
#3216=VERTEX_POINT('',#10558);
#3217=VERTEX_POINT('',#10560);
#3218=VERTEX_POINT('',#10562);
#3219=VERTEX_POINT('',#10566);
#3220=VERTEX_POINT('',#10567);
#3221=VERTEX_POINT('',#10569);
#3222=VERTEX_POINT('',#10571);
#3223=VERTEX_POINT('',#10575);
#3224=VERTEX_POINT('',#10576);
#3225=VERTEX_POINT('',#10578);
#3226=VERTEX_POINT('',#10580);
#3227=VERTEX_POINT('',#10584);
#3228=VERTEX_POINT('',#10585);
#3229=VERTEX_POINT('',#10587);
#3230=VERTEX_POINT('',#10589);
#3231=VERTEX_POINT('',#10593);
#3232=VERTEX_POINT('',#10594);
#3233=VERTEX_POINT('',#10596);
#3234=VERTEX_POINT('',#10598);
#3235=VERTEX_POINT('',#10602);
#3236=VERTEX_POINT('',#10603);
#3237=VERTEX_POINT('',#10605);
#3238=VERTEX_POINT('',#10607);
#3239=VERTEX_POINT('',#10611);
#3240=VERTEX_POINT('',#10612);
#3241=VERTEX_POINT('',#10614);
#3242=VERTEX_POINT('',#10616);
#3243=VERTEX_POINT('',#10620);
#3244=VERTEX_POINT('',#10621);
#3245=VERTEX_POINT('',#10623);
#3246=VERTEX_POINT('',#10625);
#3247=VERTEX_POINT('',#10629);
#3248=VERTEX_POINT('',#10630);
#3249=VERTEX_POINT('',#10632);
#3250=VERTEX_POINT('',#10634);
#3251=VERTEX_POINT('',#10638);
#3252=VERTEX_POINT('',#10639);
#3253=VERTEX_POINT('',#10641);
#3254=VERTEX_POINT('',#10643);
#3255=VERTEX_POINT('',#10684);
#3256=VERTEX_POINT('',#10686);
#3257=VERTEX_POINT('',#10690);
#3258=VERTEX_POINT('',#10691);
#3259=VERTEX_POINT('',#10693);
#3260=VERTEX_POINT('',#10695);
#3261=VERTEX_POINT('',#10699);
#3262=VERTEX_POINT('',#10700);
#3263=VERTEX_POINT('',#10702);
#3264=VERTEX_POINT('',#10704);
#3265=VERTEX_POINT('',#10708);
#3266=VERTEX_POINT('',#10710);
#3267=VERTEX_POINT('',#10714);
#3268=VERTEX_POINT('',#10715);
#3269=VERTEX_POINT('',#10717);
#3270=VERTEX_POINT('',#10719);
#3271=VERTEX_POINT('',#10723);
#3272=VERTEX_POINT('',#10724);
#3273=VERTEX_POINT('',#10726);
#3274=VERTEX_POINT('',#10728);
#3275=VERTEX_POINT('',#10732);
#3276=VERTEX_POINT('',#10733);
#3277=VERTEX_POINT('',#10735);
#3278=VERTEX_POINT('',#10737);
#3279=VERTEX_POINT('',#10741);
#3280=VERTEX_POINT('',#10742);
#3281=VERTEX_POINT('',#10744);
#3282=VERTEX_POINT('',#10746);
#3283=VERTEX_POINT('',#10750);
#3284=VERTEX_POINT('',#10751);
#3285=VERTEX_POINT('',#10753);
#3286=VERTEX_POINT('',#10755);
#3287=VERTEX_POINT('',#10759);
#3288=VERTEX_POINT('',#10761);
#3289=VERTEX_POINT('',#10765);
#3290=VERTEX_POINT('',#10767);
#3291=VERTEX_POINT('',#10771);
#3292=VERTEX_POINT('',#10773);
#3293=VERTEX_POINT('',#10800);
#3294=VERTEX_POINT('',#10801);
#3295=VERTEX_POINT('',#10803);
#3296=VERTEX_POINT('',#10805);
#3297=VERTEX_POINT('',#10807);
#3298=VERTEX_POINT('',#10809);
#3299=VERTEX_POINT('',#10811);
#3300=VERTEX_POINT('',#10813);
#3301=VERTEX_POINT('',#10815);
#3302=VERTEX_POINT('',#10817);
#3303=VERTEX_POINT('',#10819);
#3304=VERTEX_POINT('',#10821);
#3305=VERTEX_POINT('',#10823);
#3306=VERTEX_POINT('',#10826);
#3307=VERTEX_POINT('',#10831);
#3308=VERTEX_POINT('',#10833);
#3309=VERTEX_POINT('',#10837);
#3310=VERTEX_POINT('',#10841);
#3311=VERTEX_POINT('',#10845);
#3312=VERTEX_POINT('',#10849);
#3313=VERTEX_POINT('',#10853);
#3314=VERTEX_POINT('',#10857);
#3315=VERTEX_POINT('',#10861);
#3316=VERTEX_POINT('',#10865);
#3317=VERTEX_POINT('',#10869);
#3318=VERTEX_POINT('',#10873);
#3319=VERTEX_POINT('',#10880);
#3320=VERTEX_POINT('',#10881);
#3321=VERTEX_POINT('',#10883);
#3322=VERTEX_POINT('',#10885);
#3323=VERTEX_POINT('',#10887);
#3324=VERTEX_POINT('',#10889);
#3325=VERTEX_POINT('',#10891);
#3326=VERTEX_POINT('',#10893);
#3327=VERTEX_POINT('',#10895);
#3328=VERTEX_POINT('',#10897);
#3329=VERTEX_POINT('',#10899);
#3330=VERTEX_POINT('',#10901);
#3331=VERTEX_POINT('',#10903);
#3332=VERTEX_POINT('',#10906);
#3333=VERTEX_POINT('',#10911);
#3334=VERTEX_POINT('',#10913);
#3335=VERTEX_POINT('',#10917);
#3336=VERTEX_POINT('',#10921);
#3337=VERTEX_POINT('',#10925);
#3338=VERTEX_POINT('',#10929);
#3339=VERTEX_POINT('',#10933);
#3340=VERTEX_POINT('',#10937);
#3341=VERTEX_POINT('',#10941);
#3342=VERTEX_POINT('',#10945);
#3343=VERTEX_POINT('',#10949);
#3344=VERTEX_POINT('',#10953);
#3345=VERTEX_POINT('',#10960);
#3346=VERTEX_POINT('',#10961);
#3347=VERTEX_POINT('',#10963);
#3348=VERTEX_POINT('',#10965);
#3349=VERTEX_POINT('',#10969);
#3350=VERTEX_POINT('',#10970);
#3351=VERTEX_POINT('',#10972);
#3352=VERTEX_POINT('',#10974);
#3353=VERTEX_POINT('',#10976);
#3354=VERTEX_POINT('',#10978);
#3355=VERTEX_POINT('',#10980);
#3356=VERTEX_POINT('',#10982);
#3357=VERTEX_POINT('',#10984);
#3358=VERTEX_POINT('',#10987);
#3359=VERTEX_POINT('',#10991);
#3360=VERTEX_POINT('',#10993);
#3361=VERTEX_POINT('',#10997);
#3362=VERTEX_POINT('',#10998);
#3363=VERTEX_POINT('',#11000);
#3364=VERTEX_POINT('',#11003);
#3365=VERTEX_POINT('',#11005);
#3366=VERTEX_POINT('',#11007);
#3367=VERTEX_POINT('',#11009);
#3368=VERTEX_POINT('',#11011);
#3369=VERTEX_POINT('',#11013);
#3370=VERTEX_POINT('',#11015);
#3371=VERTEX_POINT('',#11019);
#3372=VERTEX_POINT('',#11021);
#3373=VERTEX_POINT('',#11023);
#3374=VERTEX_POINT('',#11025);
#3375=VERTEX_POINT('',#11027);
#3376=VERTEX_POINT('',#11029);
#3377=VERTEX_POINT('',#11031);
#3378=VERTEX_POINT('',#11035);
#3379=VERTEX_POINT('',#11037);
#3380=VERTEX_POINT('',#11039);
#3381=VERTEX_POINT('',#11041);
#3382=VERTEX_POINT('',#11043);
#3383=VERTEX_POINT('',#11045);
#3384=VERTEX_POINT('',#11049);
#3385=VERTEX_POINT('',#11052);
#3386=VERTEX_POINT('',#11055);
#3387=VERTEX_POINT('',#11057);
#3388=VERTEX_POINT('',#11059);
#3389=VERTEX_POINT('',#11061);
#3390=VERTEX_POINT('',#11063);
#3391=VERTEX_POINT('',#11065);
#3392=VERTEX_POINT('',#11067);
#3393=VERTEX_POINT('',#11069);
#3394=VERTEX_POINT('',#11071);
#3395=VERTEX_POINT('',#11073);
#3396=VERTEX_POINT('',#11075);
#3397=VERTEX_POINT('',#11077);
#3398=VERTEX_POINT('',#11079);
#3399=VERTEX_POINT('',#11081);
#3400=VERTEX_POINT('',#11083);
#3401=VERTEX_POINT('',#11085);
#3402=VERTEX_POINT('',#11087);
#3403=VERTEX_POINT('',#11089);
#3404=VERTEX_POINT('',#11091);
#3405=VERTEX_POINT('',#11094);
#3406=VERTEX_POINT('',#11096);
#3407=VERTEX_POINT('',#11098);
#3408=VERTEX_POINT('',#11102);
#3409=VERTEX_POINT('',#11104);
#3410=VERTEX_POINT('',#11106);
#3411=VERTEX_POINT('',#11108);
#3412=VERTEX_POINT('',#11110);
#3413=VERTEX_POINT('',#11112);
#3414=VERTEX_POINT('',#11117);
#3415=VERTEX_POINT('',#11119);
#3416=VERTEX_POINT('',#11121);
#3417=VERTEX_POINT('',#11123);
#3418=VERTEX_POINT('',#11125);
#3419=VERTEX_POINT('',#11129);
#3420=VERTEX_POINT('',#11130);
#3421=VERTEX_POINT('',#11135);
#3422=VERTEX_POINT('',#11139);
#3423=VERTEX_POINT('',#11143);
#3424=VERTEX_POINT('',#11147);
#3425=VERTEX_POINT('',#11151);
#3426=VERTEX_POINT('',#11155);
#3427=VERTEX_POINT('',#11159);
#3428=VERTEX_POINT('',#11161);
#3429=VERTEX_POINT('',#11165);
#3430=VERTEX_POINT('',#11167);
#3431=VERTEX_POINT('',#11170);
#3432=VERTEX_POINT('',#11172);
#3433=VERTEX_POINT('',#11176);
#3434=VERTEX_POINT('',#11177);
#3435=VERTEX_POINT('',#11182);
#3436=VERTEX_POINT('',#11184);
#3437=VERTEX_POINT('',#11188);
#3438=VERTEX_POINT('',#11192);
#3439=VERTEX_POINT('',#11196);
#3440=VERTEX_POINT('',#11200);
#3441=VERTEX_POINT('',#11204);
#3442=VERTEX_POINT('',#11208);
#3443=VERTEX_POINT('',#11227);
#3444=VERTEX_POINT('',#11231);
#3445=VERTEX_POINT('',#11242);
#3446=VERTEX_POINT('',#11250);
#3447=VERTEX_POINT('',#11257);
#3448=VERTEX_POINT('',#11259);
#3449=VERTEX_POINT('',#11263);
#3450=VERTEX_POINT('',#11271);
#3451=VERTEX_POINT('',#11278);
#3452=VERTEX_POINT('',#11280);
#3453=VERTEX_POINT('',#11284);
#3454=VERTEX_POINT('',#11285);
#3455=VERTEX_POINT('',#11287);
#3456=VERTEX_POINT('',#11289);
#3457=VERTEX_POINT('',#11293);
#3458=VERTEX_POINT('',#11294);
#3459=VERTEX_POINT('',#11296);
#3460=VERTEX_POINT('',#11298);
#3461=VERTEX_POINT('',#11302);
#3462=VERTEX_POINT('',#11304);
#3463=VERTEX_POINT('',#11308);
#3464=VERTEX_POINT('',#11309);
#3465=VERTEX_POINT('',#11311);
#3466=VERTEX_POINT('',#11313);
#3467=VERTEX_POINT('',#11317);
#3468=VERTEX_POINT('',#11318);
#3469=VERTEX_POINT('',#11320);
#3470=VERTEX_POINT('',#11322);
#3471=VERTEX_POINT('',#11326);
#3472=VERTEX_POINT('',#11327);
#3473=VERTEX_POINT('',#11329);
#3474=VERTEX_POINT('',#11331);
#3475=VERTEX_POINT('',#11335);
#3476=VERTEX_POINT('',#11336);
#3477=VERTEX_POINT('',#11338);
#3478=VERTEX_POINT('',#11340);
#3479=VERTEX_POINT('',#11344);
#3480=VERTEX_POINT('',#11345);
#3481=VERTEX_POINT('',#11347);
#3482=VERTEX_POINT('',#11349);
#3483=VERTEX_POINT('',#11353);
#3484=VERTEX_POINT('',#11355);
#3485=VERTEX_POINT('',#11359);
#3486=VERTEX_POINT('',#11361);
#3487=VERTEX_POINT('',#11365);
#3488=VERTEX_POINT('',#11367);
#3489=VERTEX_POINT('',#11394);
#3490=VERTEX_POINT('',#11395);
#3491=VERTEX_POINT('',#11397);
#3492=VERTEX_POINT('',#11399);
#3493=VERTEX_POINT('',#11403);
#3494=VERTEX_POINT('',#11404);
#3495=VERTEX_POINT('',#11406);
#3496=VERTEX_POINT('',#11409);
#3497=VERTEX_POINT('',#11411);
#3498=VERTEX_POINT('',#11413);
#3499=VERTEX_POINT('',#11415);
#3500=VERTEX_POINT('',#11417);
#3501=VERTEX_POINT('',#11419);
#3502=VERTEX_POINT('',#11421);
#3503=VERTEX_POINT('',#11425);
#3504=VERTEX_POINT('',#11427);
#3505=VERTEX_POINT('',#11431);
#3506=VERTEX_POINT('',#11432);
#3507=VERTEX_POINT('',#11434);
#3508=VERTEX_POINT('',#11436);
#3509=VERTEX_POINT('',#11438);
#3510=VERTEX_POINT('',#11440);
#3511=VERTEX_POINT('',#11442);
#3512=VERTEX_POINT('',#11444);
#3513=VERTEX_POINT('',#11446);
#3514=VERTEX_POINT('',#11449);
#3515=VERTEX_POINT('',#11453);
#3516=VERTEX_POINT('',#11455);
#3517=VERTEX_POINT('',#11457);
#3518=VERTEX_POINT('',#11459);
#3519=VERTEX_POINT('',#11461);
#3520=VERTEX_POINT('',#11463);
#3521=VERTEX_POINT('',#11465);
#3522=VERTEX_POINT('',#11469);
#3523=VERTEX_POINT('',#11471);
#3524=VERTEX_POINT('',#11473);
#3525=VERTEX_POINT('',#11475);
#3526=VERTEX_POINT('',#11477);
#3527=VERTEX_POINT('',#11479);
#3528=VERTEX_POINT('',#11483);
#3529=VERTEX_POINT('',#11485);
#3530=VERTEX_POINT('',#11487);
#3531=VERTEX_POINT('',#11489);
#3532=VERTEX_POINT('',#11492);
#3533=VERTEX_POINT('',#11494);
#3534=VERTEX_POINT('',#11496);
#3535=VERTEX_POINT('',#11498);
#3536=VERTEX_POINT('',#11500);
#3537=VERTEX_POINT('',#11502);
#3538=VERTEX_POINT('',#11504);
#3539=VERTEX_POINT('',#11506);
#3540=VERTEX_POINT('',#11508);
#3541=VERTEX_POINT('',#11510);
#3542=VERTEX_POINT('',#11512);
#3543=VERTEX_POINT('',#11514);
#3544=VERTEX_POINT('',#11516);
#3545=VERTEX_POINT('',#11518);
#3546=VERTEX_POINT('',#11520);
#3547=VERTEX_POINT('',#11522);
#3548=VERTEX_POINT('',#11524);
#3549=VERTEX_POINT('',#11526);
#3550=VERTEX_POINT('',#11528);
#3551=VERTEX_POINT('',#11531);
#3552=VERTEX_POINT('',#11536);
#3553=VERTEX_POINT('',#11538);
#3554=VERTEX_POINT('',#11540);
#3555=VERTEX_POINT('',#11542);
#3556=VERTEX_POINT('',#11544);
#3557=VERTEX_POINT('',#11546);
#3558=VERTEX_POINT('',#11551);
#3559=VERTEX_POINT('',#11553);
#3560=VERTEX_POINT('',#11555);
#3561=VERTEX_POINT('',#11557);
#3562=VERTEX_POINT('',#11559);
#3563=VERTEX_POINT('',#11563);
#3564=VERTEX_POINT('',#11564);
#3565=VERTEX_POINT('',#11569);
#3566=VERTEX_POINT('',#11573);
#3567=VERTEX_POINT('',#11577);
#3568=VERTEX_POINT('',#11581);
#3569=VERTEX_POINT('',#11585);
#3570=VERTEX_POINT('',#11589);
#3571=VERTEX_POINT('',#11593);
#3572=VERTEX_POINT('',#11595);
#3573=VERTEX_POINT('',#11599);
#3574=VERTEX_POINT('',#11601);
#3575=VERTEX_POINT('',#11603);
#3576=VERTEX_POINT('',#11606);
#3577=VERTEX_POINT('',#11610);
#3578=VERTEX_POINT('',#11611);
#3579=VERTEX_POINT('',#11616);
#3580=VERTEX_POINT('',#11618);
#3581=VERTEX_POINT('',#11622);
#3582=VERTEX_POINT('',#11626);
#3583=VERTEX_POINT('',#11630);
#3584=VERTEX_POINT('',#11634);
#3585=VERTEX_POINT('',#11638);
#3586=VERTEX_POINT('',#11642);
#3587=VERTEX_POINT('',#11661);
#3588=VERTEX_POINT('',#11665);
#3589=VERTEX_POINT('',#11676);
#3590=VERTEX_POINT('',#11684);
#3591=VERTEX_POINT('',#11691);
#3592=VERTEX_POINT('',#11693);
#3593=VERTEX_POINT('',#11697);
#3594=VERTEX_POINT('',#11705);
#3595=VERTEX_POINT('',#11712);
#3596=VERTEX_POINT('',#11714);
#3597=VERTEX_POINT('',#11716);
#3598=VERTEX_POINT('',#11718);
#3599=VERTEX_POINT('',#11720);
#3600=VERTEX_POINT('',#11722);
#3601=VERTEX_POINT('',#11724);
#3602=VERTEX_POINT('',#11726);
#3603=VERTEX_POINT('',#11728);
#3604=VERTEX_POINT('',#11730);
#3605=VERTEX_POINT('',#11732);
#3606=VERTEX_POINT('',#11734);
#3607=VERTEX_POINT('',#11736);
#3608=VERTEX_POINT('',#11738);
#3609=VERTEX_POINT('',#11743);
#3610=VERTEX_POINT('',#11745);
#3611=VERTEX_POINT('',#11749);
#3612=VERTEX_POINT('',#11753);
#3613=VERTEX_POINT('',#11757);
#3614=VERTEX_POINT('',#11761);
#3615=VERTEX_POINT('',#11765);
#3616=VERTEX_POINT('',#11769);
#3617=VERTEX_POINT('',#11773);
#3618=VERTEX_POINT('',#11777);
#3619=VERTEX_POINT('',#11781);
#3620=VERTEX_POINT('',#11785);
#3621=VERTEX_POINT('',#11792);
#3622=VERTEX_POINT('',#11794);
#3623=VERTEX_POINT('',#11796);
#3624=VERTEX_POINT('',#11798);
#3625=VERTEX_POINT('',#11800);
#3626=VERTEX_POINT('',#11802);
#3627=VERTEX_POINT('',#11804);
#3628=VERTEX_POINT('',#11806);
#3629=VERTEX_POINT('',#11808);
#3630=VERTEX_POINT('',#11810);
#3631=VERTEX_POINT('',#11812);
#3632=VERTEX_POINT('',#11814);
#3633=VERTEX_POINT('',#11816);
#3634=VERTEX_POINT('',#11818);
#3635=VERTEX_POINT('',#11823);
#3636=VERTEX_POINT('',#11825);
#3637=VERTEX_POINT('',#11829);
#3638=VERTEX_POINT('',#11833);
#3639=VERTEX_POINT('',#11837);
#3640=VERTEX_POINT('',#11841);
#3641=VERTEX_POINT('',#11845);
#3642=VERTEX_POINT('',#11849);
#3643=VERTEX_POINT('',#11853);
#3644=VERTEX_POINT('',#11857);
#3645=VERTEX_POINT('',#11861);
#3646=VERTEX_POINT('',#11865);
#3647=EDGE_CURVE('',#3026,#3026,#2783,.T.);
#3648=EDGE_CURVE('',#3026,#3027,#1409,.T.);
#3649=EDGE_CURVE('',#3027,#3027,#2784,.T.);
#3650=EDGE_CURVE('',#3026,#3028,#1410,.T.);
#3651=EDGE_CURVE('',#3028,#3028,#2785,.T.);
#3652=EDGE_CURVE('',#3029,#3029,#2786,.T.);
#3653=EDGE_CURVE('',#3030,#3030,#2787,.T.);
#3654=EDGE_CURVE('',#3030,#3028,#1411,.T.);
#3655=EDGE_CURVE('',#3031,#3031,#2788,.T.);
#3656=EDGE_CURVE('',#3032,#3032,#2789,.T.);
#3657=EDGE_CURVE('',#3032,#3031,#1412,.T.);
#3658=EDGE_CURVE('',#3033,#3033,#2790,.T.);
#3659=EDGE_CURVE('',#3033,#3032,#1413,.T.);
#3660=EDGE_CURVE('',#3029,#3033,#1414,.T.);
#3661=EDGE_CURVE('',#3034,#3035,#2791,.T.);
#3662=EDGE_CURVE('',#3035,#3036,#1415,.T.);
#3663=EDGE_CURVE('',#3036,#3036,#2792,.T.);
#3664=EDGE_CURVE('',#3035,#3034,#2793,.T.);
#3665=EDGE_CURVE('',#3037,#3037,#2794,.T.);
#3666=EDGE_CURVE('',#3038,#3038,#2795,.T.);
#3667=EDGE_CURVE('',#3038,#3039,#1416,.T.);
#3668=EDGE_CURVE('',#3039,#3039,#2796,.T.);
#3669=EDGE_CURVE('',#3037,#3038,#1417,.T.);
#3670=EDGE_CURVE('',#3034,#3040,#1418,.T.);
#3671=EDGE_CURVE('',#3040,#3040,#2797,.T.);
#3672=EDGE_CURVE('',#3041,#3042,#2798,.T.);
#3673=EDGE_CURVE('',#3043,#3041,#2799,.T.);
#3674=EDGE_CURVE('',#3044,#3043,#2800,.T.);
#3675=EDGE_CURVE('',#3045,#3044,#2801,.T.);
#3676=EDGE_CURVE('',#3046,#3045,#2802,.T.);
#3677=EDGE_CURVE('',#3042,#3046,#2803,.T.);
#3678=EDGE_CURVE('',#3043,#3044,#77,.T.);
#3679=EDGE_CURVE('',#3041,#3043,#78,.T.);
#3680=EDGE_CURVE('',#3042,#3041,#79,.T.);
#3681=EDGE_CURVE('',#3046,#3042,#80,.T.);
#3682=EDGE_CURVE('',#3045,#3046,#81,.T.);
#3683=EDGE_CURVE('',#3044,#3045,#82,.T.);
#3684=EDGE_CURVE('',#3047,#3048,#1419,.T.);
#3685=EDGE_CURVE('',#3049,#3047,#1420,.T.);
#3686=EDGE_CURVE('',#3050,#3049,#1421,.T.);
#3687=EDGE_CURVE('',#3051,#3050,#1422,.T.);
#3688=EDGE_CURVE('',#3052,#3051,#1423,.T.);
#3689=EDGE_CURVE('',#3048,#3052,#1424,.T.);
#3690=EDGE_CURVE('',#3049,#3043,#1425,.T.);
#3691=EDGE_CURVE('',#3047,#3044,#1426,.T.);
#3692=EDGE_CURVE('',#3050,#3041,#1427,.T.);
#3693=EDGE_CURVE('',#3051,#3042,#1428,.T.);
#3694=EDGE_CURVE('',#3052,#3046,#1429,.T.);
#3695=EDGE_CURVE('',#3048,#3045,#1430,.T.);
#3696=EDGE_CURVE('',#3053,#3054,#2804,.T.);
#3697=EDGE_CURVE('',#3054,#3055,#1431,.T.);
#3698=EDGE_CURVE('',#3055,#3055,#2805,.T.);
#3699=EDGE_CURVE('',#3054,#3053,#2806,.T.);
#3700=EDGE_CURVE('',#3056,#3056,#2807,.T.);
#3701=EDGE_CURVE('',#3057,#3057,#2808,.T.);
#3702=EDGE_CURVE('',#3057,#3058,#1432,.T.);
#3703=EDGE_CURVE('',#3058,#3058,#2809,.T.);
#3704=EDGE_CURVE('',#3056,#3057,#1433,.T.);
#3705=EDGE_CURVE('',#3053,#3059,#1434,.T.);
#3706=EDGE_CURVE('',#3059,#3059,#2810,.T.);
#3707=EDGE_CURVE('',#3060,#3061,#2811,.T.);
#3708=EDGE_CURVE('',#3062,#3060,#2812,.T.);
#3709=EDGE_CURVE('',#3063,#3062,#2813,.T.);
#3710=EDGE_CURVE('',#3064,#3063,#2814,.T.);
#3711=EDGE_CURVE('',#3065,#3064,#2815,.T.);
#3712=EDGE_CURVE('',#3061,#3065,#2816,.T.);
#3713=EDGE_CURVE('',#3062,#3063,#83,.T.);
#3714=EDGE_CURVE('',#3060,#3062,#84,.T.);
#3715=EDGE_CURVE('',#3061,#3060,#85,.T.);
#3716=EDGE_CURVE('',#3065,#3061,#86,.T.);
#3717=EDGE_CURVE('',#3064,#3065,#87,.T.);
#3718=EDGE_CURVE('',#3063,#3064,#88,.T.);
#3719=EDGE_CURVE('',#3066,#3067,#1435,.T.);
#3720=EDGE_CURVE('',#3068,#3066,#1436,.T.);
#3721=EDGE_CURVE('',#3069,#3068,#1437,.T.);
#3722=EDGE_CURVE('',#3070,#3069,#1438,.T.);
#3723=EDGE_CURVE('',#3071,#3070,#1439,.T.);
#3724=EDGE_CURVE('',#3067,#3071,#1440,.T.);
#3725=EDGE_CURVE('',#3068,#3062,#1441,.T.);
#3726=EDGE_CURVE('',#3066,#3063,#1442,.T.);
#3727=EDGE_CURVE('',#3069,#3060,#1443,.T.);
#3728=EDGE_CURVE('',#3070,#3061,#1444,.T.);
#3729=EDGE_CURVE('',#3071,#3065,#1445,.T.);
#3730=EDGE_CURVE('',#3067,#3064,#1446,.T.);
#3731=EDGE_CURVE('',#3072,#3073,#1447,.T.);
#3732=EDGE_CURVE('',#3074,#3072,#1448,.T.);
#3733=EDGE_CURVE('',#3074,#3075,#1449,.T.);
#3734=EDGE_CURVE('',#3073,#3075,#1450,.T.);
#3735=EDGE_CURVE('',#3076,#3077,#1451,.T.);
#3736=EDGE_CURVE('',#3078,#3077,#2817,.T.);
#3737=EDGE_CURVE('',#3079,#3078,#1452,.T.);
#3738=EDGE_CURVE('',#3076,#3079,#2818,.T.);
#3739=EDGE_CURVE('',#3080,#3081,#1453,.T.);
#3740=EDGE_CURVE('',#3079,#3080,#1454,.T.);
#3741=EDGE_CURVE('',#3081,#3078,#1455,.T.);
#3742=EDGE_CURVE('',#3082,#3081,#2819,.T.);
#3743=EDGE_CURVE('',#3083,#3082,#1456,.T.);
#3744=EDGE_CURVE('',#3080,#3083,#2820,.T.);
#3745=EDGE_CURVE('',#3084,#3082,#1457,.T.);
#3746=EDGE_CURVE('',#3085,#3084,#1458,.T.);
#3747=EDGE_CURVE('',#3083,#3085,#1459,.T.);
#3748=EDGE_CURVE('',#3086,#3084,#2821,.T.);
#3749=EDGE_CURVE('',#3087,#3086,#1460,.T.);
#3750=EDGE_CURVE('',#3085,#3087,#2822,.T.);
#3751=EDGE_CURVE('',#3088,#3087,#1461,.T.);
#3752=EDGE_CURVE('',#3088,#3089,#23,.T.);
#3753=EDGE_CURVE('',#3090,#3089,#15,.T.);
#3754=EDGE_CURVE('',#3085,#3090,#1462,.T.);
#3755=EDGE_CURVE('',#3090,#3091,#89,.T.);
#3756=EDGE_CURVE('',#3091,#3083,#1463,.T.);
#3757=EDGE_CURVE('',#3092,#3091,#16,.T.);
#3758=EDGE_CURVE('',#3080,#3092,#1464,.T.);
#3759=EDGE_CURVE('',#3092,#3093,#1465,.T.);
#3760=EDGE_CURVE('',#3093,#3094,#90,.T.);
#3761=EDGE_CURVE('',#3094,#3079,#1466,.T.);
#3762=EDGE_CURVE('',#3095,#3094,#17,.T.);
#3763=EDGE_CURVE('',#3076,#3095,#1467,.T.);
#3764=EDGE_CURVE('',#3096,#3096,#2823,.T.);
#3765=EDGE_CURVE('',#3096,#3097,#1468,.T.);
#3766=EDGE_CURVE('',#3097,#3097,#2824,.T.);
#3767=EDGE_CURVE('',#3098,#3098,#2825,.T.);
#3768=EDGE_CURVE('',#3098,#3097,#1469,.T.);
#3769=EDGE_CURVE('',#3099,#3099,#2826,.T.);
#3770=EDGE_CURVE('',#3099,#3100,#1470,.T.);
#3771=EDGE_CURVE('',#3100,#3100,#2827,.T.);
#3772=EDGE_CURVE('',#3101,#3101,#2828,.T.);
#3773=EDGE_CURVE('',#3101,#3100,#1471,.T.);
#3774=EDGE_CURVE('',#3102,#3102,#2829,.T.);
#3775=EDGE_CURVE('',#3102,#3098,#1472,.T.);
#3776=EDGE_CURVE('',#3103,#3104,#1473,.T.);
#3777=EDGE_CURVE('',#3104,#3103,#2830,.T.);
#3778=EDGE_CURVE('',#3105,#3105,#2831,.T.);
#3779=EDGE_CURVE('',#3105,#3101,#1474,.T.);
#3780=EDGE_CURVE('',#3106,#3107,#1475,.T.);
#3781=EDGE_CURVE('',#3107,#3106,#2832,.T.);
#3782=EDGE_CURVE('',#3089,#3108,#1476,.T.);
#3783=EDGE_CURVE('',#3109,#3108,#2833,.T.);
#3784=EDGE_CURVE('',#3092,#3109,#1477,.T.);
#3785=EDGE_CURVE('',#3107,#3106,#24,.T.);
#3786=EDGE_CURVE('',#3104,#3103,#25,.T.);
#3787=EDGE_CURVE('',#3110,#3111,#91,.T.);
#3788=EDGE_CURVE('',#3110,#3112,#1478,.T.);
#3789=EDGE_CURVE('',#3113,#3112,#2834,.T.);
#3790=EDGE_CURVE('',#3111,#3113,#1479,.T.);
#3791=EDGE_CURVE('',#3111,#3088,#1480,.T.);
#3792=EDGE_CURVE('',#3113,#3108,#1481,.T.);
#3793=EDGE_CURVE('',#3109,#3114,#1482,.T.);
#3794=EDGE_CURVE('',#3093,#3114,#1483,.T.);
#3795=EDGE_CURVE('',#3095,#3115,#92,.T.);
#3796=EDGE_CURVE('',#3116,#3114,#2835,.T.);
#3797=EDGE_CURVE('',#3115,#3116,#1484,.T.);
#3798=EDGE_CURVE('',#3072,#3117,#1485,.T.);
#3799=EDGE_CURVE('',#3118,#3117,#1486,.T.);
#3800=EDGE_CURVE('',#3074,#3118,#1487,.T.);
#3801=EDGE_CURVE('',#3119,#3119,#2836,.T.);
#3802=EDGE_CURVE('',#3119,#3120,#1488,.T.);
#3803=EDGE_CURVE('',#3120,#3120,#2837,.T.);
#3804=EDGE_CURVE('',#3119,#3121,#1489,.T.);
#3805=EDGE_CURVE('',#3121,#3121,#2838,.T.);
#3806=EDGE_CURVE('',#3122,#3122,#2839,.T.);
#3807=EDGE_CURVE('',#3122,#3123,#1490,.T.);
#3808=EDGE_CURVE('',#3123,#3123,#2840,.T.);
#3809=EDGE_CURVE('',#3122,#3124,#1491,.T.);
#3810=EDGE_CURVE('',#3124,#3124,#2841,.T.);
#3811=EDGE_CURVE('',#3125,#3126,#18,.T.);
#3812=EDGE_CURVE('',#3125,#3126,#19,.T.);
#3813=EDGE_CURVE('',#3074,#3127,#2842,.T.);
#3814=EDGE_CURVE('',#3127,#3128,#1492,.T.);
#3815=EDGE_CURVE('',#3128,#3075,#2843,.T.);
#3816=EDGE_CURVE('',#3129,#3130,#1493,.T.);
#3817=EDGE_CURVE('',#3130,#3128,#1494,.T.);
#3818=EDGE_CURVE('',#3127,#3129,#1495,.T.);
#3819=EDGE_CURVE('',#3130,#3073,#2844,.T.);
#3820=EDGE_CURVE('',#3129,#3072,#2845,.T.);
#3821=EDGE_CURVE('',#3131,#3110,#1496,.T.);
#3822=EDGE_CURVE('',#3132,#3087,#1497,.T.);
#3823=EDGE_CURVE('',#3133,#3132,#1498,.T.);
#3824=EDGE_CURVE('',#3134,#3133,#1499,.T.);
#3825=EDGE_CURVE('',#3131,#3134,#93,.T.);
#3826=EDGE_CURVE('',#3135,#3135,#2846,.T.);
#3827=EDGE_CURVE('',#3135,#3124,#1500,.T.);
#3828=EDGE_CURVE('',#3136,#3115,#1501,.T.);
#3829=EDGE_CURVE('',#3137,#3136,#94,.T.);
#3830=EDGE_CURVE('',#3138,#3137,#1502,.T.);
#3831=EDGE_CURVE('',#3076,#3138,#1503,.T.);
#3832=EDGE_CURVE('',#3139,#3139,#2847,.T.);
#3833=EDGE_CURVE('',#3139,#3121,#1504,.T.);
#3834=EDGE_CURVE('',#3138,#3140,#1505,.T.);
#3835=EDGE_CURVE('',#3077,#3140,#1506,.T.);
#3836=EDGE_CURVE('',#3138,#3141,#2848,.T.);
#3837=EDGE_CURVE('',#3141,#3142,#1507,.T.);
#3838=EDGE_CURVE('',#3142,#3140,#2849,.T.);
#3839=EDGE_CURVE('',#3143,#3144,#1508,.T.);
#3840=EDGE_CURVE('',#3144,#3142,#1509,.T.);
#3841=EDGE_CURVE('',#3141,#3143,#1510,.T.);
#3842=EDGE_CURVE('',#3143,#3145,#2850,.T.);
#3843=EDGE_CURVE('',#3145,#3146,#1511,.T.);
#3844=EDGE_CURVE('',#3146,#3144,#2851,.T.);
#3845=EDGE_CURVE('',#3145,#3147,#1512,.T.);
#3846=EDGE_CURVE('',#3147,#3148,#1513,.T.);
#3847=EDGE_CURVE('',#3148,#3146,#1514,.T.);
#3848=EDGE_CURVE('',#3147,#3132,#2852,.T.);
#3849=EDGE_CURVE('',#3132,#3149,#1515,.T.);
#3850=EDGE_CURVE('',#3149,#3148,#2853,.T.);
#3851=EDGE_CURVE('',#3149,#3086,#1516,.T.);
#3852=EDGE_CURVE('',#3147,#3150,#1517,.T.);
#3853=EDGE_CURVE('',#3150,#3151,#20,.T.);
#3854=EDGE_CURVE('',#3133,#3151,#26,.T.);
#3855=EDGE_CURVE('',#3152,#3145,#1518,.T.);
#3856=EDGE_CURVE('',#3150,#3152,#95,.T.);
#3857=EDGE_CURVE('',#3143,#3153,#1519,.T.);
#3858=EDGE_CURVE('',#3153,#3152,#21,.T.);
#3859=EDGE_CURVE('',#3154,#3141,#1520,.T.);
#3860=EDGE_CURVE('',#3155,#3154,#96,.T.);
#3861=EDGE_CURVE('',#3153,#3155,#1521,.T.);
#3862=EDGE_CURVE('',#3137,#3154,#22,.T.);
#3863=EDGE_CURVE('',#3156,#3156,#2854,.T.);
#3864=EDGE_CURVE('',#3156,#3157,#1522,.T.);
#3865=EDGE_CURVE('',#3157,#3157,#2855,.T.);
#3866=EDGE_CURVE('',#3158,#3158,#2856,.T.);
#3867=EDGE_CURVE('',#3159,#3159,#2857,.T.);
#3868=EDGE_CURVE('',#3159,#3157,#1523,.T.);
#3869=EDGE_CURVE('',#3158,#3160,#1524,.T.);
#3870=EDGE_CURVE('',#3160,#3160,#2858,.T.);
#3871=EDGE_CURVE('',#3161,#3161,#2859,.T.);
#3872=EDGE_CURVE('',#3161,#3160,#1525,.T.);
#3873=EDGE_CURVE('',#3162,#3162,#2860,.T.);
#3874=EDGE_CURVE('',#3162,#3159,#1526,.T.);
#3875=EDGE_CURVE('',#3163,#3164,#1527,.T.);
#3876=EDGE_CURVE('',#3164,#3163,#2861,.T.);
#3877=EDGE_CURVE('',#3165,#3165,#2862,.T.);
#3878=EDGE_CURVE('',#3165,#3161,#1528,.T.);
#3879=EDGE_CURVE('',#3166,#3167,#1529,.T.);
#3880=EDGE_CURVE('',#3167,#3166,#2863,.T.);
#3881=EDGE_CURVE('',#3153,#3168,#1530,.T.);
#3882=EDGE_CURVE('',#3168,#3169,#2864,.T.);
#3883=EDGE_CURVE('',#3151,#3169,#1531,.T.);
#3884=EDGE_CURVE('',#3167,#3166,#27,.T.);
#3885=EDGE_CURVE('',#3164,#3163,#28,.T.);
#3886=EDGE_CURVE('',#3170,#3116,#1532,.T.);
#3887=EDGE_CURVE('',#3136,#3170,#1533,.T.);
#3888=EDGE_CURVE('',#3131,#3171,#1534,.T.);
#3889=EDGE_CURVE('',#3112,#3171,#1535,.T.);
#3890=EDGE_CURVE('',#3134,#3172,#1536,.T.);
#3891=EDGE_CURVE('',#3172,#3171,#2865,.T.);
#3892=EDGE_CURVE('',#3172,#3169,#1537,.T.);
#3893=EDGE_CURVE('',#3155,#3173,#1538,.T.);
#3894=EDGE_CURVE('',#3168,#3173,#1539,.T.);
#3895=EDGE_CURVE('',#3170,#3173,#2866,.T.);
#3896=EDGE_CURVE('',#3174,#3174,#2867,.T.);
#3897=EDGE_CURVE('',#3118,#3175,#2868,.T.);
#3898=EDGE_CURVE('',#3117,#3176,#2869,.T.);
#3899=EDGE_CURVE('',#3175,#3176,#1540,.T.);
#3900=EDGE_CURVE('',#3129,#3176,#1541,.T.);
#3901=EDGE_CURVE('',#3127,#3175,#1542,.T.);
#3902=EDGE_CURVE('',#3174,#3177,#1543,.T.);
#3903=EDGE_CURVE('',#3177,#3177,#2870,.T.);
#3904=EDGE_CURVE('',#3177,#3125,#1544,.T.);
#3905=EDGE_CURVE('',#3178,#3179,#2871,.T.);
#3906=EDGE_CURVE('',#3179,#3180,#1545,.T.);
#3907=EDGE_CURVE('',#3180,#3180,#2872,.T.);
#3908=EDGE_CURVE('',#3179,#3178,#2873,.T.);
#3909=EDGE_CURVE('',#3181,#3181,#2874,.T.);
#3910=EDGE_CURVE('',#3182,#3182,#2875,.T.);
#3911=EDGE_CURVE('',#3182,#3183,#1546,.T.);
#3912=EDGE_CURVE('',#3183,#3183,#2876,.T.);
#3913=EDGE_CURVE('',#3181,#3182,#1547,.T.);
#3914=EDGE_CURVE('',#3178,#3184,#1548,.T.);
#3915=EDGE_CURVE('',#3184,#3184,#2877,.T.);
#3916=EDGE_CURVE('',#3185,#3186,#2878,.T.);
#3917=EDGE_CURVE('',#3187,#3185,#2879,.T.);
#3918=EDGE_CURVE('',#3188,#3187,#2880,.T.);
#3919=EDGE_CURVE('',#3189,#3188,#2881,.T.);
#3920=EDGE_CURVE('',#3190,#3189,#2882,.T.);
#3921=EDGE_CURVE('',#3186,#3190,#2883,.T.);
#3922=EDGE_CURVE('',#3187,#3188,#97,.T.);
#3923=EDGE_CURVE('',#3185,#3187,#98,.T.);
#3924=EDGE_CURVE('',#3186,#3185,#99,.T.);
#3925=EDGE_CURVE('',#3190,#3186,#100,.T.);
#3926=EDGE_CURVE('',#3189,#3190,#101,.T.);
#3927=EDGE_CURVE('',#3188,#3189,#102,.T.);
#3928=EDGE_CURVE('',#3191,#3192,#1549,.T.);
#3929=EDGE_CURVE('',#3193,#3191,#1550,.T.);
#3930=EDGE_CURVE('',#3194,#3193,#1551,.T.);
#3931=EDGE_CURVE('',#3195,#3194,#1552,.T.);
#3932=EDGE_CURVE('',#3196,#3195,#1553,.T.);
#3933=EDGE_CURVE('',#3192,#3196,#1554,.T.);
#3934=EDGE_CURVE('',#3193,#3187,#1555,.T.);
#3935=EDGE_CURVE('',#3191,#3188,#1556,.T.);
#3936=EDGE_CURVE('',#3194,#3185,#1557,.T.);
#3937=EDGE_CURVE('',#3195,#3186,#1558,.T.);
#3938=EDGE_CURVE('',#3196,#3190,#1559,.T.);
#3939=EDGE_CURVE('',#3192,#3189,#1560,.T.);
#3940=EDGE_CURVE('',#3197,#3197,#2884,.T.);
#3941=EDGE_CURVE('',#3197,#3198,#1561,.T.);
#3942=EDGE_CURVE('',#3198,#3198,#2885,.T.);
#3943=EDGE_CURVE('',#3199,#3199,#2886,.T.);
#3944=EDGE_CURVE('',#3199,#3200,#1562,.T.);
#3945=EDGE_CURVE('',#3200,#3200,#2887,.T.);
#3946=EDGE_CURVE('',#3201,#3201,#2888,.T.);
#3947=EDGE_CURVE('',#3201,#3197,#1563,.T.);
#3948=EDGE_CURVE('',#3202,#3202,#2889,.T.);
#3949=EDGE_CURVE('',#3202,#3199,#1564,.T.);
#3950=EDGE_CURVE('',#3203,#3203,#2890,.T.);
#3951=EDGE_CURVE('',#3203,#3204,#1565,.T.);
#3952=EDGE_CURVE('',#3204,#3204,#2891,.T.);
#3953=EDGE_CURVE('',#3205,#3206,#2892,.T.);
#3954=EDGE_CURVE('',#3206,#3207,#1566,.T.);
#3955=EDGE_CURVE('',#3208,#3207,#2893,.T.);
#3956=EDGE_CURVE('',#3205,#3208,#1567,.T.);
#3957=EDGE_CURVE('',#3209,#3209,#2894,.T.);
#3958=EDGE_CURVE('',#3209,#3210,#1568,.T.);
#3959=EDGE_CURVE('',#3210,#3210,#2895,.T.);
#3960=EDGE_CURVE('',#3211,#3211,#2896,.T.);
#3961=EDGE_CURVE('',#3211,#3212,#1569,.T.);
#3962=EDGE_CURVE('',#3212,#3212,#2897,.T.);
#3963=EDGE_CURVE('',#3213,#3213,#2898,.T.);
#3964=EDGE_CURVE('',#3213,#3209,#1570,.T.);
#3965=EDGE_CURVE('',#3214,#3214,#2899,.T.);
#3966=EDGE_CURVE('',#3214,#3211,#1571,.T.);
#3967=EDGE_CURVE('',#3215,#3216,#1572,.T.);
#3968=EDGE_CURVE('',#3217,#3215,#1573,.T.);
#3969=EDGE_CURVE('',#3217,#3218,#1574,.T.);
#3970=EDGE_CURVE('',#3216,#3218,#1575,.T.);
#3971=EDGE_CURVE('',#3219,#3220,#1576,.T.);
#3972=EDGE_CURVE('',#3221,#3219,#1577,.T.);
#3973=EDGE_CURVE('',#3221,#3222,#1578,.T.);
#3974=EDGE_CURVE('',#3220,#3222,#1579,.T.);
#3975=EDGE_CURVE('',#3223,#3224,#1580,.T.);
#3976=EDGE_CURVE('',#3225,#3223,#1581,.T.);
#3977=EDGE_CURVE('',#3225,#3226,#1582,.T.);
#3978=EDGE_CURVE('',#3224,#3226,#1583,.T.);
#3979=EDGE_CURVE('',#3227,#3228,#1584,.T.);
#3980=EDGE_CURVE('',#3229,#3227,#1585,.T.);
#3981=EDGE_CURVE('',#3229,#3230,#1586,.T.);
#3982=EDGE_CURVE('',#3228,#3230,#1587,.T.);
#3983=EDGE_CURVE('',#3231,#3232,#1588,.T.);
#3984=EDGE_CURVE('',#3233,#3231,#1589,.T.);
#3985=EDGE_CURVE('',#3233,#3234,#1590,.T.);
#3986=EDGE_CURVE('',#3232,#3234,#1591,.T.);
#3987=EDGE_CURVE('',#3235,#3236,#1592,.T.);
#3988=EDGE_CURVE('',#3237,#3235,#1593,.T.);
#3989=EDGE_CURVE('',#3237,#3238,#1594,.T.);
#3990=EDGE_CURVE('',#3236,#3238,#1595,.T.);
#3991=EDGE_CURVE('',#3239,#3240,#1596,.T.);
#3992=EDGE_CURVE('',#3239,#3241,#1597,.T.);
#3993=EDGE_CURVE('',#3241,#3242,#1598,.T.);
#3994=EDGE_CURVE('',#3240,#3242,#1599,.T.);
#3995=EDGE_CURVE('',#3243,#3244,#1600,.T.);
#3996=EDGE_CURVE('',#3245,#3243,#1601,.T.);
#3997=EDGE_CURVE('',#3245,#3246,#1602,.T.);
#3998=EDGE_CURVE('',#3244,#3246,#1603,.T.);
#3999=EDGE_CURVE('',#3247,#3248,#1604,.T.);
#4000=EDGE_CURVE('',#3248,#3249,#2900,.T.);
#4001=EDGE_CURVE('',#3250,#3249,#1605,.T.);
#4002=EDGE_CURVE('',#3247,#3250,#2901,.T.);
#4003=EDGE_CURVE('',#3251,#3252,#1606,.T.);
#4004=EDGE_CURVE('',#3252,#3253,#1607,.T.);
#4005=EDGE_CURVE('',#3254,#3253,#1608,.T.);
#4006=EDGE_CURVE('',#3251,#3254,#1609,.T.);
#4007=EDGE_CURVE('',#3208,#3252,#1610,.T.);
#4008=EDGE_CURVE('',#3205,#3251,#1611,.T.);
#4009=EDGE_CURVE('',#3232,#3206,#1612,.T.);
#4010=EDGE_CURVE('',#3234,#3207,#1613,.T.);
#4011=EDGE_CURVE('',#3226,#3233,#1614,.T.);
#4012=EDGE_CURVE('',#3224,#3231,#1615,.T.);
#4013=EDGE_CURVE('',#3223,#3228,#1616,.T.);
#4014=EDGE_CURVE('',#3225,#3230,#1617,.T.);
#4015=EDGE_CURVE('',#3227,#3240,#1618,.T.);
#4016=EDGE_CURVE('',#3229,#3242,#1619,.T.);
#4017=EDGE_CURVE('',#3241,#3246,#1620,.T.);
#4018=EDGE_CURVE('',#3239,#3244,#1621,.T.);
#4019=EDGE_CURVE('',#3245,#3218,#1622,.T.);
#4020=EDGE_CURVE('',#3243,#3216,#1623,.T.);
#4021=EDGE_CURVE('',#3220,#3215,#1624,.T.);
#4022=EDGE_CURVE('',#3222,#3217,#1625,.T.);
#4023=EDGE_CURVE('',#3236,#3219,#1626,.T.);
#4024=EDGE_CURVE('',#3238,#3221,#1627,.T.);
#4025=EDGE_CURVE('',#3237,#3249,#1628,.T.);
#4026=EDGE_CURVE('',#3235,#3250,#1629,.T.);
#4027=EDGE_CURVE('',#3248,#3253,#1630,.T.);
#4028=EDGE_CURVE('',#3247,#3254,#1631,.T.);
#4029=EDGE_CURVE('',#3255,#3255,#2902,.T.);
#4030=EDGE_CURVE('',#3255,#3256,#1632,.T.);
#4031=EDGE_CURVE('',#3256,#3256,#2903,.T.);
#4032=EDGE_CURVE('',#3257,#3258,#2904,.T.);
#4033=EDGE_CURVE('',#3258,#3259,#1633,.T.);
#4034=EDGE_CURVE('',#3260,#3259,#2905,.T.);
#4035=EDGE_CURVE('',#3257,#3260,#1634,.T.);
#4036=EDGE_CURVE('',#3261,#3262,#2906,.T.);
#4037=EDGE_CURVE('',#3263,#3261,#1635,.T.);
#4038=EDGE_CURVE('',#3263,#3264,#2907,.T.);
#4039=EDGE_CURVE('',#3264,#3262,#1636,.T.);
#4040=EDGE_CURVE('',#3265,#3261,#1637,.T.);
#4041=EDGE_CURVE('',#3265,#3266,#1638,.T.);
#4042=EDGE_CURVE('',#3266,#3263,#1639,.T.);
#4043=EDGE_CURVE('',#3267,#3268,#1640,.T.);
#4044=EDGE_CURVE('',#3267,#3269,#1641,.T.);
#4045=EDGE_CURVE('',#3269,#3270,#1642,.T.);
#4046=EDGE_CURVE('',#3270,#3268,#1643,.T.);
#4047=EDGE_CURVE('',#3271,#3272,#1644,.T.);
#4048=EDGE_CURVE('',#3271,#3273,#1645,.T.);
#4049=EDGE_CURVE('',#3273,#3274,#1646,.T.);
#4050=EDGE_CURVE('',#3274,#3272,#1647,.T.);
#4051=EDGE_CURVE('',#3275,#3276,#1648,.T.);
#4052=EDGE_CURVE('',#3275,#3277,#1649,.T.);
#4053=EDGE_CURVE('',#3277,#3278,#1650,.T.);
#4054=EDGE_CURVE('',#3278,#3276,#1651,.T.);
#4055=EDGE_CURVE('',#3279,#3280,#1652,.T.);
#4056=EDGE_CURVE('',#3279,#3281,#1653,.T.);
#4057=EDGE_CURVE('',#3281,#3282,#1654,.T.);
#4058=EDGE_CURVE('',#3282,#3280,#1655,.T.);
#4059=EDGE_CURVE('',#3283,#3284,#1656,.T.);
#4060=EDGE_CURVE('',#3283,#3285,#1657,.T.);
#4061=EDGE_CURVE('',#3285,#3286,#1658,.T.);
#4062=EDGE_CURVE('',#3286,#3284,#1659,.T.);
#4063=EDGE_CURVE('',#3287,#3258,#1660,.T.);
#4064=EDGE_CURVE('',#3287,#3288,#1661,.T.);
#4065=EDGE_CURVE('',#3288,#3259,#1662,.T.);
#4066=EDGE_CURVE('',#3260,#3289,#1663,.T.);
#4067=EDGE_CURVE('',#3290,#3289,#1664,.T.);
#4068=EDGE_CURVE('',#3257,#3290,#1665,.T.);
#4069=EDGE_CURVE('',#3289,#3291,#1666,.T.);
#4070=EDGE_CURVE('',#3292,#3291,#1667,.T.);
#4071=EDGE_CURVE('',#3290,#3292,#1668,.T.);
#4072=EDGE_CURVE('',#3262,#3291,#1669,.T.);
#4073=EDGE_CURVE('',#3264,#3292,#1670,.T.);
#4074=EDGE_CURVE('',#3281,#3283,#1671,.T.);
#4075=EDGE_CURVE('',#3284,#3287,#1672,.T.);
#4076=EDGE_CURVE('',#3266,#3267,#1673,.T.);
#4077=EDGE_CURVE('',#3268,#3271,#1674,.T.);
#4078=EDGE_CURVE('',#3272,#3278,#1675,.T.);
#4079=EDGE_CURVE('',#3277,#3282,#1676,.T.);
#4080=EDGE_CURVE('',#3285,#3279,#1677,.T.);
#4081=EDGE_CURVE('',#3280,#3275,#1678,.T.);
#4082=EDGE_CURVE('',#3276,#3274,#1679,.T.);
#4083=EDGE_CURVE('',#3273,#3270,#1680,.T.);
#4084=EDGE_CURVE('',#3269,#3265,#1681,.T.);
#4085=EDGE_CURVE('',#3288,#3286,#1682,.T.);
#4086=EDGE_CURVE('',#3293,#3294,#2908,.T.);
#4087=EDGE_CURVE('',#3295,#3293,#2909,.T.);
#4088=EDGE_CURVE('',#3296,#3295,#2910,.T.);
#4089=EDGE_CURVE('',#3297,#3296,#2911,.T.);
#4090=EDGE_CURVE('',#3298,#3297,#2912,.T.);
#4091=EDGE_CURVE('',#3299,#3298,#2913,.T.);
#4092=EDGE_CURVE('',#3300,#3299,#2914,.T.);
#4093=EDGE_CURVE('',#3301,#3300,#2915,.T.);
#4094=EDGE_CURVE('',#3302,#3301,#2916,.T.);
#4095=EDGE_CURVE('',#3303,#3302,#2917,.T.);
#4096=EDGE_CURVE('',#3304,#3303,#2918,.T.);
#4097=EDGE_CURVE('',#3305,#3304,#2919,.T.);
#4098=EDGE_CURVE('',#3294,#3305,#2920,.T.);
#4099=EDGE_CURVE('',#3294,#3306,#2921,.T.);
#4100=EDGE_CURVE('',#3306,#3306,#2922,.T.);
#4101=EDGE_CURVE('',#3305,#3307,#1683,.T.);
#4102=EDGE_CURVE('',#3307,#3308,#1684,.T.);
#4103=EDGE_CURVE('',#3293,#3308,#1685,.T.);
#4104=EDGE_CURVE('',#3304,#3309,#1686,.T.);
#4105=EDGE_CURVE('',#3309,#3307,#1687,.T.);
#4106=EDGE_CURVE('',#3303,#3310,#1688,.T.);
#4107=EDGE_CURVE('',#3310,#3309,#1689,.T.);
#4108=EDGE_CURVE('',#3302,#3311,#1690,.T.);
#4109=EDGE_CURVE('',#3311,#3310,#1691,.T.);
#4110=EDGE_CURVE('',#3301,#3312,#1692,.T.);
#4111=EDGE_CURVE('',#3312,#3311,#1693,.T.);
#4112=EDGE_CURVE('',#3300,#3313,#1694,.T.);
#4113=EDGE_CURVE('',#3313,#3312,#1695,.T.);
#4114=EDGE_CURVE('',#3299,#3314,#1696,.T.);
#4115=EDGE_CURVE('',#3314,#3313,#1697,.T.);
#4116=EDGE_CURVE('',#3298,#3315,#1698,.T.);
#4117=EDGE_CURVE('',#3315,#3314,#1699,.T.);
#4118=EDGE_CURVE('',#3297,#3316,#1700,.T.);
#4119=EDGE_CURVE('',#3316,#3315,#1701,.T.);
#4120=EDGE_CURVE('',#3296,#3317,#1702,.T.);
#4121=EDGE_CURVE('',#3317,#3316,#1703,.T.);
#4122=EDGE_CURVE('',#3295,#3318,#1704,.T.);
#4123=EDGE_CURVE('',#3318,#3317,#1705,.T.);
#4124=EDGE_CURVE('',#3308,#3318,#1706,.T.);
#4125=EDGE_CURVE('',#3319,#3320,#2923,.T.);
#4126=EDGE_CURVE('',#3321,#3319,#2924,.T.);
#4127=EDGE_CURVE('',#3322,#3321,#2925,.T.);
#4128=EDGE_CURVE('',#3323,#3322,#2926,.T.);
#4129=EDGE_CURVE('',#3324,#3323,#2927,.T.);
#4130=EDGE_CURVE('',#3325,#3324,#2928,.T.);
#4131=EDGE_CURVE('',#3326,#3325,#2929,.T.);
#4132=EDGE_CURVE('',#3327,#3326,#2930,.T.);
#4133=EDGE_CURVE('',#3328,#3327,#2931,.T.);
#4134=EDGE_CURVE('',#3329,#3328,#2932,.T.);
#4135=EDGE_CURVE('',#3330,#3329,#2933,.T.);
#4136=EDGE_CURVE('',#3331,#3330,#2934,.T.);
#4137=EDGE_CURVE('',#3320,#3331,#2935,.T.);
#4138=EDGE_CURVE('',#3320,#3332,#2936,.T.);
#4139=EDGE_CURVE('',#3332,#3332,#2937,.T.);
#4140=EDGE_CURVE('',#3325,#3333,#1707,.T.);
#4141=EDGE_CURVE('',#3334,#3333,#1708,.T.);
#4142=EDGE_CURVE('',#3326,#3334,#1709,.T.);
#4143=EDGE_CURVE('',#3324,#3335,#1710,.T.);
#4144=EDGE_CURVE('',#3333,#3335,#1711,.T.);
#4145=EDGE_CURVE('',#3323,#3336,#1712,.T.);
#4146=EDGE_CURVE('',#3335,#3336,#1713,.T.);
#4147=EDGE_CURVE('',#3322,#3337,#1714,.T.);
#4148=EDGE_CURVE('',#3336,#3337,#1715,.T.);
#4149=EDGE_CURVE('',#3321,#3338,#1716,.T.);
#4150=EDGE_CURVE('',#3337,#3338,#1717,.T.);
#4151=EDGE_CURVE('',#3319,#3339,#1718,.T.);
#4152=EDGE_CURVE('',#3338,#3339,#1719,.T.);
#4153=EDGE_CURVE('',#3331,#3340,#1720,.T.);
#4154=EDGE_CURVE('',#3339,#3340,#1721,.T.);
#4155=EDGE_CURVE('',#3330,#3341,#1722,.T.);
#4156=EDGE_CURVE('',#3340,#3341,#1723,.T.);
#4157=EDGE_CURVE('',#3329,#3342,#1724,.T.);
#4158=EDGE_CURVE('',#3341,#3342,#1725,.T.);
#4159=EDGE_CURVE('',#3328,#3343,#1726,.T.);
#4160=EDGE_CURVE('',#3342,#3343,#1727,.T.);
#4161=EDGE_CURVE('',#3327,#3344,#1728,.T.);
#4162=EDGE_CURVE('',#3343,#3344,#1729,.T.);
#4163=EDGE_CURVE('',#3344,#3334,#1730,.T.);
#4164=EDGE_CURVE('',#3345,#3346,#2938,.T.);
#4165=EDGE_CURVE('',#3345,#3347,#1731,.T.);
#4166=EDGE_CURVE('',#3347,#3348,#2939,.T.);
#4167=EDGE_CURVE('',#3346,#3348,#1732,.T.);
#4168=EDGE_CURVE('',#3349,#3350,#2940,.T.);
#4169=EDGE_CURVE('',#3351,#3349,#1733,.T.);
#4170=EDGE_CURVE('',#3352,#3351,#2941,.T.);
#4171=EDGE_CURVE('',#3352,#3353,#1734,.T.);
#4172=EDGE_CURVE('',#3354,#3353,#2942,.T.);
#4173=EDGE_CURVE('',#3355,#3354,#1735,.T.);
#4174=EDGE_CURVE('',#3356,#3355,#2943,.T.);
#4175=EDGE_CURVE('',#3356,#3357,#1736,.T.);
#4176=EDGE_CURVE('',#3350,#3357,#2944,.T.);
#4177=EDGE_CURVE('',#3350,#3358,#1737,.T.);
#4178=EDGE_CURVE('',#3358,#3358,#2945,.T.);
#4179=EDGE_CURVE('',#3359,#3359,#2946,.T.);
#4180=EDGE_CURVE('',#3359,#3360,#1738,.T.);
#4181=EDGE_CURVE('',#3360,#3360,#2947,.T.);
#4182=EDGE_CURVE('',#3361,#3362,#2948,.T.);
#4183=EDGE_CURVE('',#3362,#3363,#1739,.T.);
#4184=EDGE_CURVE('',#3363,#3363,#2949,.T.);
#4185=EDGE_CURVE('',#3362,#3364,#2950,.T.);
#4186=EDGE_CURVE('',#3365,#3364,#1740,.T.);
#4187=EDGE_CURVE('',#3366,#3365,#2951,.T.);
#4188=EDGE_CURVE('',#3366,#3367,#1741,.T.);
#4189=EDGE_CURVE('',#3367,#3368,#2952,.T.);
#4190=EDGE_CURVE('',#3369,#3368,#1742,.T.);
#4191=EDGE_CURVE('',#3370,#3369,#2953,.T.);
#4192=EDGE_CURVE('',#3370,#3361,#1743,.T.);
#4193=EDGE_CURVE('',#3357,#3371,#1744,.T.);
#4194=EDGE_CURVE('',#3371,#3372,#1745,.T.);
#4195=EDGE_CURVE('',#3372,#3373,#1746,.T.);
#4196=EDGE_CURVE('',#3373,#3374,#1747,.T.);
#4197=EDGE_CURVE('',#3374,#3375,#1748,.T.);
#4198=EDGE_CURVE('',#3376,#3375,#1749,.T.);
#4199=EDGE_CURVE('',#3376,#3377,#1750,.T.);
#4200=EDGE_CURVE('',#3349,#3377,#1751,.T.);
#4201=EDGE_CURVE('',#3378,#3371,#1752,.T.);
#4202=EDGE_CURVE('',#3379,#3378,#1753,.T.);
#4203=EDGE_CURVE('',#3379,#3380,#1754,.T.);
#4204=EDGE_CURVE('',#3381,#3380,#1755,.T.);
#4205=EDGE_CURVE('',#3381,#3382,#1756,.T.);
#4206=EDGE_CURVE('',#3382,#3383,#1757,.T.);
#4207=EDGE_CURVE('',#3383,#3372,#1758,.T.);
#4208=EDGE_CURVE('',#3354,#3384,#1759,.T.);
#4209=EDGE_CURVE('',#3353,#3368,#1760,.T.);
#4210=EDGE_CURVE('',#3367,#3385,#1761,.T.);
#4211=EDGE_CURVE('',#3348,#3385,#1762,.T.);
#4212=EDGE_CURVE('',#3347,#3386,#1763,.T.);
#4213=EDGE_CURVE('',#3386,#3387,#1764,.T.);
#4214=EDGE_CURVE('',#3387,#3388,#1765,.T.);
#4215=EDGE_CURVE('',#3388,#3389,#1766,.T.);
#4216=EDGE_CURVE('',#3389,#3390,#1767,.T.);
#4217=EDGE_CURVE('',#3390,#3391,#2954,.T.);
#4218=EDGE_CURVE('',#3391,#3392,#1768,.T.);
#4219=EDGE_CURVE('',#3392,#3393,#1769,.T.);
#4220=EDGE_CURVE('',#3394,#3393,#1770,.T.);
#4221=EDGE_CURVE('',#3394,#3395,#2955,.T.);
#4222=EDGE_CURVE('',#3395,#3396,#1771,.T.);
#4223=EDGE_CURVE('',#3396,#3397,#1772,.T.);
#4224=EDGE_CURVE('',#3398,#3397,#1773,.T.);
#4225=EDGE_CURVE('',#3399,#3398,#2956,.T.);
#4226=EDGE_CURVE('',#3399,#3400,#1774,.T.);
#4227=EDGE_CURVE('',#3401,#3400,#1775,.T.);
#4228=EDGE_CURVE('',#3402,#3401,#1776,.T.);
#4229=EDGE_CURVE('',#3403,#3402,#2957,.T.);
#4230=EDGE_CURVE('',#3404,#3403,#1777,.T.);
#4231=EDGE_CURVE('',#3404,#3381,#1778,.T.);
#4232=EDGE_CURVE('',#3405,#3380,#1779,.T.);
#4233=EDGE_CURVE('',#3406,#3405,#1780,.T.);
#4234=EDGE_CURVE('',#3406,#3407,#2958,.T.);
#4235=EDGE_CURVE('',#3407,#3384,#1781,.T.);
#4236=EDGE_CURVE('',#3408,#3387,#1782,.T.);
#4237=EDGE_CURVE('',#3409,#3408,#1783,.T.);
#4238=EDGE_CURVE('',#3409,#3410,#1784,.T.);
#4239=EDGE_CURVE('',#3411,#3410,#1785,.T.);
#4240=EDGE_CURVE('',#3411,#3412,#1786,.T.);
#4241=EDGE_CURVE('',#3412,#3413,#1787,.T.);
#4242=EDGE_CURVE('',#3413,#3388,#1788,.T.);
#4243=EDGE_CURVE('',#3364,#3410,#1789,.T.);
#4244=EDGE_CURVE('',#3414,#3361,#1790,.T.);
#4245=EDGE_CURVE('',#3415,#3414,#1791,.T.);
#4246=EDGE_CURVE('',#3416,#3415,#1792,.T.);
#4247=EDGE_CURVE('',#3416,#3417,#1793,.T.);
#4248=EDGE_CURVE('',#3418,#3417,#1794,.T.);
#4249=EDGE_CURVE('',#3418,#3411,#1795,.T.);
#4250=EDGE_CURVE('',#3419,#3420,#1796,.T.);
#4251=EDGE_CURVE('',#3398,#3419,#1797,.T.);
#4252=EDGE_CURVE('',#3397,#3420,#1798,.T.);
#4253=EDGE_CURVE('',#3421,#3419,#2959,.T.);
#4254=EDGE_CURVE('',#3399,#3421,#1799,.T.);
#4255=EDGE_CURVE('',#3421,#3422,#1800,.T.);
#4256=EDGE_CURVE('',#3400,#3422,#1801,.T.);
#4257=EDGE_CURVE('',#3423,#3422,#1802,.T.);
#4258=EDGE_CURVE('',#3401,#3423,#1803,.T.);
#4259=EDGE_CURVE('',#3424,#3423,#1804,.T.);
#4260=EDGE_CURVE('',#3402,#3424,#1805,.T.);
#4261=EDGE_CURVE('',#3425,#3424,#2960,.T.);
#4262=EDGE_CURVE('',#3403,#3425,#1806,.T.);
#4263=EDGE_CURVE('',#3426,#3425,#1807,.T.);
#4264=EDGE_CURVE('',#3426,#3404,#1808,.T.);
#4265=EDGE_CURVE('',#3373,#3427,#1809,.T.);
#4266=EDGE_CURVE('',#3427,#3428,#1810,.T.);
#4267=EDGE_CURVE('',#3428,#3374,#1811,.T.);
#4268=EDGE_CURVE('',#3429,#3415,#1812,.T.);
#4269=EDGE_CURVE('',#3430,#3429,#1813,.T.);
#4270=EDGE_CURVE('',#3430,#3376,#1814,.T.);
#4271=EDGE_CURVE('',#3375,#3431,#1815,.T.);
#4272=EDGE_CURVE('',#3432,#3431,#1816,.T.);
#4273=EDGE_CURVE('',#3432,#3416,#1817,.T.);
#4274=EDGE_CURVE('',#3433,#3434,#1818,.T.);
#4275=EDGE_CURVE('',#3433,#3418,#1819,.T.);
#4276=EDGE_CURVE('',#3417,#3434,#1820,.T.);
#4277=EDGE_CURVE('',#3389,#3435,#1821,.T.);
#4278=EDGE_CURVE('',#3435,#3436,#1822,.T.);
#4279=EDGE_CURVE('',#3390,#3436,#1823,.T.);
#4280=EDGE_CURVE('',#3436,#3437,#2961,.T.);
#4281=EDGE_CURVE('',#3391,#3437,#1824,.T.);
#4282=EDGE_CURVE('',#3437,#3438,#1825,.T.);
#4283=EDGE_CURVE('',#3392,#3438,#1826,.T.);
#4284=EDGE_CURVE('',#3438,#3439,#1827,.T.);
#4285=EDGE_CURVE('',#3393,#3439,#1828,.T.);
#4286=EDGE_CURVE('',#3440,#3439,#1829,.T.);
#4287=EDGE_CURVE('',#3394,#3440,#1830,.T.);
#4288=EDGE_CURVE('',#3440,#3441,#2962,.T.);
#4289=EDGE_CURVE('',#3395,#3441,#1831,.T.);
#4290=EDGE_CURVE('',#3441,#3442,#1832,.T.);
#4291=EDGE_CURVE('',#3396,#3442,#1833,.T.);
#4292=EDGE_CURVE('',#3442,#3420,#1834,.T.);
#4293=EDGE_CURVE('',#3382,#3426,#1835,.T.);
#4294=EDGE_CURVE('',#3435,#3413,#1836,.T.);
#4295=EDGE_CURVE('',#3412,#3433,#1837,.T.);
#4296=EDGE_CURVE('',#3434,#3432,#1838,.T.);
#4297=EDGE_CURVE('',#3431,#3428,#1839,.T.);
#4298=EDGE_CURVE('',#3427,#3383,#1840,.T.);
#4299=EDGE_CURVE('',#3443,#3414,#1841,.T.);
#4300=EDGE_CURVE('',#3429,#3443,#1842,.T.);
#4301=EDGE_CURVE('',#3430,#3444,#1843,.T.);
#4302=EDGE_CURVE('',#3444,#3377,#1844,.T.);
#4303=EDGE_CURVE('',#3351,#3444,#1845,.T.);
#4304=EDGE_CURVE('',#3352,#3369,#1846,.T.);
#4305=EDGE_CURVE('',#3443,#3370,#1847,.T.);
#4306=EDGE_CURVE('',#3345,#3445,#1848,.T.);
#4307=EDGE_CURVE('',#3445,#3386,#1849,.T.);
#4308=EDGE_CURVE('',#3445,#3408,#1850,.T.);
#4309=EDGE_CURVE('',#3365,#3409,#1851,.T.);
#4310=EDGE_CURVE('',#3366,#3446,#1852,.T.);
#4311=EDGE_CURVE('',#3446,#3385,#1853,.T.);
#4312=EDGE_CURVE('',#3346,#3446,#1854,.T.);
#4313=EDGE_CURVE('',#3447,#3406,#1855,.T.);
#4314=EDGE_CURVE('',#3447,#3448,#2963,.T.);
#4315=EDGE_CURVE('',#3448,#3407,#1856,.T.);
#4316=EDGE_CURVE('',#3448,#3449,#1857,.T.);
#4317=EDGE_CURVE('',#3449,#3384,#1858,.T.);
#4318=EDGE_CURVE('',#3355,#3449,#1859,.T.);
#4319=EDGE_CURVE('',#3356,#3378,#1860,.T.);
#4320=EDGE_CURVE('',#3450,#3379,#1861,.T.);
#4321=EDGE_CURVE('',#3450,#3405,#1862,.T.);
#4322=EDGE_CURVE('',#3447,#3450,#1863,.T.);
#4323=EDGE_CURVE('',#3451,#3451,#2964,.T.);
#4324=EDGE_CURVE('',#3451,#3452,#1864,.T.);
#4325=EDGE_CURVE('',#3452,#3452,#2965,.T.);
#4326=EDGE_CURVE('',#3453,#3454,#2966,.T.);
#4327=EDGE_CURVE('',#3453,#3455,#1865,.T.);
#4328=EDGE_CURVE('',#3455,#3456,#2967,.T.);
#4329=EDGE_CURVE('',#3454,#3456,#1866,.T.);
#4330=EDGE_CURVE('',#3457,#3458,#2968,.T.);
#4331=EDGE_CURVE('',#3459,#3458,#1867,.T.);
#4332=EDGE_CURVE('',#3460,#3459,#2969,.T.);
#4333=EDGE_CURVE('',#3460,#3457,#1868,.T.);
#4334=EDGE_CURVE('',#3461,#3457,#1869,.T.);
#4335=EDGE_CURVE('',#3462,#3460,#1870,.T.);
#4336=EDGE_CURVE('',#3461,#3462,#1871,.T.);
#4337=EDGE_CURVE('',#3463,#3464,#1872,.T.);
#4338=EDGE_CURVE('',#3465,#3464,#1873,.T.);
#4339=EDGE_CURVE('',#3466,#3465,#1874,.T.);
#4340=EDGE_CURVE('',#3463,#3466,#1875,.T.);
#4341=EDGE_CURVE('',#3467,#3468,#1876,.T.);
#4342=EDGE_CURVE('',#3469,#3468,#1877,.T.);
#4343=EDGE_CURVE('',#3470,#3469,#1878,.T.);
#4344=EDGE_CURVE('',#3467,#3470,#1879,.T.);
#4345=EDGE_CURVE('',#3471,#3472,#1880,.T.);
#4346=EDGE_CURVE('',#3473,#3472,#1881,.T.);
#4347=EDGE_CURVE('',#3474,#3473,#1882,.T.);
#4348=EDGE_CURVE('',#3471,#3474,#1883,.T.);
#4349=EDGE_CURVE('',#3475,#3476,#1884,.T.);
#4350=EDGE_CURVE('',#3477,#3476,#1885,.T.);
#4351=EDGE_CURVE('',#3478,#3477,#1886,.T.);
#4352=EDGE_CURVE('',#3475,#3478,#1887,.T.);
#4353=EDGE_CURVE('',#3479,#3480,#1888,.T.);
#4354=EDGE_CURVE('',#3481,#3480,#1889,.T.);
#4355=EDGE_CURVE('',#3482,#3481,#1890,.T.);
#4356=EDGE_CURVE('',#3479,#3482,#1891,.T.);
#4357=EDGE_CURVE('',#3483,#3454,#1892,.T.);
#4358=EDGE_CURVE('',#3484,#3456,#1893,.T.);
#4359=EDGE_CURVE('',#3483,#3484,#1894,.T.);
#4360=EDGE_CURVE('',#3455,#3485,#1895,.T.);
#4361=EDGE_CURVE('',#3453,#3486,#1896,.T.);
#4362=EDGE_CURVE('',#3486,#3485,#1897,.T.);
#4363=EDGE_CURVE('',#3485,#3487,#1898,.T.);
#4364=EDGE_CURVE('',#3486,#3488,#1899,.T.);
#4365=EDGE_CURVE('',#3488,#3487,#1900,.T.);
#4366=EDGE_CURVE('',#3458,#3487,#1901,.T.);
#4367=EDGE_CURVE('',#3459,#3488,#1902,.T.);
#4368=EDGE_CURVE('',#3474,#3477,#1903,.T.);
#4369=EDGE_CURVE('',#3468,#3473,#1904,.T.);
#4370=EDGE_CURVE('',#3464,#3467,#1905,.T.);
#4371=EDGE_CURVE('',#3462,#3463,#1906,.T.);
#4372=EDGE_CURVE('',#3480,#3483,#1907,.T.);
#4373=EDGE_CURVE('',#3478,#3479,#1908,.T.);
#4374=EDGE_CURVE('',#3484,#3481,#1909,.T.);
#4375=EDGE_CURVE('',#3466,#3461,#1910,.T.);
#4376=EDGE_CURVE('',#3470,#3465,#1911,.T.);
#4377=EDGE_CURVE('',#3472,#3469,#1912,.T.);
#4378=EDGE_CURVE('',#3476,#3471,#1913,.T.);
#4379=EDGE_CURVE('',#3482,#3475,#1914,.T.);
#4380=EDGE_CURVE('',#3489,#3490,#2970,.T.);
#4381=EDGE_CURVE('',#3490,#3491,#1915,.T.);
#4382=EDGE_CURVE('',#3492,#3491,#2971,.T.);
#4383=EDGE_CURVE('',#3489,#3492,#1916,.T.);
#4384=EDGE_CURVE('',#3493,#3494,#2972,.T.);
#4385=EDGE_CURVE('',#3494,#3495,#1917,.T.);
#4386=EDGE_CURVE('',#3495,#3495,#2973,.T.);
#4387=EDGE_CURVE('',#3494,#3496,#2974,.T.);
#4388=EDGE_CURVE('',#3497,#3496,#1918,.T.);
#4389=EDGE_CURVE('',#3497,#3498,#2975,.T.);
#4390=EDGE_CURVE('',#3498,#3499,#1919,.T.);
#4391=EDGE_CURVE('',#3499,#3500,#2976,.T.);
#4392=EDGE_CURVE('',#3501,#3500,#1920,.T.);
#4393=EDGE_CURVE('',#3501,#3502,#2977,.T.);
#4394=EDGE_CURVE('',#3502,#3493,#1921,.T.);
#4395=EDGE_CURVE('',#3503,#3503,#2978,.T.);
#4396=EDGE_CURVE('',#3503,#3504,#1922,.T.);
#4397=EDGE_CURVE('',#3504,#3504,#2979,.T.);
#4398=EDGE_CURVE('',#3505,#3506,#2980,.T.);
#4399=EDGE_CURVE('',#3507,#3505,#1923,.T.);
#4400=EDGE_CURVE('',#3507,#3508,#2981,.T.);
#4401=EDGE_CURVE('',#3508,#3509,#1924,.T.);
#4402=EDGE_CURVE('',#3510,#3509,#2982,.T.);
#4403=EDGE_CURVE('',#3511,#3510,#1925,.T.);
#4404=EDGE_CURVE('',#3511,#3512,#2983,.T.);
#4405=EDGE_CURVE('',#3512,#3513,#1926,.T.);
#4406=EDGE_CURVE('',#3506,#3513,#2984,.T.);
#4407=EDGE_CURVE('',#3506,#3514,#1927,.T.);
#4408=EDGE_CURVE('',#3514,#3514,#2985,.T.);
#4409=EDGE_CURVE('',#3493,#3515,#1928,.T.);
#4410=EDGE_CURVE('',#3516,#3515,#1929,.T.);
#4411=EDGE_CURVE('',#3516,#3517,#1930,.T.);
#4412=EDGE_CURVE('',#3518,#3517,#1931,.T.);
#4413=EDGE_CURVE('',#3519,#3518,#1932,.T.);
#4414=EDGE_CURVE('',#3520,#3519,#1933,.T.);
#4415=EDGE_CURVE('',#3521,#3520,#1934,.T.);
#4416=EDGE_CURVE('',#3496,#3521,#1935,.T.);
#4417=EDGE_CURVE('',#3522,#3521,#1936,.T.);
#4418=EDGE_CURVE('',#3523,#3520,#1937,.T.);
#4419=EDGE_CURVE('',#3524,#3523,#1938,.T.);
#4420=EDGE_CURVE('',#3525,#3524,#1939,.T.);
#4421=EDGE_CURVE('',#3525,#3526,#1940,.T.);
#4422=EDGE_CURVE('',#3527,#3526,#1941,.T.);
#4423=EDGE_CURVE('',#3527,#3522,#1942,.T.);
#4424=EDGE_CURVE('',#3499,#3528,#1943,.T.);
#4425=EDGE_CURVE('',#3529,#3528,#1944,.T.);
#4426=EDGE_CURVE('',#3530,#3529,#2986,.T.);
#4427=EDGE_CURVE('',#3530,#3531,#1945,.T.);
#4428=EDGE_CURVE('',#3531,#3526,#1946,.T.);
#4429=EDGE_CURVE('',#3532,#3525,#1947,.T.);
#4430=EDGE_CURVE('',#3532,#3533,#1948,.T.);
#4431=EDGE_CURVE('',#3533,#3534,#2987,.T.);
#4432=EDGE_CURVE('',#3534,#3535,#1949,.T.);
#4433=EDGE_CURVE('',#3535,#3536,#1950,.T.);
#4434=EDGE_CURVE('',#3537,#3536,#1951,.T.);
#4435=EDGE_CURVE('',#3537,#3538,#2988,.T.);
#4436=EDGE_CURVE('',#3538,#3539,#1952,.T.);
#4437=EDGE_CURVE('',#3540,#3539,#1953,.T.);
#4438=EDGE_CURVE('',#3541,#3540,#1954,.T.);
#4439=EDGE_CURVE('',#3542,#3541,#2989,.T.);
#4440=EDGE_CURVE('',#3542,#3543,#1955,.T.);
#4441=EDGE_CURVE('',#3544,#3543,#1956,.T.);
#4442=EDGE_CURVE('',#3545,#3544,#1957,.T.);
#4443=EDGE_CURVE('',#3546,#3545,#2990,.T.);
#4444=EDGE_CURVE('',#3547,#3546,#1958,.T.);
#4445=EDGE_CURVE('',#3548,#3547,#1959,.T.);
#4446=EDGE_CURVE('',#3549,#3548,#1960,.T.);
#4447=EDGE_CURVE('',#3550,#3549,#1961,.T.);
#4448=EDGE_CURVE('',#3492,#3550,#1962,.T.);
#4449=EDGE_CURVE('',#3491,#3551,#1963,.T.);
#4450=EDGE_CURVE('',#3510,#3551,#1964,.T.);
#4451=EDGE_CURVE('',#3500,#3509,#1965,.T.);
#4452=EDGE_CURVE('',#3552,#3549,#1966,.T.);
#4453=EDGE_CURVE('',#3553,#3548,#1967,.T.);
#4454=EDGE_CURVE('',#3554,#3553,#1968,.T.);
#4455=EDGE_CURVE('',#3555,#3554,#1969,.T.);
#4456=EDGE_CURVE('',#3555,#3556,#1970,.T.);
#4457=EDGE_CURVE('',#3557,#3556,#1971,.T.);
#4458=EDGE_CURVE('',#3557,#3552,#1972,.T.);
#4459=EDGE_CURVE('',#3513,#3556,#1973,.T.);
#4460=EDGE_CURVE('',#3558,#3555,#1974,.T.);
#4461=EDGE_CURVE('',#3558,#3559,#1975,.T.);
#4462=EDGE_CURVE('',#3560,#3559,#1976,.T.);
#4463=EDGE_CURVE('',#3560,#3561,#1977,.T.);
#4464=EDGE_CURVE('',#3561,#3562,#1978,.T.);
#4465=EDGE_CURVE('',#3562,#3505,#1979,.T.);
#4466=EDGE_CURVE('',#3563,#3564,#1980,.T.);
#4467=EDGE_CURVE('',#3539,#3564,#1981,.T.);
#4468=EDGE_CURVE('',#3538,#3563,#1982,.T.);
#4469=EDGE_CURVE('',#3565,#3563,#2991,.T.);
#4470=EDGE_CURVE('',#3537,#3565,#1983,.T.);
#4471=EDGE_CURVE('',#3565,#3566,#1984,.T.);
#4472=EDGE_CURVE('',#3536,#3566,#1985,.T.);
#4473=EDGE_CURVE('',#3567,#3566,#1986,.T.);
#4474=EDGE_CURVE('',#3535,#3567,#1987,.T.);
#4475=EDGE_CURVE('',#3568,#3567,#1988,.T.);
#4476=EDGE_CURVE('',#3534,#3568,#1989,.T.);
#4477=EDGE_CURVE('',#3569,#3568,#2992,.T.);
#4478=EDGE_CURVE('',#3533,#3569,#1990,.T.);
#4479=EDGE_CURVE('',#3570,#3569,#1991,.T.);
#4480=EDGE_CURVE('',#3570,#3532,#1992,.T.);
#4481=EDGE_CURVE('',#3571,#3518,#1993,.T.);
#4482=EDGE_CURVE('',#3572,#3571,#1994,.T.);
#4483=EDGE_CURVE('',#3519,#3572,#1995,.T.);
#4484=EDGE_CURVE('',#3573,#3561,#1996,.T.);
#4485=EDGE_CURVE('',#3574,#3560,#1997,.T.);
#4486=EDGE_CURVE('',#3574,#3575,#1998,.T.);
#4487=EDGE_CURVE('',#3517,#3575,#1999,.T.);
#4488=EDGE_CURVE('',#3576,#3516,#2000,.T.);
#4489=EDGE_CURVE('',#3576,#3573,#2001,.T.);
#4490=EDGE_CURVE('',#3577,#3578,#2002,.T.);
#4491=EDGE_CURVE('',#3559,#3578,#2003,.T.);
#4492=EDGE_CURVE('',#3577,#3558,#2004,.T.);
#4493=EDGE_CURVE('',#3546,#3579,#2005,.T.);
#4494=EDGE_CURVE('',#3580,#3579,#2006,.T.);
#4495=EDGE_CURVE('',#3547,#3580,#2007,.T.);
#4496=EDGE_CURVE('',#3579,#3581,#2993,.T.);
#4497=EDGE_CURVE('',#3545,#3581,#2008,.T.);
#4498=EDGE_CURVE('',#3581,#3582,#2009,.T.);
#4499=EDGE_CURVE('',#3544,#3582,#2010,.T.);
#4500=EDGE_CURVE('',#3582,#3583,#2011,.T.);
#4501=EDGE_CURVE('',#3543,#3583,#2012,.T.);
#4502=EDGE_CURVE('',#3584,#3583,#2013,.T.);
#4503=EDGE_CURVE('',#3542,#3584,#2014,.T.);
#4504=EDGE_CURVE('',#3584,#3585,#2994,.T.);
#4505=EDGE_CURVE('',#3541,#3585,#2015,.T.);
#4506=EDGE_CURVE('',#3585,#3586,#2016,.T.);
#4507=EDGE_CURVE('',#3540,#3586,#2017,.T.);
#4508=EDGE_CURVE('',#3586,#3564,#2018,.T.);
#4509=EDGE_CURVE('',#3572,#3523,#2019,.T.);
#4510=EDGE_CURVE('',#3575,#3571,#2020,.T.);
#4511=EDGE_CURVE('',#3578,#3574,#2021,.T.);
#4512=EDGE_CURVE('',#3554,#3577,#2022,.T.);
#4513=EDGE_CURVE('',#3580,#3553,#2023,.T.);
#4514=EDGE_CURVE('',#3524,#3570,#2024,.T.);
#4515=EDGE_CURVE('',#3573,#3587,#2025,.T.);
#4516=EDGE_CURVE('',#3587,#3562,#2026,.T.);
#4517=EDGE_CURVE('',#3588,#3515,#2027,.T.);
#4518=EDGE_CURVE('',#3576,#3588,#2028,.T.);
#4519=EDGE_CURVE('',#3502,#3588,#2029,.T.);
#4520=EDGE_CURVE('',#3501,#3508,#2030,.T.);
#4521=EDGE_CURVE('',#3587,#3507,#2031,.T.);
#4522=EDGE_CURVE('',#3589,#3550,#2032,.T.);
#4523=EDGE_CURVE('',#3489,#3589,#2033,.T.);
#4524=EDGE_CURVE('',#3589,#3552,#2034,.T.);
#4525=EDGE_CURVE('',#3512,#3557,#2035,.T.);
#4526=EDGE_CURVE('',#3590,#3551,#2036,.T.);
#4527=EDGE_CURVE('',#3511,#3590,#2037,.T.);
#4528=EDGE_CURVE('',#3490,#3590,#2038,.T.);
#4529=EDGE_CURVE('',#3591,#3529,#2039,.T.);
#4530=EDGE_CURVE('',#3592,#3591,#2995,.T.);
#4531=EDGE_CURVE('',#3592,#3530,#2040,.T.);
#4532=EDGE_CURVE('',#3593,#3528,#2041,.T.);
#4533=EDGE_CURVE('',#3591,#3593,#2042,.T.);
#4534=EDGE_CURVE('',#3498,#3593,#2043,.T.);
#4535=EDGE_CURVE('',#3497,#3522,#2044,.T.);
#4536=EDGE_CURVE('',#3594,#3531,#2045,.T.);
#4537=EDGE_CURVE('',#3594,#3527,#2046,.T.);
#4538=EDGE_CURVE('',#3592,#3594,#2047,.T.);
#4539=EDGE_CURVE('',#3595,#3595,#2996,.T.);
#4540=EDGE_CURVE('',#3595,#3596,#2997,.T.);
#4541=EDGE_CURVE('',#3596,#3597,#2998,.T.);
#4542=EDGE_CURVE('',#3597,#3598,#2999,.T.);
#4543=EDGE_CURVE('',#3598,#3599,#3000,.T.);
#4544=EDGE_CURVE('',#3599,#3600,#3001,.T.);
#4545=EDGE_CURVE('',#3600,#3601,#3002,.T.);
#4546=EDGE_CURVE('',#3601,#3602,#3003,.T.);
#4547=EDGE_CURVE('',#3602,#3603,#3004,.T.);
#4548=EDGE_CURVE('',#3603,#3604,#3005,.T.);
#4549=EDGE_CURVE('',#3604,#3605,#3006,.T.);
#4550=EDGE_CURVE('',#3605,#3606,#3007,.T.);
#4551=EDGE_CURVE('',#3606,#3607,#3008,.T.);
#4552=EDGE_CURVE('',#3607,#3608,#3009,.T.);
#4553=EDGE_CURVE('',#3608,#3596,#3010,.T.);
#4554=EDGE_CURVE('',#3608,#3609,#2048,.T.);
#4555=EDGE_CURVE('',#3610,#3609,#2049,.T.);
#4556=EDGE_CURVE('',#3597,#3610,#2050,.T.);
#4557=EDGE_CURVE('',#3611,#3610,#2051,.T.);
#4558=EDGE_CURVE('',#3598,#3611,#2052,.T.);
#4559=EDGE_CURVE('',#3612,#3611,#2053,.T.);
#4560=EDGE_CURVE('',#3599,#3612,#2054,.T.);
#4561=EDGE_CURVE('',#3613,#3612,#2055,.T.);
#4562=EDGE_CURVE('',#3600,#3613,#2056,.T.);
#4563=EDGE_CURVE('',#3614,#3613,#2057,.T.);
#4564=EDGE_CURVE('',#3601,#3614,#2058,.T.);
#4565=EDGE_CURVE('',#3615,#3614,#2059,.T.);
#4566=EDGE_CURVE('',#3602,#3615,#2060,.T.);
#4567=EDGE_CURVE('',#3616,#3615,#2061,.T.);
#4568=EDGE_CURVE('',#3603,#3616,#2062,.T.);
#4569=EDGE_CURVE('',#3617,#3616,#2063,.T.);
#4570=EDGE_CURVE('',#3604,#3617,#2064,.T.);
#4571=EDGE_CURVE('',#3618,#3617,#2065,.T.);
#4572=EDGE_CURVE('',#3605,#3618,#2066,.T.);
#4573=EDGE_CURVE('',#3619,#3618,#2067,.T.);
#4574=EDGE_CURVE('',#3606,#3619,#2068,.T.);
#4575=EDGE_CURVE('',#3620,#3619,#2069,.T.);
#4576=EDGE_CURVE('',#3607,#3620,#2070,.T.);
#4577=EDGE_CURVE('',#3609,#3620,#2071,.T.);
#4578=EDGE_CURVE('',#3621,#3621,#3011,.T.);
#4579=EDGE_CURVE('',#3621,#3622,#3012,.T.);
#4580=EDGE_CURVE('',#3622,#3623,#3013,.T.);
#4581=EDGE_CURVE('',#3623,#3624,#3014,.T.);
#4582=EDGE_CURVE('',#3624,#3625,#3015,.T.);
#4583=EDGE_CURVE('',#3625,#3626,#3016,.T.);
#4584=EDGE_CURVE('',#3626,#3627,#3017,.T.);
#4585=EDGE_CURVE('',#3627,#3628,#3018,.T.);
#4586=EDGE_CURVE('',#3628,#3629,#3019,.T.);
#4587=EDGE_CURVE('',#3629,#3630,#3020,.T.);
#4588=EDGE_CURVE('',#3630,#3631,#3021,.T.);
#4589=EDGE_CURVE('',#3631,#3632,#3022,.T.);
#4590=EDGE_CURVE('',#3632,#3633,#3023,.T.);
#4591=EDGE_CURVE('',#3633,#3634,#3024,.T.);
#4592=EDGE_CURVE('',#3634,#3622,#3025,.T.);
#4593=EDGE_CURVE('',#3628,#3635,#2072,.T.);
#4594=EDGE_CURVE('',#3635,#3636,#2073,.T.);
#4595=EDGE_CURVE('',#3629,#3636,#2074,.T.);
#4596=EDGE_CURVE('',#3636,#3637,#2075,.T.);
#4597=EDGE_CURVE('',#3630,#3637,#2076,.T.);
#4598=EDGE_CURVE('',#3637,#3638,#2077,.T.);
#4599=EDGE_CURVE('',#3631,#3638,#2078,.T.);
#4600=EDGE_CURVE('',#3638,#3639,#2079,.T.);
#4601=EDGE_CURVE('',#3632,#3639,#2080,.T.);
#4602=EDGE_CURVE('',#3639,#3640,#2081,.T.);
#4603=EDGE_CURVE('',#3633,#3640,#2082,.T.);
#4604=EDGE_CURVE('',#3640,#3641,#2083,.T.);
#4605=EDGE_CURVE('',#3634,#3641,#2084,.T.);
#4606=EDGE_CURVE('',#3641,#3642,#2085,.T.);
#4607=EDGE_CURVE('',#3623,#3642,#2086,.T.);
#4608=EDGE_CURVE('',#3642,#3643,#2087,.T.);
#4609=EDGE_CURVE('',#3624,#3643,#2088,.T.);
#4610=EDGE_CURVE('',#3643,#3644,#2089,.T.);
#4611=EDGE_CURVE('',#3625,#3644,#2090,.T.);
#4612=EDGE_CURVE('',#3644,#3645,#2091,.T.);
#4613=EDGE_CURVE('',#3626,#3645,#2092,.T.);
#4614=EDGE_CURVE('',#3645,#3646,#2093,.T.);
#4615=EDGE_CURVE('',#3627,#3646,#2094,.T.);
#4616=EDGE_CURVE('',#3646,#3635,#2095,.T.);
#4617=ORIENTED_EDGE('',*,*,#3647,.T.);
#4618=ORIENTED_EDGE('',*,*,#3648,.T.);
#4619=ORIENTED_EDGE('',*,*,#3649,.T.);
#4620=ORIENTED_EDGE('',*,*,#3648,.F.);
#4621=ORIENTED_EDGE('',*,*,#3647,.F.);
#4622=ORIENTED_EDGE('',*,*,#3650,.T.);
#4623=ORIENTED_EDGE('',*,*,#3651,.F.);
#4624=ORIENTED_EDGE('',*,*,#3650,.F.);
#4625=ORIENTED_EDGE('',*,*,#3652,.F.);
#4626=ORIENTED_EDGE('',*,*,#3649,.F.);
#4627=ORIENTED_EDGE('',*,*,#3653,.T.);
#4628=ORIENTED_EDGE('',*,*,#3654,.T.);
#4629=ORIENTED_EDGE('',*,*,#3651,.T.);
#4630=ORIENTED_EDGE('',*,*,#3654,.F.);
#4631=ORIENTED_EDGE('',*,*,#3655,.F.);
#4632=ORIENTED_EDGE('',*,*,#3653,.F.);
#4633=ORIENTED_EDGE('',*,*,#3656,.T.);
#4634=ORIENTED_EDGE('',*,*,#3657,.T.);
#4635=ORIENTED_EDGE('',*,*,#3655,.T.);
#4636=ORIENTED_EDGE('',*,*,#3657,.F.);
#4637=ORIENTED_EDGE('',*,*,#3658,.F.);
#4638=ORIENTED_EDGE('',*,*,#3659,.T.);
#4639=ORIENTED_EDGE('',*,*,#3656,.F.);
#4640=ORIENTED_EDGE('',*,*,#3659,.F.);
#4641=ORIENTED_EDGE('',*,*,#3652,.T.);
#4642=ORIENTED_EDGE('',*,*,#3660,.T.);
#4643=ORIENTED_EDGE('',*,*,#3658,.T.);
#4644=ORIENTED_EDGE('',*,*,#3660,.F.);
#4645=ORIENTED_EDGE('',*,*,#3661,.T.);
#4646=ORIENTED_EDGE('',*,*,#3662,.T.);
#4647=ORIENTED_EDGE('',*,*,#3663,.T.);
#4648=ORIENTED_EDGE('',*,*,#3662,.F.);
#4649=ORIENTED_EDGE('',*,*,#3664,.T.);
#4650=ORIENTED_EDGE('',*,*,#3665,.T.);
#4651=ORIENTED_EDGE('',*,*,#3663,.F.);
#4652=ORIENTED_EDGE('',*,*,#3666,.F.);
#4653=ORIENTED_EDGE('',*,*,#3667,.T.);
#4654=ORIENTED_EDGE('',*,*,#3668,.T.);
#4655=ORIENTED_EDGE('',*,*,#3667,.F.);
#4656=ORIENTED_EDGE('',*,*,#3665,.F.);
#4657=ORIENTED_EDGE('',*,*,#3669,.T.);
#4658=ORIENTED_EDGE('',*,*,#3666,.T.);
#4659=ORIENTED_EDGE('',*,*,#3669,.F.);
#4660=ORIENTED_EDGE('',*,*,#3661,.F.);
#4661=ORIENTED_EDGE('',*,*,#3670,.T.);
#4662=ORIENTED_EDGE('',*,*,#3671,.F.);
#4663=ORIENTED_EDGE('',*,*,#3670,.F.);
#4664=ORIENTED_EDGE('',*,*,#3664,.F.);
#4665=ORIENTED_EDGE('',*,*,#3668,.F.);
#4666=ORIENTED_EDGE('',*,*,#3672,.F.);
#4667=ORIENTED_EDGE('',*,*,#3673,.F.);
#4668=ORIENTED_EDGE('',*,*,#3674,.F.);
#4669=ORIENTED_EDGE('',*,*,#3675,.F.);
#4670=ORIENTED_EDGE('',*,*,#3676,.F.);
#4671=ORIENTED_EDGE('',*,*,#3677,.F.);
#4672=ORIENTED_EDGE('',*,*,#3671,.T.);
#4673=ORIENTED_EDGE('',*,*,#3678,.T.);
#4674=ORIENTED_EDGE('',*,*,#3674,.T.);
#4675=ORIENTED_EDGE('',*,*,#3679,.T.);
#4676=ORIENTED_EDGE('',*,*,#3673,.T.);
#4677=ORIENTED_EDGE('',*,*,#3680,.T.);
#4678=ORIENTED_EDGE('',*,*,#3672,.T.);
#4679=ORIENTED_EDGE('',*,*,#3681,.T.);
#4680=ORIENTED_EDGE('',*,*,#3677,.T.);
#4681=ORIENTED_EDGE('',*,*,#3682,.T.);
#4682=ORIENTED_EDGE('',*,*,#3676,.T.);
#4683=ORIENTED_EDGE('',*,*,#3683,.T.);
#4684=ORIENTED_EDGE('',*,*,#3675,.T.);
#4685=ORIENTED_EDGE('',*,*,#3684,.F.);
#4686=ORIENTED_EDGE('',*,*,#3685,.F.);
#4687=ORIENTED_EDGE('',*,*,#3686,.F.);
#4688=ORIENTED_EDGE('',*,*,#3687,.F.);
#4689=ORIENTED_EDGE('',*,*,#3688,.F.);
#4690=ORIENTED_EDGE('',*,*,#3689,.F.);
#4691=ORIENTED_EDGE('',*,*,#3678,.F.);
#4692=ORIENTED_EDGE('',*,*,#3690,.F.);
#4693=ORIENTED_EDGE('',*,*,#3685,.T.);
#4694=ORIENTED_EDGE('',*,*,#3691,.T.);
#4695=ORIENTED_EDGE('',*,*,#3679,.F.);
#4696=ORIENTED_EDGE('',*,*,#3692,.F.);
#4697=ORIENTED_EDGE('',*,*,#3686,.T.);
#4698=ORIENTED_EDGE('',*,*,#3690,.T.);
#4699=ORIENTED_EDGE('',*,*,#3680,.F.);
#4700=ORIENTED_EDGE('',*,*,#3693,.F.);
#4701=ORIENTED_EDGE('',*,*,#3687,.T.);
#4702=ORIENTED_EDGE('',*,*,#3692,.T.);
#4703=ORIENTED_EDGE('',*,*,#3681,.F.);
#4704=ORIENTED_EDGE('',*,*,#3694,.F.);
#4705=ORIENTED_EDGE('',*,*,#3688,.T.);
#4706=ORIENTED_EDGE('',*,*,#3693,.T.);
#4707=ORIENTED_EDGE('',*,*,#3682,.F.);
#4708=ORIENTED_EDGE('',*,*,#3695,.F.);
#4709=ORIENTED_EDGE('',*,*,#3689,.T.);
#4710=ORIENTED_EDGE('',*,*,#3694,.T.);
#4711=ORIENTED_EDGE('',*,*,#3683,.F.);
#4712=ORIENTED_EDGE('',*,*,#3691,.F.);
#4713=ORIENTED_EDGE('',*,*,#3684,.T.);
#4714=ORIENTED_EDGE('',*,*,#3695,.T.);
#4715=ORIENTED_EDGE('',*,*,#3696,.T.);
#4716=ORIENTED_EDGE('',*,*,#3697,.T.);
#4717=ORIENTED_EDGE('',*,*,#3698,.T.);
#4718=ORIENTED_EDGE('',*,*,#3697,.F.);
#4719=ORIENTED_EDGE('',*,*,#3699,.T.);
#4720=ORIENTED_EDGE('',*,*,#3700,.T.);
#4721=ORIENTED_EDGE('',*,*,#3698,.F.);
#4722=ORIENTED_EDGE('',*,*,#3701,.F.);
#4723=ORIENTED_EDGE('',*,*,#3702,.T.);
#4724=ORIENTED_EDGE('',*,*,#3703,.T.);
#4725=ORIENTED_EDGE('',*,*,#3702,.F.);
#4726=ORIENTED_EDGE('',*,*,#3700,.F.);
#4727=ORIENTED_EDGE('',*,*,#3704,.T.);
#4728=ORIENTED_EDGE('',*,*,#3701,.T.);
#4729=ORIENTED_EDGE('',*,*,#3704,.F.);
#4730=ORIENTED_EDGE('',*,*,#3696,.F.);
#4731=ORIENTED_EDGE('',*,*,#3705,.T.);
#4732=ORIENTED_EDGE('',*,*,#3706,.F.);
#4733=ORIENTED_EDGE('',*,*,#3705,.F.);
#4734=ORIENTED_EDGE('',*,*,#3699,.F.);
#4735=ORIENTED_EDGE('',*,*,#3703,.F.);
#4736=ORIENTED_EDGE('',*,*,#3707,.F.);
#4737=ORIENTED_EDGE('',*,*,#3708,.F.);
#4738=ORIENTED_EDGE('',*,*,#3709,.F.);
#4739=ORIENTED_EDGE('',*,*,#3710,.F.);
#4740=ORIENTED_EDGE('',*,*,#3711,.F.);
#4741=ORIENTED_EDGE('',*,*,#3712,.F.);
#4742=ORIENTED_EDGE('',*,*,#3706,.T.);
#4743=ORIENTED_EDGE('',*,*,#3713,.T.);
#4744=ORIENTED_EDGE('',*,*,#3709,.T.);
#4745=ORIENTED_EDGE('',*,*,#3714,.T.);
#4746=ORIENTED_EDGE('',*,*,#3708,.T.);
#4747=ORIENTED_EDGE('',*,*,#3715,.T.);
#4748=ORIENTED_EDGE('',*,*,#3707,.T.);
#4749=ORIENTED_EDGE('',*,*,#3716,.T.);
#4750=ORIENTED_EDGE('',*,*,#3712,.T.);
#4751=ORIENTED_EDGE('',*,*,#3717,.T.);
#4752=ORIENTED_EDGE('',*,*,#3711,.T.);
#4753=ORIENTED_EDGE('',*,*,#3718,.T.);
#4754=ORIENTED_EDGE('',*,*,#3710,.T.);
#4755=ORIENTED_EDGE('',*,*,#3719,.F.);
#4756=ORIENTED_EDGE('',*,*,#3720,.F.);
#4757=ORIENTED_EDGE('',*,*,#3721,.F.);
#4758=ORIENTED_EDGE('',*,*,#3722,.F.);
#4759=ORIENTED_EDGE('',*,*,#3723,.F.);
#4760=ORIENTED_EDGE('',*,*,#3724,.F.);
#4761=ORIENTED_EDGE('',*,*,#3713,.F.);
#4762=ORIENTED_EDGE('',*,*,#3725,.F.);
#4763=ORIENTED_EDGE('',*,*,#3720,.T.);
#4764=ORIENTED_EDGE('',*,*,#3726,.T.);
#4765=ORIENTED_EDGE('',*,*,#3714,.F.);
#4766=ORIENTED_EDGE('',*,*,#3727,.F.);
#4767=ORIENTED_EDGE('',*,*,#3721,.T.);
#4768=ORIENTED_EDGE('',*,*,#3725,.T.);
#4769=ORIENTED_EDGE('',*,*,#3715,.F.);
#4770=ORIENTED_EDGE('',*,*,#3728,.F.);
#4771=ORIENTED_EDGE('',*,*,#3722,.T.);
#4772=ORIENTED_EDGE('',*,*,#3727,.T.);
#4773=ORIENTED_EDGE('',*,*,#3716,.F.);
#4774=ORIENTED_EDGE('',*,*,#3729,.F.);
#4775=ORIENTED_EDGE('',*,*,#3723,.T.);
#4776=ORIENTED_EDGE('',*,*,#3728,.T.);
#4777=ORIENTED_EDGE('',*,*,#3717,.F.);
#4778=ORIENTED_EDGE('',*,*,#3730,.F.);
#4779=ORIENTED_EDGE('',*,*,#3724,.T.);
#4780=ORIENTED_EDGE('',*,*,#3729,.T.);
#4781=ORIENTED_EDGE('',*,*,#3718,.F.);
#4782=ORIENTED_EDGE('',*,*,#3726,.F.);
#4783=ORIENTED_EDGE('',*,*,#3719,.T.);
#4784=ORIENTED_EDGE('',*,*,#3730,.T.);
#4785=ORIENTED_EDGE('',*,*,#3731,.F.);
#4786=ORIENTED_EDGE('',*,*,#3732,.F.);
#4787=ORIENTED_EDGE('',*,*,#3733,.T.);
#4788=ORIENTED_EDGE('',*,*,#3734,.F.);
#4789=ORIENTED_EDGE('',*,*,#3735,.T.);
#4790=ORIENTED_EDGE('',*,*,#3736,.F.);
#4791=ORIENTED_EDGE('',*,*,#3737,.F.);
#4792=ORIENTED_EDGE('',*,*,#3738,.F.);
#4793=ORIENTED_EDGE('',*,*,#3739,.F.);
#4794=ORIENTED_EDGE('',*,*,#3740,.F.);
#4795=ORIENTED_EDGE('',*,*,#3737,.T.);
#4796=ORIENTED_EDGE('',*,*,#3741,.F.);
#4797=ORIENTED_EDGE('',*,*,#3739,.T.);
#4798=ORIENTED_EDGE('',*,*,#3742,.F.);
#4799=ORIENTED_EDGE('',*,*,#3743,.F.);
#4800=ORIENTED_EDGE('',*,*,#3744,.F.);
#4801=ORIENTED_EDGE('',*,*,#3743,.T.);
#4802=ORIENTED_EDGE('',*,*,#3745,.F.);
#4803=ORIENTED_EDGE('',*,*,#3746,.F.);
#4804=ORIENTED_EDGE('',*,*,#3747,.F.);
#4805=ORIENTED_EDGE('',*,*,#3746,.T.);
#4806=ORIENTED_EDGE('',*,*,#3748,.F.);
#4807=ORIENTED_EDGE('',*,*,#3749,.F.);
#4808=ORIENTED_EDGE('',*,*,#3750,.F.);
#4809=ORIENTED_EDGE('',*,*,#3750,.T.);
#4810=ORIENTED_EDGE('',*,*,#3751,.F.);
#4811=ORIENTED_EDGE('',*,*,#3752,.T.);
#4812=ORIENTED_EDGE('',*,*,#3753,.F.);
#4813=ORIENTED_EDGE('',*,*,#3754,.F.);
#4814=ORIENTED_EDGE('',*,*,#3747,.T.);
#4815=ORIENTED_EDGE('',*,*,#3754,.T.);
#4816=ORIENTED_EDGE('',*,*,#3755,.T.);
#4817=ORIENTED_EDGE('',*,*,#3756,.T.);
#4818=ORIENTED_EDGE('',*,*,#3744,.T.);
#4819=ORIENTED_EDGE('',*,*,#3756,.F.);
#4820=ORIENTED_EDGE('',*,*,#3757,.F.);
#4821=ORIENTED_EDGE('',*,*,#3758,.F.);
#4822=ORIENTED_EDGE('',*,*,#3740,.T.);
#4823=ORIENTED_EDGE('',*,*,#3758,.T.);
#4824=ORIENTED_EDGE('',*,*,#3759,.T.);
#4825=ORIENTED_EDGE('',*,*,#3760,.T.);
#4826=ORIENTED_EDGE('',*,*,#3761,.T.);
#4827=ORIENTED_EDGE('',*,*,#3738,.T.);
#4828=ORIENTED_EDGE('',*,*,#3761,.F.);
#4829=ORIENTED_EDGE('',*,*,#3762,.F.);
#4830=ORIENTED_EDGE('',*,*,#3763,.F.);
#4831=ORIENTED_EDGE('',*,*,#3764,.F.);
#4832=ORIENTED_EDGE('',*,*,#3765,.T.);
#4833=ORIENTED_EDGE('',*,*,#3766,.F.);
#4834=ORIENTED_EDGE('',*,*,#3765,.F.);
#4835=ORIENTED_EDGE('',*,*,#3767,.T.);
#4836=ORIENTED_EDGE('',*,*,#3768,.T.);
#4837=ORIENTED_EDGE('',*,*,#3766,.T.);
#4838=ORIENTED_EDGE('',*,*,#3768,.F.);
#4839=ORIENTED_EDGE('',*,*,#3769,.F.);
#4840=ORIENTED_EDGE('',*,*,#3770,.T.);
#4841=ORIENTED_EDGE('',*,*,#3771,.F.);
#4842=ORIENTED_EDGE('',*,*,#3770,.F.);
#4843=ORIENTED_EDGE('',*,*,#3772,.T.);
#4844=ORIENTED_EDGE('',*,*,#3773,.T.);
#4845=ORIENTED_EDGE('',*,*,#3771,.T.);
#4846=ORIENTED_EDGE('',*,*,#3773,.F.);
#4847=ORIENTED_EDGE('',*,*,#3774,.F.);
#4848=ORIENTED_EDGE('',*,*,#3775,.T.);
#4849=ORIENTED_EDGE('',*,*,#3767,.F.);
#4850=ORIENTED_EDGE('',*,*,#3775,.F.);
#4851=ORIENTED_EDGE('',*,*,#3776,.T.);
#4852=ORIENTED_EDGE('',*,*,#3777,.T.);
#4853=ORIENTED_EDGE('',*,*,#3774,.T.);
#4854=ORIENTED_EDGE('',*,*,#3778,.F.);
#4855=ORIENTED_EDGE('',*,*,#3779,.T.);
#4856=ORIENTED_EDGE('',*,*,#3772,.F.);
#4857=ORIENTED_EDGE('',*,*,#3779,.F.);
#4858=ORIENTED_EDGE('',*,*,#3780,.T.);
#4859=ORIENTED_EDGE('',*,*,#3781,.T.);
#4860=ORIENTED_EDGE('',*,*,#3778,.T.);
#4861=ORIENTED_EDGE('',*,*,#3757,.T.);
#4862=ORIENTED_EDGE('',*,*,#3755,.F.);
#4863=ORIENTED_EDGE('',*,*,#3753,.T.);
#4864=ORIENTED_EDGE('',*,*,#3782,.T.);
#4865=ORIENTED_EDGE('',*,*,#3783,.F.);
#4866=ORIENTED_EDGE('',*,*,#3784,.F.);
#4867=ORIENTED_EDGE('',*,*,#3785,.T.);
#4868=ORIENTED_EDGE('',*,*,#3781,.F.);
#4869=ORIENTED_EDGE('',*,*,#3786,.T.);
#4870=ORIENTED_EDGE('',*,*,#3777,.F.);
#4871=ORIENTED_EDGE('',*,*,#3787,.F.);
#4872=ORIENTED_EDGE('',*,*,#3788,.T.);
#4873=ORIENTED_EDGE('',*,*,#3789,.F.);
#4874=ORIENTED_EDGE('',*,*,#3790,.F.);
#4875=ORIENTED_EDGE('',*,*,#3752,.F.);
#4876=ORIENTED_EDGE('',*,*,#3791,.F.);
#4877=ORIENTED_EDGE('',*,*,#3790,.T.);
#4878=ORIENTED_EDGE('',*,*,#3792,.T.);
#4879=ORIENTED_EDGE('',*,*,#3782,.F.);
#4880=ORIENTED_EDGE('',*,*,#3759,.F.);
#4881=ORIENTED_EDGE('',*,*,#3784,.T.);
#4882=ORIENTED_EDGE('',*,*,#3793,.T.);
#4883=ORIENTED_EDGE('',*,*,#3794,.F.);
#4884=ORIENTED_EDGE('',*,*,#3785,.F.);
#4885=ORIENTED_EDGE('',*,*,#3780,.F.);
#4886=ORIENTED_EDGE('',*,*,#3786,.F.);
#4887=ORIENTED_EDGE('',*,*,#3776,.F.);
#4888=ORIENTED_EDGE('',*,*,#3795,.F.);
#4889=ORIENTED_EDGE('',*,*,#3762,.T.);
#4890=ORIENTED_EDGE('',*,*,#3760,.F.);
#4891=ORIENTED_EDGE('',*,*,#3794,.T.);
#4892=ORIENTED_EDGE('',*,*,#3796,.F.);
#4893=ORIENTED_EDGE('',*,*,#3797,.F.);
#4894=ORIENTED_EDGE('',*,*,#3732,.T.);
#4895=ORIENTED_EDGE('',*,*,#3798,.T.);
#4896=ORIENTED_EDGE('',*,*,#3799,.F.);
#4897=ORIENTED_EDGE('',*,*,#3800,.F.);
#4898=ORIENTED_EDGE('',*,*,#3801,.T.);
#4899=ORIENTED_EDGE('',*,*,#3802,.T.);
#4900=ORIENTED_EDGE('',*,*,#3803,.T.);
#4901=ORIENTED_EDGE('',*,*,#3802,.F.);
#4902=ORIENTED_EDGE('',*,*,#3801,.F.);
#4903=ORIENTED_EDGE('',*,*,#3804,.T.);
#4904=ORIENTED_EDGE('',*,*,#3805,.F.);
#4905=ORIENTED_EDGE('',*,*,#3804,.F.);
#4906=ORIENTED_EDGE('',*,*,#3806,.T.);
#4907=ORIENTED_EDGE('',*,*,#3807,.T.);
#4908=ORIENTED_EDGE('',*,*,#3808,.T.);
#4909=ORIENTED_EDGE('',*,*,#3807,.F.);
#4910=ORIENTED_EDGE('',*,*,#3806,.F.);
#4911=ORIENTED_EDGE('',*,*,#3809,.T.);
#4912=ORIENTED_EDGE('',*,*,#3810,.F.);
#4913=ORIENTED_EDGE('',*,*,#3809,.F.);
#4914=ORIENTED_EDGE('',*,*,#3811,.F.);
#4915=ORIENTED_EDGE('',*,*,#3812,.T.);
#4916=ORIENTED_EDGE('',*,*,#3813,.T.);
#4917=ORIENTED_EDGE('',*,*,#3814,.T.);
#4918=ORIENTED_EDGE('',*,*,#3815,.T.);
#4919=ORIENTED_EDGE('',*,*,#3733,.F.);
#4920=ORIENTED_EDGE('',*,*,#3816,.T.);
#4921=ORIENTED_EDGE('',*,*,#3817,.T.);
#4922=ORIENTED_EDGE('',*,*,#3814,.F.);
#4923=ORIENTED_EDGE('',*,*,#3818,.T.);
#4924=ORIENTED_EDGE('',*,*,#3819,.F.);
#4925=ORIENTED_EDGE('',*,*,#3816,.F.);
#4926=ORIENTED_EDGE('',*,*,#3820,.T.);
#4927=ORIENTED_EDGE('',*,*,#3731,.T.);
#4928=ORIENTED_EDGE('',*,*,#3821,.T.);
#4929=ORIENTED_EDGE('',*,*,#3787,.T.);
#4930=ORIENTED_EDGE('',*,*,#3791,.T.);
#4931=ORIENTED_EDGE('',*,*,#3751,.T.);
#4932=ORIENTED_EDGE('',*,*,#3822,.F.);
#4933=ORIENTED_EDGE('',*,*,#3823,.F.);
#4934=ORIENTED_EDGE('',*,*,#3824,.F.);
#4935=ORIENTED_EDGE('',*,*,#3825,.F.);
#4936=ORIENTED_EDGE('',*,*,#3815,.F.);
#4937=ORIENTED_EDGE('',*,*,#3817,.F.);
#4938=ORIENTED_EDGE('',*,*,#3819,.T.);
#4939=ORIENTED_EDGE('',*,*,#3734,.T.);
#4940=ORIENTED_EDGE('',*,*,#3826,.T.);
#4941=ORIENTED_EDGE('',*,*,#3827,.T.);
#4942=ORIENTED_EDGE('',*,*,#3810,.T.);
#4943=ORIENTED_EDGE('',*,*,#3827,.F.);
#4944=ORIENTED_EDGE('',*,*,#3828,.F.);
#4945=ORIENTED_EDGE('',*,*,#3829,.F.);
#4946=ORIENTED_EDGE('',*,*,#3830,.F.);
#4947=ORIENTED_EDGE('',*,*,#3831,.F.);
#4948=ORIENTED_EDGE('',*,*,#3763,.T.);
#4949=ORIENTED_EDGE('',*,*,#3795,.T.);
#4950=ORIENTED_EDGE('',*,*,#3826,.F.);
#4951=ORIENTED_EDGE('',*,*,#3832,.F.);
#4952=ORIENTED_EDGE('',*,*,#3832,.T.);
#4953=ORIENTED_EDGE('',*,*,#3833,.T.);
#4954=ORIENTED_EDGE('',*,*,#3805,.T.);
#4955=ORIENTED_EDGE('',*,*,#3833,.F.);
#4956=ORIENTED_EDGE('',*,*,#3831,.T.);
#4957=ORIENTED_EDGE('',*,*,#3834,.T.);
#4958=ORIENTED_EDGE('',*,*,#3835,.F.);
#4959=ORIENTED_EDGE('',*,*,#3735,.F.);
#4960=ORIENTED_EDGE('',*,*,#3834,.F.);
#4961=ORIENTED_EDGE('',*,*,#3836,.T.);
#4962=ORIENTED_EDGE('',*,*,#3837,.T.);
#4963=ORIENTED_EDGE('',*,*,#3838,.T.);
#4964=ORIENTED_EDGE('',*,*,#3839,.T.);
#4965=ORIENTED_EDGE('',*,*,#3840,.T.);
#4966=ORIENTED_EDGE('',*,*,#3837,.F.);
#4967=ORIENTED_EDGE('',*,*,#3841,.T.);
#4968=ORIENTED_EDGE('',*,*,#3839,.F.);
#4969=ORIENTED_EDGE('',*,*,#3842,.T.);
#4970=ORIENTED_EDGE('',*,*,#3843,.T.);
#4971=ORIENTED_EDGE('',*,*,#3844,.T.);
#4972=ORIENTED_EDGE('',*,*,#3843,.F.);
#4973=ORIENTED_EDGE('',*,*,#3845,.T.);
#4974=ORIENTED_EDGE('',*,*,#3846,.T.);
#4975=ORIENTED_EDGE('',*,*,#3847,.T.);
#4976=ORIENTED_EDGE('',*,*,#3846,.F.);
#4977=ORIENTED_EDGE('',*,*,#3848,.T.);
#4978=ORIENTED_EDGE('',*,*,#3849,.T.);
#4979=ORIENTED_EDGE('',*,*,#3850,.T.);
#4980=ORIENTED_EDGE('',*,*,#3851,.F.);
#4981=ORIENTED_EDGE('',*,*,#3849,.F.);
#4982=ORIENTED_EDGE('',*,*,#3822,.T.);
#4983=ORIENTED_EDGE('',*,*,#3749,.T.);
#4984=ORIENTED_EDGE('',*,*,#3848,.F.);
#4985=ORIENTED_EDGE('',*,*,#3852,.T.);
#4986=ORIENTED_EDGE('',*,*,#3853,.T.);
#4987=ORIENTED_EDGE('',*,*,#3854,.F.);
#4988=ORIENTED_EDGE('',*,*,#3823,.T.);
#4989=ORIENTED_EDGE('',*,*,#3845,.F.);
#4990=ORIENTED_EDGE('',*,*,#3855,.F.);
#4991=ORIENTED_EDGE('',*,*,#3856,.F.);
#4992=ORIENTED_EDGE('',*,*,#3852,.F.);
#4993=ORIENTED_EDGE('',*,*,#3842,.F.);
#4994=ORIENTED_EDGE('',*,*,#3857,.T.);
#4995=ORIENTED_EDGE('',*,*,#3858,.T.);
#4996=ORIENTED_EDGE('',*,*,#3855,.T.);
#4997=ORIENTED_EDGE('',*,*,#3841,.F.);
#4998=ORIENTED_EDGE('',*,*,#3859,.F.);
#4999=ORIENTED_EDGE('',*,*,#3860,.F.);
#5000=ORIENTED_EDGE('',*,*,#3861,.F.);
#5001=ORIENTED_EDGE('',*,*,#3857,.F.);
#5002=ORIENTED_EDGE('',*,*,#3836,.F.);
#5003=ORIENTED_EDGE('',*,*,#3830,.T.);
#5004=ORIENTED_EDGE('',*,*,#3862,.T.);
#5005=ORIENTED_EDGE('',*,*,#3859,.T.);
#5006=ORIENTED_EDGE('',*,*,#3863,.T.);
#5007=ORIENTED_EDGE('',*,*,#3864,.T.);
#5008=ORIENTED_EDGE('',*,*,#3865,.T.);
#5009=ORIENTED_EDGE('',*,*,#3864,.F.);
#5010=ORIENTED_EDGE('',*,*,#3851,.T.);
#5011=ORIENTED_EDGE('',*,*,#3748,.T.);
#5012=ORIENTED_EDGE('',*,*,#3745,.T.);
#5013=ORIENTED_EDGE('',*,*,#3742,.T.);
#5014=ORIENTED_EDGE('',*,*,#3741,.T.);
#5015=ORIENTED_EDGE('',*,*,#3736,.T.);
#5016=ORIENTED_EDGE('',*,*,#3835,.T.);
#5017=ORIENTED_EDGE('',*,*,#3838,.F.);
#5018=ORIENTED_EDGE('',*,*,#3840,.F.);
#5019=ORIENTED_EDGE('',*,*,#3844,.F.);
#5020=ORIENTED_EDGE('',*,*,#3847,.F.);
#5021=ORIENTED_EDGE('',*,*,#3850,.F.);
#5022=ORIENTED_EDGE('',*,*,#3764,.T.);
#5023=ORIENTED_EDGE('',*,*,#3769,.T.);
#5024=ORIENTED_EDGE('',*,*,#3866,.F.);
#5025=ORIENTED_EDGE('',*,*,#3863,.F.);
#5026=ORIENTED_EDGE('',*,*,#3867,.F.);
#5027=ORIENTED_EDGE('',*,*,#3868,.T.);
#5028=ORIENTED_EDGE('',*,*,#3865,.F.);
#5029=ORIENTED_EDGE('',*,*,#3868,.F.);
#5030=ORIENTED_EDGE('',*,*,#3866,.T.);
#5031=ORIENTED_EDGE('',*,*,#3869,.T.);
#5032=ORIENTED_EDGE('',*,*,#3870,.T.);
#5033=ORIENTED_EDGE('',*,*,#3869,.F.);
#5034=ORIENTED_EDGE('',*,*,#3871,.F.);
#5035=ORIENTED_EDGE('',*,*,#3872,.T.);
#5036=ORIENTED_EDGE('',*,*,#3870,.F.);
#5037=ORIENTED_EDGE('',*,*,#3872,.F.);
#5038=ORIENTED_EDGE('',*,*,#3873,.T.);
#5039=ORIENTED_EDGE('',*,*,#3874,.T.);
#5040=ORIENTED_EDGE('',*,*,#3867,.T.);
#5041=ORIENTED_EDGE('',*,*,#3874,.F.);
#5042=ORIENTED_EDGE('',*,*,#3875,.F.);
#5043=ORIENTED_EDGE('',*,*,#3876,.F.);
#5044=ORIENTED_EDGE('',*,*,#3873,.F.);
#5045=ORIENTED_EDGE('',*,*,#3877,.T.);
#5046=ORIENTED_EDGE('',*,*,#3878,.T.);
#5047=ORIENTED_EDGE('',*,*,#3871,.T.);
#5048=ORIENTED_EDGE('',*,*,#3878,.F.);
#5049=ORIENTED_EDGE('',*,*,#3879,.F.);
#5050=ORIENTED_EDGE('',*,*,#3880,.F.);
#5051=ORIENTED_EDGE('',*,*,#3877,.F.);
#5052=ORIENTED_EDGE('',*,*,#3858,.F.);
#5053=ORIENTED_EDGE('',*,*,#3881,.T.);
#5054=ORIENTED_EDGE('',*,*,#3882,.T.);
#5055=ORIENTED_EDGE('',*,*,#3883,.F.);
#5056=ORIENTED_EDGE('',*,*,#3853,.F.);
#5057=ORIENTED_EDGE('',*,*,#3856,.T.);
#5058=ORIENTED_EDGE('',*,*,#3884,.F.);
#5059=ORIENTED_EDGE('',*,*,#3880,.T.);
#5060=ORIENTED_EDGE('',*,*,#3885,.F.);
#5061=ORIENTED_EDGE('',*,*,#3876,.T.);
#5062=ORIENTED_EDGE('',*,*,#3828,.T.);
#5063=ORIENTED_EDGE('',*,*,#3797,.T.);
#5064=ORIENTED_EDGE('',*,*,#3886,.F.);
#5065=ORIENTED_EDGE('',*,*,#3887,.F.);
#5066=ORIENTED_EDGE('',*,*,#3821,.F.);
#5067=ORIENTED_EDGE('',*,*,#3888,.T.);
#5068=ORIENTED_EDGE('',*,*,#3889,.F.);
#5069=ORIENTED_EDGE('',*,*,#3788,.F.);
#5070=ORIENTED_EDGE('',*,*,#3825,.T.);
#5071=ORIENTED_EDGE('',*,*,#3890,.T.);
#5072=ORIENTED_EDGE('',*,*,#3891,.T.);
#5073=ORIENTED_EDGE('',*,*,#3888,.F.);
#5074=ORIENTED_EDGE('',*,*,#3854,.T.);
#5075=ORIENTED_EDGE('',*,*,#3883,.T.);
#5076=ORIENTED_EDGE('',*,*,#3892,.F.);
#5077=ORIENTED_EDGE('',*,*,#3890,.F.);
#5078=ORIENTED_EDGE('',*,*,#3824,.T.);
#5079=ORIENTED_EDGE('',*,*,#3861,.T.);
#5080=ORIENTED_EDGE('',*,*,#3893,.T.);
#5081=ORIENTED_EDGE('',*,*,#3894,.F.);
#5082=ORIENTED_EDGE('',*,*,#3881,.F.);
#5083=ORIENTED_EDGE('',*,*,#3884,.T.);
#5084=ORIENTED_EDGE('',*,*,#3879,.T.);
#5085=ORIENTED_EDGE('',*,*,#3885,.T.);
#5086=ORIENTED_EDGE('',*,*,#3875,.T.);
#5087=ORIENTED_EDGE('',*,*,#3829,.T.);
#5088=ORIENTED_EDGE('',*,*,#3887,.T.);
#5089=ORIENTED_EDGE('',*,*,#3895,.T.);
#5090=ORIENTED_EDGE('',*,*,#3893,.F.);
#5091=ORIENTED_EDGE('',*,*,#3860,.T.);
#5092=ORIENTED_EDGE('',*,*,#3862,.F.);
#5093=ORIENTED_EDGE('',*,*,#3886,.T.);
#5094=ORIENTED_EDGE('',*,*,#3796,.T.);
#5095=ORIENTED_EDGE('',*,*,#3793,.F.);
#5096=ORIENTED_EDGE('',*,*,#3783,.T.);
#5097=ORIENTED_EDGE('',*,*,#3792,.F.);
#5098=ORIENTED_EDGE('',*,*,#3789,.T.);
#5099=ORIENTED_EDGE('',*,*,#3889,.T.);
#5100=ORIENTED_EDGE('',*,*,#3891,.F.);
#5101=ORIENTED_EDGE('',*,*,#3892,.T.);
#5102=ORIENTED_EDGE('',*,*,#3882,.F.);
#5103=ORIENTED_EDGE('',*,*,#3894,.T.);
#5104=ORIENTED_EDGE('',*,*,#3895,.F.);
#5105=ORIENTED_EDGE('',*,*,#3896,.T.);
#5106=ORIENTED_EDGE('',*,*,#3897,.F.);
#5107=ORIENTED_EDGE('',*,*,#3799,.T.);
#5108=ORIENTED_EDGE('',*,*,#3898,.T.);
#5109=ORIENTED_EDGE('',*,*,#3899,.F.);
#5110=ORIENTED_EDGE('',*,*,#3803,.F.);
#5111=ORIENTED_EDGE('',*,*,#3808,.F.);
#5112=ORIENTED_EDGE('',*,*,#3820,.F.);
#5113=ORIENTED_EDGE('',*,*,#3900,.T.);
#5114=ORIENTED_EDGE('',*,*,#3898,.F.);
#5115=ORIENTED_EDGE('',*,*,#3798,.F.);
#5116=ORIENTED_EDGE('',*,*,#3818,.F.);
#5117=ORIENTED_EDGE('',*,*,#3901,.T.);
#5118=ORIENTED_EDGE('',*,*,#3899,.T.);
#5119=ORIENTED_EDGE('',*,*,#3900,.F.);
#5120=ORIENTED_EDGE('',*,*,#3813,.F.);
#5121=ORIENTED_EDGE('',*,*,#3800,.T.);
#5122=ORIENTED_EDGE('',*,*,#3897,.T.);
#5123=ORIENTED_EDGE('',*,*,#3901,.F.);
#5124=ORIENTED_EDGE('',*,*,#3896,.F.);
#5125=ORIENTED_EDGE('',*,*,#3902,.T.);
#5126=ORIENTED_EDGE('',*,*,#3903,.F.);
#5127=ORIENTED_EDGE('',*,*,#3902,.F.);
#5128=ORIENTED_EDGE('',*,*,#3903,.T.);
#5129=ORIENTED_EDGE('',*,*,#3904,.T.);
#5130=ORIENTED_EDGE('',*,*,#3811,.T.);
#5131=ORIENTED_EDGE('',*,*,#3812,.F.);
#5132=ORIENTED_EDGE('',*,*,#3904,.F.);
#5133=ORIENTED_EDGE('',*,*,#3905,.T.);
#5134=ORIENTED_EDGE('',*,*,#3906,.T.);
#5135=ORIENTED_EDGE('',*,*,#3907,.T.);
#5136=ORIENTED_EDGE('',*,*,#3906,.F.);
#5137=ORIENTED_EDGE('',*,*,#3908,.T.);
#5138=ORIENTED_EDGE('',*,*,#3909,.T.);
#5139=ORIENTED_EDGE('',*,*,#3907,.F.);
#5140=ORIENTED_EDGE('',*,*,#3910,.F.);
#5141=ORIENTED_EDGE('',*,*,#3911,.T.);
#5142=ORIENTED_EDGE('',*,*,#3912,.T.);
#5143=ORIENTED_EDGE('',*,*,#3911,.F.);
#5144=ORIENTED_EDGE('',*,*,#3909,.F.);
#5145=ORIENTED_EDGE('',*,*,#3913,.T.);
#5146=ORIENTED_EDGE('',*,*,#3910,.T.);
#5147=ORIENTED_EDGE('',*,*,#3913,.F.);
#5148=ORIENTED_EDGE('',*,*,#3905,.F.);
#5149=ORIENTED_EDGE('',*,*,#3914,.T.);
#5150=ORIENTED_EDGE('',*,*,#3915,.F.);
#5151=ORIENTED_EDGE('',*,*,#3914,.F.);
#5152=ORIENTED_EDGE('',*,*,#3908,.F.);
#5153=ORIENTED_EDGE('',*,*,#3912,.F.);
#5154=ORIENTED_EDGE('',*,*,#3916,.F.);
#5155=ORIENTED_EDGE('',*,*,#3917,.F.);
#5156=ORIENTED_EDGE('',*,*,#3918,.F.);
#5157=ORIENTED_EDGE('',*,*,#3919,.F.);
#5158=ORIENTED_EDGE('',*,*,#3920,.F.);
#5159=ORIENTED_EDGE('',*,*,#3921,.F.);
#5160=ORIENTED_EDGE('',*,*,#3915,.T.);
#5161=ORIENTED_EDGE('',*,*,#3922,.T.);
#5162=ORIENTED_EDGE('',*,*,#3918,.T.);
#5163=ORIENTED_EDGE('',*,*,#3923,.T.);
#5164=ORIENTED_EDGE('',*,*,#3917,.T.);
#5165=ORIENTED_EDGE('',*,*,#3924,.T.);
#5166=ORIENTED_EDGE('',*,*,#3916,.T.);
#5167=ORIENTED_EDGE('',*,*,#3925,.T.);
#5168=ORIENTED_EDGE('',*,*,#3921,.T.);
#5169=ORIENTED_EDGE('',*,*,#3926,.T.);
#5170=ORIENTED_EDGE('',*,*,#3920,.T.);
#5171=ORIENTED_EDGE('',*,*,#3927,.T.);
#5172=ORIENTED_EDGE('',*,*,#3919,.T.);
#5173=ORIENTED_EDGE('',*,*,#3928,.F.);
#5174=ORIENTED_EDGE('',*,*,#3929,.F.);
#5175=ORIENTED_EDGE('',*,*,#3930,.F.);
#5176=ORIENTED_EDGE('',*,*,#3931,.F.);
#5177=ORIENTED_EDGE('',*,*,#3932,.F.);
#5178=ORIENTED_EDGE('',*,*,#3933,.F.);
#5179=ORIENTED_EDGE('',*,*,#3922,.F.);
#5180=ORIENTED_EDGE('',*,*,#3934,.F.);
#5181=ORIENTED_EDGE('',*,*,#3929,.T.);
#5182=ORIENTED_EDGE('',*,*,#3935,.T.);
#5183=ORIENTED_EDGE('',*,*,#3923,.F.);
#5184=ORIENTED_EDGE('',*,*,#3936,.F.);
#5185=ORIENTED_EDGE('',*,*,#3930,.T.);
#5186=ORIENTED_EDGE('',*,*,#3934,.T.);
#5187=ORIENTED_EDGE('',*,*,#3924,.F.);
#5188=ORIENTED_EDGE('',*,*,#3937,.F.);
#5189=ORIENTED_EDGE('',*,*,#3931,.T.);
#5190=ORIENTED_EDGE('',*,*,#3936,.T.);
#5191=ORIENTED_EDGE('',*,*,#3925,.F.);
#5192=ORIENTED_EDGE('',*,*,#3938,.F.);
#5193=ORIENTED_EDGE('',*,*,#3932,.T.);
#5194=ORIENTED_EDGE('',*,*,#3937,.T.);
#5195=ORIENTED_EDGE('',*,*,#3926,.F.);
#5196=ORIENTED_EDGE('',*,*,#3939,.F.);
#5197=ORIENTED_EDGE('',*,*,#3933,.T.);
#5198=ORIENTED_EDGE('',*,*,#3938,.T.);
#5199=ORIENTED_EDGE('',*,*,#3927,.F.);
#5200=ORIENTED_EDGE('',*,*,#3935,.F.);
#5201=ORIENTED_EDGE('',*,*,#3928,.T.);
#5202=ORIENTED_EDGE('',*,*,#3939,.T.);
#5203=ORIENTED_EDGE('',*,*,#3940,.T.);
#5204=ORIENTED_EDGE('',*,*,#3941,.T.);
#5205=ORIENTED_EDGE('',*,*,#3942,.T.);
#5206=ORIENTED_EDGE('',*,*,#3941,.F.);
#5207=ORIENTED_EDGE('',*,*,#3943,.T.);
#5208=ORIENTED_EDGE('',*,*,#3944,.T.);
#5209=ORIENTED_EDGE('',*,*,#3945,.T.);
#5210=ORIENTED_EDGE('',*,*,#3944,.F.);
#5211=ORIENTED_EDGE('',*,*,#3946,.T.);
#5212=ORIENTED_EDGE('',*,*,#3947,.T.);
#5213=ORIENTED_EDGE('',*,*,#3940,.F.);
#5214=ORIENTED_EDGE('',*,*,#3947,.F.);
#5215=ORIENTED_EDGE('',*,*,#3948,.T.);
#5216=ORIENTED_EDGE('',*,*,#3949,.T.);
#5217=ORIENTED_EDGE('',*,*,#3943,.F.);
#5218=ORIENTED_EDGE('',*,*,#3949,.F.);
#5219=ORIENTED_EDGE('',*,*,#3950,.T.);
#5220=ORIENTED_EDGE('',*,*,#3951,.T.);
#5221=ORIENTED_EDGE('',*,*,#3952,.F.);
#5222=ORIENTED_EDGE('',*,*,#3951,.F.);
#5223=ORIENTED_EDGE('',*,*,#3953,.T.);
#5224=ORIENTED_EDGE('',*,*,#3954,.T.);
#5225=ORIENTED_EDGE('',*,*,#3955,.F.);
#5226=ORIENTED_EDGE('',*,*,#3956,.F.);
#5227=ORIENTED_EDGE('',*,*,#3957,.F.);
#5228=ORIENTED_EDGE('',*,*,#3958,.T.);
#5229=ORIENTED_EDGE('',*,*,#3959,.F.);
#5230=ORIENTED_EDGE('',*,*,#3958,.F.);
#5231=ORIENTED_EDGE('',*,*,#3960,.F.);
#5232=ORIENTED_EDGE('',*,*,#3961,.T.);
#5233=ORIENTED_EDGE('',*,*,#3962,.F.);
#5234=ORIENTED_EDGE('',*,*,#3961,.F.);
#5235=ORIENTED_EDGE('',*,*,#3963,.F.);
#5236=ORIENTED_EDGE('',*,*,#3964,.T.);
#5237=ORIENTED_EDGE('',*,*,#3957,.T.);
#5238=ORIENTED_EDGE('',*,*,#3964,.F.);
#5239=ORIENTED_EDGE('',*,*,#3965,.F.);
#5240=ORIENTED_EDGE('',*,*,#3966,.T.);
#5241=ORIENTED_EDGE('',*,*,#3960,.T.);
#5242=ORIENTED_EDGE('',*,*,#3966,.F.);
#5243=ORIENTED_EDGE('',*,*,#3965,.T.);
#5244=ORIENTED_EDGE('',*,*,#3963,.T.);
#5245=ORIENTED_EDGE('',*,*,#3967,.F.);
#5246=ORIENTED_EDGE('',*,*,#3968,.F.);
#5247=ORIENTED_EDGE('',*,*,#3969,.T.);
#5248=ORIENTED_EDGE('',*,*,#3970,.F.);
#5249=ORIENTED_EDGE('',*,*,#3971,.F.);
#5250=ORIENTED_EDGE('',*,*,#3972,.F.);
#5251=ORIENTED_EDGE('',*,*,#3973,.T.);
#5252=ORIENTED_EDGE('',*,*,#3974,.F.);
#5253=ORIENTED_EDGE('',*,*,#3975,.F.);
#5254=ORIENTED_EDGE('',*,*,#3976,.F.);
#5255=ORIENTED_EDGE('',*,*,#3977,.T.);
#5256=ORIENTED_EDGE('',*,*,#3978,.F.);
#5257=ORIENTED_EDGE('',*,*,#3979,.F.);
#5258=ORIENTED_EDGE('',*,*,#3980,.F.);
#5259=ORIENTED_EDGE('',*,*,#3981,.T.);
#5260=ORIENTED_EDGE('',*,*,#3982,.F.);
#5261=ORIENTED_EDGE('',*,*,#3983,.F.);
#5262=ORIENTED_EDGE('',*,*,#3984,.F.);
#5263=ORIENTED_EDGE('',*,*,#3985,.T.);
#5264=ORIENTED_EDGE('',*,*,#3986,.F.);
#5265=ORIENTED_EDGE('',*,*,#3987,.F.);
#5266=ORIENTED_EDGE('',*,*,#3988,.F.);
#5267=ORIENTED_EDGE('',*,*,#3989,.T.);
#5268=ORIENTED_EDGE('',*,*,#3990,.F.);
#5269=ORIENTED_EDGE('',*,*,#3991,.F.);
#5270=ORIENTED_EDGE('',*,*,#3992,.T.);
#5271=ORIENTED_EDGE('',*,*,#3993,.T.);
#5272=ORIENTED_EDGE('',*,*,#3994,.F.);
#5273=ORIENTED_EDGE('',*,*,#3995,.F.);
#5274=ORIENTED_EDGE('',*,*,#3996,.F.);
#5275=ORIENTED_EDGE('',*,*,#3997,.T.);
#5276=ORIENTED_EDGE('',*,*,#3998,.F.);
#5277=ORIENTED_EDGE('',*,*,#3999,.T.);
#5278=ORIENTED_EDGE('',*,*,#4000,.T.);
#5279=ORIENTED_EDGE('',*,*,#4001,.F.);
#5280=ORIENTED_EDGE('',*,*,#4002,.F.);
#5281=ORIENTED_EDGE('',*,*,#4003,.T.);
#5282=ORIENTED_EDGE('',*,*,#4004,.T.);
#5283=ORIENTED_EDGE('',*,*,#4005,.F.);
#5284=ORIENTED_EDGE('',*,*,#4006,.F.);
#5285=ORIENTED_EDGE('',*,*,#3956,.T.);
#5286=ORIENTED_EDGE('',*,*,#4007,.T.);
#5287=ORIENTED_EDGE('',*,*,#4003,.F.);
#5288=ORIENTED_EDGE('',*,*,#4008,.F.);
#5289=ORIENTED_EDGE('',*,*,#4009,.F.);
#5290=ORIENTED_EDGE('',*,*,#3986,.T.);
#5291=ORIENTED_EDGE('',*,*,#4010,.T.);
#5292=ORIENTED_EDGE('',*,*,#3954,.F.);
#5293=ORIENTED_EDGE('',*,*,#3978,.T.);
#5294=ORIENTED_EDGE('',*,*,#4011,.T.);
#5295=ORIENTED_EDGE('',*,*,#3984,.T.);
#5296=ORIENTED_EDGE('',*,*,#4012,.F.);
#5297=ORIENTED_EDGE('',*,*,#4013,.T.);
#5298=ORIENTED_EDGE('',*,*,#3982,.T.);
#5299=ORIENTED_EDGE('',*,*,#4014,.F.);
#5300=ORIENTED_EDGE('',*,*,#3976,.T.);
#5301=ORIENTED_EDGE('',*,*,#4015,.T.);
#5302=ORIENTED_EDGE('',*,*,#3994,.T.);
#5303=ORIENTED_EDGE('',*,*,#4016,.F.);
#5304=ORIENTED_EDGE('',*,*,#3980,.T.);
#5305=ORIENTED_EDGE('',*,*,#3942,.F.);
#5306=ORIENTED_EDGE('',*,*,#3959,.T.);
#5307=ORIENTED_EDGE('',*,*,#3998,.T.);
#5308=ORIENTED_EDGE('',*,*,#4017,.F.);
#5309=ORIENTED_EDGE('',*,*,#3992,.F.);
#5310=ORIENTED_EDGE('',*,*,#4018,.T.);
#5311=ORIENTED_EDGE('',*,*,#3970,.T.);
#5312=ORIENTED_EDGE('',*,*,#4019,.F.);
#5313=ORIENTED_EDGE('',*,*,#3996,.T.);
#5314=ORIENTED_EDGE('',*,*,#4020,.T.);
#5315=ORIENTED_EDGE('',*,*,#3945,.F.);
#5316=ORIENTED_EDGE('',*,*,#3962,.T.);
#5317=ORIENTED_EDGE('',*,*,#4021,.F.);
#5318=ORIENTED_EDGE('',*,*,#3974,.T.);
#5319=ORIENTED_EDGE('',*,*,#4022,.T.);
#5320=ORIENTED_EDGE('',*,*,#3968,.T.);
#5321=ORIENTED_EDGE('',*,*,#4023,.F.);
#5322=ORIENTED_EDGE('',*,*,#3990,.T.);
#5323=ORIENTED_EDGE('',*,*,#4024,.T.);
#5324=ORIENTED_EDGE('',*,*,#3972,.T.);
#5325=ORIENTED_EDGE('',*,*,#4001,.T.);
#5326=ORIENTED_EDGE('',*,*,#4025,.F.);
#5327=ORIENTED_EDGE('',*,*,#3988,.T.);
#5328=ORIENTED_EDGE('',*,*,#4026,.T.);
#5329=ORIENTED_EDGE('',*,*,#4005,.T.);
#5330=ORIENTED_EDGE('',*,*,#4027,.F.);
#5331=ORIENTED_EDGE('',*,*,#3999,.F.);
#5332=ORIENTED_EDGE('',*,*,#4028,.T.);
#5333=ORIENTED_EDGE('',*,*,#4020,.F.);
#5334=ORIENTED_EDGE('',*,*,#3995,.T.);
#5335=ORIENTED_EDGE('',*,*,#4018,.F.);
#5336=ORIENTED_EDGE('',*,*,#3991,.T.);
#5337=ORIENTED_EDGE('',*,*,#4015,.F.);
#5338=ORIENTED_EDGE('',*,*,#3979,.T.);
#5339=ORIENTED_EDGE('',*,*,#4013,.F.);
#5340=ORIENTED_EDGE('',*,*,#3975,.T.);
#5341=ORIENTED_EDGE('',*,*,#4012,.T.);
#5342=ORIENTED_EDGE('',*,*,#3983,.T.);
#5343=ORIENTED_EDGE('',*,*,#4009,.T.);
#5344=ORIENTED_EDGE('',*,*,#3953,.F.);
#5345=ORIENTED_EDGE('',*,*,#4008,.T.);
#5346=ORIENTED_EDGE('',*,*,#4006,.T.);
#5347=ORIENTED_EDGE('',*,*,#4028,.F.);
#5348=ORIENTED_EDGE('',*,*,#4002,.T.);
#5349=ORIENTED_EDGE('',*,*,#4026,.F.);
#5350=ORIENTED_EDGE('',*,*,#3987,.T.);
#5351=ORIENTED_EDGE('',*,*,#4023,.T.);
#5352=ORIENTED_EDGE('',*,*,#3971,.T.);
#5353=ORIENTED_EDGE('',*,*,#4021,.T.);
#5354=ORIENTED_EDGE('',*,*,#3967,.T.);
#5355=ORIENTED_EDGE('',*,*,#3950,.F.);
#5356=ORIENTED_EDGE('',*,*,#3948,.F.);
#5357=ORIENTED_EDGE('',*,*,#3946,.F.);
#5358=ORIENTED_EDGE('',*,*,#4019,.T.);
#5359=ORIENTED_EDGE('',*,*,#3969,.F.);
#5360=ORIENTED_EDGE('',*,*,#4022,.F.);
#5361=ORIENTED_EDGE('',*,*,#3973,.F.);
#5362=ORIENTED_EDGE('',*,*,#4024,.F.);
#5363=ORIENTED_EDGE('',*,*,#3989,.F.);
#5364=ORIENTED_EDGE('',*,*,#4025,.T.);
#5365=ORIENTED_EDGE('',*,*,#4000,.F.);
#5366=ORIENTED_EDGE('',*,*,#4027,.T.);
#5367=ORIENTED_EDGE('',*,*,#4004,.F.);
#5368=ORIENTED_EDGE('',*,*,#4007,.F.);
#5369=ORIENTED_EDGE('',*,*,#3955,.T.);
#5370=ORIENTED_EDGE('',*,*,#4010,.F.);
#5371=ORIENTED_EDGE('',*,*,#3985,.F.);
#5372=ORIENTED_EDGE('',*,*,#4011,.F.);
#5373=ORIENTED_EDGE('',*,*,#3977,.F.);
#5374=ORIENTED_EDGE('',*,*,#4014,.T.);
#5375=ORIENTED_EDGE('',*,*,#3981,.F.);
#5376=ORIENTED_EDGE('',*,*,#4016,.T.);
#5377=ORIENTED_EDGE('',*,*,#3993,.F.);
#5378=ORIENTED_EDGE('',*,*,#4017,.T.);
#5379=ORIENTED_EDGE('',*,*,#3997,.F.);
#5380=ORIENTED_EDGE('',*,*,#3952,.T.);
#5381=ORIENTED_EDGE('',*,*,#4029,.T.);
#5382=ORIENTED_EDGE('',*,*,#4030,.T.);
#5383=ORIENTED_EDGE('',*,*,#4031,.F.);
#5384=ORIENTED_EDGE('',*,*,#4030,.F.);
#5385=ORIENTED_EDGE('',*,*,#4032,.T.);
#5386=ORIENTED_EDGE('',*,*,#4033,.T.);
#5387=ORIENTED_EDGE('',*,*,#4034,.F.);
#5388=ORIENTED_EDGE('',*,*,#4035,.F.);
#5389=ORIENTED_EDGE('',*,*,#4036,.F.);
#5390=ORIENTED_EDGE('',*,*,#4037,.F.);
#5391=ORIENTED_EDGE('',*,*,#4038,.T.);
#5392=ORIENTED_EDGE('',*,*,#4039,.T.);
#5393=ORIENTED_EDGE('',*,*,#4040,.F.);
#5394=ORIENTED_EDGE('',*,*,#4041,.T.);
#5395=ORIENTED_EDGE('',*,*,#4042,.T.);
#5396=ORIENTED_EDGE('',*,*,#4037,.T.);
#5397=ORIENTED_EDGE('',*,*,#4043,.F.);
#5398=ORIENTED_EDGE('',*,*,#4044,.T.);
#5399=ORIENTED_EDGE('',*,*,#4045,.T.);
#5400=ORIENTED_EDGE('',*,*,#4046,.T.);
#5401=ORIENTED_EDGE('',*,*,#4047,.F.);
#5402=ORIENTED_EDGE('',*,*,#4048,.T.);
#5403=ORIENTED_EDGE('',*,*,#4049,.T.);
#5404=ORIENTED_EDGE('',*,*,#4050,.T.);
#5405=ORIENTED_EDGE('',*,*,#4051,.F.);
#5406=ORIENTED_EDGE('',*,*,#4052,.T.);
#5407=ORIENTED_EDGE('',*,*,#4053,.T.);
#5408=ORIENTED_EDGE('',*,*,#4054,.T.);
#5409=ORIENTED_EDGE('',*,*,#4055,.F.);
#5410=ORIENTED_EDGE('',*,*,#4056,.T.);
#5411=ORIENTED_EDGE('',*,*,#4057,.T.);
#5412=ORIENTED_EDGE('',*,*,#4058,.T.);
#5413=ORIENTED_EDGE('',*,*,#4059,.F.);
#5414=ORIENTED_EDGE('',*,*,#4060,.T.);
#5415=ORIENTED_EDGE('',*,*,#4061,.T.);
#5416=ORIENTED_EDGE('',*,*,#4062,.T.);
#5417=ORIENTED_EDGE('',*,*,#4063,.F.);
#5418=ORIENTED_EDGE('',*,*,#4064,.T.);
#5419=ORIENTED_EDGE('',*,*,#4065,.T.);
#5420=ORIENTED_EDGE('',*,*,#4033,.F.);
#5421=ORIENTED_EDGE('',*,*,#4066,.T.);
#5422=ORIENTED_EDGE('',*,*,#4067,.F.);
#5423=ORIENTED_EDGE('',*,*,#4068,.F.);
#5424=ORIENTED_EDGE('',*,*,#4035,.T.);
#5425=ORIENTED_EDGE('',*,*,#4069,.T.);
#5426=ORIENTED_EDGE('',*,*,#4070,.F.);
#5427=ORIENTED_EDGE('',*,*,#4071,.F.);
#5428=ORIENTED_EDGE('',*,*,#4067,.T.);
#5429=ORIENTED_EDGE('',*,*,#4072,.F.);
#5430=ORIENTED_EDGE('',*,*,#4039,.F.);
#5431=ORIENTED_EDGE('',*,*,#4073,.T.);
#5432=ORIENTED_EDGE('',*,*,#4070,.T.);
#5433=ORIENTED_EDGE('',*,*,#4057,.F.);
#5434=ORIENTED_EDGE('',*,*,#4074,.T.);
#5435=ORIENTED_EDGE('',*,*,#4059,.T.);
#5436=ORIENTED_EDGE('',*,*,#4075,.T.);
#5437=ORIENTED_EDGE('',*,*,#4063,.T.);
#5438=ORIENTED_EDGE('',*,*,#4032,.F.);
#5439=ORIENTED_EDGE('',*,*,#4068,.T.);
#5440=ORIENTED_EDGE('',*,*,#4071,.T.);
#5441=ORIENTED_EDGE('',*,*,#4073,.F.);
#5442=ORIENTED_EDGE('',*,*,#4038,.F.);
#5443=ORIENTED_EDGE('',*,*,#4042,.F.);
#5444=ORIENTED_EDGE('',*,*,#4076,.T.);
#5445=ORIENTED_EDGE('',*,*,#4043,.T.);
#5446=ORIENTED_EDGE('',*,*,#4077,.T.);
#5447=ORIENTED_EDGE('',*,*,#4047,.T.);
#5448=ORIENTED_EDGE('',*,*,#4078,.T.);
#5449=ORIENTED_EDGE('',*,*,#4053,.F.);
#5450=ORIENTED_EDGE('',*,*,#4079,.T.);
#5451=ORIENTED_EDGE('',*,*,#4029,.F.);
#5452=ORIENTED_EDGE('',*,*,#4061,.F.);
#5453=ORIENTED_EDGE('',*,*,#4080,.T.);
#5454=ORIENTED_EDGE('',*,*,#4055,.T.);
#5455=ORIENTED_EDGE('',*,*,#4081,.T.);
#5456=ORIENTED_EDGE('',*,*,#4051,.T.);
#5457=ORIENTED_EDGE('',*,*,#4082,.T.);
#5458=ORIENTED_EDGE('',*,*,#4049,.F.);
#5459=ORIENTED_EDGE('',*,*,#4083,.T.);
#5460=ORIENTED_EDGE('',*,*,#4045,.F.);
#5461=ORIENTED_EDGE('',*,*,#4084,.T.);
#5462=ORIENTED_EDGE('',*,*,#4040,.T.);
#5463=ORIENTED_EDGE('',*,*,#4036,.T.);
#5464=ORIENTED_EDGE('',*,*,#4072,.T.);
#5465=ORIENTED_EDGE('',*,*,#4069,.F.);
#5466=ORIENTED_EDGE('',*,*,#4066,.F.);
#5467=ORIENTED_EDGE('',*,*,#4034,.T.);
#5468=ORIENTED_EDGE('',*,*,#4065,.F.);
#5469=ORIENTED_EDGE('',*,*,#4085,.T.);
#5470=ORIENTED_EDGE('',*,*,#4031,.T.);
#5471=ORIENTED_EDGE('',*,*,#4079,.F.);
#5472=ORIENTED_EDGE('',*,*,#4052,.F.);
#5473=ORIENTED_EDGE('',*,*,#4081,.F.);
#5474=ORIENTED_EDGE('',*,*,#4058,.F.);
#5475=ORIENTED_EDGE('',*,*,#4078,.F.);
#5476=ORIENTED_EDGE('',*,*,#4050,.F.);
#5477=ORIENTED_EDGE('',*,*,#4082,.F.);
#5478=ORIENTED_EDGE('',*,*,#4054,.F.);
#5479=ORIENTED_EDGE('',*,*,#4074,.F.);
#5480=ORIENTED_EDGE('',*,*,#4056,.F.);
#5481=ORIENTED_EDGE('',*,*,#4080,.F.);
#5482=ORIENTED_EDGE('',*,*,#4060,.F.);
#5483=ORIENTED_EDGE('',*,*,#4075,.F.);
#5484=ORIENTED_EDGE('',*,*,#4062,.F.);
#5485=ORIENTED_EDGE('',*,*,#4085,.F.);
#5486=ORIENTED_EDGE('',*,*,#4064,.F.);
#5487=ORIENTED_EDGE('',*,*,#4076,.F.);
#5488=ORIENTED_EDGE('',*,*,#4041,.F.);
#5489=ORIENTED_EDGE('',*,*,#4084,.F.);
#5490=ORIENTED_EDGE('',*,*,#4044,.F.);
#5491=ORIENTED_EDGE('',*,*,#4077,.F.);
#5492=ORIENTED_EDGE('',*,*,#4046,.F.);
#5493=ORIENTED_EDGE('',*,*,#4083,.F.);
#5494=ORIENTED_EDGE('',*,*,#4048,.F.);
#5495=ORIENTED_EDGE('',*,*,#4086,.F.);
#5496=ORIENTED_EDGE('',*,*,#4087,.F.);
#5497=ORIENTED_EDGE('',*,*,#4088,.F.);
#5498=ORIENTED_EDGE('',*,*,#4089,.F.);
#5499=ORIENTED_EDGE('',*,*,#4090,.F.);
#5500=ORIENTED_EDGE('',*,*,#4091,.F.);
#5501=ORIENTED_EDGE('',*,*,#4092,.F.);
#5502=ORIENTED_EDGE('',*,*,#4093,.F.);
#5503=ORIENTED_EDGE('',*,*,#4094,.F.);
#5504=ORIENTED_EDGE('',*,*,#4095,.F.);
#5505=ORIENTED_EDGE('',*,*,#4096,.F.);
#5506=ORIENTED_EDGE('',*,*,#4097,.F.);
#5507=ORIENTED_EDGE('',*,*,#4098,.F.);
#5508=ORIENTED_EDGE('',*,*,#4099,.T.);
#5509=ORIENTED_EDGE('',*,*,#4100,.F.);
#5510=ORIENTED_EDGE('',*,*,#4099,.F.);
#5511=ORIENTED_EDGE('',*,*,#4100,.T.);
#5512=ORIENTED_EDGE('',*,*,#4086,.T.);
#5513=ORIENTED_EDGE('',*,*,#4098,.T.);
#5514=ORIENTED_EDGE('',*,*,#4101,.T.);
#5515=ORIENTED_EDGE('',*,*,#4102,.T.);
#5516=ORIENTED_EDGE('',*,*,#4103,.F.);
#5517=ORIENTED_EDGE('',*,*,#4097,.T.);
#5518=ORIENTED_EDGE('',*,*,#4104,.T.);
#5519=ORIENTED_EDGE('',*,*,#4105,.T.);
#5520=ORIENTED_EDGE('',*,*,#4101,.F.);
#5521=ORIENTED_EDGE('',*,*,#4096,.T.);
#5522=ORIENTED_EDGE('',*,*,#4106,.T.);
#5523=ORIENTED_EDGE('',*,*,#4107,.T.);
#5524=ORIENTED_EDGE('',*,*,#4104,.F.);
#5525=ORIENTED_EDGE('',*,*,#4095,.T.);
#5526=ORIENTED_EDGE('',*,*,#4108,.T.);
#5527=ORIENTED_EDGE('',*,*,#4109,.T.);
#5528=ORIENTED_EDGE('',*,*,#4106,.F.);
#5529=ORIENTED_EDGE('',*,*,#4094,.T.);
#5530=ORIENTED_EDGE('',*,*,#4110,.T.);
#5531=ORIENTED_EDGE('',*,*,#4111,.T.);
#5532=ORIENTED_EDGE('',*,*,#4108,.F.);
#5533=ORIENTED_EDGE('',*,*,#4093,.T.);
#5534=ORIENTED_EDGE('',*,*,#4112,.T.);
#5535=ORIENTED_EDGE('',*,*,#4113,.T.);
#5536=ORIENTED_EDGE('',*,*,#4110,.F.);
#5537=ORIENTED_EDGE('',*,*,#4092,.T.);
#5538=ORIENTED_EDGE('',*,*,#4114,.T.);
#5539=ORIENTED_EDGE('',*,*,#4115,.T.);
#5540=ORIENTED_EDGE('',*,*,#4112,.F.);
#5541=ORIENTED_EDGE('',*,*,#4091,.T.);
#5542=ORIENTED_EDGE('',*,*,#4116,.T.);
#5543=ORIENTED_EDGE('',*,*,#4117,.T.);
#5544=ORIENTED_EDGE('',*,*,#4114,.F.);
#5545=ORIENTED_EDGE('',*,*,#4090,.T.);
#5546=ORIENTED_EDGE('',*,*,#4118,.T.);
#5547=ORIENTED_EDGE('',*,*,#4119,.T.);
#5548=ORIENTED_EDGE('',*,*,#4116,.F.);
#5549=ORIENTED_EDGE('',*,*,#4089,.T.);
#5550=ORIENTED_EDGE('',*,*,#4120,.T.);
#5551=ORIENTED_EDGE('',*,*,#4121,.T.);
#5552=ORIENTED_EDGE('',*,*,#4118,.F.);
#5553=ORIENTED_EDGE('',*,*,#4088,.T.);
#5554=ORIENTED_EDGE('',*,*,#4122,.T.);
#5555=ORIENTED_EDGE('',*,*,#4123,.T.);
#5556=ORIENTED_EDGE('',*,*,#4120,.F.);
#5557=ORIENTED_EDGE('',*,*,#4087,.T.);
#5558=ORIENTED_EDGE('',*,*,#4103,.T.);
#5559=ORIENTED_EDGE('',*,*,#4124,.T.);
#5560=ORIENTED_EDGE('',*,*,#4122,.F.);
#5561=ORIENTED_EDGE('',*,*,#4102,.F.);
#5562=ORIENTED_EDGE('',*,*,#4105,.F.);
#5563=ORIENTED_EDGE('',*,*,#4107,.F.);
#5564=ORIENTED_EDGE('',*,*,#4109,.F.);
#5565=ORIENTED_EDGE('',*,*,#4111,.F.);
#5566=ORIENTED_EDGE('',*,*,#4113,.F.);
#5567=ORIENTED_EDGE('',*,*,#4115,.F.);
#5568=ORIENTED_EDGE('',*,*,#4117,.F.);
#5569=ORIENTED_EDGE('',*,*,#4119,.F.);
#5570=ORIENTED_EDGE('',*,*,#4121,.F.);
#5571=ORIENTED_EDGE('',*,*,#4123,.F.);
#5572=ORIENTED_EDGE('',*,*,#4124,.F.);
#5573=ORIENTED_EDGE('',*,*,#4125,.F.);
#5574=ORIENTED_EDGE('',*,*,#4126,.F.);
#5575=ORIENTED_EDGE('',*,*,#4127,.F.);
#5576=ORIENTED_EDGE('',*,*,#4128,.F.);
#5577=ORIENTED_EDGE('',*,*,#4129,.F.);
#5578=ORIENTED_EDGE('',*,*,#4130,.F.);
#5579=ORIENTED_EDGE('',*,*,#4131,.F.);
#5580=ORIENTED_EDGE('',*,*,#4132,.F.);
#5581=ORIENTED_EDGE('',*,*,#4133,.F.);
#5582=ORIENTED_EDGE('',*,*,#4134,.F.);
#5583=ORIENTED_EDGE('',*,*,#4135,.F.);
#5584=ORIENTED_EDGE('',*,*,#4136,.F.);
#5585=ORIENTED_EDGE('',*,*,#4137,.F.);
#5586=ORIENTED_EDGE('',*,*,#4138,.T.);
#5587=ORIENTED_EDGE('',*,*,#4139,.T.);
#5588=ORIENTED_EDGE('',*,*,#4138,.F.);
#5589=ORIENTED_EDGE('',*,*,#4139,.F.);
#5590=ORIENTED_EDGE('',*,*,#4131,.T.);
#5591=ORIENTED_EDGE('',*,*,#4140,.T.);
#5592=ORIENTED_EDGE('',*,*,#4141,.F.);
#5593=ORIENTED_EDGE('',*,*,#4142,.F.);
#5594=ORIENTED_EDGE('',*,*,#4130,.T.);
#5595=ORIENTED_EDGE('',*,*,#4143,.T.);
#5596=ORIENTED_EDGE('',*,*,#4144,.F.);
#5597=ORIENTED_EDGE('',*,*,#4140,.F.);
#5598=ORIENTED_EDGE('',*,*,#4129,.T.);
#5599=ORIENTED_EDGE('',*,*,#4145,.T.);
#5600=ORIENTED_EDGE('',*,*,#4146,.F.);
#5601=ORIENTED_EDGE('',*,*,#4143,.F.);
#5602=ORIENTED_EDGE('',*,*,#4128,.T.);
#5603=ORIENTED_EDGE('',*,*,#4147,.T.);
#5604=ORIENTED_EDGE('',*,*,#4148,.F.);
#5605=ORIENTED_EDGE('',*,*,#4145,.F.);
#5606=ORIENTED_EDGE('',*,*,#4127,.T.);
#5607=ORIENTED_EDGE('',*,*,#4149,.T.);
#5608=ORIENTED_EDGE('',*,*,#4150,.F.);
#5609=ORIENTED_EDGE('',*,*,#4147,.F.);
#5610=ORIENTED_EDGE('',*,*,#4126,.T.);
#5611=ORIENTED_EDGE('',*,*,#4151,.T.);
#5612=ORIENTED_EDGE('',*,*,#4152,.F.);
#5613=ORIENTED_EDGE('',*,*,#4149,.F.);
#5614=ORIENTED_EDGE('',*,*,#4125,.T.);
#5615=ORIENTED_EDGE('',*,*,#4137,.T.);
#5616=ORIENTED_EDGE('',*,*,#4153,.T.);
#5617=ORIENTED_EDGE('',*,*,#4154,.F.);
#5618=ORIENTED_EDGE('',*,*,#4151,.F.);
#5619=ORIENTED_EDGE('',*,*,#4136,.T.);
#5620=ORIENTED_EDGE('',*,*,#4155,.T.);
#5621=ORIENTED_EDGE('',*,*,#4156,.F.);
#5622=ORIENTED_EDGE('',*,*,#4153,.F.);
#5623=ORIENTED_EDGE('',*,*,#4135,.T.);
#5624=ORIENTED_EDGE('',*,*,#4157,.T.);
#5625=ORIENTED_EDGE('',*,*,#4158,.F.);
#5626=ORIENTED_EDGE('',*,*,#4155,.F.);
#5627=ORIENTED_EDGE('',*,*,#4134,.T.);
#5628=ORIENTED_EDGE('',*,*,#4159,.T.);
#5629=ORIENTED_EDGE('',*,*,#4160,.F.);
#5630=ORIENTED_EDGE('',*,*,#4157,.F.);
#5631=ORIENTED_EDGE('',*,*,#4133,.T.);
#5632=ORIENTED_EDGE('',*,*,#4161,.T.);
#5633=ORIENTED_EDGE('',*,*,#4162,.F.);
#5634=ORIENTED_EDGE('',*,*,#4159,.F.);
#5635=ORIENTED_EDGE('',*,*,#4132,.T.);
#5636=ORIENTED_EDGE('',*,*,#4142,.T.);
#5637=ORIENTED_EDGE('',*,*,#4163,.F.);
#5638=ORIENTED_EDGE('',*,*,#4161,.F.);
#5639=ORIENTED_EDGE('',*,*,#4141,.T.);
#5640=ORIENTED_EDGE('',*,*,#4144,.T.);
#5641=ORIENTED_EDGE('',*,*,#4146,.T.);
#5642=ORIENTED_EDGE('',*,*,#4148,.T.);
#5643=ORIENTED_EDGE('',*,*,#4150,.T.);
#5644=ORIENTED_EDGE('',*,*,#4152,.T.);
#5645=ORIENTED_EDGE('',*,*,#4154,.T.);
#5646=ORIENTED_EDGE('',*,*,#4156,.T.);
#5647=ORIENTED_EDGE('',*,*,#4158,.T.);
#5648=ORIENTED_EDGE('',*,*,#4160,.T.);
#5649=ORIENTED_EDGE('',*,*,#4162,.T.);
#5650=ORIENTED_EDGE('',*,*,#4163,.T.);
#5651=ORIENTED_EDGE('',*,*,#4164,.F.);
#5652=ORIENTED_EDGE('',*,*,#4165,.T.);
#5653=ORIENTED_EDGE('',*,*,#4166,.T.);
#5654=ORIENTED_EDGE('',*,*,#4167,.F.);
#5655=ORIENTED_EDGE('',*,*,#4168,.F.);
#5656=ORIENTED_EDGE('',*,*,#4169,.F.);
#5657=ORIENTED_EDGE('',*,*,#4170,.F.);
#5658=ORIENTED_EDGE('',*,*,#4171,.T.);
#5659=ORIENTED_EDGE('',*,*,#4172,.F.);
#5660=ORIENTED_EDGE('',*,*,#4173,.F.);
#5661=ORIENTED_EDGE('',*,*,#4174,.F.);
#5662=ORIENTED_EDGE('',*,*,#4175,.T.);
#5663=ORIENTED_EDGE('',*,*,#4176,.F.);
#5664=ORIENTED_EDGE('',*,*,#4177,.T.);
#5665=ORIENTED_EDGE('',*,*,#4178,.T.);
#5666=ORIENTED_EDGE('',*,*,#4177,.F.);
#5667=ORIENTED_EDGE('',*,*,#4179,.F.);
#5668=ORIENTED_EDGE('',*,*,#4180,.T.);
#5669=ORIENTED_EDGE('',*,*,#4181,.F.);
#5670=ORIENTED_EDGE('',*,*,#4180,.F.);
#5671=ORIENTED_EDGE('',*,*,#4182,.T.);
#5672=ORIENTED_EDGE('',*,*,#4183,.T.);
#5673=ORIENTED_EDGE('',*,*,#4184,.F.);
#5674=ORIENTED_EDGE('',*,*,#4183,.F.);
#5675=ORIENTED_EDGE('',*,*,#4185,.T.);
#5676=ORIENTED_EDGE('',*,*,#4186,.F.);
#5677=ORIENTED_EDGE('',*,*,#4187,.F.);
#5678=ORIENTED_EDGE('',*,*,#4188,.T.);
#5679=ORIENTED_EDGE('',*,*,#4189,.T.);
#5680=ORIENTED_EDGE('',*,*,#4190,.F.);
#5681=ORIENTED_EDGE('',*,*,#4191,.F.);
#5682=ORIENTED_EDGE('',*,*,#4192,.T.);
#5683=ORIENTED_EDGE('',*,*,#4168,.T.);
#5684=ORIENTED_EDGE('',*,*,#4176,.T.);
#5685=ORIENTED_EDGE('',*,*,#4193,.T.);
#5686=ORIENTED_EDGE('',*,*,#4194,.T.);
#5687=ORIENTED_EDGE('',*,*,#4195,.T.);
#5688=ORIENTED_EDGE('',*,*,#4196,.T.);
#5689=ORIENTED_EDGE('',*,*,#4197,.T.);
#5690=ORIENTED_EDGE('',*,*,#4198,.F.);
#5691=ORIENTED_EDGE('',*,*,#4199,.T.);
#5692=ORIENTED_EDGE('',*,*,#4200,.F.);
#5693=ORIENTED_EDGE('',*,*,#4201,.F.);
#5694=ORIENTED_EDGE('',*,*,#4202,.F.);
#5695=ORIENTED_EDGE('',*,*,#4203,.T.);
#5696=ORIENTED_EDGE('',*,*,#4204,.F.);
#5697=ORIENTED_EDGE('',*,*,#4205,.T.);
#5698=ORIENTED_EDGE('',*,*,#4206,.T.);
#5699=ORIENTED_EDGE('',*,*,#4207,.T.);
#5700=ORIENTED_EDGE('',*,*,#4194,.F.);
#5701=ORIENTED_EDGE('',*,*,#4208,.F.);
#5702=ORIENTED_EDGE('',*,*,#4172,.T.);
#5703=ORIENTED_EDGE('',*,*,#4209,.T.);
#5704=ORIENTED_EDGE('',*,*,#4189,.F.);
#5705=ORIENTED_EDGE('',*,*,#4210,.T.);
#5706=ORIENTED_EDGE('',*,*,#4211,.F.);
#5707=ORIENTED_EDGE('',*,*,#4166,.F.);
#5708=ORIENTED_EDGE('',*,*,#4212,.T.);
#5709=ORIENTED_EDGE('',*,*,#4213,.T.);
#5710=ORIENTED_EDGE('',*,*,#4214,.T.);
#5711=ORIENTED_EDGE('',*,*,#4215,.T.);
#5712=ORIENTED_EDGE('',*,*,#4216,.T.);
#5713=ORIENTED_EDGE('',*,*,#4217,.T.);
#5714=ORIENTED_EDGE('',*,*,#4218,.T.);
#5715=ORIENTED_EDGE('',*,*,#4219,.T.);
#5716=ORIENTED_EDGE('',*,*,#4220,.F.);
#5717=ORIENTED_EDGE('',*,*,#4221,.T.);
#5718=ORIENTED_EDGE('',*,*,#4222,.T.);
#5719=ORIENTED_EDGE('',*,*,#4223,.T.);
#5720=ORIENTED_EDGE('',*,*,#4224,.F.);
#5721=ORIENTED_EDGE('',*,*,#4225,.F.);
#5722=ORIENTED_EDGE('',*,*,#4226,.T.);
#5723=ORIENTED_EDGE('',*,*,#4227,.F.);
#5724=ORIENTED_EDGE('',*,*,#4228,.F.);
#5725=ORIENTED_EDGE('',*,*,#4229,.F.);
#5726=ORIENTED_EDGE('',*,*,#4230,.F.);
#5727=ORIENTED_EDGE('',*,*,#4231,.T.);
#5728=ORIENTED_EDGE('',*,*,#4204,.T.);
#5729=ORIENTED_EDGE('',*,*,#4232,.F.);
#5730=ORIENTED_EDGE('',*,*,#4233,.F.);
#5731=ORIENTED_EDGE('',*,*,#4234,.T.);
#5732=ORIENTED_EDGE('',*,*,#4235,.T.);
#5733=ORIENTED_EDGE('',*,*,#4236,.F.);
#5734=ORIENTED_EDGE('',*,*,#4237,.F.);
#5735=ORIENTED_EDGE('',*,*,#4238,.T.);
#5736=ORIENTED_EDGE('',*,*,#4239,.F.);
#5737=ORIENTED_EDGE('',*,*,#4240,.T.);
#5738=ORIENTED_EDGE('',*,*,#4241,.T.);
#5739=ORIENTED_EDGE('',*,*,#4242,.T.);
#5740=ORIENTED_EDGE('',*,*,#4214,.F.);
#5741=ORIENTED_EDGE('',*,*,#4243,.F.);
#5742=ORIENTED_EDGE('',*,*,#4185,.F.);
#5743=ORIENTED_EDGE('',*,*,#4182,.F.);
#5744=ORIENTED_EDGE('',*,*,#4244,.F.);
#5745=ORIENTED_EDGE('',*,*,#4245,.F.);
#5746=ORIENTED_EDGE('',*,*,#4246,.F.);
#5747=ORIENTED_EDGE('',*,*,#4247,.T.);
#5748=ORIENTED_EDGE('',*,*,#4248,.F.);
#5749=ORIENTED_EDGE('',*,*,#4249,.T.);
#5750=ORIENTED_EDGE('',*,*,#4239,.T.);
#5751=ORIENTED_EDGE('',*,*,#4250,.F.);
#5752=ORIENTED_EDGE('',*,*,#4251,.F.);
#5753=ORIENTED_EDGE('',*,*,#4224,.T.);
#5754=ORIENTED_EDGE('',*,*,#4252,.T.);
#5755=ORIENTED_EDGE('',*,*,#4253,.F.);
#5756=ORIENTED_EDGE('',*,*,#4254,.F.);
#5757=ORIENTED_EDGE('',*,*,#4225,.T.);
#5758=ORIENTED_EDGE('',*,*,#4251,.T.);
#5759=ORIENTED_EDGE('',*,*,#4255,.T.);
#5760=ORIENTED_EDGE('',*,*,#4256,.F.);
#5761=ORIENTED_EDGE('',*,*,#4226,.F.);
#5762=ORIENTED_EDGE('',*,*,#4254,.T.);
#5763=ORIENTED_EDGE('',*,*,#4257,.F.);
#5764=ORIENTED_EDGE('',*,*,#4258,.F.);
#5765=ORIENTED_EDGE('',*,*,#4227,.T.);
#5766=ORIENTED_EDGE('',*,*,#4256,.T.);
#5767=ORIENTED_EDGE('',*,*,#4259,.F.);
#5768=ORIENTED_EDGE('',*,*,#4260,.F.);
#5769=ORIENTED_EDGE('',*,*,#4228,.T.);
#5770=ORIENTED_EDGE('',*,*,#4258,.T.);
#5771=ORIENTED_EDGE('',*,*,#4261,.F.);
#5772=ORIENTED_EDGE('',*,*,#4262,.F.);
#5773=ORIENTED_EDGE('',*,*,#4229,.T.);
#5774=ORIENTED_EDGE('',*,*,#4260,.T.);
#5775=ORIENTED_EDGE('',*,*,#4263,.F.);
#5776=ORIENTED_EDGE('',*,*,#4264,.T.);
#5777=ORIENTED_EDGE('',*,*,#4230,.T.);
#5778=ORIENTED_EDGE('',*,*,#4262,.T.);
#5779=ORIENTED_EDGE('',*,*,#4196,.F.);
#5780=ORIENTED_EDGE('',*,*,#4265,.T.);
#5781=ORIENTED_EDGE('',*,*,#4266,.T.);
#5782=ORIENTED_EDGE('',*,*,#4267,.T.);
#5783=ORIENTED_EDGE('',*,*,#4268,.F.);
#5784=ORIENTED_EDGE('',*,*,#4269,.F.);
#5785=ORIENTED_EDGE('',*,*,#4270,.T.);
#5786=ORIENTED_EDGE('',*,*,#4198,.T.);
#5787=ORIENTED_EDGE('',*,*,#4271,.T.);
#5788=ORIENTED_EDGE('',*,*,#4272,.F.);
#5789=ORIENTED_EDGE('',*,*,#4273,.T.);
#5790=ORIENTED_EDGE('',*,*,#4246,.T.);
#5791=ORIENTED_EDGE('',*,*,#4274,.F.);
#5792=ORIENTED_EDGE('',*,*,#4275,.T.);
#5793=ORIENTED_EDGE('',*,*,#4248,.T.);
#5794=ORIENTED_EDGE('',*,*,#4276,.T.);
#5795=ORIENTED_EDGE('',*,*,#4216,.F.);
#5796=ORIENTED_EDGE('',*,*,#4277,.T.);
#5797=ORIENTED_EDGE('',*,*,#4278,.T.);
#5798=ORIENTED_EDGE('',*,*,#4279,.F.);
#5799=ORIENTED_EDGE('',*,*,#4280,.T.);
#5800=ORIENTED_EDGE('',*,*,#4281,.F.);
#5801=ORIENTED_EDGE('',*,*,#4217,.F.);
#5802=ORIENTED_EDGE('',*,*,#4279,.T.);
#5803=ORIENTED_EDGE('',*,*,#4282,.T.);
#5804=ORIENTED_EDGE('',*,*,#4283,.F.);
#5805=ORIENTED_EDGE('',*,*,#4218,.F.);
#5806=ORIENTED_EDGE('',*,*,#4281,.T.);
#5807=ORIENTED_EDGE('',*,*,#4284,.T.);
#5808=ORIENTED_EDGE('',*,*,#4285,.F.);
#5809=ORIENTED_EDGE('',*,*,#4219,.F.);
#5810=ORIENTED_EDGE('',*,*,#4283,.T.);
#5811=ORIENTED_EDGE('',*,*,#4286,.F.);
#5812=ORIENTED_EDGE('',*,*,#4287,.F.);
#5813=ORIENTED_EDGE('',*,*,#4220,.T.);
#5814=ORIENTED_EDGE('',*,*,#4285,.T.);
#5815=ORIENTED_EDGE('',*,*,#4288,.T.);
#5816=ORIENTED_EDGE('',*,*,#4289,.F.);
#5817=ORIENTED_EDGE('',*,*,#4221,.F.);
#5818=ORIENTED_EDGE('',*,*,#4287,.T.);
#5819=ORIENTED_EDGE('',*,*,#4290,.T.);
#5820=ORIENTED_EDGE('',*,*,#4291,.F.);
#5821=ORIENTED_EDGE('',*,*,#4222,.F.);
#5822=ORIENTED_EDGE('',*,*,#4289,.T.);
#5823=ORIENTED_EDGE('',*,*,#4292,.T.);
#5824=ORIENTED_EDGE('',*,*,#4252,.F.);
#5825=ORIENTED_EDGE('',*,*,#4223,.F.);
#5826=ORIENTED_EDGE('',*,*,#4291,.T.);
#5827=ORIENTED_EDGE('',*,*,#4206,.F.);
#5828=ORIENTED_EDGE('',*,*,#4293,.T.);
#5829=ORIENTED_EDGE('',*,*,#4263,.T.);
#5830=ORIENTED_EDGE('',*,*,#4261,.T.);
#5831=ORIENTED_EDGE('',*,*,#4259,.T.);
#5832=ORIENTED_EDGE('',*,*,#4257,.T.);
#5833=ORIENTED_EDGE('',*,*,#4255,.F.);
#5834=ORIENTED_EDGE('',*,*,#4253,.T.);
#5835=ORIENTED_EDGE('',*,*,#4250,.T.);
#5836=ORIENTED_EDGE('',*,*,#4292,.F.);
#5837=ORIENTED_EDGE('',*,*,#4290,.F.);
#5838=ORIENTED_EDGE('',*,*,#4288,.F.);
#5839=ORIENTED_EDGE('',*,*,#4286,.T.);
#5840=ORIENTED_EDGE('',*,*,#4284,.F.);
#5841=ORIENTED_EDGE('',*,*,#4282,.F.);
#5842=ORIENTED_EDGE('',*,*,#4280,.F.);
#5843=ORIENTED_EDGE('',*,*,#4278,.F.);
#5844=ORIENTED_EDGE('',*,*,#4294,.T.);
#5845=ORIENTED_EDGE('',*,*,#4241,.F.);
#5846=ORIENTED_EDGE('',*,*,#4295,.T.);
#5847=ORIENTED_EDGE('',*,*,#4274,.T.);
#5848=ORIENTED_EDGE('',*,*,#4296,.T.);
#5849=ORIENTED_EDGE('',*,*,#4272,.T.);
#5850=ORIENTED_EDGE('',*,*,#4297,.T.);
#5851=ORIENTED_EDGE('',*,*,#4266,.F.);
#5852=ORIENTED_EDGE('',*,*,#4298,.T.);
#5853=ORIENTED_EDGE('',*,*,#4181,.T.);
#5854=ORIENTED_EDGE('',*,*,#4184,.T.);
#5855=ORIENTED_EDGE('',*,*,#4178,.F.);
#5856=ORIENTED_EDGE('',*,*,#4197,.F.);
#5857=ORIENTED_EDGE('',*,*,#4267,.F.);
#5858=ORIENTED_EDGE('',*,*,#4297,.F.);
#5859=ORIENTED_EDGE('',*,*,#4271,.F.);
#5860=ORIENTED_EDGE('',*,*,#4247,.F.);
#5861=ORIENTED_EDGE('',*,*,#4273,.F.);
#5862=ORIENTED_EDGE('',*,*,#4296,.F.);
#5863=ORIENTED_EDGE('',*,*,#4276,.F.);
#5864=ORIENTED_EDGE('',*,*,#4231,.F.);
#5865=ORIENTED_EDGE('',*,*,#4264,.F.);
#5866=ORIENTED_EDGE('',*,*,#4293,.F.);
#5867=ORIENTED_EDGE('',*,*,#4205,.F.);
#5868=ORIENTED_EDGE('',*,*,#4195,.F.);
#5869=ORIENTED_EDGE('',*,*,#4207,.F.);
#5870=ORIENTED_EDGE('',*,*,#4298,.F.);
#5871=ORIENTED_EDGE('',*,*,#4265,.F.);
#5872=ORIENTED_EDGE('',*,*,#4215,.F.);
#5873=ORIENTED_EDGE('',*,*,#4242,.F.);
#5874=ORIENTED_EDGE('',*,*,#4294,.F.);
#5875=ORIENTED_EDGE('',*,*,#4277,.F.);
#5876=ORIENTED_EDGE('',*,*,#4249,.F.);
#5877=ORIENTED_EDGE('',*,*,#4275,.F.);
#5878=ORIENTED_EDGE('',*,*,#4295,.F.);
#5879=ORIENTED_EDGE('',*,*,#4240,.F.);
#5880=ORIENTED_EDGE('',*,*,#4245,.T.);
#5881=ORIENTED_EDGE('',*,*,#4299,.F.);
#5882=ORIENTED_EDGE('',*,*,#4300,.F.);
#5883=ORIENTED_EDGE('',*,*,#4268,.T.);
#5884=ORIENTED_EDGE('',*,*,#4199,.F.);
#5885=ORIENTED_EDGE('',*,*,#4270,.F.);
#5886=ORIENTED_EDGE('',*,*,#4301,.T.);
#5887=ORIENTED_EDGE('',*,*,#4302,.T.);
#5888=ORIENTED_EDGE('',*,*,#4200,.T.);
#5889=ORIENTED_EDGE('',*,*,#4302,.F.);
#5890=ORIENTED_EDGE('',*,*,#4303,.F.);
#5891=ORIENTED_EDGE('',*,*,#4169,.T.);
#5892=ORIENTED_EDGE('',*,*,#4209,.F.);
#5893=ORIENTED_EDGE('',*,*,#4171,.F.);
#5894=ORIENTED_EDGE('',*,*,#4304,.T.);
#5895=ORIENTED_EDGE('',*,*,#4190,.T.);
#5896=ORIENTED_EDGE('',*,*,#4244,.T.);
#5897=ORIENTED_EDGE('',*,*,#4192,.F.);
#5898=ORIENTED_EDGE('',*,*,#4305,.F.);
#5899=ORIENTED_EDGE('',*,*,#4299,.T.);
#5900=ORIENTED_EDGE('',*,*,#4300,.T.);
#5901=ORIENTED_EDGE('',*,*,#4305,.T.);
#5902=ORIENTED_EDGE('',*,*,#4191,.T.);
#5903=ORIENTED_EDGE('',*,*,#4304,.F.);
#5904=ORIENTED_EDGE('',*,*,#4170,.T.);
#5905=ORIENTED_EDGE('',*,*,#4303,.T.);
#5906=ORIENTED_EDGE('',*,*,#4301,.F.);
#5907=ORIENTED_EDGE('',*,*,#4269,.T.);
#5908=ORIENTED_EDGE('',*,*,#4179,.T.);
#5909=ORIENTED_EDGE('',*,*,#4212,.F.);
#5910=ORIENTED_EDGE('',*,*,#4165,.F.);
#5911=ORIENTED_EDGE('',*,*,#4306,.T.);
#5912=ORIENTED_EDGE('',*,*,#4307,.T.);
#5913=ORIENTED_EDGE('',*,*,#4213,.F.);
#5914=ORIENTED_EDGE('',*,*,#4307,.F.);
#5915=ORIENTED_EDGE('',*,*,#4308,.T.);
#5916=ORIENTED_EDGE('',*,*,#4236,.T.);
#5917=ORIENTED_EDGE('',*,*,#4243,.T.);
#5918=ORIENTED_EDGE('',*,*,#4238,.F.);
#5919=ORIENTED_EDGE('',*,*,#4309,.F.);
#5920=ORIENTED_EDGE('',*,*,#4186,.T.);
#5921=ORIENTED_EDGE('',*,*,#4210,.F.);
#5922=ORIENTED_EDGE('',*,*,#4188,.F.);
#5923=ORIENTED_EDGE('',*,*,#4310,.T.);
#5924=ORIENTED_EDGE('',*,*,#4311,.T.);
#5925=ORIENTED_EDGE('',*,*,#4211,.T.);
#5926=ORIENTED_EDGE('',*,*,#4311,.F.);
#5927=ORIENTED_EDGE('',*,*,#4312,.F.);
#5928=ORIENTED_EDGE('',*,*,#4167,.T.);
#5929=ORIENTED_EDGE('',*,*,#4306,.F.);
#5930=ORIENTED_EDGE('',*,*,#4164,.T.);
#5931=ORIENTED_EDGE('',*,*,#4312,.T.);
#5932=ORIENTED_EDGE('',*,*,#4310,.F.);
#5933=ORIENTED_EDGE('',*,*,#4187,.T.);
#5934=ORIENTED_EDGE('',*,*,#4309,.T.);
#5935=ORIENTED_EDGE('',*,*,#4237,.T.);
#5936=ORIENTED_EDGE('',*,*,#4308,.F.);
#5937=ORIENTED_EDGE('',*,*,#4234,.F.);
#5938=ORIENTED_EDGE('',*,*,#4313,.F.);
#5939=ORIENTED_EDGE('',*,*,#4314,.T.);
#5940=ORIENTED_EDGE('',*,*,#4315,.T.);
#5941=ORIENTED_EDGE('',*,*,#4235,.F.);
#5942=ORIENTED_EDGE('',*,*,#4315,.F.);
#5943=ORIENTED_EDGE('',*,*,#4316,.T.);
#5944=ORIENTED_EDGE('',*,*,#4317,.T.);
#5945=ORIENTED_EDGE('',*,*,#4208,.T.);
#5946=ORIENTED_EDGE('',*,*,#4317,.F.);
#5947=ORIENTED_EDGE('',*,*,#4318,.F.);
#5948=ORIENTED_EDGE('',*,*,#4173,.T.);
#5949=ORIENTED_EDGE('',*,*,#4193,.F.);
#5950=ORIENTED_EDGE('',*,*,#4175,.F.);
#5951=ORIENTED_EDGE('',*,*,#4319,.T.);
#5952=ORIENTED_EDGE('',*,*,#4201,.T.);
#5953=ORIENTED_EDGE('',*,*,#4232,.T.);
#5954=ORIENTED_EDGE('',*,*,#4203,.F.);
#5955=ORIENTED_EDGE('',*,*,#4320,.F.);
#5956=ORIENTED_EDGE('',*,*,#4321,.T.);
#5957=ORIENTED_EDGE('',*,*,#4233,.T.);
#5958=ORIENTED_EDGE('',*,*,#4321,.F.);
#5959=ORIENTED_EDGE('',*,*,#4322,.F.);
#5960=ORIENTED_EDGE('',*,*,#4313,.T.);
#5961=ORIENTED_EDGE('',*,*,#4314,.F.);
#5962=ORIENTED_EDGE('',*,*,#4322,.T.);
#5963=ORIENTED_EDGE('',*,*,#4320,.T.);
#5964=ORIENTED_EDGE('',*,*,#4202,.T.);
#5965=ORIENTED_EDGE('',*,*,#4319,.F.);
#5966=ORIENTED_EDGE('',*,*,#4174,.T.);
#5967=ORIENTED_EDGE('',*,*,#4318,.T.);
#5968=ORIENTED_EDGE('',*,*,#4316,.F.);
#5969=ORIENTED_EDGE('',*,*,#4323,.F.);
#5970=ORIENTED_EDGE('',*,*,#4324,.T.);
#5971=ORIENTED_EDGE('',*,*,#4325,.T.);
#5972=ORIENTED_EDGE('',*,*,#4324,.F.);
#5973=ORIENTED_EDGE('',*,*,#4326,.F.);
#5974=ORIENTED_EDGE('',*,*,#4327,.T.);
#5975=ORIENTED_EDGE('',*,*,#4328,.T.);
#5976=ORIENTED_EDGE('',*,*,#4329,.F.);
#5977=ORIENTED_EDGE('',*,*,#4330,.T.);
#5978=ORIENTED_EDGE('',*,*,#4331,.F.);
#5979=ORIENTED_EDGE('',*,*,#4332,.F.);
#5980=ORIENTED_EDGE('',*,*,#4333,.T.);
#5981=ORIENTED_EDGE('',*,*,#4334,.T.);
#5982=ORIENTED_EDGE('',*,*,#4333,.F.);
#5983=ORIENTED_EDGE('',*,*,#4335,.F.);
#5984=ORIENTED_EDGE('',*,*,#4336,.F.);
#5985=ORIENTED_EDGE('',*,*,#4337,.T.);
#5986=ORIENTED_EDGE('',*,*,#4338,.F.);
#5987=ORIENTED_EDGE('',*,*,#4339,.F.);
#5988=ORIENTED_EDGE('',*,*,#4340,.F.);
#5989=ORIENTED_EDGE('',*,*,#4341,.T.);
#5990=ORIENTED_EDGE('',*,*,#4342,.F.);
#5991=ORIENTED_EDGE('',*,*,#4343,.F.);
#5992=ORIENTED_EDGE('',*,*,#4344,.F.);
#5993=ORIENTED_EDGE('',*,*,#4345,.T.);
#5994=ORIENTED_EDGE('',*,*,#4346,.F.);
#5995=ORIENTED_EDGE('',*,*,#4347,.F.);
#5996=ORIENTED_EDGE('',*,*,#4348,.F.);
#5997=ORIENTED_EDGE('',*,*,#4349,.T.);
#5998=ORIENTED_EDGE('',*,*,#4350,.F.);
#5999=ORIENTED_EDGE('',*,*,#4351,.F.);
#6000=ORIENTED_EDGE('',*,*,#4352,.F.);
#6001=ORIENTED_EDGE('',*,*,#4353,.T.);
#6002=ORIENTED_EDGE('',*,*,#4354,.F.);
#6003=ORIENTED_EDGE('',*,*,#4355,.F.);
#6004=ORIENTED_EDGE('',*,*,#4356,.F.);
#6005=ORIENTED_EDGE('',*,*,#4357,.T.);
#6006=ORIENTED_EDGE('',*,*,#4329,.T.);
#6007=ORIENTED_EDGE('',*,*,#4358,.F.);
#6008=ORIENTED_EDGE('',*,*,#4359,.F.);
#6009=ORIENTED_EDGE('',*,*,#4360,.F.);
#6010=ORIENTED_EDGE('',*,*,#4327,.F.);
#6011=ORIENTED_EDGE('',*,*,#4361,.T.);
#6012=ORIENTED_EDGE('',*,*,#4362,.T.);
#6013=ORIENTED_EDGE('',*,*,#4363,.F.);
#6014=ORIENTED_EDGE('',*,*,#4362,.F.);
#6015=ORIENTED_EDGE('',*,*,#4364,.T.);
#6016=ORIENTED_EDGE('',*,*,#4365,.T.);
#6017=ORIENTED_EDGE('',*,*,#4366,.T.);
#6018=ORIENTED_EDGE('',*,*,#4365,.F.);
#6019=ORIENTED_EDGE('',*,*,#4367,.F.);
#6020=ORIENTED_EDGE('',*,*,#4331,.T.);
#6021=ORIENTED_EDGE('',*,*,#4351,.T.);
#6022=ORIENTED_EDGE('',*,*,#4368,.F.);
#6023=ORIENTED_EDGE('',*,*,#4347,.T.);
#6024=ORIENTED_EDGE('',*,*,#4369,.F.);
#6025=ORIENTED_EDGE('',*,*,#4341,.F.);
#6026=ORIENTED_EDGE('',*,*,#4370,.F.);
#6027=ORIENTED_EDGE('',*,*,#4337,.F.);
#6028=ORIENTED_EDGE('',*,*,#4371,.F.);
#6029=ORIENTED_EDGE('',*,*,#4335,.T.);
#6030=ORIENTED_EDGE('',*,*,#4332,.T.);
#6031=ORIENTED_EDGE('',*,*,#4367,.T.);
#6032=ORIENTED_EDGE('',*,*,#4364,.F.);
#6033=ORIENTED_EDGE('',*,*,#4361,.F.);
#6034=ORIENTED_EDGE('',*,*,#4326,.T.);
#6035=ORIENTED_EDGE('',*,*,#4357,.F.);
#6036=ORIENTED_EDGE('',*,*,#4372,.F.);
#6037=ORIENTED_EDGE('',*,*,#4353,.F.);
#6038=ORIENTED_EDGE('',*,*,#4373,.F.);
#6039=ORIENTED_EDGE('',*,*,#4323,.T.);
#6040=ORIENTED_EDGE('',*,*,#4355,.T.);
#6041=ORIENTED_EDGE('',*,*,#4374,.F.);
#6042=ORIENTED_EDGE('',*,*,#4358,.T.);
#6043=ORIENTED_EDGE('',*,*,#4328,.F.);
#6044=ORIENTED_EDGE('',*,*,#4360,.T.);
#6045=ORIENTED_EDGE('',*,*,#4363,.T.);
#6046=ORIENTED_EDGE('',*,*,#4366,.F.);
#6047=ORIENTED_EDGE('',*,*,#4330,.F.);
#6048=ORIENTED_EDGE('',*,*,#4334,.F.);
#6049=ORIENTED_EDGE('',*,*,#4375,.F.);
#6050=ORIENTED_EDGE('',*,*,#4339,.T.);
#6051=ORIENTED_EDGE('',*,*,#4376,.F.);
#6052=ORIENTED_EDGE('',*,*,#4343,.T.);
#6053=ORIENTED_EDGE('',*,*,#4377,.F.);
#6054=ORIENTED_EDGE('',*,*,#4345,.F.);
#6055=ORIENTED_EDGE('',*,*,#4378,.F.);
#6056=ORIENTED_EDGE('',*,*,#4349,.F.);
#6057=ORIENTED_EDGE('',*,*,#4379,.F.);
#6058=ORIENTED_EDGE('',*,*,#4325,.F.);
#6059=ORIENTED_EDGE('',*,*,#4368,.T.);
#6060=ORIENTED_EDGE('',*,*,#4350,.T.);
#6061=ORIENTED_EDGE('',*,*,#4378,.T.);
#6062=ORIENTED_EDGE('',*,*,#4348,.T.);
#6063=ORIENTED_EDGE('',*,*,#4369,.T.);
#6064=ORIENTED_EDGE('',*,*,#4346,.T.);
#6065=ORIENTED_EDGE('',*,*,#4377,.T.);
#6066=ORIENTED_EDGE('',*,*,#4342,.T.);
#6067=ORIENTED_EDGE('',*,*,#4373,.T.);
#6068=ORIENTED_EDGE('',*,*,#4356,.T.);
#6069=ORIENTED_EDGE('',*,*,#4379,.T.);
#6070=ORIENTED_EDGE('',*,*,#4352,.T.);
#6071=ORIENTED_EDGE('',*,*,#4372,.T.);
#6072=ORIENTED_EDGE('',*,*,#4359,.T.);
#6073=ORIENTED_EDGE('',*,*,#4374,.T.);
#6074=ORIENTED_EDGE('',*,*,#4354,.T.);
#6075=ORIENTED_EDGE('',*,*,#4371,.T.);
#6076=ORIENTED_EDGE('',*,*,#4340,.T.);
#6077=ORIENTED_EDGE('',*,*,#4375,.T.);
#6078=ORIENTED_EDGE('',*,*,#4336,.T.);
#6079=ORIENTED_EDGE('',*,*,#4370,.T.);
#6080=ORIENTED_EDGE('',*,*,#4344,.T.);
#6081=ORIENTED_EDGE('',*,*,#4376,.T.);
#6082=ORIENTED_EDGE('',*,*,#4338,.T.);
#6083=ORIENTED_EDGE('',*,*,#4380,.T.);
#6084=ORIENTED_EDGE('',*,*,#4381,.T.);
#6085=ORIENTED_EDGE('',*,*,#4382,.F.);
#6086=ORIENTED_EDGE('',*,*,#4383,.F.);
#6087=ORIENTED_EDGE('',*,*,#4384,.T.);
#6088=ORIENTED_EDGE('',*,*,#4385,.T.);
#6089=ORIENTED_EDGE('',*,*,#4386,.F.);
#6090=ORIENTED_EDGE('',*,*,#4385,.F.);
#6091=ORIENTED_EDGE('',*,*,#4387,.T.);
#6092=ORIENTED_EDGE('',*,*,#4388,.F.);
#6093=ORIENTED_EDGE('',*,*,#4389,.T.);
#6094=ORIENTED_EDGE('',*,*,#4390,.T.);
#6095=ORIENTED_EDGE('',*,*,#4391,.T.);
#6096=ORIENTED_EDGE('',*,*,#4392,.F.);
#6097=ORIENTED_EDGE('',*,*,#4393,.T.);
#6098=ORIENTED_EDGE('',*,*,#4394,.T.);
#6099=ORIENTED_EDGE('',*,*,#4395,.T.);
#6100=ORIENTED_EDGE('',*,*,#4396,.T.);
#6101=ORIENTED_EDGE('',*,*,#4397,.T.);
#6102=ORIENTED_EDGE('',*,*,#4396,.F.);
#6103=ORIENTED_EDGE('',*,*,#4398,.F.);
#6104=ORIENTED_EDGE('',*,*,#4399,.F.);
#6105=ORIENTED_EDGE('',*,*,#4400,.T.);
#6106=ORIENTED_EDGE('',*,*,#4401,.T.);
#6107=ORIENTED_EDGE('',*,*,#4402,.F.);
#6108=ORIENTED_EDGE('',*,*,#4403,.F.);
#6109=ORIENTED_EDGE('',*,*,#4404,.T.);
#6110=ORIENTED_EDGE('',*,*,#4405,.T.);
#6111=ORIENTED_EDGE('',*,*,#4406,.F.);
#6112=ORIENTED_EDGE('',*,*,#4407,.T.);
#6113=ORIENTED_EDGE('',*,*,#4408,.T.);
#6114=ORIENTED_EDGE('',*,*,#4407,.F.);
#6115=ORIENTED_EDGE('',*,*,#4384,.F.);
#6116=ORIENTED_EDGE('',*,*,#4409,.T.);
#6117=ORIENTED_EDGE('',*,*,#4410,.F.);
#6118=ORIENTED_EDGE('',*,*,#4411,.T.);
#6119=ORIENTED_EDGE('',*,*,#4412,.F.);
#6120=ORIENTED_EDGE('',*,*,#4413,.F.);
#6121=ORIENTED_EDGE('',*,*,#4414,.F.);
#6122=ORIENTED_EDGE('',*,*,#4415,.F.);
#6123=ORIENTED_EDGE('',*,*,#4416,.F.);
#6124=ORIENTED_EDGE('',*,*,#4387,.F.);
#6125=ORIENTED_EDGE('',*,*,#4417,.T.);
#6126=ORIENTED_EDGE('',*,*,#4415,.T.);
#6127=ORIENTED_EDGE('',*,*,#4418,.F.);
#6128=ORIENTED_EDGE('',*,*,#4419,.F.);
#6129=ORIENTED_EDGE('',*,*,#4420,.F.);
#6130=ORIENTED_EDGE('',*,*,#4421,.T.);
#6131=ORIENTED_EDGE('',*,*,#4422,.F.);
#6132=ORIENTED_EDGE('',*,*,#4423,.T.);
#6133=ORIENTED_EDGE('',*,*,#4424,.T.);
#6134=ORIENTED_EDGE('',*,*,#4425,.F.);
#6135=ORIENTED_EDGE('',*,*,#4426,.F.);
#6136=ORIENTED_EDGE('',*,*,#4427,.T.);
#6137=ORIENTED_EDGE('',*,*,#4428,.T.);
#6138=ORIENTED_EDGE('',*,*,#4421,.F.);
#6139=ORIENTED_EDGE('',*,*,#4429,.F.);
#6140=ORIENTED_EDGE('',*,*,#4430,.T.);
#6141=ORIENTED_EDGE('',*,*,#4431,.T.);
#6142=ORIENTED_EDGE('',*,*,#4432,.T.);
#6143=ORIENTED_EDGE('',*,*,#4433,.T.);
#6144=ORIENTED_EDGE('',*,*,#4434,.F.);
#6145=ORIENTED_EDGE('',*,*,#4435,.T.);
#6146=ORIENTED_EDGE('',*,*,#4436,.T.);
#6147=ORIENTED_EDGE('',*,*,#4437,.F.);
#6148=ORIENTED_EDGE('',*,*,#4438,.F.);
#6149=ORIENTED_EDGE('',*,*,#4439,.F.);
#6150=ORIENTED_EDGE('',*,*,#4440,.T.);
#6151=ORIENTED_EDGE('',*,*,#4441,.F.);
#6152=ORIENTED_EDGE('',*,*,#4442,.F.);
#6153=ORIENTED_EDGE('',*,*,#4443,.F.);
#6154=ORIENTED_EDGE('',*,*,#4444,.F.);
#6155=ORIENTED_EDGE('',*,*,#4445,.F.);
#6156=ORIENTED_EDGE('',*,*,#4446,.F.);
#6157=ORIENTED_EDGE('',*,*,#4447,.F.);
#6158=ORIENTED_EDGE('',*,*,#4448,.F.);
#6159=ORIENTED_EDGE('',*,*,#4382,.T.);
#6160=ORIENTED_EDGE('',*,*,#4449,.T.);
#6161=ORIENTED_EDGE('',*,*,#4450,.F.);
#6162=ORIENTED_EDGE('',*,*,#4402,.T.);
#6163=ORIENTED_EDGE('',*,*,#4451,.F.);
#6164=ORIENTED_EDGE('',*,*,#4391,.F.);
#6165=ORIENTED_EDGE('',*,*,#4452,.T.);
#6166=ORIENTED_EDGE('',*,*,#4446,.T.);
#6167=ORIENTED_EDGE('',*,*,#4453,.F.);
#6168=ORIENTED_EDGE('',*,*,#4454,.F.);
#6169=ORIENTED_EDGE('',*,*,#4455,.F.);
#6170=ORIENTED_EDGE('',*,*,#4456,.T.);
#6171=ORIENTED_EDGE('',*,*,#4457,.F.);
#6172=ORIENTED_EDGE('',*,*,#4458,.T.);
#6173=ORIENTED_EDGE('',*,*,#4459,.T.);
#6174=ORIENTED_EDGE('',*,*,#4456,.F.);
#6175=ORIENTED_EDGE('',*,*,#4460,.F.);
#6176=ORIENTED_EDGE('',*,*,#4461,.T.);
#6177=ORIENTED_EDGE('',*,*,#4462,.F.);
#6178=ORIENTED_EDGE('',*,*,#4463,.T.);
#6179=ORIENTED_EDGE('',*,*,#4464,.T.);
#6180=ORIENTED_EDGE('',*,*,#4465,.T.);
#6181=ORIENTED_EDGE('',*,*,#4398,.T.);
#6182=ORIENTED_EDGE('',*,*,#4406,.T.);
#6183=ORIENTED_EDGE('',*,*,#4466,.T.);
#6184=ORIENTED_EDGE('',*,*,#4467,.F.);
#6185=ORIENTED_EDGE('',*,*,#4436,.F.);
#6186=ORIENTED_EDGE('',*,*,#4468,.T.);
#6187=ORIENTED_EDGE('',*,*,#4469,.T.);
#6188=ORIENTED_EDGE('',*,*,#4468,.F.);
#6189=ORIENTED_EDGE('',*,*,#4435,.F.);
#6190=ORIENTED_EDGE('',*,*,#4470,.T.);
#6191=ORIENTED_EDGE('',*,*,#4471,.F.);
#6192=ORIENTED_EDGE('',*,*,#4470,.F.);
#6193=ORIENTED_EDGE('',*,*,#4434,.T.);
#6194=ORIENTED_EDGE('',*,*,#4472,.T.);
#6195=ORIENTED_EDGE('',*,*,#4473,.T.);
#6196=ORIENTED_EDGE('',*,*,#4472,.F.);
#6197=ORIENTED_EDGE('',*,*,#4433,.F.);
#6198=ORIENTED_EDGE('',*,*,#4474,.T.);
#6199=ORIENTED_EDGE('',*,*,#4475,.T.);
#6200=ORIENTED_EDGE('',*,*,#4474,.F.);
#6201=ORIENTED_EDGE('',*,*,#4432,.F.);
#6202=ORIENTED_EDGE('',*,*,#4476,.T.);
#6203=ORIENTED_EDGE('',*,*,#4477,.T.);
#6204=ORIENTED_EDGE('',*,*,#4476,.F.);
#6205=ORIENTED_EDGE('',*,*,#4431,.F.);
#6206=ORIENTED_EDGE('',*,*,#4478,.T.);
#6207=ORIENTED_EDGE('',*,*,#4479,.T.);
#6208=ORIENTED_EDGE('',*,*,#4478,.F.);
#6209=ORIENTED_EDGE('',*,*,#4430,.F.);
#6210=ORIENTED_EDGE('',*,*,#4480,.F.);
#6211=ORIENTED_EDGE('',*,*,#4413,.T.);
#6212=ORIENTED_EDGE('',*,*,#4481,.F.);
#6213=ORIENTED_EDGE('',*,*,#4482,.F.);
#6214=ORIENTED_EDGE('',*,*,#4483,.F.);
#6215=ORIENTED_EDGE('',*,*,#4484,.T.);
#6216=ORIENTED_EDGE('',*,*,#4463,.F.);
#6217=ORIENTED_EDGE('',*,*,#4485,.F.);
#6218=ORIENTED_EDGE('',*,*,#4486,.T.);
#6219=ORIENTED_EDGE('',*,*,#4487,.F.);
#6220=ORIENTED_EDGE('',*,*,#4411,.F.);
#6221=ORIENTED_EDGE('',*,*,#4488,.F.);
#6222=ORIENTED_EDGE('',*,*,#4489,.T.);
#6223=ORIENTED_EDGE('',*,*,#4490,.T.);
#6224=ORIENTED_EDGE('',*,*,#4491,.F.);
#6225=ORIENTED_EDGE('',*,*,#4461,.F.);
#6226=ORIENTED_EDGE('',*,*,#4492,.F.);
#6227=ORIENTED_EDGE('',*,*,#4444,.T.);
#6228=ORIENTED_EDGE('',*,*,#4493,.T.);
#6229=ORIENTED_EDGE('',*,*,#4494,.F.);
#6230=ORIENTED_EDGE('',*,*,#4495,.F.);
#6231=ORIENTED_EDGE('',*,*,#4496,.F.);
#6232=ORIENTED_EDGE('',*,*,#4493,.F.);
#6233=ORIENTED_EDGE('',*,*,#4443,.T.);
#6234=ORIENTED_EDGE('',*,*,#4497,.T.);
#6235=ORIENTED_EDGE('',*,*,#4498,.F.);
#6236=ORIENTED_EDGE('',*,*,#4497,.F.);
#6237=ORIENTED_EDGE('',*,*,#4442,.T.);
#6238=ORIENTED_EDGE('',*,*,#4499,.T.);
#6239=ORIENTED_EDGE('',*,*,#4500,.F.);
#6240=ORIENTED_EDGE('',*,*,#4499,.F.);
#6241=ORIENTED_EDGE('',*,*,#4441,.T.);
#6242=ORIENTED_EDGE('',*,*,#4501,.T.);
#6243=ORIENTED_EDGE('',*,*,#4502,.T.);
#6244=ORIENTED_EDGE('',*,*,#4501,.F.);
#6245=ORIENTED_EDGE('',*,*,#4440,.F.);
#6246=ORIENTED_EDGE('',*,*,#4503,.T.);
#6247=ORIENTED_EDGE('',*,*,#4504,.F.);
#6248=ORIENTED_EDGE('',*,*,#4503,.F.);
#6249=ORIENTED_EDGE('',*,*,#4439,.T.);
#6250=ORIENTED_EDGE('',*,*,#4505,.T.);
#6251=ORIENTED_EDGE('',*,*,#4506,.F.);
#6252=ORIENTED_EDGE('',*,*,#4505,.F.);
#6253=ORIENTED_EDGE('',*,*,#4438,.T.);
#6254=ORIENTED_EDGE('',*,*,#4507,.T.);
#6255=ORIENTED_EDGE('',*,*,#4508,.F.);
#6256=ORIENTED_EDGE('',*,*,#4507,.F.);
#6257=ORIENTED_EDGE('',*,*,#4437,.T.);
#6258=ORIENTED_EDGE('',*,*,#4467,.T.);
#6259=ORIENTED_EDGE('',*,*,#4419,.T.);
#6260=ORIENTED_EDGE('',*,*,#4509,.F.);
#6261=ORIENTED_EDGE('',*,*,#4482,.T.);
#6262=ORIENTED_EDGE('',*,*,#4510,.F.);
#6263=ORIENTED_EDGE('',*,*,#4486,.F.);
#6264=ORIENTED_EDGE('',*,*,#4511,.F.);
#6265=ORIENTED_EDGE('',*,*,#4490,.F.);
#6266=ORIENTED_EDGE('',*,*,#4512,.F.);
#6267=ORIENTED_EDGE('',*,*,#4454,.T.);
#6268=ORIENTED_EDGE('',*,*,#4513,.F.);
#6269=ORIENTED_EDGE('',*,*,#4494,.T.);
#6270=ORIENTED_EDGE('',*,*,#4496,.T.);
#6271=ORIENTED_EDGE('',*,*,#4498,.T.);
#6272=ORIENTED_EDGE('',*,*,#4500,.T.);
#6273=ORIENTED_EDGE('',*,*,#4502,.F.);
#6274=ORIENTED_EDGE('',*,*,#4504,.T.);
#6275=ORIENTED_EDGE('',*,*,#4506,.T.);
#6276=ORIENTED_EDGE('',*,*,#4508,.T.);
#6277=ORIENTED_EDGE('',*,*,#4466,.F.);
#6278=ORIENTED_EDGE('',*,*,#4469,.F.);
#6279=ORIENTED_EDGE('',*,*,#4471,.T.);
#6280=ORIENTED_EDGE('',*,*,#4473,.F.);
#6281=ORIENTED_EDGE('',*,*,#4475,.F.);
#6282=ORIENTED_EDGE('',*,*,#4477,.F.);
#6283=ORIENTED_EDGE('',*,*,#4479,.F.);
#6284=ORIENTED_EDGE('',*,*,#4514,.F.);
#6285=ORIENTED_EDGE('',*,*,#4397,.F.);
#6286=ORIENTED_EDGE('',*,*,#4408,.F.);
#6287=ORIENTED_EDGE('',*,*,#4386,.T.);
#6288=ORIENTED_EDGE('',*,*,#4412,.T.);
#6289=ORIENTED_EDGE('',*,*,#4487,.T.);
#6290=ORIENTED_EDGE('',*,*,#4510,.T.);
#6291=ORIENTED_EDGE('',*,*,#4481,.T.);
#6292=ORIENTED_EDGE('',*,*,#4462,.T.);
#6293=ORIENTED_EDGE('',*,*,#4491,.T.);
#6294=ORIENTED_EDGE('',*,*,#4511,.T.);
#6295=ORIENTED_EDGE('',*,*,#4485,.T.);
#6296=ORIENTED_EDGE('',*,*,#4429,.T.);
#6297=ORIENTED_EDGE('',*,*,#4420,.T.);
#6298=ORIENTED_EDGE('',*,*,#4514,.T.);
#6299=ORIENTED_EDGE('',*,*,#4480,.T.);
#6300=ORIENTED_EDGE('',*,*,#4414,.T.);
#6301=ORIENTED_EDGE('',*,*,#4483,.T.);
#6302=ORIENTED_EDGE('',*,*,#4509,.T.);
#6303=ORIENTED_EDGE('',*,*,#4418,.T.);
#6304=ORIENTED_EDGE('',*,*,#4445,.T.);
#6305=ORIENTED_EDGE('',*,*,#4495,.T.);
#6306=ORIENTED_EDGE('',*,*,#4513,.T.);
#6307=ORIENTED_EDGE('',*,*,#4453,.T.);
#6308=ORIENTED_EDGE('',*,*,#4460,.T.);
#6309=ORIENTED_EDGE('',*,*,#4455,.T.);
#6310=ORIENTED_EDGE('',*,*,#4512,.T.);
#6311=ORIENTED_EDGE('',*,*,#4492,.T.);
#6312=ORIENTED_EDGE('',*,*,#4464,.F.);
#6313=ORIENTED_EDGE('',*,*,#4484,.F.);
#6314=ORIENTED_EDGE('',*,*,#4515,.T.);
#6315=ORIENTED_EDGE('',*,*,#4516,.T.);
#6316=ORIENTED_EDGE('',*,*,#4410,.T.);
#6317=ORIENTED_EDGE('',*,*,#4517,.F.);
#6318=ORIENTED_EDGE('',*,*,#4518,.F.);
#6319=ORIENTED_EDGE('',*,*,#4488,.T.);
#6320=ORIENTED_EDGE('',*,*,#4409,.F.);
#6321=ORIENTED_EDGE('',*,*,#4394,.F.);
#6322=ORIENTED_EDGE('',*,*,#4519,.T.);
#6323=ORIENTED_EDGE('',*,*,#4517,.T.);
#6324=ORIENTED_EDGE('',*,*,#4451,.T.);
#6325=ORIENTED_EDGE('',*,*,#4401,.F.);
#6326=ORIENTED_EDGE('',*,*,#4520,.F.);
#6327=ORIENTED_EDGE('',*,*,#4392,.T.);
#6328=ORIENTED_EDGE('',*,*,#4465,.F.);
#6329=ORIENTED_EDGE('',*,*,#4516,.F.);
#6330=ORIENTED_EDGE('',*,*,#4521,.T.);
#6331=ORIENTED_EDGE('',*,*,#4399,.T.);
#6332=ORIENTED_EDGE('',*,*,#4515,.F.);
#6333=ORIENTED_EDGE('',*,*,#4489,.F.);
#6334=ORIENTED_EDGE('',*,*,#4518,.T.);
#6335=ORIENTED_EDGE('',*,*,#4519,.F.);
#6336=ORIENTED_EDGE('',*,*,#4393,.F.);
#6337=ORIENTED_EDGE('',*,*,#4520,.T.);
#6338=ORIENTED_EDGE('',*,*,#4400,.F.);
#6339=ORIENTED_EDGE('',*,*,#4521,.F.);
#6340=ORIENTED_EDGE('',*,*,#4395,.F.);
#6341=ORIENTED_EDGE('',*,*,#4448,.T.);
#6342=ORIENTED_EDGE('',*,*,#4522,.F.);
#6343=ORIENTED_EDGE('',*,*,#4523,.F.);
#6344=ORIENTED_EDGE('',*,*,#4383,.T.);
#6345=ORIENTED_EDGE('',*,*,#4447,.T.);
#6346=ORIENTED_EDGE('',*,*,#4452,.F.);
#6347=ORIENTED_EDGE('',*,*,#4524,.F.);
#6348=ORIENTED_EDGE('',*,*,#4522,.T.);
#6349=ORIENTED_EDGE('',*,*,#4459,.F.);
#6350=ORIENTED_EDGE('',*,*,#4405,.F.);
#6351=ORIENTED_EDGE('',*,*,#4525,.T.);
#6352=ORIENTED_EDGE('',*,*,#4457,.T.);
#6353=ORIENTED_EDGE('',*,*,#4450,.T.);
#6354=ORIENTED_EDGE('',*,*,#4526,.F.);
#6355=ORIENTED_EDGE('',*,*,#4527,.F.);
#6356=ORIENTED_EDGE('',*,*,#4403,.T.);
#6357=ORIENTED_EDGE('',*,*,#4449,.F.);
#6358=ORIENTED_EDGE('',*,*,#4381,.F.);
#6359=ORIENTED_EDGE('',*,*,#4528,.T.);
#6360=ORIENTED_EDGE('',*,*,#4526,.T.);
#6361=ORIENTED_EDGE('',*,*,#4523,.T.);
#6362=ORIENTED_EDGE('',*,*,#4524,.T.);
#6363=ORIENTED_EDGE('',*,*,#4458,.F.);
#6364=ORIENTED_EDGE('',*,*,#4525,.F.);
#6365=ORIENTED_EDGE('',*,*,#4404,.F.);
#6366=ORIENTED_EDGE('',*,*,#4527,.T.);
#6367=ORIENTED_EDGE('',*,*,#4528,.F.);
#6368=ORIENTED_EDGE('',*,*,#4380,.F.);
#6369=ORIENTED_EDGE('',*,*,#4426,.T.);
#6370=ORIENTED_EDGE('',*,*,#4529,.F.);
#6371=ORIENTED_EDGE('',*,*,#4530,.F.);
#6372=ORIENTED_EDGE('',*,*,#4531,.T.);
#6373=ORIENTED_EDGE('',*,*,#4425,.T.);
#6374=ORIENTED_EDGE('',*,*,#4532,.F.);
#6375=ORIENTED_EDGE('',*,*,#4533,.F.);
#6376=ORIENTED_EDGE('',*,*,#4529,.T.);
#6377=ORIENTED_EDGE('',*,*,#4424,.F.);
#6378=ORIENTED_EDGE('',*,*,#4390,.F.);
#6379=ORIENTED_EDGE('',*,*,#4534,.T.);
#6380=ORIENTED_EDGE('',*,*,#4532,.T.);
#6381=ORIENTED_EDGE('',*,*,#4416,.T.);
#6382=ORIENTED_EDGE('',*,*,#4417,.F.);
#6383=ORIENTED_EDGE('',*,*,#4535,.F.);
#6384=ORIENTED_EDGE('',*,*,#4388,.T.);
#6385=ORIENTED_EDGE('',*,*,#4428,.F.);
#6386=ORIENTED_EDGE('',*,*,#4536,.F.);
#6387=ORIENTED_EDGE('',*,*,#4537,.T.);
#6388=ORIENTED_EDGE('',*,*,#4422,.T.);
#6389=ORIENTED_EDGE('',*,*,#4427,.F.);
#6390=ORIENTED_EDGE('',*,*,#4531,.F.);
#6391=ORIENTED_EDGE('',*,*,#4538,.T.);
#6392=ORIENTED_EDGE('',*,*,#4536,.T.);
#6393=ORIENTED_EDGE('',*,*,#4530,.T.);
#6394=ORIENTED_EDGE('',*,*,#4533,.T.);
#6395=ORIENTED_EDGE('',*,*,#4534,.F.);
#6396=ORIENTED_EDGE('',*,*,#4389,.F.);
#6397=ORIENTED_EDGE('',*,*,#4535,.T.);
#6398=ORIENTED_EDGE('',*,*,#4423,.F.);
#6399=ORIENTED_EDGE('',*,*,#4537,.F.);
#6400=ORIENTED_EDGE('',*,*,#4538,.F.);
#6401=ORIENTED_EDGE('',*,*,#4539,.T.);
#6402=ORIENTED_EDGE('',*,*,#4540,.T.);
#6403=ORIENTED_EDGE('',*,*,#4541,.T.);
#6404=ORIENTED_EDGE('',*,*,#4542,.T.);
#6405=ORIENTED_EDGE('',*,*,#4543,.T.);
#6406=ORIENTED_EDGE('',*,*,#4544,.T.);
#6407=ORIENTED_EDGE('',*,*,#4545,.T.);
#6408=ORIENTED_EDGE('',*,*,#4546,.T.);
#6409=ORIENTED_EDGE('',*,*,#4547,.T.);
#6410=ORIENTED_EDGE('',*,*,#4548,.T.);
#6411=ORIENTED_EDGE('',*,*,#4549,.T.);
#6412=ORIENTED_EDGE('',*,*,#4550,.T.);
#6413=ORIENTED_EDGE('',*,*,#4551,.T.);
#6414=ORIENTED_EDGE('',*,*,#4552,.T.);
#6415=ORIENTED_EDGE('',*,*,#4553,.T.);
#6416=ORIENTED_EDGE('',*,*,#4540,.F.);
#6417=ORIENTED_EDGE('',*,*,#4539,.F.);
#6418=ORIENTED_EDGE('',*,*,#4553,.F.);
#6419=ORIENTED_EDGE('',*,*,#4554,.T.);
#6420=ORIENTED_EDGE('',*,*,#4555,.F.);
#6421=ORIENTED_EDGE('',*,*,#4556,.F.);
#6422=ORIENTED_EDGE('',*,*,#4541,.F.);
#6423=ORIENTED_EDGE('',*,*,#4542,.F.);
#6424=ORIENTED_EDGE('',*,*,#4556,.T.);
#6425=ORIENTED_EDGE('',*,*,#4557,.F.);
#6426=ORIENTED_EDGE('',*,*,#4558,.F.);
#6427=ORIENTED_EDGE('',*,*,#4543,.F.);
#6428=ORIENTED_EDGE('',*,*,#4558,.T.);
#6429=ORIENTED_EDGE('',*,*,#4559,.F.);
#6430=ORIENTED_EDGE('',*,*,#4560,.F.);
#6431=ORIENTED_EDGE('',*,*,#4544,.F.);
#6432=ORIENTED_EDGE('',*,*,#4560,.T.);
#6433=ORIENTED_EDGE('',*,*,#4561,.F.);
#6434=ORIENTED_EDGE('',*,*,#4562,.F.);
#6435=ORIENTED_EDGE('',*,*,#4545,.F.);
#6436=ORIENTED_EDGE('',*,*,#4562,.T.);
#6437=ORIENTED_EDGE('',*,*,#4563,.F.);
#6438=ORIENTED_EDGE('',*,*,#4564,.F.);
#6439=ORIENTED_EDGE('',*,*,#4546,.F.);
#6440=ORIENTED_EDGE('',*,*,#4564,.T.);
#6441=ORIENTED_EDGE('',*,*,#4565,.F.);
#6442=ORIENTED_EDGE('',*,*,#4566,.F.);
#6443=ORIENTED_EDGE('',*,*,#4547,.F.);
#6444=ORIENTED_EDGE('',*,*,#4566,.T.);
#6445=ORIENTED_EDGE('',*,*,#4567,.F.);
#6446=ORIENTED_EDGE('',*,*,#4568,.F.);
#6447=ORIENTED_EDGE('',*,*,#4548,.F.);
#6448=ORIENTED_EDGE('',*,*,#4568,.T.);
#6449=ORIENTED_EDGE('',*,*,#4569,.F.);
#6450=ORIENTED_EDGE('',*,*,#4570,.F.);
#6451=ORIENTED_EDGE('',*,*,#4549,.F.);
#6452=ORIENTED_EDGE('',*,*,#4570,.T.);
#6453=ORIENTED_EDGE('',*,*,#4571,.F.);
#6454=ORIENTED_EDGE('',*,*,#4572,.F.);
#6455=ORIENTED_EDGE('',*,*,#4550,.F.);
#6456=ORIENTED_EDGE('',*,*,#4572,.T.);
#6457=ORIENTED_EDGE('',*,*,#4573,.F.);
#6458=ORIENTED_EDGE('',*,*,#4574,.F.);
#6459=ORIENTED_EDGE('',*,*,#4551,.F.);
#6460=ORIENTED_EDGE('',*,*,#4574,.T.);
#6461=ORIENTED_EDGE('',*,*,#4575,.F.);
#6462=ORIENTED_EDGE('',*,*,#4576,.F.);
#6463=ORIENTED_EDGE('',*,*,#4552,.F.);
#6464=ORIENTED_EDGE('',*,*,#4576,.T.);
#6465=ORIENTED_EDGE('',*,*,#4577,.F.);
#6466=ORIENTED_EDGE('',*,*,#4554,.F.);
#6467=ORIENTED_EDGE('',*,*,#4555,.T.);
#6468=ORIENTED_EDGE('',*,*,#4577,.T.);
#6469=ORIENTED_EDGE('',*,*,#4575,.T.);
#6470=ORIENTED_EDGE('',*,*,#4573,.T.);
#6471=ORIENTED_EDGE('',*,*,#4571,.T.);
#6472=ORIENTED_EDGE('',*,*,#4569,.T.);
#6473=ORIENTED_EDGE('',*,*,#4567,.T.);
#6474=ORIENTED_EDGE('',*,*,#4565,.T.);
#6475=ORIENTED_EDGE('',*,*,#4563,.T.);
#6476=ORIENTED_EDGE('',*,*,#4561,.T.);
#6477=ORIENTED_EDGE('',*,*,#4559,.T.);
#6478=ORIENTED_EDGE('',*,*,#4557,.T.);
#6479=ORIENTED_EDGE('',*,*,#4578,.F.);
#6480=ORIENTED_EDGE('',*,*,#4579,.T.);
#6481=ORIENTED_EDGE('',*,*,#4580,.T.);
#6482=ORIENTED_EDGE('',*,*,#4581,.T.);
#6483=ORIENTED_EDGE('',*,*,#4582,.T.);
#6484=ORIENTED_EDGE('',*,*,#4583,.T.);
#6485=ORIENTED_EDGE('',*,*,#4584,.T.);
#6486=ORIENTED_EDGE('',*,*,#4585,.T.);
#6487=ORIENTED_EDGE('',*,*,#4586,.T.);
#6488=ORIENTED_EDGE('',*,*,#4587,.T.);
#6489=ORIENTED_EDGE('',*,*,#4588,.T.);
#6490=ORIENTED_EDGE('',*,*,#4589,.T.);
#6491=ORIENTED_EDGE('',*,*,#4590,.T.);
#6492=ORIENTED_EDGE('',*,*,#4591,.T.);
#6493=ORIENTED_EDGE('',*,*,#4592,.T.);
#6494=ORIENTED_EDGE('',*,*,#4579,.F.);
#6495=ORIENTED_EDGE('',*,*,#4578,.T.);
#6496=ORIENTED_EDGE('',*,*,#4586,.F.);
#6497=ORIENTED_EDGE('',*,*,#4593,.T.);
#6498=ORIENTED_EDGE('',*,*,#4594,.T.);
#6499=ORIENTED_EDGE('',*,*,#4595,.F.);
#6500=ORIENTED_EDGE('',*,*,#4587,.F.);
#6501=ORIENTED_EDGE('',*,*,#4595,.T.);
#6502=ORIENTED_EDGE('',*,*,#4596,.T.);
#6503=ORIENTED_EDGE('',*,*,#4597,.F.);
#6504=ORIENTED_EDGE('',*,*,#4588,.F.);
#6505=ORIENTED_EDGE('',*,*,#4597,.T.);
#6506=ORIENTED_EDGE('',*,*,#4598,.T.);
#6507=ORIENTED_EDGE('',*,*,#4599,.F.);
#6508=ORIENTED_EDGE('',*,*,#4589,.F.);
#6509=ORIENTED_EDGE('',*,*,#4599,.T.);
#6510=ORIENTED_EDGE('',*,*,#4600,.T.);
#6511=ORIENTED_EDGE('',*,*,#4601,.F.);
#6512=ORIENTED_EDGE('',*,*,#4590,.F.);
#6513=ORIENTED_EDGE('',*,*,#4601,.T.);
#6514=ORIENTED_EDGE('',*,*,#4602,.T.);
#6515=ORIENTED_EDGE('',*,*,#4603,.F.);
#6516=ORIENTED_EDGE('',*,*,#4591,.F.);
#6517=ORIENTED_EDGE('',*,*,#4603,.T.);
#6518=ORIENTED_EDGE('',*,*,#4604,.T.);
#6519=ORIENTED_EDGE('',*,*,#4605,.F.);
#6520=ORIENTED_EDGE('',*,*,#4592,.F.);
#6521=ORIENTED_EDGE('',*,*,#4605,.T.);
#6522=ORIENTED_EDGE('',*,*,#4606,.T.);
#6523=ORIENTED_EDGE('',*,*,#4607,.F.);
#6524=ORIENTED_EDGE('',*,*,#4580,.F.);
#6525=ORIENTED_EDGE('',*,*,#4581,.F.);
#6526=ORIENTED_EDGE('',*,*,#4607,.T.);
#6527=ORIENTED_EDGE('',*,*,#4608,.T.);
#6528=ORIENTED_EDGE('',*,*,#4609,.F.);
#6529=ORIENTED_EDGE('',*,*,#4582,.F.);
#6530=ORIENTED_EDGE('',*,*,#4609,.T.);
#6531=ORIENTED_EDGE('',*,*,#4610,.T.);
#6532=ORIENTED_EDGE('',*,*,#4611,.F.);
#6533=ORIENTED_EDGE('',*,*,#4583,.F.);
#6534=ORIENTED_EDGE('',*,*,#4611,.T.);
#6535=ORIENTED_EDGE('',*,*,#4612,.T.);
#6536=ORIENTED_EDGE('',*,*,#4613,.F.);
#6537=ORIENTED_EDGE('',*,*,#4584,.F.);
#6538=ORIENTED_EDGE('',*,*,#4613,.T.);
#6539=ORIENTED_EDGE('',*,*,#4614,.T.);
#6540=ORIENTED_EDGE('',*,*,#4615,.F.);
#6541=ORIENTED_EDGE('',*,*,#4585,.F.);
#6542=ORIENTED_EDGE('',*,*,#4615,.T.);
#6543=ORIENTED_EDGE('',*,*,#4616,.T.);
#6544=ORIENTED_EDGE('',*,*,#4593,.F.);
#6545=ORIENTED_EDGE('',*,*,#4594,.F.);
#6546=ORIENTED_EDGE('',*,*,#4616,.F.);
#6547=ORIENTED_EDGE('',*,*,#4614,.F.);
#6548=ORIENTED_EDGE('',*,*,#4612,.F.);
#6549=ORIENTED_EDGE('',*,*,#4610,.F.);
#6550=ORIENTED_EDGE('',*,*,#4608,.F.);
#6551=ORIENTED_EDGE('',*,*,#4606,.F.);
#6552=ORIENTED_EDGE('',*,*,#4604,.F.);
#6553=ORIENTED_EDGE('',*,*,#4602,.F.);
#6554=ORIENTED_EDGE('',*,*,#4600,.F.);
#6555=ORIENTED_EDGE('',*,*,#4598,.F.);
#6556=ORIENTED_EDGE('',*,*,#4596,.F.);
#6557=CONICAL_SURFACE('',#7088,2.64999999999999,0.785398163397405);
#6558=CONICAL_SURFACE('',#7095,2.65000000000001,0.78539816339747);
#6559=CONICAL_SURFACE('',#7099,3.89999999999999,0.785398163397383);
#6560=CONICAL_SURFACE('',#7103,3.89999999999998,0.785398163397499);
#6561=CONICAL_SURFACE('',#7111,4.25,0.78539816339745);
#6562=CONICAL_SURFACE('',#7115,1.9,0.785398163397447);
#6563=CONICAL_SURFACE('',#7125,1.73205080756883,0.78539816339745);
#6564=CONICAL_SURFACE('',#7126,1.73205080756883,0.78539816339745);
#6565=CONICAL_SURFACE('',#7127,1.73205080756883,0.78539816339745);
#6566=CONICAL_SURFACE('',#7128,1.73205080756883,0.78539816339745);
#6567=CONICAL_SURFACE('',#7129,1.73205080756883,0.78539816339745);
#6568=CONICAL_SURFACE('',#7130,1.73205080756883,0.78539816339745);
#6569=CONICAL_SURFACE('',#7145,4.25,0.78539816339745);
#6570=CONICAL_SURFACE('',#7149,1.9,0.785398163397447);
#6571=CONICAL_SURFACE('',#7159,1.73205080756883,0.78539816339745);
#6572=CONICAL_SURFACE('',#7160,1.73205080756883,0.78539816339745);
#6573=CONICAL_SURFACE('',#7161,1.73205080756883,0.78539816339745);
#6574=CONICAL_SURFACE('',#7162,1.73205080756883,0.78539816339745);
#6575=CONICAL_SURFACE('',#7163,1.73205080756883,0.78539816339745);
#6576=CONICAL_SURFACE('',#7164,1.73205080756883,0.78539816339745);
#6577=CONICAL_SURFACE('',#7179,0.9,0.785398163397449);
#6578=CONICAL_SURFACE('',#7183,1.4,0.785398163397448);
#6579=CONICAL_SURFACE('',#7187,1.4,0.785398163397453);
#6580=CONICAL_SURFACE('',#7196,1.65,0.785398163397448);
#6581=CONICAL_SURFACE('',#7201,1.65,0.785398163397448);
#6582=CONICAL_SURFACE('',#7206,1.65,0.785398163397448);
#6583=CONICAL_SURFACE('',#7210,1.65,0.785398163397448);
#6584=CONICAL_SURFACE('',#7214,0.549999999999999,0.785398163397439);
#6585=CONICAL_SURFACE('',#7220,0.549999999999999,0.78539816339744);
#6586=CONICAL_SURFACE('',#7224,0.55,0.785398163397446);
#6587=CONICAL_SURFACE('',#7227,2.65,0.785398163397448);
#6588=CONICAL_SURFACE('',#7232,2.65,0.785398163397448);
#6589=CONICAL_SURFACE('',#7237,4.5,0.785398163397448);
#6590=CONICAL_SURFACE('',#7241,4.5,0.78539816339745);
#6591=CONICAL_SURFACE('',#7245,2.65,0.785398163397448);
#6592=CONICAL_SURFACE('',#7249,2.65,0.785398163397448);
#6593=CONICAL_SURFACE('',#7251,0.9,0.785398163397449);
#6594=CONICAL_SURFACE('',#7255,1.4,0.785398163397448);
#6595=CONICAL_SURFACE('',#7259,1.4,0.785398163397453);
#6596=CONICAL_SURFACE('',#7269,1.65,0.785398163397448);
#6597=CONICAL_SURFACE('',#7276,1.65,0.785398163397448);
#6598=CONICAL_SURFACE('',#7280,1.65,0.785398163397448);
#6599=CONICAL_SURFACE('',#7284,1.65,0.785398163397448);
#6600=CONICAL_SURFACE('',#7288,0.549999999999999,0.785398163397439);
#6601=CONICAL_SURFACE('',#7296,0.549999999999999,0.78539816339744);
#6602=CONICAL_SURFACE('',#7300,0.55,0.785398163397446);
#6603=CONICAL_SURFACE('',#7310,1.50725,0.785398163397448);
#6604=CONICAL_SURFACE('',#7320,2.75,0.785398163397453);
#6605=CONICAL_SURFACE('',#7324,1.125,0.785398163397446);
#6606=CONICAL_SURFACE('',#7334,1.15470053837923,0.78539816339745);
#6607=CONICAL_SURFACE('',#7335,1.15470053837923,0.78539816339745);
#6608=CONICAL_SURFACE('',#7336,1.15470053837923,0.78539816339745);
#6609=CONICAL_SURFACE('',#7337,1.15470053837923,0.78539816339745);
#6610=CONICAL_SURFACE('',#7338,1.15470053837923,0.78539816339745);
#6611=CONICAL_SURFACE('',#7339,1.15470053837923,0.78539816339745);
#6612=CONICAL_SURFACE('',#7348,1.5,0.785398163397448);
#6613=CONICAL_SURFACE('',#7351,1.5,0.785398163397449);
#6614=CONICAL_SURFACE('',#7364,1.5,0.785398163397448);
#6615=CONICAL_SURFACE('',#7367,1.5,0.785398163397449);
#6616=ADVANCED_FACE('',(#588),#6557,.F.);
#6617=ADVANCED_FACE('',(#589),#530,.F.);
#6618=ADVANCED_FACE('',(#590,#218),#263,.T.);
#6619=ADVANCED_FACE('',(#591),#6558,.F.);
#6620=ADVANCED_FACE('',(#592,#219),#264,.F.);
#6621=ADVANCED_FACE('',(#593),#6559,.T.);
#6622=ADVANCED_FACE('',(#594),#531,.T.);
#6623=ADVANCED_FACE('',(#595),#6560,.T.);
#6624=ADVANCED_FACE('',(#596),#532,.T.);
#6625=ADVANCED_FACE('',(#597,#220),#265,.T.);
#6626=ADVANCED_FACE('',(#598),#6561,.T.);
#6627=ADVANCED_FACE('',(#599),#533,.T.);
#6628=ADVANCED_FACE('',(#600),#6562,.T.);
#6629=ADVANCED_FACE('',(#601,#221),#266,.T.);
#6630=ADVANCED_FACE('',(#602),#267,.T.);
#6631=ADVANCED_FACE('',(#603),#6563,.F.);
#6632=ADVANCED_FACE('',(#604),#6564,.F.);
#6633=ADVANCED_FACE('',(#605),#6565,.F.);
#6634=ADVANCED_FACE('',(#606),#6566,.F.);
#6635=ADVANCED_FACE('',(#607),#6567,.F.);
#6636=ADVANCED_FACE('',(#608),#6568,.F.);
#6637=ADVANCED_FACE('',(#609),#268,.F.);
#6638=ADVANCED_FACE('',(#610),#269,.T.);
#6639=ADVANCED_FACE('',(#611),#270,.T.);
#6640=ADVANCED_FACE('',(#612),#271,.T.);
#6641=ADVANCED_FACE('',(#613),#272,.T.);
#6642=ADVANCED_FACE('',(#614),#273,.T.);
#6643=ADVANCED_FACE('',(#615),#274,.T.);
#6644=ADVANCED_FACE('',(#616),#534,.T.);
#6645=ADVANCED_FACE('',(#617,#222),#275,.T.);
#6646=ADVANCED_FACE('',(#618),#6569,.T.);
#6647=ADVANCED_FACE('',(#619),#535,.T.);
#6648=ADVANCED_FACE('',(#620),#6570,.T.);
#6649=ADVANCED_FACE('',(#621,#223),#276,.T.);
#6650=ADVANCED_FACE('',(#622),#277,.T.);
#6651=ADVANCED_FACE('',(#623),#6571,.F.);
#6652=ADVANCED_FACE('',(#624),#6572,.F.);
#6653=ADVANCED_FACE('',(#625),#6573,.F.);
#6654=ADVANCED_FACE('',(#626),#6574,.F.);
#6655=ADVANCED_FACE('',(#627),#6575,.F.);
#6656=ADVANCED_FACE('',(#628),#6576,.F.);
#6657=ADVANCED_FACE('',(#629),#278,.F.);
#6658=ADVANCED_FACE('',(#630),#279,.T.);
#6659=ADVANCED_FACE('',(#631),#280,.T.);
#6660=ADVANCED_FACE('',(#632),#281,.T.);
#6661=ADVANCED_FACE('',(#633),#282,.T.);
#6662=ADVANCED_FACE('',(#634),#283,.T.);
#6663=ADVANCED_FACE('',(#635),#284,.T.);
#6664=ADVANCED_FACE('',(#636),#285,.F.);
#6665=ADVANCED_FACE('',(#637),#6577,.T.);
#6666=ADVANCED_FACE('',(#638),#286,.F.);
#6667=ADVANCED_FACE('',(#639),#6578,.T.);
#6668=ADVANCED_FACE('',(#640),#287,.F.);
#6669=ADVANCED_FACE('',(#641),#6579,.T.);
#6670=ADVANCED_FACE('',(#642),#536,.T.);
#6671=ADVANCED_FACE('',(#643),#288,.F.);
#6672=ADVANCED_FACE('',(#644),#537,.T.);
#6673=ADVANCED_FACE('',(#645),#289,.F.);
#6674=ADVANCED_FACE('',(#646),#538,.T.);
#6675=ADVANCED_FACE('',(#647),#6580,.F.);
#6676=ADVANCED_FACE('',(#648),#539,.F.);
#6677=ADVANCED_FACE('',(#649),#6581,.F.);
#6678=ADVANCED_FACE('',(#650),#540,.F.);
#6679=ADVANCED_FACE('',(#651),#6582,.F.);
#6680=ADVANCED_FACE('',(#652,#224),#290,.T.);
#6681=ADVANCED_FACE('',(#653),#6583,.F.);
#6682=ADVANCED_FACE('',(#654,#225),#291,.T.);
#6683=ADVANCED_FACE('',(#655),#6584,.T.);
#6684=ADVANCED_FACE('',(#656),#541,.F.);
#6685=ADVANCED_FACE('',(#657),#542,.F.);
#6686=ADVANCED_FACE('',(#658),#6585,.T.);
#6687=ADVANCED_FACE('',(#659),#292,.F.);
#6688=ADVANCED_FACE('',(#660,#226,#227),#293,.F.);
#6689=ADVANCED_FACE('',(#661),#6586,.T.);
#6690=ADVANCED_FACE('',(#662),#294,.T.);
#6691=ADVANCED_FACE('',(#663),#6587,.F.);
#6692=ADVANCED_FACE('',(#664),#543,.F.);
#6693=ADVANCED_FACE('',(#665),#6588,.F.);
#6694=ADVANCED_FACE('',(#666,#228),#544,.F.);
#6695=ADVANCED_FACE('',(#667),#6589,.F.);
#6696=ADVANCED_FACE('',(#668),#295,.T.);
#6697=ADVANCED_FACE('',(#669),#6590,.F.);
#6698=ADVANCED_FACE('',(#670,#229),#296,.T.);
#6699=ADVANCED_FACE('',(#671),#6591,.F.);
#6700=ADVANCED_FACE('',(#672,#230,#231),#297,.T.);
#6701=ADVANCED_FACE('',(#673),#6592,.F.);
#6702=ADVANCED_FACE('',(#674),#298,.T.);
#6703=ADVANCED_FACE('',(#675),#6593,.T.);
#6704=ADVANCED_FACE('',(#676),#299,.T.);
#6705=ADVANCED_FACE('',(#677),#6594,.T.);
#6706=ADVANCED_FACE('',(#678),#300,.T.);
#6707=ADVANCED_FACE('',(#679),#6595,.T.);
#6708=ADVANCED_FACE('',(#680),#301,.T.);
#6709=ADVANCED_FACE('',(#681),#545,.T.);
#6710=ADVANCED_FACE('',(#682),#302,.T.);
#6711=ADVANCED_FACE('',(#683),#546,.T.);
#6712=ADVANCED_FACE('',(#684),#303,.T.);
#6713=ADVANCED_FACE('',(#685),#547,.T.);
#6714=ADVANCED_FACE('',(#686),#6596,.F.);
#6715=ADVANCED_FACE('',(#687,#232,#233,#234,#235),#304,.T.);
#6716=ADVANCED_FACE('',(#688),#548,.F.);
#6717=ADVANCED_FACE('',(#689),#6597,.F.);
#6718=ADVANCED_FACE('',(#690),#549,.F.);
#6719=ADVANCED_FACE('',(#691),#6598,.F.);
#6720=ADVANCED_FACE('',(#692,#236),#305,.F.);
#6721=ADVANCED_FACE('',(#693),#6599,.F.);
#6722=ADVANCED_FACE('',(#694,#237),#306,.F.);
#6723=ADVANCED_FACE('',(#695),#6600,.T.);
#6724=ADVANCED_FACE('',(#696),#550,.F.);
#6725=ADVANCED_FACE('',(#697),#551,.F.);
#6726=ADVANCED_FACE('',(#698),#307,.T.);
#6727=ADVANCED_FACE('',(#699),#308,.T.);
#6728=ADVANCED_FACE('',(#700),#6601,.T.);
#6729=ADVANCED_FACE('',(#701),#309,.T.);
#6730=ADVANCED_FACE('',(#702,#238,#239),#310,.T.);
#6731=ADVANCED_FACE('',(#703),#6602,.T.);
#6732=ADVANCED_FACE('',(#704,#240),#311,.T.);
#6733=ADVANCED_FACE('',(#705,#241,#242),#312,.T.);
#6734=ADVANCED_FACE('',(#706),#552,.F.);
#6735=ADVANCED_FACE('',(#707),#313,.F.);
#6736=ADVANCED_FACE('',(#708),#553,.F.);
#6737=ADVANCED_FACE('',(#709),#6603,.F.);
#6738=ADVANCED_FACE('',(#710),#554,.F.);
#6739=ADVANCED_FACE('',(#711),#555,.T.);
#6740=ADVANCED_FACE('',(#712,#243),#314,.T.);
#6741=ADVANCED_FACE('',(#713),#6604,.T.);
#6742=ADVANCED_FACE('',(#714),#556,.T.);
#6743=ADVANCED_FACE('',(#715),#6605,.T.);
#6744=ADVANCED_FACE('',(#716,#244),#315,.T.);
#6745=ADVANCED_FACE('',(#717),#316,.T.);
#6746=ADVANCED_FACE('',(#718),#6606,.F.);
#6747=ADVANCED_FACE('',(#719),#6607,.F.);
#6748=ADVANCED_FACE('',(#720),#6608,.F.);
#6749=ADVANCED_FACE('',(#721),#6609,.F.);
#6750=ADVANCED_FACE('',(#722),#6610,.F.);
#6751=ADVANCED_FACE('',(#723),#6611,.F.);
#6752=ADVANCED_FACE('',(#724),#317,.F.);
#6753=ADVANCED_FACE('',(#725),#318,.T.);
#6754=ADVANCED_FACE('',(#726),#319,.T.);
#6755=ADVANCED_FACE('',(#727),#320,.T.);
#6756=ADVANCED_FACE('',(#728),#321,.T.);
#6757=ADVANCED_FACE('',(#729),#322,.T.);
#6758=ADVANCED_FACE('',(#730),#323,.T.);
#6759=ADVANCED_FACE('',(#731),#6612,.F.);
#6760=ADVANCED_FACE('',(#732),#6613,.F.);
#6761=ADVANCED_FACE('',(#733),#557,.F.);
#6762=ADVANCED_FACE('',(#734),#558,.F.);
#6763=ADVANCED_FACE('',(#735),#559,.F.);
#6764=ADVANCED_FACE('',(#736),#560,.F.);
#6765=ADVANCED_FACE('',(#737),#6614,.F.);
#6766=ADVANCED_FACE('',(#738),#6615,.F.);
#6767=ADVANCED_FACE('',(#739),#561,.F.);
#6768=ADVANCED_FACE('',(#740),#562,.F.);
#6769=ADVANCED_FACE('',(#741),#324,.F.);
#6770=ADVANCED_FACE('',(#742),#325,.T.);
#6771=ADVANCED_FACE('',(#743),#326,.T.);
#6772=ADVANCED_FACE('',(#744),#327,.F.);
#6773=ADVANCED_FACE('',(#745),#328,.T.);
#6774=ADVANCED_FACE('',(#746),#329,.F.);
#6775=ADVANCED_FACE('',(#747),#330,.F.);
#6776=ADVANCED_FACE('',(#748),#331,.T.);
#6777=ADVANCED_FACE('',(#749),#332,.F.);
#6778=ADVANCED_FACE('',(#750),#333,.T.);
#6779=ADVANCED_FACE('',(#751),#563,.F.);
#6780=ADVANCED_FACE('',(#752),#334,.F.);
#6781=ADVANCED_FACE('',(#753),#335,.F.);
#6782=ADVANCED_FACE('',(#754),#336,.F.);
#6783=ADVANCED_FACE('',(#755),#337,.F.);
#6784=ADVANCED_FACE('',(#756),#338,.T.);
#6785=ADVANCED_FACE('',(#757,#245,#246),#339,.T.);
#6786=ADVANCED_FACE('',(#758),#340,.T.);
#6787=ADVANCED_FACE('',(#759,#247,#248),#341,.T.);
#6788=ADVANCED_FACE('',(#760),#342,.F.);
#6789=ADVANCED_FACE('',(#761),#343,.F.);
#6790=ADVANCED_FACE('',(#762),#344,.T.);
#6791=ADVANCED_FACE('',(#763),#345,.T.);
#6792=ADVANCED_FACE('',(#764,#249),#346,.T.);
#6793=ADVANCED_FACE('',(#765),#347,.F.);
#6794=ADVANCED_FACE('',(#766),#348,.T.);
#6795=ADVANCED_FACE('',(#767,#250),#349,.T.);
#6796=ADVANCED_FACE('',(#768),#564,.F.);
#6797=ADVANCED_FACE('',(#769),#565,.F.);
#6798=ADVANCED_FACE('',(#770),#566,.F.);
#6799=ADVANCED_FACE('',(#771),#350,.T.);
#6800=ADVANCED_FACE('',(#772),#351,.F.);
#6801=ADVANCED_FACE('',(#773),#352,.F.);
#6802=ADVANCED_FACE('',(#774),#353,.T.);
#6803=ADVANCED_FACE('',(#775),#354,.T.);
#6804=ADVANCED_FACE('',(#776),#355,.F.);
#6805=ADVANCED_FACE('',(#777),#356,.F.);
#6806=ADVANCED_FACE('',(#778),#357,.F.);
#6807=ADVANCED_FACE('',(#779),#358,.F.);
#6808=ADVANCED_FACE('',(#780),#359,.T.);
#6809=ADVANCED_FACE('',(#781,#251),#360,.T.);
#6810=ADVANCED_FACE('',(#782,#252),#361,.F.);
#6811=ADVANCED_FACE('',(#783),#362,.F.);
#6812=ADVANCED_FACE('',(#784),#363,.T.);
#6813=ADVANCED_FACE('',(#785),#364,.T.);
#6814=ADVANCED_FACE('',(#786),#365,.F.);
#6815=ADVANCED_FACE('',(#787),#366,.T.);
#6816=ADVANCED_FACE('',(#788),#367,.F.);
#6817=ADVANCED_FACE('',(#789),#11,.T.);
#6818=ADVANCED_FACE('',(#790),#368,.T.);
#6819=ADVANCED_FACE('',(#791),#369,.F.);
#6820=ADVANCED_FACE('',(#792),#370,.F.);
#6821=ADVANCED_FACE('',(#793),#371,.F.);
#6822=ADVANCED_FACE('',(#794),#372,.F.);
#6823=ADVANCED_FACE('',(#795),#373,.F.);
#6824=ADVANCED_FACE('',(#796),#374,.F.);
#6825=ADVANCED_FACE('',(#797),#375,.F.);
#6826=ADVANCED_FACE('',(#798),#376,.F.);
#6827=ADVANCED_FACE('',(#799),#377,.F.);
#6828=ADVANCED_FACE('',(#800),#378,.F.);
#6829=ADVANCED_FACE('',(#801),#379,.F.);
#6830=ADVANCED_FACE('',(#802),#380,.F.);
#6831=ADVANCED_FACE('',(#803),#381,.T.);
#6832=ADVANCED_FACE('',(#804),#12,.T.);
#6833=ADVANCED_FACE('',(#805),#382,.T.);
#6834=ADVANCED_FACE('',(#806),#383,.F.);
#6835=ADVANCED_FACE('',(#807),#384,.F.);
#6836=ADVANCED_FACE('',(#808),#385,.F.);
#6837=ADVANCED_FACE('',(#809),#386,.F.);
#6838=ADVANCED_FACE('',(#810),#387,.F.);
#6839=ADVANCED_FACE('',(#811),#388,.F.);
#6840=ADVANCED_FACE('',(#812),#389,.F.);
#6841=ADVANCED_FACE('',(#813),#390,.F.);
#6842=ADVANCED_FACE('',(#814),#391,.F.);
#6843=ADVANCED_FACE('',(#815),#392,.F.);
#6844=ADVANCED_FACE('',(#816),#393,.F.);
#6845=ADVANCED_FACE('',(#817),#394,.F.);
#6846=ADVANCED_FACE('',(#818),#395,.T.);
#6847=ADVANCED_FACE('',(#819),#567,.F.);
#6848=ADVANCED_FACE('',(#820),#568,.F.);
#6849=ADVANCED_FACE('',(#821),#569,.F.);
#6850=ADVANCED_FACE('',(#822),#570,.F.);
#6851=ADVANCED_FACE('',(#823),#396,.T.);
#6852=ADVANCED_FACE('',(#824),#397,.F.);
#6853=ADVANCED_FACE('',(#825),#398,.T.);
#6854=ADVANCED_FACE('',(#826),#399,.F.);
#6855=ADVANCED_FACE('',(#827),#400,.T.);
#6856=ADVANCED_FACE('',(#828),#401,.T.);
#6857=ADVANCED_FACE('',(#829),#571,.T.);
#6858=ADVANCED_FACE('',(#830),#402,.F.);
#6859=ADVANCED_FACE('',(#831),#403,.T.);
#6860=ADVANCED_FACE('',(#832),#404,.T.);
#6861=ADVANCED_FACE('',(#833),#572,.T.);
#6862=ADVANCED_FACE('',(#834),#405,.T.);
#6863=ADVANCED_FACE('',(#835),#406,.F.);
#6864=ADVANCED_FACE('',(#836),#407,.T.);
#6865=ADVANCED_FACE('',(#837),#408,.T.);
#6866=ADVANCED_FACE('',(#838),#409,.F.);
#6867=ADVANCED_FACE('',(#839),#573,.T.);
#6868=ADVANCED_FACE('',(#840),#410,.F.);
#6869=ADVANCED_FACE('',(#841),#411,.F.);
#6870=ADVANCED_FACE('',(#842),#412,.T.);
#6871=ADVANCED_FACE('',(#843),#574,.T.);
#6872=ADVANCED_FACE('',(#844),#413,.F.);
#6873=ADVANCED_FACE('',(#845),#414,.F.);
#6874=ADVANCED_FACE('',(#846,#253,#254,#255),#415,.F.);
#6875=ADVANCED_FACE('',(#847),#416,.T.);
#6876=ADVANCED_FACE('',(#848),#417,.F.);
#6877=ADVANCED_FACE('',(#849),#418,.T.);
#6878=ADVANCED_FACE('',(#850),#419,.F.);
#6879=ADVANCED_FACE('',(#851),#420,.F.);
#6880=ADVANCED_FACE('',(#852),#421,.T.);
#6881=ADVANCED_FACE('',(#853),#422,.F.);
#6882=ADVANCED_FACE('',(#854),#423,.T.);
#6883=ADVANCED_FACE('',(#855),#424,.F.);
#6884=ADVANCED_FACE('',(#856),#425,.T.);
#6885=ADVANCED_FACE('',(#857),#426,.F.);
#6886=ADVANCED_FACE('',(#858,#256),#427,.T.);
#6887=ADVANCED_FACE('',(#859),#428,.T.);
#6888=ADVANCED_FACE('',(#860),#429,.T.);
#6889=ADVANCED_FACE('',(#861),#430,.F.);
#6890=ADVANCED_FACE('',(#862),#431,.T.);
#6891=ADVANCED_FACE('',(#863),#432,.F.);
#6892=ADVANCED_FACE('',(#864),#433,.T.);
#6893=ADVANCED_FACE('',(#865),#575,.F.);
#6894=ADVANCED_FACE('',(#866),#434,.T.);
#6895=ADVANCED_FACE('',(#867),#435,.F.);
#6896=ADVANCED_FACE('',(#868),#436,.T.);
#6897=ADVANCED_FACE('',(#869),#437,.F.);
#6898=ADVANCED_FACE('',(#870),#438,.F.);
#6899=ADVANCED_FACE('',(#871),#439,.T.);
#6900=ADVANCED_FACE('',(#872),#576,.F.);
#6901=ADVANCED_FACE('',(#873),#577,.F.);
#6902=ADVANCED_FACE('',(#874),#578,.F.);
#6903=ADVANCED_FACE('',(#875),#440,.T.);
#6904=ADVANCED_FACE('',(#876),#441,.F.);
#6905=ADVANCED_FACE('',(#877),#442,.F.);
#6906=ADVANCED_FACE('',(#878),#443,.T.);
#6907=ADVANCED_FACE('',(#879),#444,.T.);
#6908=ADVANCED_FACE('',(#880),#445,.F.);
#6909=ADVANCED_FACE('',(#881),#446,.F.);
#6910=ADVANCED_FACE('',(#882),#447,.F.);
#6911=ADVANCED_FACE('',(#883),#448,.F.);
#6912=ADVANCED_FACE('',(#884),#449,.T.);
#6913=ADVANCED_FACE('',(#885,#257),#450,.T.);
#6914=ADVANCED_FACE('',(#886,#258),#451,.F.);
#6915=ADVANCED_FACE('',(#887),#452,.F.);
#6916=ADVANCED_FACE('',(#888),#453,.T.);
#6917=ADVANCED_FACE('',(#889),#454,.T.);
#6918=ADVANCED_FACE('',(#890),#455,.F.);
#6919=ADVANCED_FACE('',(#891),#456,.T.);
#6920=ADVANCED_FACE('',(#892),#457,.F.);
#6921=ADVANCED_FACE('',(#893),#579,.F.);
#6922=ADVANCED_FACE('',(#894),#580,.F.);
#6923=ADVANCED_FACE('',(#895),#581,.F.);
#6924=ADVANCED_FACE('',(#896),#582,.F.);
#6925=ADVANCED_FACE('',(#897),#458,.T.);
#6926=ADVANCED_FACE('',(#898),#459,.F.);
#6927=ADVANCED_FACE('',(#899),#460,.T.);
#6928=ADVANCED_FACE('',(#900),#461,.F.);
#6929=ADVANCED_FACE('',(#901),#462,.T.);
#6930=ADVANCED_FACE('',(#902),#463,.T.);
#6931=ADVANCED_FACE('',(#903),#583,.T.);
#6932=ADVANCED_FACE('',(#904),#464,.F.);
#6933=ADVANCED_FACE('',(#905),#465,.T.);
#6934=ADVANCED_FACE('',(#906),#466,.T.);
#6935=ADVANCED_FACE('',(#907),#584,.T.);
#6936=ADVANCED_FACE('',(#908),#467,.T.);
#6937=ADVANCED_FACE('',(#909),#468,.F.);
#6938=ADVANCED_FACE('',(#910),#469,.T.);
#6939=ADVANCED_FACE('',(#911),#470,.T.);
#6940=ADVANCED_FACE('',(#912),#471,.F.);
#6941=ADVANCED_FACE('',(#913),#585,.T.);
#6942=ADVANCED_FACE('',(#914),#472,.F.);
#6943=ADVANCED_FACE('',(#915),#473,.F.);
#6944=ADVANCED_FACE('',(#916),#474,.T.);
#6945=ADVANCED_FACE('',(#917),#586,.T.);
#6946=ADVANCED_FACE('',(#918),#475,.F.);
#6947=ADVANCED_FACE('',(#919),#476,.F.);
#6948=ADVANCED_FACE('',(#920,#259,#260,#261),#477,.F.);
#6949=ADVANCED_FACE('',(#921),#478,.T.);
#6950=ADVANCED_FACE('',(#922),#479,.F.);
#6951=ADVANCED_FACE('',(#923),#480,.T.);
#6952=ADVANCED_FACE('',(#924),#481,.F.);
#6953=ADVANCED_FACE('',(#925),#482,.F.);
#6954=ADVANCED_FACE('',(#926),#483,.T.);
#6955=ADVANCED_FACE('',(#927),#484,.F.);
#6956=ADVANCED_FACE('',(#928),#485,.T.);
#6957=ADVANCED_FACE('',(#929),#486,.F.);
#6958=ADVANCED_FACE('',(#930),#487,.T.);
#6959=ADVANCED_FACE('',(#931),#488,.F.);
#6960=ADVANCED_FACE('',(#932,#262),#489,.T.);
#6961=ADVANCED_FACE('',(#933),#490,.T.);
#6962=ADVANCED_FACE('',(#934),#491,.T.);
#6963=ADVANCED_FACE('',(#935),#492,.F.);
#6964=ADVANCED_FACE('',(#936),#493,.T.);
#6965=ADVANCED_FACE('',(#937),#494,.F.);
#6966=ADVANCED_FACE('',(#938),#495,.T.);
#6967=ADVANCED_FACE('',(#939),#587,.F.);
#6968=ADVANCED_FACE('',(#940),#496,.T.);
#6969=ADVANCED_FACE('',(#941),#497,.F.);
#6970=ADVANCED_FACE('',(#942),#498,.T.);
#6971=ADVANCED_FACE('',(#943),#499,.F.);
#6972=ADVANCED_FACE('',(#944),#500,.F.);
#6973=ADVANCED_FACE('',(#945),#501,.T.);
#6974=ADVANCED_FACE('',(#946),#13,.T.);
#6975=ADVANCED_FACE('',(#947),#502,.T.);
#6976=ADVANCED_FACE('',(#948),#503,.F.);
#6977=ADVANCED_FACE('',(#949),#504,.F.);
#6978=ADVANCED_FACE('',(#950),#505,.F.);
#6979=ADVANCED_FACE('',(#951),#506,.F.);
#6980=ADVANCED_FACE('',(#952),#507,.F.);
#6981=ADVANCED_FACE('',(#953),#508,.F.);
#6982=ADVANCED_FACE('',(#954),#509,.F.);
#6983=ADVANCED_FACE('',(#955),#510,.F.);
#6984=ADVANCED_FACE('',(#956),#511,.F.);
#6985=ADVANCED_FACE('',(#957),#512,.F.);
#6986=ADVANCED_FACE('',(#958),#513,.F.);
#6987=ADVANCED_FACE('',(#959),#514,.F.);
#6988=ADVANCED_FACE('',(#960),#515,.T.);
#6989=ADVANCED_FACE('',(#961),#14,.T.);
#6990=ADVANCED_FACE('',(#962),#516,.T.);
#6991=ADVANCED_FACE('',(#963),#517,.F.);
#6992=ADVANCED_FACE('',(#964),#518,.F.);
#6993=ADVANCED_FACE('',(#965),#519,.F.);
#6994=ADVANCED_FACE('',(#966),#520,.F.);
#6995=ADVANCED_FACE('',(#967),#521,.F.);
#6996=ADVANCED_FACE('',(#968),#522,.F.);
#6997=ADVANCED_FACE('',(#969),#523,.F.);
#6998=ADVANCED_FACE('',(#970),#524,.F.);
#6999=ADVANCED_FACE('',(#971),#525,.F.);
#7000=ADVANCED_FACE('',(#972),#526,.F.);
#7001=ADVANCED_FACE('',(#973),#527,.F.);
#7002=ADVANCED_FACE('',(#974),#528,.F.);
#7003=ADVANCED_FACE('',(#975),#529,.T.);
#7004=CLOSED_SHELL('',(#6616,#6617,#6618,#6619,#6620,#6621,#6622,#6623));
#7005=CLOSED_SHELL('',(#6624,#6625,#6626,#6627,#6628,#6629,#6630,#6631,
#6632,#6633,#6634,#6635,#6636,#6637,#6638,#6639,#6640,#6641,#6642,#6643));
#7006=CLOSED_SHELL('',(#6644,#6645,#6646,#6647,#6648,#6649,#6650,#6651,
#6652,#6653,#6654,#6655,#6656,#6657,#6658,#6659,#6660,#6661,#6662,#6663));
#7007=CLOSED_SHELL('',(#6664,#6665,#6666,#6667,#6668,#6669,#6670,#6671,
#6672,#6673,#6674,#6675,#6676,#6677,#6678,#6679,#6680,#6681,#6682,#6683,
#6684,#6685,#6686,#6687,#6688,#6689,#6690,#6691,#6692,#6693,#6694,#6695,
#6696,#6697,#6698,#6699,#6700,#6701,#6702,#6703,#6704,#6705,#6706,#6707,
#6708,#6709,#6710,#6711,#6712,#6713,#6714,#6715,#6716,#6717,#6718,#6719,
#6720,#6721,#6722,#6723,#6724,#6725,#6726,#6727,#6728,#6729,#6730,#6731,
#6732,#6733,#6734,#6735,#6736,#6737,#6738));
#7008=CLOSED_SHELL('',(#6739,#6740,#6741,#6742,#6743,#6744,#6745,#6746,
#6747,#6748,#6749,#6750,#6751,#6752,#6753,#6754,#6755,#6756,#6757,#6758));
#7009=CLOSED_SHELL('',(#6759,#6760,#6761,#6762,#6763,#6764,#6765,#6766,
#6767,#6768,#6769,#6770,#6771,#6772,#6773,#6774,#6775,#6776,#6777,#6778,
#6779,#6780,#6781,#6782,#6783,#6784,#6785,#6786,#6787,#6788,#6789,#6790,
#6791,#6792,#6793,#6794,#6795));
#7010=CLOSED_SHELL('',(#6796,#6797,#6798,#6799,#6800,#6801,#6802,#6803,
#6804,#6805,#6806,#6807,#6808,#6809,#6810,#6811,#6812,#6813,#6814,#6815,
#6816));
#7011=CLOSED_SHELL('',(#6817,#6818,#6819,#6820,#6821,#6822,#6823,#6824,
#6825,#6826,#6827,#6828,#6829,#6830,#6831));
#7012=CLOSED_SHELL('',(#6832,#6833,#6834,#6835,#6836,#6837,#6838,#6839,
#6840,#6841,#6842,#6843,#6844,#6845,#6846));
#7013=CLOSED_SHELL('',(#6847,#6848,#6849,#6850,#6851,#6852,#6853,#6854,
#6855,#6856,#6857,#6858,#6859,#6860,#6861,#6862,#6863,#6864,#6865,#6866,
#6867,#6868,#6869,#6870,#6871,#6872,#6873,#6874,#6875,#6876,#6877,#6878,
#6879,#6880,#6881,#6882,#6883,#6884,#6885,#6886,#6887,#6888,#6889,#6890,
#6891,#6892,#6893,#6894,#6895,#6896,#6897,#6898,#6899));
#7014=CLOSED_SHELL('',(#6900,#6901,#6902,#6903,#6904,#6905,#6906,#6907,
#6908,#6909,#6910,#6911,#6912,#6913,#6914,#6915,#6916,#6917,#6918,#6919,
#6920));
#7015=CLOSED_SHELL('',(#6921,#6922,#6923,#6924,#6925,#6926,#6927,#6928,
#6929,#6930,#6931,#6932,#6933,#6934,#6935,#6936,#6937,#6938,#6939,#6940,
#6941,#6942,#6943,#6944,#6945,#6946,#6947,#6948,#6949,#6950,#6951,#6952,
#6953,#6954,#6955,#6956,#6957,#6958,#6959,#6960,#6961,#6962,#6963,#6964,
#6965,#6966,#6967,#6968,#6969,#6970,#6971,#6972,#6973));
#7016=CLOSED_SHELL('',(#6974,#6975,#6976,#6977,#6978,#6979,#6980,#6981,
#6982,#6983,#6984,#6985,#6986,#6987,#6988));
#7017=CLOSED_SHELL('',(#6989,#6990,#6991,#6992,#6993,#6994,#6995,#6996,
#6997,#6998,#6999,#7000,#7001,#7002,#7003));
#7018=DERIVED_UNIT_ELEMENT(#7030,1.);
#7019=DERIVED_UNIT_ELEMENT(#11897,-3.);
#7020=DERIVED_UNIT_ELEMENT(#7030,1.);
#7021=DERIVED_UNIT_ELEMENT(#11897,-3.);
#7022=DERIVED_UNIT_ELEMENT(#7030,1.);
#7023=DERIVED_UNIT_ELEMENT(#11897,-3.);
#7024=DERIVED_UNIT_ELEMENT(#7030,1.);
#7025=DERIVED_UNIT_ELEMENT(#11897,-3.);
#7026=DERIVED_UNIT_ELEMENT(#7030,1.);
#7027=DERIVED_UNIT_ELEMENT(#11897,-3.);
#7028=DERIVED_UNIT_ELEMENT(#7030,1.);
#7029=DERIVED_UNIT_ELEMENT(#11897,-3.);
#7030=(
MASS_UNIT()
NAMED_UNIT(*)
SI_UNIT(.KILO.,.GRAM.)
);
#7031=DERIVED_UNIT((#7018,#7019));
#7032=DERIVED_UNIT((#7020,#7021));
#7033=DERIVED_UNIT((#7022,#7023));
#7034=DERIVED_UNIT((#7024,#7025));
#7035=DERIVED_UNIT((#7026,#7027));
#7036=DERIVED_UNIT((#7028,#7029));
#7037=MEASURE_REPRESENTATION_ITEM('density measure',
POSITIVE_RATIO_MEASURE(7850.),#7031);
#7038=MEASURE_REPRESENTATION_ITEM('density measure',
POSITIVE_RATIO_MEASURE(7850.),#7032);
#7039=MEASURE_REPRESENTATION_ITEM('density measure',
POSITIVE_RATIO_MEASURE(7850.),#7033);
#7040=MEASURE_REPRESENTATION_ITEM('density measure',
POSITIVE_RATIO_MEASURE(7850.),#7034);
#7041=MEASURE_REPRESENTATION_ITEM('density measure',
POSITIVE_RATIO_MEASURE(7850.),#7035);
#7042=MEASURE_REPRESENTATION_ITEM('density measure',
POSITIVE_RATIO_MEASURE(7850.),#7036);
#7043=PROPERTY_DEFINITION_REPRESENTATION(#7073,#7055);
#7044=PROPERTY_DEFINITION_REPRESENTATION(#7074,#7056);
#7045=PROPERTY_DEFINITION_REPRESENTATION(#7075,#7057);
#7046=PROPERTY_DEFINITION_REPRESENTATION(#7076,#7058);
#7047=PROPERTY_DEFINITION_REPRESENTATION(#7077,#7059);
#7048=PROPERTY_DEFINITION_REPRESENTATION(#7078,#7060);
#7049=PROPERTY_DEFINITION_REPRESENTATION(#7079,#7061);
#7050=PROPERTY_DEFINITION_REPRESENTATION(#7080,#7062);
#7051=PROPERTY_DEFINITION_REPRESENTATION(#7081,#7063);
#7052=PROPERTY_DEFINITION_REPRESENTATION(#7082,#7064);
#7053=PROPERTY_DEFINITION_REPRESENTATION(#7083,#7065);
#7054=PROPERTY_DEFINITION_REPRESENTATION(#7084,#7066);
#7055=REPRESENTATION('material name',(#7067),#11889);
#7056=REPRESENTATION('density',(#7037),#11889);
#7057=REPRESENTATION('material name',(#7068),#11890);
#7058=REPRESENTATION('density',(#7038),#11890);
#7059=REPRESENTATION('material name',(#7069),#11891);
#7060=REPRESENTATION('density',(#7039),#11891);
#7061=REPRESENTATION('material name',(#7070),#11892);
#7062=REPRESENTATION('density',(#7040),#11892);
#7063=REPRESENTATION('material name',(#7071),#11893);
#7064=REPRESENTATION('density',(#7041),#11893);
#7065=REPRESENTATION('material name',(#7072),#11894);
#7066=REPRESENTATION('density',(#7042),#11894);
#7067=DESCRIPTIVE_REPRESENTATION_ITEM('Steel','Steel');
#7068=DESCRIPTIVE_REPRESENTATION_ITEM('Steel','Steel');
#7069=DESCRIPTIVE_REPRESENTATION_ITEM('Steel','Steel');
#7070=DESCRIPTIVE_REPRESENTATION_ITEM('Steel','Steel');
#7071=DESCRIPTIVE_REPRESENTATION_ITEM('Steel','Steel');
#7072=DESCRIPTIVE_REPRESENTATION_ITEM('Steel','Steel');
#7073=PROPERTY_DEFINITION('material property','material name',#11939);
#7074=PROPERTY_DEFINITION('material property','density of part',#11939);
#7075=PROPERTY_DEFINITION('material property','material name',#11940);
#7076=PROPERTY_DEFINITION('material property','density of part',#11940);
#7077=PROPERTY_DEFINITION('material property','material name',#11941);
#7078=PROPERTY_DEFINITION('material property','density of part',#11941);
#7079=PROPERTY_DEFINITION('material property','material name',#11942);
#7080=PROPERTY_DEFINITION('material property','density of part',#11942);
#7081=PROPERTY_DEFINITION('material property','material name',#11943);
#7082=PROPERTY_DEFINITION('material property','density of part',#11943);
#7083=PROPERTY_DEFINITION('material property','material name',#11944);
#7084=PROPERTY_DEFINITION('material property','density of part',#11944);
#7085=AXIS2_PLACEMENT_3D('',#9743,#7742,#7743);
#7086=AXIS2_PLACEMENT_3D('',#9744,#7744,#7745);
#7087=AXIS2_PLACEMENT_3D('',#9745,#7746,#7747);
#7088=AXIS2_PLACEMENT_3D('',#9746,#7748,#7749);
#7089=AXIS2_PLACEMENT_3D('',#9748,#7750,#7751);
#7090=AXIS2_PLACEMENT_3D('',#9751,#7753,#7754);
#7091=AXIS2_PLACEMENT_3D('',#9752,#7755,#7756);
#7092=AXIS2_PLACEMENT_3D('',#9755,#7758,#7759);
#7093=AXIS2_PLACEMENT_3D('',#9756,#7760,#7761);
#7094=AXIS2_PLACEMENT_3D('',#9758,#7762,#7763);
#7095=AXIS2_PLACEMENT_3D('',#9759,#7764,#7765);
#7096=AXIS2_PLACEMENT_3D('',#9761,#7766,#7767);
#7097=AXIS2_PLACEMENT_3D('',#9763,#7769,#7770);
#7098=AXIS2_PLACEMENT_3D('',#9765,#7771,#7772);
#7099=AXIS2_PLACEMENT_3D('',#9766,#7773,#7774);
#7100=AXIS2_PLACEMENT_3D('',#9768,#7775,#7776);
#7101=AXIS2_PLACEMENT_3D('',#9770,#7778,#7779);
#7102=AXIS2_PLACEMENT_3D('',#9772,#7780,#7781);
#7103=AXIS2_PLACEMENT_3D('',#9774,#7783,#7784);
#7104=AXIS2_PLACEMENT_3D('',#9776,#7786,#7787);
#7105=AXIS2_PLACEMENT_3D('',#9777,#7788,#7789);
#7106=AXIS2_PLACEMENT_3D('',#9780,#7790,#7791);
#7107=AXIS2_PLACEMENT_3D('',#9783,#7793,#7794);
#7108=AXIS2_PLACEMENT_3D('',#9784,#7795,#7796);
#7109=AXIS2_PLACEMENT_3D('',#9785,#7797,#7798);
#7110=AXIS2_PLACEMENT_3D('',#9787,#7799,#7800);
#7111=AXIS2_PLACEMENT_3D('',#9788,#7801,#7802);
#7112=AXIS2_PLACEMENT_3D('',#9790,#7803,#7804);
#7113=AXIS2_PLACEMENT_3D('',#9793,#7806,#7807);
#7114=AXIS2_PLACEMENT_3D('',#9794,#7808,#7809);
#7115=AXIS2_PLACEMENT_3D('',#9796,#7811,#7812);
#7116=AXIS2_PLACEMENT_3D('',#9799,#7814,#7815);
#7117=AXIS2_PLACEMENT_3D('',#9800,#7816,#7817);
#7118=AXIS2_PLACEMENT_3D('',#9803,#7818,#7819);
#7119=AXIS2_PLACEMENT_3D('',#9805,#7820,#7821);
#7120=AXIS2_PLACEMENT_3D('',#9807,#7822,#7823);
#7121=AXIS2_PLACEMENT_3D('',#9809,#7824,#7825);
#7122=AXIS2_PLACEMENT_3D('',#9811,#7826,#7827);
#7123=AXIS2_PLACEMENT_3D('',#9812,#7828,#7829);
#7124=AXIS2_PLACEMENT_3D('',#9813,#7830,#7831);
#7125=AXIS2_PLACEMENT_3D('',#9814,#7832,#7833);
#7126=AXIS2_PLACEMENT_3D('',#9818,#7834,#7835);
#7127=AXIS2_PLACEMENT_3D('',#9822,#7836,#7837);
#7128=AXIS2_PLACEMENT_3D('',#9826,#7838,#7839);
#7129=AXIS2_PLACEMENT_3D('',#9830,#7840,#7841);
#7130=AXIS2_PLACEMENT_3D('',#9834,#7842,#7843);
#7131=AXIS2_PLACEMENT_3D('',#9838,#7844,#7845);
#7132=AXIS2_PLACEMENT_3D('',#9851,#7852,#7853);
#7133=AXIS2_PLACEMENT_3D('',#9854,#7856,#7857);
#7134=AXIS2_PLACEMENT_3D('',#9856,#7859,#7860);
#7135=AXIS2_PLACEMENT_3D('',#9858,#7862,#7863);
#7136=AXIS2_PLACEMENT_3D('',#9860,#7865,#7866);
#7137=AXIS2_PLACEMENT_3D('',#9862,#7868,#7869);
#7138=AXIS2_PLACEMENT_3D('',#9863,#7870,#7871);
#7139=AXIS2_PLACEMENT_3D('',#9864,#7872,#7873);
#7140=AXIS2_PLACEMENT_3D('',#9867,#7874,#7875);
#7141=AXIS2_PLACEMENT_3D('',#9870,#7877,#7878);
#7142=AXIS2_PLACEMENT_3D('',#9871,#7879,#7880);
#7143=AXIS2_PLACEMENT_3D('',#9872,#7881,#7882);
#7144=AXIS2_PLACEMENT_3D('',#9874,#7883,#7884);
#7145=AXIS2_PLACEMENT_3D('',#9875,#7885,#7886);
#7146=AXIS2_PLACEMENT_3D('',#9877,#7887,#7888);
#7147=AXIS2_PLACEMENT_3D('',#9880,#7890,#7891);
#7148=AXIS2_PLACEMENT_3D('',#9881,#7892,#7893);
#7149=AXIS2_PLACEMENT_3D('',#9883,#7895,#7896);
#7150=AXIS2_PLACEMENT_3D('',#9886,#7898,#7899);
#7151=AXIS2_PLACEMENT_3D('',#9887,#7900,#7901);
#7152=AXIS2_PLACEMENT_3D('',#9890,#7902,#7903);
#7153=AXIS2_PLACEMENT_3D('',#9892,#7904,#7905);
#7154=AXIS2_PLACEMENT_3D('',#9894,#7906,#7907);
#7155=AXIS2_PLACEMENT_3D('',#9896,#7908,#7909);
#7156=AXIS2_PLACEMENT_3D('',#9898,#7910,#7911);
#7157=AXIS2_PLACEMENT_3D('',#9899,#7912,#7913);
#7158=AXIS2_PLACEMENT_3D('',#9900,#7914,#7915);
#7159=AXIS2_PLACEMENT_3D('',#9901,#7916,#7917);
#7160=AXIS2_PLACEMENT_3D('',#9905,#7918,#7919);
#7161=AXIS2_PLACEMENT_3D('',#9909,#7920,#7921);
#7162=AXIS2_PLACEMENT_3D('',#9913,#7922,#7923);
#7163=AXIS2_PLACEMENT_3D('',#9917,#7924,#7925);
#7164=AXIS2_PLACEMENT_3D('',#9921,#7926,#7927);
#7165=AXIS2_PLACEMENT_3D('',#9925,#7928,#7929);
#7166=AXIS2_PLACEMENT_3D('',#9938,#7936,#7937);
#7167=AXIS2_PLACEMENT_3D('',#9941,#7940,#7941);
#7168=AXIS2_PLACEMENT_3D('',#9943,#7943,#7944);
#7169=AXIS2_PLACEMENT_3D('',#9945,#7946,#7947);
#7170=AXIS2_PLACEMENT_3D('',#9947,#7949,#7950);
#7171=AXIS2_PLACEMENT_3D('',#9949,#7952,#7953);
#7172=AXIS2_PLACEMENT_3D('',#9950,#7954,#7955);
#7173=AXIS2_PLACEMENT_3D('',#9951,#7956,#7957);
#7174=AXIS2_PLACEMENT_3D('',#9952,#7958,#7959);
#7175=AXIS2_PLACEMENT_3D('',#9953,#7960,#7961);
#7176=AXIS2_PLACEMENT_3D('',#9954,#7962,#7963);
#7177=AXIS2_PLACEMENT_3D('',#9955,#7964,#7965);
#7178=AXIS2_PLACEMENT_3D('',#9956,#7966,#7967);
#7179=AXIS2_PLACEMENT_3D('',#9965,#7972,#7973);
#7180=AXIS2_PLACEMENT_3D('',#9970,#7975,#7976);
#7181=AXIS2_PLACEMENT_3D('',#9973,#7978,#7979);
#7182=AXIS2_PLACEMENT_3D('',#9974,#7980,#7981);
#7183=AXIS2_PLACEMENT_3D('',#9980,#7985,#7986);
#7184=AXIS2_PLACEMENT_3D('',#9982,#7987,#7988);
#7185=AXIS2_PLACEMENT_3D('',#9985,#7990,#7991);
#7186=AXIS2_PLACEMENT_3D('',#9986,#7992,#7993);
#7187=AXIS2_PLACEMENT_3D('',#9992,#7997,#7998);
#7188=AXIS2_PLACEMENT_3D('',#9994,#7999,#8000);
#7189=AXIS2_PLACEMENT_3D('',#9997,#8002,#8003);
#7190=AXIS2_PLACEMENT_3D('',#9998,#8004,#8005);
#7191=AXIS2_PLACEMENT_3D('',#10002,#8007,#8008);
#7192=AXIS2_PLACEMENT_3D('',#10011,#8010,#8011);
#7193=AXIS2_PLACEMENT_3D('',#10017,#8013,#8014);
#7194=AXIS2_PLACEMENT_3D('',#10028,#8016,#8017);
#7195=AXIS2_PLACEMENT_3D('',#10036,#8020,#8021);
#7196=AXIS2_PLACEMENT_3D('',#10053,#8023,#8024);
#7197=AXIS2_PLACEMENT_3D('',#10055,#8025,#8026);
#7198=AXIS2_PLACEMENT_3D('',#10058,#8028,#8029);
#7199=AXIS2_PLACEMENT_3D('',#10059,#8030,#8031);
#7200=AXIS2_PLACEMENT_3D('',#10061,#8032,#8033);
#7201=AXIS2_PLACEMENT_3D('',#10063,#8035,#8036);
#7202=AXIS2_PLACEMENT_3D('',#10065,#8037,#8038);
#7203=AXIS2_PLACEMENT_3D('',#10068,#8040,#8041);
#7204=AXIS2_PLACEMENT_3D('',#10069,#8042,#8043);
#7205=AXIS2_PLACEMENT_3D('',#10071,#8044,#8045);
#7206=AXIS2_PLACEMENT_3D('',#10073,#8047,#8048);
#7207=AXIS2_PLACEMENT_3D('',#10075,#8049,#8050);
#7208=AXIS2_PLACEMENT_3D('',#10077,#8052,#8053);
#7209=AXIS2_PLACEMENT_3D('',#10081,#8055,#8056);
#7210=AXIS2_PLACEMENT_3D('',#10082,#8057,#8058);
#7211=AXIS2_PLACEMENT_3D('',#10084,#8059,#8060);
#7212=AXIS2_PLACEMENT_3D('',#10086,#8062,#8063);
#7213=AXIS2_PLACEMENT_3D('',#10090,#8065,#8066);
#7214=AXIS2_PLACEMENT_3D('',#10091,#8067,#8068);
#7215=AXIS2_PLACEMENT_3D('',#10095,#8070,#8071);
#7216=AXIS2_PLACEMENT_3D('',#10097,#8073,#8074);
#7217=AXIS2_PLACEMENT_3D('',#10098,#8075,#8076);
#7218=AXIS2_PLACEMENT_3D('',#10099,#8077,#8078);
#7219=AXIS2_PLACEMENT_3D('',#10100,#8079,#8080);
#7220=AXIS2_PLACEMENT_3D('',#10101,#8081,#8082);
#7221=AXIS2_PLACEMENT_3D('',#10110,#8084,#8085);
#7222=AXIS2_PLACEMENT_3D('',#10112,#8087,#8088);
#7223=AXIS2_PLACEMENT_3D('',#10115,#8091,#8092);
#7224=AXIS2_PLACEMENT_3D('',#10119,#8095,#8096);
#7225=AXIS2_PLACEMENT_3D('',#10125,#8097,#8098);
#7226=AXIS2_PLACEMENT_3D('',#10127,#8100,#8101);
#7227=AXIS2_PLACEMENT_3D('',#10133,#8105,#8106);
#7228=AXIS2_PLACEMENT_3D('',#10135,#8107,#8108);
#7229=AXIS2_PLACEMENT_3D('',#10138,#8110,#8111);
#7230=AXIS2_PLACEMENT_3D('',#10139,#8112,#8113);
#7231=AXIS2_PLACEMENT_3D('',#10142,#8115,#8116);
#7232=AXIS2_PLACEMENT_3D('',#10143,#8117,#8118);
#7233=AXIS2_PLACEMENT_3D('',#10145,#8119,#8120);
#7234=AXIS2_PLACEMENT_3D('',#10148,#8122,#8123);
#7235=AXIS2_PLACEMENT_3D('',#10149,#8124,#8125);
#7236=AXIS2_PLACEMENT_3D('',#10152,#8127,#8128);
#7237=AXIS2_PLACEMENT_3D('',#10191,#8129,#8130);
#7238=AXIS2_PLACEMENT_3D('',#10193,#8131,#8132);
#7239=AXIS2_PLACEMENT_3D('',#10196,#8134,#8135);
#7240=AXIS2_PLACEMENT_3D('',#10197,#8136,#8137);
#7241=AXIS2_PLACEMENT_3D('',#10203,#8141,#8142);
#7242=AXIS2_PLACEMENT_3D('',#10204,#8143,#8144);
#7243=AXIS2_PLACEMENT_3D('',#10205,#8145,#8146);
#7244=AXIS2_PLACEMENT_3D('',#10206,#8147,#8148);
#7245=AXIS2_PLACEMENT_3D('',#10218,#8153,#8154);
#7246=AXIS2_PLACEMENT_3D('',#10220,#8155,#8156);
#7247=AXIS2_PLACEMENT_3D('',#10222,#8158,#8159);
#7248=AXIS2_PLACEMENT_3D('',#10233,#8163,#8164);
#7249=AXIS2_PLACEMENT_3D('',#10234,#8165,#8166);
#7250=AXIS2_PLACEMENT_3D('',#10236,#8168,#8169);
#7251=AXIS2_PLACEMENT_3D('',#10240,#8172,#8173);
#7252=AXIS2_PLACEMENT_3D('',#10242,#8174,#8175);
#7253=AXIS2_PLACEMENT_3D('',#10245,#8177,#8178);
#7254=AXIS2_PLACEMENT_3D('',#10246,#8179,#8180);
#7255=AXIS2_PLACEMENT_3D('',#10252,#8184,#8185);
#7256=AXIS2_PLACEMENT_3D('',#10254,#8186,#8187);
#7257=AXIS2_PLACEMENT_3D('',#10257,#8189,#8190);
#7258=AXIS2_PLACEMENT_3D('',#10258,#8191,#8192);
#7259=AXIS2_PLACEMENT_3D('',#10264,#8196,#8197);
#7260=AXIS2_PLACEMENT_3D('',#10265,#8198,#8199);
#7261=AXIS2_PLACEMENT_3D('',#10268,#8201,#8202);
#7262=AXIS2_PLACEMENT_3D('',#10269,#8203,#8204);
#7263=AXIS2_PLACEMENT_3D('',#10271,#8206,#8207);
#7264=AXIS2_PLACEMENT_3D('',#10281,#8209,#8210);
#7265=AXIS2_PLACEMENT_3D('',#10282,#8211,#8212);
#7266=AXIS2_PLACEMENT_3D('',#10288,#8214,#8215);
#7267=AXIS2_PLACEMENT_3D('',#10299,#8217,#8218);
#7268=AXIS2_PLACEMENT_3D('',#10307,#8221,#8222);
#7269=AXIS2_PLACEMENT_3D('',#10322,#8223,#8224);
#7270=AXIS2_PLACEMENT_3D('',#10324,#8225,#8226);
#7271=AXIS2_PLACEMENT_3D('',#10327,#8228,#8229);
#7272=AXIS2_PLACEMENT_3D('',#10328,#8230,#8231);
#7273=AXIS2_PLACEMENT_3D('',#10330,#8232,#8233);
#7274=AXIS2_PLACEMENT_3D('',#10331,#8234,#8235);
#7275=AXIS2_PLACEMENT_3D('',#10333,#8236,#8237);
#7276=AXIS2_PLACEMENT_3D('',#10335,#8239,#8240);
#7277=AXIS2_PLACEMENT_3D('',#10338,#8242,#8243);
#7278=AXIS2_PLACEMENT_3D('',#10339,#8244,#8245);
#7279=AXIS2_PLACEMENT_3D('',#10341,#8246,#8247);
#7280=AXIS2_PLACEMENT_3D('',#10343,#8249,#8250);
#7281=AXIS2_PLACEMENT_3D('',#10345,#8251,#8252);
#7282=AXIS2_PLACEMENT_3D('',#10347,#8254,#8255);
#7283=AXIS2_PLACEMENT_3D('',#10351,#8257,#8258);
#7284=AXIS2_PLACEMENT_3D('',#10352,#8259,#8260);
#7285=AXIS2_PLACEMENT_3D('',#10354,#8261,#8262);
#7286=AXIS2_PLACEMENT_3D('',#10356,#8264,#8265);
#7287=AXIS2_PLACEMENT_3D('',#10360,#8267,#8268);
#7288=AXIS2_PLACEMENT_3D('',#10361,#8269,#8270);
#7289=AXIS2_PLACEMENT_3D('',#10365,#8272,#8273);
#7290=AXIS2_PLACEMENT_3D('',#10367,#8275,#8276);
#7291=AXIS2_PLACEMENT_3D('',#10368,#8277,#8278);
#7292=AXIS2_PLACEMENT_3D('',#10369,#8279,#8280);
#7293=AXIS2_PLACEMENT_3D('',#10370,#8281,#8282);
#7294=AXIS2_PLACEMENT_3D('',#10371,#8283,#8284);
#7295=AXIS2_PLACEMENT_3D('',#10375,#8287,#8288);
#7296=AXIS2_PLACEMENT_3D('',#10379,#8291,#8292);
#7297=AXIS2_PLACEMENT_3D('',#10382,#8294,#8295);
#7298=AXIS2_PLACEMENT_3D('',#10383,#8296,#8297);
#7299=AXIS2_PLACEMENT_3D('',#10385,#8299,#8300);
#7300=AXIS2_PLACEMENT_3D('',#10389,#8303,#8304);
#7301=AXIS2_PLACEMENT_3D('',#10390,#8305,#8306);
#7302=AXIS2_PLACEMENT_3D('',#10391,#8307,#8308);
#7303=AXIS2_PLACEMENT_3D('',#10393,#8309,#8310);
#7304=AXIS2_PLACEMENT_3D('',#10394,#8311,#8312);
#7305=AXIS2_PLACEMENT_3D('',#10396,#8313,#8314);
#7306=AXIS2_PLACEMENT_3D('',#10398,#8315,#8316);
#7307=AXIS2_PLACEMENT_3D('',#10400,#8318,#8319);
#7308=AXIS2_PLACEMENT_3D('',#10402,#8321,#8322);
#7309=AXIS2_PLACEMENT_3D('',#10404,#8324,#8325);
#7310=AXIS2_PLACEMENT_3D('',#10405,#8326,#8327);
#7311=AXIS2_PLACEMENT_3D('',#10408,#8329,#8330);
#7312=AXIS2_PLACEMENT_3D('',#10409,#8331,#8332);
#7313=AXIS2_PLACEMENT_3D('',#10411,#8334,#8335);
#7314=AXIS2_PLACEMENT_3D('',#10412,#8336,#8337);
#7315=AXIS2_PLACEMENT_3D('',#10415,#8338,#8339);
#7316=AXIS2_PLACEMENT_3D('',#10418,#8341,#8342);
#7317=AXIS2_PLACEMENT_3D('',#10419,#8343,#8344);
#7318=AXIS2_PLACEMENT_3D('',#10420,#8345,#8346);
#7319=AXIS2_PLACEMENT_3D('',#10422,#8347,#8348);
#7320=AXIS2_PLACEMENT_3D('',#10423,#8349,#8350);
#7321=AXIS2_PLACEMENT_3D('',#10425,#8351,#8352);
#7322=AXIS2_PLACEMENT_3D('',#10428,#8354,#8355);
#7323=AXIS2_PLACEMENT_3D('',#10429,#8356,#8357);
#7324=AXIS2_PLACEMENT_3D('',#10431,#8359,#8360);
#7325=AXIS2_PLACEMENT_3D('',#10434,#8362,#8363);
#7326=AXIS2_PLACEMENT_3D('',#10435,#8364,#8365);
#7327=AXIS2_PLACEMENT_3D('',#10438,#8366,#8367);
#7328=AXIS2_PLACEMENT_3D('',#10440,#8368,#8369);
#7329=AXIS2_PLACEMENT_3D('',#10442,#8370,#8371);
#7330=AXIS2_PLACEMENT_3D('',#10444,#8372,#8373);
#7331=AXIS2_PLACEMENT_3D('',#10446,#8374,#8375);
#7332=AXIS2_PLACEMENT_3D('',#10447,#8376,#8377);
#7333=AXIS2_PLACEMENT_3D('',#10448,#8378,#8379);
#7334=AXIS2_PLACEMENT_3D('',#10449,#8380,#8381);
#7335=AXIS2_PLACEMENT_3D('',#10453,#8382,#8383);
#7336=AXIS2_PLACEMENT_3D('',#10457,#8384,#8385);
#7337=AXIS2_PLACEMENT_3D('',#10461,#8386,#8387);
#7338=AXIS2_PLACEMENT_3D('',#10465,#8388,#8389);
#7339=AXIS2_PLACEMENT_3D('',#10469,#8390,#8391);
#7340=AXIS2_PLACEMENT_3D('',#10473,#8392,#8393);
#7341=AXIS2_PLACEMENT_3D('',#10486,#8400,#8401);
#7342=AXIS2_PLACEMENT_3D('',#10489,#8404,#8405);
#7343=AXIS2_PLACEMENT_3D('',#10491,#8407,#8408);
#7344=AXIS2_PLACEMENT_3D('',#10493,#8410,#8411);
#7345=AXIS2_PLACEMENT_3D('',#10495,#8413,#8414);
#7346=AXIS2_PLACEMENT_3D('',#10497,#8416,#8417);
#7347=AXIS2_PLACEMENT_3D('',#10498,#8418,#8419);
#7348=AXIS2_PLACEMENT_3D('',#10499,#8420,#8421);
#7349=AXIS2_PLACEMENT_3D('',#10501,#8422,#8423);
#7350=AXIS2_PLACEMENT_3D('',#10504,#8425,#8426);
#7351=AXIS2_PLACEMENT_3D('',#10505,#8427,#8428);
#7352=AXIS2_PLACEMENT_3D('',#10507,#8429,#8430);
#7353=AXIS2_PLACEMENT_3D('',#10510,#8432,#8433);
#7354=AXIS2_PLACEMENT_3D('',#10511,#8434,#8435);
#7355=AXIS2_PLACEMENT_3D('',#10513,#8436,#8437);
#7356=AXIS2_PLACEMENT_3D('',#10515,#8439,#8440);
#7357=AXIS2_PLACEMENT_3D('',#10517,#8441,#8442);
#7358=AXIS2_PLACEMENT_3D('',#10519,#8444,#8445);
#7359=AXIS2_PLACEMENT_3D('',#10521,#8446,#8447);
#7360=AXIS2_PLACEMENT_3D('',#10524,#8449,#8450);
#7361=AXIS2_PLACEMENT_3D('',#10525,#8451,#8452);
#7362=AXIS2_PLACEMENT_3D('',#10528,#8453,#8454);
#7363=AXIS2_PLACEMENT_3D('',#10532,#8456,#8457);
#7364=AXIS2_PLACEMENT_3D('',#10534,#8459,#8460);
#7365=AXIS2_PLACEMENT_3D('',#10536,#8461,#8462);
#7366=AXIS2_PLACEMENT_3D('',#10539,#8464,#8465);
#7367=AXIS2_PLACEMENT_3D('',#10540,#8466,#8467);
#7368=AXIS2_PLACEMENT_3D('',#10542,#8468,#8469);
#7369=AXIS2_PLACEMENT_3D('',#10545,#8471,#8472);
#7370=AXIS2_PLACEMENT_3D('',#10546,#8473,#8474);
#7371=AXIS2_PLACEMENT_3D('',#10548,#8475,#8476);
#7372=AXIS2_PLACEMENT_3D('',#10550,#8478,#8479);
#7373=AXIS2_PLACEMENT_3D('',#10552,#8480,#8481);
#7374=AXIS2_PLACEMENT_3D('',#10554,#8483,#8484);
#7375=AXIS2_PLACEMENT_3D('',#10555,#8485,#8486);
#7376=AXIS2_PLACEMENT_3D('',#10556,#8487,#8488);
#7377=AXIS2_PLACEMENT_3D('',#10565,#8493,#8494);
#7378=AXIS2_PLACEMENT_3D('',#10574,#8499,#8500);
#7379=AXIS2_PLACEMENT_3D('',#10583,#8505,#8506);
#7380=AXIS2_PLACEMENT_3D('',#10592,#8511,#8512);
#7381=AXIS2_PLACEMENT_3D('',#10601,#8517,#8518);
#7382=AXIS2_PLACEMENT_3D('',#10610,#8523,#8524);
#7383=AXIS2_PLACEMENT_3D('',#10619,#8529,#8530);
#7384=AXIS2_PLACEMENT_3D('',#10628,#8535,#8536);
#7385=AXIS2_PLACEMENT_3D('',#10633,#8538,#8539);
#7386=AXIS2_PLACEMENT_3D('',#10636,#8541,#8542);
#7387=AXIS2_PLACEMENT_3D('',#10637,#8543,#8544);
#7388=AXIS2_PLACEMENT_3D('',#10646,#8549,#8550);
#7389=AXIS2_PLACEMENT_3D('',#10649,#8553,#8554);
#7390=AXIS2_PLACEMENT_3D('',#10652,#8557,#8558);
#7391=AXIS2_PLACEMENT_3D('',#10655,#8561,#8562);
#7392=AXIS2_PLACEMENT_3D('',#10658,#8565,#8566);
#7393=AXIS2_PLACEMENT_3D('',#10661,#8569,#8570);
#7394=AXIS2_PLACEMENT_3D('',#10664,#8573,#8574);
#7395=AXIS2_PLACEMENT_3D('',#10667,#8577,#8578);
#7396=AXIS2_PLACEMENT_3D('',#10670,#8581,#8582);
#7397=AXIS2_PLACEMENT_3D('',#10673,#8585,#8586);
#7398=AXIS2_PLACEMENT_3D('',#10676,#8589,#8590);
#7399=AXIS2_PLACEMENT_3D('',#10679,#8593,#8594);
#7400=AXIS2_PLACEMENT_3D('',#10680,#8595,#8596);
#7401=AXIS2_PLACEMENT_3D('',#10681,#8597,#8598);
#7402=AXIS2_PLACEMENT_3D('',#10682,#8599,#8600);
#7403=AXIS2_PLACEMENT_3D('',#10683,#8601,#8602);
#7404=AXIS2_PLACEMENT_3D('',#10685,#8603,#8604);
#7405=AXIS2_PLACEMENT_3D('',#10688,#8606,#8607);
#7406=AXIS2_PLACEMENT_3D('',#10689,#8608,#8609);
#7407=AXIS2_PLACEMENT_3D('',#10692,#8610,#8611);
#7408=AXIS2_PLACEMENT_3D('',#10696,#8613,#8614);
#7409=AXIS2_PLACEMENT_3D('',#10698,#8616,#8617);
#7410=AXIS2_PLACEMENT_3D('',#10701,#8618,#8619);
#7411=AXIS2_PLACEMENT_3D('',#10705,#8621,#8622);
#7412=AXIS2_PLACEMENT_3D('',#10707,#8624,#8625);
#7413=AXIS2_PLACEMENT_3D('',#10713,#8629,#8630);
#7414=AXIS2_PLACEMENT_3D('',#10722,#8635,#8636);
#7415=AXIS2_PLACEMENT_3D('',#10731,#8641,#8642);
#7416=AXIS2_PLACEMENT_3D('',#10740,#8647,#8648);
#7417=AXIS2_PLACEMENT_3D('',#10749,#8653,#8654);
#7418=AXIS2_PLACEMENT_3D('',#10758,#8659,#8660);
#7419=AXIS2_PLACEMENT_3D('',#10764,#8664,#8665);
#7420=AXIS2_PLACEMENT_3D('',#10770,#8669,#8670);
#7421=AXIS2_PLACEMENT_3D('',#10776,#8674,#8675);
#7422=AXIS2_PLACEMENT_3D('',#10779,#8678,#8679);
#7423=AXIS2_PLACEMENT_3D('',#10786,#8686,#8687);
#7424=AXIS2_PLACEMENT_3D('',#10793,#8694,#8695);
#7425=AXIS2_PLACEMENT_3D('',#10794,#8696,#8697);
#7426=AXIS2_PLACEMENT_3D('',#10795,#8698,#8699);
#7427=AXIS2_PLACEMENT_3D('',#10796,#8700,#8701);
#7428=AXIS2_PLACEMENT_3D('',#10797,#8702,#8703);
#7429=AXIS2_PLACEMENT_3D('',#10798,#8704,#8705);
#7430=AXIS2_PLACEMENT_3D('',#10799,#8706,#8707);
#7431=AXIS2_PLACEMENT_3D('',#10802,#8708,#8709);
#7432=AXIS2_PLACEMENT_3D('',#10804,#8710,#8711);
#7433=AXIS2_PLACEMENT_3D('',#10806,#8712,#8713);
#7434=AXIS2_PLACEMENT_3D('',#10808,#8714,#8715);
#7435=AXIS2_PLACEMENT_3D('',#10810,#8716,#8717);
#7436=AXIS2_PLACEMENT_3D('',#10812,#8718,#8719);
#7437=AXIS2_PLACEMENT_3D('',#10814,#8720,#8721);
#7438=AXIS2_PLACEMENT_3D('',#10816,#8722,#8723);
#7439=AXIS2_PLACEMENT_3D('',#10818,#8724,#8725);
#7440=AXIS2_PLACEMENT_3D('',#10820,#8726,#8727);
#7441=AXIS2_PLACEMENT_3D('',#10822,#8728,#8729);
#7442=AXIS2_PLACEMENT_3D('',#10824,#8730,#8731);
#7443=AXIS2_PLACEMENT_3D('',#10825,#8732,#8733);
#7444=AXIS2_PLACEMENT_3D('',#10827,#8734,#8735);
#7445=AXIS2_PLACEMENT_3D('',#10828,#8736,#8737);
#7446=AXIS2_PLACEMENT_3D('',#10829,#8738,#8739);
#7447=AXIS2_PLACEMENT_3D('',#10830,#8740,#8741);
#7448=AXIS2_PLACEMENT_3D('',#10836,#8745,#8746);
#7449=AXIS2_PLACEMENT_3D('',#10840,#8749,#8750);
#7450=AXIS2_PLACEMENT_3D('',#10844,#8753,#8754);
#7451=AXIS2_PLACEMENT_3D('',#10848,#8757,#8758);
#7452=AXIS2_PLACEMENT_3D('',#10852,#8761,#8762);
#7453=AXIS2_PLACEMENT_3D('',#10856,#8765,#8766);
#7454=AXIS2_PLACEMENT_3D('',#10860,#8769,#8770);
#7455=AXIS2_PLACEMENT_3D('',#10864,#8773,#8774);
#7456=AXIS2_PLACEMENT_3D('',#10868,#8777,#8778);
#7457=AXIS2_PLACEMENT_3D('',#10872,#8781,#8782);
#7458=AXIS2_PLACEMENT_3D('',#10876,#8785,#8786);
#7459=AXIS2_PLACEMENT_3D('',#10878,#8788,#8789);
#7460=AXIS2_PLACEMENT_3D('',#10879,#8790,#8791);
#7461=AXIS2_PLACEMENT_3D('',#10882,#8792,#8793);
#7462=AXIS2_PLACEMENT_3D('',#10884,#8794,#8795);
#7463=AXIS2_PLACEMENT_3D('',#10886,#8796,#8797);
#7464=AXIS2_PLACEMENT_3D('',#10888,#8798,#8799);
#7465=AXIS2_PLACEMENT_3D('',#10890,#8800,#8801);
#7466=AXIS2_PLACEMENT_3D('',#10892,#8802,#8803);
#7467=AXIS2_PLACEMENT_3D('',#10894,#8804,#8805);
#7468=AXIS2_PLACEMENT_3D('',#10896,#8806,#8807);
#7469=AXIS2_PLACEMENT_3D('',#10898,#8808,#8809);
#7470=AXIS2_PLACEMENT_3D('',#10900,#8810,#8811);
#7471=AXIS2_PLACEMENT_3D('',#10902,#8812,#8813);
#7472=AXIS2_PLACEMENT_3D('',#10904,#8814,#8815);
#7473=AXIS2_PLACEMENT_3D('',#10905,#8816,#8817);
#7474=AXIS2_PLACEMENT_3D('',#10907,#8818,#8819);
#7475=AXIS2_PLACEMENT_3D('',#10908,#8820,#8821);
#7476=AXIS2_PLACEMENT_3D('',#10909,#8822,#8823);
#7477=AXIS2_PLACEMENT_3D('',#10910,#8824,#8825);
#7478=AXIS2_PLACEMENT_3D('',#10916,#8829,#8830);
#7479=AXIS2_PLACEMENT_3D('',#10920,#8833,#8834);
#7480=AXIS2_PLACEMENT_3D('',#10924,#8837,#8838);
#7481=AXIS2_PLACEMENT_3D('',#10928,#8841,#8842);
#7482=AXIS2_PLACEMENT_3D('',#10932,#8845,#8846);
#7483=AXIS2_PLACEMENT_3D('',#10936,#8849,#8850);
#7484=AXIS2_PLACEMENT_3D('',#10940,#8853,#8854);
#7485=AXIS2_PLACEMENT_3D('',#10944,#8857,#8858);
#7486=AXIS2_PLACEMENT_3D('',#10948,#8861,#8862);
#7487=AXIS2_PLACEMENT_3D('',#10952,#8865,#8866);
#7488=AXIS2_PLACEMENT_3D('',#10956,#8869,#8870);
#7489=AXIS2_PLACEMENT_3D('',#10958,#8872,#8873);
#7490=AXIS2_PLACEMENT_3D('',#10959,#8874,#8875);
#7491=AXIS2_PLACEMENT_3D('',#10962,#8876,#8877);
#7492=AXIS2_PLACEMENT_3D('',#10966,#8879,#8880);
#7493=AXIS2_PLACEMENT_3D('',#10968,#8882,#8883);
#7494=AXIS2_PLACEMENT_3D('',#10971,#8884,#8885);
#7495=AXIS2_PLACEMENT_3D('',#10975,#8887,#8888);
#7496=AXIS2_PLACEMENT_3D('',#10979,#8890,#8891);
#7497=AXIS2_PLACEMENT_3D('',#10983,#8893,#8894);
#7498=AXIS2_PLACEMENT_3D('',#10986,#8896,#8897);
#7499=AXIS2_PLACEMENT_3D('',#10989,#8899,#8900);
#7500=AXIS2_PLACEMENT_3D('',#10990,#8901,#8902);
#7501=AXIS2_PLACEMENT_3D('',#10992,#8903,#8904);
#7502=AXIS2_PLACEMENT_3D('',#10995,#8906,#8907);
#7503=AXIS2_PLACEMENT_3D('',#10996,#8908,#8909);
#7504=AXIS2_PLACEMENT_3D('',#10999,#8910,#8911);
#7505=AXIS2_PLACEMENT_3D('',#11002,#8913,#8914);
#7506=AXIS2_PLACEMENT_3D('',#11004,#8915,#8916);
#7507=AXIS2_PLACEMENT_3D('',#11008,#8918,#8919);
#7508=AXIS2_PLACEMENT_3D('',#11012,#8921,#8922);
#7509=AXIS2_PLACEMENT_3D('',#11016,#8924,#8925);
#7510=AXIS2_PLACEMENT_3D('',#11018,#8927,#8928);
#7511=AXIS2_PLACEMENT_3D('',#11034,#8937,#8938);
#7512=AXIS2_PLACEMENT_3D('',#11048,#8946,#8947);
#7513=AXIS2_PLACEMENT_3D('',#11066,#8957,#8958);
#7514=AXIS2_PLACEMENT_3D('',#11074,#8962,#8963);
#7515=AXIS2_PLACEMENT_3D('',#11082,#8967,#8968);
#7516=AXIS2_PLACEMENT_3D('',#11090,#8972,#8973);
#7517=AXIS2_PLACEMENT_3D('',#11099,#8978,#8979);
#7518=AXIS2_PLACEMENT_3D('',#11101,#8981,#8982);
#7519=AXIS2_PLACEMENT_3D('',#11115,#8990,#8991);
#7520=AXIS2_PLACEMENT_3D('',#11128,#8999,#9000);
#7521=AXIS2_PLACEMENT_3D('',#11134,#9004,#9005);
#7522=AXIS2_PLACEMENT_3D('',#11136,#9006,#9007);
#7523=AXIS2_PLACEMENT_3D('',#11138,#9009,#9010);
#7524=AXIS2_PLACEMENT_3D('',#11142,#9013,#9014);
#7525=AXIS2_PLACEMENT_3D('',#11146,#9017,#9018);
#7526=AXIS2_PLACEMENT_3D('',#11150,#9021,#9022);
#7527=AXIS2_PLACEMENT_3D('',#11152,#9023,#9024);
#7528=AXIS2_PLACEMENT_3D('',#11154,#9026,#9027);
#7529=AXIS2_PLACEMENT_3D('',#11158,#9030,#9031);
#7530=AXIS2_PLACEMENT_3D('',#11164,#9035,#9036);
#7531=AXIS2_PLACEMENT_3D('',#11175,#9043,#9044);
#7532=AXIS2_PLACEMENT_3D('',#11181,#9048,#9049);
#7533=AXIS2_PLACEMENT_3D('',#11187,#9053,#9054);
#7534=AXIS2_PLACEMENT_3D('',#11189,#9055,#9056);
#7535=AXIS2_PLACEMENT_3D('',#11191,#9058,#9059);
#7536=AXIS2_PLACEMENT_3D('',#11195,#9062,#9063);
#7537=AXIS2_PLACEMENT_3D('',#11199,#9066,#9067);
#7538=AXIS2_PLACEMENT_3D('',#11203,#9070,#9071);
#7539=AXIS2_PLACEMENT_3D('',#11205,#9072,#9073);
#7540=AXIS2_PLACEMENT_3D('',#11207,#9075,#9076);
#7541=AXIS2_PLACEMENT_3D('',#11211,#9079,#9080);
#7542=AXIS2_PLACEMENT_3D('',#11213,#9082,#9083);
#7543=AXIS2_PLACEMENT_3D('',#11220,#9090,#9091);
#7544=AXIS2_PLACEMENT_3D('',#11221,#9092,#9093);
#7545=AXIS2_PLACEMENT_3D('',#11222,#9094,#9095);
#7546=AXIS2_PLACEMENT_3D('',#11223,#9096,#9097);
#7547=AXIS2_PLACEMENT_3D('',#11224,#9098,#9099);
#7548=AXIS2_PLACEMENT_3D('',#11225,#9100,#9101);
#7549=AXIS2_PLACEMENT_3D('',#11226,#9102,#9103);
#7550=AXIS2_PLACEMENT_3D('',#11230,#9106,#9107);
#7551=AXIS2_PLACEMENT_3D('',#11234,#9110,#9111);
#7552=AXIS2_PLACEMENT_3D('',#11236,#9113,#9114);
#7553=AXIS2_PLACEMENT_3D('',#11238,#9116,#9117);
#7554=AXIS2_PLACEMENT_3D('',#11240,#9119,#9120);
#7555=AXIS2_PLACEMENT_3D('',#11241,#9121,#9122);
#7556=AXIS2_PLACEMENT_3D('',#11245,#9125,#9126);
#7557=AXIS2_PLACEMENT_3D('',#11247,#9128,#9129);
#7558=AXIS2_PLACEMENT_3D('',#11249,#9131,#9132);
#7559=AXIS2_PLACEMENT_3D('',#11253,#9135,#9136);
#7560=AXIS2_PLACEMENT_3D('',#11255,#9138,#9139);
#7561=AXIS2_PLACEMENT_3D('',#11256,#9140,#9141);
#7562=AXIS2_PLACEMENT_3D('',#11260,#9143,#9144);
#7563=AXIS2_PLACEMENT_3D('',#11262,#9146,#9147);
#7564=AXIS2_PLACEMENT_3D('',#11266,#9150,#9151);
#7565=AXIS2_PLACEMENT_3D('',#11268,#9153,#9154);
#7566=AXIS2_PLACEMENT_3D('',#11270,#9156,#9157);
#7567=AXIS2_PLACEMENT_3D('',#11274,#9160,#9161);
#7568=AXIS2_PLACEMENT_3D('',#11276,#9163,#9164);
#7569=AXIS2_PLACEMENT_3D('',#11277,#9165,#9166);
#7570=AXIS2_PLACEMENT_3D('',#11279,#9167,#9168);
#7571=AXIS2_PLACEMENT_3D('',#11282,#9170,#9171);
#7572=AXIS2_PLACEMENT_3D('',#11283,#9172,#9173);
#7573=AXIS2_PLACEMENT_3D('',#11286,#9174,#9175);
#7574=AXIS2_PLACEMENT_3D('',#11290,#9177,#9178);
#7575=AXIS2_PLACEMENT_3D('',#11292,#9180,#9181);
#7576=AXIS2_PLACEMENT_3D('',#11295,#9182,#9183);
#7577=AXIS2_PLACEMENT_3D('',#11299,#9185,#9186);
#7578=AXIS2_PLACEMENT_3D('',#11301,#9188,#9189);
#7579=AXIS2_PLACEMENT_3D('',#11307,#9193,#9194);
#7580=AXIS2_PLACEMENT_3D('',#11316,#9199,#9200);
#7581=AXIS2_PLACEMENT_3D('',#11325,#9205,#9206);
#7582=AXIS2_PLACEMENT_3D('',#11334,#9211,#9212);
#7583=AXIS2_PLACEMENT_3D('',#11343,#9217,#9218);
#7584=AXIS2_PLACEMENT_3D('',#11352,#9223,#9224);
#7585=AXIS2_PLACEMENT_3D('',#11358,#9228,#9229);
#7586=AXIS2_PLACEMENT_3D('',#11364,#9233,#9234);
#7587=AXIS2_PLACEMENT_3D('',#11370,#9238,#9239);
#7588=AXIS2_PLACEMENT_3D('',#11373,#9242,#9243);
#7589=AXIS2_PLACEMENT_3D('',#11380,#9250,#9251);
#7590=AXIS2_PLACEMENT_3D('',#11387,#9258,#9259);
#7591=AXIS2_PLACEMENT_3D('',#11388,#9260,#9261);
#7592=AXIS2_PLACEMENT_3D('',#11389,#9262,#9263);
#7593=AXIS2_PLACEMENT_3D('',#11390,#9264,#9265);
#7594=AXIS2_PLACEMENT_3D('',#11391,#9266,#9267);
#7595=AXIS2_PLACEMENT_3D('',#11392,#9268,#9269);
#7596=AXIS2_PLACEMENT_3D('',#11393,#9270,#9271);
#7597=AXIS2_PLACEMENT_3D('',#11396,#9272,#9273);
#7598=AXIS2_PLACEMENT_3D('',#11400,#9275,#9276);
#7599=AXIS2_PLACEMENT_3D('',#11402,#9278,#9279);
#7600=AXIS2_PLACEMENT_3D('',#11405,#9280,#9281);
#7601=AXIS2_PLACEMENT_3D('',#11408,#9283,#9284);
#7602=AXIS2_PLACEMENT_3D('',#11410,#9285,#9286);
#7603=AXIS2_PLACEMENT_3D('',#11414,#9288,#9289);
#7604=AXIS2_PLACEMENT_3D('',#11418,#9291,#9292);
#7605=AXIS2_PLACEMENT_3D('',#11422,#9294,#9295);
#7606=AXIS2_PLACEMENT_3D('',#11424,#9297,#9298);
#7607=AXIS2_PLACEMENT_3D('',#11426,#9299,#9300);
#7608=AXIS2_PLACEMENT_3D('',#11429,#9302,#9303);
#7609=AXIS2_PLACEMENT_3D('',#11430,#9304,#9305);
#7610=AXIS2_PLACEMENT_3D('',#11433,#9306,#9307);
#7611=AXIS2_PLACEMENT_3D('',#11437,#9309,#9310);
#7612=AXIS2_PLACEMENT_3D('',#11441,#9312,#9313);
#7613=AXIS2_PLACEMENT_3D('',#11445,#9315,#9316);
#7614=AXIS2_PLACEMENT_3D('',#11448,#9318,#9319);
#7615=AXIS2_PLACEMENT_3D('',#11451,#9321,#9322);
#7616=AXIS2_PLACEMENT_3D('',#11452,#9323,#9324);
#7617=AXIS2_PLACEMENT_3D('',#11468,#9333,#9334);
#7618=AXIS2_PLACEMENT_3D('',#11482,#9342,#9343);
#7619=AXIS2_PLACEMENT_3D('',#11488,#9346,#9347);
#7620=AXIS2_PLACEMENT_3D('',#11497,#9352,#9353);
#7621=AXIS2_PLACEMENT_3D('',#11505,#9357,#9358);
#7622=AXIS2_PLACEMENT_3D('',#11513,#9362,#9363);
#7623=AXIS2_PLACEMENT_3D('',#11521,#9367,#9368);
#7624=AXIS2_PLACEMENT_3D('',#11535,#9377,#9378);
#7625=AXIS2_PLACEMENT_3D('',#11549,#9386,#9387);
#7626=AXIS2_PLACEMENT_3D('',#11562,#9395,#9396);
#7627=AXIS2_PLACEMENT_3D('',#11568,#9400,#9401);
#7628=AXIS2_PLACEMENT_3D('',#11570,#9402,#9403);
#7629=AXIS2_PLACEMENT_3D('',#11572,#9405,#9406);
#7630=AXIS2_PLACEMENT_3D('',#11576,#9409,#9410);
#7631=AXIS2_PLACEMENT_3D('',#11580,#9413,#9414);
#7632=AXIS2_PLACEMENT_3D('',#11584,#9417,#9418);
#7633=AXIS2_PLACEMENT_3D('',#11586,#9419,#9420);
#7634=AXIS2_PLACEMENT_3D('',#11588,#9422,#9423);
#7635=AXIS2_PLACEMENT_3D('',#11592,#9426,#9427);
#7636=AXIS2_PLACEMENT_3D('',#11598,#9431,#9432);
#7637=AXIS2_PLACEMENT_3D('',#11609,#9439,#9440);
#7638=AXIS2_PLACEMENT_3D('',#11615,#9444,#9445);
#7639=AXIS2_PLACEMENT_3D('',#11621,#9449,#9450);
#7640=AXIS2_PLACEMENT_3D('',#11623,#9451,#9452);
#7641=AXIS2_PLACEMENT_3D('',#11625,#9454,#9455);
#7642=AXIS2_PLACEMENT_3D('',#11629,#9458,#9459);
#7643=AXIS2_PLACEMENT_3D('',#11633,#9462,#9463);
#7644=AXIS2_PLACEMENT_3D('',#11637,#9466,#9467);
#7645=AXIS2_PLACEMENT_3D('',#11639,#9468,#9469);
#7646=AXIS2_PLACEMENT_3D('',#11641,#9471,#9472);
#7647=AXIS2_PLACEMENT_3D('',#11645,#9475,#9476);
#7648=AXIS2_PLACEMENT_3D('',#11647,#9478,#9479);
#7649=AXIS2_PLACEMENT_3D('',#11654,#9486,#9487);
#7650=AXIS2_PLACEMENT_3D('',#11655,#9488,#9489);
#7651=AXIS2_PLACEMENT_3D('',#11656,#9490,#9491);
#7652=AXIS2_PLACEMENT_3D('',#11657,#9492,#9493);
#7653=AXIS2_PLACEMENT_3D('',#11658,#9494,#9495);
#7654=AXIS2_PLACEMENT_3D('',#11659,#9496,#9497);
#7655=AXIS2_PLACEMENT_3D('',#11660,#9498,#9499);
#7656=AXIS2_PLACEMENT_3D('',#11664,#9502,#9503);
#7657=AXIS2_PLACEMENT_3D('',#11668,#9506,#9507);
#7658=AXIS2_PLACEMENT_3D('',#11670,#9509,#9510);
#7659=AXIS2_PLACEMENT_3D('',#11672,#9512,#9513);
#7660=AXIS2_PLACEMENT_3D('',#11674,#9515,#9516);
#7661=AXIS2_PLACEMENT_3D('',#11675,#9517,#9518);
#7662=AXIS2_PLACEMENT_3D('',#11679,#9521,#9522);
#7663=AXIS2_PLACEMENT_3D('',#11681,#9524,#9525);
#7664=AXIS2_PLACEMENT_3D('',#11683,#9527,#9528);
#7665=AXIS2_PLACEMENT_3D('',#11687,#9531,#9532);
#7666=AXIS2_PLACEMENT_3D('',#11689,#9534,#9535);
#7667=AXIS2_PLACEMENT_3D('',#11690,#9536,#9537);
#7668=AXIS2_PLACEMENT_3D('',#11694,#9539,#9540);
#7669=AXIS2_PLACEMENT_3D('',#11696,#9542,#9543);
#7670=AXIS2_PLACEMENT_3D('',#11700,#9546,#9547);
#7671=AXIS2_PLACEMENT_3D('',#11702,#9549,#9550);
#7672=AXIS2_PLACEMENT_3D('',#11704,#9552,#9553);
#7673=AXIS2_PLACEMENT_3D('',#11708,#9556,#9557);
#7674=AXIS2_PLACEMENT_3D('',#11710,#9559,#9560);
#7675=AXIS2_PLACEMENT_3D('',#11711,#9561,#9562);
#7676=AXIS2_PLACEMENT_3D('',#11713,#9563,#9564);
#7677=AXIS2_PLACEMENT_3D('',#11715,#9565,#9566);
#7678=AXIS2_PLACEMENT_3D('',#11717,#9567,#9568);
#7679=AXIS2_PLACEMENT_3D('',#11719,#9569,#9570);
#7680=AXIS2_PLACEMENT_3D('',#11721,#9571,#9572);
#7681=AXIS2_PLACEMENT_3D('',#11723,#9573,#9574);
#7682=AXIS2_PLACEMENT_3D('',#11725,#9575,#9576);
#7683=AXIS2_PLACEMENT_3D('',#11727,#9577,#9578);
#7684=AXIS2_PLACEMENT_3D('',#11729,#9579,#9580);
#7685=AXIS2_PLACEMENT_3D('',#11731,#9581,#9582);
#7686=AXIS2_PLACEMENT_3D('',#11733,#9583,#9584);
#7687=AXIS2_PLACEMENT_3D('',#11735,#9585,#9586);
#7688=AXIS2_PLACEMENT_3D('',#11737,#9587,#9588);
#7689=AXIS2_PLACEMENT_3D('',#11739,#9589,#9590);
#7690=AXIS2_PLACEMENT_3D('',#11740,#9591,#9592);
#7691=AXIS2_PLACEMENT_3D('',#11741,#9593,#9594);
#7692=AXIS2_PLACEMENT_3D('',#11742,#9595,#9596);
#7693=AXIS2_PLACEMENT_3D('',#11748,#9600,#9601);
#7694=AXIS2_PLACEMENT_3D('',#11752,#9604,#9605);
#7695=AXIS2_PLACEMENT_3D('',#11756,#9608,#9609);
#7696=AXIS2_PLACEMENT_3D('',#11760,#9612,#9613);
#7697=AXIS2_PLACEMENT_3D('',#11764,#9616,#9617);
#7698=AXIS2_PLACEMENT_3D('',#11768,#9620,#9621);
#7699=AXIS2_PLACEMENT_3D('',#11772,#9624,#9625);
#7700=AXIS2_PLACEMENT_3D('',#11776,#9628,#9629);
#7701=AXIS2_PLACEMENT_3D('',#11780,#9632,#9633);
#7702=AXIS2_PLACEMENT_3D('',#11784,#9636,#9637);
#7703=AXIS2_PLACEMENT_3D('',#11788,#9640,#9641);
#7704=AXIS2_PLACEMENT_3D('',#11790,#9643,#9644);
#7705=AXIS2_PLACEMENT_3D('',#11791,#9645,#9646);
#7706=AXIS2_PLACEMENT_3D('',#11793,#9647,#9648);
#7707=AXIS2_PLACEMENT_3D('',#11795,#9649,#9650);
#7708=AXIS2_PLACEMENT_3D('',#11797,#9651,#9652);
#7709=AXIS2_PLACEMENT_3D('',#11799,#9653,#9654);
#7710=AXIS2_PLACEMENT_3D('',#11801,#9655,#9656);
#7711=AXIS2_PLACEMENT_3D('',#11803,#9657,#9658);
#7712=AXIS2_PLACEMENT_3D('',#11805,#9659,#9660);
#7713=AXIS2_PLACEMENT_3D('',#11807,#9661,#9662);
#7714=AXIS2_PLACEMENT_3D('',#11809,#9663,#9664);
#7715=AXIS2_PLACEMENT_3D('',#11811,#9665,#9666);
#7716=AXIS2_PLACEMENT_3D('',#11813,#9667,#9668);
#7717=AXIS2_PLACEMENT_3D('',#11815,#9669,#9670);
#7718=AXIS2_PLACEMENT_3D('',#11817,#9671,#9672);
#7719=AXIS2_PLACEMENT_3D('',#11819,#9673,#9674);
#7720=AXIS2_PLACEMENT_3D('',#11820,#9675,#9676);
#7721=AXIS2_PLACEMENT_3D('',#11821,#9677,#9678);
#7722=AXIS2_PLACEMENT_3D('',#11822,#9679,#9680);
#7723=AXIS2_PLACEMENT_3D('',#11828,#9684,#9685);
#7724=AXIS2_PLACEMENT_3D('',#11832,#9688,#9689);
#7725=AXIS2_PLACEMENT_3D('',#11836,#9692,#9693);
#7726=AXIS2_PLACEMENT_3D('',#11840,#9696,#9697);
#7727=AXIS2_PLACEMENT_3D('',#11844,#9700,#9701);
#7728=AXIS2_PLACEMENT_3D('',#11848,#9704,#9705);
#7729=AXIS2_PLACEMENT_3D('',#11852,#9708,#9709);
#7730=AXIS2_PLACEMENT_3D('',#11856,#9712,#9713);
#7731=AXIS2_PLACEMENT_3D('',#11860,#9716,#9717);
#7732=AXIS2_PLACEMENT_3D('',#11864,#9720,#9721);
#7733=AXIS2_PLACEMENT_3D('',#11868,#9724,#9725);
#7734=AXIS2_PLACEMENT_3D('',#11870,#9727,#9728);
#7735=AXIS2_PLACEMENT_3D('',#11871,#9729,#9730);
#7736=AXIS2_PLACEMENT_3D('',#11872,#9731,#9732);
#7737=AXIS2_PLACEMENT_3D('',#11873,#9733,#9734);
#7738=AXIS2_PLACEMENT_3D('',#11874,#9735,#9736);
#7739=AXIS2_PLACEMENT_3D('',#11875,#9737,#9738);
#7740=AXIS2_PLACEMENT_3D('',#11876,#9739,#9740);
#7741=AXIS2_PLACEMENT_3D('',#11877,#9741,#9742);
#7742=DIRECTION('axis',(0.,0.,1.));
#7743=DIRECTION('refdir',(1.,0.,0.));
#7744=DIRECTION('axis',(0.,0.,1.));
#7745=DIRECTION('refdir',(1.,0.,0.));
#7746=DIRECTION('axis',(0.,0.,1.));
#7747=DIRECTION('refdir',(1.,0.,0.));
#7748=DIRECTION('center_axis',(1.77635683940017E-15,-5.68434188608079E-14,
1.));
#7749=DIRECTION('ref_axis',(-5.55111512207462E-17,-1.,1.78584255549804E-17));
#7750=DIRECTION('center_axis',(-6.11667834623654E-16,-3.44180565241438E-17,
-1.));
#7751=DIRECTION('ref_axis',(-5.55111512207462E-17,-1.,-2.47485774186984E-29));
#7752=DIRECTION('',(1.3819218840303E-15,0.707106781186476,0.707106781186619));
#7753=DIRECTION('center_axis',(6.11667834623654E-16,3.44180565241438E-17,
1.));
#7754=DIRECTION('ref_axis',(-5.55111512207462E-17,-1.,3.44180565241441E-17));
#7755=DIRECTION('center_axis',(0.,0.,1.));
#7756=DIRECTION('ref_axis',(-5.55111512207462E-17,-1.,0.));
#7757=DIRECTION('',(0.,0.,-1.));
#7758=DIRECTION('center_axis',(6.11667834623654E-16,3.44180565241943E-17,
1.));
#7759=DIRECTION('ref_axis',(-5.55111512207462E-17,-1.,0.));
#7760=DIRECTION('center_axis',(6.11667834623654E-16,3.44180565241438E-17,
1.));
#7761=DIRECTION('ref_axis',(5.55111512207469E-17,1.,-3.44180565241438E-17));
#7762=DIRECTION('center_axis',(-6.11667834623654E-16,-3.44180565241438E-17,
-1.));
#7763=DIRECTION('ref_axis',(5.55111512207469E-17,1.,-3.4418056524124E-17));
#7764=DIRECTION('center_axis',(-1.7763568394003E-15,5.68434188608081E-14,
-1.));
#7765=DIRECTION('ref_axis',(-5.55111512207462E-17,-1.,1.7858425555004E-17));
#7766=DIRECTION('center_axis',(-6.11667834623654E-16,-3.44180565241943E-17,
-1.));
#7767=DIRECTION('ref_axis',(-5.55111512207462E-17,-1.,3.44180565241894E-17));
#7768=DIRECTION('',(1.13022604986374E-15,-0.707106781186604,0.707106781186492));
#7769=DIRECTION('center_axis',(6.11667834623654E-16,3.44180565241943E-17,
1.));
#7770=DIRECTION('ref_axis',(5.55111512207469E-17,1.,-3.44180565241943E-17));
#7771=DIRECTION('center_axis',(6.11667834623654E-16,3.44180565241943E-17,
1.));
#7772=DIRECTION('ref_axis',(5.55111512207469E-17,1.,-3.44180565241903E-17));
#7773=DIRECTION('center_axis',(1.77635683940054E-15,-5.68434188608086E-14,
1.));
#7774=DIRECTION('ref_axis',(5.55111512207469E-17,1.,-1.67677711271697E-17));
#7775=DIRECTION('center_axis',(-6.11667834623654E-16,-3.44180565241943E-17,
-1.));
#7776=DIRECTION('ref_axis',(5.55111512207469E-17,1.,3.15544362088406E-29));
#7777=DIRECTION('',(-1.30341726111112E-15,0.707106781186542,-0.707106781186553));
#7778=DIRECTION('center_axis',(0.,0.,1.));
#7779=DIRECTION('ref_axis',(5.55111512207469E-17,1.,0.));
#7780=DIRECTION('center_axis',(6.11667834623654E-16,3.44180565241438E-17,
1.));
#7781=DIRECTION('ref_axis',(5.55111512207469E-17,1.,9.46633086265218E-29));
#7782=DIRECTION('',(0.,0.,-1.));
#7783=DIRECTION('center_axis',(-1.77635683940116E-15,5.68434188608099E-14,
-1.));
#7784=DIRECTION('ref_axis',(5.55111512207469E-17,1.,-1.67677711270726E-17));
#7785=DIRECTION('',(-1.20873067278378E-15,-0.707106781186543,-0.707106781186552));
#7786=DIRECTION('axis',(0.,0.,1.));
#7787=DIRECTION('refdir',(1.,0.,0.));
#7788=DIRECTION('center_axis',(0.,0.,-1.));
#7789=DIRECTION('ref_axis',(-1.,0.,0.));
#7790=DIRECTION('center_axis',(0.,0.,1.));
#7791=DIRECTION('ref_axis',(-1.,7.105427357601E-15,0.));
#7792=DIRECTION('',(0.,0.,1.));
#7793=DIRECTION('center_axis',(0.,0.,-1.));
#7794=DIRECTION('ref_axis',(-1.,0.,0.));
#7795=DIRECTION('center_axis',(0.,0.,1.));
#7796=DIRECTION('ref_axis',(-1.,7.105427357601E-15,0.));
#7797=DIRECTION('center_axis',(0.,-7.59823448526186E-16,-1.));
#7798=DIRECTION('ref_axis',(0.,1.,-7.59823448526186E-16));
#7799=DIRECTION('center_axis',(0.,-7.59823448526186E-16,-1.));
#7800=DIRECTION('ref_axis',(0.,1.,-7.59823448526186E-16));
#7801=DIRECTION('center_axis',(0.,-7.59823448526186E-16,-1.));
#7802=DIRECTION('ref_axis',(0.,1.,-7.59823448526186E-16));
#7803=DIRECTION('center_axis',(0.,-7.59823448526186E-16,-1.));
#7804=DIRECTION('ref_axis',(0.,1.,-7.59823448526185E-16));
#7805=DIRECTION('',(8.65956056235495E-17,0.707106781186549,0.707106781186546));
#7806=DIRECTION('center_axis',(0.,-7.59823448526186E-16,-1.));
#7807=DIRECTION('ref_axis',(0.,1.,-7.59823448526185E-16));
#7808=DIRECTION('center_axis',(0.,-7.59823448526186E-16,-1.));
#7809=DIRECTION('ref_axis',(0.,1.,-7.59823448526186E-16));
#7810=DIRECTION('',(0.,7.59823448526186E-16,1.));
#7811=DIRECTION('center_axis',(0.,0.,1.));
#7812=DIRECTION('ref_axis',(1.,0.,0.));
#7813=DIRECTION('',(0.707106781186547,8.65956056235492E-17,-0.707106781186548));
#7814=DIRECTION('center_axis',(0.,0.,-1.));
#7815=DIRECTION('ref_axis',(-1.,0.,0.));
#7816=DIRECTION('center_axis',(0.,7.59823448526186E-16,1.));
#7817=DIRECTION('ref_axis',(0.,-1.,7.59823448526186E-16));
#7818=DIRECTION('center_axis',(0.,2.91151226142999E-15,1.));
#7819=DIRECTION('ref_axis',(0.,-1.,2.91151226142999E-15));
#7820=DIRECTION('center_axis',(0.,2.91151226142999E-15,1.));
#7821=DIRECTION('ref_axis',(0.,-1.,2.91151226142999E-15));
#7822=DIRECTION('center_axis',(0.,2.91151226142999E-15,1.));
#7823=DIRECTION('ref_axis',(0.,-1.,2.91151226142999E-15));
#7824=DIRECTION('center_axis',(0.,2.91151226142999E-15,1.));
#7825=DIRECTION('ref_axis',(0.,-1.,2.91151226142999E-15));
#7826=DIRECTION('center_axis',(0.,2.91151226142999E-15,1.));
#7827=DIRECTION('ref_axis',(0.,-1.,2.91151226142999E-15));
#7828=DIRECTION('center_axis',(0.,2.91151226142999E-15,1.));
#7829=DIRECTION('ref_axis',(0.,-1.,2.91151226142999E-15));
#7830=DIRECTION('center_axis',(0.,0.,-1.));
#7831=DIRECTION('ref_axis',(-1.,0.,0.));
#7832=DIRECTION('center_axis',(0.,2.91151226142999E-15,1.));
#7833=DIRECTION('ref_axis',(0.,-1.,2.91151226142999E-15));
#7834=DIRECTION('center_axis',(0.,2.91151226142999E-15,1.));
#7835=DIRECTION('ref_axis',(0.,-1.,2.91151226142999E-15));
#7836=DIRECTION('center_axis',(0.,2.91151226142999E-15,1.));
#7837=DIRECTION('ref_axis',(0.,-1.,2.91151226142999E-15));
#7838=DIRECTION('center_axis',(0.,2.91151226142999E-15,1.));
#7839=DIRECTION('ref_axis',(0.,-1.,2.91151226142999E-15));
#7840=DIRECTION('center_axis',(0.,2.91151226142999E-15,1.));
#7841=DIRECTION('ref_axis',(0.,-1.,2.91151226142999E-15));
#7842=DIRECTION('center_axis',(0.,2.91151226142999E-15,1.));
#7843=DIRECTION('ref_axis',(0.,-1.,2.91151226142999E-15));
#7844=DIRECTION('center_axis',(0.,0.,-1.));
#7845=DIRECTION('ref_axis',(-1.,0.,0.));
#7846=DIRECTION('',(0.866025403784439,0.5,0.));
#7847=DIRECTION('',(1.25192883228096E-16,1.,0.));
#7848=DIRECTION('',(-0.866025403784439,0.5,0.));
#7849=DIRECTION('',(-0.866025403784439,-0.5,0.));
#7850=DIRECTION('',(-1.25192883228096E-16,-1.,0.));
#7851=DIRECTION('',(0.866025403784439,-0.5,0.));
#7852=DIRECTION('center_axis',(1.,-1.25192883228096E-16,0.));
#7853=DIRECTION('ref_axis',(-1.25192883228096E-16,-1.,0.));
#7854=DIRECTION('',(0.,0.,1.));
#7855=DIRECTION('',(0.,0.,1.));
#7856=DIRECTION('center_axis',(0.5,0.866025403784439,0.));
#7857=DIRECTION('ref_axis',(0.866025403784439,-0.5,0.));
#7858=DIRECTION('',(0.,0.,1.));
#7859=DIRECTION('center_axis',(-0.5,0.866025403784439,0.));
#7860=DIRECTION('ref_axis',(0.866025403784439,0.5,0.));
#7861=DIRECTION('',(0.,0.,1.));
#7862=DIRECTION('center_axis',(-1.,1.25192883228097E-16,0.));
#7863=DIRECTION('ref_axis',(1.25192883228097E-16,1.,0.));
#7864=DIRECTION('',(0.,0.,1.));
#7865=DIRECTION('center_axis',(-0.5,-0.866025403784439,0.));
#7866=DIRECTION('ref_axis',(-0.866025403784439,0.5,0.));
#7867=DIRECTION('',(0.,0.,1.));
#7868=DIRECTION('center_axis',(0.5,-0.866025403784439,0.));
#7869=DIRECTION('ref_axis',(-0.866025403784439,-0.5,0.));
#7870=DIRECTION('axis',(0.,0.,1.));
#7871=DIRECTION('refdir',(1.,0.,0.));
#7872=DIRECTION('center_axis',(0.,0.,-1.));
#7873=DIRECTION('ref_axis',(-1.,0.,0.));
#7874=DIRECTION('center_axis',(0.,0.,1.));
#7875=DIRECTION('ref_axis',(-1.,7.105427357601E-15,0.));
#7876=DIRECTION('',(0.,0.,1.));
#7877=DIRECTION('center_axis',(0.,0.,-1.));
#7878=DIRECTION('ref_axis',(-1.,0.,0.));
#7879=DIRECTION('center_axis',(0.,0.,1.));
#7880=DIRECTION('ref_axis',(-1.,7.105427357601E-15,0.));
#7881=DIRECTION('center_axis',(0.,-7.59823448526186E-16,-1.));
#7882=DIRECTION('ref_axis',(0.,1.,-7.59823448526186E-16));
#7883=DIRECTION('center_axis',(0.,-7.59823448526186E-16,-1.));
#7884=DIRECTION('ref_axis',(0.,1.,-7.59823448526186E-16));
#7885=DIRECTION('center_axis',(0.,-7.59823448526186E-16,-1.));
#7886=DIRECTION('ref_axis',(0.,1.,-7.59823448526186E-16));
#7887=DIRECTION('center_axis',(0.,-7.59823448526186E-16,-1.));
#7888=DIRECTION('ref_axis',(0.,1.,-7.59823448526185E-16));
#7889=DIRECTION('',(8.65956056235495E-17,0.707106781186549,0.707106781186546));
#7890=DIRECTION('center_axis',(0.,-7.59823448526186E-16,-1.));
#7891=DIRECTION('ref_axis',(0.,1.,-7.59823448526185E-16));
#7892=DIRECTION('center_axis',(0.,-7.59823448526186E-16,-1.));
#7893=DIRECTION('ref_axis',(0.,1.,-7.59823448526186E-16));
#7894=DIRECTION('',(0.,7.59823448526186E-16,1.));
#7895=DIRECTION('center_axis',(0.,0.,1.));
#7896=DIRECTION('ref_axis',(1.,1.97106351039095E-32,0.));
#7897=DIRECTION('',(0.707106781186547,8.65956056235492E-17,-0.707106781186548));
#7898=DIRECTION('center_axis',(0.,0.,-1.));
#7899=DIRECTION('ref_axis',(-1.,-1.97106351039095E-32,0.));
#7900=DIRECTION('center_axis',(0.,7.59823448526186E-16,1.));
#7901=DIRECTION('ref_axis',(0.,-1.,7.59823448526186E-16));
#7902=DIRECTION('center_axis',(0.,2.91151226142999E-15,1.));
#7903=DIRECTION('ref_axis',(0.,-1.,2.91151226142999E-15));
#7904=DIRECTION('center_axis',(0.,2.91151226142999E-15,1.));
#7905=DIRECTION('ref_axis',(0.,-1.,2.91151226142999E-15));
#7906=DIRECTION('center_axis',(0.,2.91151226142999E-15,1.));
#7907=DIRECTION('ref_axis',(0.,-1.,2.91151226142999E-15));
#7908=DIRECTION('center_axis',(0.,2.91151226142999E-15,1.));
#7909=DIRECTION('ref_axis',(0.,-1.,2.91151226142999E-15));
#7910=DIRECTION('center_axis',(0.,2.91151226142999E-15,1.));
#7911=DIRECTION('ref_axis',(0.,-1.,2.91151226142999E-15));
#7912=DIRECTION('center_axis',(0.,2.91151226142999E-15,1.));
#7913=DIRECTION('ref_axis',(0.,-1.,2.91151226142999E-15));
#7914=DIRECTION('center_axis',(0.,0.,-1.));
#7915=DIRECTION('ref_axis',(-1.,-1.97106351039096E-32,0.));
#7916=DIRECTION('center_axis',(0.,2.91151226142999E-15,1.));
#7917=DIRECTION('ref_axis',(0.,-1.,2.91151226142999E-15));
#7918=DIRECTION('center_axis',(0.,2.91151226142999E-15,1.));
#7919=DIRECTION('ref_axis',(0.,-1.,2.91151226142999E-15));
#7920=DIRECTION('center_axis',(0.,2.91151226142999E-15,1.));
#7921=DIRECTION('ref_axis',(0.,-1.,2.91151226142999E-15));
#7922=DIRECTION('center_axis',(0.,2.91151226142999E-15,1.));
#7923=DIRECTION('ref_axis',(0.,-1.,2.91151226142999E-15));
#7924=DIRECTION('center_axis',(0.,2.91151226142999E-15,1.));
#7925=DIRECTION('ref_axis',(0.,-1.,2.91151226142999E-15));
#7926=DIRECTION('center_axis',(0.,2.91151226142999E-15,1.));
#7927=DIRECTION('ref_axis',(0.,-1.,2.91151226142999E-15));
#7928=DIRECTION('center_axis',(0.,0.,-1.));
#7929=DIRECTION('ref_axis',(-1.,0.,0.));
#7930=DIRECTION('',(0.866025403784439,0.5,0.));
#7931=DIRECTION('',(1.25192883228096E-16,1.,0.));
#7932=DIRECTION('',(-0.866025403784439,0.5,0.));
#7933=DIRECTION('',(-0.866025403784439,-0.5,0.));
#7934=DIRECTION('',(-1.25192883228096E-16,-1.,0.));
#7935=DIRECTION('',(0.866025403784439,-0.5,0.));
#7936=DIRECTION('center_axis',(1.,-1.25192883228096E-16,0.));
#7937=DIRECTION('ref_axis',(-1.25192883228096E-16,-1.,0.));
#7938=DIRECTION('',(0.,0.,1.));
#7939=DIRECTION('',(0.,0.,1.));
#7940=DIRECTION('center_axis',(0.5,0.866025403784439,0.));
#7941=DIRECTION('ref_axis',(0.866025403784439,-0.5,0.));
#7942=DIRECTION('',(0.,0.,1.));
#7943=DIRECTION('center_axis',(-0.5,0.866025403784439,0.));
#7944=DIRECTION('ref_axis',(0.866025403784439,0.5,0.));
#7945=DIRECTION('',(0.,0.,1.));
#7946=DIRECTION('center_axis',(-1.,1.25192883228097E-16,0.));
#7947=DIRECTION('ref_axis',(1.25192883228097E-16,1.,0.));
#7948=DIRECTION('',(0.,0.,1.));
#7949=DIRECTION('center_axis',(-0.5,-0.866025403784439,0.));
#7950=DIRECTION('ref_axis',(-0.866025403784439,0.5,0.));
#7951=DIRECTION('',(0.,0.,1.));
#7952=DIRECTION('center_axis',(0.5,-0.866025403784439,0.));
#7953=DIRECTION('ref_axis',(-0.866025403784439,-0.5,0.));
#7954=DIRECTION('',(6.66133814775094E-16,-9.57638704070022E-18,-1.));
#7955=DIRECTION('',(-1.,-1.11022302462516E-16,-6.66133814775094E-16));
#7956=DIRECTION('',(6.66133814775094E-16,-9.57638704070022E-18,-1.));
#7957=DIRECTION('',(-1.,-1.11022302462516E-16,-6.66133814775094E-16));
#7958=DIRECTION('',(4.05925819144577E-13,2.31083470675473E-13,1.));
#7959=DIRECTION('',(-1.,6.44581527402692E-14,4.05925819144562E-13));
#7960=DIRECTION('',(1.03750379911227E-15,4.14612826806271E-15,1.));
#7961=DIRECTION('',(2.22044604925031E-16,1.,-4.14612826806271E-15));
#7962=DIRECTION('',(6.99156358462532E-16,3.48108241589801E-15,1.));
#7963=DIRECTION('',(1.33226762955019E-15,1.,-3.4560994202198E-15));
#7964=DIRECTION('axis',(0.,0.,1.));
#7965=DIRECTION('refdir',(1.,0.,0.));
#7966=DIRECTION('center_axis',(0.707106781186547,-2.61682076447295E-16,
0.707106781186549));
#7967=DIRECTION('ref_axis',(0.707106781186548,0.,-0.707106781186546));
#7968=DIRECTION('',(0.707106781186548,0.,-0.707106781186546));
#7969=DIRECTION('',(-3.70074341541719E-16,-1.,0.));
#7970=DIRECTION('',(0.707106781186548,0.,-0.707106781186548));
#7971=DIRECTION('',(3.70074341541719E-16,1.,0.));
#7972=DIRECTION('center_axis',(0.,1.,0.));
#7973=DIRECTION('ref_axis',(0.707106781186547,0.,0.707106781186548));
#7974=DIRECTION('',(0.,-0.707106781186548,-0.707106781186548));
#7975=DIRECTION('center_axis',(0.,-1.,0.));
#7976=DIRECTION('ref_axis',(0.707106781186547,0.,0.707106781186548));
#7977=DIRECTION('',(-0.707106781186548,-0.707106781186548,0.));
#7978=DIRECTION('center_axis',(0.,1.,0.));
#7979=DIRECTION('ref_axis',(0.707106781186547,0.,0.707106781186548));
#7980=DIRECTION('center_axis',(-0.707106781186548,0.707106781186548,0.));
#7981=DIRECTION('ref_axis',(0.,0.,1.));
#7982=DIRECTION('',(-0.707106781186548,-0.707106781186548,0.));
#7983=DIRECTION('',(0.,0.,-1.));
#7984=DIRECTION('',(0.,0.,1.));
#7985=DIRECTION('center_axis',(0.,1.,0.));
#7986=DIRECTION('ref_axis',(0.923879532511287,0.,-0.382683432365089));
#7987=DIRECTION('center_axis',(0.,-1.,0.));
#7988=DIRECTION('ref_axis',(0.923879532511287,0.,-0.382683432365089));
#7989=DIRECTION('',(-0.499999999999996,-0.707106781186556,0.499999999999992));
#7990=DIRECTION('center_axis',(0.,1.,0.));
#7991=DIRECTION('ref_axis',(0.923879532511287,0.,-0.382683432365089));
#7992=DIRECTION('center_axis',(-0.500000000000001,0.707106781186546,0.500000000000001));
#7993=DIRECTION('ref_axis',(0.707106781186547,0.,0.707106781186548));
#7994=DIRECTION('',(0.707106781186547,0.,0.707106781186548));
#7995=DIRECTION('',(-0.499999999999992,-0.70710678118655,0.500000000000004));
#7996=DIRECTION('',(-0.707106781186547,0.,-0.707106781186548));
#7997=DIRECTION('center_axis',(0.,1.,0.));
#7998=DIRECTION('ref_axis',(0.38268343236509,0.,-0.923879532511287));
#7999=DIRECTION('center_axis',(0.,-1.,0.));
#8000=DIRECTION('ref_axis',(0.38268343236509,0.,-0.923879532511287));
#8001=DIRECTION('',(0.,-0.707106781186548,0.707106781186548));
#8002=DIRECTION('center_axis',(0.,1.,0.));
#8003=DIRECTION('ref_axis',(0.38268343236509,0.,-0.923879532511287));
#8004=DIRECTION('center_axis',(0.,1.,0.));
#8005=DIRECTION('ref_axis',(0.38268343236509,0.,-0.923879532511287));
#8006=DIRECTION('',(0.,-1.,0.));
#8007=DIRECTION('center_axis',(-0.499999999999988,-0.707106781186557,0.499999999999998));
#8008=DIRECTION('ref_axis',(0.500000000000002,-0.707106781186538,-0.500000000000012));
#8009=DIRECTION('',(0.,1.,0.));
#8010=DIRECTION('center_axis',(-0.707106781186548,0.,0.707106781186547));
#8011=DIRECTION('ref_axis',(0.707106781186547,0.,0.707106781186548));
#8012=DIRECTION('',(0.,-1.,0.));
#8013=DIRECTION('center_axis',(0.,-1.,0.));
#8014=DIRECTION('ref_axis',(0.923879532511287,0.,-0.382683432365089));
#8015=DIRECTION('',(0.,1.,0.));
#8016=DIRECTION('center_axis',(-1.,0.,0.));
#8017=DIRECTION('ref_axis',(0.,0.,-1.));
#8018=DIRECTION('',(0.,-9.25185853854291E-17,1.));
#8019=DIRECTION('',(0.,-1.,0.));
#8020=DIRECTION('center_axis',(0.,1.,0.));
#8021=DIRECTION('ref_axis',(0.707106781186547,0.,0.707106781186548));
#8022=DIRECTION('',(0.,1.,0.));
#8023=DIRECTION('center_axis',(0.,-1.,0.));
#8024=DIRECTION('ref_axis',(0.,0.,1.));
#8025=DIRECTION('center_axis',(0.,1.,0.));
#8026=DIRECTION('ref_axis',(0.,0.,1.));
#8027=DIRECTION('',(8.65956056235494E-17,0.707106781186548,0.707106781186548));
#8028=DIRECTION('center_axis',(0.,-1.,0.));
#8029=DIRECTION('ref_axis',(0.,0.,1.));
#8030=DIRECTION('center_axis',(0.,1.,0.));
#8031=DIRECTION('ref_axis',(0.,0.,1.));
#8032=DIRECTION('center_axis',(0.,1.,0.));
#8033=DIRECTION('ref_axis',(0.,0.,1.));
#8034=DIRECTION('',(0.,-1.,0.));
#8035=DIRECTION('center_axis',(0.,-1.,0.));
#8036=DIRECTION('ref_axis',(0.,0.,1.));
#8037=DIRECTION('center_axis',(0.,1.,0.));
#8038=DIRECTION('ref_axis',(0.,0.,1.));
#8039=DIRECTION('',(8.65956056235494E-17,0.707106781186548,0.707106781186548));
#8040=DIRECTION('center_axis',(0.,-1.,0.));
#8041=DIRECTION('ref_axis',(0.,0.,1.));
#8042=DIRECTION('center_axis',(0.,1.,0.));
#8043=DIRECTION('ref_axis',(0.,0.,1.));
#8044=DIRECTION('center_axis',(0.,1.,0.));
#8045=DIRECTION('ref_axis',(0.,0.,1.));
#8046=DIRECTION('',(0.,-1.,0.));
#8047=DIRECTION('center_axis',(0.,1.,0.));
#8048=DIRECTION('ref_axis',(0.,0.,1.));
#8049=DIRECTION('center_axis',(0.,-1.,0.));
#8050=DIRECTION('ref_axis',(0.,0.,1.));
#8051=DIRECTION('',(-8.65956056235494E-17,-0.707106781186548,0.707106781186548));
#8052=DIRECTION('center_axis',(0.,1.,0.));
#8053=DIRECTION('ref_axis',(0.,0.,1.));
#8054=DIRECTION('',(9.25185853854297E-17,0.,-1.));
#8055=DIRECTION('center_axis',(0.,1.,0.));
#8056=DIRECTION('ref_axis',(0.,0.,1.));
#8057=DIRECTION('center_axis',(0.,1.,0.));
#8058=DIRECTION('ref_axis',(0.,0.,1.));
#8059=DIRECTION('center_axis',(0.,-1.,0.));
#8060=DIRECTION('ref_axis',(0.,0.,1.));
#8061=DIRECTION('',(-8.65956056235494E-17,-0.707106781186548,0.707106781186548));
#8062=DIRECTION('center_axis',(0.,1.,0.));
#8063=DIRECTION('ref_axis',(0.,0.,1.));
#8064=DIRECTION('',(9.25185853854297E-17,0.,-1.));
#8065=DIRECTION('center_axis',(0.,1.,0.));
#8066=DIRECTION('ref_axis',(0.,0.,1.));
#8067=DIRECTION('center_axis',(0.,-1.,0.));
#8068=DIRECTION('ref_axis',(0.923879532511287,0.,-0.38268343236509));
#8069=DIRECTION('',(-0.499999999999997,0.70710678118654,0.500000000000013));
#8070=DIRECTION('center_axis',(0.,1.,0.));
#8071=DIRECTION('ref_axis',(0.923879532511287,0.,-0.38268343236509));
#8072=DIRECTION('',(-0.707106781186542,0.707106781186553,0.));
#8073=DIRECTION('center_axis',(0.,1.,0.));
#8074=DIRECTION('ref_axis',(-1.,0.,-1.83697019872103E-16));
#8075=DIRECTION('center_axis',(0.707106781186545,0.70710678118655,6.54205191118238E-17));
#8076=DIRECTION('ref_axis',(0.70710678118655,-0.707106781186545,0.));
#8077=DIRECTION('center_axis',(0.,1.,0.));
#8078=DIRECTION('ref_axis',(-1.,0.,-1.83697019872103E-16));
#8079=DIRECTION('center_axis',(0.707106781186545,0.70710678118655,6.54205191118238E-17));
#8080=DIRECTION('ref_axis',(0.70710678118655,-0.707106781186545,0.));
#8081=DIRECTION('center_axis',(0.,-1.,0.));
#8082=DIRECTION('ref_axis',(0.382683432365086,0.,-0.923879532511288));
#8083=DIRECTION('',(0.,0.707106781186555,0.70710678118654));
#8084=DIRECTION('center_axis',(0.,1.,0.));
#8085=DIRECTION('ref_axis',(0.382683432365086,0.,-0.923879532511289));
#8086=DIRECTION('',(-0.49999999999999,0.707106781186559,0.499999999999994));
#8087=DIRECTION('center_axis',(-0.499999999999988,-0.707106781186557,0.499999999999998));
#8088=DIRECTION('ref_axis',(0.707106781186555,0.,0.707106781186541));
#8089=DIRECTION('',(0.816496580927736,-0.577350269189611,0.));
#8090=DIRECTION('',(0.707106781186554,0.,0.70710678118654));
#8091=DIRECTION('center_axis',(-0.707106781186545,-0.70710678118655,-6.54205191118238E-17));
#8092=DIRECTION('ref_axis',(-9.25185853854297E-17,0.,1.));
#8093=DIRECTION('',(-9.25185853854297E-17,0.,1.));
#8094=DIRECTION('',(-0.70710678118655,0.707106781186545,0.));
#8095=DIRECTION('center_axis',(0.,-1.,0.));
#8096=DIRECTION('ref_axis',(0.707106781186547,0.,0.707106781186548));
#8097=DIRECTION('center_axis',(0.,1.,0.));
#8098=DIRECTION('ref_axis',(0.707106781186547,0.,0.707106781186548));
#8099=DIRECTION('',(0.,0.70710678118655,-0.707106781186545));
#8100=DIRECTION('center_axis',(-1.,3.70074341541719E-16,0.));
#8101=DIRECTION('ref_axis',(-3.70074341541719E-16,-1.,0.));
#8102=DIRECTION('',(0.,0.,1.));
#8103=DIRECTION('',(-3.70074341541719E-16,-1.,0.));
#8104=DIRECTION('',(0.,0.,1.));
#8105=DIRECTION('center_axis',(0.,0.,-1.));
#8106=DIRECTION('ref_axis',(-1.,0.,0.));
#8107=DIRECTION('center_axis',(0.,0.,1.));
#8108=DIRECTION('ref_axis',(-1.,0.,0.));
#8109=DIRECTION('',(0.707106781186548,8.65956056235493E-17,-0.707106781186548));
#8110=DIRECTION('center_axis',(0.,0.,-1.));
#8111=DIRECTION('ref_axis',(-1.,0.,0.));
#8112=DIRECTION('center_axis',(0.,0.,1.));
#8113=DIRECTION('ref_axis',(-1.,0.,0.));
#8114=DIRECTION('',(0.,0.,1.));
#8115=DIRECTION('center_axis',(0.,0.,-1.));
#8116=DIRECTION('ref_axis',(-1.,0.,0.));
#8117=DIRECTION('center_axis',(0.,0.,-1.));
#8118=DIRECTION('ref_axis',(-1.,0.,0.));
#8119=DIRECTION('center_axis',(0.,0.,1.));
#8120=DIRECTION('ref_axis',(-1.,0.,0.));
#8121=DIRECTION('',(0.707106781186548,8.65956056235493E-17,-0.707106781186548));
#8122=DIRECTION('center_axis',(0.,0.,-1.));
#8123=DIRECTION('ref_axis',(-1.,0.,0.));
#8124=DIRECTION('center_axis',(0.,0.,1.));
#8125=DIRECTION('ref_axis',(-1.,0.,0.));
#8126=DIRECTION('',(0.,0.,1.));
#8127=DIRECTION('center_axis',(0.,0.,-1.));
#8128=DIRECTION('ref_axis',(-1.,0.,0.));
#8129=DIRECTION('center_axis',(0.,0.,-1.));
#8130=DIRECTION('ref_axis',(-1.,-2.52323414687536E-16,0.));
#8131=DIRECTION('center_axis',(0.,0.,1.));
#8132=DIRECTION('ref_axis',(-1.,-2.52323414687536E-16,0.));
#8133=DIRECTION('',(-0.707106781186548,0.,-0.707106781186548));
#8134=DIRECTION('center_axis',(0.,0.,-1.));
#8135=DIRECTION('ref_axis',(-1.,-2.52323414687536E-16,0.));
#8136=DIRECTION('center_axis',(0.707106781186547,2.61682076447295E-16,-0.707106781186549));
#8137=DIRECTION('ref_axis',(-0.707106781186548,0.,-0.707106781186546));
#8138=DIRECTION('',(-0.707106781186548,0.,-0.707106781186546));
#8139=DIRECTION('',(-3.70074341541719E-16,1.,0.));
#8140=DIRECTION('',(3.70074341541719E-16,-1.,0.));
#8141=DIRECTION('center_axis',(0.,0.,-1.));
#8142=DIRECTION('ref_axis',(-1.,-5.04646829375071E-16,0.));
#8143=DIRECTION('center_axis',(0.,0.,1.));
#8144=DIRECTION('ref_axis',(1.,-5.04646829375071E-16,0.));
#8145=DIRECTION('center_axis',(0.,0.,1.));
#8146=DIRECTION('ref_axis',(-1.,-5.04646829375071E-16,0.));
#8147=DIRECTION('center_axis',(0.,0.,-1.));
#8148=DIRECTION('ref_axis',(1.,0.,0.));
#8149=DIRECTION('',(1.,0.,0.));
#8150=DIRECTION('',(1.,0.,0.));
#8151=DIRECTION('',(0.,-1.,0.));
#8152=DIRECTION('',(-0.816496580927736,-0.577350269189611,0.));
#8153=DIRECTION('center_axis',(0.,0.,1.));
#8154=DIRECTION('ref_axis',(-1.,0.,0.));
#8155=DIRECTION('center_axis',(0.,0.,1.));
#8156=DIRECTION('ref_axis',(-1.,0.,0.));
#8157=DIRECTION('',(-0.707106781186548,-8.65956056235493E-17,-0.707106781186548));
#8158=DIRECTION('center_axis',(0.,0.,1.));
#8159=DIRECTION('ref_axis',(-1.,0.,0.));
#8160=DIRECTION('',(1.,0.,0.));
#8161=DIRECTION('',(0.,1.,0.));
#8162=DIRECTION('',(-1.,0.,0.));
#8163=DIRECTION('center_axis',(0.,0.,1.));
#8164=DIRECTION('ref_axis',(-1.,0.,0.));
#8165=DIRECTION('center_axis',(0.,0.,1.));
#8166=DIRECTION('ref_axis',(-1.,0.,0.));
#8167=DIRECTION('',(-0.707106781186548,-8.65956056235493E-17,-0.707106781186548));
#8168=DIRECTION('center_axis',(0.,-0.707106781186548,0.707106781186548));
#8169=DIRECTION('ref_axis',(1.,0.,0.));
#8170=DIRECTION('',(0.,-0.707106781186548,-0.707106781186548));
#8171=DIRECTION('',(-1.,0.,0.));
#8172=DIRECTION('center_axis',(0.,1.,0.));
#8173=DIRECTION('ref_axis',(-0.707106781186547,0.,0.707106781186548));
#8174=DIRECTION('center_axis',(0.,-1.,0.));
#8175=DIRECTION('ref_axis',(-0.707106781186547,0.,0.707106781186548));
#8176=DIRECTION('',(0.707106781186548,-0.707106781186548,0.));
#8177=DIRECTION('center_axis',(0.,1.,0.));
#8178=DIRECTION('ref_axis',(-0.707106781186547,0.,0.707106781186548));
#8179=DIRECTION('center_axis',(-0.707106781186548,-0.707106781186548,0.));
#8180=DIRECTION('ref_axis',(0.,0.,1.));
#8181=DIRECTION('',(0.707106781186548,-0.707106781186548,0.));
#8182=DIRECTION('',(0.,0.,1.));
#8183=DIRECTION('',(0.,0.,-1.));
#8184=DIRECTION('center_axis',(0.,1.,0.));
#8185=DIRECTION('ref_axis',(-0.923879532511287,0.,-0.382683432365089));
#8186=DIRECTION('center_axis',(0.,-1.,0.));
#8187=DIRECTION('ref_axis',(-0.923879532511287,0.,-0.382683432365089));
#8188=DIRECTION('',(0.499999999999996,-0.707106781186556,0.499999999999992));
#8189=DIRECTION('center_axis',(0.,1.,0.));
#8190=DIRECTION('ref_axis',(-0.923879532511287,0.,-0.382683432365089));
#8191=DIRECTION('center_axis',(-0.500000000000001,-0.707106781186546,-0.500000000000001));
#8192=DIRECTION('ref_axis',(-0.707106781186547,0.,0.707106781186548));
#8193=DIRECTION('',(0.707106781186547,0.,-0.707106781186548));
#8194=DIRECTION('',(0.499999999999992,-0.70710678118655,0.500000000000004));
#8195=DIRECTION('',(-0.707106781186547,0.,0.707106781186548));
#8196=DIRECTION('center_axis',(0.,1.,0.));
#8197=DIRECTION('ref_axis',(-0.38268343236509,0.,-0.923879532511287));
#8198=DIRECTION('center_axis',(0.,-1.,0.));
#8199=DIRECTION('ref_axis',(-0.38268343236509,0.,-0.923879532511287));
#8200=DIRECTION('',(0.,-0.707106781186548,0.707106781186548));
#8201=DIRECTION('center_axis',(0.,1.,0.));
#8202=DIRECTION('ref_axis',(-0.38268343236509,0.,-0.923879532511287));
#8203=DIRECTION('center_axis',(0.,-0.707106781186548,-0.707106781186548));
#8204=DIRECTION('ref_axis',(-1.,0.,0.));
#8205=DIRECTION('',(1.,0.,0.));
#8206=DIRECTION('center_axis',(0.,-1.,0.));
#8207=DIRECTION('ref_axis',(-0.38268343236509,0.,-0.923879532511287));
#8208=DIRECTION('',(0.,1.,0.));
#8209=DIRECTION('center_axis',(-0.499999999999988,0.707106781186557,-0.499999999999998));
#8210=DIRECTION('ref_axis',(-0.500000000000002,-0.707106781186538,-0.500000000000012));
#8211=DIRECTION('center_axis',(-0.707106781186548,0.,-0.707106781186547));
#8212=DIRECTION('ref_axis',(-0.707106781186547,0.,0.707106781186548));
#8213=DIRECTION('',(0.,-1.,0.));
#8214=DIRECTION('center_axis',(0.,1.,0.));
#8215=DIRECTION('ref_axis',(-0.923879532511287,0.,-0.382683432365089));
#8216=DIRECTION('',(0.,1.,0.));
#8217=DIRECTION('center_axis',(-1.,0.,0.));
#8218=DIRECTION('ref_axis',(0.,0.,-1.));
#8219=DIRECTION('',(0.,-1.,0.));
#8220=DIRECTION('',(0.,-9.25185853854291E-17,1.));
#8221=DIRECTION('center_axis',(0.,-1.,0.));
#8222=DIRECTION('ref_axis',(-0.707106781186547,0.,0.707106781186548));
#8223=DIRECTION('center_axis',(0.,-1.,0.));
#8224=DIRECTION('ref_axis',(0.,0.,1.));
#8225=DIRECTION('center_axis',(0.,-1.,0.));
#8226=DIRECTION('ref_axis',(0.,0.,1.));
#8227=DIRECTION('',(-8.65956056235494E-17,0.707106781186548,0.707106781186548));
#8228=DIRECTION('center_axis',(0.,1.,0.));
#8229=DIRECTION('ref_axis',(0.,0.,1.));
#8230=DIRECTION('center_axis',(0.,-1.,0.));
#8231=DIRECTION('ref_axis',(0.,0.,-1.));
#8232=DIRECTION('center_axis',(0.,-1.,0.));
#8233=DIRECTION('ref_axis',(0.,0.,1.));
#8234=DIRECTION('center_axis',(0.,-1.,0.));
#8235=DIRECTION('ref_axis',(0.,0.,1.));
#8236=DIRECTION('center_axis',(0.,-1.,0.));
#8237=DIRECTION('ref_axis',(0.,0.,1.));
#8238=DIRECTION('',(0.,-1.,0.));
#8239=DIRECTION('center_axis',(0.,-1.,0.));
#8240=DIRECTION('ref_axis',(0.,0.,1.));
#8241=DIRECTION('',(-8.65956056235494E-17,0.707106781186548,0.707106781186548));
#8242=DIRECTION('center_axis',(0.,1.,0.));
#8243=DIRECTION('ref_axis',(0.,0.,1.));
#8244=DIRECTION('center_axis',(0.,-1.,0.));
#8245=DIRECTION('ref_axis',(0.,0.,1.));
#8246=DIRECTION('center_axis',(0.,-1.,0.));
#8247=DIRECTION('ref_axis',(0.,0.,1.));
#8248=DIRECTION('',(0.,-1.,0.));
#8249=DIRECTION('center_axis',(0.,1.,0.));
#8250=DIRECTION('ref_axis',(0.,0.,1.));
#8251=DIRECTION('center_axis',(0.,1.,0.));
#8252=DIRECTION('ref_axis',(0.,0.,1.));
#8253=DIRECTION('',(8.65956056235494E-17,-0.707106781186548,0.707106781186548));
#8254=DIRECTION('center_axis',(0.,-1.,0.));
#8255=DIRECTION('ref_axis',(0.,0.,1.));
#8256=DIRECTION('',(-9.25185853854297E-17,0.,-1.));
#8257=DIRECTION('center_axis',(0.,-1.,0.));
#8258=DIRECTION('ref_axis',(0.,0.,1.));
#8259=DIRECTION('center_axis',(0.,1.,0.));
#8260=DIRECTION('ref_axis',(0.,0.,1.));
#8261=DIRECTION('center_axis',(0.,1.,0.));
#8262=DIRECTION('ref_axis',(0.,0.,1.));
#8263=DIRECTION('',(8.65956056235494E-17,-0.707106781186548,0.707106781186548));
#8264=DIRECTION('center_axis',(0.,-1.,0.));
#8265=DIRECTION('ref_axis',(0.,0.,1.));
#8266=DIRECTION('',(-9.25185853854297E-17,0.,-1.));
#8267=DIRECTION('center_axis',(0.,-1.,0.));
#8268=DIRECTION('ref_axis',(0.,0.,1.));
#8269=DIRECTION('center_axis',(0.,-1.,0.));
#8270=DIRECTION('ref_axis',(-0.923879532511287,0.,-0.38268343236509));
#8271=DIRECTION('',(0.707106781186542,0.707106781186553,0.));
#8272=DIRECTION('center_axis',(0.,-1.,0.));
#8273=DIRECTION('ref_axis',(-0.923879532511287,0.,-0.38268343236509));
#8274=DIRECTION('',(0.499999999999997,0.70710678118654,0.500000000000013));
#8275=DIRECTION('center_axis',(0.,-1.,0.));
#8276=DIRECTION('ref_axis',(1.,0.,6.12323399573676E-17));
#8277=DIRECTION('center_axis',(0.707106781186545,-0.70710678118655,-6.54205191118238E-17));
#8278=DIRECTION('ref_axis',(-0.70710678118655,-0.707106781186545,0.));
#8279=DIRECTION('center_axis',(0.,-1.,0.));
#8280=DIRECTION('ref_axis',(1.,0.,6.12323399573676E-17));
#8281=DIRECTION('center_axis',(0.707106781186545,-0.70710678118655,-6.54205191118238E-17));
#8282=DIRECTION('ref_axis',(-0.70710678118655,-0.707106781186545,0.));
#8283=DIRECTION('center_axis',(0.,0.70710678118655,0.707106781186545));
#8284=DIRECTION('ref_axis',(1.,0.,0.));
#8285=DIRECTION('',(1.,0.,0.));
#8286=DIRECTION('',(0.,0.70710678118655,-0.707106781186545));
#8287=DIRECTION('center_axis',(0.,0.70710678118654,-0.707106781186555));
#8288=DIRECTION('ref_axis',(-1.,0.,0.));
#8289=DIRECTION('',(0.,0.707106781186555,0.70710678118654));
#8290=DIRECTION('',(-1.,0.,0.));
#8291=DIRECTION('center_axis',(0.,-1.,0.));
#8292=DIRECTION('ref_axis',(-0.382683432365086,0.,-0.923879532511288));
#8293=DIRECTION('',(0.49999999999999,0.707106781186559,0.499999999999994));
#8294=DIRECTION('center_axis',(0.,-1.,0.));
#8295=DIRECTION('ref_axis',(-0.382683432365086,0.,-0.923879532511289));
#8296=DIRECTION('center_axis',(-0.499999999999988,0.707106781186557,-0.499999999999998));
#8297=DIRECTION('ref_axis',(-0.707106781186555,0.,0.707106781186541));
#8298=DIRECTION('',(-0.707106781186554,0.,0.70710678118654));
#8299=DIRECTION('center_axis',(-0.707106781186545,0.70710678118655,6.54205191118238E-17));
#8300=DIRECTION('ref_axis',(9.25185853854297E-17,0.,1.));
#8301=DIRECTION('',(0.70710678118655,0.707106781186545,0.));
#8302=DIRECTION('',(9.25185853854297E-17,0.,1.));
#8303=DIRECTION('center_axis',(0.,-1.,0.));
#8304=DIRECTION('ref_axis',(-0.707106781186547,0.,0.707106781186548));
#8305=DIRECTION('center_axis',(0.,-1.,0.));
#8306=DIRECTION('ref_axis',(-0.707106781186547,0.,0.707106781186548));
#8307=DIRECTION('center_axis',(0.,1.,0.));
#8308=DIRECTION('ref_axis',(1.,0.,0.));
#8309=DIRECTION('center_axis',(0.,-1.,0.));
#8310=DIRECTION('ref_axis',(0.,0.,1.));
#8311=DIRECTION('center_axis',(0.,0.,-1.));
#8312=DIRECTION('ref_axis',(-1.,0.,0.));
#8313=DIRECTION('center_axis',(0.,0.,1.));
#8314=DIRECTION('ref_axis',(-1.,-2.52323414687536E-16,0.));
#8315=DIRECTION('center_axis',(0.,0.,-1.));
#8316=DIRECTION('ref_axis',(-1.,5.04646829375071E-16,0.));
#8317=DIRECTION('',(3.70074341541719E-16,-1.,0.));
#8318=DIRECTION('center_axis',(0.,0.,1.));
#8319=DIRECTION('ref_axis',(1.,5.04646829375071E-16,0.));
#8320=DIRECTION('',(0.,0.,1.));
#8321=DIRECTION('center_axis',(-1.,-3.70074341541719E-16,0.));
#8322=DIRECTION('ref_axis',(3.70074341541719E-16,-1.,0.));
#8323=DIRECTION('',(0.,0.,1.));
#8324=DIRECTION('center_axis',(0.,0.,1.));
#8325=DIRECTION('ref_axis',(-1.,-2.52323414687536E-16,0.));
#8326=DIRECTION('center_axis',(0.,1.,0.));
#8327=DIRECTION('ref_axis',(0.,0.,1.));
#8328=DIRECTION('',(-8.65956056235493E-17,-0.707106781186548,0.707106781186548));
#8329=DIRECTION('center_axis',(0.,1.,0.));
#8330=DIRECTION('ref_axis',(0.,0.,1.));
#8331=DIRECTION('center_axis',(0.,-1.,0.));
#8332=DIRECTION('ref_axis',(0.,0.,1.));
#8333=DIRECTION('',(0.,-1.,0.));
#8334=DIRECTION('axis',(0.,0.,1.));
#8335=DIRECTION('refdir',(1.,0.,0.));
#8336=DIRECTION('center_axis',(0.,0.,-1.));
#8337=DIRECTION('ref_axis',(-1.,0.,0.));
#8338=DIRECTION('center_axis',(5.43408608024419E-31,-7.77876909732643E-62,
1.));
#8339=DIRECTION('ref_axis',(-1.,3.5527136788005E-15,5.43408608024419E-31));
#8340=DIRECTION('',(0.,0.,1.));
#8341=DIRECTION('center_axis',(0.,0.,-1.));
#8342=DIRECTION('ref_axis',(-1.,0.,0.));
#8343=DIRECTION('center_axis',(5.43408608024419E-31,-7.77876909732643E-62,
1.));
#8344=DIRECTION('ref_axis',(-1.,3.5527136788005E-15,5.43408608024419E-31));
#8345=DIRECTION('center_axis',(0.,-2.59168700115704E-16,-1.));
#8346=DIRECTION('ref_axis',(0.,1.,-2.59168700115704E-16));
#8347=DIRECTION('center_axis',(0.,-2.59168700115704E-16,-1.));
#8348=DIRECTION('ref_axis',(0.,1.,-2.59168700115704E-16));
#8349=DIRECTION('center_axis',(0.,-2.59168700115704E-16,-1.));
#8350=DIRECTION('ref_axis',(0.,1.,-2.59168700115704E-16));
#8351=DIRECTION('center_axis',(0.,-2.59168700115704E-16,-1.));
#8352=DIRECTION('ref_axis',(0.,1.,-2.59168700115704E-16));
#8353=DIRECTION('',(8.65956056235497E-17,0.707106781186551,0.707106781186544));
#8354=DIRECTION('center_axis',(0.,-2.59168700115704E-16,-1.));
#8355=DIRECTION('ref_axis',(0.,1.,-2.59168700115704E-16));
#8356=DIRECTION('center_axis',(0.,-2.59168700115704E-16,-1.));
#8357=DIRECTION('ref_axis',(0.,1.,-2.59168700115704E-16));
#8358=DIRECTION('',(0.,2.59168700115704E-16,1.));
#8359=DIRECTION('center_axis',(5.43408608024419E-31,-7.77876909732643E-62,
1.));
#8360=DIRECTION('ref_axis',(1.,-1.97215226305253E-31,-5.43408608024419E-31));
#8361=DIRECTION('',(0.707106781186546,8.6595605623549E-17,-0.707106781186549));
#8362=DIRECTION('center_axis',(-5.43408608024419E-31,7.77876909732643E-62,
-1.));
#8363=DIRECTION('ref_axis',(-1.,1.97215226305253E-31,5.43408608024419E-31));
#8364=DIRECTION('center_axis',(0.,2.59168700115704E-16,1.));
#8365=DIRECTION('ref_axis',(0.,-1.,2.59168700115704E-16));
#8366=DIRECTION('center_axis',(0.,2.91151226142999E-15,1.));
#8367=DIRECTION('ref_axis',(0.,-1.,2.91151226142999E-15));
#8368=DIRECTION('center_axis',(0.,2.91151226142999E-15,1.));
#8369=DIRECTION('ref_axis',(0.,-1.,2.91151226142999E-15));
#8370=DIRECTION('center_axis',(0.,2.91151226142999E-15,1.));
#8371=DIRECTION('ref_axis',(0.,-1.,2.91151226142999E-15));
#8372=DIRECTION('center_axis',(0.,2.91151226142999E-15,1.));
#8373=DIRECTION('ref_axis',(0.,-1.,2.91151226142999E-15));
#8374=DIRECTION('center_axis',(0.,2.91151226142999E-15,1.));
#8375=DIRECTION('ref_axis',(0.,-1.,2.91151226142999E-15));
#8376=DIRECTION('center_axis',(0.,2.91151226142999E-15,1.));
#8377=DIRECTION('ref_axis',(0.,-1.,2.91151226142999E-15));
#8378=DIRECTION('center_axis',(-5.43408608024419E-31,7.77876909732643E-62,
-1.));
#8379=DIRECTION('ref_axis',(-1.,1.97215226305253E-31,5.43408608024419E-31));
#8380=DIRECTION('center_axis',(0.,2.91151226142999E-15,1.));
#8381=DIRECTION('ref_axis',(0.,-1.,2.91151226142999E-15));
#8382=DIRECTION('center_axis',(0.,2.91151226142999E-15,1.));
#8383=DIRECTION('ref_axis',(0.,-1.,2.91151226142999E-15));
#8384=DIRECTION('center_axis',(0.,2.91151226142999E-15,1.));
#8385=DIRECTION('ref_axis',(0.,-1.,2.91151226142999E-15));
#8386=DIRECTION('center_axis',(0.,2.91151226142999E-15,1.));
#8387=DIRECTION('ref_axis',(0.,-1.,2.91151226142999E-15));
#8388=DIRECTION('center_axis',(0.,2.91151226142999E-15,1.));
#8389=DIRECTION('ref_axis',(0.,-1.,2.91151226142999E-15));
#8390=DIRECTION('center_axis',(0.,2.91151226142999E-15,1.));
#8391=DIRECTION('ref_axis',(0.,-1.,2.91151226142999E-15));
#8392=DIRECTION('center_axis',(0.,0.,-1.));
#8393=DIRECTION('ref_axis',(-1.,0.,0.));
#8394=DIRECTION('',(0.866025403784439,0.5,0.));
#8395=DIRECTION('',(3.7557864968429E-16,1.,0.));
#8396=DIRECTION('',(-0.866025403784439,0.5,0.));
#8397=DIRECTION('',(-0.866025403784439,-0.5,0.));
#8398=DIRECTION('',(0.,-1.,0.));
#8399=DIRECTION('',(0.866025403784439,-0.5,0.));
#8400=DIRECTION('center_axis',(1.,-3.7557864968429E-16,0.));
#8401=DIRECTION('ref_axis',(-3.7557864968429E-16,-1.,0.));
#8402=DIRECTION('',(0.,0.,1.));
#8403=DIRECTION('',(0.,0.,1.));
#8404=DIRECTION('center_axis',(0.5,0.866025403784439,0.));
#8405=DIRECTION('ref_axis',(0.866025403784439,-0.5,0.));
#8406=DIRECTION('',(0.,0.,1.));
#8407=DIRECTION('center_axis',(-0.5,0.866025403784439,0.));
#8408=DIRECTION('ref_axis',(0.866025403784439,0.5,0.));
#8409=DIRECTION('',(0.,0.,1.));
#8410=DIRECTION('center_axis',(-1.,0.,0.));
#8411=DIRECTION('ref_axis',(0.,0.,1.));
#8412=DIRECTION('',(0.,0.,1.));
#8413=DIRECTION('center_axis',(-0.5,-0.866025403784439,0.));
#8414=DIRECTION('ref_axis',(-0.866025403784439,0.5,0.));
#8415=DIRECTION('',(0.,0.,1.));
#8416=DIRECTION('center_axis',(0.5,-0.866025403784439,0.));
#8417=DIRECTION('ref_axis',(-0.866025403784439,-0.5,0.));
#8418=DIRECTION('axis',(0.,0.,1.));
#8419=DIRECTION('refdir',(1.,0.,0.));
#8420=DIRECTION('center_axis',(1.,4.71484343506663E-16,2.12523875749632E-13));
#8421=DIRECTION('ref_axis',(4.71484343495036E-16,-1.,5.47079666113152E-14));
#8422=DIRECTION('center_axis',(-1.,-4.71484343506663E-16,-2.12523875749632E-13));
#8423=DIRECTION('ref_axis',(4.71484343495036E-16,-1.,5.47079666113152E-14));
#8424=DIRECTION('',(0.707106781186547,0.707106781186548,1.11679295136447E-13));
#8425=DIRECTION('center_axis',(1.,4.71484343506663E-16,2.12523875749632E-13));
#8426=DIRECTION('ref_axis',(4.71484343495036E-16,-1.,5.47079666113152E-14));
#8427=DIRECTION('center_axis',(1.,4.71484343506663E-16,2.12523875749632E-13));
#8428=DIRECTION('ref_axis',(4.71484343495036E-16,-1.,5.47079666113152E-14));
#8429=DIRECTION('center_axis',(-1.,-4.71484343506663E-16,-2.12523875749632E-13));
#8430=DIRECTION('ref_axis',(4.71484343495036E-16,-1.,5.47079666113152E-14));
#8431=DIRECTION('',(0.707106781186547,0.707106781186548,1.11679295136447E-13));
#8432=DIRECTION('center_axis',(1.,4.71484343506671E-16,2.12681577883812E-13));
#8433=DIRECTION('ref_axis',(2.12681577883812E-13,-5.47079666113151E-14,
-1.));
#8434=DIRECTION('center_axis',(1.,4.71484343506663E-16,2.12523875749632E-13));
#8435=DIRECTION('ref_axis',(4.71484343495036E-16,-1.,5.47079666113152E-14));
#8436=DIRECTION('center_axis',(-1.,-4.71484343506662E-16,-2.12523875749632E-13));
#8437=DIRECTION('ref_axis',(4.71484343495036E-16,-1.,5.47079666113152E-14));
#8438=DIRECTION('',(1.,4.71484343506663E-16,2.12523875749632E-13));
#8439=DIRECTION('center_axis',(1.,4.71484343506663E-16,2.12523875749632E-13));
#8440=DIRECTION('ref_axis',(4.71484343495036E-16,-1.,5.47079666113152E-14));
#8441=DIRECTION('center_axis',(-1.,-4.71484343506663E-16,-2.12523875749632E-13));
#8442=DIRECTION('ref_axis',(-4.71484343495036E-16,1.,-5.47079666113153E-14));
#8443=DIRECTION('',(1.,4.71484343506663E-16,2.12523875749632E-13));
#8444=DIRECTION('center_axis',(4.71484343495036E-16,-1.,5.47079666113152E-14));
#8445=DIRECTION('ref_axis',(2.12523875749632E-13,-5.47079666113151E-14,
-1.));
#8446=DIRECTION('center_axis',(-4.71484343495036E-16,1.,-5.47079666113152E-14));
#8447=DIRECTION('ref_axis',(-2.12523875749632E-13,5.47079666113151E-14,
1.));
#8448=DIRECTION('',(4.71484343495036E-16,-1.,5.47079666113152E-14));
#8449=DIRECTION('center_axis',(-4.71484343495036E-16,1.,-5.47079666113152E-14));
#8450=DIRECTION('ref_axis',(-2.12523875749632E-13,5.47079666113151E-14,
1.));
#8451=DIRECTION('center_axis',(4.71484343495036E-16,-1.,5.47079666113152E-14));
#8452=DIRECTION('ref_axis',(2.12523875749632E-13,-5.47079666113151E-14,
-1.));
#8453=DIRECTION('center_axis',(-4.71484343495036E-16,1.,-5.47079666113152E-14));
#8454=DIRECTION('ref_axis',(-2.12523875749632E-13,5.47079666113151E-14,
1.));
#8455=DIRECTION('',(4.71484343495036E-16,-1.,5.47079666113152E-14));
#8456=DIRECTION('center_axis',(-4.71484343495036E-16,1.,-5.47079666113152E-14));
#8457=DIRECTION('ref_axis',(-2.12523875749632E-13,5.47079666113151E-14,
1.));
#8458=DIRECTION('',(4.71484343495036E-16,-1.,5.47079666113152E-14));
#8459=DIRECTION('center_axis',(1.,4.71484343506663E-16,2.12523875749632E-13));
#8460=DIRECTION('ref_axis',(-4.71484343495036E-16,1.,-5.47079666113152E-14));
#8461=DIRECTION('center_axis',(1.,4.71484343506663E-16,2.12523875749632E-13));
#8462=DIRECTION('ref_axis',(-4.71484343495036E-16,1.,-5.47079666113152E-14));
#8463=DIRECTION('',(0.707106781186548,-0.707106781186547,1.88874852276777E-13));
#8464=DIRECTION('center_axis',(-1.,-4.71484343506663E-16,-2.12523875749632E-13));
#8465=DIRECTION('ref_axis',(-4.71484343495036E-16,1.,-5.47079666113152E-14));
#8466=DIRECTION('center_axis',(1.,4.71484343506663E-16,2.12523875749632E-13));
#8467=DIRECTION('ref_axis',(-4.71484343495036E-16,1.,-5.47079666113152E-14));
#8468=DIRECTION('center_axis',(1.,4.71484343506663E-16,2.12523875749632E-13));
#8469=DIRECTION('ref_axis',(-4.71484343495036E-16,1.,-5.47079666113152E-14));
#8470=DIRECTION('',(0.707106781186547,-0.707106781186548,1.88874852276777E-13));
#8471=DIRECTION('center_axis',(-1.,-4.71484343506671E-16,-2.12681577883812E-13));
#8472=DIRECTION('ref_axis',(2.12681577883812E-13,-5.47079666113151E-14,
-1.));
#8473=DIRECTION('center_axis',(1.,4.71484343506663E-16,2.12523875749632E-13));
#8474=DIRECTION('ref_axis',(-4.71484343495036E-16,1.,-5.47079666113152E-14));
#8475=DIRECTION('center_axis',(1.,4.71484343506662E-16,2.12523875749632E-13));
#8476=DIRECTION('ref_axis',(-4.71484343495036E-16,1.,-5.47079666113152E-14));
#8477=DIRECTION('',(1.,4.71484343506663E-16,2.12523875749632E-13));
#8478=DIRECTION('center_axis',(1.,4.71484343506663E-16,2.12523875749632E-13));
#8479=DIRECTION('ref_axis',(-4.71484343495036E-16,1.,-5.47079666113152E-14));
#8480=DIRECTION('center_axis',(1.,4.71484343506663E-16,2.12523875749632E-13));
#8481=DIRECTION('ref_axis',(4.71484343495036E-16,-1.,5.47079666113153E-14));
#8482=DIRECTION('',(1.,4.71484343506663E-16,2.12523875749632E-13));
#8483=DIRECTION('center_axis',(-1.,-4.71484343506663E-16,-2.12523875749632E-13));
#8484=DIRECTION('ref_axis',(4.71484343495036E-16,-1.,5.47079666113153E-14));
#8485=DIRECTION('center_axis',(1.,4.71484343506662E-16,2.12523875749632E-13));
#8486=DIRECTION('ref_axis',(-4.71484343495036E-16,1.,-5.47079666113152E-14));
#8487=DIRECTION('center_axis',(0.707106781186395,3.90177639523051E-14,0.7071067811867));
#8488=DIRECTION('ref_axis',(4.71484343495036E-16,-1.,5.47079666113152E-14));
#8489=DIRECTION('',(0.707106781186699,-3.83509843992712E-14,-0.707106781186396));
#8490=DIRECTION('',(-4.71484343495036E-16,1.,-5.47079666113152E-14));
#8491=DIRECTION('',(0.707106781186699,-3.83509843992712E-14,-0.707106781186396));
#8492=DIRECTION('',(4.71484343495036E-16,-1.,5.47079666113152E-14));
#8493=DIRECTION('center_axis',(0.707106781186698,-3.83509843992713E-14,
-0.707106781186397));
#8494=DIRECTION('ref_axis',(-4.71484343495036E-16,1.,-5.47079666113152E-14));
#8495=DIRECTION('',(0.707106781186399,3.90177639523049E-14,0.707106781186696));
#8496=DIRECTION('',(-4.71484343495036E-16,1.,-5.47079666113152E-14));
#8497=DIRECTION('',(0.707106781186399,3.90177639523049E-14,0.707106781186696));
#8498=DIRECTION('',(4.71484343495036E-16,-1.,5.47079666113152E-14));
#8499=DIRECTION('center_axis',(-0.707106781186393,-3.90177639523052E-14,
-0.707106781186702));
#8500=DIRECTION('ref_axis',(-4.71484343495036E-16,1.,-5.47079666113152E-14));
#8501=DIRECTION('',(-0.707106781186702,3.83509843992711E-14,0.707106781186393));
#8502=DIRECTION('',(-4.71484343495036E-16,1.,-5.47079666113152E-14));
#8503=DIRECTION('',(-0.707106781186702,3.83509843992711E-14,0.707106781186393));
#8504=DIRECTION('',(4.71484343495036E-16,-1.,5.47079666113152E-14));
#8505=DIRECTION('center_axis',(-0.707106781186695,3.83509843992714E-14,
0.7071067811864));
#8506=DIRECTION('ref_axis',(4.71484343495036E-16,-1.,5.47079666113152E-14));
#8507=DIRECTION('',(-0.707106781186401,-3.90177639523048E-14,-0.707106781186694));
#8508=DIRECTION('',(-4.71484343495036E-16,1.,-5.47079666113152E-14));
#8509=DIRECTION('',(-0.707106781186401,-3.90177639523048E-14,-0.707106781186694));
#8510=DIRECTION('',(4.71484343495036E-16,-1.,5.47079666113152E-14));
#8511=DIRECTION('center_axis',(0.707106781186698,-3.83509843992713E-14,
-0.707106781186397));
#8512=DIRECTION('ref_axis',(-4.71484343495036E-16,1.,-5.47079666113152E-14));
#8513=DIRECTION('',(0.707106781186398,3.9017763952305E-14,0.707106781186697));
#8514=DIRECTION('',(-4.71484343495036E-16,1.,-5.47079666113152E-14));
#8515=DIRECTION('',(0.707106781186398,3.9017763952305E-14,0.707106781186697));
#8516=DIRECTION('',(4.71484343495036E-16,-1.,5.47079666113152E-14));
#8517=DIRECTION('center_axis',(-0.707106781186397,-3.9017763952305E-14,
-0.707106781186698));
#8518=DIRECTION('ref_axis',(-4.71484343495036E-16,1.,-5.47079666113152E-14));
#8519=DIRECTION('',(-0.707106781186698,3.83509843992713E-14,0.707106781186397));
#8520=DIRECTION('',(-4.71484343495036E-16,1.,-5.47079666113152E-14));
#8521=DIRECTION('',(-0.707106781186698,3.83509843992713E-14,0.707106781186397));
#8522=DIRECTION('',(4.71484343495036E-16,-1.,5.47079666113152E-14));
#8523=DIRECTION('center_axis',(-0.707106781186397,-3.9017763952305E-14,
-0.707106781186698));
#8524=DIRECTION('ref_axis',(-4.71484343495036E-16,1.,-5.47079666113152E-14));
#8525=DIRECTION('',(0.707106781186698,-3.83509843992713E-14,-0.707106781186397));
#8526=DIRECTION('',(4.71484343495036E-16,-1.,5.47079666113152E-14));
#8527=DIRECTION('',(0.707106781186698,-3.83509843992713E-14,-0.707106781186397));
#8528=DIRECTION('',(4.71484343495036E-16,-1.,5.47079666113152E-14));
#8529=DIRECTION('center_axis',(0.707106781186698,-3.83509843992713E-14,
-0.707106781186397));
#8530=DIRECTION('ref_axis',(-4.71484343495036E-16,1.,-5.47079666113152E-14));
#8531=DIRECTION('',(-0.707106781186398,-3.9017763952305E-14,-0.707106781186697));
#8532=DIRECTION('',(-4.71484343495036E-16,1.,-5.47079666113152E-14));
#8533=DIRECTION('',(-0.707106781186398,-3.9017763952305E-14,-0.707106781186697));
#8534=DIRECTION('',(4.71484343495036E-16,-1.,5.47079666113152E-14));
#8535=DIRECTION('center_axis',(4.71484343495036E-16,-1.,5.47079666113152E-14));
#8536=DIRECTION('ref_axis',(-2.12401411069717E-13,5.47079666113151E-14,
1.));
#8537=DIRECTION('',(4.71484343495036E-16,-1.,5.47079666113152E-14));
#8538=DIRECTION('center_axis',(4.71484343495036E-16,-1.,5.47079666113152E-14));
#8539=DIRECTION('ref_axis',(-2.12523875749632E-13,5.47079666113151E-14,
1.));
#8540=DIRECTION('',(4.71484343495036E-16,-1.,5.47079666113152E-14));
#8541=DIRECTION('center_axis',(4.71484343495036E-16,-1.,5.47079666113152E-14));
#8542=DIRECTION('ref_axis',(-2.12523875749632E-13,5.47079666113151E-14,
1.));
#8543=DIRECTION('center_axis',(1.,4.71484343506663E-16,2.12523875749632E-13));
#8544=DIRECTION('ref_axis',(-4.71484343495036E-16,1.,-5.47079666113152E-14));
#8545=DIRECTION('',(4.71484343495036E-16,-1.,5.47079666113152E-14));
#8546=DIRECTION('',(-2.12523875749632E-13,5.47079666113151E-14,1.));
#8547=DIRECTION('',(4.71484343495036E-16,-1.,5.47079666113152E-14));
#8548=DIRECTION('',(-2.12523875749632E-13,5.47079666113151E-14,1.));
#8549=DIRECTION('center_axis',(2.11446424566919E-13,-5.47079666113151E-14,
-1.));
#8550=DIRECTION('ref_axis',(-4.71484343495036E-16,1.,-5.47079666113152E-14));
#8551=DIRECTION('',(1.,4.71484343506587E-16,2.11144738235759E-13));
#8552=DIRECTION('',(1.,4.71484343506587E-16,2.11144738235759E-13));
#8553=DIRECTION('center_axis',(2.13541301376709E-13,-5.47079666113151E-14,
-1.));
#8554=DIRECTION('ref_axis',(-4.71484343495036E-16,1.,-5.47079666113152E-14));
#8555=DIRECTION('',(1.,4.71484343506684E-16,2.12918969378666E-13));
#8556=DIRECTION('',(1.,4.71484343506684E-16,2.12918969378666E-13));
#8557=DIRECTION('center_axis',(1.,4.71484343506663E-16,2.12523875749632E-13));
#8558=DIRECTION('ref_axis',(-4.71484343495036E-16,1.,-5.47079666113152E-14));
#8559=DIRECTION('',(-2.12523875749632E-13,5.47079666113151E-14,1.));
#8560=DIRECTION('',(-2.12523875749632E-13,5.47079666113151E-14,1.));
#8561=DIRECTION('center_axis',(2.12307035315135E-13,-5.47079666113151E-14,
-1.));
#8562=DIRECTION('ref_axis',(-4.71484343495036E-16,1.,-5.47079666113152E-14));
#8563=DIRECTION('',(1.,4.71484343506663E-16,2.12523875749632E-13));
#8564=DIRECTION('',(1.,4.71484343506663E-16,2.12523875749632E-13));
#8565=DIRECTION('center_axis',(1.,4.71484343506663E-16,2.12523875749632E-13));
#8566=DIRECTION('ref_axis',(-4.71484343495036E-16,1.,-5.47079666113152E-14));
#8567=DIRECTION('',(-2.12523875749632E-13,5.47079666113151E-14,1.));
#8568=DIRECTION('',(-2.12523875749632E-13,5.47079666113151E-14,1.));
#8569=DIRECTION('center_axis',(1.,4.71484343506663E-16,2.12523875749632E-13));
#8570=DIRECTION('ref_axis',(-4.71484343495036E-16,1.,-5.47079666113152E-14));
#8571=DIRECTION('',(-2.12585554806556E-13,5.47079666113151E-14,1.));
#8572=DIRECTION('',(-2.12585554806556E-13,5.47079666113151E-14,1.));
#8573=DIRECTION('center_axis',(1.,4.71484343506663E-16,2.12523875749632E-13));
#8574=DIRECTION('ref_axis',(-4.71484343495036E-16,1.,-5.47079666113152E-14));
#8575=DIRECTION('',(-2.12637163813369E-13,5.47079666113151E-14,1.));
#8576=DIRECTION('',(-2.12637163813369E-13,5.47079666113151E-14,1.));
#8577=DIRECTION('center_axis',(2.12740716184129E-13,-5.47079666113151E-14,
-1.));
#8578=DIRECTION('ref_axis',(-4.71484343495036E-16,1.,-5.47079666113152E-14));
#8579=DIRECTION('',(1.,4.71484343506663E-16,2.12523875749632E-13));
#8580=DIRECTION('',(1.,4.71484343506663E-16,2.12523875749632E-13));
#8581=DIRECTION('center_axis',(1.,4.71484343506663E-16,2.12523875749632E-13));
#8582=DIRECTION('ref_axis',(-4.71484343495036E-16,1.,-5.47079666113152E-14));
#8583=DIRECTION('',(-2.12523875749632E-13,5.47079666113151E-14,1.));
#8584=DIRECTION('',(-2.12523875749632E-13,5.47079666113151E-14,1.));
#8585=DIRECTION('center_axis',(2.12523875749632E-13,-5.47079666113151E-14,
-1.));
#8586=DIRECTION('ref_axis',(-4.71484343495036E-16,1.,-5.47079666113152E-14));
#8587=DIRECTION('',(1.,4.71484343506663E-16,2.12523875749632E-13));
#8588=DIRECTION('',(1.,4.71484343506663E-16,2.12523875749632E-13));
#8589=DIRECTION('center_axis',(2.11446424566919E-13,-5.47079666113151E-14,
-1.));
#8590=DIRECTION('ref_axis',(-4.71484343495036E-16,1.,-5.47079666113152E-14));
#8591=DIRECTION('',(1.,4.71484343506625E-16,2.11834306992696E-13));
#8592=DIRECTION('',(1.,4.71484343506625E-16,2.11834306992696E-13));
#8593=DIRECTION('center_axis',(-4.71484343495036E-16,1.,-5.47079666113152E-14));
#8594=DIRECTION('ref_axis',(-2.12523875749632E-13,5.47079666113151E-14,
1.));
#8595=DIRECTION('center_axis',(-1.,-4.71484343506663E-16,-2.12523875749632E-13));
#8596=DIRECTION('ref_axis',(4.71484343495036E-16,-1.,5.47079666113153E-14));
#8597=DIRECTION('center_axis',(1.,4.71484343506662E-16,2.12523875749632E-13));
#8598=DIRECTION('ref_axis',(-4.71484343495036E-16,1.,-5.47079666113152E-14));
#8599=DIRECTION('center_axis',(4.71484343495036E-16,-1.,5.47079666113152E-14));
#8600=DIRECTION('ref_axis',(2.12523875749632E-13,-5.47079666113151E-14,
-1.));
#8601=DIRECTION('center_axis',(4.71484343495036E-16,-1.,5.47079666113152E-14));
#8602=DIRECTION('ref_axis',(2.12523875749632E-13,-5.47079666113151E-14,
-1.));
#8603=DIRECTION('center_axis',(-4.71484343495036E-16,1.,-5.47079666113152E-14));
#8604=DIRECTION('ref_axis',(-2.12523875749632E-13,5.47079666113151E-14,
1.));
#8605=DIRECTION('',(4.71484343495036E-16,-1.,5.47079666113152E-14));
#8606=DIRECTION('center_axis',(-4.71484343495036E-16,1.,-5.47079666113152E-14));
#8607=DIRECTION('ref_axis',(-2.12523875749632E-13,5.47079666113151E-14,
1.));
#8608=DIRECTION('center_axis',(4.71484343495036E-16,-1.,5.47079666113152E-14));
#8609=DIRECTION('ref_axis',(2.12523875749632E-13,-5.47079666113151E-14,
-1.));
#8610=DIRECTION('center_axis',(-4.71484343495036E-16,1.,-5.47079666113152E-14));
#8611=DIRECTION('ref_axis',(-2.12523875749632E-13,5.47079666113151E-14,
1.));
#8612=DIRECTION('',(4.71484343495036E-16,-1.,5.47079666113152E-14));
#8613=DIRECTION('center_axis',(-4.71484343495036E-16,1.,-5.47079666113152E-14));
#8614=DIRECTION('ref_axis',(-2.12523875749632E-13,5.47079666113151E-14,
1.));
#8615=DIRECTION('',(4.71484343495036E-16,-1.,5.47079666113152E-14));
#8616=DIRECTION('center_axis',(4.71484343495036E-16,-1.,5.47079666113152E-14));
#8617=DIRECTION('ref_axis',(-2.12401411069717E-13,5.47079666113151E-14,
1.));
#8618=DIRECTION('center_axis',(-4.71484343495036E-16,1.,-5.47079666113152E-14));
#8619=DIRECTION('ref_axis',(-2.12523875749632E-13,5.47079666113151E-14,
1.));
#8620=DIRECTION('',(4.71484343495036E-16,-1.,5.47079666113152E-14));
#8621=DIRECTION('center_axis',(-4.71484343495036E-16,1.,-5.47079666113152E-14));
#8622=DIRECTION('ref_axis',(-2.12523875749632E-13,5.47079666113151E-14,
1.));
#8623=DIRECTION('',(4.71484343495036E-16,-1.,5.47079666113152E-14));
#8624=DIRECTION('center_axis',(2.12523875749632E-13,-5.47079666113151E-14,
-1.));
#8625=DIRECTION('ref_axis',(-4.71484343495036E-16,1.,-5.47079666113152E-14));
#8626=DIRECTION('',(1.,4.71484343506663E-16,2.12523875749632E-13));
#8627=DIRECTION('',(-4.71484343495036E-16,1.,-5.47079666113152E-14));
#8628=DIRECTION('',(1.,4.71484343506663E-16,2.12523875749632E-13));
#8629=DIRECTION('center_axis',(1.,4.71484343506663E-16,2.12523875749632E-13));
#8630=DIRECTION('ref_axis',(-4.71484343495036E-16,1.,-5.47079666113152E-14));
#8631=DIRECTION('',(-2.12523875749632E-13,5.47079666113151E-14,1.));
#8632=DIRECTION('',(4.71484343495036E-16,-1.,5.47079666113152E-14));
#8633=DIRECTION('',(-2.12523875749632E-13,5.47079666113151E-14,1.));
#8634=DIRECTION('',(-4.71484343495036E-16,1.,-5.47079666113152E-14));
#8635=DIRECTION('center_axis',(2.12740716184129E-13,-5.47079666113151E-14,
-1.));
#8636=DIRECTION('ref_axis',(-4.71484343495036E-16,1.,-5.47079666113152E-14));
#8637=DIRECTION('',(1.,4.71484343506663E-16,2.12523875749632E-13));
#8638=DIRECTION('',(4.71484343495036E-16,-1.,5.47079666113152E-14));
#8639=DIRECTION('',(1.,4.71484343506663E-16,2.12523875749632E-13));
#8640=DIRECTION('',(-4.71484343495036E-16,1.,-5.47079666113152E-14));
#8641=DIRECTION('center_axis',(1.,4.71484343506663E-16,2.12523875749632E-13));
#8642=DIRECTION('ref_axis',(-4.71484343495036E-16,1.,-5.47079666113152E-14));
#8643=DIRECTION('',(-2.12616394335017E-13,5.47079666113151E-14,1.));
#8644=DIRECTION('',(-4.71484343495036E-16,1.,-5.47079666113152E-14));
#8645=DIRECTION('',(-2.12616394335017E-13,5.47079666113151E-14,1.));
#8646=DIRECTION('',(4.71484343495036E-16,-1.,5.47079666113152E-14));
#8647=DIRECTION('center_axis',(2.12307035315135E-13,-5.47079666113151E-14,
-1.));
#8648=DIRECTION('ref_axis',(-4.71484343495036E-16,1.,-5.47079666113152E-14));
#8649=DIRECTION('',(1.,4.71484343506663E-16,2.12523875749632E-13));
#8650=DIRECTION('',(-4.71484343495036E-16,1.,-5.47079666113152E-14));
#8651=DIRECTION('',(1.,4.71484343506663E-16,2.12523875749632E-13));
#8652=DIRECTION('',(4.71484343495036E-16,-1.,5.47079666113152E-14));
#8653=DIRECTION('center_axis',(1.,4.71484343506663E-16,2.12523875749632E-13));
#8654=DIRECTION('ref_axis',(-4.71484343495036E-16,1.,-5.47079666113152E-14));
#8655=DIRECTION('',(-2.12523875749632E-13,5.47079666113151E-14,1.));
#8656=DIRECTION('',(4.71484343495036E-16,-1.,5.47079666113152E-14));
#8657=DIRECTION('',(-2.12523875749632E-13,5.47079666113151E-14,1.));
#8658=DIRECTION('',(-4.71484343495036E-16,1.,-5.47079666113152E-14));
#8659=DIRECTION('center_axis',(2.13541301376709E-13,-5.47079666113151E-14,
-1.));
#8660=DIRECTION('ref_axis',(-4.71484343495036E-16,1.,-5.47079666113152E-14));
#8661=DIRECTION('',(1.,4.71484343506686E-16,2.12949244461089E-13));
#8662=DIRECTION('',(4.71484343495036E-16,-1.,5.47079666113152E-14));
#8663=DIRECTION('',(1.,4.71484343506686E-16,2.12949244461089E-13));
#8664=DIRECTION('center_axis',(2.11446424566919E-13,-5.47079666113151E-14,
-1.));
#8665=DIRECTION('ref_axis',(-4.71484343495036E-16,1.,-5.47079666113152E-14));
#8666=DIRECTION('',(1.,4.71484343506587E-16,2.11144738235759E-13));
#8667=DIRECTION('',(4.71484343495036E-16,-1.,5.47079666113152E-14));
#8668=DIRECTION('',(1.,4.71484343506587E-16,2.11144738235759E-13));
#8669=DIRECTION('center_axis',(1.,4.71484343506663E-16,2.12523875749632E-13));
#8670=DIRECTION('ref_axis',(-4.71484343495036E-16,1.,-5.47079666113152E-14));
#8671=DIRECTION('',(-2.12523875749632E-13,5.47079666113151E-14,1.));
#8672=DIRECTION('',(4.71484343495036E-16,-1.,5.47079666113152E-14));
#8673=DIRECTION('',(-2.12523875749632E-13,5.47079666113151E-14,1.));
#8674=DIRECTION('center_axis',(2.11446424566919E-13,-5.47079666113151E-14,
-1.));
#8675=DIRECTION('ref_axis',(-4.71484343495036E-16,1.,-5.47079666113152E-14));
#8676=DIRECTION('',(1.,4.71484343506625E-16,2.11834306992696E-13));
#8677=DIRECTION('',(1.,4.71484343506625E-16,2.11834306992696E-13));
#8678=DIRECTION('center_axis',(-4.71484343495036E-16,1.,-5.47079666113152E-14));
#8679=DIRECTION('ref_axis',(-2.12523875749632E-13,5.47079666113151E-14,
1.));
#8680=DIRECTION('',(-0.707106781186698,3.83509843992713E-14,0.707106781186397));
#8681=DIRECTION('',(0.707106781186398,3.9017763952305E-14,0.707106781186697));
#8682=DIRECTION('',(-0.707106781186698,3.83509843992713E-14,0.707106781186397));
#8683=DIRECTION('',(0.707106781186397,3.9017763952305E-14,0.707106781186698));
#8684=DIRECTION('',(0.707106781186697,-3.83509843992713E-14,-0.707106781186398));
#8685=DIRECTION('',(-0.707106781186396,-3.90177639523051E-14,-0.707106781186699));
#8686=DIRECTION('center_axis',(-4.71484343495036E-16,1.,-5.47079666113152E-14));
#8687=DIRECTION('ref_axis',(-2.12523875749632E-13,5.47079666113151E-14,
1.));
#8688=DIRECTION('',(0.707106781186699,-3.83509843992713E-14,-0.707106781186396));
#8689=DIRECTION('',(0.707106781186396,3.90177639523051E-14,0.707106781186699));
#8690=DIRECTION('',(-0.707106781186697,3.83509843992713E-14,0.707106781186398));
#8691=DIRECTION('',(-0.707106781186398,-3.9017763952305E-14,-0.707106781186697));
#8692=DIRECTION('',(0.707106781186698,-3.83509843992713E-14,-0.707106781186397));
#8693=DIRECTION('',(-0.707106781186397,-3.9017763952305E-14,-0.707106781186698));
#8694=DIRECTION('center_axis',(-0.707106781186699,3.83509843992712E-14,
0.707106781186396));
#8695=DIRECTION('ref_axis',(4.71484343495036E-16,-1.,5.47079666113152E-14));
#8696=DIRECTION('center_axis',(0.707106781186397,3.9017763952305E-14,0.707106781186698));
#8697=DIRECTION('ref_axis',(4.71484343495036E-16,-1.,5.47079666113152E-14));
#8698=DIRECTION('center_axis',(-0.707106781186397,-3.9017763952305E-14,
-0.707106781186698));
#8699=DIRECTION('ref_axis',(-4.71484343495036E-16,1.,-5.47079666113152E-14));
#8700=DIRECTION('center_axis',(0.707106781186698,-3.83509843992713E-14,
-0.707106781186397));
#8701=DIRECTION('ref_axis',(-4.71484343495036E-16,1.,-5.47079666113152E-14));
#8702=DIRECTION('center_axis',(-0.707106781186397,-3.9017763952305E-14,
-0.707106781186698));
#8703=DIRECTION('ref_axis',(-4.71484343495036E-16,1.,-5.47079666113152E-14));
#8704=DIRECTION('center_axis',(0.707106781186698,-3.83509843992713E-14,
-0.707106781186397));
#8705=DIRECTION('ref_axis',(-4.71484343495036E-16,1.,-5.47079666113152E-14));
#8706=DIRECTION('center_axis',(0.,1.,-6.55106997348696E-14));
#8707=DIRECTION('ref_axis',(-2.18368999116232E-13,6.55106997348696E-14,
1.));
#8708=DIRECTION('center_axis',(-2.11756250807843E-13,0.0871557427477129,
0.996194698091741));
#8709=DIRECTION('ref_axis',(1.80529860393472E-14,0.996194698091741,-0.0871557427477128));
#8710=DIRECTION('center_axis',(-0.996194698091746,0.0871557427476579,-2.16483271703916E-13));
#8711=DIRECTION('ref_axis',(0.0871557427476579,0.996194698091746,-3.5310662270527E-14));
#8712=DIRECTION('center_axis',(-2.11756250807843E-13,0.0871557427477129,
0.996194698091741));
#8713=DIRECTION('ref_axis',(2.68946589809247E-14,0.996194698091741,-0.0871557427477129));
#8714=DIRECTION('center_axis',(-0.996194698091746,0.0871557427476579,-2.16483271703916E-13));
#8715=DIRECTION('ref_axis',(0.0871557427476579,0.996194698091745,-3.59771100390022E-14));
#8716=DIRECTION('center_axis',(2.11674065671541E-13,0.0871557427476039,
-0.99619469809175));
#8717=DIRECTION('ref_axis',(1.89923664457933E-14,-0.99619469809175,-0.0871557427476039));
#8718=DIRECTION('center_axis',(-0.996194698091746,0.0871557427476579,-2.16483271703916E-13));
#8719=DIRECTION('ref_axis',(0.0871557427476579,0.996194698091746,-3.39777667335764E-14));
#8720=DIRECTION('center_axis',(2.06833606449125E-13,0.0871557427476039,
-0.99619469809175));
#8721=DIRECTION('ref_axis',(2.43473518451665E-14,-0.99619469809175,-0.0871557427476039));
#8722=DIRECTION('center_axis',(0.996194698091746,0.0871557427476588,2.06947044775469E-13));
#8723=DIRECTION('ref_axis',(0.0871557427476588,-0.996194698091745,7.30224625241427E-14));
#8724=DIRECTION('center_axis',(2.11674065671541E-13,0.0871557427476039,
-0.99619469809175));
#8725=DIRECTION('ref_axis',(2.24969776430124E-14,-0.99619469809175,-0.0871557427476039));
#8726=DIRECTION('center_axis',(0.996194698091746,0.0871557427476588,2.06947044775469E-13));
#8727=DIRECTION('ref_axis',(0.0871557427476588,-0.996194698091745,8.36054124904455E-14));
#8728=DIRECTION('center_axis',(-2.11756250807843E-13,0.0871557427477129,
0.996194698091741));
#8729=DIRECTION('ref_axis',(1.88871061281753E-14,0.996194698091741,-0.0871557427477129));
#8730=DIRECTION('center_axis',(0.996194698091746,0.0871557427476588,2.06947044775469E-13));
#8731=DIRECTION('ref_axis',(0.0871557427476588,-0.996194698091745,6.96739330685812E-14));
#8732=DIRECTION('center_axis',(-2.11756250807843E-13,0.0871557427477129,
0.996194698091741));
#8733=DIRECTION('ref_axis',(1.80529860393472E-14,0.996194698091741,-0.0871557427477128));
#8734=DIRECTION('center_axis',(-1.,-4.71484343506983E-16,-2.1836899911623E-13));
#8735=DIRECTION('ref_axis',(2.1836899911623E-13,-5.45922497790574E-14,-1.));
#8736=DIRECTION('center_axis',(7.45444702118131E-15,-1.,5.47079666113167E-14));
#8737=DIRECTION('ref_axis',(-2.12523875749632E-13,5.47079666113151E-14,
1.));
#8738=DIRECTION('center_axis',(7.45444702118131E-15,-1.,5.47079666113167E-14));
#8739=DIRECTION('ref_axis',(2.12523875749632E-13,-5.47079666113151E-14,
-1.));
#8740=DIRECTION('center_axis',(2.11756250807843E-13,-0.0871557427477129,
-0.996194698091741));
#8741=DIRECTION('ref_axis',(1.80529860393472E-14,0.996194698091741,-0.0871557427477129));
#8742=DIRECTION('',(0.0868265938642296,-0.992432509138962,0.0868265938643203));
#8743=DIRECTION('',(1.,4.71484343506663E-16,2.12523875749632E-13));
#8744=DIRECTION('',(-0.0868265938642661,-0.992432509138962,0.0868265938642828));
#8745=DIRECTION('center_axis',(-0.996194698091746,-0.0871557427476588,-2.06947044775469E-13));
#8746=DIRECTION('ref_axis',(0.0871557427476588,-0.996194698091745,7.30224625241427E-14));
#8747=DIRECTION('',(0.0868265938642299,-0.992432509138962,0.0868265938643201));
#8748=DIRECTION('',(2.12523875749632E-13,-5.47079666113151E-14,-1.));
#8749=DIRECTION('center_axis',(2.11756250807843E-13,-0.0871557427477129,
-0.996194698091741));
#8750=DIRECTION('ref_axis',(1.80529860393472E-14,0.996194698091741,-0.0871557427477129));
#8751=DIRECTION('',(0.0868265938642298,-0.992432509138962,0.0868265938643212));
#8752=DIRECTION('',(1.,4.71484343506663E-16,2.12523875749632E-13));
#8753=DIRECTION('center_axis',(-0.996194698091746,-0.0871557427476588,-2.06947044775469E-13));
#8754=DIRECTION('ref_axis',(0.0871557427476588,-0.996194698091745,7.30224625241427E-14));
#8755=DIRECTION('',(0.0868265938642668,-0.992432509138972,-0.0868265938641758));
#8756=DIRECTION('',(2.12523875749632E-13,-5.47079666113151E-14,-1.));
#8757=DIRECTION('center_axis',(-2.11674065671541E-13,-0.0871557427476039,
0.99619469809175));
#8758=DIRECTION('ref_axis',(1.89923664457933E-14,-0.99619469809175,-0.0871557427476039));
#8759=DIRECTION('',(0.086826593864267,-0.992432509138972,-0.0868265938641746));
#8760=DIRECTION('',(-1.,-4.71484343506663E-16,-2.12523875749632E-13));
#8761=DIRECTION('center_axis',(-0.996194698091746,-0.0871557427476588,-2.06947044775469E-13));
#8762=DIRECTION('ref_axis',(0.0871557427476588,-0.996194698091745,7.30224625241427E-14));
#8763=DIRECTION('',(0.0868265938642669,-0.992432509138972,-0.0868265938641752));
#8764=DIRECTION('',(2.12523875749632E-13,-5.47079666113151E-14,-1.));
#8765=DIRECTION('center_axis',(-2.06833606449125E-13,-0.0871557427476039,
0.99619469809175));
#8766=DIRECTION('ref_axis',(1.89923664457933E-14,-0.99619469809175,-0.0871557427476039));
#8767=DIRECTION('',(-0.0868265938642285,-0.992432509138972,-0.086826593864211));
#8768=DIRECTION('',(-1.,-4.71484343506663E-16,-2.12523875749632E-13));
#8769=DIRECTION('center_axis',(0.996194698091746,-0.0871557427476579,2.16483271703916E-13));
#8770=DIRECTION('ref_axis',(0.0871557427476579,0.996194698091746,-3.59771100390022E-14));
#8771=DIRECTION('',(-0.0868265938642287,-0.992432509138972,-0.0868265938642123));
#8772=DIRECTION('',(-2.12523875749632E-13,5.47079666113151E-14,1.));
#8773=DIRECTION('center_axis',(-2.11674065671541E-13,-0.0871557427476039,
0.99619469809175));
#8774=DIRECTION('ref_axis',(1.89923664457933E-14,-0.99619469809175,-0.0871557427476039));
#8775=DIRECTION('',(-0.0868265938642291,-0.992432509138972,-0.0868265938642119));
#8776=DIRECTION('',(-1.,-4.71484343506663E-16,-2.12523875749632E-13));
#8777=DIRECTION('center_axis',(0.996194698091746,-0.0871557427476579,2.16483271703916E-13));
#8778=DIRECTION('ref_axis',(0.0871557427476579,0.996194698091746,-3.59771100390022E-14));
#8779=DIRECTION('',(-0.086826593864266,-0.992432509138962,0.0868265938642836));
#8780=DIRECTION('',(-2.12523875749632E-13,5.47079666113151E-14,1.));
#8781=DIRECTION('center_axis',(2.11756250807843E-13,-0.0871557427477129,
-0.996194698091741));
#8782=DIRECTION('ref_axis',(1.80529860393472E-14,0.996194698091741,-0.0871557427477129));
#8783=DIRECTION('',(-0.0868265938642658,-0.992432509138963,0.0868265938642842));
#8784=DIRECTION('',(1.,4.71484343506663E-16,2.12523875749632E-13));
#8785=DIRECTION('center_axis',(0.996194698091746,-0.0871557427476579,2.16483271703916E-13));
#8786=DIRECTION('ref_axis',(0.0871557427476579,0.996194698091746,-3.59771100390022E-14));
#8787=DIRECTION('',(-2.12523875749632E-13,5.47079666113151E-14,1.));
#8788=DIRECTION('center_axis',(-4.71484343495036E-16,1.,-5.47079666113152E-14));
#8789=DIRECTION('ref_axis',(-2.12523875749632E-13,5.47079666113151E-14,
1.));
#8790=DIRECTION('center_axis',(0.,1.,-6.55106997348696E-14));
#8791=DIRECTION('ref_axis',(-2.18368999116232E-13,6.55106997348696E-14,
1.));
#8792=DIRECTION('center_axis',(-2.1659671003026E-13,0.0871557427477129,
0.996194698091741));
#8793=DIRECTION('ref_axis',(1.80529860393472E-14,0.996194698091741,-0.0871557427477128));
#8794=DIRECTION('center_axis',(-0.996194698091746,0.0871557427476579,-2.16483271703916E-13));
#8795=DIRECTION('ref_axis',(0.0871557427476579,0.996194698091746,-3.59771100390022E-14));
#8796=DIRECTION('center_axis',(-2.11756250807843E-13,0.0871557427477129,
0.996194698091741));
#8797=DIRECTION('ref_axis',(1.53828060795612E-14,0.996194698091741,-0.0871557427477128));
#8798=DIRECTION('center_axis',(-0.996194698091746,0.0871557427476579,-2.16483271703916E-13));
#8799=DIRECTION('ref_axis',(0.0871557427476579,0.996194698091745,-3.59771100390022E-14));
#8800=DIRECTION('center_axis',(2.11674065671541E-13,0.0871557427476039,
-0.99619469809175));
#8801=DIRECTION('ref_axis',(2.24956708188711E-14,-0.99619469809175,-0.0871557427476039));
#8802=DIRECTION('center_axis',(-0.996194698091746,0.0871557427476579,-2.16483271703916E-13));
#8803=DIRECTION('ref_axis',(0.0871557427476579,0.996194698091746,-4.33080354922304E-14));
#8804=DIRECTION('center_axis',(2.11674065671541E-13,0.0871557427476039,
-0.99619469809175));
#8805=DIRECTION('ref_axis',(1.89923664457933E-14,-0.99619469809175,-0.0871557427476039));
#8806=DIRECTION('center_axis',(0.996194698091746,0.0871557427476588,2.06947044775469E-13));
#8807=DIRECTION('ref_axis',(0.0871557427476588,-0.996194698091745,8.9095403910838E-14));
#8808=DIRECTION('center_axis',(2.11674065671541E-13,0.0871557427476039,
-0.99619469809175));
#8809=DIRECTION('ref_axis',(1.89923664457933E-14,-0.99619469809175,-0.0871557427476039));
#8810=DIRECTION('center_axis',(0.996194698091746,0.0871557427476588,2.06947044775469E-13));
#8811=DIRECTION('ref_axis',(0.0871557427476588,-0.996194698091745,7.30224625241427E-14));
#8812=DIRECTION('center_axis',(-2.11756250807843E-13,0.0871557427477129,
0.996194698091741));
#8813=DIRECTION('ref_axis',(1.80529860393472E-14,0.996194698091741,-0.0871557427477128));
#8814=DIRECTION('center_axis',(0.996194698091746,0.0871557427476588,2.06947044775469E-13));
#8815=DIRECTION('ref_axis',(0.0871557427476588,-0.996194698091745,7.63709919797042E-14));
#8816=DIRECTION('center_axis',(-2.1659671003026E-13,0.0871557427477129,
0.996194698091741));
#8817=DIRECTION('ref_axis',(1.80529860393472E-14,0.996194698091741,-0.0871557427477128));
#8818=DIRECTION('center_axis',(-1.,-4.71484343506983E-16,-2.1836899911623E-13));
#8819=DIRECTION('ref_axis',(2.1836899911623E-13,-5.45922497790574E-14,-1.));
#8820=DIRECTION('center_axis',(-7.45444702118131E-15,1.,-5.47079666113167E-14));
#8821=DIRECTION('ref_axis',(-2.12523875749632E-13,5.47079666113151E-14,
1.));
#8822=DIRECTION('center_axis',(7.45444702118131E-15,-1.,5.47079666113167E-14));
#8823=DIRECTION('ref_axis',(2.12523875749632E-13,-5.47079666113151E-14,
-1.));
#8824=DIRECTION('center_axis',(-2.11674065671541E-13,-0.0871557427476039,
0.99619469809175));
#8825=DIRECTION('ref_axis',(1.89923664457933E-14,-0.99619469809175,-0.0871557427476039));
#8826=DIRECTION('',(-0.0868265938642286,-0.992432509138972,-0.0868265938642123));
#8827=DIRECTION('',(1.,4.71484343506663E-16,2.12523875749632E-13));
#8828=DIRECTION('',(0.0868265938642668,-0.992432509138972,-0.0868265938641749));
#8829=DIRECTION('center_axis',(0.996194698091746,-0.0871557427476579,2.16483271703916E-13));
#8830=DIRECTION('ref_axis',(0.0871557427476579,0.996194698091746,-3.59771100390022E-14));
#8831=DIRECTION('',(-0.0868265938642289,-0.992432509138972,-0.0868265938642125));
#8832=DIRECTION('',(2.12523875749632E-13,-5.47079666113151E-14,-1.));
#8833=DIRECTION('center_axis',(-2.11674065671541E-13,-0.0871557427476039,
0.99619469809175));
#8834=DIRECTION('ref_axis',(1.89923664457933E-14,-0.99619469809175,-0.0871557427476039));
#8835=DIRECTION('',(-0.0868265938642294,-0.992432509138972,-0.086826593864212));
#8836=DIRECTION('',(1.,4.71484343506663E-16,2.12523875749632E-13));
#8837=DIRECTION('center_axis',(0.996194698091746,-0.0871557427476579,2.16483271703916E-13));
#8838=DIRECTION('ref_axis',(0.0871557427476579,0.996194698091746,-3.59771100390022E-14));
#8839=DIRECTION('',(-0.086826593864266,-0.992432509138962,0.0868265938642835));
#8840=DIRECTION('',(2.12523875749632E-13,-5.47079666113151E-14,-1.));
#8841=DIRECTION('center_axis',(2.11756250807843E-13,-0.0871557427477129,
-0.996194698091741));
#8842=DIRECTION('ref_axis',(1.80529860393472E-14,0.996194698091741,-0.0871557427477129));
#8843=DIRECTION('',(-0.0868265938642661,-0.992432509138962,0.086826593864284));
#8844=DIRECTION('',(-1.,-4.71484343506663E-16,-2.12523875749632E-13));
#8845=DIRECTION('center_axis',(0.996194698091746,-0.0871557427476579,2.16483271703916E-13));
#8846=DIRECTION('ref_axis',(0.0871557427476579,0.996194698091746,-3.59771100390022E-14));
#8847=DIRECTION('',(-0.086826593864266,-0.992432509138962,0.0868265938642838));
#8848=DIRECTION('',(2.12523875749632E-13,-5.47079666113151E-14,-1.));
#8849=DIRECTION('center_axis',(2.1659671003026E-13,-0.0871557427477129,
-0.996194698091741));
#8850=DIRECTION('ref_axis',(1.80529860393472E-14,0.996194698091741,-0.0871557427477129));
#8851=DIRECTION('',(0.08682659386423,-0.992432509138962,0.0868265938643208));
#8852=DIRECTION('',(-1.,-4.71484343507003E-16,-2.18743330457192E-13));
#8853=DIRECTION('center_axis',(-0.996194698091746,-0.0871557427476588,-2.06947044775469E-13));
#8854=DIRECTION('ref_axis',(0.0871557427476588,-0.996194698091745,7.30224625241427E-14));
#8855=DIRECTION('',(0.0868265938642298,-0.992432509138962,0.086826593864321));
#8856=DIRECTION('',(-2.12523875749632E-13,5.47079666113151E-14,1.));
#8857=DIRECTION('center_axis',(2.11756250807843E-13,-0.0871557427477129,
-0.996194698091741));
#8858=DIRECTION('ref_axis',(1.80529860393472E-14,0.996194698091741,-0.0871557427477129));
#8859=DIRECTION('',(0.0868265938642301,-0.992432509138962,0.0868265938643214));
#8860=DIRECTION('',(-1.,-4.71484343506663E-16,-2.12523875749632E-13));
#8861=DIRECTION('center_axis',(-0.996194698091746,-0.0871557427476588,-2.06947044775469E-13));
#8862=DIRECTION('ref_axis',(0.0871557427476588,-0.996194698091745,7.30224625241427E-14));
#8863=DIRECTION('',(0.0868265938642667,-0.992432509138972,-0.0868265938641757));
#8864=DIRECTION('',(-2.12523875749632E-13,5.47079666113151E-14,1.));
#8865=DIRECTION('center_axis',(-2.11674065671541E-13,-0.0871557427476039,
0.99619469809175));
#8866=DIRECTION('ref_axis',(1.89923664457933E-14,-0.99619469809175,-0.0871557427476039));
#8867=DIRECTION('',(0.086826593864267,-0.992432509138972,-0.0868265938641757));
#8868=DIRECTION('',(1.,4.71484343506663E-16,2.12523875749632E-13));
#8869=DIRECTION('center_axis',(-0.996194698091746,-0.0871557427476588,-2.06947044775469E-13));
#8870=DIRECTION('ref_axis',(0.0871557427476588,-0.996194698091745,7.30224625241427E-14));
#8871=DIRECTION('',(-2.12523875749632E-13,5.47079666113151E-14,1.));
#8872=DIRECTION('center_axis',(-4.71484343495036E-16,1.,-5.47079666113152E-14));
#8873=DIRECTION('ref_axis',(-2.12523875749632E-13,5.47079666113151E-14,
1.));
#8874=DIRECTION('center_axis',(-4.71484343495036E-16,1.,-5.47079666113152E-14));
#8875=DIRECTION('ref_axis',(-2.12523875749632E-13,5.47079666113151E-14,
1.));
#8876=DIRECTION('center_axis',(-4.71484343495036E-16,1.,-5.47079666113152E-14));
#8877=DIRECTION('ref_axis',(-2.12523875749632E-13,5.47079666113151E-14,
1.));
#8878=DIRECTION('',(-4.71484343495036E-16,1.,-5.47079666113152E-14));
#8879=DIRECTION('center_axis',(-4.71484343495036E-16,1.,-5.47079666113152E-14));
#8880=DIRECTION('ref_axis',(-2.12523875749632E-13,5.47079666113151E-14,
1.));
#8881=DIRECTION('',(-4.71484343495036E-16,1.,-5.47079666113152E-14));
#8882=DIRECTION('center_axis',(4.71484343495036E-16,-1.,5.47079666113152E-14));
#8883=DIRECTION('ref_axis',(2.12523875749632E-13,-5.47079666113151E-14,
-1.));
#8884=DIRECTION('center_axis',(4.71484343495036E-16,-1.,5.47079666113152E-14));
#8885=DIRECTION('ref_axis',(-2.12523875749632E-13,5.47079666113151E-14,
1.));
#8886=DIRECTION('',(-4.71484343495036E-16,1.,-5.47079666113152E-14));
#8887=DIRECTION('center_axis',(4.71484343495036E-16,-1.,5.47079666113152E-14));
#8888=DIRECTION('ref_axis',(-2.12523875749632E-13,5.47079666113151E-14,
1.));
#8889=DIRECTION('',(-4.71484343495036E-16,1.,-5.47079666113152E-14));
#8890=DIRECTION('center_axis',(4.71484343495036E-16,-1.,5.47079666113152E-14));
#8891=DIRECTION('ref_axis',(-2.07192601357146E-13,5.47079666113151E-14,
1.));
#8892=DIRECTION('',(-4.71484343495036E-16,1.,-5.47079666113152E-14));
#8893=DIRECTION('center_axis',(4.71484343495036E-16,-1.,5.47079666113152E-14));
#8894=DIRECTION('ref_axis',(-2.14356501322049E-13,5.47079666113151E-14,
1.));
#8895=DIRECTION('',(-4.71484343495036E-16,1.,-5.47079666113152E-14));
#8896=DIRECTION('center_axis',(4.71484343495036E-16,-1.,5.47079666113152E-14));
#8897=DIRECTION('ref_axis',(-2.12523875749632E-13,5.47079666113151E-14,
1.));
#8898=DIRECTION('',(4.71484343495036E-16,-1.,5.47079666113152E-14));
#8899=DIRECTION('center_axis',(4.71484343495036E-16,-1.,5.47079666113152E-14));
#8900=DIRECTION('ref_axis',(-2.12523875749632E-13,5.47079666113151E-14,
1.));
#8901=DIRECTION('center_axis',(4.71484343495036E-16,-1.,5.47079666113152E-14));
#8902=DIRECTION('ref_axis',(2.12523875749632E-13,-5.47079666113151E-14,
-1.));
#8903=DIRECTION('center_axis',(4.71484343495036E-16,-1.,5.47079666113152E-14));
#8904=DIRECTION('ref_axis',(-2.12523875749632E-13,5.47079666113151E-14,
1.));
#8905=DIRECTION('',(4.71484343495036E-16,-1.,5.47079666113152E-14));
#8906=DIRECTION('center_axis',(-4.71484343495036E-16,1.,-5.47079666113152E-14));
#8907=DIRECTION('ref_axis',(-2.12523875749632E-13,5.47079666113151E-14,
1.));
#8908=DIRECTION('center_axis',(4.71484343495036E-16,-1.,5.47079666113152E-14));
#8909=DIRECTION('ref_axis',(2.12523875749632E-13,-5.47079666113151E-14,
-1.));
#8910=DIRECTION('center_axis',(-4.71484343495036E-16,1.,-5.47079666113152E-14));
#8911=DIRECTION('ref_axis',(-2.12523875749632E-13,5.47079666113151E-14,
1.));
#8912=DIRECTION('',(4.71484343495036E-16,-1.,5.47079666113152E-14));
#8913=DIRECTION('center_axis',(-4.71484343495036E-16,1.,-5.47079666113152E-14));
#8914=DIRECTION('ref_axis',(-2.12523875749632E-13,5.47079666113151E-14,
1.));
#8915=DIRECTION('center_axis',(-4.71484343495036E-16,1.,-5.47079666113152E-14));
#8916=DIRECTION('ref_axis',(-2.12523875749632E-13,5.47079666113151E-14,
1.));
#8917=DIRECTION('',(-4.71484343495036E-16,1.,-5.47079666113152E-14));
#8918=DIRECTION('center_axis',(4.71484343495036E-16,-1.,5.47079666113152E-14));
#8919=DIRECTION('ref_axis',(-2.11690864125806E-13,5.47079666113151E-14,
1.));
#8920=DIRECTION('',(-4.71484343495036E-16,1.,-5.47079666113152E-14));
#8921=DIRECTION('center_axis',(-4.71484343495036E-16,1.,-5.47079666113152E-14));
#8922=DIRECTION('ref_axis',(-2.12523875749632E-13,5.47079666113151E-14,
1.));
#8923=DIRECTION('',(-4.71484343495036E-16,1.,-5.47079666113152E-14));
#8924=DIRECTION('center_axis',(4.71484343495036E-16,-1.,5.47079666113152E-14));
#8925=DIRECTION('ref_axis',(-2.12523875749632E-13,5.47079666113151E-14,
1.));
#8926=DIRECTION('',(-4.71484343495036E-16,1.,-5.47079666113152E-14));
#8927=DIRECTION('center_axis',(-4.71484343495036E-16,1.,-5.47079666113152E-14));
#8928=DIRECTION('ref_axis',(-2.12523875749632E-13,5.47079666113151E-14,
1.));
#8929=DIRECTION('',(-1.,-4.71484343506663E-16,-2.12523875749632E-13));
#8930=DIRECTION('',(-2.12523875749632E-13,5.47079666113151E-14,1.));
#8931=DIRECTION('',(0.707106781186397,3.9017763952305E-14,0.707106781186698));
#8932=DIRECTION('',(1.,4.71484343506663E-16,2.12523875749632E-13));
#8933=DIRECTION('',(0.7071067811867,-3.83509843992712E-14,-0.707106781186395));
#8934=DIRECTION('',(-2.1259710719745E-13,5.47079666113151E-14,1.));
#8935=DIRECTION('',(-1.,-4.71484343506663E-16,-2.12523875749632E-13));
#8936=DIRECTION('',(2.12523875749632E-13,-5.47079666113151E-14,-1.));
#8937=DIRECTION('center_axis',(1.,4.71484343506663E-16,2.12523875749632E-13));
#8938=DIRECTION('ref_axis',(-4.71484343495036E-16,1.,-5.47079666113152E-14));
#8939=DIRECTION('',(-4.71484343495036E-16,1.,-5.47079666113152E-14));
#8940=DIRECTION('',(-2.12523875749632E-13,5.47079666113151E-14,1.));
#8941=DIRECTION('',(-4.71484343495036E-16,1.,-5.47079666113152E-14));
#8942=DIRECTION('',(-2.12523875749632E-13,5.47079666113151E-14,1.));
#8943=DIRECTION('',(4.71484343495036E-16,-1.,5.47079666113152E-14));
#8944=DIRECTION('',(-2.12523875749632E-13,5.47079666113151E-14,1.));
#8945=DIRECTION('',(-4.71484343495036E-16,1.,-5.47079666113152E-14));
#8946=DIRECTION('center_axis',(-4.71484343495036E-16,1.,-5.47079666113152E-14));
#8947=DIRECTION('ref_axis',(-2.12523875749632E-13,5.47079666113151E-14,
1.));
#8948=DIRECTION('',(-1.,-4.71484343506663E-16,-2.12523875749632E-13));
#8949=DIRECTION('',(2.12437410968508E-13,-5.47079666113151E-14,-1.));
#8950=DIRECTION('',(-1.,-4.71484343506607E-16,-2.11511760791569E-13));
#8951=DIRECTION('',(2.12523875749632E-13,-5.47079666113151E-14,-1.));
#8952=DIRECTION('',(2.12523875749632E-13,-5.47079666113151E-14,-1.));
#8953=DIRECTION('',(-1.,-4.71484343506566E-16,-2.10759621718249E-13));
#8954=DIRECTION('',(-2.12523875749632E-13,5.47079666113151E-14,1.));
#8955=DIRECTION('',(0.707106781186393,3.90177639523052E-14,0.707106781186702));
#8956=DIRECTION('',(1.,4.71484343506686E-16,2.12949244461089E-13));
#8957=DIRECTION('center_axis',(-4.71484343495036E-16,1.,-5.47079666113152E-14));
#8958=DIRECTION('ref_axis',(-2.12523875749632E-13,5.47079666113151E-14,
1.));
#8959=DIRECTION('',(-2.12523875749632E-13,5.47079666113151E-14,1.));
#8960=DIRECTION('',(1.,4.71484343506663E-16,2.12523875749632E-13));
#8961=DIRECTION('',(-2.12523875749632E-13,5.47079666113151E-14,1.));
#8962=DIRECTION('center_axis',(-4.71484343495036E-16,1.,-5.47079666113152E-14));
#8963=DIRECTION('ref_axis',(-2.12523875749632E-13,5.47079666113151E-14,
1.));
#8964=DIRECTION('',(1.,4.71484343506587E-16,2.11144738235759E-13));
#8965=DIRECTION('',(-2.12523875749632E-13,5.47079666113151E-14,1.));
#8966=DIRECTION('',(1.,4.71484343506625E-16,2.11834306992696E-13));
#8967=DIRECTION('center_axis',(4.71484343495036E-16,-1.,5.47079666113152E-14));
#8968=DIRECTION('ref_axis',(-2.14258599225609E-13,5.47079666113151E-14,
1.));
#8969=DIRECTION('',(2.12523875749632E-13,-5.47079666113151E-14,-1.));
#8970=DIRECTION('',(1.,4.71484343506663E-16,2.12523875749632E-13));
#8971=DIRECTION('',(2.12523875749632E-13,-5.47079666113151E-14,-1.));
#8972=DIRECTION('center_axis',(4.71484343495036E-16,-1.,5.47079666113152E-14));
#8973=DIRECTION('ref_axis',(-2.12523875749632E-13,5.47079666113151E-14,
1.));
#8974=DIRECTION('',(1.,4.71484343506663E-16,2.12523875749632E-13));
#8975=DIRECTION('',(-0.707106781186701,3.83509843992711E-14,0.707106781186394));
#8976=DIRECTION('',(-1.,-4.71484343506759E-16,-2.14288129781015E-13));
#8977=DIRECTION('',(-2.12523875749632E-13,5.47079666113151E-14,1.));
#8978=DIRECTION('center_axis',(4.71484343495036E-16,-1.,5.47079666113152E-14));
#8979=DIRECTION('ref_axis',(-2.12523875749632E-13,5.47079666113151E-14,
1.));
#8980=DIRECTION('',(-2.12523875749632E-13,5.47079666113151E-14,1.));
#8981=DIRECTION('center_axis',(1.,4.71484343506663E-16,2.12523875749632E-13));
#8982=DIRECTION('ref_axis',(-4.71484343495036E-16,1.,-5.47079666113152E-14));
#8983=DIRECTION('',(-4.71484343495036E-16,1.,-5.47079666113152E-14));
#8984=DIRECTION('',(-2.12523875749632E-13,5.47079666113151E-14,1.));
#8985=DIRECTION('',(-4.71484343495036E-16,1.,-5.47079666113152E-14));
#8986=DIRECTION('',(-2.12523875749632E-13,5.47079666113151E-14,1.));
#8987=DIRECTION('',(4.71484343495036E-16,-1.,5.47079666113152E-14));
#8988=DIRECTION('',(-2.12523875749632E-13,5.47079666113151E-14,1.));
#8989=DIRECTION('',(-4.71484343495036E-16,1.,-5.47079666113152E-14));
#8990=DIRECTION('center_axis',(-4.71484343495036E-16,1.,-5.47079666113152E-14));
#8991=DIRECTION('ref_axis',(-2.12523875749632E-13,5.47079666113151E-14,
1.));
#8992=DIRECTION('',(-1.,-4.71484343506663E-16,-2.12523875749632E-13));
#8993=DIRECTION('',(2.12523875749632E-13,-5.47079666113151E-14,-1.));
#8994=DIRECTION('',(-1.,-4.71484343506663E-16,-2.12523875749632E-13));
#8995=DIRECTION('',(-2.12670338645269E-13,5.47079666113151E-14,1.));
#8996=DIRECTION('',(-0.707106781186396,-3.90177639523051E-14,-0.707106781186699));
#8997=DIRECTION('',(1.,4.71484343506663E-16,2.12523875749632E-13));
#8998=DIRECTION('',(-0.707106781186699,3.83509843992712E-14,0.707106781186396));
#8999=DIRECTION('center_axis',(2.11446424566919E-13,-5.47079666113151E-14,
-1.));
#9000=DIRECTION('ref_axis',(-4.71484343495036E-16,1.,-5.47079666113152E-14));
#9001=DIRECTION('',(1.,4.71484343506625E-16,2.11834306992696E-13));
#9002=DIRECTION('',(4.71484343495036E-16,-1.,5.47079666113152E-14));
#9003=DIRECTION('',(4.71484343495036E-16,-1.,5.47079666113152E-14));
#9004=DIRECTION('center_axis',(4.71484343495036E-16,-1.,5.47079666113152E-14));
#9005=DIRECTION('ref_axis',(2.12523875749632E-13,-5.47079666113151E-14,
-1.));
#9006=DIRECTION('center_axis',(4.71484343495036E-16,-1.,5.47079666113152E-14));
#9007=DIRECTION('ref_axis',(-2.14258599225609E-13,5.47079666113151E-14,
1.));
#9008=DIRECTION('',(4.71484343495036E-16,-1.,5.47079666113152E-14));
#9009=DIRECTION('center_axis',(-1.,-4.71484343506663E-16,-2.12523875749632E-13));
#9010=DIRECTION('ref_axis',(4.71484343495036E-16,-1.,5.47079666113152E-14));
#9011=DIRECTION('',(2.12523875749632E-13,-5.47079666113151E-14,-1.));
#9012=DIRECTION('',(4.71484343495036E-16,-1.,5.47079666113152E-14));
#9013=DIRECTION('center_axis',(2.12523875749632E-13,-5.47079666113151E-14,
-1.));
#9014=DIRECTION('ref_axis',(-4.71484343495036E-16,1.,-5.47079666113152E-14));
#9015=DIRECTION('',(1.,4.71484343506663E-16,2.12523875749632E-13));
#9016=DIRECTION('',(4.71484343495036E-16,-1.,5.47079666113152E-14));
#9017=DIRECTION('center_axis',(-1.,-4.71484343506663E-16,-2.12523875749632E-13));
#9018=DIRECTION('ref_axis',(4.71484343495036E-16,-1.,5.47079666113152E-14));
#9019=DIRECTION('',(2.12523875749632E-13,-5.47079666113151E-14,-1.));
#9020=DIRECTION('',(4.71484343495036E-16,-1.,5.47079666113152E-14));
#9021=DIRECTION('center_axis',(4.71484343495036E-16,-1.,5.47079666113152E-14));
#9022=DIRECTION('ref_axis',(2.12523875749632E-13,-5.47079666113151E-14,
-1.));
#9023=DIRECTION('center_axis',(4.71484343495036E-16,-1.,5.47079666113152E-14));
#9024=DIRECTION('ref_axis',(-2.12523875749632E-13,5.47079666113151E-14,
1.));
#9025=DIRECTION('',(4.71484343495036E-16,-1.,5.47079666113152E-14));
#9026=DIRECTION('center_axis',(2.12523875749632E-13,-5.47079666113151E-14,
-1.));
#9027=DIRECTION('ref_axis',(-4.71484343495036E-16,1.,-5.47079666113152E-14));
#9028=DIRECTION('',(1.,4.71484343506663E-16,2.12523875749632E-13));
#9029=DIRECTION('',(-4.71484343495036E-16,1.,-5.47079666113152E-14));
#9030=DIRECTION('center_axis',(2.12740716184129E-13,-5.47079666113151E-14,
-1.));
#9031=DIRECTION('ref_axis',(-4.71484343495036E-16,1.,-5.47079666113152E-14));
#9032=DIRECTION('',(4.71484343495036E-16,-1.,5.47079666113152E-14));
#9033=DIRECTION('',(1.,4.71484343506663E-16,2.12523875749632E-13));
#9034=DIRECTION('',(-4.71484343495036E-16,1.,-5.47079666113152E-14));
#9035=DIRECTION('center_axis',(1.,4.71484343506663E-16,2.12523875749632E-13));
#9036=DIRECTION('ref_axis',(-4.71484343495036E-16,1.,-5.47079666113152E-14));
#9037=DIRECTION('',(-4.71484343495036E-16,1.,-5.47079666113152E-14));
#9038=DIRECTION('',(2.12523875749632E-13,-5.47079666113151E-14,-1.));
#9039=DIRECTION('',(-4.71484343495036E-16,1.,-5.47079666113152E-14));
#9040=DIRECTION('',(4.71484343495036E-16,-1.,5.47079666113152E-14));
#9041=DIRECTION('',(-2.12616394335017E-13,5.47079666113151E-14,1.));
#9042=DIRECTION('',(-4.71484343495036E-16,1.,-5.47079666113152E-14));
#9043=DIRECTION('center_axis',(2.12307035315135E-13,-5.47079666113151E-14,
-1.));
#9044=DIRECTION('ref_axis',(-4.71484343495036E-16,1.,-5.47079666113152E-14));
#9045=DIRECTION('',(1.,4.71484343506663E-16,2.12523875749632E-13));
#9046=DIRECTION('',(-4.71484343495036E-16,1.,-5.47079666113152E-14));
#9047=DIRECTION('',(4.71484343495036E-16,-1.,5.47079666113152E-14));
#9048=DIRECTION('center_axis',(2.13541301376709E-13,-5.47079666113151E-14,
-1.));
#9049=DIRECTION('ref_axis',(-4.71484343495036E-16,1.,-5.47079666113152E-14));
#9050=DIRECTION('',(4.71484343495036E-16,-1.,5.47079666113152E-14));
#9051=DIRECTION('',(1.,4.71484343506686E-16,2.12949244461089E-13));
#9052=DIRECTION('',(4.71484343495036E-16,-1.,5.47079666113152E-14));
#9053=DIRECTION('center_axis',(4.71484343495036E-16,-1.,5.47079666113152E-14));
#9054=DIRECTION('ref_axis',(2.12523875749632E-13,-5.47079666113151E-14,
-1.));
#9055=DIRECTION('center_axis',(-4.71484343495036E-16,1.,-5.47079666113152E-14));
#9056=DIRECTION('ref_axis',(-2.12523875749632E-13,5.47079666113151E-14,
1.));
#9057=DIRECTION('',(4.71484343495036E-16,-1.,5.47079666113152E-14));
#9058=DIRECTION('center_axis',(1.,4.71484343506663E-16,2.12523875749632E-13));
#9059=DIRECTION('ref_axis',(-4.71484343495036E-16,1.,-5.47079666113152E-14));
#9060=DIRECTION('',(-2.12523875749632E-13,5.47079666113151E-14,1.));
#9061=DIRECTION('',(4.71484343495036E-16,-1.,5.47079666113152E-14));
#9062=DIRECTION('center_axis',(2.12523875749632E-13,-5.47079666113151E-14,
-1.));
#9063=DIRECTION('ref_axis',(-4.71484343495036E-16,1.,-5.47079666113152E-14));
#9064=DIRECTION('',(1.,4.71484343506663E-16,2.12523875749632E-13));
#9065=DIRECTION('',(4.71484343495036E-16,-1.,5.47079666113152E-14));
#9066=DIRECTION('center_axis',(1.,4.71484343506663E-16,2.12523875749632E-13));
#9067=DIRECTION('ref_axis',(-4.71484343495036E-16,1.,-5.47079666113152E-14));
#9068=DIRECTION('',(-2.12523875749632E-13,5.47079666113151E-14,1.));
#9069=DIRECTION('',(4.71484343495036E-16,-1.,5.47079666113152E-14));
#9070=DIRECTION('center_axis',(4.71484343495036E-16,-1.,5.47079666113152E-14));
#9071=DIRECTION('ref_axis',(2.12523875749632E-13,-5.47079666113151E-14,
-1.));
#9072=DIRECTION('center_axis',(-4.71484343495036E-16,1.,-5.47079666113152E-14));
#9073=DIRECTION('ref_axis',(-2.12523875749632E-13,5.47079666113151E-14,
1.));
#9074=DIRECTION('',(4.71484343495036E-16,-1.,5.47079666113152E-14));
#9075=DIRECTION('center_axis',(2.11446424566919E-13,-5.47079666113151E-14,
-1.));
#9076=DIRECTION('ref_axis',(-4.71484343495036E-16,1.,-5.47079666113152E-14));
#9077=DIRECTION('',(1.,4.71484343506587E-16,2.11144738235759E-13));
#9078=DIRECTION('',(4.71484343495036E-16,-1.,5.47079666113152E-14));
#9079=DIRECTION('center_axis',(1.,4.71484343506663E-16,2.12523875749632E-13));
#9080=DIRECTION('ref_axis',(-4.71484343495036E-16,1.,-5.47079666113152E-14));
#9081=DIRECTION('',(-2.12523875749632E-13,5.47079666113151E-14,1.));
#9082=DIRECTION('center_axis',(-4.71484343495036E-16,1.,-5.47079666113152E-14));
#9083=DIRECTION('ref_axis',(-2.12523875749632E-13,5.47079666113151E-14,
1.));
#9084=DIRECTION('',(0.7071067811867,-3.83509843992712E-14,-0.707106781186395));
#9085=DIRECTION('',(-0.707106781186395,-3.90177639523051E-14,-0.7071067811867));
#9086=DIRECTION('',(0.7071067811867,-3.83509843992712E-14,-0.707106781186395));
#9087=DIRECTION('',(0.707106781186396,3.90177639523051E-14,0.707106781186699));
#9088=DIRECTION('',(-0.707106781186699,3.83509843992713E-14,0.707106781186396));
#9089=DIRECTION('',(-0.707106781186397,-3.9017763952305E-14,-0.707106781186698));
#9090=DIRECTION('center_axis',(0.707106781186396,3.90177639523051E-14,0.707106781186699));
#9091=DIRECTION('ref_axis',(4.71484343495036E-16,-1.,5.47079666113152E-14));
#9092=DIRECTION('center_axis',(-0.707106781186699,3.83509843992712E-14,
0.707106781186396));
#9093=DIRECTION('ref_axis',(4.71484343495036E-16,-1.,5.47079666113152E-14));
#9094=DIRECTION('center_axis',(-0.707106781186394,-3.90177639523052E-14,
-0.707106781186701));
#9095=DIRECTION('ref_axis',(-4.71484343495036E-16,1.,-5.47079666113152E-14));
#9096=DIRECTION('center_axis',(0.707106781186699,-3.83509843992712E-14,
-0.707106781186396));
#9097=DIRECTION('ref_axis',(-4.71484343495036E-16,1.,-5.47079666113152E-14));
#9098=DIRECTION('center_axis',(0.707106781186701,-3.83509843992711E-14,
-0.707106781186394));
#9099=DIRECTION('ref_axis',(-4.71484343495036E-16,1.,-5.47079666113152E-14));
#9100=DIRECTION('center_axis',(-0.707106781186396,-3.90177639523051E-14,
-0.707106781186699));
#9101=DIRECTION('ref_axis',(-4.71484343495036E-16,1.,-5.47079666113152E-14));
#9102=DIRECTION('center_axis',(2.12523875749632E-13,-5.47079666113151E-14,
-1.));
#9103=DIRECTION('ref_axis',(-4.71484343495036E-16,1.,-5.47079666113152E-14));
#9104=DIRECTION('',(-4.71484343495036E-16,1.,-5.47079666113152E-14));
#9105=DIRECTION('',(-1.,-4.71484343506663E-16,-2.12523875749632E-13));
#9106=DIRECTION('center_axis',(2.12523875749632E-13,-5.47079666113151E-14,
-1.));
#9107=DIRECTION('ref_axis',(-4.71484343495036E-16,1.,-5.47079666113152E-14));
#9108=DIRECTION('',(-1.,-4.71484343506663E-16,-2.12523875749632E-13));
#9109=DIRECTION('',(-4.71484343495036E-16,1.,-5.47079666113152E-14));
#9110=DIRECTION('center_axis',(1.,4.71484343506663E-16,2.12523875749632E-13));
#9111=DIRECTION('ref_axis',(-4.71484343495036E-16,1.,-5.47079666113152E-14));
#9112=DIRECTION('',(2.12523875749632E-13,-5.47079666113151E-14,-1.));
#9113=DIRECTION('center_axis',(1.,4.71484343506663E-16,2.12523875749632E-13));
#9114=DIRECTION('ref_axis',(-4.71484343495036E-16,1.,-5.47079666113152E-14));
#9115=DIRECTION('',(2.12437410968508E-13,-5.47079666113151E-14,-1.));
#9116=DIRECTION('center_axis',(1.,4.71484343506663E-16,2.12523875749632E-13));
#9117=DIRECTION('ref_axis',(-4.71484343495036E-16,1.,-5.47079666113152E-14));
#9118=DIRECTION('',(2.12523875749632E-13,-5.47079666113151E-14,-1.));
#9119=DIRECTION('center_axis',(-4.71484343495036E-16,1.,-5.47079666113152E-14));
#9120=DIRECTION('ref_axis',(-2.12523875749632E-13,5.47079666113151E-14,
1.));
#9121=DIRECTION('center_axis',(1.,4.71484343506663E-16,2.12523875749632E-13));
#9122=DIRECTION('ref_axis',(-4.71484343495036E-16,1.,-5.47079666113152E-14));
#9123=DIRECTION('',(2.12523875749632E-13,-5.47079666113151E-14,-1.));
#9124=DIRECTION('',(-4.71484343495036E-16,1.,-5.47079666113152E-14));
#9125=DIRECTION('center_axis',(2.11113868048316E-13,-5.47079666113151E-14,
-1.));
#9126=DIRECTION('ref_axis',(-4.71484343495036E-16,1.,-5.47079666113152E-14));
#9127=DIRECTION('',(-1.,-4.71484343506566E-16,-2.10759621718249E-13));
#9128=DIRECTION('center_axis',(2.12523875749632E-13,-5.47079666113151E-14,
-1.));
#9129=DIRECTION('ref_axis',(-4.71484343495036E-16,1.,-5.47079666113152E-14));
#9130=DIRECTION('',(-1.,-4.71484343506663E-16,-2.12523875749632E-13));
#9131=DIRECTION('center_axis',(2.11078272852985E-13,-5.47079666113151E-14,
-1.));
#9132=DIRECTION('ref_axis',(-4.71484343495036E-16,1.,-5.47079666113152E-14));
#9133=DIRECTION('',(-1.,-4.71484343506607E-16,-2.11511760791569E-13));
#9134=DIRECTION('',(-4.71484343495036E-16,1.,-5.47079666113152E-14));
#9135=DIRECTION('center_axis',(1.,4.71484343506663E-16,2.12523875749632E-13));
#9136=DIRECTION('ref_axis',(-4.71484343495036E-16,1.,-5.47079666113152E-14));
#9137=DIRECTION('',(2.12523875749632E-13,-5.47079666113151E-14,-1.));
#9138=DIRECTION('center_axis',(-4.71484343495036E-16,1.,-5.47079666113152E-14));
#9139=DIRECTION('ref_axis',(-2.12523875749632E-13,5.47079666113151E-14,
1.));
#9140=DIRECTION('center_axis',(-4.71484343495036E-16,1.,-5.47079666113152E-14));
#9141=DIRECTION('ref_axis',(0.0500627750600308,-5.4615763006269E-14,-0.998746073110322));
#9142=DIRECTION('',(-4.71484343495036E-16,1.,-5.47079666113152E-14));
#9143=DIRECTION('center_axis',(4.71484343495036E-16,-1.,5.47079666113152E-14));
#9144=DIRECTION('ref_axis',(-2.12523875749632E-13,5.47079666113151E-14,
1.));
#9145=DIRECTION('',(-4.71484343495036E-16,1.,-5.47079666113152E-14));
#9146=DIRECTION('center_axis',(-1.,-4.71484343506663E-16,-2.12523875749632E-13));
#9147=DIRECTION('ref_axis',(4.71484343495036E-16,-1.,5.47079666113152E-14));
#9148=DIRECTION('',(-2.12523875749632E-13,5.47079666113151E-14,1.));
#9149=DIRECTION('',(-4.71484343495036E-16,1.,-5.47079666113152E-14));
#9150=DIRECTION('center_axis',(2.12042008117416E-13,-5.47079666113151E-14,
-1.));
#9151=DIRECTION('ref_axis',(-4.71484343495036E-16,1.,-5.47079666113152E-14));
#9152=DIRECTION('',(-1.,-4.71484343506663E-16,-2.12523875749632E-13));
#9153=DIRECTION('center_axis',(2.12523875749632E-13,-5.47079666113151E-14,
-1.));
#9154=DIRECTION('ref_axis',(-4.71484343495036E-16,1.,-5.47079666113152E-14));
#9155=DIRECTION('',(-1.,-4.71484343506663E-16,-2.12523875749632E-13));
#9156=DIRECTION('center_axis',(2.13933883450948E-13,-5.47079666113151E-14,
-1.));
#9157=DIRECTION('ref_axis',(-4.71484343495036E-16,1.,-5.47079666113152E-14));
#9158=DIRECTION('',(-1.,-4.71484343506759E-16,-2.14288129781015E-13));
#9159=DIRECTION('',(-4.71484343495036E-16,1.,-5.47079666113152E-14));
#9160=DIRECTION('center_axis',(-1.,-4.71484343506663E-16,-2.12523875749632E-13));
#9161=DIRECTION('ref_axis',(4.71484343495036E-16,-1.,5.47079666113152E-14));
#9162=DIRECTION('',(-2.12523875749632E-13,5.47079666113151E-14,1.));
#9163=DIRECTION('center_axis',(-4.71484343495036E-16,1.,-5.47079666113152E-14));
#9164=DIRECTION('ref_axis',(-2.12523875749632E-13,5.47079666113151E-14,
1.));
#9165=DIRECTION('center_axis',(-4.71484343495036E-16,1.,-5.47079666113152E-14));
#9166=DIRECTION('ref_axis',(2.12523875749632E-13,-5.47079666113151E-14,
-1.));
#9167=DIRECTION('center_axis',(-4.71484343495036E-16,1.,-5.47079666113152E-14));
#9168=DIRECTION('ref_axis',(-2.12523875749632E-13,5.47079666113151E-14,
1.));
#9169=DIRECTION('',(-4.71484343495036E-16,1.,-5.47079666113152E-14));
#9170=DIRECTION('center_axis',(-4.71484343495036E-16,1.,-5.47079666113152E-14));
#9171=DIRECTION('ref_axis',(-2.12523875749632E-13,5.47079666113151E-14,
1.));
#9172=DIRECTION('center_axis',(-4.71484343495036E-16,1.,-5.47079666113152E-14));
#9173=DIRECTION('ref_axis',(2.12523875749632E-13,-5.47079666113151E-14,
-1.));
#9174=DIRECTION('center_axis',(-4.71484343495036E-16,1.,-5.47079666113152E-14));
#9175=DIRECTION('ref_axis',(-2.12523875749632E-13,5.47079666113151E-14,
1.));
#9176=DIRECTION('',(-4.71484343495036E-16,1.,-5.47079666113152E-14));
#9177=DIRECTION('center_axis',(-4.71484343495036E-16,1.,-5.47079666113152E-14));
#9178=DIRECTION('ref_axis',(-2.12523875749632E-13,5.47079666113151E-14,
1.));
#9179=DIRECTION('',(-4.71484343495036E-16,1.,-5.47079666113152E-14));
#9180=DIRECTION('center_axis',(-4.71484343495036E-16,1.,-5.47079666113152E-14));
#9181=DIRECTION('ref_axis',(-2.12646340429547E-13,5.47079666113151E-14,
1.));
#9182=DIRECTION('center_axis',(-4.71484343495036E-16,1.,-5.47079666113152E-14));
#9183=DIRECTION('ref_axis',(-2.12523875749632E-13,5.47079666113151E-14,
1.));
#9184=DIRECTION('',(-4.71484343495036E-16,1.,-5.47079666113152E-14));
#9185=DIRECTION('center_axis',(-4.71484343495036E-16,1.,-5.47079666113152E-14));
#9186=DIRECTION('ref_axis',(-2.12523875749632E-13,5.47079666113151E-14,
1.));
#9187=DIRECTION('',(-4.71484343495036E-16,1.,-5.47079666113152E-14));
#9188=DIRECTION('center_axis',(2.12523875749632E-13,-5.47079666113151E-14,
-1.));
#9189=DIRECTION('ref_axis',(-4.71484343495036E-16,1.,-5.47079666113152E-14));
#9190=DIRECTION('',(1.,4.71484343506663E-16,2.12523875749632E-13));
#9191=DIRECTION('',(1.,4.71484343506663E-16,2.12523875749632E-13));
#9192=DIRECTION('',(4.71484343495036E-16,-1.,5.47079666113152E-14));
#9193=DIRECTION('center_axis',(1.,4.71484343506663E-16,2.12523875749632E-13));
#9194=DIRECTION('ref_axis',(-4.71484343495036E-16,1.,-5.47079666113152E-14));
#9195=DIRECTION('',(-2.12523875749632E-13,5.47079666113151E-14,1.));
#9196=DIRECTION('',(4.71484343495036E-16,-1.,5.47079666113152E-14));
#9197=DIRECTION('',(-2.12523875749632E-13,5.47079666113151E-14,1.));
#9198=DIRECTION('',(-4.71484343495036E-16,1.,-5.47079666113152E-14));
#9199=DIRECTION('center_axis',(2.12740716184129E-13,-5.47079666113151E-14,
-1.));
#9200=DIRECTION('ref_axis',(-4.71484343495036E-16,1.,-5.47079666113152E-14));
#9201=DIRECTION('',(1.,4.71484343506663E-16,2.12523875749632E-13));
#9202=DIRECTION('',(4.71484343495036E-16,-1.,5.47079666113152E-14));
#9203=DIRECTION('',(1.,4.71484343506663E-16,2.12523875749632E-13));
#9204=DIRECTION('',(-4.71484343495036E-16,1.,-5.47079666113152E-14));
#9205=DIRECTION('center_axis',(1.,4.71484343506663E-16,2.12523875749632E-13));
#9206=DIRECTION('ref_axis',(-4.71484343495036E-16,1.,-5.47079666113152E-14));
#9207=DIRECTION('',(-2.12616394335017E-13,5.47079666113151E-14,1.));
#9208=DIRECTION('',(-4.71484343495036E-16,1.,-5.47079666113152E-14));
#9209=DIRECTION('',(-2.12616394335017E-13,5.47079666113151E-14,1.));
#9210=DIRECTION('',(4.71484343495036E-16,-1.,5.47079666113152E-14));
#9211=DIRECTION('center_axis',(2.12307035315135E-13,-5.47079666113151E-14,
-1.));
#9212=DIRECTION('ref_axis',(-4.71484343495036E-16,1.,-5.47079666113152E-14));
#9213=DIRECTION('',(1.,4.71484343506663E-16,2.12523875749632E-13));
#9214=DIRECTION('',(-4.71484343495036E-16,1.,-5.47079666113152E-14));
#9215=DIRECTION('',(1.,4.71484343506663E-16,2.12523875749632E-13));
#9216=DIRECTION('',(4.71484343495036E-16,-1.,5.47079666113152E-14));
#9217=DIRECTION('center_axis',(1.,4.71484343506663E-16,2.12523875749632E-13));
#9218=DIRECTION('ref_axis',(-4.71484343495036E-16,1.,-5.47079666113152E-14));
#9219=DIRECTION('',(-2.12523875749632E-13,5.47079666113151E-14,1.));
#9220=DIRECTION('',(4.71484343495036E-16,-1.,5.47079666113152E-14));
#9221=DIRECTION('',(-2.12523875749632E-13,5.47079666113151E-14,1.));
#9222=DIRECTION('',(-4.71484343495036E-16,1.,-5.47079666113152E-14));
#9223=DIRECTION('center_axis',(2.13541301376709E-13,-5.47079666113151E-14,
-1.));
#9224=DIRECTION('ref_axis',(-4.71484343495036E-16,1.,-5.47079666113152E-14));
#9225=DIRECTION('',(1.,4.71484343506686E-16,2.12949244461089E-13));
#9226=DIRECTION('',(1.,4.71484343506686E-16,2.12949244461089E-13));
#9227=DIRECTION('',(-4.71484343495036E-16,1.,-5.47079666113152E-14));
#9228=DIRECTION('center_axis',(2.11446424566919E-13,-5.47079666113151E-14,
-1.));
#9229=DIRECTION('ref_axis',(-4.71484343495036E-16,1.,-5.47079666113152E-14));
#9230=DIRECTION('',(1.,4.71484343506587E-16,2.11144738235759E-13));
#9231=DIRECTION('',(1.,4.71484343506587E-16,2.11144738235759E-13));
#9232=DIRECTION('',(-4.71484343495036E-16,1.,-5.47079666113152E-14));
#9233=DIRECTION('center_axis',(1.,4.71484343506663E-16,2.12523875749632E-13));
#9234=DIRECTION('ref_axis',(-4.71484343495036E-16,1.,-5.47079666113152E-14));
#9235=DIRECTION('',(-2.12523875749632E-13,5.47079666113151E-14,1.));
#9236=DIRECTION('',(-2.12523875749632E-13,5.47079666113151E-14,1.));
#9237=DIRECTION('',(-4.71484343495036E-16,1.,-5.47079666113152E-14));
#9238=DIRECTION('center_axis',(2.11446424566919E-13,-5.47079666113151E-14,
-1.));
#9239=DIRECTION('ref_axis',(-4.71484343495036E-16,1.,-5.47079666113152E-14));
#9240=DIRECTION('',(1.,4.71484343506625E-16,2.11834306992696E-13));
#9241=DIRECTION('',(1.,4.71484343506625E-16,2.11834306992696E-13));
#9242=DIRECTION('center_axis',(4.71484343495036E-16,-1.,5.47079666113152E-14));
#9243=DIRECTION('ref_axis',(2.12523875749632E-13,-5.47079666113151E-14,
-1.));
#9244=DIRECTION('',(-0.707106781186396,-3.90177639523051E-14,-0.707106781186699));
#9245=DIRECTION('',(0.707106781186697,-3.83509843992713E-14,-0.707106781186398));
#9246=DIRECTION('',(0.707106781186397,3.9017763952305E-14,0.707106781186698));
#9247=DIRECTION('',(-0.707106781186698,3.83509843992713E-14,0.707106781186397));
#9248=DIRECTION('',(0.707106781186398,3.9017763952305E-14,0.707106781186697));
#9249=DIRECTION('',(-0.707106781186698,3.83509843992713E-14,0.707106781186397));
#9250=DIRECTION('center_axis',(4.71484343495036E-16,-1.,5.47079666113152E-14));
#9251=DIRECTION('ref_axis',(2.12523875749632E-13,-5.47079666113151E-14,
-1.));
#9252=DIRECTION('',(-0.707106781186397,-3.9017763952305E-14,-0.707106781186698));
#9253=DIRECTION('',(0.707106781186698,-3.83509843992713E-14,-0.707106781186397));
#9254=DIRECTION('',(-0.707106781186398,-3.9017763952305E-14,-0.707106781186697));
#9255=DIRECTION('',(-0.707106781186697,3.83509843992713E-14,0.707106781186398));
#9256=DIRECTION('',(0.707106781186396,3.90177639523051E-14,0.707106781186699));
#9257=DIRECTION('',(0.707106781186699,-3.83509843992713E-14,-0.707106781186396));
#9258=DIRECTION('center_axis',(-0.707106781186699,3.83509843992712E-14,
0.707106781186396));
#9259=DIRECTION('ref_axis',(4.71484343495036E-16,-1.,5.47079666113152E-14));
#9260=DIRECTION('center_axis',(0.707106781186397,3.9017763952305E-14,0.707106781186698));
#9261=DIRECTION('ref_axis',(4.71484343495036E-16,-1.,5.47079666113152E-14));
#9262=DIRECTION('center_axis',(-0.707106781186397,-3.9017763952305E-14,
-0.707106781186698));
#9263=DIRECTION('ref_axis',(-4.71484343495036E-16,1.,-5.47079666113152E-14));
#9264=DIRECTION('center_axis',(0.707106781186698,-3.83509843992713E-14,
-0.707106781186397));
#9265=DIRECTION('ref_axis',(-4.71484343495036E-16,1.,-5.47079666113152E-14));
#9266=DIRECTION('center_axis',(-0.707106781186397,-3.9017763952305E-14,
-0.707106781186698));
#9267=DIRECTION('ref_axis',(-4.71484343495036E-16,1.,-5.47079666113152E-14));
#9268=DIRECTION('center_axis',(0.707106781186698,-3.83509843992713E-14,
-0.707106781186397));
#9269=DIRECTION('ref_axis',(-4.71484343495036E-16,1.,-5.47079666113152E-14));
#9270=DIRECTION('center_axis',(4.71484343495036E-16,-1.,5.47079666113152E-14));
#9271=DIRECTION('ref_axis',(-2.12523875749632E-13,5.47079666113151E-14,
1.));
#9272=DIRECTION('center_axis',(-4.71484343495036E-16,1.,-5.47079666113152E-14));
#9273=DIRECTION('ref_axis',(-2.12523875749632E-13,5.47079666113151E-14,
1.));
#9274=DIRECTION('',(4.71484343495036E-16,-1.,5.47079666113152E-14));
#9275=DIRECTION('center_axis',(-4.71484343495036E-16,1.,-5.47079666113152E-14));
#9276=DIRECTION('ref_axis',(-2.12523875749632E-13,5.47079666113151E-14,
1.));
#9277=DIRECTION('',(4.71484343495036E-16,-1.,5.47079666113152E-14));
#9278=DIRECTION('center_axis',(-4.71484343495036E-16,1.,-5.47079666113152E-14));
#9279=DIRECTION('ref_axis',(2.12523875749632E-13,-5.47079666113151E-14,
-1.));
#9280=DIRECTION('center_axis',(4.71484343495036E-16,-1.,5.47079666113152E-14));
#9281=DIRECTION('ref_axis',(-2.12523875749632E-13,5.47079666113151E-14,
1.));
#9282=DIRECTION('',(-4.71484343495036E-16,1.,-5.47079666113152E-14));
#9283=DIRECTION('center_axis',(4.71484343495036E-16,-1.,5.47079666113152E-14));
#9284=DIRECTION('ref_axis',(-2.12523875749632E-13,5.47079666113151E-14,
1.));
#9285=DIRECTION('center_axis',(4.71484343495036E-16,-1.,5.47079666113152E-14));
#9286=DIRECTION('ref_axis',(-2.12523875749632E-13,5.47079666113151E-14,
1.));
#9287=DIRECTION('',(4.71484343495036E-16,-1.,5.47079666113152E-14));
#9288=DIRECTION('center_axis',(4.71484343495036E-16,-1.,5.47079666113152E-14));
#9289=DIRECTION('ref_axis',(-2.14356501322049E-13,5.47079666113151E-14,
1.));
#9290=DIRECTION('',(4.71484343495036E-16,-1.,5.47079666113152E-14));
#9291=DIRECTION('center_axis',(4.71484343495036E-16,-1.,5.47079666113152E-14));
#9292=DIRECTION('ref_axis',(-2.07192601357146E-13,5.47079666113151E-14,
1.));
#9293=DIRECTION('',(4.71484343495036E-16,-1.,5.47079666113152E-14));
#9294=DIRECTION('center_axis',(4.71484343495036E-16,-1.,5.47079666113152E-14));
#9295=DIRECTION('ref_axis',(-2.12523875749632E-13,5.47079666113151E-14,
1.));
#9296=DIRECTION('',(4.71484343495036E-16,-1.,5.47079666113152E-14));
#9297=DIRECTION('center_axis',(-4.71484343495036E-16,1.,-5.47079666113152E-14));
#9298=DIRECTION('ref_axis',(2.12523875749632E-13,-5.47079666113151E-14,
-1.));
#9299=DIRECTION('center_axis',(4.71484343495036E-16,-1.,5.47079666113152E-14));
#9300=DIRECTION('ref_axis',(-2.12523875749632E-13,5.47079666113151E-14,
1.));
#9301=DIRECTION('',(-4.71484343495036E-16,1.,-5.47079666113152E-14));
#9302=DIRECTION('center_axis',(-4.71484343495036E-16,1.,-5.47079666113152E-14));
#9303=DIRECTION('ref_axis',(-2.12523875749632E-13,5.47079666113151E-14,
1.));
#9304=DIRECTION('center_axis',(-4.71484343495036E-16,1.,-5.47079666113152E-14));
#9305=DIRECTION('ref_axis',(2.12523875749632E-13,-5.47079666113151E-14,
-1.));
#9306=DIRECTION('center_axis',(-4.71484343495036E-16,1.,-5.47079666113152E-14));
#9307=DIRECTION('ref_axis',(-2.12523875749632E-13,5.47079666113151E-14,
1.));
#9308=DIRECTION('',(4.71484343495036E-16,-1.,5.47079666113152E-14));
#9309=DIRECTION('center_axis',(4.71484343495036E-16,-1.,5.47079666113152E-14));
#9310=DIRECTION('ref_axis',(-2.12523875749632E-13,5.47079666113151E-14,
1.));
#9311=DIRECTION('',(4.71484343495036E-16,-1.,5.47079666113152E-14));
#9312=DIRECTION('center_axis',(-4.71484343495036E-16,1.,-5.47079666113152E-14));
#9313=DIRECTION('ref_axis',(-2.12523875749632E-13,5.47079666113151E-14,
1.));
#9314=DIRECTION('',(4.71484343495036E-16,-1.,5.47079666113152E-14));
#9315=DIRECTION('center_axis',(4.71484343495036E-16,-1.,5.47079666113152E-14));
#9316=DIRECTION('ref_axis',(-2.11690864125806E-13,5.47079666113151E-14,
1.));
#9317=DIRECTION('',(4.71484343495036E-16,-1.,5.47079666113152E-14));
#9318=DIRECTION('center_axis',(-4.71484343495036E-16,1.,-5.47079666113152E-14));
#9319=DIRECTION('ref_axis',(-2.12523875749632E-13,5.47079666113151E-14,
1.));
#9320=DIRECTION('',(-4.71484343495036E-16,1.,-5.47079666113152E-14));
#9321=DIRECTION('center_axis',(-4.71484343495036E-16,1.,-5.47079666113152E-14));
#9322=DIRECTION('ref_axis',(-2.12523875749632E-13,5.47079666113151E-14,
1.));
#9323=DIRECTION('center_axis',(4.71484343495036E-16,-1.,5.47079666113152E-14));
#9324=DIRECTION('ref_axis',(2.12523875749632E-13,-5.47079666113151E-14,
-1.));
#9325=DIRECTION('',(2.12523875749632E-13,-5.47079666113151E-14,-1.));
#9326=DIRECTION('',(-1.,-4.71484343506663E-16,-2.12523875749632E-13));
#9327=DIRECTION('',(-2.1259710719745E-13,5.47079666113151E-14,1.));
#9328=DIRECTION('',(0.7071067811867,-3.83509843992712E-14,-0.707106781186395));
#9329=DIRECTION('',(1.,4.71484343506663E-16,2.12523875749632E-13));
#9330=DIRECTION('',(0.707106781186397,3.9017763952305E-14,0.707106781186698));
#9331=DIRECTION('',(-2.12523875749632E-13,5.47079666113151E-14,1.));
#9332=DIRECTION('',(-1.,-4.71484343506663E-16,-2.12523875749632E-13));
#9333=DIRECTION('center_axis',(1.,4.71484343506663E-16,2.12523875749632E-13));
#9334=DIRECTION('ref_axis',(-4.71484343495036E-16,1.,-5.47079666113152E-14));
#9335=DIRECTION('',(4.71484343495036E-16,-1.,5.47079666113152E-14));
#9336=DIRECTION('',(4.71484343495036E-16,-1.,5.47079666113152E-14));
#9337=DIRECTION('',(-2.12523875749632E-13,5.47079666113151E-14,1.));
#9338=DIRECTION('',(-4.71484343495036E-16,1.,-5.47079666113152E-14));
#9339=DIRECTION('',(-2.12523875749632E-13,5.47079666113151E-14,1.));
#9340=DIRECTION('',(4.71484343495036E-16,-1.,5.47079666113152E-14));
#9341=DIRECTION('',(-2.12523875749632E-13,5.47079666113151E-14,1.));
#9342=DIRECTION('center_axis',(4.71484343495036E-16,-1.,5.47079666113152E-14));
#9343=DIRECTION('ref_axis',(2.12523875749632E-13,-5.47079666113151E-14,
-1.));
#9344=DIRECTION('',(-1.,-4.71484343506663E-16,-2.12523875749632E-13));
#9345=DIRECTION('',(-2.12523875749632E-13,5.47079666113151E-14,1.));
#9346=DIRECTION('center_axis',(4.71484343495036E-16,-1.,5.47079666113152E-14));
#9347=DIRECTION('ref_axis',(-2.12523875749632E-13,5.47079666113151E-14,
1.));
#9348=DIRECTION('',(-2.12523875749632E-13,5.47079666113151E-14,1.));
#9349=DIRECTION('',(-1.,-4.71484343506759E-16,-2.14288129781015E-13));
#9350=DIRECTION('',(-0.707106781186701,3.83509843992711E-14,0.707106781186394));
#9351=DIRECTION('',(1.,4.71484343506663E-16,2.12523875749632E-13));
#9352=DIRECTION('center_axis',(4.71484343495036E-16,-1.,5.47079666113152E-14));
#9353=DIRECTION('ref_axis',(-2.12523875749632E-13,5.47079666113151E-14,
1.));
#9354=DIRECTION('',(2.12523875749632E-13,-5.47079666113151E-14,-1.));
#9355=DIRECTION('',(1.,4.71484343506663E-16,2.12523875749632E-13));
#9356=DIRECTION('',(2.12523875749632E-13,-5.47079666113151E-14,-1.));
#9357=DIRECTION('center_axis',(4.71484343495036E-16,-1.,5.47079666113152E-14));
#9358=DIRECTION('ref_axis',(-2.14258599225609E-13,5.47079666113151E-14,
1.));
#9359=DIRECTION('',(1.,4.71484343506625E-16,2.11834306992696E-13));
#9360=DIRECTION('',(-2.12523875749632E-13,5.47079666113151E-14,1.));
#9361=DIRECTION('',(1.,4.71484343506587E-16,2.11144738235759E-13));
#9362=DIRECTION('center_axis',(-4.71484343495036E-16,1.,-5.47079666113152E-14));
#9363=DIRECTION('ref_axis',(-2.12523875749632E-13,5.47079666113151E-14,
1.));
#9364=DIRECTION('',(-2.12523875749632E-13,5.47079666113151E-14,1.));
#9365=DIRECTION('',(1.,4.71484343506663E-16,2.12523875749632E-13));
#9366=DIRECTION('',(-2.12523875749632E-13,5.47079666113151E-14,1.));
#9367=DIRECTION('center_axis',(-4.71484343495036E-16,1.,-5.47079666113152E-14));
#9368=DIRECTION('ref_axis',(-2.12523875749632E-13,5.47079666113151E-14,
1.));
#9369=DIRECTION('',(1.,4.71484343506686E-16,2.12949244461089E-13));
#9370=DIRECTION('',(0.707106781186393,3.90177639523052E-14,0.707106781186702));
#9371=DIRECTION('',(-2.12523875749632E-13,5.47079666113151E-14,1.));
#9372=DIRECTION('',(-1.,-4.71484343506566E-16,-2.10759621718249E-13));
#9373=DIRECTION('',(2.12523875749632E-13,-5.47079666113151E-14,-1.));
#9374=DIRECTION('',(2.12523875749632E-13,-5.47079666113151E-14,-1.));
#9375=DIRECTION('',(-1.,-4.71484343506607E-16,-2.11511760791569E-13));
#9376=DIRECTION('',(2.12437410968508E-13,-5.47079666113151E-14,-1.));
#9377=DIRECTION('center_axis',(1.,4.71484343506663E-16,2.12523875749632E-13));
#9378=DIRECTION('ref_axis',(-4.71484343495036E-16,1.,-5.47079666113152E-14));
#9379=DIRECTION('',(4.71484343495036E-16,-1.,5.47079666113152E-14));
#9380=DIRECTION('',(4.71484343495036E-16,-1.,5.47079666113152E-14));
#9381=DIRECTION('',(-2.12523875749632E-13,5.47079666113151E-14,1.));
#9382=DIRECTION('',(-4.71484343495036E-16,1.,-5.47079666113152E-14));
#9383=DIRECTION('',(-2.12523875749632E-13,5.47079666113151E-14,1.));
#9384=DIRECTION('',(4.71484343495036E-16,-1.,5.47079666113152E-14));
#9385=DIRECTION('',(-2.12523875749632E-13,5.47079666113151E-14,1.));
#9386=DIRECTION('center_axis',(4.71484343495036E-16,-1.,5.47079666113152E-14));
#9387=DIRECTION('ref_axis',(2.12523875749632E-13,-5.47079666113151E-14,
-1.));
#9388=DIRECTION('',(-1.,-4.71484343506663E-16,-2.12523875749632E-13));
#9389=DIRECTION('',(-0.707106781186699,3.83509843992712E-14,0.707106781186396));
#9390=DIRECTION('',(1.,4.71484343506663E-16,2.12523875749632E-13));
#9391=DIRECTION('',(-0.707106781186396,-3.90177639523051E-14,-0.707106781186699));
#9392=DIRECTION('',(-2.12670338645269E-13,5.47079666113151E-14,1.));
#9393=DIRECTION('',(-1.,-4.71484343506663E-16,-2.12523875749632E-13));
#9394=DIRECTION('',(2.12523875749632E-13,-5.47079666113151E-14,-1.));
#9395=DIRECTION('center_axis',(2.11446424566919E-13,-5.47079666113151E-14,
-1.));
#9396=DIRECTION('ref_axis',(-4.71484343495036E-16,1.,-5.47079666113152E-14));
#9397=DIRECTION('',(1.,4.71484343506625E-16,2.11834306992696E-13));
#9398=DIRECTION('',(-4.71484343495036E-16,1.,-5.47079666113152E-14));
#9399=DIRECTION('',(-4.71484343495036E-16,1.,-5.47079666113152E-14));
#9400=DIRECTION('center_axis',(-4.71484343495036E-16,1.,-5.47079666113152E-14));
#9401=DIRECTION('ref_axis',(2.12523875749632E-13,-5.47079666113151E-14,
-1.));
#9402=DIRECTION('center_axis',(4.71484343495036E-16,-1.,5.47079666113152E-14));
#9403=DIRECTION('ref_axis',(-2.14258599225609E-13,5.47079666113151E-14,
1.));
#9404=DIRECTION('',(-4.71484343495036E-16,1.,-5.47079666113152E-14));
#9405=DIRECTION('center_axis',(-1.,-4.71484343506663E-16,-2.12523875749632E-13));
#9406=DIRECTION('ref_axis',(4.71484343495036E-16,-1.,5.47079666113152E-14));
#9407=DIRECTION('',(2.12523875749632E-13,-5.47079666113151E-14,-1.));
#9408=DIRECTION('',(-4.71484343495036E-16,1.,-5.47079666113152E-14));
#9409=DIRECTION('center_axis',(2.12523875749632E-13,-5.47079666113151E-14,
-1.));
#9410=DIRECTION('ref_axis',(-4.71484343495036E-16,1.,-5.47079666113152E-14));
#9411=DIRECTION('',(1.,4.71484343506663E-16,2.12523875749632E-13));
#9412=DIRECTION('',(-4.71484343495036E-16,1.,-5.47079666113152E-14));
#9413=DIRECTION('center_axis',(-1.,-4.71484343506663E-16,-2.12523875749632E-13));
#9414=DIRECTION('ref_axis',(4.71484343495036E-16,-1.,5.47079666113152E-14));
#9415=DIRECTION('',(2.12523875749632E-13,-5.47079666113151E-14,-1.));
#9416=DIRECTION('',(-4.71484343495036E-16,1.,-5.47079666113152E-14));
#9417=DIRECTION('center_axis',(-4.71484343495036E-16,1.,-5.47079666113152E-14));
#9418=DIRECTION('ref_axis',(2.12523875749632E-13,-5.47079666113151E-14,
-1.));
#9419=DIRECTION('center_axis',(4.71484343495036E-16,-1.,5.47079666113152E-14));
#9420=DIRECTION('ref_axis',(-2.12523875749632E-13,5.47079666113151E-14,
1.));
#9421=DIRECTION('',(-4.71484343495036E-16,1.,-5.47079666113152E-14));
#9422=DIRECTION('center_axis',(2.12523875749632E-13,-5.47079666113151E-14,
-1.));
#9423=DIRECTION('ref_axis',(-4.71484343495036E-16,1.,-5.47079666113152E-14));
#9424=DIRECTION('',(1.,4.71484343506663E-16,2.12523875749632E-13));
#9425=DIRECTION('',(4.71484343495036E-16,-1.,5.47079666113152E-14));
#9426=DIRECTION('center_axis',(2.12740716184129E-13,-5.47079666113151E-14,
-1.));
#9427=DIRECTION('ref_axis',(-4.71484343495036E-16,1.,-5.47079666113152E-14));
#9428=DIRECTION('',(4.71484343495036E-16,-1.,5.47079666113152E-14));
#9429=DIRECTION('',(1.,4.71484343506663E-16,2.12523875749632E-13));
#9430=DIRECTION('',(-4.71484343495036E-16,1.,-5.47079666113152E-14));
#9431=DIRECTION('center_axis',(1.,4.71484343506663E-16,2.12523875749632E-13));
#9432=DIRECTION('ref_axis',(-4.71484343495036E-16,1.,-5.47079666113152E-14));
#9433=DIRECTION('',(4.71484343495036E-16,-1.,5.47079666113152E-14));
#9434=DIRECTION('',(4.71484343495036E-16,-1.,5.47079666113152E-14));
#9435=DIRECTION('',(-2.12616394335017E-13,5.47079666113151E-14,1.));
#9436=DIRECTION('',(-4.71484343495036E-16,1.,-5.47079666113152E-14));
#9437=DIRECTION('',(4.71484343495036E-16,-1.,5.47079666113152E-14));
#9438=DIRECTION('',(2.12523875749632E-13,-5.47079666113151E-14,-1.));
#9439=DIRECTION('center_axis',(2.12307035315135E-13,-5.47079666113151E-14,
-1.));
#9440=DIRECTION('ref_axis',(-4.71484343495036E-16,1.,-5.47079666113152E-14));
#9441=DIRECTION('',(1.,4.71484343506663E-16,2.12523875749632E-13));
#9442=DIRECTION('',(-4.71484343495036E-16,1.,-5.47079666113152E-14));
#9443=DIRECTION('',(4.71484343495036E-16,-1.,5.47079666113152E-14));
#9444=DIRECTION('center_axis',(2.13541301376709E-13,-5.47079666113151E-14,
-1.));
#9445=DIRECTION('ref_axis',(-4.71484343495036E-16,1.,-5.47079666113152E-14));
#9446=DIRECTION('',(-4.71484343495036E-16,1.,-5.47079666113152E-14));
#9447=DIRECTION('',(1.,4.71484343506686E-16,2.12949244461089E-13));
#9448=DIRECTION('',(-4.71484343495036E-16,1.,-5.47079666113152E-14));
#9449=DIRECTION('center_axis',(-4.71484343495036E-16,1.,-5.47079666113152E-14));
#9450=DIRECTION('ref_axis',(2.12523875749632E-13,-5.47079666113151E-14,
-1.));
#9451=DIRECTION('center_axis',(-4.71484343495036E-16,1.,-5.47079666113152E-14));
#9452=DIRECTION('ref_axis',(-2.12523875749632E-13,5.47079666113151E-14,
1.));
#9453=DIRECTION('',(-4.71484343495036E-16,1.,-5.47079666113152E-14));
#9454=DIRECTION('center_axis',(1.,4.71484343506663E-16,2.12523875749632E-13));
#9455=DIRECTION('ref_axis',(-4.71484343495036E-16,1.,-5.47079666113152E-14));
#9456=DIRECTION('',(-2.12523875749632E-13,5.47079666113151E-14,1.));
#9457=DIRECTION('',(-4.71484343495036E-16,1.,-5.47079666113152E-14));
#9458=DIRECTION('center_axis',(2.12523875749632E-13,-5.47079666113151E-14,
-1.));
#9459=DIRECTION('ref_axis',(-4.71484343495036E-16,1.,-5.47079666113152E-14));
#9460=DIRECTION('',(1.,4.71484343506663E-16,2.12523875749632E-13));
#9461=DIRECTION('',(-4.71484343495036E-16,1.,-5.47079666113152E-14));
#9462=DIRECTION('center_axis',(1.,4.71484343506663E-16,2.12523875749632E-13));
#9463=DIRECTION('ref_axis',(-4.71484343495036E-16,1.,-5.47079666113152E-14));
#9464=DIRECTION('',(-2.12523875749632E-13,5.47079666113151E-14,1.));
#9465=DIRECTION('',(-4.71484343495036E-16,1.,-5.47079666113152E-14));
#9466=DIRECTION('center_axis',(-4.71484343495036E-16,1.,-5.47079666113152E-14));
#9467=DIRECTION('ref_axis',(2.12523875749632E-13,-5.47079666113151E-14,
-1.));
#9468=DIRECTION('center_axis',(-4.71484343495036E-16,1.,-5.47079666113152E-14));
#9469=DIRECTION('ref_axis',(-2.12523875749632E-13,5.47079666113151E-14,
1.));
#9470=DIRECTION('',(-4.71484343495036E-16,1.,-5.47079666113152E-14));
#9471=DIRECTION('center_axis',(2.11446424566919E-13,-5.47079666113151E-14,
-1.));
#9472=DIRECTION('ref_axis',(-4.71484343495036E-16,1.,-5.47079666113152E-14));
#9473=DIRECTION('',(1.,4.71484343506587E-16,2.11144738235759E-13));
#9474=DIRECTION('',(-4.71484343495036E-16,1.,-5.47079666113152E-14));
#9475=DIRECTION('center_axis',(1.,4.71484343506663E-16,2.12523875749632E-13));
#9476=DIRECTION('ref_axis',(-4.71484343495036E-16,1.,-5.47079666113152E-14));
#9477=DIRECTION('',(-2.12523875749632E-13,5.47079666113151E-14,1.));
#9478=DIRECTION('center_axis',(4.71484343495036E-16,-1.,5.47079666113152E-14));
#9479=DIRECTION('ref_axis',(2.12523875749632E-13,-5.47079666113151E-14,
-1.));
#9480=DIRECTION('',(-0.707106781186397,-3.9017763952305E-14,-0.707106781186698));
#9481=DIRECTION('',(-0.707106781186699,3.83509843992713E-14,0.707106781186396));
#9482=DIRECTION('',(0.707106781186396,3.90177639523051E-14,0.707106781186699));
#9483=DIRECTION('',(0.7071067811867,-3.83509843992712E-14,-0.707106781186395));
#9484=DIRECTION('',(-0.707106781186395,-3.90177639523051E-14,-0.7071067811867));
#9485=DIRECTION('',(0.7071067811867,-3.83509843992712E-14,-0.707106781186395));
#9486=DIRECTION('center_axis',(0.707106781186396,3.90177639523051E-14,0.707106781186699));
#9487=DIRECTION('ref_axis',(4.71484343495036E-16,-1.,5.47079666113152E-14));
#9488=DIRECTION('center_axis',(-0.707106781186699,3.83509843992712E-14,
0.707106781186396));
#9489=DIRECTION('ref_axis',(4.71484343495036E-16,-1.,5.47079666113152E-14));
#9490=DIRECTION('center_axis',(-0.707106781186394,-3.90177639523052E-14,
-0.707106781186701));
#9491=DIRECTION('ref_axis',(-4.71484343495036E-16,1.,-5.47079666113152E-14));
#9492=DIRECTION('center_axis',(0.707106781186699,-3.83509843992712E-14,
-0.707106781186396));
#9493=DIRECTION('ref_axis',(-4.71484343495036E-16,1.,-5.47079666113152E-14));
#9494=DIRECTION('center_axis',(0.707106781186701,-3.83509843992711E-14,
-0.707106781186394));
#9495=DIRECTION('ref_axis',(-4.71484343495036E-16,1.,-5.47079666113152E-14));
#9496=DIRECTION('center_axis',(-0.707106781186396,-3.90177639523051E-14,
-0.707106781186699));
#9497=DIRECTION('ref_axis',(-4.71484343495036E-16,1.,-5.47079666113152E-14));
#9498=DIRECTION('center_axis',(2.12523875749632E-13,-5.47079666113151E-14,
-1.));
#9499=DIRECTION('ref_axis',(-4.71484343495036E-16,1.,-5.47079666113152E-14));
#9500=DIRECTION('',(-1.,-4.71484343506663E-16,-2.12523875749632E-13));
#9501=DIRECTION('',(4.71484343495036E-16,-1.,5.47079666113152E-14));
#9502=DIRECTION('center_axis',(2.12523875749632E-13,-5.47079666113151E-14,
-1.));
#9503=DIRECTION('ref_axis',(-4.71484343495036E-16,1.,-5.47079666113152E-14));
#9504=DIRECTION('',(4.71484343495036E-16,-1.,5.47079666113152E-14));
#9505=DIRECTION('',(-1.,-4.71484343506663E-16,-2.12523875749632E-13));
#9506=DIRECTION('center_axis',(1.,4.71484343506663E-16,2.12523875749632E-13));
#9507=DIRECTION('ref_axis',(-4.71484343495036E-16,1.,-5.47079666113152E-14));
#9508=DIRECTION('',(2.12523875749632E-13,-5.47079666113151E-14,-1.));
#9509=DIRECTION('center_axis',(1.,4.71484343506663E-16,2.12523875749632E-13));
#9510=DIRECTION('ref_axis',(-4.71484343495036E-16,1.,-5.47079666113152E-14));
#9511=DIRECTION('',(2.12437410968508E-13,-5.47079666113151E-14,-1.));
#9512=DIRECTION('center_axis',(1.,4.71484343506663E-16,2.12523875749632E-13));
#9513=DIRECTION('ref_axis',(-4.71484343495036E-16,1.,-5.47079666113152E-14));
#9514=DIRECTION('',(2.12523875749632E-13,-5.47079666113151E-14,-1.));
#9515=DIRECTION('center_axis',(4.71484343495036E-16,-1.,5.47079666113152E-14));
#9516=DIRECTION('ref_axis',(2.12523875749632E-13,-5.47079666113151E-14,
-1.));
#9517=DIRECTION('center_axis',(1.,4.71484343506663E-16,2.12523875749632E-13));
#9518=DIRECTION('ref_axis',(-4.71484343495036E-16,1.,-5.47079666113152E-14));
#9519=DIRECTION('',(4.71484343495036E-16,-1.,5.47079666113152E-14));
#9520=DIRECTION('',(2.12523875749632E-13,-5.47079666113151E-14,-1.));
#9521=DIRECTION('center_axis',(2.11113868048316E-13,-5.47079666113151E-14,
-1.));
#9522=DIRECTION('ref_axis',(-4.71484343495036E-16,1.,-5.47079666113152E-14));
#9523=DIRECTION('',(-1.,-4.71484343506566E-16,-2.10759621718249E-13));
#9524=DIRECTION('center_axis',(2.12523875749632E-13,-5.47079666113151E-14,
-1.));
#9525=DIRECTION('ref_axis',(-4.71484343495036E-16,1.,-5.47079666113152E-14));
#9526=DIRECTION('',(-1.,-4.71484343506663E-16,-2.12523875749632E-13));
#9527=DIRECTION('center_axis',(2.11078272852985E-13,-5.47079666113151E-14,
-1.));
#9528=DIRECTION('ref_axis',(-4.71484343495036E-16,1.,-5.47079666113152E-14));
#9529=DIRECTION('',(4.71484343495036E-16,-1.,5.47079666113152E-14));
#9530=DIRECTION('',(-1.,-4.71484343506607E-16,-2.11511760791569E-13));
#9531=DIRECTION('center_axis',(1.,4.71484343506663E-16,2.12523875749632E-13));
#9532=DIRECTION('ref_axis',(-4.71484343495036E-16,1.,-5.47079666113152E-14));
#9533=DIRECTION('',(2.12523875749632E-13,-5.47079666113151E-14,-1.));
#9534=DIRECTION('center_axis',(4.71484343495036E-16,-1.,5.47079666113152E-14));
#9535=DIRECTION('ref_axis',(2.12523875749632E-13,-5.47079666113151E-14,
-1.));
#9536=DIRECTION('center_axis',(4.71484343495036E-16,-1.,5.47079666113152E-14));
#9537=DIRECTION('ref_axis',(0.0500627750600306,-5.4615763006269E-14,-0.998746073110322));
#9538=DIRECTION('',(4.71484343495036E-16,-1.,5.47079666113152E-14));
#9539=DIRECTION('center_axis',(4.71484343495036E-16,-1.,5.47079666113152E-14));
#9540=DIRECTION('ref_axis',(-2.12523875749632E-13,5.47079666113151E-14,
1.));
#9541=DIRECTION('',(4.71484343495036E-16,-1.,5.47079666113152E-14));
#9542=DIRECTION('center_axis',(-1.,-4.71484343506663E-16,-2.12523875749632E-13));
#9543=DIRECTION('ref_axis',(4.71484343495036E-16,-1.,5.47079666113152E-14));
#9544=DIRECTION('',(4.71484343495036E-16,-1.,5.47079666113152E-14));
#9545=DIRECTION('',(-2.12523875749632E-13,5.47079666113151E-14,1.));
#9546=DIRECTION('center_axis',(2.12042008117416E-13,-5.47079666113151E-14,
-1.));
#9547=DIRECTION('ref_axis',(-4.71484343495036E-16,1.,-5.47079666113152E-14));
#9548=DIRECTION('',(-1.,-4.71484343506663E-16,-2.12523875749632E-13));
#9549=DIRECTION('center_axis',(2.12523875749632E-13,-5.47079666113151E-14,
-1.));
#9550=DIRECTION('ref_axis',(-4.71484343495036E-16,1.,-5.47079666113152E-14));
#9551=DIRECTION('',(-1.,-4.71484343506663E-16,-2.12523875749632E-13));
#9552=DIRECTION('center_axis',(2.13933883450948E-13,-5.47079666113151E-14,
-1.));
#9553=DIRECTION('ref_axis',(-4.71484343495036E-16,1.,-5.47079666113152E-14));
#9554=DIRECTION('',(4.71484343495036E-16,-1.,5.47079666113152E-14));
#9555=DIRECTION('',(-1.,-4.71484343506759E-16,-2.14288129781015E-13));
#9556=DIRECTION('center_axis',(-1.,-4.71484343506663E-16,-2.12523875749632E-13));
#9557=DIRECTION('ref_axis',(4.71484343495036E-16,-1.,5.47079666113152E-14));
#9558=DIRECTION('',(-2.12523875749632E-13,5.47079666113151E-14,1.));
#9559=DIRECTION('center_axis',(4.71484343495036E-16,-1.,5.47079666113152E-14));
#9560=DIRECTION('ref_axis',(2.12523875749632E-13,-5.47079666113151E-14,
-1.));
#9561=DIRECTION('center_axis',(0.,1.,-6.55106997348696E-14));
#9562=DIRECTION('ref_axis',(-2.18368999116232E-13,6.55106997348696E-14,
1.));
#9563=DIRECTION('center_axis',(-6.51147833419123E-15,-1.,5.47079666113137E-14));
#9564=DIRECTION('ref_axis',(-2.12523875749632E-13,5.47079666113151E-14,
1.));
#9565=DIRECTION('center_axis',(-1.,-4.71484343506983E-16,-2.1836899911623E-13));
#9566=DIRECTION('ref_axis',(2.1836899911623E-13,-5.45922497790574E-14,-1.));
#9567=DIRECTION('center_axis',(2.11674065671541E-13,0.0871557427476039,
-0.99619469809175));
#9568=DIRECTION('ref_axis',(1.89923664457933E-14,-0.99619469809175,-0.0871557427476039));
#9569=DIRECTION('center_axis',(-0.996194698091746,0.0871557427476579,-2.16483271703916E-13));
#9570=DIRECTION('ref_axis',(0.0871557427476579,0.996194698091746,-3.93256394945638E-14));
#9571=DIRECTION('center_axis',(2.11674065671541E-13,0.0871557427476039,
-0.99619469809175));
#9572=DIRECTION('ref_axis',(1.98264865346213E-14,-0.99619469809175,-0.0871557427476039));
#9573=DIRECTION('center_axis',(-0.996194698091746,0.0871557427476579,-2.16483271703916E-13));
#9574=DIRECTION('ref_axis',(0.0871557427476579,0.996194698091746,-2.53941600726994E-14));
#9575=DIRECTION('center_axis',(-2.11756250807843E-13,0.0871557427477129,
0.996194698091741));
#9576=DIRECTION('ref_axis',(2.15575972365663E-14,0.996194698091741,-0.0871557427477128));
#9577=DIRECTION('center_axis',(-0.996194698091746,0.0871557427476579,-2.16483271703916E-13));
#9578=DIRECTION('ref_axis',(0.0871557427476579,0.996194698091746,-3.59771100390022E-14));
#9579=DIRECTION('center_axis',(-2.06915791585427E-13,0.0871557427477129,
0.996194698091741));
#9580=DIRECTION('ref_axis',(2.34079714387204E-14,0.996194698091741,-0.0871557427477128));
#9581=DIRECTION('center_axis',(0.996194698091746,0.0871557427476588,2.06947044775469E-13));
#9582=DIRECTION('ref_axis',(0.0871557427476588,-0.996194698091746,7.50218058295686E-14));
#9583=DIRECTION('center_axis',(-2.11756250807843E-13,0.0871557427477129,
0.996194698091741));
#9584=DIRECTION('ref_axis',(1.80529860393472E-14,0.996194698091741,-0.0871557427477128));
#9585=DIRECTION('center_axis',(0.996194698091746,0.0871557427476588,2.06947044775469E-13));
#9586=DIRECTION('ref_axis',(0.0871557427476588,-0.996194698091745,7.30224625241427E-14));
#9587=DIRECTION('center_axis',(2.11674065671541E-13,0.0871557427476039,
-0.99619469809175));
#9588=DIRECTION('ref_axis',(2.78340393873707E-14,-0.99619469809175,-0.0871557427476039));
#9589=DIRECTION('center_axis',(0.996194698091746,0.0871557427476588,2.06947044775469E-13));
#9590=DIRECTION('ref_axis',(0.0871557427476588,-0.996194698091746,7.3688910292618E-14));
#9591=DIRECTION('center_axis',(2.11674065671541E-13,0.0871557427476039,
-0.99619469809175));
#9592=DIRECTION('ref_axis',(1.89923664457933E-14,-0.99619469809175,-0.0871557427476039));
#9593=DIRECTION('center_axis',(6.51147833419123E-15,1.,-5.47079666113137E-14));
#9594=DIRECTION('ref_axis',(-2.12523875749632E-13,5.47079666113151E-14,
1.));
#9595=DIRECTION('center_axis',(2.11674065671541E-13,0.0871557427476039,
-0.99619469809175));
#9596=DIRECTION('ref_axis',(-1.89923664457933E-14,0.99619469809175,0.0871557427476039));
#9597=DIRECTION('',(-0.0868265938642671,0.992432509138972,0.0868265938641742));
#9598=DIRECTION('',(1.,4.71484343506663E-16,2.12523875749632E-13));
#9599=DIRECTION('',(0.0868265938642287,0.992432509138972,0.0868265938642118));
#9600=DIRECTION('center_axis',(-0.996194698091746,0.0871557427476579,-2.16483271703916E-13));
#9601=DIRECTION('ref_axis',(-0.0871557427476579,-0.996194698091746,3.59771100390022E-14));
#9602=DIRECTION('',(2.12523875749632E-13,-5.47079666113151E-14,-1.));
#9603=DIRECTION('',(0.086826593864229,0.992432509138972,0.0868265938642115));
#9604=DIRECTION('center_axis',(2.11674065671541E-13,0.0871557427476039,
-0.99619469809175));
#9605=DIRECTION('ref_axis',(-1.89923664457933E-14,0.99619469809175,0.0871557427476039));
#9606=DIRECTION('',(1.,4.71484343506663E-16,2.12523875749632E-13));
#9607=DIRECTION('',(0.0868265938642289,0.992432509138972,0.0868265938642126));
#9608=DIRECTION('center_axis',(-0.996194698091746,0.0871557427476579,-2.16483271703916E-13));
#9609=DIRECTION('ref_axis',(-0.0871557427476579,-0.996194698091746,3.59771100390022E-14));
#9610=DIRECTION('',(2.12523875749632E-13,-5.47079666113151E-14,-1.));
#9611=DIRECTION('',(0.0868265938642659,0.992432509138962,-0.0868265938642844));
#9612=DIRECTION('center_axis',(-2.11756250807843E-13,0.0871557427477129,
0.996194698091741));
#9613=DIRECTION('ref_axis',(-1.80529860393472E-14,-0.996194698091741,0.0871557427477129));
#9614=DIRECTION('',(-1.,-4.71484343506663E-16,-2.12523875749632E-13));
#9615=DIRECTION('',(0.0868265938642661,0.992432509138962,-0.0868265938642832));
#9616=DIRECTION('center_axis',(-0.996194698091746,0.0871557427476579,-2.16483271703916E-13));
#9617=DIRECTION('ref_axis',(-0.0871557427476579,-0.996194698091746,3.59771100390022E-14));
#9618=DIRECTION('',(2.12523875749632E-13,-5.47079666113151E-14,-1.));
#9619=DIRECTION('',(0.086826593864266,0.992432509138962,-0.0868265938642838));
#9620=DIRECTION('center_axis',(-2.06915791585427E-13,0.0871557427477129,
0.996194698091741));
#9621=DIRECTION('ref_axis',(-1.80529860393472E-14,-0.996194698091741,0.0871557427477129));
#9622=DIRECTION('',(-1.,-4.71484343506663E-16,-2.12523875749632E-13));
#9623=DIRECTION('',(-0.0868265938642295,0.992432509138962,-0.0868265938643196));
#9624=DIRECTION('center_axis',(0.996194698091746,0.0871557427476588,2.06947044775469E-13));
#9625=DIRECTION('ref_axis',(-0.0871557427476588,0.996194698091745,-7.30224625241427E-14));
#9626=DIRECTION('',(-2.12523875749632E-13,5.47079666113151E-14,1.));
#9627=DIRECTION('',(-0.0868265938642296,0.992432509138962,-0.0868265938643208));
#9628=DIRECTION('center_axis',(-2.11756250807843E-13,0.0871557427477129,
0.996194698091741));
#9629=DIRECTION('ref_axis',(-1.80529860393472E-14,-0.996194698091741,0.0871557427477129));
#9630=DIRECTION('',(-1.,-4.71484343506663E-16,-2.12523875749632E-13));
#9631=DIRECTION('',(-0.08682659386423,0.992432509138962,-0.0868265938643205));
#9632=DIRECTION('center_axis',(0.996194698091746,0.0871557427476588,2.06947044775469E-13));
#9633=DIRECTION('ref_axis',(-0.0871557427476588,0.996194698091745,-7.30224625241427E-14));
#9634=DIRECTION('',(-2.12523875749632E-13,5.47079666113151E-14,1.));
#9635=DIRECTION('',(-0.0868265938642669,0.992432509138972,0.0868265938641751));
#9636=DIRECTION('center_axis',(2.11674065671541E-13,0.0871557427476039,
-0.99619469809175));
#9637=DIRECTION('ref_axis',(-1.89923664457933E-14,0.99619469809175,0.0871557427476039));
#9638=DIRECTION('',(1.,4.71484343506663E-16,2.12523875749632E-13));
#9639=DIRECTION('',(-0.0868265938642667,0.992432509138972,0.0868265938641756));
#9640=DIRECTION('center_axis',(0.996194698091746,0.0871557427476588,2.06947044775469E-13));
#9641=DIRECTION('ref_axis',(-0.0871557427476588,0.996194698091745,-7.30224625241427E-14));
#9642=DIRECTION('',(-2.12523875749632E-13,5.47079666113151E-14,1.));
#9643=DIRECTION('center_axis',(4.71484343495036E-16,-1.,5.47079666113152E-14));
#9644=DIRECTION('ref_axis',(2.12523875749632E-13,-5.47079666113151E-14,
-1.));
#9645=DIRECTION('center_axis',(0.,1.,-6.55106997348696E-14));
#9646=DIRECTION('ref_axis',(-2.18368999116232E-13,6.55106997348696E-14,
1.));
#9647=DIRECTION('center_axis',(6.51147833419123E-15,1.,-5.47079666113137E-14));
#9648=DIRECTION('ref_axis',(-2.12523875749632E-13,5.47079666113151E-14,
1.));
#9649=DIRECTION('center_axis',(-1.,-4.71484343506983E-16,-2.1836899911623E-13));
#9650=DIRECTION('ref_axis',(2.1836899911623E-13,-5.45922497790574E-14,-1.));
#9651=DIRECTION('center_axis',(2.16514524893957E-13,0.0871557427476039,
-0.99619469809175));
#9652=DIRECTION('ref_axis',(1.89923664457933E-14,-0.99619469809175,-0.0871557427476039));
#9653=DIRECTION('center_axis',(-0.996194698091746,0.0871557427476579,-2.16483271703916E-13));
#9654=DIRECTION('ref_axis',(0.0871557427476579,0.996194698091746,-3.26285805834407E-14));
#9655=DIRECTION('center_axis',(2.11674065671541E-13,0.0871557427476039,
-0.99619469809175));
#9656=DIRECTION('ref_axis',(1.89923664457933E-14,-0.99619469809175,-0.0871557427476039));
#9657=DIRECTION('center_axis',(-0.996194698091746,0.0871557427476579,-2.16483271703916E-13));
#9658=DIRECTION('ref_axis',(0.0871557427476579,0.996194698091746,-3.59771100390022E-14));
#9659=DIRECTION('center_axis',(-2.11756250807843E-13,0.0871557427477129,
0.996194698091741));
#9660=DIRECTION('ref_axis',(1.80529860393472E-14,0.996194698091741,-0.0871557427477129));
#9661=DIRECTION('center_axis',(-0.996194698091746,0.0871557427476579,-2.16483271703916E-13));
#9662=DIRECTION('ref_axis',(0.0871557427476579,0.996194698091746,-1.99041686523069E-14));
#9663=DIRECTION('center_axis',(-2.11756250807843E-13,0.0871557427477129,
0.996194698091741));
#9664=DIRECTION('ref_axis',(1.80529860393472E-14,0.996194698091741,-0.0871557427477128));
#9665=DIRECTION('center_axis',(0.996194698091746,0.0871557427476588,2.06947044775469E-13));
#9666=DIRECTION('ref_axis',(0.0871557427476588,-0.996194698091746,6.56915370709146E-14));
#9667=DIRECTION('center_axis',(-2.11756250807843E-13,0.0871557427477129,
0.996194698091741));
#9668=DIRECTION('ref_axis',(2.15562904124251E-14,0.996194698091741,-0.0871557427477129));
#9669=DIRECTION('center_axis',(0.996194698091746,0.0871557427476588,2.06947044775469E-13));
#9670=DIRECTION('ref_axis',(0.0871557427476588,-0.996194698091745,7.30224625241427E-14));
#9671=DIRECTION('center_axis',(2.11674065671541E-13,0.0871557427476039,
-0.99619469809175));
#9672=DIRECTION('ref_axis',(1.63221864860073E-14,-0.99619469809175,-0.0871557427476039));
#9673=DIRECTION('center_axis',(0.996194698091746,0.0871557427476588,2.06947044775469E-13));
#9674=DIRECTION('ref_axis',(0.0871557427476588,-0.996194698091746,7.30224625241427E-14));
#9675=DIRECTION('center_axis',(2.16514524893957E-13,0.0871557427476039,
-0.99619469809175));
#9676=DIRECTION('ref_axis',(1.89923664457933E-14,-0.99619469809175,-0.0871557427476039));
#9677=DIRECTION('center_axis',(6.51147833419123E-15,1.,-5.47079666113137E-14));
#9678=DIRECTION('ref_axis',(-2.12523875749632E-13,5.47079666113151E-14,
1.));
#9679=DIRECTION('center_axis',(-2.11756250807843E-13,0.0871557427477129,
0.996194698091741));
#9680=DIRECTION('ref_axis',(-1.80529860393472E-14,-0.996194698091741,0.0871557427477129));
#9681=DIRECTION('',(0.0868265938642659,0.992432509138962,-0.0868265938642834));
#9682=DIRECTION('',(1.,4.71484343506663E-16,2.12523875749632E-13));
#9683=DIRECTION('',(-0.0868265938642295,0.992432509138962,-0.0868265938643208));
#9684=DIRECTION('center_axis',(0.996194698091746,0.0871557427476588,2.06947044775469E-13));
#9685=DIRECTION('ref_axis',(-0.0871557427476588,0.996194698091745,-7.30224625241427E-14));
#9686=DIRECTION('',(2.12523875749632E-13,-5.47079666113151E-14,-1.));
#9687=DIRECTION('',(-0.0868265938642298,0.992432509138962,-0.0868265938643211));
#9688=DIRECTION('center_axis',(-2.11756250807843E-13,0.0871557427477129,
0.996194698091741));
#9689=DIRECTION('ref_axis',(-1.80529860393472E-14,-0.996194698091741,0.0871557427477129));
#9690=DIRECTION('',(1.,4.71484343506663E-16,2.12523875749632E-13));
#9691=DIRECTION('',(-0.0868265938642303,0.992432509138962,-0.0868265938643206));
#9692=DIRECTION('center_axis',(0.996194698091746,0.0871557427476588,2.06947044775469E-13));
#9693=DIRECTION('ref_axis',(-0.0871557427476588,0.996194698091745,-7.30224625241427E-14));
#9694=DIRECTION('',(2.12523875749632E-13,-5.47079666113151E-14,-1.));
#9695=DIRECTION('',(-0.0868265938642669,0.992432509138972,0.0868265938641749));
#9696=DIRECTION('center_axis',(2.11674065671541E-13,0.0871557427476039,
-0.99619469809175));
#9697=DIRECTION('ref_axis',(-1.89923664457933E-14,0.99619469809175,0.0871557427476039));
#9698=DIRECTION('',(-1.,-4.71484343506663E-16,-2.12523875749632E-13));
#9699=DIRECTION('',(-0.086826593864267,0.992432509138972,0.0868265938641753));
#9700=DIRECTION('center_axis',(0.996194698091746,0.0871557427476588,2.06947044775469E-13));
#9701=DIRECTION('ref_axis',(-0.0871557427476588,0.996194698091745,-7.30224625241427E-14));
#9702=DIRECTION('',(2.12523875749632E-13,-5.47079666113151E-14,-1.));
#9703=DIRECTION('',(-0.0868265938642669,0.992432509138972,0.0868265938641753));
#9704=DIRECTION('center_axis',(2.16514524893957E-13,0.0871557427476039,
-0.99619469809175));
#9705=DIRECTION('ref_axis',(-1.89923664457933E-14,0.99619469809175,0.0871557427476039));
#9706=DIRECTION('',(-1.,-4.71484343507003E-16,-2.18743330457192E-13));
#9707=DIRECTION('',(0.0868265938642291,0.992432509138972,0.0868265938642122));
#9708=DIRECTION('center_axis',(-0.996194698091746,0.0871557427476579,-2.16483271703916E-13));
#9709=DIRECTION('ref_axis',(-0.0871557427476579,-0.996194698091746,3.59771100390022E-14));
#9710=DIRECTION('',(-2.12523875749632E-13,5.47079666113151E-14,1.));
#9711=DIRECTION('',(0.0868265938642289,0.992432509138972,0.0868265938642125));
#9712=DIRECTION('center_axis',(2.11674065671541E-13,0.0871557427476039,
-0.99619469809175));
#9713=DIRECTION('ref_axis',(-1.89923664457933E-14,0.99619469809175,0.0871557427476039));
#9714=DIRECTION('',(-1.,-4.71484343506663E-16,-2.12523875749632E-13));
#9715=DIRECTION('',(0.0868265938642292,0.992432509138972,0.0868265938642128));
#9716=DIRECTION('center_axis',(-0.996194698091746,0.0871557427476579,-2.16483271703916E-13));
#9717=DIRECTION('ref_axis',(-0.0871557427476579,-0.996194698091746,3.59771100390022E-14));
#9718=DIRECTION('',(-2.12523875749632E-13,5.47079666113151E-14,1.));
#9719=DIRECTION('',(0.0868265938642658,0.992432509138962,-0.0868265938642842));
#9720=DIRECTION('center_axis',(-2.11756250807843E-13,0.0871557427477129,
0.996194698091741));
#9721=DIRECTION('ref_axis',(-1.80529860393472E-14,-0.996194698091741,0.0871557427477129));
#9722=DIRECTION('',(1.,4.71484343506663E-16,2.12523875749632E-13));
#9723=DIRECTION('',(0.0868265938642661,0.992432509138962,-0.0868265938642842));
#9724=DIRECTION('center_axis',(-0.996194698091746,0.0871557427476579,-2.16483271703916E-13));
#9725=DIRECTION('ref_axis',(-0.0871557427476579,-0.996194698091746,3.59771100390022E-14));
#9726=DIRECTION('',(-2.12523875749632E-13,5.47079666113151E-14,1.));
#9727=DIRECTION('center_axis',(4.71484343495036E-16,-1.,5.47079666113152E-14));
#9728=DIRECTION('ref_axis',(2.12523875749632E-13,-5.47079666113151E-14,
-1.));
#9729=DIRECTION('',(0.,0.,1.));
#9730=DIRECTION('',(1.,0.,0.));
#9731=DIRECTION('',(-4.0163986123735E-13,-1.09216419240662E-13,-1.));
#9732=DIRECTION('',(-1.,6.35186347963773E-14,4.01639861237343E-13));
#9733=DIRECTION('',(6.44045203514056E-14,1.,-1.11092048360097E-13));
#9734=DIRECTION('',(-1.,6.44045203514506E-14,4.05593144939663E-13));
#9735=DIRECTION('',(6.44045203514056E-14,1.,-1.11092048360097E-13));
#9736=DIRECTION('',(-1.,6.44045203514506E-14,4.05593144939663E-13));
#9737=DIRECTION('',(6.44045203514056E-14,1.,-1.11092048360097E-13));
#9738=DIRECTION('',(-1.,6.44045203514506E-14,4.05593144939663E-13));
#9739=DIRECTION('',(6.44045203514056E-14,1.,-1.11092048360097E-13));
#9740=DIRECTION('',(-1.,6.44045203514506E-14,4.05593144939663E-13));
#9741=DIRECTION('',(1.,-1.99840144433793E-15,0.));
#9742=DIRECTION('',(1.99840144432528E-15,1.,-4.06415514654428E-28));
#9743=CARTESIAN_POINT('',(0.,0.,0.));
#9744=CARTESIAN_POINT('',(0.,0.,0.));
#9745=CARTESIAN_POINT('',(0.,0.,0.));
#9746=CARTESIAN_POINT('Origin',(3.5527136788005E-14,-3.5527136788005E-14,
-0.1));
#9747=CARTESIAN_POINT('',(1.77635683940025E-14,2.54999999999992,-0.2));
#9748=CARTESIAN_POINT('Origin',(1.77635683940025E-14,-7.105427357601E-14,
-0.2));
#9749=CARTESIAN_POINT('',(1.77635683940025E-14,2.74999999999991,0.));
#9750=CARTESIAN_POINT('',(3.5998772740514E-14,2.64999999999995,-0.1));
#9751=CARTESIAN_POINT('Origin',(1.77635683940025E-14,-7.105427357601E-14,
0.));
#9752=CARTESIAN_POINT('Origin',(1.77635683940025E-14,0.,-4.49999999999995));
#9753=CARTESIAN_POINT('',(0.,2.54999999999999,-3.79999999999995));
#9754=CARTESIAN_POINT('',(1.75928368958328E-14,2.55,-4.49999999999995));
#9755=CARTESIAN_POINT('Origin',(0.,0.,-3.79999999999995));
#9756=CARTESIAN_POINT('Origin',(-1.77635683940025E-14,-7.105427357601E-14,
0.));
#9757=CARTESIAN_POINT('',(-1.77635683940025E-14,-3.80000000000006,0.));
#9758=CARTESIAN_POINT('Origin',(-1.77635683940025E-14,-7.105427357601E-14,
0.));
#9759=CARTESIAN_POINT('Origin',(1.77635683940025E-14,3.5527136788005E-14,
-3.89999999999995));
#9760=CARTESIAN_POINT('',(0.,2.75000000000002,-3.99999999999995));
#9761=CARTESIAN_POINT('Origin',(0.,0.,-3.99999999999995));
#9762=CARTESIAN_POINT('',(1.82352043465115E-14,2.65000000000005,-3.89999999999995));
#9763=CARTESIAN_POINT('Origin',(-3.5527136788005E-14,-3.5527136788005E-14,
-3.99999999999995));
#9764=CARTESIAN_POINT('',(-3.5527136788005E-14,-3.80000000000003,-3.99999999999995));
#9765=CARTESIAN_POINT('Origin',(-3.5527136788005E-14,-3.5527136788005E-14,
-3.99999999999995));
#9766=CARTESIAN_POINT('Origin',(-1.77635683940025E-14,-3.5527136788005E-14,
-3.89999999999995));
#9767=CARTESIAN_POINT('',(-3.5527136788005E-14,-4.00000000000002,-3.79999999999995));
#9768=CARTESIAN_POINT('Origin',(-3.5527136788005E-14,-3.5527136788005E-14,
-3.79999999999995));
#9769=CARTESIAN_POINT('',(-1.7502449632096E-14,-3.90000000000003,-3.89999999999995));
#9770=CARTESIAN_POINT('Origin',(1.77635683940025E-14,0.,-4.49999999999995));
#9771=CARTESIAN_POINT('',(-1.77635683940025E-14,-4.00000000000006,-0.199999999999999));
#9772=CARTESIAN_POINT('Origin',(-1.77635683940025E-14,-7.105427357601E-14,
-0.199999999999998));
#9773=CARTESIAN_POINT('',(1.80313825087785E-14,-3.99999999999999,-4.49999999999995));
#9774=CARTESIAN_POINT('Origin',(0.,-3.5527136788005E-14,-0.0999999999999979));
#9775=CARTESIAN_POINT('',(2.61118761906554E-16,-3.90000000000002,-0.0999999999999978));
#9776=CARTESIAN_POINT('',(0.,0.,0.));
#9777=CARTESIAN_POINT('Origin',(0.,0.,0.));
#9778=CARTESIAN_POINT('',(-2.5,-3.95516952522712E-14,-9.4));
#9779=CARTESIAN_POINT('',(2.5,-3.06161699786838E-16,-9.4));
#9780=CARTESIAN_POINT('Origin',(0.,0.,-9.4));
#9781=CARTESIAN_POINT('',(2.5,-3.06161699786838E-16,0.));
#9782=CARTESIAN_POINT('',(2.5,-3.06161699786838E-16,0.));
#9783=CARTESIAN_POINT('Origin',(0.,0.,0.));
#9784=CARTESIAN_POINT('Origin',(0.,0.,-9.4));
#9785=CARTESIAN_POINT('Origin',(0.,4.25000000000001,-5.55111512312578E-16));
#9786=CARTESIAN_POINT('',(-5.20474889637625E-16,-4.24999999999999,8.78036477936207E-15));
#9787=CARTESIAN_POINT('Origin',(0.,7.2092872295005E-15,5.55111512312578E-15));
#9788=CARTESIAN_POINT('Origin',(0.,9.53624654061194E-15,3.0625));
#9789=CARTESIAN_POINT('',(-5.20474889637625E-16,-4.24999999999999,3.06250000000001));
#9790=CARTESIAN_POINT('Origin',(0.,9.53624654061194E-15,3.0625));
#9791=CARTESIAN_POINT('',(-4.66896592174928E-16,-3.81249999999998,3.50000000000001));
#9792=CARTESIAN_POINT('',(-5.20474889637625E-16,-4.24999999999999,3.06250000000001));
#9793=CARTESIAN_POINT('Origin',(0.,9.86866929934215E-15,3.5));
#9794=CARTESIAN_POINT('Origin',(0.,7.2092872295005E-15,0.));
#9795=CARTESIAN_POINT('',(-5.20474889637625E-16,-4.24999999999999,3.22924965623629E-15));
#9796=CARTESIAN_POINT('Origin',(0.,0.,-10.));
#9797=CARTESIAN_POINT('',(-1.9,-2.32682891837997E-16,-10.));
#9798=CARTESIAN_POINT('',(-1.9,-2.32682891837997E-16,-10.));
#9799=CARTESIAN_POINT('Origin',(0.,0.,-10.));
#9800=CARTESIAN_POINT('Origin',(0.,3.81250000000001,3.5));
#9801=CARTESIAN_POINT('',(-1.32489505477729E-13,-1.73205080756879,3.50000000000001));
#9802=CARTESIAN_POINT('',(1.49999999999989,-0.866025403784491,3.5));
#9803=CARTESIAN_POINT('Origin',(0.,3.74415592880728E-14,3.5));
#9804=CARTESIAN_POINT('',(-1.5,-0.86602540378443,3.5));
#9805=CARTESIAN_POINT('Origin',(0.,3.74415592880728E-14,3.5));
#9806=CARTESIAN_POINT('',(-1.5,0.866025403784382,3.5));
#9807=CARTESIAN_POINT('Origin',(0.,3.74415592880728E-14,3.5));
#9808=CARTESIAN_POINT('',(3.5453411040276E-14,1.73205080756887,3.5));
#9809=CARTESIAN_POINT('Origin',(0.,3.74415592880728E-14,3.5));
#9810=CARTESIAN_POINT('',(1.5,0.866025403784381,3.5));
#9811=CARTESIAN_POINT('Origin',(0.,3.74415592880728E-14,3.5));
#9812=CARTESIAN_POINT('Origin',(0.,3.74415592880728E-14,3.5));
#9813=CARTESIAN_POINT('Origin',(0.,0.,-10.));
#9814=CARTESIAN_POINT('Origin',(0.,3.74415592880728E-14,3.5));
#9815=CARTESIAN_POINT('Ctrl Pts',(-1.5,-0.866025403784403,3.50000000000005));
#9816=CARTESIAN_POINT('Ctrl Pts',(-1.5,4.9960036108132E-16,3.06698729810785));
#9817=CARTESIAN_POINT('Ctrl Pts',(-1.5,0.866025403784382,3.5));
#9818=CARTESIAN_POINT('Origin',(0.,3.74415592880728E-14,3.5));
#9819=CARTESIAN_POINT('Ctrl Pts',(-1.31379957385964E-13,-1.73205080756879,
3.50000000000001));
#9820=CARTESIAN_POINT('Ctrl Pts',(-0.750000000000043,-1.29903810567662,
3.06698729810789));
#9821=CARTESIAN_POINT('Ctrl Pts',(-1.49999999999998,-0.866025403784444,
3.50000000000005));
#9822=CARTESIAN_POINT('Origin',(0.,3.74415592880728E-14,3.5));
#9823=CARTESIAN_POINT('Ctrl Pts',(1.49999999999989,-0.866025403784492,3.5));
#9824=CARTESIAN_POINT('Ctrl Pts',(0.749999999999952,-1.29903810567668,3.06698729810788));
#9825=CARTESIAN_POINT('Ctrl Pts',(-2.70051735575545E-14,-1.73205080756888,
3.5000000000001));
#9826=CARTESIAN_POINT('Origin',(0.,3.74415592880728E-14,3.5));
#9827=CARTESIAN_POINT('Ctrl Pts',(1.5,0.866025403784377,3.5));
#9828=CARTESIAN_POINT('Ctrl Pts',(1.5,-2.03170813506404E-14,3.06698729810784));
#9829=CARTESIAN_POINT('Ctrl Pts',(1.5,-0.866025403784454,3.50000000000008));
#9830=CARTESIAN_POINT('Origin',(0.,3.74415592880728E-14,3.5));
#9831=CARTESIAN_POINT('Ctrl Pts',(3.62895267900563E-14,1.73205080756887,
3.5));
#9832=CARTESIAN_POINT('Ctrl Pts',(0.750000000000015,1.29903810567666,3.06698729810781));
#9833=CARTESIAN_POINT('Ctrl Pts',(1.50000000000001,0.866025403784442,3.50000000000004));
#9834=CARTESIAN_POINT('Origin',(0.,3.74415592880728E-14,3.5));
#9835=CARTESIAN_POINT('Ctrl Pts',(-1.50000000000001,0.866025403784442,3.50000000000004));
#9836=CARTESIAN_POINT('Ctrl Pts',(-0.749999999999999,1.29903810567667,3.0669872981078));
#9837=CARTESIAN_POINT('Ctrl Pts',(6.78308911963674E-15,1.73205080756889,
3.50000000000002));
#9838=CARTESIAN_POINT('Origin',(3.03576371818203E-16,1.73205080756889,0.679999999999999));
#9839=CARTESIAN_POINT('',(-1.5,0.866025403784449,0.679999999999999));
#9840=CARTESIAN_POINT('',(4.63148187904233E-16,1.73205080756889,0.679999999999999));
#9841=CARTESIAN_POINT('',(-1.5,0.866025403784449,0.679999999999999));
#9842=CARTESIAN_POINT('',(-1.5,-0.86602540378443,0.679999999999999));
#9843=CARTESIAN_POINT('',(-1.5,-0.86602540378443,0.679999999999999));
#9844=CARTESIAN_POINT('',(-1.81589183132368E-16,-1.73205080756887,0.679999999999999));
#9845=CARTESIAN_POINT('',(-1.81589183132368E-16,-1.73205080756887,0.679999999999999));
#9846=CARTESIAN_POINT('',(1.5,-0.86602540378443,0.679999999999999));
#9847=CARTESIAN_POINT('',(1.5,-0.86602540378443,0.679999999999999));
#9848=CARTESIAN_POINT('',(1.5,0.866025403784449,0.679999999999999));
#9849=CARTESIAN_POINT('',(1.5,0.866025403784449,0.679999999999999));
#9850=CARTESIAN_POINT('',(4.63148187904233E-16,1.73205080756889,0.679999999999999));
#9851=CARTESIAN_POINT('Origin',(-1.5,-0.86602540378443,0.679999999999999));
#9852=CARTESIAN_POINT('',(-1.5,-0.86602540378443,0.679999999999999));
#9853=CARTESIAN_POINT('',(-1.5,0.866025403784449,0.679999999999999));
#9854=CARTESIAN_POINT('Origin',(-1.81589183132368E-16,-1.73205080756887,
0.679999999999999));
#9855=CARTESIAN_POINT('',(-1.81589183132368E-16,-1.73205080756887,0.679999999999999));
#9856=CARTESIAN_POINT('Origin',(1.5,-0.86602540378443,0.679999999999999));
#9857=CARTESIAN_POINT('',(1.5,-0.86602540378443,0.679999999999999));
#9858=CARTESIAN_POINT('Origin',(1.5,0.866025403784449,0.679999999999999));
#9859=CARTESIAN_POINT('',(1.5,0.866025403784449,0.679999999999999));
#9860=CARTESIAN_POINT('Origin',(4.63148187904233E-16,1.73205080756889,0.679999999999999));
#9861=CARTESIAN_POINT('',(4.63148187904233E-16,1.73205080756889,0.679999999999999));
#9862=CARTESIAN_POINT('Origin',(-1.5,0.866025403784449,0.679999999999999));
#9863=CARTESIAN_POINT('',(0.,0.,0.));
#9864=CARTESIAN_POINT('Origin',(0.,0.,-5.77315972805081E-14));
#9865=CARTESIAN_POINT('',(-2.5,-4.02455846426618E-15,-39.4));
#9866=CARTESIAN_POINT('',(2.5,-3.06161699786838E-16,-39.4));
#9867=CARTESIAN_POINT('Origin',(2.22044604925031E-15,3.5527136788005E-14,
-39.4));
#9868=CARTESIAN_POINT('',(2.5,-3.06161699786838E-16,-5.77315972805081E-14));
#9869=CARTESIAN_POINT('',(2.5,-3.06161699786838E-16,-5.77315972805081E-14));
#9870=CARTESIAN_POINT('Origin',(0.,0.,-5.77315972805081E-14));
#9871=CARTESIAN_POINT('Origin',(2.22044604925031E-15,3.5527136788005E-14,
-39.4));
#9872=CARTESIAN_POINT('Origin',(0.,4.25000000000001,-5.82867087928207E-14));
#9873=CARTESIAN_POINT('',(-5.20474889637625E-16,-4.24999999999999,-4.89512325011461E-14));
#9874=CARTESIAN_POINT('Origin',(0.,7.2092872295005E-15,-5.21804821573824E-14));
#9875=CARTESIAN_POINT('Origin',(0.,9.53624654061194E-15,3.06249999999995));
#9876=CARTESIAN_POINT('',(-5.20474889637625E-16,-4.24999999999999,3.06249999999995));
#9877=CARTESIAN_POINT('Origin',(0.,9.53624654061194E-15,3.06249999999995));
#9878=CARTESIAN_POINT('',(-4.66896592174928E-16,-3.81249999999998,3.49999999999995));
#9879=CARTESIAN_POINT('',(-5.20474889637625E-16,-4.24999999999999,3.06249999999995));
#9880=CARTESIAN_POINT('Origin',(0.,9.86866929934215E-15,3.49999999999995));
#9881=CARTESIAN_POINT('Origin',(0.,7.2092872295005E-15,-5.77315972805081E-14));
#9882=CARTESIAN_POINT('',(-5.20474889637625E-16,-4.24999999999999,-5.45023476242719E-14));
#9883=CARTESIAN_POINT('Origin',(2.22044604925031E-15,3.5527136788005E-14,
-40.));
#9884=CARTESIAN_POINT('',(-1.9,3.5294453896167E-14,-40.));
#9885=CARTESIAN_POINT('',(-1.9,3.5294453896167E-14,-40.));
#9886=CARTESIAN_POINT('Origin',(2.22044604925031E-15,3.5527136788005E-14,
-40.));
#9887=CARTESIAN_POINT('Origin',(0.,3.81250000000001,3.49999999999994));
#9888=CARTESIAN_POINT('',(-1.32489505477729E-13,-1.73205080756879,3.49999999999995));
#9889=CARTESIAN_POINT('',(1.49999999999989,-0.866025403784491,3.49999999999995));
#9890=CARTESIAN_POINT('Origin',(0.,3.74415592880728E-14,3.49999999999994));
#9891=CARTESIAN_POINT('',(-1.5,-0.86602540378443,3.49999999999994));
#9892=CARTESIAN_POINT('Origin',(0.,3.74415592880728E-14,3.49999999999994));
#9893=CARTESIAN_POINT('',(-1.5,0.866025403784382,3.49999999999994));
#9894=CARTESIAN_POINT('Origin',(0.,3.74415592880728E-14,3.49999999999994));
#9895=CARTESIAN_POINT('',(3.5453411040276E-14,1.73205080756887,3.49999999999994));
#9896=CARTESIAN_POINT('Origin',(0.,3.74415592880728E-14,3.49999999999994));
#9897=CARTESIAN_POINT('',(1.5,0.866025403784381,3.49999999999994));
#9898=CARTESIAN_POINT('Origin',(0.,3.74415592880728E-14,3.49999999999994));
#9899=CARTESIAN_POINT('Origin',(0.,3.74415592880728E-14,3.49999999999994));
#9900=CARTESIAN_POINT('Origin',(2.22044604925031E-15,3.5527136788005E-14,
-40.));
#9901=CARTESIAN_POINT('Origin',(0.,3.74415592880728E-14,3.49999999999994));
#9902=CARTESIAN_POINT('Ctrl Pts',(-1.5,-0.866025403784403,3.49999999999999));
#9903=CARTESIAN_POINT('Ctrl Pts',(-1.5,4.9960036108132E-16,3.06698729810779));
#9904=CARTESIAN_POINT('Ctrl Pts',(-1.5,0.866025403784382,3.49999999999994));
#9905=CARTESIAN_POINT('Origin',(0.,3.74415592880728E-14,3.49999999999994));
#9906=CARTESIAN_POINT('Ctrl Pts',(-1.31379957385964E-13,-1.73205080756879,
3.49999999999995));
#9907=CARTESIAN_POINT('Ctrl Pts',(-0.750000000000043,-1.29903810567662,
3.06698729810784));
#9908=CARTESIAN_POINT('Ctrl Pts',(-1.49999999999998,-0.866025403784444,
3.49999999999999));
#9909=CARTESIAN_POINT('Origin',(0.,3.74415592880728E-14,3.49999999999994));
#9910=CARTESIAN_POINT('Ctrl Pts',(1.49999999999989,-0.866025403784492,3.49999999999994));
#9911=CARTESIAN_POINT('Ctrl Pts',(0.749999999999952,-1.29903810567668,3.06698729810782));
#9912=CARTESIAN_POINT('Ctrl Pts',(-2.70051735575545E-14,-1.73205080756888,
3.50000000000004));
#9913=CARTESIAN_POINT('Origin',(0.,3.74415592880728E-14,3.49999999999994));
#9914=CARTESIAN_POINT('Ctrl Pts',(1.5,0.866025403784377,3.49999999999994));
#9915=CARTESIAN_POINT('Ctrl Pts',(1.5,-2.03170813506404E-14,3.06698729810778));
#9916=CARTESIAN_POINT('Ctrl Pts',(1.5,-0.866025403784454,3.50000000000002));
#9917=CARTESIAN_POINT('Origin',(0.,3.74415592880728E-14,3.49999999999994));
#9918=CARTESIAN_POINT('Ctrl Pts',(3.62895267900563E-14,1.73205080756887,
3.49999999999994));
#9919=CARTESIAN_POINT('Ctrl Pts',(0.750000000000015,1.29903810567666,3.06698729810775));
#9920=CARTESIAN_POINT('Ctrl Pts',(1.50000000000001,0.866025403784442,3.49999999999998));
#9921=CARTESIAN_POINT('Origin',(0.,3.74415592880728E-14,3.49999999999994));
#9922=CARTESIAN_POINT('Ctrl Pts',(-1.50000000000001,0.866025403784442,3.49999999999998));
#9923=CARTESIAN_POINT('Ctrl Pts',(-0.749999999999999,1.29903810567667,3.06698729810774));
#9924=CARTESIAN_POINT('Ctrl Pts',(6.78308911963674E-15,1.73205080756889,
3.49999999999996));
#9925=CARTESIAN_POINT('Origin',(3.03576371818203E-16,1.73205080756889,0.679999999999942));
#9926=CARTESIAN_POINT('',(-1.5,0.866025403784449,0.679999999999942));
#9927=CARTESIAN_POINT('',(4.63148187904233E-16,1.73205080756889,0.679999999999942));
#9928=CARTESIAN_POINT('',(-1.5,0.866025403784449,0.679999999999942));
#9929=CARTESIAN_POINT('',(-1.5,-0.86602540378443,0.679999999999942));
#9930=CARTESIAN_POINT('',(-1.5,-0.86602540378443,0.679999999999942));
#9931=CARTESIAN_POINT('',(-1.81589183132368E-16,-1.73205080756887,0.679999999999942));
#9932=CARTESIAN_POINT('',(-1.81589183132368E-16,-1.73205080756887,0.679999999999942));
#9933=CARTESIAN_POINT('',(1.5,-0.86602540378443,0.679999999999942));
#9934=CARTESIAN_POINT('',(1.5,-0.86602540378443,0.679999999999942));
#9935=CARTESIAN_POINT('',(1.5,0.866025403784449,0.679999999999942));
#9936=CARTESIAN_POINT('',(1.5,0.866025403784449,0.679999999999942));
#9937=CARTESIAN_POINT('',(4.63148187904233E-16,1.73205080756889,0.679999999999942));
#9938=CARTESIAN_POINT('Origin',(-1.5,-0.86602540378443,0.679999999999942));
#9939=CARTESIAN_POINT('',(-1.5,-0.86602540378443,0.679999999999942));
#9940=CARTESIAN_POINT('',(-1.5,0.866025403784449,0.679999999999942));
#9941=CARTESIAN_POINT('Origin',(-1.81589183132368E-16,-1.73205080756887,
0.679999999999942));
#9942=CARTESIAN_POINT('',(-1.81589183132368E-16,-1.73205080756887,0.679999999999942));
#9943=CARTESIAN_POINT('Origin',(1.5,-0.86602540378443,0.679999999999942));
#9944=CARTESIAN_POINT('',(1.5,-0.86602540378443,0.679999999999942));
#9945=CARTESIAN_POINT('Origin',(1.5,0.866025403784449,0.679999999999942));
#9946=CARTESIAN_POINT('',(1.5,0.866025403784449,0.679999999999942));
#9947=CARTESIAN_POINT('Origin',(4.63148187904233E-16,1.73205080756889,0.679999999999942));
#9948=CARTESIAN_POINT('',(4.63148187904233E-16,1.73205080756889,0.679999999999942));
#9949=CARTESIAN_POINT('Origin',(-1.5,0.866025403784449,0.679999999999942));
#9950=CARTESIAN_POINT('',(194.999999999938,-168.750002288779,-14.9999999999999));
#9951=CARTESIAN_POINT('',(194.999999999938,-153.250002288779,-14.9999999999999));
#9952=CARTESIAN_POINT('',(194.999998996477,-168.75,18.9999999999969));
#9953=CARTESIAN_POINT('',(194.999999461754,-153.250000000055,15.));
#9954=CARTESIAN_POINT('',(194.999999461754,-168.750000000055,45.0000033361206));
#9955=CARTESIAN_POINT('',(0.,0.,0.));
#9956=CARTESIAN_POINT('Origin',(4.5,-3.375,-35.9));
#9957=CARTESIAN_POINT('',(4.4,-12.75,-35.8));
#9958=CARTESIAN_POINT('',(4.6,-12.75,-36.));
#9959=CARTESIAN_POINT('',(4.4,-12.75,-35.8));
#9960=CARTESIAN_POINT('',(4.4,-6.75,-35.8));
#9961=CARTESIAN_POINT('',(4.4,-3.375,-35.8));
#9962=CARTESIAN_POINT('',(4.6,-6.75,-36.));
#9963=CARTESIAN_POINT('',(4.4,-6.75,-35.8));
#9964=CARTESIAN_POINT('',(4.6,-3.375,-36.));
#9965=CARTESIAN_POINT('Origin',(9.,-18.9,-1.));
#9966=CARTESIAN_POINT('',(9.,-18.8,0.));
#9967=CARTESIAN_POINT('',(9.,-19.,-0.2));
#9968=CARTESIAN_POINT('',(9.,-18.8,0.));
#9969=CARTESIAN_POINT('',(9.8,-19.,-1.));
#9970=CARTESIAN_POINT('Origin',(9.,-19.,-1.));
#9971=CARTESIAN_POINT('',(10.,-18.8,-1.));
#9972=CARTESIAN_POINT('',(10.,-18.8,-1.));
#9973=CARTESIAN_POINT('Origin',(9.,-18.8,-1.));
#9974=CARTESIAN_POINT('Origin',(9.9,-18.9,-9.));
#9975=CARTESIAN_POINT('',(10.,-18.8,-32.3786796564404));
#9976=CARTESIAN_POINT('',(9.8,-19.,-32.3786796564404));
#9977=CARTESIAN_POINT('',(10.,-18.8,-32.3786796564404));
#9978=CARTESIAN_POINT('',(10.,-18.8,-9.));
#9979=CARTESIAN_POINT('',(9.8,-19.,-9.));
#9980=CARTESIAN_POINT('Origin',(8.5,-18.9,-32.3786796564404));
#9981=CARTESIAN_POINT('',(9.41923881554251,-19.,-33.2979184719829));
#9982=CARTESIAN_POINT('Origin',(8.5,-19.,-32.3786796564404));
#9983=CARTESIAN_POINT('',(9.56066017177982,-18.8,-33.4393398282202));
#9984=CARTESIAN_POINT('',(9.56066017177982,-18.8,-33.4393398282202));
#9985=CARTESIAN_POINT('Origin',(8.5,-18.8,-32.3786796564404));
#9986=CARTESIAN_POINT('Origin',(11.6792893218813,-18.9,-31.1792893218813));
#9987=CARTESIAN_POINT('',(7.29791847198287,-19.,-35.4192388155425));
#9988=CARTESIAN_POINT('',(11.6085786437627,-19.,-31.1085786437627));
#9989=CARTESIAN_POINT('',(7.43933982822018,-18.8,-35.5606601717798));
#9990=CARTESIAN_POINT('',(7.43933982822018,-18.8,-35.5606601717798));
#9991=CARTESIAN_POINT('',(11.75,-18.8,-31.25));
#9992=CARTESIAN_POINT('Origin',(6.37867965644036,-18.9,-34.5));
#9993=CARTESIAN_POINT('',(6.37867965644036,-19.,-35.8));
#9994=CARTESIAN_POINT('Origin',(6.37867965644036,-19.,-34.5));
#9995=CARTESIAN_POINT('',(6.37867965644036,-18.8,-36.));
#9996=CARTESIAN_POINT('',(6.37867965644036,-18.8,-36.));
#9997=CARTESIAN_POINT('Origin',(6.37867965644036,-18.8,-34.5));
#9998=CARTESIAN_POINT('Origin',(6.37867965644036,0.,-34.5));
#9999=CARTESIAN_POINT('',(6.37867965644036,-3.88406204335649,-36.));
#10000=CARTESIAN_POINT('',(6.37867965644036,0.,-36.));
#10001=CARTESIAN_POINT('',(7.18571502583007,-4.28812410785925,-35.7643946822705));
#10002=CARTESIAN_POINT('Origin',(6.37867965644036,-2.82340187157669,-34.5));
#10003=CARTESIAN_POINT('',(7.43933982822017,-4.33423151961823,-35.5606601717798));
#10004=CARTESIAN_POINT('Ctrl Pts',(7.43933982822017,-4.33423151961824,-35.5606601717798));
#10005=CARTESIAN_POINT('Ctrl Pts',(7.38648565239344,-4.32923106619748,-35.6135143476066));
#10006=CARTESIAN_POINT('Ctrl Pts',(7.32834867360799,-4.32017854282031,-35.6635631547399));
#10007=CARTESIAN_POINT('Ctrl Pts',(7.24056133126781,-4.30157159920403,-35.7281114390148));
#10008=CARTESIAN_POINT('Ctrl Pts',(7.21330240810794,-4.29518029939968,-35.7467862617676));
#10009=CARTESIAN_POINT('Ctrl Pts',(7.18571502582984,-4.28812410785937,-35.7643946822707));
#10010=CARTESIAN_POINT('',(7.43933982822018,0.,-35.5606601717798));
#10011=CARTESIAN_POINT('Origin',(8.5,0.,-34.5));
#10012=CARTESIAN_POINT('',(9.56066017177982,-5.3574914097019,-33.4393398282202));
#10013=CARTESIAN_POINT('Ctrl Pts',(7.43933982821805,-4.33423151961803,-35.5606601717819));
#10014=CARTESIAN_POINT('Ctrl Pts',(8.39848867035004,-4.42497513700655,-34.60151132965));
#10015=CARTESIAN_POINT('Ctrl Pts',(9.56066017177981,-5.35749140970188,-33.4393398282202));
#10016=CARTESIAN_POINT('',(9.56066017177982,0.,-33.4393398282202));
#10017=CARTESIAN_POINT('Origin',(8.5,0.,-32.3786796564404));
#10018=CARTESIAN_POINT('',(10.,-5.70000000000011,-32.3786796564404));
#10019=CARTESIAN_POINT('Ctrl Pts',(10.,-5.70000000000011,-32.3786796564404));
#10020=CARTESIAN_POINT('Ctrl Pts',(10.,-5.70000000000011,-32.4886361821517));
#10021=CARTESIAN_POINT('Ctrl Pts',(9.98704498959878,-5.69020506094565,-32.6076058440655));
#10022=CARTESIAN_POINT('Ctrl Pts',(9.93350920949425,-5.64942292951479,-32.8355837467704));
#10023=CARTESIAN_POINT('Ctrl Pts',(9.89303483950296,-5.61847842140609,-32.9446245933333));
#10024=CARTESIAN_POINT('Ctrl Pts',(9.77601436317754,-5.52806480842888,-33.1836957423224));
#10025=CARTESIAN_POINT('Ctrl Pts',(9.67403265027106,-5.4484604972581,-33.3259673497289));
#10026=CARTESIAN_POINT('Ctrl Pts',(9.56066017177982,-5.3574914097019,-33.4393398282202));
#10027=CARTESIAN_POINT('',(10.,0.,-32.3786796564404));
#10028=CARTESIAN_POINT('Origin',(10.,0.,0.));
#10029=CARTESIAN_POINT('',(10.,-5.69999999999997,-2.5));
#10030=CARTESIAN_POINT('',(10.,-5.69999999999997,-12.6464466094067));
#10031=CARTESIAN_POINT('',(10.,-5.87887137352686,-0.999999999999999));
#10032=CARTESIAN_POINT('Ctrl Pts',(10.,-5.70000000000002,-2.50000000000001));
#10033=CARTESIAN_POINT('Ctrl Pts',(10.,-5.70000000000002,-1.76066498942246));
#10034=CARTESIAN_POINT('Ctrl Pts',(10.,-5.87887137352685,-0.999999999999993));
#10035=CARTESIAN_POINT('',(10.,0.,-1.));
#10036=CARTESIAN_POINT('Origin',(9.,0.,-1.));
#10037=CARTESIAN_POINT('',(9.,-5.2697486947007,2.4980018054066E-15));
#10038=CARTESIAN_POINT('Ctrl Pts',(9.,-5.26974869470069,6.93889390390723E-17));
#10039=CARTESIAN_POINT('Ctrl Pts',(9.13406312456561,-5.39057341075487,-2.1669139749595E-16));
#10040=CARTESIAN_POINT('Ctrl Pts',(9.27223463122557,-5.5039326074386,-0.0277048010274232));
#10041=CARTESIAN_POINT('Ctrl Pts',(9.51662650053321,-5.68605275726635,-0.13440187591008));
#10042=CARTESIAN_POINT('Ctrl Pts',(9.63830979598873,-5.76768097990389,-0.215928749304227));
#10043=CARTESIAN_POINT('Ctrl Pts',(9.78896571039766,-5.85238980101059,-0.381061482623706));
#10044=CARTESIAN_POINT('Ctrl Pts',(9.83410569989777,-5.8746145046616,-0.443067076617687));
#10045=CARTESIAN_POINT('Ctrl Pts',(9.90936441856445,-5.90442727823913,-0.576977844904687));
#10046=CARTESIAN_POINT('Ctrl Pts',(9.93948861497407,-5.91202365109396,-0.648878097847483));
#10047=CARTESIAN_POINT('Ctrl Pts',(9.98215856738772,-5.91202365109396,-0.796800599548157));
#10048=CARTESIAN_POINT('Ctrl Pts',(9.99495696673608,-5.90442727823914,-0.873698678566316));
#10049=CARTESIAN_POINT('Ctrl Pts',(9.99959210591708,-5.88630513481512,-0.966957588496829));
#10050=CARTESIAN_POINT('Ctrl Pts',(10.,-5.88275179378955,-0.983498198846046));
#10051=CARTESIAN_POINT('Ctrl Pts',(10.,-5.87887137352686,-0.999999999999999));
#10052=CARTESIAN_POINT('',(9.,0.,0.));
#10053=CARTESIAN_POINT('Origin',(7.49999999999745,-18.9,-28.9999999999988));
#10054=CARTESIAN_POINT('',(7.49999999999745,-19.,-30.7499999999988));
#10055=CARTESIAN_POINT('Origin',(7.49999999999745,-19.,-28.9999999999988));
#10056=CARTESIAN_POINT('',(7.49999999999745,-18.8,-30.5499999999988));
#10057=CARTESIAN_POINT('',(7.49999999999745,-18.9,-30.6499999999988));
#10058=CARTESIAN_POINT('Origin',(7.49999999999745,-18.8,-28.9999999999988));
#10059=CARTESIAN_POINT('Origin',(7.49999999999745,-10.45,-28.9999999999988));
#10060=CARTESIAN_POINT('',(7.49999999999745,-5.7,-30.5499999999988));
#10061=CARTESIAN_POINT('Origin',(7.49999999999745,-5.7,-28.9999999999988));
#10062=CARTESIAN_POINT('',(7.49999999999745,-10.45,-30.5499999999988));
#10063=CARTESIAN_POINT('Origin',(7.49999999999745,-18.9,-12.9999999999988));
#10064=CARTESIAN_POINT('',(7.49999999999745,-19.,-14.7499999999988));
#10065=CARTESIAN_POINT('Origin',(7.49999999999745,-19.,-12.9999999999988));
#10066=CARTESIAN_POINT('',(7.49999999999745,-18.8,-14.5499999999988));
#10067=CARTESIAN_POINT('',(7.49999999999745,-18.9,-14.6499999999988));
#10068=CARTESIAN_POINT('Origin',(7.49999999999745,-18.8,-12.9999999999988));
#10069=CARTESIAN_POINT('Origin',(7.49999999999745,-10.45,-12.9999999999988));
#10070=CARTESIAN_POINT('',(7.49999999999745,-5.7,-14.5499999999988));
#10071=CARTESIAN_POINT('Origin',(7.49999999999745,-5.7,-12.9999999999988));
#10072=CARTESIAN_POINT('',(7.49999999999745,-10.45,-14.5499999999988));
#10073=CARTESIAN_POINT('Origin',(7.49999999999745,-5.6,-28.9999999999988));
#10074=CARTESIAN_POINT('',(7.49999999999745,-5.5,-30.7499999999988));
#10075=CARTESIAN_POINT('Origin',(7.49999999999745,-5.5,-28.9999999999988));
#10076=CARTESIAN_POINT('',(7.49999999999745,-5.6,-30.6499999999988));
#10077=CARTESIAN_POINT('Origin',(7.49999999999745,-5.5,-28.9999999999988));
#10078=CARTESIAN_POINT('',(9.80000000000003,-5.5,-27.2336478267366));
#10079=CARTESIAN_POINT('',(9.80000000000003,-5.5,-30.766352173261));
#10080=CARTESIAN_POINT('',(9.80000000000003,-5.5,-27.1464466094061));
#10081=CARTESIAN_POINT('Origin',(7.49999999999745,-5.5,-28.9999999999988));
#10082=CARTESIAN_POINT('Origin',(7.49999999999745,-5.6,-12.9999999999988));
#10083=CARTESIAN_POINT('',(7.49999999999745,-5.5,-14.7499999999988));
#10084=CARTESIAN_POINT('Origin',(7.49999999999745,-5.5,-12.9999999999988));
#10085=CARTESIAN_POINT('',(7.49999999999745,-5.6,-14.6499999999988));
#10086=CARTESIAN_POINT('Origin',(7.49999999999745,-5.5,-12.9999999999988));
#10087=CARTESIAN_POINT('',(9.80000000000003,-5.5,-11.2336478267366));
#10088=CARTESIAN_POINT('',(9.80000000000003,-5.5,-14.766352173261));
#10089=CARTESIAN_POINT('',(9.80000000000003,-5.5,-19.1464466094061));
#10090=CARTESIAN_POINT('Origin',(7.49999999999745,-5.5,-12.9999999999988));
#10091=CARTESIAN_POINT('Origin',(3.8,-0.05,-32.3786796564404));
#10092=CARTESIAN_POINT('',(4.15355339059327,0.,-32.7322330470336));
#10093=CARTESIAN_POINT('',(4.22426406871192,-0.1,-32.8029437251523));
#10094=CARTESIAN_POINT('',(4.3,0.,-32.3786796564404));
#10095=CARTESIAN_POINT('Origin',(3.8,0.,-32.3786796564404));
#10096=CARTESIAN_POINT('',(4.4,-0.1,-32.3786796564404));
#10097=CARTESIAN_POINT('Origin',(7.49999999999745,-2.75,-12.9999999999988));
#10098=CARTESIAN_POINT('Origin',(7.49999999999745,-3.19999999999743,-12.9999999999988));
#10099=CARTESIAN_POINT('Origin',(7.49999999999745,-2.75,-28.9999999999988));
#10100=CARTESIAN_POINT('Origin',(7.49999999999745,-3.19999999999743,-28.9999999999988));
#10101=CARTESIAN_POINT('Origin',(1.67867965644032,-0.05,-34.5));
#10102=CARTESIAN_POINT('',(1.67867965644032,-1.00000000000002,-36.));
#10103=CARTESIAN_POINT('',(3.17867965644029,-1.62132034355965,-36.));
#10104=CARTESIAN_POINT('Ctrl Pts',(1.67867965644032,-1.00000000000003,-36.));
#10105=CARTESIAN_POINT('Ctrl Pts',(2.29999999999807,-1.00000000000004,-36.));
#10106=CARTESIAN_POINT('Ctrl Pts',(3.17867965643385,-1.62132034355511,-36.));
#10107=CARTESIAN_POINT('',(1.67867965644032,0.,-35.));
#10108=CARTESIAN_POINT('',(1.67867965644032,-0.1,-35.1));
#10109=CARTESIAN_POINT('',(2.03223304703359,0.,-34.8535533905933));
#10110=CARTESIAN_POINT('Origin',(1.67867965644032,0.,-34.5));
#10111=CARTESIAN_POINT('',(2.10294372515224,-0.1,-34.9242640687119));
#10112=CARTESIAN_POINT('Origin',(6.94969516727949,-0.05,-30.0068019484661));
#10113=CARTESIAN_POINT('',(5.95694564798868,-3.58585106612334,-36.));
#10114=CARTESIAN_POINT('',(6.91433982822016,0.,-29.9714466094068));
#10115=CARTESIAN_POINT('Origin',(4.35,-0.05,-25.2928932188135));
#10116=CARTESIAN_POINT('',(4.29999999999999,0.,-2.5));
#10117=CARTESIAN_POINT('',(4.3,0.,-25.2928932188135));
#10118=CARTESIAN_POINT('',(4.39999999999999,-0.1,-2.5));
#10119=CARTESIAN_POINT('Origin',(3.79999999999999,-0.05,-2.5));
#10120=CARTESIAN_POINT('',(3.79999999999999,-2.00000000000001,2.77555756156289E-16));
#10121=CARTESIAN_POINT('Ctrl Pts',(9.00000000000024,-5.26974869470089,7.49400541621981E-15));
#10122=CARTESIAN_POINT('Ctrl Pts',(5.37199456475998,-2.00000000000001,7.49400541621981E-15));
#10123=CARTESIAN_POINT('Ctrl Pts',(3.8,-2.00000000000001,7.49400541621981E-15));
#10124=CARTESIAN_POINT('',(3.79999999999999,0.,-2.));
#10125=CARTESIAN_POINT('Origin',(3.79999999999999,0.,-2.5));
#10126=CARTESIAN_POINT('',(3.79999999999999,-0.1,-1.9));
#10127=CARTESIAN_POINT('Origin',(4.4,-6.75,-36.));
#10128=CARTESIAN_POINT('',(4.4,-12.75,-26.));
#10129=CARTESIAN_POINT('',(4.4,-12.75,-36.));
#10130=CARTESIAN_POINT('',(4.4,-6.75,-26.));
#10131=CARTESIAN_POINT('',(4.4,-12.75,-26.));
#10132=CARTESIAN_POINT('',(4.4,-6.75,-36.));
#10133=CARTESIAN_POINT('Origin',(0.,-12.75,-25.9));
#10134=CARTESIAN_POINT('',(2.55,-12.75,-25.8));
#10135=CARTESIAN_POINT('Origin',(0.,-12.75,-25.8));
#10136=CARTESIAN_POINT('',(2.75,-12.75,-26.));
#10137=CARTESIAN_POINT('',(2.65,-12.75,-25.9));
#10138=CARTESIAN_POINT('Origin',(0.,-12.75,-26.));
#10139=CARTESIAN_POINT('Origin',(0.,-12.75,-16.2));
#10140=CARTESIAN_POINT('',(2.55,-12.75,-0.2));
#10141=CARTESIAN_POINT('',(2.55,-12.75,-16.2));
#10142=CARTESIAN_POINT('Origin',(0.,-12.75,-0.2));
#10143=CARTESIAN_POINT('Origin',(-2.03272857668194E-15,-6.75,-25.9));
#10144=CARTESIAN_POINT('',(2.55,-6.75,-25.8));
#10145=CARTESIAN_POINT('Origin',(-2.03272857668194E-15,-6.75,-25.8));
#10146=CARTESIAN_POINT('',(2.75,-6.75,-26.));
#10147=CARTESIAN_POINT('',(2.65,-6.75,-25.9));
#10148=CARTESIAN_POINT('Origin',(-2.03272857668194E-15,-6.75,-26.));
#10149=CARTESIAN_POINT('Origin',(-2.03272857668194E-15,-6.75,-16.2));
#10150=CARTESIAN_POINT('',(2.55,-6.75,-0.2));
#10151=CARTESIAN_POINT('',(2.55,-6.75,-16.2));
#10152=CARTESIAN_POINT('Origin',(-2.03272857668194E-15,-6.75,-0.2));
#10153=CARTESIAN_POINT('',(0.,-4.2,-22.2644999999985));
#10154=CARTESIAN_POINT('',(0.,-4.2,-19.7354999999985));
#10155=CARTESIAN_POINT('Ctrl Pts',(-5.20417042793042E-16,-4.2,-22.2644999999985));
#10156=CARTESIAN_POINT('Ctrl Pts',(0.161746497403069,-4.2,-22.2644999999985));
#10157=CARTESIAN_POINT('Ctrl Pts',(0.332417119973528,-4.21680663414438,
-22.2315983807774));
#10158=CARTESIAN_POINT('Ctrl Pts',(0.643237151375634,-4.27738686312321,
-22.1016267996937));
#10159=CARTESIAN_POINT('Ctrl Pts',(0.783573684682481,-4.32050415343468,
-22.0046993649368));
#10160=CARTESIAN_POINT('Ctrl Pts',(1.00499036355285,-4.4034055268675,-21.7832826860664));
#10161=CARTESIAN_POINT('Ctrl Pts',(1.101703935918,-4.44911430128747,-21.6430448339694));
#10162=CARTESIAN_POINT('Ctrl Pts',(1.23150282778091,-4.51589438694096,-21.3326534789469));
#10163=CARTESIAN_POINT('Ctrl Pts',(1.2645,-4.53560623420314,-21.1621722101148));
#10164=CARTESIAN_POINT('Ctrl Pts',(1.2645,-4.53560623420314,-20.8378277898822));
#10165=CARTESIAN_POINT('Ctrl Pts',(1.23150282778091,-4.51589438694096,-20.6673465210501));
#10166=CARTESIAN_POINT('Ctrl Pts',(1.101703935918,-4.44911430128747,-20.3569551660276));
#10167=CARTESIAN_POINT('Ctrl Pts',(1.00499036355285,-4.4034055268675,-20.2167173139306));
#10168=CARTESIAN_POINT('Ctrl Pts',(0.783573684682481,-4.32050415343468,
-19.9953006350602));
#10169=CARTESIAN_POINT('Ctrl Pts',(0.643237151375633,-4.27738686312321,
-19.8983732003033));
#10170=CARTESIAN_POINT('Ctrl Pts',(0.332417119973528,-4.21680663414438,
-19.7684016192196));
#10171=CARTESIAN_POINT('Ctrl Pts',(0.161746497403069,-4.2,-19.7354999999985));
#10172=CARTESIAN_POINT('Ctrl Pts',(2.77555756156289E-16,-4.2,-19.7354999999985));
#10173=CARTESIAN_POINT('Ctrl Pts',(5.20417042793042E-16,-4.2,-22.2644999999985));
#10174=CARTESIAN_POINT('Ctrl Pts',(-0.161746497403069,-4.2,-22.2644999999985));
#10175=CARTESIAN_POINT('Ctrl Pts',(-0.332417119973528,-4.21680663414438,
-22.2315983807774));
#10176=CARTESIAN_POINT('Ctrl Pts',(-0.643237151375634,-4.27738686312321,
-22.1016267996937));
#10177=CARTESIAN_POINT('Ctrl Pts',(-0.783573684682481,-4.32050415343468,
-22.0046993649368));
#10178=CARTESIAN_POINT('Ctrl Pts',(-1.00499036355285,-4.4034055268675,-21.7832826860664));
#10179=CARTESIAN_POINT('Ctrl Pts',(-1.101703935918,-4.44911430128747,-21.6430448339694));
#10180=CARTESIAN_POINT('Ctrl Pts',(-1.23150282778091,-4.51589438694096,
-21.3326534789469));
#10181=CARTESIAN_POINT('Ctrl Pts',(-1.2645,-4.53560623420314,-21.1621722101148));
#10182=CARTESIAN_POINT('Ctrl Pts',(-1.2645,-4.53560623420314,-20.8378277898822));
#10183=CARTESIAN_POINT('Ctrl Pts',(-1.23150282778091,-4.51589438694096,
-20.6673465210501));
#10184=CARTESIAN_POINT('Ctrl Pts',(-1.101703935918,-4.44911430128747,-20.3569551660276));
#10185=CARTESIAN_POINT('Ctrl Pts',(-1.00499036355285,-4.4034055268675,-20.2167173139306));
#10186=CARTESIAN_POINT('Ctrl Pts',(-0.783573684682481,-4.32050415343468,
-19.9953006350602));
#10187=CARTESIAN_POINT('Ctrl Pts',(-0.643237151375633,-4.27738686312321,
-19.8983732003033));
#10188=CARTESIAN_POINT('Ctrl Pts',(-0.332417119973528,-4.21680663414438,
-19.7684016192196));
#10189=CARTESIAN_POINT('Ctrl Pts',(-0.161746497403069,-4.2,-19.7354999999985));
#10190=CARTESIAN_POINT('Ctrl Pts',(-2.77555756156289E-16,-4.2,-19.7354999999985));
#10191=CARTESIAN_POINT('Origin',(-2.03272857668194E-15,-6.75,-35.9));
#10192=CARTESIAN_POINT('',(-4.4,-6.75,-35.8));
#10193=CARTESIAN_POINT('Origin',(-2.03272857668194E-15,-6.75,-35.8));
#10194=CARTESIAN_POINT('',(-4.6,-6.75,-36.));
#10195=CARTESIAN_POINT('',(-4.4,-6.75,-35.8));
#10196=CARTESIAN_POINT('Origin',(-2.03272857668194E-15,-6.75,-36.));
#10197=CARTESIAN_POINT('Origin',(-4.5,-3.375,-35.9));
#10198=CARTESIAN_POINT('',(-4.4,-12.75,-35.8));
#10199=CARTESIAN_POINT('',(-4.6,-12.75,-36.));
#10200=CARTESIAN_POINT('',(-4.4,-12.75,-35.8));
#10201=CARTESIAN_POINT('',(-4.6,-3.375,-36.));
#10202=CARTESIAN_POINT('',(-4.4,-3.375,-35.8));
#10203=CARTESIAN_POINT('Origin',(0.,-12.75,-35.9));
#10204=CARTESIAN_POINT('Origin',(0.,-12.75,-36.));
#10205=CARTESIAN_POINT('Origin',(0.,-12.75,-35.8));
#10206=CARTESIAN_POINT('Origin',(-10.,0.,-36.));
#10207=CARTESIAN_POINT('',(-1.67867965644032,-1.00000000000002,-36.));
#10208=CARTESIAN_POINT('',(6.25,-1.00000000000002,-36.));
#10209=CARTESIAN_POINT('',(-6.37867965644036,-18.8,-36.));
#10210=CARTESIAN_POINT('',(-7.5,-18.8,-36.));
#10211=CARTESIAN_POINT('',(-6.37867965644036,-3.88406204335649,-36.));
#10212=CARTESIAN_POINT('',(-6.37867965644036,0.,-36.));
#10213=CARTESIAN_POINT('',(-3.17867965644029,-1.62132034355965,-36.));
#10214=CARTESIAN_POINT('',(-5.95694564798868,-3.58585106612334,-36.));
#10215=CARTESIAN_POINT('Ctrl Pts',(-1.67867965644032,-1.00000000000003,
-36.));
#10216=CARTESIAN_POINT('Ctrl Pts',(-2.29999999999807,-1.00000000000004,
-36.));
#10217=CARTESIAN_POINT('Ctrl Pts',(-3.17867965643385,-1.62132034355511,
-36.));
#10218=CARTESIAN_POINT('Origin',(-2.03272857668194E-15,-6.75,-0.1));
#10219=CARTESIAN_POINT('',(2.75,-6.75,2.77555756156289E-16));
#10220=CARTESIAN_POINT('Origin',(-2.03272857668194E-15,-6.75,0.));
#10221=CARTESIAN_POINT('',(2.65,-6.75,-0.1));
#10222=CARTESIAN_POINT('Origin',(0.,0.,0.));
#10223=CARTESIAN_POINT('',(-3.79999999999999,-2.00000000000001,2.77555756156289E-16));
#10224=CARTESIAN_POINT('',(-2.325,-1.99999999999999,2.77555756156289E-16));
#10225=CARTESIAN_POINT('',(-9.,-5.2697486947007,2.4980018054066E-15));
#10226=CARTESIAN_POINT('Ctrl Pts',(-9.00000000000024,-5.26974869470089,
7.49400541621981E-15));
#10227=CARTESIAN_POINT('Ctrl Pts',(-5.37199456475998,-2.00000000000001,
7.49400541621981E-15));
#10228=CARTESIAN_POINT('Ctrl Pts',(-3.8,-2.00000000000001,7.49400541621981E-15));
#10229=CARTESIAN_POINT('',(-9.,-18.8,0.));
#10230=CARTESIAN_POINT('',(-9.,0.,0.));
#10231=CARTESIAN_POINT('',(-2.5,-18.8,0.));
#10232=CARTESIAN_POINT('',(2.75,-12.75,1.14491749414469E-15));
#10233=CARTESIAN_POINT('Origin',(0.,-12.75,0.));
#10234=CARTESIAN_POINT('Origin',(0.,-12.75,-0.1));
#10235=CARTESIAN_POINT('',(2.65,-12.75,-0.1));
#10236=CARTESIAN_POINT('Origin',(-2.5,-18.9,-0.1));
#10237=CARTESIAN_POINT('',(-9.,-19.,-0.2));
#10238=CARTESIAN_POINT('',(-9.,-18.8,0.));
#10239=CARTESIAN_POINT('',(2.5,-19.,-0.2));
#10240=CARTESIAN_POINT('Origin',(-9.,-18.9,-1.));
#10241=CARTESIAN_POINT('',(-10.,-18.8,-1.));
#10242=CARTESIAN_POINT('Origin',(-9.,-18.8,-1.));
#10243=CARTESIAN_POINT('',(-9.8,-19.,-1.));
#10244=CARTESIAN_POINT('',(-10.,-18.8,-1.));
#10245=CARTESIAN_POINT('Origin',(-9.,-19.,-1.));
#10246=CARTESIAN_POINT('Origin',(-9.9,-18.9,-9.));
#10247=CARTESIAN_POINT('',(-10.,-18.8,-32.3786796564404));
#10248=CARTESIAN_POINT('',(-9.8,-19.,-32.3786796564404));
#10249=CARTESIAN_POINT('',(-10.,-18.8,-32.3786796564404));
#10250=CARTESIAN_POINT('',(-9.8,-19.,-9.));
#10251=CARTESIAN_POINT('',(-10.,-18.8,-9.));
#10252=CARTESIAN_POINT('Origin',(-8.5,-18.9,-32.3786796564404));
#10253=CARTESIAN_POINT('',(-9.56066017177982,-18.8,-33.4393398282202));
#10254=CARTESIAN_POINT('Origin',(-8.5,-18.8,-32.3786796564404));
#10255=CARTESIAN_POINT('',(-9.41923881554251,-19.,-33.2979184719829));
#10256=CARTESIAN_POINT('',(-9.56066017177982,-18.8,-33.4393398282202));
#10257=CARTESIAN_POINT('Origin',(-8.5,-19.,-32.3786796564404));
#10258=CARTESIAN_POINT('Origin',(-11.6792893218813,-18.9,-31.1792893218813));
#10259=CARTESIAN_POINT('',(-7.43933982822018,-18.8,-35.5606601717798));
#10260=CARTESIAN_POINT('',(-11.75,-18.8,-31.25));
#10261=CARTESIAN_POINT('',(-7.29791847198287,-19.,-35.4192388155425));
#10262=CARTESIAN_POINT('',(-7.43933982822018,-18.8,-35.5606601717798));
#10263=CARTESIAN_POINT('',(-11.6085786437627,-19.,-31.1085786437627));
#10264=CARTESIAN_POINT('Origin',(-6.37867965644036,-18.9,-34.5));
#10265=CARTESIAN_POINT('Origin',(-6.37867965644036,-18.8,-34.5));
#10266=CARTESIAN_POINT('',(-6.37867965644036,-19.,-35.8));
#10267=CARTESIAN_POINT('',(-6.37867965644036,-18.8,-36.));
#10268=CARTESIAN_POINT('Origin',(-6.37867965644036,-19.,-34.5));
#10269=CARTESIAN_POINT('Origin',(-7.5,-18.9,-35.9));
#10270=CARTESIAN_POINT('',(7.5,-19.,-35.8));
#10271=CARTESIAN_POINT('Origin',(-6.37867965644036,0.,-34.5));
#10272=CARTESIAN_POINT('',(-7.43933982822017,-4.33423151961823,-35.5606601717798));
#10273=CARTESIAN_POINT('',(-7.43933982822018,0.,-35.5606601717798));
#10274=CARTESIAN_POINT('',(-7.18571502583007,-4.28812410785925,-35.7643946822705));
#10275=CARTESIAN_POINT('Ctrl Pts',(-7.43933982822017,-4.33423151961824,
-35.5606601717798));
#10276=CARTESIAN_POINT('Ctrl Pts',(-7.38648565239344,-4.32923106619748,
-35.6135143476066));
#10277=CARTESIAN_POINT('Ctrl Pts',(-7.32834867360799,-4.32017854282031,
-35.6635631547399));
#10278=CARTESIAN_POINT('Ctrl Pts',(-7.24056133126781,-4.30157159920403,
-35.7281114390148));
#10279=CARTESIAN_POINT('Ctrl Pts',(-7.21330240810794,-4.29518029939968,
-35.7467862617676));
#10280=CARTESIAN_POINT('Ctrl Pts',(-7.18571502582984,-4.28812410785937,
-35.7643946822707));
#10281=CARTESIAN_POINT('Origin',(-6.37867965644036,-2.82340187157669,-34.5));
#10282=CARTESIAN_POINT('Origin',(-8.5,0.,-34.5));
#10283=CARTESIAN_POINT('',(-9.56066017177982,-5.3574914097019,-33.4393398282202));
#10284=CARTESIAN_POINT('',(-9.56066017177982,0.,-33.4393398282202));
#10285=CARTESIAN_POINT('Ctrl Pts',(-7.43933982821805,-4.33423151961803,
-35.5606601717819));
#10286=CARTESIAN_POINT('Ctrl Pts',(-8.39848867035004,-4.42497513700655,
-34.60151132965));
#10287=CARTESIAN_POINT('Ctrl Pts',(-9.56066017177981,-5.35749140970188,
-33.4393398282202));
#10288=CARTESIAN_POINT('Origin',(-8.5,0.,-32.3786796564404));
#10289=CARTESIAN_POINT('',(-10.,-5.70000000000011,-32.3786796564404));
#10290=CARTESIAN_POINT('',(-10.,0.,-32.3786796564404));
#10291=CARTESIAN_POINT('Ctrl Pts',(-10.,-5.70000000000011,-32.3786796564404));
#10292=CARTESIAN_POINT('Ctrl Pts',(-10.,-5.70000000000011,-32.4886361821517));
#10293=CARTESIAN_POINT('Ctrl Pts',(-9.98704498959878,-5.69020506094565,
-32.6076058440655));
#10294=CARTESIAN_POINT('Ctrl Pts',(-9.93350920949425,-5.64942292951479,
-32.8355837467704));
#10295=CARTESIAN_POINT('Ctrl Pts',(-9.89303483950296,-5.61847842140609,
-32.9446245933333));
#10296=CARTESIAN_POINT('Ctrl Pts',(-9.77601436317754,-5.52806480842888,
-33.1836957423224));
#10297=CARTESIAN_POINT('Ctrl Pts',(-9.67403265027106,-5.4484604972581,-33.3259673497289));
#10298=CARTESIAN_POINT('Ctrl Pts',(-9.56066017177982,-5.3574914097019,-33.4393398282202));
#10299=CARTESIAN_POINT('Origin',(-10.,0.,0.));
#10300=CARTESIAN_POINT('',(-10.,-5.87887137352686,-0.999999999999999));
#10301=CARTESIAN_POINT('',(-10.,0.,-1.));
#10302=CARTESIAN_POINT('',(-10.,-5.69999999999997,-2.5));
#10303=CARTESIAN_POINT('Ctrl Pts',(-10.,-5.70000000000002,-2.50000000000001));
#10304=CARTESIAN_POINT('Ctrl Pts',(-10.,-5.70000000000002,-1.76066498942246));
#10305=CARTESIAN_POINT('Ctrl Pts',(-10.,-5.87887137352685,-0.999999999999993));
#10306=CARTESIAN_POINT('',(-10.,-5.69999999999997,-12.6464466094067));
#10307=CARTESIAN_POINT('Origin',(-9.,0.,-1.));
#10308=CARTESIAN_POINT('Ctrl Pts',(-9.,-5.26974869470069,6.93889390390723E-17));
#10309=CARTESIAN_POINT('Ctrl Pts',(-9.13406312456561,-5.39057341075487,
-2.1669139749595E-16));
#10310=CARTESIAN_POINT('Ctrl Pts',(-9.27223463122557,-5.5039326074386,-0.0277048010274232));
#10311=CARTESIAN_POINT('Ctrl Pts',(-9.51662650053321,-5.68605275726635,
-0.13440187591008));
#10312=CARTESIAN_POINT('Ctrl Pts',(-9.63830979598873,-5.76768097990389,
-0.215928749304227));
#10313=CARTESIAN_POINT('Ctrl Pts',(-9.78896571039766,-5.85238980101059,
-0.381061482623706));
#10314=CARTESIAN_POINT('Ctrl Pts',(-9.83410569989777,-5.8746145046616,-0.443067076617687));
#10315=CARTESIAN_POINT('Ctrl Pts',(-9.90936441856445,-5.90442727823913,
-0.576977844904687));
#10316=CARTESIAN_POINT('Ctrl Pts',(-9.93948861497407,-5.91202365109396,
-0.648878097847483));
#10317=CARTESIAN_POINT('Ctrl Pts',(-9.98215856738772,-5.91202365109396,
-0.796800599548157));
#10318=CARTESIAN_POINT('Ctrl Pts',(-9.99495696673608,-5.90442727823914,
-0.873698678566316));
#10319=CARTESIAN_POINT('Ctrl Pts',(-9.99959210591708,-5.88630513481512,
-0.966957588496829));
#10320=CARTESIAN_POINT('Ctrl Pts',(-10.,-5.88275179378955,-0.983498198846046));
#10321=CARTESIAN_POINT('Ctrl Pts',(-10.,-5.87887137352686,-0.999999999999999));
#10322=CARTESIAN_POINT('Origin',(-7.49999999999745,-18.9,-28.9999999999988));
#10323=CARTESIAN_POINT('',(-7.49999999999745,-19.,-30.7499999999988));
#10324=CARTESIAN_POINT('Origin',(-7.49999999999745,-19.,-28.9999999999988));
#10325=CARTESIAN_POINT('',(-7.49999999999745,-18.8,-30.5499999999988));
#10326=CARTESIAN_POINT('',(-7.49999999999745,-18.9,-30.6499999999988));
#10327=CARTESIAN_POINT('Origin',(-7.49999999999745,-18.8,-28.9999999999988));
#10328=CARTESIAN_POINT('Origin',(-5.,-19.,-18.));
#10329=CARTESIAN_POINT('',(-7.49999999999745,-19.,-14.7499999999988));
#10330=CARTESIAN_POINT('Origin',(-7.49999999999745,-19.,-12.9999999999988));
#10331=CARTESIAN_POINT('Origin',(-7.49999999999745,-10.45,-28.9999999999988));
#10332=CARTESIAN_POINT('',(-7.49999999999745,-5.7,-30.5499999999988));
#10333=CARTESIAN_POINT('Origin',(-7.49999999999745,-5.7,-28.9999999999988));
#10334=CARTESIAN_POINT('',(-7.49999999999745,-10.45,-30.5499999999988));
#10335=CARTESIAN_POINT('Origin',(-7.49999999999745,-18.9,-12.9999999999988));
#10336=CARTESIAN_POINT('',(-7.49999999999745,-18.8,-14.5499999999988));
#10337=CARTESIAN_POINT('',(-7.49999999999745,-18.9,-14.6499999999988));
#10338=CARTESIAN_POINT('Origin',(-7.49999999999745,-18.8,-12.9999999999988));
#10339=CARTESIAN_POINT('Origin',(-7.49999999999745,-10.45,-12.9999999999988));
#10340=CARTESIAN_POINT('',(-7.49999999999745,-5.7,-14.5499999999988));
#10341=CARTESIAN_POINT('Origin',(-7.49999999999745,-5.7,-12.9999999999988));
#10342=CARTESIAN_POINT('',(-7.49999999999745,-10.45,-14.5499999999988));
#10343=CARTESIAN_POINT('Origin',(-7.49999999999745,-5.6,-28.9999999999988));
#10344=CARTESIAN_POINT('',(-7.49999999999745,-5.5,-30.7499999999988));
#10345=CARTESIAN_POINT('Origin',(-7.49999999999745,-5.5,-28.9999999999988));
#10346=CARTESIAN_POINT('',(-7.49999999999745,-5.6,-30.6499999999988));
#10347=CARTESIAN_POINT('Origin',(-7.49999999999745,-5.5,-28.9999999999988));
#10348=CARTESIAN_POINT('',(-9.80000000000003,-5.5,-27.2336478267366));
#10349=CARTESIAN_POINT('',(-9.80000000000003,-5.5,-30.766352173261));
#10350=CARTESIAN_POINT('',(-9.80000000000003,-5.5,-27.1464466094061));
#10351=CARTESIAN_POINT('Origin',(-7.49999999999745,-5.5,-28.9999999999988));
#10352=CARTESIAN_POINT('Origin',(-7.49999999999745,-5.6,-12.9999999999988));
#10353=CARTESIAN_POINT('',(-7.49999999999745,-5.5,-14.7499999999988));
#10354=CARTESIAN_POINT('Origin',(-7.49999999999745,-5.5,-12.9999999999988));
#10355=CARTESIAN_POINT('',(-7.49999999999745,-5.6,-14.6499999999988));
#10356=CARTESIAN_POINT('Origin',(-7.49999999999745,-5.5,-12.9999999999988));
#10357=CARTESIAN_POINT('',(-9.80000000000003,-5.5,-11.2336478267366));
#10358=CARTESIAN_POINT('',(-9.80000000000003,-5.5,-14.766352173261));
#10359=CARTESIAN_POINT('',(-9.80000000000003,-5.5,-19.1464466094061));
#10360=CARTESIAN_POINT('Origin',(-7.49999999999745,-5.5,-12.9999999999988));
#10361=CARTESIAN_POINT('Origin',(-3.8,-0.05,-32.3786796564404));
#10362=CARTESIAN_POINT('',(-4.3,0.,-32.3786796564404));
#10363=CARTESIAN_POINT('',(-4.4,-0.1,-32.3786796564404));
#10364=CARTESIAN_POINT('',(-4.15355339059327,0.,-32.7322330470336));
#10365=CARTESIAN_POINT('Origin',(-3.8,0.,-32.3786796564404));
#10366=CARTESIAN_POINT('',(-4.22426406871192,-0.1,-32.8029437251523));
#10367=CARTESIAN_POINT('Origin',(-7.49999999999745,-2.75,-12.9999999999988));
#10368=CARTESIAN_POINT('Origin',(-7.49999999999745,-3.19999999999743,-12.9999999999988));
#10369=CARTESIAN_POINT('Origin',(-7.49999999999745,-2.75,-28.9999999999988));
#10370=CARTESIAN_POINT('Origin',(-7.49999999999745,-3.19999999999743,-28.9999999999988));
#10371=CARTESIAN_POINT('Origin',(-4.65,-0.05,-1.95));
#10372=CARTESIAN_POINT('',(-3.79999999999999,0.,-2.));
#10373=CARTESIAN_POINT('',(-4.65,0.,-2.));
#10374=CARTESIAN_POINT('',(-3.79999999999999,-0.1,-1.9));
#10375=CARTESIAN_POINT('Origin',(-2.5,-0.05,-35.05));
#10376=CARTESIAN_POINT('',(-1.67867965644032,0.,-35.));
#10377=CARTESIAN_POINT('',(-1.67867965644032,-0.1,-35.1));
#10378=CARTESIAN_POINT('',(-2.5,0.,-35.));
#10379=CARTESIAN_POINT('Origin',(-1.67867965644032,-0.05,-34.5));
#10380=CARTESIAN_POINT('',(-2.03223304703359,0.,-34.8535533905933));
#10381=CARTESIAN_POINT('',(-2.10294372515224,-0.1,-34.9242640687119));
#10382=CARTESIAN_POINT('Origin',(-1.67867965644032,0.,-34.5));
#10383=CARTESIAN_POINT('Origin',(-6.94969516727949,-0.05,-30.0068019484661));
#10384=CARTESIAN_POINT('',(-6.91433982822016,0.,-29.9714466094068));
#10385=CARTESIAN_POINT('Origin',(-4.35,-0.05,-25.2928932188135));
#10386=CARTESIAN_POINT('',(-4.29999999999999,0.,-2.5));
#10387=CARTESIAN_POINT('',(-4.39999999999999,-0.1,-2.5));
#10388=CARTESIAN_POINT('',(-4.3,0.,-25.2928932188135));
#10389=CARTESIAN_POINT('Origin',(-3.79999999999999,-0.05,-2.5));
#10390=CARTESIAN_POINT('Origin',(-3.79999999999999,0.,-2.5));
#10391=CARTESIAN_POINT('Origin',(-5.,0.,-18.));
#10392=CARTESIAN_POINT('',(2.14313189850787E-16,2.77555756156289E-16,-22.7499999999985));
#10393=CARTESIAN_POINT('Origin',(0.,0.,-20.9999999999985));
#10394=CARTESIAN_POINT('Origin',(-2.2,-9.75,-26.));
#10395=CARTESIAN_POINT('',(-4.4,-6.75,-26.));
#10396=CARTESIAN_POINT('Origin',(-2.03272857668194E-15,-6.75,-26.));
#10397=CARTESIAN_POINT('',(-4.4,-12.75,-26.));
#10398=CARTESIAN_POINT('Origin',(0.,-12.75,-26.));
#10399=CARTESIAN_POINT('',(-4.4,-12.75,-26.));
#10400=CARTESIAN_POINT('Origin',(0.,-12.75,-36.));
#10401=CARTESIAN_POINT('',(-4.4,-12.75,-36.));
#10402=CARTESIAN_POINT('Origin',(-4.4,-6.75,-36.));
#10403=CARTESIAN_POINT('',(-4.4,-6.75,-36.));
#10404=CARTESIAN_POINT('Origin',(-2.03272857668194E-15,-6.75,-36.));
#10405=CARTESIAN_POINT('Origin',(0.,-0.24275,-20.9999999999985));
#10406=CARTESIAN_POINT('',(1.54856587752183E-16,-0.4855,-22.2644999999985));
#10407=CARTESIAN_POINT('',(1.84584888801485E-16,-0.24275,-22.5072499999985));
#10408=CARTESIAN_POINT('Origin',(0.,-0.4855,-20.9999999999985));
#10409=CARTESIAN_POINT('Origin',(0.,-2.5,-20.9999999999985));
#10410=CARTESIAN_POINT('',(1.54856587752183E-16,-2.5,-22.2644999999985));
#10411=CARTESIAN_POINT('',(0.,0.,0.));
#10412=CARTESIAN_POINT('Origin',(0.,0.,1.11022302462516E-14));
#10413=CARTESIAN_POINT('',(-1.5,-1.61010094146263E-13,-15.625));
#10414=CARTESIAN_POINT('',(1.5,-1.83697019872103E-16,-15.625));
#10415=CARTESIAN_POINT('Origin',(-4.81328596216083E-30,-5.55111512312578E-16,
-15.625));
#10416=CARTESIAN_POINT('',(1.5,-1.83697019872103E-16,1.11022302462516E-14));
#10417=CARTESIAN_POINT('',(1.5,-1.83697019872103E-16,1.11022302462516E-14));
#10418=CARTESIAN_POINT('Origin',(0.,0.,1.11022302462516E-14));
#10419=CARTESIAN_POINT('Origin',(-4.81328596216083E-30,-5.55111512312578E-16,
-15.625));
#10420=CARTESIAN_POINT('Origin',(0.,2.75000000000001,1.0547118733939E-14));
#10421=CARTESIAN_POINT('',(-3.36777869765522E-16,-2.74999999999999,1.32027229523512E-14));
#10422=CARTESIAN_POINT('Origin',(0.,8.74009572843469E-15,1.2490009027033E-14));
#10423=CARTESIAN_POINT('Origin',(0.,9.19364095363717E-15,1.75000000000001));
#10424=CARTESIAN_POINT('',(-3.36777869765522E-16,-2.74999999999999,1.75000000000001));
#10425=CARTESIAN_POINT('Origin',(0.,9.19364095363717E-15,1.75000000000001));
#10426=CARTESIAN_POINT('',(-3.06161699786838E-16,-2.49999999999999,2.00000000000001));
#10427=CARTESIAN_POINT('',(-3.36777869765522E-16,-2.74999999999999,1.75000000000001));
#10428=CARTESIAN_POINT('Origin',(0.,9.25843312866609E-15,2.00000000000001));
#10429=CARTESIAN_POINT('Origin',(0.,8.74009572843469E-15,1.11022302462516E-14));
#10430=CARTESIAN_POINT('',(-3.36777869765522E-16,-2.74999999999999,1.18149441715698E-14));
#10431=CARTESIAN_POINT('Origin',(-5.01706419016999E-30,-5.55111512312578E-16,
-16.));
#10432=CARTESIAN_POINT('',(-1.125,-6.92884277216655E-16,-16.));
#10433=CARTESIAN_POINT('',(-1.125,-6.92884277216655E-16,-16.));
#10434=CARTESIAN_POINT('Origin',(-5.01706419016999E-30,-5.55111512312578E-16,
-16.));
#10435=CARTESIAN_POINT('Origin',(0.,2.50000000000001,2.00000000000001));
#10436=CARTESIAN_POINT('',(-7.34004870772687E-14,-1.1547005383792,2.00000000000002));
#10437=CARTESIAN_POINT('',(0.999999999999946,-0.577350269189648,2.00000000000001));
#10438=CARTESIAN_POINT('Origin',(0.,3.20197347760631E-14,2.00000000000001));
#10439=CARTESIAN_POINT('',(-1.,-0.577350269189617,2.00000000000001));
#10440=CARTESIAN_POINT('Origin',(0.,3.20197347760631E-14,2.00000000000001));
#10441=CARTESIAN_POINT('',(-1.,0.577350269189619,2.00000000000001));
#10442=CARTESIAN_POINT('Origin',(0.,3.20197347760631E-14,2.00000000000001));
#10443=CARTESIAN_POINT('',(-6.17995238316738E-15,1.15470053837926,2.00000000000001));
#10444=CARTESIAN_POINT('Origin',(0.,3.20197347760631E-14,2.00000000000001));
#10445=CARTESIAN_POINT('',(1.,0.577350269189618,2.00000000000001));
#10446=CARTESIAN_POINT('Origin',(0.,3.20197347760631E-14,2.00000000000001));
#10447=CARTESIAN_POINT('Origin',(0.,3.20197347760631E-14,2.00000000000001));
#10448=CARTESIAN_POINT('Origin',(-5.01706419016999E-30,-5.55111512312578E-16,
-16.));
#10449=CARTESIAN_POINT('Origin',(0.,3.20197347760631E-14,2.00000000000001));
#10450=CARTESIAN_POINT('Ctrl Pts',(-1.,-0.577350269189544,2.00000000000001));
#10451=CARTESIAN_POINT('Ctrl Pts',(-1.,1.35724764760425E-14,1.71132486540525));
#10452=CARTESIAN_POINT('Ctrl Pts',(-1.,0.577350269189561,1.99999999999998));
#10453=CARTESIAN_POINT('Origin',(0.,3.20197347760631E-14,2.00000000000001));
#10454=CARTESIAN_POINT('Ctrl Pts',(-1.21820321118386E-13,-1.15470053837917,
1.99999999999999));
#10455=CARTESIAN_POINT('Ctrl Pts',(-0.500000000000025,-0.866025403784415,
1.71132486540528));
#10456=CARTESIAN_POINT('Ctrl Pts',(-0.999999999999938,-0.577350269189652,
2.00000000000001));
#10457=CARTESIAN_POINT('Origin',(0.,3.20197347760631E-14,2.00000000000001));
#10458=CARTESIAN_POINT('Ctrl Pts',(0.999999999999899,-0.577350269189676,
1.99999999999999));
#10459=CARTESIAN_POINT('Ctrl Pts',(0.499999999999978,-0.866025403784443,
1.71132486540527));
#10460=CARTESIAN_POINT('Ctrl Pts',(3.57915913899031E-14,-1.15470053837922,
2.00000000000004));
#10461=CARTESIAN_POINT('Origin',(0.,3.20197347760631E-14,2.00000000000001));
#10462=CARTESIAN_POINT('Ctrl Pts',(1.,0.57735026918956,1.99999999999998));
#10463=CARTESIAN_POINT('Ctrl Pts',(1.,2.24820162486594E-15,1.71132486540524));
#10464=CARTESIAN_POINT('Ctrl Pts',(1.,-0.577350269189572,2.00000000000002));
#10465=CARTESIAN_POINT('Origin',(0.,3.20197347760631E-14,2.00000000000001));
#10466=CARTESIAN_POINT('Ctrl Pts',(4.43982558448892E-14,1.15470053837923,
1.99999999999998));
#10467=CARTESIAN_POINT('Ctrl Pts',(0.499999999999997,0.86602540378445,1.71132486540522));
#10468=CARTESIAN_POINT('Ctrl Pts',(0.999999999999953,0.577350269189662,
1.99999999999999));
#10469=CARTESIAN_POINT('Origin',(0.,3.20197347760631E-14,2.00000000000001));
#10470=CARTESIAN_POINT('Ctrl Pts',(-0.999999999999953,0.577350269189662,
1.99999999999999));
#10471=CARTESIAN_POINT('Ctrl Pts',(-0.499999999999999,0.866025403784448,
1.71132486540522));
#10472=CARTESIAN_POINT('Ctrl Pts',(-5.17537311940851E-14,1.15470053837923,
1.99999999999998));
#10473=CARTESIAN_POINT('Origin',(2.32535350241524E-16,1.15470053837926,
0.380000000000011));
#10474=CARTESIAN_POINT('',(-1.,0.577350269189636,0.380000000000011));
#10475=CARTESIAN_POINT('',(4.6774436677816E-18,1.15470053837926,0.380000000000011));
#10476=CARTESIAN_POINT('',(-1.,0.577350269189636,0.380000000000011));
#10477=CARTESIAN_POINT('',(-1.,-0.577350269189617,0.380000000000011));
#10478=CARTESIAN_POINT('',(-1.,-0.577350269189617,0.380000000000011));
#10479=CARTESIAN_POINT('',(3.145879731693E-16,-1.15470053837924,0.380000000000011));
#10480=CARTESIAN_POINT('',(3.145879731693E-16,-1.15470053837924,0.380000000000011));
#10481=CARTESIAN_POINT('',(1.,-0.577350269189617,0.380000000000011));
#10482=CARTESIAN_POINT('',(1.,-0.577350269189617,0.380000000000011));
#10483=CARTESIAN_POINT('',(1.,0.577350269189635,0.380000000000011));
#10484=CARTESIAN_POINT('',(1.,0.577350269189635,0.380000000000011));
#10485=CARTESIAN_POINT('',(4.6774436677816E-18,1.15470053837926,0.380000000000011));
#10486=CARTESIAN_POINT('Origin',(-1.,-0.577350269189617,0.380000000000011));
#10487=CARTESIAN_POINT('',(-1.,-0.577350269189617,0.380000000000011));
#10488=CARTESIAN_POINT('',(-1.,0.577350269189636,0.380000000000011));
#10489=CARTESIAN_POINT('Origin',(3.145879731693E-16,-1.15470053837924,0.380000000000011));
#10490=CARTESIAN_POINT('',(3.145879731693E-16,-1.15470053837924,0.380000000000011));
#10491=CARTESIAN_POINT('Origin',(1.,-0.577350269189617,0.380000000000011));
#10492=CARTESIAN_POINT('',(1.,-0.577350269189617,0.380000000000011));
#10493=CARTESIAN_POINT('Origin',(1.,0.577350269189635,0.380000000000011));
#10494=CARTESIAN_POINT('',(1.,0.577350269189635,0.380000000000011));
#10495=CARTESIAN_POINT('Origin',(4.6774436677816E-18,1.15470053837926,0.380000000000011));
#10496=CARTESIAN_POINT('',(4.6774436677816E-18,1.15470053837926,0.380000000000011));
#10497=CARTESIAN_POINT('Origin',(-1.,0.577350269189636,0.380000000000011));
#10498=CARTESIAN_POINT('',(0.,0.,0.));
#10499=CARTESIAN_POINT('Origin',(152.168177984385,197.048234427269,-188.456586180644));
#10500=CARTESIAN_POINT('',(152.168177984385,198.548234427269,-188.456586180644));
#10501=CARTESIAN_POINT('Origin',(152.168177984385,197.048234427269,-188.456586180644));
#10502=CARTESIAN_POINT('',(152.468177984385,198.848234427269,-188.456586180644));
#10503=CARTESIAN_POINT('',(152.168177984385,198.548234427269,-188.456586180644));
#10504=CARTESIAN_POINT('Origin',(152.468177984385,197.048234427269,-188.456586180644));
#10505=CARTESIAN_POINT('Origin',(152.168177984381,197.048234427269,-173.456586180644));
#10506=CARTESIAN_POINT('',(152.168177984381,198.548234427269,-173.456586180644));
#10507=CARTESIAN_POINT('Origin',(152.168177984381,197.048234427269,-173.456586180644));
#10508=CARTESIAN_POINT('',(152.468177984381,198.848234427269,-173.456586180644));
#10509=CARTESIAN_POINT('',(152.168177984381,198.548234427269,-173.456586180644));
#10510=CARTESIAN_POINT('Origin',(152.468177984381,197.048234427269,-173.456586180644));
#10511=CARTESIAN_POINT('Origin',(149.468177984385,197.048234427269,-188.456586180644));
#10512=CARTESIAN_POINT('',(148.968177984385,198.548234427269,-188.456586180644));
#10513=CARTESIAN_POINT('Origin',(148.968177984385,197.048234427269,-188.456586180644));
#10514=CARTESIAN_POINT('',(149.468177984385,198.548234427269,-188.456586180644));
#10515=CARTESIAN_POINT('Origin',(149.468177984381,197.048234427269,-173.456586180644));
#10516=CARTESIAN_POINT('',(148.968177984381,198.548234427269,-173.456586180644));
#10517=CARTESIAN_POINT('Origin',(148.968177984381,197.048234427269,-173.456586180644));
#10518=CARTESIAN_POINT('',(149.468177984381,198.548234427269,-173.456586180644));
#10519=CARTESIAN_POINT('Origin',(150.591180891651,219.998234427269,-180.956586180645));
#10520=CARTESIAN_POINT('',(150.591180891651,219.998234427269,-180.312576719015));
#10521=CARTESIAN_POINT('Origin',(150.591180891651,219.998234427269,-180.956586180645));
#10522=CARTESIAN_POINT('',(150.591180891651,190.098234427269,-180.312576719013));
#10523=CARTESIAN_POINT('',(150.591180891651,219.998234427269,-180.312576719015));
#10524=CARTESIAN_POINT('Origin',(150.591180891651,190.098234427269,-180.956586180644));
#10525=CARTESIAN_POINT('Origin',(147.168177984384,224.999234427269,-185.556586180646));
#10526=CARTESIAN_POINT('',(148.163165421491,219.998234427269,-185.456586180646));
#10527=CARTESIAN_POINT('',(146.173190547277,219.998234427269,-185.456586180646));
#10528=CARTESIAN_POINT('Origin',(147.168177984384,219.998234427269,-185.556586180646));
#10529=CARTESIAN_POINT('',(146.173190547277,190.098234427269,-185.456586180645));
#10530=CARTESIAN_POINT('',(146.173190547277,219.998234427269,-185.456586180646));
#10531=CARTESIAN_POINT('',(148.163165421491,190.098234427269,-185.456586180644));
#10532=CARTESIAN_POINT('Origin',(147.168177984384,190.098234427269,-185.556586180644));
#10533=CARTESIAN_POINT('',(148.163165421491,219.998234427269,-185.456586180646));
#10534=CARTESIAN_POINT('Origin',(152.168177984385,213.048234427269,-188.456586180645));
#10535=CARTESIAN_POINT('',(152.168177984385,211.548234427269,-188.456586180645));
#10536=CARTESIAN_POINT('Origin',(152.168177984385,213.048234427269,-188.456586180645));
#10537=CARTESIAN_POINT('',(152.468177984385,211.248234427269,-188.456586180644));
#10538=CARTESIAN_POINT('',(152.168177984385,211.548234427269,-188.456586180645));
#10539=CARTESIAN_POINT('Origin',(152.468177984385,213.048234427269,-188.456586180645));
#10540=CARTESIAN_POINT('Origin',(152.168177984381,213.048234427269,-173.456586180645));
#10541=CARTESIAN_POINT('',(152.168177984381,211.548234427269,-173.456586180645));
#10542=CARTESIAN_POINT('Origin',(152.168177984381,213.048234427269,-173.456586180645));
#10543=CARTESIAN_POINT('',(152.468177984381,211.248234427269,-173.456586180644));
#10544=CARTESIAN_POINT('',(152.168177984381,211.548234427269,-173.456586180645));
#10545=CARTESIAN_POINT('Origin',(152.468177984381,213.048234427269,-173.456586180645));
#10546=CARTESIAN_POINT('Origin',(149.468177984385,213.048234427269,-188.456586180645));
#10547=CARTESIAN_POINT('',(148.968177984385,211.548234427269,-188.456586180645));
#10548=CARTESIAN_POINT('Origin',(148.968177984385,213.048234427269,-188.456586180645));
#10549=CARTESIAN_POINT('',(149.468177984385,211.548234427269,-188.456586180645));
#10550=CARTESIAN_POINT('Origin',(149.468177984381,213.048234427269,-173.456586180645));
#10551=CARTESIAN_POINT('',(148.968177984381,211.548234427269,-173.456586180645));
#10552=CARTESIAN_POINT('Origin',(148.968177984381,213.048234427269,-173.456586180645));
#10553=CARTESIAN_POINT('',(149.468177984381,211.548234427269,-173.456586180645));
#10554=CARTESIAN_POINT('Origin',(148.968177984381,213.048234427269,-173.456586180645));
#10555=CARTESIAN_POINT('Origin',(148.968177984385,213.048234427269,-188.456586180645));
#10556=CARTESIAN_POINT('Origin',(152.468177984381,219.99823442727,-171.256586180645));
#10557=CARTESIAN_POINT('',(152.168177984381,219.99823442727,-170.956586180645));
#10558=CARTESIAN_POINT('',(152.468177984381,219.99823442727,-171.256586180645));
#10559=CARTESIAN_POINT('',(152.168177984381,219.99823442727,-170.956586180645));
#10560=CARTESIAN_POINT('',(152.168177984381,190.09823442727,-170.956586180643));
#10561=CARTESIAN_POINT('',(152.168177984381,190.09823442727,-170.956586180643));
#10562=CARTESIAN_POINT('',(152.468177984381,190.09823442727,-171.256586180643));
#10563=CARTESIAN_POINT('',(152.168177984381,190.09823442727,-170.956586180643));
#10564=CARTESIAN_POINT('',(152.468177984381,219.99823442727,-171.256586180645));
#10565=CARTESIAN_POINT('Origin',(144.768177984381,219.99823442727,-170.956586180647));
#10566=CARTESIAN_POINT('',(144.468177984381,219.99823442727,-171.256586180647));
#10567=CARTESIAN_POINT('',(144.768177984381,219.99823442727,-170.956586180647));
#10568=CARTESIAN_POINT('',(144.468177984381,219.99823442727,-171.256586180647));
#10569=CARTESIAN_POINT('',(144.468177984381,190.09823442727,-171.256586180645));
#10570=CARTESIAN_POINT('',(144.468177984381,190.09823442727,-171.256586180645));
#10571=CARTESIAN_POINT('',(144.768177984381,190.09823442727,-170.956586180645));
#10572=CARTESIAN_POINT('',(144.468177984381,190.09823442727,-171.256586180645));
#10573=CARTESIAN_POINT('',(144.768177984381,219.99823442727,-170.956586180647));
#10574=CARTESIAN_POINT('Origin',(144.468177984385,219.998234427268,-190.656586180647));
#10575=CARTESIAN_POINT('',(144.768177984385,219.998234427268,-190.956586180647));
#10576=CARTESIAN_POINT('',(144.468177984385,219.998234427268,-190.656586180647));
#10577=CARTESIAN_POINT('',(144.768177984385,219.998234427268,-190.956586180647));
#10578=CARTESIAN_POINT('',(144.768177984385,190.098234427268,-190.956586180645));
#10579=CARTESIAN_POINT('',(144.768177984385,190.098234427268,-190.956586180645));
#10580=CARTESIAN_POINT('',(144.468177984385,190.098234427268,-190.656586180645));
#10581=CARTESIAN_POINT('',(144.768177984385,190.098234427268,-190.956586180645));
#10582=CARTESIAN_POINT('',(144.468177984385,219.998234427268,-190.656586180647));
#10583=CARTESIAN_POINT('Origin',(152.168177984385,219.998234427268,-190.956586180645));
#10584=CARTESIAN_POINT('',(152.468177984385,219.998234427268,-190.656586180645));
#10585=CARTESIAN_POINT('',(152.168177984385,219.998234427268,-190.956586180645));
#10586=CARTESIAN_POINT('',(152.468177984385,219.998234427268,-190.656586180645));
#10587=CARTESIAN_POINT('',(152.468177984385,190.098234427268,-190.656586180643));
#10588=CARTESIAN_POINT('',(152.468177984385,190.098234427268,-190.656586180643));
#10589=CARTESIAN_POINT('',(152.168177984385,190.098234427268,-190.956586180643));
#10590=CARTESIAN_POINT('',(152.468177984385,190.098234427268,-190.656586180643));
#10591=CARTESIAN_POINT('',(152.168177984385,219.998234427268,-190.956586180645));
#10592=CARTESIAN_POINT('Origin',(144.768177984384,219.998234427269,-185.456586180647));
#10593=CARTESIAN_POINT('',(144.468177984384,219.998234427269,-185.756586180647));
#10594=CARTESIAN_POINT('',(144.768177984384,219.998234427269,-185.456586180647));
#10595=CARTESIAN_POINT('',(144.468177984384,219.998234427269,-185.756586180647));
#10596=CARTESIAN_POINT('',(144.468177984384,190.098234427269,-185.756586180645));
#10597=CARTESIAN_POINT('',(144.468177984384,190.098234427269,-185.756586180645));
#10598=CARTESIAN_POINT('',(144.768177984384,190.098234427269,-185.456586180645));
#10599=CARTESIAN_POINT('',(144.468177984384,190.098234427269,-185.756586180645));
#10600=CARTESIAN_POINT('',(144.768177984384,219.998234427269,-185.456586180647));
#10601=CARTESIAN_POINT('Origin',(144.468177984382,219.998234427269,-176.156586180647));
#10602=CARTESIAN_POINT('',(144.768177984382,219.998234427269,-176.456586180647));
#10603=CARTESIAN_POINT('',(144.468177984382,219.998234427269,-176.156586180647));
#10604=CARTESIAN_POINT('',(144.768177984382,219.998234427269,-176.456586180647));
#10605=CARTESIAN_POINT('',(144.768177984382,190.098234427269,-176.456586180645));
#10606=CARTESIAN_POINT('',(144.768177984382,190.098234427269,-176.456586180645));
#10607=CARTESIAN_POINT('',(144.468177984382,190.098234427269,-176.156586180645));
#10608=CARTESIAN_POINT('',(144.768177984382,190.098234427269,-176.456586180645));
#10609=CARTESIAN_POINT('',(144.468177984382,219.998234427269,-176.156586180647));
#10610=CARTESIAN_POINT('Origin',(152.468177984384,219.998234427269,-185.756586180645));
#10611=CARTESIAN_POINT('',(152.168177984384,219.998234427269,-185.456586180645));
#10612=CARTESIAN_POINT('',(152.468177984384,219.998234427269,-185.756586180645));
#10613=CARTESIAN_POINT('',(152.168177984384,219.998234427269,-185.456586180645));
#10614=CARTESIAN_POINT('',(152.168177984384,190.098234427269,-185.456586180643));
#10615=CARTESIAN_POINT('',(152.168177984384,219.998234427269,-185.456586180645));
#10616=CARTESIAN_POINT('',(152.468177984384,190.098234427269,-185.756586180643));
#10617=CARTESIAN_POINT('',(152.168177984384,190.098234427269,-185.456586180643));
#10618=CARTESIAN_POINT('',(152.468177984384,219.998234427269,-185.756586180645));
#10619=CARTESIAN_POINT('Origin',(152.168177984382,219.998234427269,-176.456586180645));
#10620=CARTESIAN_POINT('',(152.468177984382,219.998234427269,-176.156586180645));
#10621=CARTESIAN_POINT('',(152.168177984382,219.998234427269,-176.456586180645));
#10622=CARTESIAN_POINT('',(152.468177984382,219.998234427269,-176.156586180645));
#10623=CARTESIAN_POINT('',(152.468177984382,190.098234427269,-176.156586180643));
#10624=CARTESIAN_POINT('',(152.468177984382,190.098234427269,-176.156586180643));
#10625=CARTESIAN_POINT('',(152.168177984382,190.098234427269,-176.456586180643));
#10626=CARTESIAN_POINT('',(152.468177984382,190.098234427269,-176.156586180643));
#10627=CARTESIAN_POINT('',(152.168177984382,219.998234427269,-176.456586180645));
#10628=CARTESIAN_POINT('Origin',(147.168177984382,224.999234427269,-176.356586180646));
#10629=CARTESIAN_POINT('',(148.163165421489,219.998234427269,-176.456586180646));
#10630=CARTESIAN_POINT('',(148.163165421489,190.098234427269,-176.456586180644));
#10631=CARTESIAN_POINT('',(148.163165421489,219.998234427269,-176.456586180646));
#10632=CARTESIAN_POINT('',(146.173190547275,190.098234427269,-176.456586180645));
#10633=CARTESIAN_POINT('Origin',(147.168177984382,190.098234427269,-176.356586180644));
#10634=CARTESIAN_POINT('',(146.173190547275,219.998234427269,-176.456586180646));
#10635=CARTESIAN_POINT('',(146.173190547275,219.998234427269,-176.456586180646));
#10636=CARTESIAN_POINT('Origin',(147.168177984382,219.998234427269,-176.356586180646));
#10637=CARTESIAN_POINT('Origin',(148.968177984383,219.998234427269,-180.956586180646));
#10638=CARTESIAN_POINT('',(148.968177984384,219.998234427269,-185.456586180646));
#10639=CARTESIAN_POINT('',(148.968177984384,190.098234427269,-185.456586180644));
#10640=CARTESIAN_POINT('',(148.968177984384,219.998234427269,-185.456586180646));
#10641=CARTESIAN_POINT('',(148.968177984382,190.098234427269,-176.456586180644));
#10642=CARTESIAN_POINT('',(148.968177984384,190.098234427269,-185.456586180644));
#10643=CARTESIAN_POINT('',(148.968177984382,219.998234427269,-176.456586180646));
#10644=CARTESIAN_POINT('',(148.968177984382,219.998234427269,-176.456586180646));
#10645=CARTESIAN_POINT('',(148.968177984384,219.998234427269,-185.456586180646));
#10646=CARTESIAN_POINT('Origin',(148.468177984384,219.998234427269,-185.456586180646));
#10647=CARTESIAN_POINT('',(148.163165421491,190.098234427269,-185.456586180644));
#10648=CARTESIAN_POINT('',(148.163165421491,219.998234427269,-185.456586180646));
#10649=CARTESIAN_POINT('Origin',(148.468177984384,219.998234427269,-185.456586180646));
#10650=CARTESIAN_POINT('',(144.768177984384,219.998234427269,-185.456586180647));
#10651=CARTESIAN_POINT('',(144.768177984384,190.098234427269,-185.456586180645));
#10652=CARTESIAN_POINT('Origin',(144.468177984383,219.998234427269,-180.956586180647));
#10653=CARTESIAN_POINT('',(144.468177984385,190.098234427268,-190.656586180645));
#10654=CARTESIAN_POINT('',(144.468177984385,219.998234427268,-190.656586180647));
#10655=CARTESIAN_POINT('Origin',(148.468177984385,219.998234427268,-190.956586180646));
#10656=CARTESIAN_POINT('',(144.768177984385,219.998234427268,-190.956586180647));
#10657=CARTESIAN_POINT('',(144.768177984385,190.098234427268,-190.956586180645));
#10658=CARTESIAN_POINT('Origin',(152.468177984383,219.998234427269,-180.956586180645));
#10659=CARTESIAN_POINT('',(152.468177984385,219.998234427268,-190.656586180645));
#10660=CARTESIAN_POINT('',(152.468177984385,190.098234427268,-190.656586180643));
#10661=CARTESIAN_POINT('Origin',(152.168177984383,219.998234427269,-180.956586180645));
#10662=CARTESIAN_POINT('',(152.168177984384,190.098234427269,-185.456586180643));
#10663=CARTESIAN_POINT('',(152.168177984384,219.998234427269,-185.456586180645));
#10664=CARTESIAN_POINT('Origin',(152.468177984383,219.998234427269,-180.956586180645));
#10665=CARTESIAN_POINT('',(152.468177984382,190.098234427269,-176.156586180643));
#10666=CARTESIAN_POINT('',(152.468177984382,219.998234427269,-176.156586180645));
#10667=CARTESIAN_POINT('Origin',(148.468177984381,219.99823442727,-170.956586180646));
#10668=CARTESIAN_POINT('',(144.768177984381,219.99823442727,-170.956586180647));
#10669=CARTESIAN_POINT('',(144.768177984381,190.09823442727,-170.956586180645));
#10670=CARTESIAN_POINT('Origin',(144.468177984383,219.998234427269,-180.956586180647));
#10671=CARTESIAN_POINT('',(144.468177984382,219.998234427269,-176.156586180647));
#10672=CARTESIAN_POINT('',(144.468177984382,190.098234427269,-176.156586180645));
#10673=CARTESIAN_POINT('Origin',(148.468177984382,219.998234427269,-176.456586180646));
#10674=CARTESIAN_POINT('',(144.768177984382,190.098234427269,-176.456586180645));
#10675=CARTESIAN_POINT('',(144.768177984382,219.998234427269,-176.456586180647));
#10676=CARTESIAN_POINT('Origin',(148.468177984382,219.998234427269,-176.456586180646));
#10677=CARTESIAN_POINT('',(148.163165421489,190.098234427269,-176.456586180644));
#10678=CARTESIAN_POINT('',(148.163165421489,219.998234427269,-176.456586180646));
#10679=CARTESIAN_POINT('Origin',(148.468177984383,219.998234427269,-180.956586180646));
#10680=CARTESIAN_POINT('Origin',(148.968177984381,197.048234427269,-173.456586180644));
#10681=CARTESIAN_POINT('Origin',(148.968177984385,197.048234427269,-188.456586180644));
#10682=CARTESIAN_POINT('Origin',(148.468177984383,190.098234427269,-180.956586180644));
#10683=CARTESIAN_POINT('Origin',(150.591180891651,224.098234427269,-180.956586180646));
#10684=CARTESIAN_POINT('',(150.591180891651,224.098234427269,-180.312576719015));
#10685=CARTESIAN_POINT('Origin',(150.591180891651,224.098234427269,-180.956586180646));
#10686=CARTESIAN_POINT('',(150.591180891651,219.998234427269,-180.312576719015));
#10687=CARTESIAN_POINT('',(150.591180891651,224.098234427269,-180.312576719015));
#10688=CARTESIAN_POINT('Origin',(150.591180891651,219.998234427269,-180.956586180645));
#10689=CARTESIAN_POINT('Origin',(147.168177984384,224.098234427269,-185.556586180646));
#10690=CARTESIAN_POINT('',(148.163165421491,224.098234427269,-185.456586180646));
#10691=CARTESIAN_POINT('',(146.173190547277,224.098234427269,-185.456586180646));
#10692=CARTESIAN_POINT('Origin',(147.168177984384,224.098234427269,-185.556586180646));
#10693=CARTESIAN_POINT('',(146.173190547277,219.998234427269,-185.456586180646));
#10694=CARTESIAN_POINT('',(146.173190547277,224.098234427269,-185.456586180646));
#10695=CARTESIAN_POINT('',(148.163165421491,219.998234427269,-185.456586180646));
#10696=CARTESIAN_POINT('Origin',(147.168177984384,219.998234427269,-185.556586180646));
#10697=CARTESIAN_POINT('',(148.163165421491,224.098234427269,-185.456586180646));
#10698=CARTESIAN_POINT('Origin',(147.168177984382,224.098234427269,-176.356586180646));
#10699=CARTESIAN_POINT('',(146.173190547275,219.998234427269,-176.456586180646));
#10700=CARTESIAN_POINT('',(148.163165421489,219.998234427269,-176.456586180646));
#10701=CARTESIAN_POINT('Origin',(147.168177984382,219.998234427269,-176.356586180646));
#10702=CARTESIAN_POINT('',(146.173190547275,224.098234427269,-176.456586180646));
#10703=CARTESIAN_POINT('',(146.173190547275,224.098234427269,-176.456586180646));
#10704=CARTESIAN_POINT('',(148.163165421489,224.098234427269,-176.456586180646));
#10705=CARTESIAN_POINT('Origin',(147.168177984382,224.098234427269,-176.356586180646));
#10706=CARTESIAN_POINT('',(148.163165421489,224.098234427269,-176.456586180646));
#10707=CARTESIAN_POINT('Origin',(148.468177984382,224.098234427269,-176.456586180646));
#10708=CARTESIAN_POINT('',(144.868177984382,219.998234427269,-176.456586180647));
#10709=CARTESIAN_POINT('',(144.868177984382,219.998234427269,-176.456586180647));
#10710=CARTESIAN_POINT('',(144.868177984382,224.098234427269,-176.456586180647));
#10711=CARTESIAN_POINT('',(144.868177984382,219.998234427269,-176.456586180647));
#10712=CARTESIAN_POINT('',(144.868177984382,224.098234427269,-176.456586180647));
#10713=CARTESIAN_POINT('Origin',(144.468177984383,224.098234427269,-180.956586180647));
#10714=CARTESIAN_POINT('',(144.468177984382,224.098234427269,-176.056586180647));
#10715=CARTESIAN_POINT('',(144.468177984381,224.09823442727,-171.356586180647));
#10716=CARTESIAN_POINT('',(144.468177984382,224.098234427269,-176.056586180647));
#10717=CARTESIAN_POINT('',(144.468177984382,219.998234427269,-176.056586180647));
#10718=CARTESIAN_POINT('',(144.468177984382,224.098234427269,-176.056586180647));
#10719=CARTESIAN_POINT('',(144.468177984381,219.998234427269,-171.356586180647));
#10720=CARTESIAN_POINT('',(144.468177984382,219.998234427269,-176.056586180647));
#10721=CARTESIAN_POINT('',(144.468177984381,219.998234427269,-171.356586180647));
#10722=CARTESIAN_POINT('Origin',(148.468177984381,224.09823442727,-170.956586180646));
#10723=CARTESIAN_POINT('',(144.868177984381,224.09823442727,-170.956586180647));
#10724=CARTESIAN_POINT('',(151.168177984381,224.09823442727,-170.956586180645));
#10725=CARTESIAN_POINT('',(144.868177984381,224.09823442727,-170.956586180647));
#10726=CARTESIAN_POINT('',(144.868177984381,219.99823442727,-170.956586180647));
#10727=CARTESIAN_POINT('',(144.868177984381,224.09823442727,-170.956586180647));
#10728=CARTESIAN_POINT('',(151.168177984381,219.99823442727,-170.956586180645));
#10729=CARTESIAN_POINT('',(144.868177984381,219.99823442727,-170.956586180647));
#10730=CARTESIAN_POINT('',(151.168177984381,219.99823442727,-170.956586180645));
#10731=CARTESIAN_POINT('Origin',(152.168177984383,224.098234427269,-180.956586180645));
#10732=CARTESIAN_POINT('',(152.168177984385,219.998234427268,-189.956586180645));
#10733=CARTESIAN_POINT('',(152.168177984381,219.998234427269,-171.956586180645));
#10734=CARTESIAN_POINT('',(152.168177984385,219.998234427268,-189.956586180645));
#10735=CARTESIAN_POINT('',(152.168177984385,224.098234427268,-189.956586180645));
#10736=CARTESIAN_POINT('',(152.168177984385,219.998234427268,-189.956586180645));
#10737=CARTESIAN_POINT('',(152.168177984381,224.098234427269,-171.956586180645));
#10738=CARTESIAN_POINT('',(152.168177984385,224.098234427268,-189.956586180645));
#10739=CARTESIAN_POINT('',(152.168177984381,224.098234427269,-171.956586180645));
#10740=CARTESIAN_POINT('Origin',(148.468177984385,224.098234427268,-190.956586180646));
#10741=CARTESIAN_POINT('',(144.868177984385,219.998234427268,-190.956586180647));
#10742=CARTESIAN_POINT('',(151.168177984385,219.998234427268,-190.956586180645));
#10743=CARTESIAN_POINT('',(144.868177984385,219.998234427268,-190.956586180647));
#10744=CARTESIAN_POINT('',(144.868177984385,224.098234427268,-190.956586180647));
#10745=CARTESIAN_POINT('',(144.868177984385,219.998234427268,-190.956586180647));
#10746=CARTESIAN_POINT('',(151.168177984385,224.098234427268,-190.956586180645));
#10747=CARTESIAN_POINT('',(144.868177984385,224.098234427268,-190.956586180647));
#10748=CARTESIAN_POINT('',(151.168177984385,224.098234427268,-190.956586180645));
#10749=CARTESIAN_POINT('Origin',(144.468177984383,224.098234427269,-180.956586180647));
#10750=CARTESIAN_POINT('',(144.468177984385,224.098234427268,-190.556586180647));
#10751=CARTESIAN_POINT('',(144.468177984384,224.098234427269,-185.856586180647));
#10752=CARTESIAN_POINT('',(144.468177984385,224.098234427268,-190.556586180647));
#10753=CARTESIAN_POINT('',(144.468177984385,219.998234427268,-190.556586180647));
#10754=CARTESIAN_POINT('',(144.468177984385,224.098234427268,-190.556586180647));
#10755=CARTESIAN_POINT('',(144.468177984384,219.998234427269,-185.856586180647));
#10756=CARTESIAN_POINT('',(144.468177984385,219.998234427268,-190.556586180647));
#10757=CARTESIAN_POINT('',(144.468177984384,219.998234427269,-185.856586180647));
#10758=CARTESIAN_POINT('Origin',(148.468177984384,224.098234427269,-185.456586180646));
#10759=CARTESIAN_POINT('',(144.868177984384,224.098234427269,-185.456586180647));
#10760=CARTESIAN_POINT('',(144.868177984384,224.098234427269,-185.456586180647));
#10761=CARTESIAN_POINT('',(144.868177984384,219.998234427269,-185.456586180647));
#10762=CARTESIAN_POINT('',(144.868177984384,224.098234427269,-185.456586180647));
#10763=CARTESIAN_POINT('',(144.868177984384,219.998234427269,-185.456586180647));
#10764=CARTESIAN_POINT('Origin',(148.468177984384,224.098234427269,-185.456586180646));
#10765=CARTESIAN_POINT('',(148.968177984384,219.998234427269,-185.456586180646));
#10766=CARTESIAN_POINT('',(148.163165421491,219.998234427269,-185.456586180646));
#10767=CARTESIAN_POINT('',(148.968177984384,224.098234427269,-185.456586180646));
#10768=CARTESIAN_POINT('',(148.968177984384,224.098234427269,-185.456586180646));
#10769=CARTESIAN_POINT('',(148.163165421491,224.098234427269,-185.456586180646));
#10770=CARTESIAN_POINT('Origin',(148.968177984383,224.098234427269,-180.956586180646));
#10771=CARTESIAN_POINT('',(148.968177984382,219.998234427269,-176.456586180646));
#10772=CARTESIAN_POINT('',(148.968177984384,219.998234427269,-185.456586180646));
#10773=CARTESIAN_POINT('',(148.968177984382,224.098234427269,-176.456586180646));
#10774=CARTESIAN_POINT('',(148.968177984382,224.098234427269,-176.456586180646));
#10775=CARTESIAN_POINT('',(148.968177984384,224.098234427269,-185.456586180646));
#10776=CARTESIAN_POINT('Origin',(148.468177984382,224.098234427269,-176.456586180646));
#10777=CARTESIAN_POINT('',(148.163165421489,219.998234427269,-176.456586180646));
#10778=CARTESIAN_POINT('',(148.163165421489,224.098234427269,-176.456586180646));
#10779=CARTESIAN_POINT('Origin',(148.468177984383,224.098234427269,-180.956586180646));
#10780=CARTESIAN_POINT('',(144.868177984385,224.098234427268,-190.956586180647));
#10781=CARTESIAN_POINT('',(144.468177984384,224.098234427269,-185.856586180647));
#10782=CARTESIAN_POINT('',(144.868177984382,224.098234427269,-176.456586180647));
#10783=CARTESIAN_POINT('',(144.468177984381,224.09823442727,-171.356586180647));
#10784=CARTESIAN_POINT('',(151.168177984381,224.09823442727,-170.956586180645));
#10785=CARTESIAN_POINT('',(152.168177984385,224.098234427268,-189.956586180645));
#10786=CARTESIAN_POINT('Origin',(148.468177984383,219.998234427269,-180.956586180646));
#10787=CARTESIAN_POINT('',(144.468177984385,219.998234427268,-190.556586180647));
#10788=CARTESIAN_POINT('',(151.168177984385,219.998234427268,-190.956586180645));
#10789=CARTESIAN_POINT('',(152.168177984381,219.998234427269,-171.956586180645));
#10790=CARTESIAN_POINT('',(144.868177984381,219.99823442727,-170.956586180647));
#10791=CARTESIAN_POINT('',(144.468177984382,219.998234427269,-176.056586180647));
#10792=CARTESIAN_POINT('',(144.868177984384,219.998234427269,-185.456586180647));
#10793=CARTESIAN_POINT('Origin',(151.168177984385,224.098234427268,-190.956586180645));
#10794=CARTESIAN_POINT('Origin',(152.168177984381,224.098234427269,-171.956586180645));
#10795=CARTESIAN_POINT('Origin',(144.468177984385,224.098234427268,-190.556586180647));
#10796=CARTESIAN_POINT('Origin',(144.868177984384,224.098234427269,-185.456586180647));
#10797=CARTESIAN_POINT('Origin',(144.468177984382,224.098234427269,-176.056586180647));
#10798=CARTESIAN_POINT('Origin',(144.868177984381,224.09823442727,-170.956586180647));
#10799=CARTESIAN_POINT('Origin',(150.385165879264,224.098234427269,-186.695314948308));
#10800=CARTESIAN_POINT('',(150.497236279364,225.218752397402,-187.347924536062));
#10801=CARTESIAN_POINT('',(150.385165879264,225.22407300753,-187.348390029131));
#10802=CARTESIAN_POINT('Origin',(150.385165879264,224.050083787326,-187.245679281262));
#10803=CARTESIAN_POINT('',(150.511442694484,225.381132465251,-186.874887663599));
#10804=CARTESIAN_POINT('Origin',(150.399097026987,224.097015609773,-186.695314948308));
#10805=CARTESIAN_POINT('',(150.986375324419,225.240421004465,-186.862577005952));
#10806=CARTESIAN_POINT('Origin',(150.385165879264,224.092388241811,-186.762137153863));
#10807=CARTESIAN_POINT('',(150.986265482366,225.23916550406,-186.519317462078));
#10808=CARTESIAN_POINT('Origin',(150.882639154385,224.054711155288,-186.695314948308));
#10809=CARTESIAN_POINT('',(150.511333985623,225.379889917291,-186.507005671239));
#10810=CARTESIAN_POINT('Origin',(150.385165879264,224.091620259247,-186.619714661882));
#10811=CARTESIAN_POINT('',(150.496807461241,225.213850983823,-186.034288908039));
#10812=CARTESIAN_POINT('Origin',(150.399097026987,224.097015609773,-186.695314948308));
#10813=CARTESIAN_POINT('',(150.159530710374,225.197351887711,-186.035732391907));
#10814=CARTESIAN_POINT('Origin',(150.385165879264,224.049315804763,-186.136172534484));
#10815=CARTESIAN_POINT('',(150.144977240863,225.363698805409,-186.508422209979));
#10816=CARTESIAN_POINT('Origin',(150.256674535006,224.086992891285,-186.695314948308));
#10817=CARTESIAN_POINT('',(149.674237142022,225.175066494934,-186.52492539872));
#10818=CARTESIAN_POINT('Origin',(150.385165879264,224.091620259247,-186.619714661882));
#10819=CARTESIAN_POINT('',(149.674125827884,225.176338821358,-186.856970541396));
#10820=CARTESIAN_POINT('Origin',(149.773132407607,224.0446884368,-186.695314948308));
#10821=CARTESIAN_POINT('',(150.144868844314,225.364937783635,-186.873470812548));
#10822=CARTESIAN_POINT('Origin',(150.385165879264,224.092388241811,-186.762137153863));
#10823=CARTESIAN_POINT('',(150.159100422416,225.20227010158,-187.346482522029));
#10824=CARTESIAN_POINT('Origin',(150.256674535006,224.086992891285,-186.695314948308));
#10825=CARTESIAN_POINT('Origin',(150.385165879264,224.050083787326,-187.245679281262));
#10826=CARTESIAN_POINT('',(150.385165879264,224.098234427269,-187.996860018599));
#10827=CARTESIAN_POINT('Origin',(150.385165879264,224.098234427269,-186.695314948308));
#10828=CARTESIAN_POINT('Origin',(150.385165879264,224.098234427269,-186.695314948308));
#10829=CARTESIAN_POINT('Origin',(152.302153774142,224.098234427269,-180.956586180645));
#10830=CARTESIAN_POINT('Origin',(148.468177984384,224.298234427269,-187.267389649104));
#10831=CARTESIAN_POINT('',(150.238193295341,224.298234427269,-187.267389649104));
#10832=CARTESIAN_POINT('',(150.159100422416,225.20227010158,-187.346482522029));
#10833=CARTESIAN_POINT('',(150.416701392406,224.298234427269,-187.267389649104));
#10834=CARTESIAN_POINT('',(150.238193295341,224.298234427269,-187.267389649104));
#10835=CARTESIAN_POINT('',(150.497236279364,225.218752397402,-187.347924536062));
#10836=CARTESIAN_POINT('Origin',(150.23819329534,224.298234427269,-180.956586180646));
#10837=CARTESIAN_POINT('',(150.238193295341,224.298234427269,-186.780146361521));
#10838=CARTESIAN_POINT('',(150.144868844314,225.364937783635,-186.873470812548));
#10839=CARTESIAN_POINT('',(150.238193295341,224.298234427269,-186.780146361521));
#10840=CARTESIAN_POINT('Origin',(148.468177984384,224.298234427269,-186.780146361522));
#10841=CARTESIAN_POINT('',(149.750950007759,224.298234427269,-186.780146361521));
#10842=CARTESIAN_POINT('',(149.674125827884,225.176338821358,-186.856970541396));
#10843=CARTESIAN_POINT('',(149.750950007759,224.298234427269,-186.780146361521));
#10844=CARTESIAN_POINT('Origin',(149.750950007757,224.298234427269,-180.956586180646));
#10845=CARTESIAN_POINT('',(149.750950007759,224.298234427269,-186.601638264457));
#10846=CARTESIAN_POINT('',(149.674237142022,225.175066494934,-186.52492539872));
#10847=CARTESIAN_POINT('',(149.750950007759,224.298234427269,-186.601638264457));
#10848=CARTESIAN_POINT('Origin',(148.468177984384,224.298234427269,-186.601638264457));
#10849=CARTESIAN_POINT('',(150.238193295341,224.298234427269,-186.601638264457));
#10850=CARTESIAN_POINT('',(150.144977240863,225.363698805409,-186.508422209979));
#10851=CARTESIAN_POINT('',(150.238193295341,224.298234427269,-186.601638264457));
#10852=CARTESIAN_POINT('Origin',(150.23819329534,224.298234427269,-180.956586180646));
#10853=CARTESIAN_POINT('',(150.238193295341,224.298234427269,-186.114394976874));
#10854=CARTESIAN_POINT('',(150.159530710374,225.197351887711,-186.035732391907));
#10855=CARTESIAN_POINT('',(150.238193295341,224.298234427269,-186.114394976874));
#10856=CARTESIAN_POINT('Origin',(148.468177984384,224.298234427269,-186.114394976875));
#10857=CARTESIAN_POINT('',(150.416701392405,224.298234427269,-186.114394976874));
#10858=CARTESIAN_POINT('',(150.496807461241,225.213850983823,-186.034288908039));
#10859=CARTESIAN_POINT('',(150.416701392405,224.298234427269,-186.114394976874));
#10860=CARTESIAN_POINT('Origin',(150.416701392404,224.298234427269,-180.956586180646));
#10861=CARTESIAN_POINT('',(150.416701392406,224.298234427269,-186.601638264457));
#10862=CARTESIAN_POINT('',(150.511333985623,225.379889917291,-186.507005671239));
#10863=CARTESIAN_POINT('',(150.416701392406,224.298234427269,-186.601638264457));
#10864=CARTESIAN_POINT('Origin',(148.468177984384,224.298234427269,-186.601638264457));
#10865=CARTESIAN_POINT('',(150.903944679988,224.298234427269,-186.601638264457));
#10866=CARTESIAN_POINT('',(150.986265482366,225.23916550406,-186.519317462078));
#10867=CARTESIAN_POINT('',(150.903944679988,224.298234427269,-186.601638264457));
#10868=CARTESIAN_POINT('Origin',(150.903944679987,224.298234427269,-180.956586180645));
#10869=CARTESIAN_POINT('',(150.903944679988,224.298234427269,-186.780146361521));
#10870=CARTESIAN_POINT('',(150.986375324419,225.240421004465,-186.862577005952));
#10871=CARTESIAN_POINT('',(150.903944679988,224.298234427269,-186.780146361521));
#10872=CARTESIAN_POINT('Origin',(148.468177984384,224.298234427269,-186.780146361522));
#10873=CARTESIAN_POINT('',(150.416701392406,224.298234427269,-186.780146361521));
#10874=CARTESIAN_POINT('',(150.511442694484,225.381132465251,-186.874887663599));
#10875=CARTESIAN_POINT('',(150.416701392406,224.298234427269,-186.780146361521));
#10876=CARTESIAN_POINT('Origin',(150.416701392404,224.298234427269,-180.956586180646));
#10877=CARTESIAN_POINT('',(150.416701392406,224.298234427269,-187.267389649104));
#10878=CARTESIAN_POINT('Origin',(148.468177984383,224.298234427269,-180.956586180646));
#10879=CARTESIAN_POINT('Origin',(150.385165879261,224.098234427269,-175.217857412983));
#10880=CARTESIAN_POINT('',(150.496807461238,225.213850983823,-175.878883453252));
#10881=CARTESIAN_POINT('',(150.385165879261,225.21914970289,-175.879347031102));
#10882=CARTESIAN_POINT('Origin',(150.385165879261,224.049315804763,-175.776999826807));
#10883=CARTESIAN_POINT('',(150.511333985621,225.379889917292,-175.406166690052));
#10884=CARTESIAN_POINT('Origin',(150.399097026984,224.097015609774,-175.217857412983));
#10885=CARTESIAN_POINT('',(150.986265482364,225.239165504061,-175.393854899213));
#10886=CARTESIAN_POINT('Origin',(150.385165879261,224.091620259248,-175.293457699409));
#10887=CARTESIAN_POINT('',(150.986375324417,225.240421004465,-175.050595355339));
#10888=CARTESIAN_POINT('Origin',(150.882639154383,224.054711155289,-175.217857412983));
#10889=CARTESIAN_POINT('',(150.511442694481,225.381132465252,-175.038284697692));
#10890=CARTESIAN_POINT('Origin',(150.385165879261,224.092388241811,-175.151035207428));
#10891=CARTESIAN_POINT('',(150.497236279362,225.218752397402,-174.565247825229));
#10892=CARTESIAN_POINT('Origin',(150.399097026984,224.097015609774,-175.217857412983));
#10893=CARTESIAN_POINT('',(150.159100422413,225.202270101581,-174.566689839262));
#10894=CARTESIAN_POINT('Origin',(150.385165879261,224.050083787327,-174.667493080029));
#10895=CARTESIAN_POINT('',(150.144868844312,225.364937783635,-175.039701548743));
#10896=CARTESIAN_POINT('Origin',(150.256674535003,224.086992891285,-175.217857412983));
#10897=CARTESIAN_POINT('',(149.674125827881,225.176338821359,-175.056201819895));
#10898=CARTESIAN_POINT('Origin',(150.385165879261,224.092388241811,-175.151035207428));
#10899=CARTESIAN_POINT('',(149.67423714202,225.175066494935,-175.388246962571));
#10900=CARTESIAN_POINT('Origin',(149.773132407605,224.044688436801,-175.217857412983));
#10901=CARTESIAN_POINT('',(150.144977240861,225.363698805409,-175.404750151313));
#10902=CARTESIAN_POINT('Origin',(150.385165879261,224.091620259248,-175.293457699409));
#10903=CARTESIAN_POINT('',(150.159530710372,225.197351887712,-175.877439969384));
#10904=CARTESIAN_POINT('Origin',(150.256674535003,224.086992891285,-175.217857412983));
#10905=CARTESIAN_POINT('Origin',(150.385165879261,224.049315804763,-175.776999826807));
#10906=CARTESIAN_POINT('',(150.385165879262,224.098234427269,-176.519402483274));
#10907=CARTESIAN_POINT('Origin',(150.385165879261,224.098234427269,-175.217857412983));
#10908=CARTESIAN_POINT('Origin',(150.385165879261,224.098234427269,-175.217857412983));
#10909=CARTESIAN_POINT('Origin',(152.302153774142,224.098234427269,-180.956586180645));
#10910=CARTESIAN_POINT('Origin',(148.468177984382,224.298234427269,-174.645782712188));
#10911=CARTESIAN_POINT('',(150.416701392403,224.298234427269,-174.645782712188));
#10912=CARTESIAN_POINT('',(150.497236279362,225.218752397402,-174.565247825229));
#10913=CARTESIAN_POINT('',(150.238193295339,224.298234427269,-174.645782712188));
#10914=CARTESIAN_POINT('',(150.238193295339,224.298234427269,-174.645782712188));
#10915=CARTESIAN_POINT('',(150.159100422413,225.202270101581,-174.566689839262));
#10916=CARTESIAN_POINT('Origin',(150.416701392404,224.298234427269,-180.956586180646));
#10917=CARTESIAN_POINT('',(150.416701392403,224.298234427269,-175.13302599977));
#10918=CARTESIAN_POINT('',(150.511442694481,225.381132465252,-175.038284697692));
#10919=CARTESIAN_POINT('',(150.416701392403,224.298234427269,-174.645782712188));
#10920=CARTESIAN_POINT('Origin',(148.468177984382,224.298234427269,-175.13302599977));
#10921=CARTESIAN_POINT('',(150.903944679986,224.298234427269,-175.13302599977));
#10922=CARTESIAN_POINT('',(150.986375324417,225.240421004465,-175.050595355339));
#10923=CARTESIAN_POINT('',(150.416701392403,224.298234427269,-175.13302599977));
#10924=CARTESIAN_POINT('Origin',(150.903944679987,224.298234427269,-180.956586180645));
#10925=CARTESIAN_POINT('',(150.903944679986,224.298234427269,-175.311534096834));
#10926=CARTESIAN_POINT('',(150.986265482364,225.239165504061,-175.393854899213));
#10927=CARTESIAN_POINT('',(150.903944679986,224.298234427269,-175.13302599977));
#10928=CARTESIAN_POINT('Origin',(148.468177984382,224.298234427269,-175.311534096835));
#10929=CARTESIAN_POINT('',(150.416701392403,224.298234427269,-175.311534096835));
#10930=CARTESIAN_POINT('',(150.511333985621,225.379889917292,-175.406166690052));
#10931=CARTESIAN_POINT('',(150.903944679986,224.298234427269,-175.311534096834));
#10932=CARTESIAN_POINT('Origin',(150.416701392404,224.298234427269,-180.956586180646));
#10933=CARTESIAN_POINT('',(150.416701392403,224.298234427269,-175.798777384417));
#10934=CARTESIAN_POINT('',(150.496807461238,225.213850983823,-175.878883453252));
#10935=CARTESIAN_POINT('',(150.416701392403,224.298234427269,-175.311534096835));
#10936=CARTESIAN_POINT('Origin',(148.468177984382,224.298234427269,-175.798777384417));
#10937=CARTESIAN_POINT('',(150.238193295339,224.298234427269,-175.798777384417));
#10938=CARTESIAN_POINT('',(150.159530710372,225.197351887712,-175.877439969384));
#10939=CARTESIAN_POINT('',(150.416701392403,224.298234427269,-175.798777384417));
#10940=CARTESIAN_POINT('Origin',(150.23819329534,224.298234427269,-180.956586180646));
#10941=CARTESIAN_POINT('',(150.238193295339,224.298234427269,-175.311534096835));
#10942=CARTESIAN_POINT('',(150.144977240861,225.363698805409,-175.404750151313));
#10943=CARTESIAN_POINT('',(150.238193295339,224.298234427269,-175.798777384417));
#10944=CARTESIAN_POINT('Origin',(148.468177984382,224.298234427269,-175.311534096835));
#10945=CARTESIAN_POINT('',(149.750950007756,224.298234427269,-175.311534096835));
#10946=CARTESIAN_POINT('',(149.67423714202,225.175066494935,-175.388246962571));
#10947=CARTESIAN_POINT('',(150.238193295339,224.298234427269,-175.311534096835));
#10948=CARTESIAN_POINT('Origin',(149.750950007757,224.298234427269,-180.956586180646));
#10949=CARTESIAN_POINT('',(149.750950007756,224.298234427269,-175.13302599977));
#10950=CARTESIAN_POINT('',(149.674125827881,225.176338821359,-175.056201819895));
#10951=CARTESIAN_POINT('',(149.750950007756,224.298234427269,-175.311534096835));
#10952=CARTESIAN_POINT('Origin',(148.468177984382,224.298234427269,-175.13302599977));
#10953=CARTESIAN_POINT('',(150.238193295339,224.298234427269,-175.13302599977));
#10954=CARTESIAN_POINT('',(150.144868844312,225.364937783635,-175.039701548743));
#10955=CARTESIAN_POINT('',(149.750950007756,224.298234427269,-175.13302599977));
#10956=CARTESIAN_POINT('Origin',(150.23819329534,224.298234427269,-180.956586180646));
#10957=CARTESIAN_POINT('',(150.238193295339,224.298234427269,-175.13302599977));
#10958=CARTESIAN_POINT('Origin',(148.468177984383,224.298234427269,-180.956586180646));
#10959=CARTESIAN_POINT('Origin',(147.168177984384,224.798234427269,-185.556586180646));
#10960=CARTESIAN_POINT('',(146.670684265831,224.798234427269,-185.506586180646));
#10961=CARTESIAN_POINT('',(147.668177984384,224.798234427269,-185.556586180646));
#10962=CARTESIAN_POINT('Origin',(147.168177984384,224.798234427269,-185.556586180646));
#10963=CARTESIAN_POINT('',(146.670684265831,224.998234427269,-185.506586180646));
#10964=CARTESIAN_POINT('',(146.670684265831,224.798234427269,-185.506586180646));
#10965=CARTESIAN_POINT('',(147.668177984384,224.998234427269,-185.556586180646));
#10966=CARTESIAN_POINT('Origin',(147.168177984384,224.998234427269,-185.556586180646));
#10967=CARTESIAN_POINT('',(147.668177984384,224.798234427269,-185.556586180646));
#10968=CARTESIAN_POINT('Origin',(150.385165879261,224.998234427269,-175.217857412983));
#10969=CARTESIAN_POINT('',(149.968177984382,224.998234427269,-176.450797259659));
#10970=CARTESIAN_POINT('',(150.385165879261,224.998234427269,-173.916312342692));
#10971=CARTESIAN_POINT('Origin',(150.385165879261,224.998234427269,-175.217857412983));
#10972=CARTESIAN_POINT('',(149.968177984382,224.798234427269,-176.450797259659));
#10973=CARTESIAN_POINT('',(149.968177984382,224.798234427269,-176.450797259659));
#10974=CARTESIAN_POINT('',(149.468177984382,224.798234427269,-176.141520106093));
#10975=CARTESIAN_POINT('Origin',(150.385165879261,224.798234427269,-175.217857412983));
#10976=CARTESIAN_POINT('',(149.468177984382,224.998234427269,-176.141520106093));
#10977=CARTESIAN_POINT('',(149.468177984382,224.798234427269,-176.141520106093));
#10978=CARTESIAN_POINT('',(149.313578562322,224.998234427269,-175.956586180646));
#10979=CARTESIAN_POINT('Origin',(150.385165879261,224.998234427269,-175.217857412983));
#10980=CARTESIAN_POINT('',(149.313578562322,224.798234427269,-175.956586180646));
#10981=CARTESIAN_POINT('',(149.313578562322,224.798234427269,-175.956586180646));
#10982=CARTESIAN_POINT('',(149.105701872152,224.798234427269,-175.456586180646));
#10983=CARTESIAN_POINT('Origin',(150.385165879261,224.798234427269,-175.217857412983));
#10984=CARTESIAN_POINT('',(149.105701872152,224.998234427269,-175.456586180646));
#10985=CARTESIAN_POINT('',(149.105701872152,224.798234427269,-175.456586180646));
#10986=CARTESIAN_POINT('Origin',(150.385165879261,224.998234427269,-175.217857412983));
#10987=CARTESIAN_POINT('',(150.385165879261,224.098234427269,-173.916312342692));
#10988=CARTESIAN_POINT('',(150.385165879261,224.998234427269,-173.916312342692));
#10989=CARTESIAN_POINT('Origin',(150.385165879261,224.098234427269,-175.217857412983));
#10990=CARTESIAN_POINT('Origin',(150.591180891651,224.998234427269,-180.956586180646));
#10991=CARTESIAN_POINT('',(150.591180891651,224.798234427269,-180.312576719015));
#10992=CARTESIAN_POINT('Origin',(150.591180891651,224.798234427269,-180.956586180646));
#10993=CARTESIAN_POINT('',(150.591180891651,224.098234427269,-180.312576719015));
#10994=CARTESIAN_POINT('',(150.591180891651,224.998234427269,-180.312576719015));
#10995=CARTESIAN_POINT('Origin',(150.591180891651,224.098234427269,-180.956586180646));
#10996=CARTESIAN_POINT('Origin',(150.385165879264,224.998234427269,-186.695314948308));
#10997=CARTESIAN_POINT('',(149.968177984384,224.998234427269,-185.462375101632));
#10998=CARTESIAN_POINT('',(150.385165879263,224.998234427269,-185.393769878017));
#10999=CARTESIAN_POINT('Origin',(150.385165879264,224.998234427269,-186.695314948308));
#11000=CARTESIAN_POINT('',(150.385165879263,224.098234427269,-185.393769878017));
#11001=CARTESIAN_POINT('',(150.385165879263,224.998234427269,-185.393769878017));
#11002=CARTESIAN_POINT('Origin',(150.385165879264,224.098234427269,-186.695314948308));
#11003=CARTESIAN_POINT('',(149.105701872154,224.998234427269,-186.456586180646));
#11004=CARTESIAN_POINT('Origin',(150.385165879264,224.998234427269,-186.695314948308));
#11005=CARTESIAN_POINT('',(149.105701872154,224.798234427269,-186.456586180646));
#11006=CARTESIAN_POINT('',(149.105701872154,224.798234427269,-186.456586180646));
#11007=CARTESIAN_POINT('',(149.313578562324,224.798234427269,-185.956586180646));
#11008=CARTESIAN_POINT('Origin',(150.385165879264,224.798234427269,-186.695314948308));
#11009=CARTESIAN_POINT('',(149.313578562324,224.998234427269,-185.956586180646));
#11010=CARTESIAN_POINT('',(149.313578562324,224.798234427269,-185.956586180646));
#11011=CARTESIAN_POINT('',(149.468177984384,224.998234427269,-185.771652255199));
#11012=CARTESIAN_POINT('Origin',(150.385165879264,224.998234427269,-186.695314948308));
#11013=CARTESIAN_POINT('',(149.468177984384,224.798234427269,-185.771652255199));
#11014=CARTESIAN_POINT('',(149.468177984384,224.798234427269,-185.771652255199));
#11015=CARTESIAN_POINT('',(149.968177984384,224.798234427269,-185.462375101632));
#11016=CARTESIAN_POINT('Origin',(150.385165879264,224.798234427269,-186.695314948308));
#11017=CARTESIAN_POINT('',(149.968177984384,224.798234427269,-185.462375101632));
#11018=CARTESIAN_POINT('Origin',(148.468177984383,224.998234427269,-180.956586180646));
#11019=CARTESIAN_POINT('',(144.468177984382,224.998234427269,-175.456586180647));
#11020=CARTESIAN_POINT('',(149.105701872152,224.998234427269,-175.456586180646));
#11021=CARTESIAN_POINT('',(144.468177984381,224.998234427269,-171.356586180647));
#11022=CARTESIAN_POINT('',(144.468177984382,224.998234427269,-175.456586180647));
#11023=CARTESIAN_POINT('',(144.868177984381,224.99823442727,-170.956586180647));
#11024=CARTESIAN_POINT('',(144.468177984381,224.998234427269,-171.356586180647));
#11025=CARTESIAN_POINT('',(151.168177984381,224.99823442727,-170.956586180645));
#11026=CARTESIAN_POINT('',(144.868177984381,224.99823442727,-170.956586180647));
#11027=CARTESIAN_POINT('',(152.168177984381,224.998234427269,-171.956586180645));
#11028=CARTESIAN_POINT('',(151.168177984381,224.99823442727,-170.956586180645));
#11029=CARTESIAN_POINT('',(152.168177984383,224.998234427269,-179.536820203729));
#11030=CARTESIAN_POINT('',(152.168177984383,224.998234427269,-179.536820203729));
#11031=CARTESIAN_POINT('',(149.968177984383,224.998234427269,-179.536820203729));
#11032=CARTESIAN_POINT('',(152.168177984383,224.998234427269,-179.536820203729));
#11033=CARTESIAN_POINT('',(149.968177984382,224.998234427269,-176.450797259659));
#11034=CARTESIAN_POINT('Origin',(144.468177984383,224.998234427269,-180.956586180647));
#11035=CARTESIAN_POINT('',(144.468177984382,224.798234427269,-175.456586180647));
#11036=CARTESIAN_POINT('',(144.468177984382,224.798234427269,-175.456586180647));
#11037=CARTESIAN_POINT('',(144.468177984382,224.798234427269,-175.956586180647));
#11038=CARTESIAN_POINT('',(144.468177984382,224.798234427269,-175.956586180647));
#11039=CARTESIAN_POINT('',(144.468177984382,224.998234427269,-175.956586180647));
#11040=CARTESIAN_POINT('',(144.468177984382,224.798234427269,-175.956586180647));
#11041=CARTESIAN_POINT('',(144.468177984382,224.998234427269,-176.056586180647));
#11042=CARTESIAN_POINT('',(144.468177984382,224.998234427269,-176.056586180647));
#11043=CARTESIAN_POINT('',(144.468177984382,224.098234427269,-176.056586180647));
#11044=CARTESIAN_POINT('',(144.468177984382,224.998234427269,-176.056586180647));
#11045=CARTESIAN_POINT('',(144.468177984381,224.09823442727,-171.356586180647));
#11046=CARTESIAN_POINT('',(144.468177984382,224.098234427269,-176.056586180647));
#11047=CARTESIAN_POINT('',(144.468177984381,224.09823442727,-171.356586180647));
#11048=CARTESIAN_POINT('Origin',(148.468177984383,224.998234427269,-180.956586180646));
#11049=CARTESIAN_POINT('',(147.668177984382,224.998234427269,-175.956586180646));
#11050=CARTESIAN_POINT('',(149.313578562322,224.998234427269,-175.956586180646));
#11051=CARTESIAN_POINT('',(149.468177984382,224.998234427269,-176.141520106093));
#11052=CARTESIAN_POINT('',(147.668177984384,224.998234427269,-185.956586180646));
#11053=CARTESIAN_POINT('',(149.313578562324,224.998234427269,-185.956586180646));
#11054=CARTESIAN_POINT('',(147.668177984384,224.998234427269,-185.556586180646));
#11055=CARTESIAN_POINT('',(146.670684265831,224.998234427269,-185.956586180646));
#11056=CARTESIAN_POINT('',(146.670684265831,224.998234427269,-185.506586180646));
#11057=CARTESIAN_POINT('',(144.468177984384,224.998234427269,-185.956586180647));
#11058=CARTESIAN_POINT('',(146.670684265831,224.998234427269,-185.956586180646));
#11059=CARTESIAN_POINT('',(144.468177984384,224.998234427269,-185.856586180647));
#11060=CARTESIAN_POINT('',(144.468177984384,224.998234427269,-185.956586180647));
#11061=CARTESIAN_POINT('',(144.868177984384,224.998234427269,-185.456586180647));
#11062=CARTESIAN_POINT('',(144.468177984384,224.998234427269,-185.856586180647));
#11063=CARTESIAN_POINT('',(146.173190547277,224.998234427269,-185.456586180647));
#11064=CARTESIAN_POINT('',(144.868177984384,224.998234427269,-185.456586180647));
#11065=CARTESIAN_POINT('',(146.918177984384,224.998234427269,-184.588340344095));
#11066=CARTESIAN_POINT('Origin',(147.168177984384,224.998234427269,-185.556586180646));
#11067=CARTESIAN_POINT('',(146.918177984384,224.998234427269,-184.088340344095));
#11068=CARTESIAN_POINT('',(146.918177984384,224.998234427269,-184.588340344095));
#11069=CARTESIAN_POINT('',(147.418177984384,224.998234427269,-184.088340344094));
#11070=CARTESIAN_POINT('',(146.918177984384,224.998234427269,-184.088340344095));
#11071=CARTESIAN_POINT('',(147.418177984384,224.998234427269,-184.588340344094));
#11072=CARTESIAN_POINT('',(147.418177984384,224.998234427269,-184.588340344094));
#11073=CARTESIAN_POINT('',(148.163165421491,224.998234427269,-185.456586180646));
#11074=CARTESIAN_POINT('Origin',(147.168177984384,224.998234427269,-185.556586180646));
#11075=CARTESIAN_POINT('',(148.968177984384,224.998234427269,-185.456586180646));
#11076=CARTESIAN_POINT('',(148.163165421491,224.998234427269,-185.456586180646));
#11077=CARTESIAN_POINT('',(148.968177984382,224.998234427269,-176.456586180646));
#11078=CARTESIAN_POINT('',(148.968177984384,224.998234427269,-185.456586180646));
#11079=CARTESIAN_POINT('',(148.163165421489,224.998234427269,-176.456586180646));
#11080=CARTESIAN_POINT('',(148.163165421489,224.998234427269,-176.456586180646));
#11081=CARTESIAN_POINT('',(147.418177984382,224.998234427269,-177.324832017198));
#11082=CARTESIAN_POINT('Origin',(147.168177984382,224.998234427269,-176.356586180646));
#11083=CARTESIAN_POINT('',(147.418177984382,224.998234427269,-177.824832017198));
#11084=CARTESIAN_POINT('',(147.418177984382,224.998234427269,-177.324832017198));
#11085=CARTESIAN_POINT('',(146.918177984382,224.998234427269,-177.824832017198));
#11086=CARTESIAN_POINT('',(146.918177984382,224.998234427269,-177.824832017198));
#11087=CARTESIAN_POINT('',(146.918177984382,224.998234427269,-177.324832017198));
#11088=CARTESIAN_POINT('',(146.918177984382,224.998234427269,-177.324832017198));
#11089=CARTESIAN_POINT('',(146.173190547275,224.998234427269,-176.456586180647));
#11090=CARTESIAN_POINT('Origin',(147.168177984382,224.998234427269,-176.356586180646));
#11091=CARTESIAN_POINT('',(144.868177984382,224.998234427269,-176.456586180647));
#11092=CARTESIAN_POINT('',(144.868177984382,224.998234427269,-176.456586180647));
#11093=CARTESIAN_POINT('',(144.868177984382,224.998234427269,-176.456586180647));
#11094=CARTESIAN_POINT('',(146.670684265829,224.998234427269,-175.956586180646));
#11095=CARTESIAN_POINT('',(146.670684265829,224.998234427269,-175.956586180646));
#11096=CARTESIAN_POINT('',(146.670684265829,224.998234427269,-176.406586180646));
#11097=CARTESIAN_POINT('',(146.670684265829,224.998234427269,-176.406586180646));
#11098=CARTESIAN_POINT('',(147.668177984382,224.998234427269,-176.356586180646));
#11099=CARTESIAN_POINT('Origin',(147.168177984382,224.998234427269,-176.356586180646));
#11100=CARTESIAN_POINT('',(147.668177984382,224.998234427269,-176.356586180646));
#11101=CARTESIAN_POINT('Origin',(144.468177984383,224.998234427269,-180.956586180647));
#11102=CARTESIAN_POINT('',(144.468177984384,224.798234427269,-185.956586180647));
#11103=CARTESIAN_POINT('',(144.468177984384,224.798234427269,-185.956586180647));
#11104=CARTESIAN_POINT('',(144.468177984384,224.798234427269,-186.456586180647));
#11105=CARTESIAN_POINT('',(144.468177984384,224.798234427269,-186.456586180647));
#11106=CARTESIAN_POINT('',(144.468177984384,224.998234427269,-186.456586180647));
#11107=CARTESIAN_POINT('',(144.468177984384,224.798234427269,-186.456586180647));
#11108=CARTESIAN_POINT('',(144.468177984385,224.998234427268,-190.556586180647));
#11109=CARTESIAN_POINT('',(144.468177984385,224.998234427268,-190.556586180647));
#11110=CARTESIAN_POINT('',(144.468177984385,224.098234427268,-190.556586180647));
#11111=CARTESIAN_POINT('',(144.468177984385,224.998234427268,-190.556586180647));
#11112=CARTESIAN_POINT('',(144.468177984384,224.098234427269,-185.856586180647));
#11113=CARTESIAN_POINT('',(144.468177984385,224.098234427268,-190.556586180647));
#11114=CARTESIAN_POINT('',(144.468177984384,224.098234427269,-185.856586180647));
#11115=CARTESIAN_POINT('Origin',(148.468177984383,224.998234427269,-180.956586180646));
#11116=CARTESIAN_POINT('',(149.105701872154,224.998234427269,-186.456586180646));
#11117=CARTESIAN_POINT('',(149.968177984383,224.998234427269,-182.376352157562));
#11118=CARTESIAN_POINT('',(149.968177984383,224.998234427269,-182.376352157562));
#11119=CARTESIAN_POINT('',(152.168177984383,224.998234427269,-182.376352157561));
#11120=CARTESIAN_POINT('',(152.168177984383,224.998234427269,-182.376352157561));
#11121=CARTESIAN_POINT('',(152.168177984385,224.998234427268,-189.956586180645));
#11122=CARTESIAN_POINT('',(152.168177984385,224.998234427268,-189.956586180645));
#11123=CARTESIAN_POINT('',(151.168177984385,224.998234427268,-190.956586180645));
#11124=CARTESIAN_POINT('',(152.168177984385,224.998234427268,-189.956586180645));
#11125=CARTESIAN_POINT('',(144.868177984385,224.998234427268,-190.956586180647));
#11126=CARTESIAN_POINT('',(144.868177984385,224.998234427268,-190.956586180647));
#11127=CARTESIAN_POINT('',(144.868177984385,224.998234427268,-190.956586180647));
#11128=CARTESIAN_POINT('Origin',(148.468177984382,224.998234427269,-176.456586180646));
#11129=CARTESIAN_POINT('',(148.163165421489,224.098234427269,-176.456586180646));
#11130=CARTESIAN_POINT('',(148.968177984382,224.098234427269,-176.456586180646));
#11131=CARTESIAN_POINT('',(148.163165421489,224.098234427269,-176.456586180646));
#11132=CARTESIAN_POINT('',(148.163165421489,224.998234427269,-176.456586180646));
#11133=CARTESIAN_POINT('',(148.968177984382,224.998234427269,-176.456586180646));
#11134=CARTESIAN_POINT('Origin',(147.168177984382,224.998234427269,-176.356586180646));
#11135=CARTESIAN_POINT('',(147.418177984382,224.098234427269,-177.324832017198));
#11136=CARTESIAN_POINT('Origin',(147.168177984382,224.098234427269,-176.356586180646));
#11137=CARTESIAN_POINT('',(147.418177984382,224.998234427269,-177.324832017198));
#11138=CARTESIAN_POINT('Origin',(147.418177984383,224.998234427269,-180.956586180646));
#11139=CARTESIAN_POINT('',(147.418177984382,224.098234427269,-177.824832017198));
#11140=CARTESIAN_POINT('',(147.418177984382,224.098234427269,-177.324832017198));
#11141=CARTESIAN_POINT('',(147.418177984382,224.998234427269,-177.824832017198));
#11142=CARTESIAN_POINT('Origin',(148.468177984382,224.998234427269,-177.824832017198));
#11143=CARTESIAN_POINT('',(146.918177984382,224.098234427269,-177.824832017198));
#11144=CARTESIAN_POINT('',(146.918177984382,224.098234427269,-177.824832017198));
#11145=CARTESIAN_POINT('',(146.918177984382,224.998234427269,-177.824832017198));
#11146=CARTESIAN_POINT('Origin',(146.918177984383,224.998234427269,-180.956586180646));
#11147=CARTESIAN_POINT('',(146.918177984382,224.098234427269,-177.324832017198));
#11148=CARTESIAN_POINT('',(146.918177984382,224.098234427269,-177.324832017198));
#11149=CARTESIAN_POINT('',(146.918177984382,224.998234427269,-177.324832017198));
#11150=CARTESIAN_POINT('Origin',(147.168177984382,224.998234427269,-176.356586180646));
#11151=CARTESIAN_POINT('',(146.173190547275,224.098234427269,-176.456586180646));
#11152=CARTESIAN_POINT('Origin',(147.168177984382,224.098234427269,-176.356586180646));
#11153=CARTESIAN_POINT('',(146.173190547275,224.998234427269,-176.456586180647));
#11154=CARTESIAN_POINT('Origin',(148.468177984382,224.998234427269,-176.456586180646));
#11155=CARTESIAN_POINT('',(144.868177984382,224.098234427269,-176.456586180647));
#11156=CARTESIAN_POINT('',(144.868177984382,224.098234427269,-176.456586180647));
#11157=CARTESIAN_POINT('',(144.868177984382,224.098234427269,-176.456586180647));
#11158=CARTESIAN_POINT('Origin',(148.468177984381,224.99823442727,-170.956586180646));
#11159=CARTESIAN_POINT('',(144.868177984381,224.09823442727,-170.956586180647));
#11160=CARTESIAN_POINT('',(144.868177984381,224.99823442727,-170.956586180647));
#11161=CARTESIAN_POINT('',(151.168177984381,224.09823442727,-170.956586180645));
#11162=CARTESIAN_POINT('',(144.868177984381,224.09823442727,-170.956586180647));
#11163=CARTESIAN_POINT('',(151.168177984381,224.09823442727,-170.956586180645));
#11164=CARTESIAN_POINT('Origin',(152.168177984383,224.998234427269,-180.956586180645));
#11165=CARTESIAN_POINT('',(152.168177984383,224.798234427269,-182.376352157561));
#11166=CARTESIAN_POINT('',(152.168177984383,224.798234427269,-182.376352157561));
#11167=CARTESIAN_POINT('',(152.168177984383,224.798234427269,-179.536820203729));
#11168=CARTESIAN_POINT('',(152.168177984383,224.798234427269,-179.536820203729));
#11169=CARTESIAN_POINT('',(152.168177984383,224.798234427269,-179.536820203729));
#11170=CARTESIAN_POINT('',(152.168177984381,224.098234427269,-171.956586180645));
#11171=CARTESIAN_POINT('',(152.168177984381,224.998234427269,-171.956586180645));
#11172=CARTESIAN_POINT('',(152.168177984385,224.098234427268,-189.956586180645));
#11173=CARTESIAN_POINT('',(152.168177984385,224.098234427268,-189.956586180645));
#11174=CARTESIAN_POINT('',(152.168177984385,224.098234427268,-189.956586180645));
#11175=CARTESIAN_POINT('Origin',(148.468177984385,224.998234427268,-190.956586180646));
#11176=CARTESIAN_POINT('',(144.868177984385,224.098234427268,-190.956586180647));
#11177=CARTESIAN_POINT('',(151.168177984385,224.098234427268,-190.956586180645));
#11178=CARTESIAN_POINT('',(144.868177984385,224.098234427268,-190.956586180647));
#11179=CARTESIAN_POINT('',(144.868177984385,224.098234427268,-190.956586180647));
#11180=CARTESIAN_POINT('',(151.168177984385,224.998234427268,-190.956586180645));
#11181=CARTESIAN_POINT('Origin',(148.468177984384,224.998234427269,-185.456586180646));
#11182=CARTESIAN_POINT('',(144.868177984384,224.098234427269,-185.456586180647));
#11183=CARTESIAN_POINT('',(144.868177984384,224.998234427269,-185.456586180647));
#11184=CARTESIAN_POINT('',(146.173190547277,224.098234427269,-185.456586180646));
#11185=CARTESIAN_POINT('',(144.868177984384,224.098234427269,-185.456586180647));
#11186=CARTESIAN_POINT('',(146.173190547277,224.998234427269,-185.456586180647));
#11187=CARTESIAN_POINT('Origin',(147.168177984384,224.998234427269,-185.556586180646));
#11188=CARTESIAN_POINT('',(146.918177984384,224.098234427269,-184.588340344094));
#11189=CARTESIAN_POINT('Origin',(147.168177984384,224.098234427269,-185.556586180646));
#11190=CARTESIAN_POINT('',(146.918177984384,224.998234427269,-184.588340344095));
#11191=CARTESIAN_POINT('Origin',(146.918177984383,224.998234427269,-180.956586180646));
#11192=CARTESIAN_POINT('',(146.918177984384,224.098234427269,-184.088340344094));
#11193=CARTESIAN_POINT('',(146.918177984384,224.098234427269,-184.588340344094));
#11194=CARTESIAN_POINT('',(146.918177984384,224.998234427269,-184.088340344095));
#11195=CARTESIAN_POINT('Origin',(148.468177984384,224.998234427269,-184.088340344094));
#11196=CARTESIAN_POINT('',(147.418177984384,224.098234427269,-184.088340344094));
#11197=CARTESIAN_POINT('',(146.918177984384,224.098234427269,-184.088340344094));
#11198=CARTESIAN_POINT('',(147.418177984384,224.998234427269,-184.088340344094));
#11199=CARTESIAN_POINT('Origin',(147.418177984383,224.998234427269,-180.956586180646));
#11200=CARTESIAN_POINT('',(147.418177984384,224.098234427269,-184.588340344094));
#11201=CARTESIAN_POINT('',(147.418177984384,224.098234427269,-184.588340344094));
#11202=CARTESIAN_POINT('',(147.418177984384,224.998234427269,-184.588340344094));
#11203=CARTESIAN_POINT('Origin',(147.168177984384,224.998234427269,-185.556586180646));
#11204=CARTESIAN_POINT('',(148.163165421491,224.098234427269,-185.456586180646));
#11205=CARTESIAN_POINT('Origin',(147.168177984384,224.098234427269,-185.556586180646));
#11206=CARTESIAN_POINT('',(148.163165421491,224.998234427269,-185.456586180646));
#11207=CARTESIAN_POINT('Origin',(148.468177984384,224.998234427269,-185.456586180646));
#11208=CARTESIAN_POINT('',(148.968177984384,224.098234427269,-185.456586180646));
#11209=CARTESIAN_POINT('',(148.163165421491,224.098234427269,-185.456586180646));
#11210=CARTESIAN_POINT('',(148.968177984384,224.998234427269,-185.456586180646));
#11211=CARTESIAN_POINT('Origin',(148.968177984383,224.998234427269,-180.956586180646));
#11212=CARTESIAN_POINT('',(148.968177984384,224.098234427269,-185.456586180646));
#11213=CARTESIAN_POINT('Origin',(148.468177984383,224.098234427269,-180.956586180646));
#11214=CARTESIAN_POINT('',(144.468177984382,224.098234427269,-176.056586180647));
#11215=CARTESIAN_POINT('',(144.868177984384,224.098234427269,-185.456586180647));
#11216=CARTESIAN_POINT('',(144.468177984385,224.098234427268,-190.556586180647));
#11217=CARTESIAN_POINT('',(151.168177984385,224.098234427268,-190.956586180645));
#11218=CARTESIAN_POINT('',(152.168177984381,224.098234427269,-171.956586180645));
#11219=CARTESIAN_POINT('',(144.868177984381,224.09823442727,-170.956586180647));
#11220=CARTESIAN_POINT('Origin',(152.168177984381,224.998234427269,-171.956586180645));
#11221=CARTESIAN_POINT('Origin',(151.168177984385,224.998234427268,-190.956586180645));
#11222=CARTESIAN_POINT('Origin',(144.468177984382,224.998234427269,-176.056586180647));
#11223=CARTESIAN_POINT('Origin',(144.868177984381,224.99823442727,-170.956586180647));
#11224=CARTESIAN_POINT('Origin',(144.868177984384,224.998234427269,-185.456586180647));
#11225=CARTESIAN_POINT('Origin',(144.468177984385,224.998234427268,-190.556586180647));
#11226=CARTESIAN_POINT('Origin',(148.468177984383,224.798234427269,-182.376352157562));
#11227=CARTESIAN_POINT('',(149.968177984383,224.798234427269,-182.376352157562));
#11228=CARTESIAN_POINT('',(149.968177984383,224.798234427269,-182.376352157562));
#11229=CARTESIAN_POINT('',(152.168177984383,224.798234427269,-182.376352157561));
#11230=CARTESIAN_POINT('Origin',(148.468177984383,224.798234427269,-179.53682020373));
#11231=CARTESIAN_POINT('',(149.968177984383,224.798234427269,-179.536820203729));
#11232=CARTESIAN_POINT('',(152.168177984383,224.798234427269,-179.536820203729));
#11233=CARTESIAN_POINT('',(149.968177984383,224.798234427269,-179.536820203729));
#11234=CARTESIAN_POINT('Origin',(149.968177984383,224.798234427269,-180.956586180646));
#11235=CARTESIAN_POINT('',(149.968177984382,224.798234427269,-176.450797259659));
#11236=CARTESIAN_POINT('Origin',(149.468177984383,224.798234427269,-180.956586180646));
#11237=CARTESIAN_POINT('',(149.468177984382,224.798234427269,-176.141520106093));
#11238=CARTESIAN_POINT('Origin',(149.968177984383,224.798234427269,-180.956586180646));
#11239=CARTESIAN_POINT('',(149.968177984383,224.798234427269,-182.376352157562));
#11240=CARTESIAN_POINT('Origin',(148.468177984383,224.798234427269,-180.956586180646));
#11241=CARTESIAN_POINT('Origin',(146.67068426583,224.798234427269,-180.956586180646));
#11242=CARTESIAN_POINT('',(146.670684265831,224.798234427269,-185.956586180646));
#11243=CARTESIAN_POINT('',(146.670684265831,224.798234427269,-185.506586180646));
#11244=CARTESIAN_POINT('',(146.670684265831,224.798234427269,-185.956586180646));
#11245=CARTESIAN_POINT('Origin',(148.468177984384,224.798234427269,-185.956586180646));
#11246=CARTESIAN_POINT('',(146.670684265831,224.798234427269,-185.956586180646));
#11247=CARTESIAN_POINT('Origin',(148.468177984384,224.798234427269,-186.456586180646));
#11248=CARTESIAN_POINT('',(149.105701872154,224.798234427269,-186.456586180646));
#11249=CARTESIAN_POINT('Origin',(148.468177984384,224.798234427269,-185.956586180646));
#11250=CARTESIAN_POINT('',(147.668177984384,224.798234427269,-185.956586180646));
#11251=CARTESIAN_POINT('',(149.313578562324,224.798234427269,-185.956586180646));
#11252=CARTESIAN_POINT('',(147.668177984384,224.798234427269,-185.956586180646));
#11253=CARTESIAN_POINT('Origin',(147.668177984383,224.798234427269,-180.956586180646));
#11254=CARTESIAN_POINT('',(147.668177984384,224.798234427269,-185.556586180646));
#11255=CARTESIAN_POINT('Origin',(148.468177984383,224.798234427269,-180.956586180646));
#11256=CARTESIAN_POINT('Origin',(147.168177984382,224.798234427269,-176.356586180646));
#11257=CARTESIAN_POINT('',(146.670684265829,224.798234427269,-176.406586180646));
#11258=CARTESIAN_POINT('',(146.670684265829,224.798234427269,-176.406586180646));
#11259=CARTESIAN_POINT('',(147.668177984382,224.798234427269,-176.356586180646));
#11260=CARTESIAN_POINT('Origin',(147.168177984382,224.798234427269,-176.356586180646));
#11261=CARTESIAN_POINT('',(147.668177984382,224.798234427269,-176.356586180646));
#11262=CARTESIAN_POINT('Origin',(147.668177984383,224.798234427269,-180.956586180646));
#11263=CARTESIAN_POINT('',(147.668177984382,224.798234427269,-175.956586180646));
#11264=CARTESIAN_POINT('',(147.668177984382,224.798234427269,-176.356586180646));
#11265=CARTESIAN_POINT('',(147.668177984382,224.798234427269,-175.956586180646));
#11266=CARTESIAN_POINT('Origin',(148.468177984382,224.798234427269,-175.956586180646));
#11267=CARTESIAN_POINT('',(149.313578562322,224.798234427269,-175.956586180646));
#11268=CARTESIAN_POINT('Origin',(148.468177984382,224.798234427269,-175.456586180646));
#11269=CARTESIAN_POINT('',(149.105701872152,224.798234427269,-175.456586180646));
#11270=CARTESIAN_POINT('Origin',(148.468177984382,224.798234427269,-175.956586180646));
#11271=CARTESIAN_POINT('',(146.670684265829,224.798234427269,-175.956586180646));
#11272=CARTESIAN_POINT('',(146.670684265829,224.798234427269,-175.956586180646));
#11273=CARTESIAN_POINT('',(146.670684265829,224.798234427269,-175.956586180646));
#11274=CARTESIAN_POINT('Origin',(146.67068426583,224.798234427269,-180.956586180646));
#11275=CARTESIAN_POINT('',(146.670684265829,224.798234427269,-176.406586180646));
#11276=CARTESIAN_POINT('Origin',(148.468177984383,224.798234427269,-180.956586180646));
#11277=CARTESIAN_POINT('Origin',(150.591180891651,185.998234427269,-180.956586180643));
#11278=CARTESIAN_POINT('',(150.591180891651,185.998234427269,-180.312576719013));
#11279=CARTESIAN_POINT('Origin',(150.591180891651,185.998234427269,-180.956586180643));
#11280=CARTESIAN_POINT('',(150.591180891651,190.098234427269,-180.312576719013));
#11281=CARTESIAN_POINT('',(150.591180891651,185.998234427269,-180.312576719013));
#11282=CARTESIAN_POINT('Origin',(150.591180891651,190.098234427269,-180.956586180644));
#11283=CARTESIAN_POINT('Origin',(147.168177984384,185.998234427269,-185.556586180644));
#11284=CARTESIAN_POINT('',(148.163165421491,185.998234427269,-185.456586180644));
#11285=CARTESIAN_POINT('',(146.173190547277,185.998234427269,-185.456586180644));
#11286=CARTESIAN_POINT('Origin',(147.168177984384,185.998234427269,-185.556586180644));
#11287=CARTESIAN_POINT('',(148.163165421491,190.098234427269,-185.456586180644));
#11288=CARTESIAN_POINT('',(148.163165421491,185.998234427269,-185.456586180644));
#11289=CARTESIAN_POINT('',(146.173190547277,190.098234427269,-185.456586180645));
#11290=CARTESIAN_POINT('Origin',(147.168177984384,190.098234427269,-185.556586180644));
#11291=CARTESIAN_POINT('',(146.173190547277,185.998234427269,-185.456586180644));
#11292=CARTESIAN_POINT('Origin',(147.168177984382,185.998234427269,-176.356586180644));
#11293=CARTESIAN_POINT('',(146.173190547275,190.098234427269,-176.456586180645));
#11294=CARTESIAN_POINT('',(148.163165421489,190.098234427269,-176.456586180644));
#11295=CARTESIAN_POINT('Origin',(147.168177984382,190.098234427269,-176.356586180644));
#11296=CARTESIAN_POINT('',(148.163165421489,185.998234427269,-176.456586180644));
#11297=CARTESIAN_POINT('',(148.163165421489,185.998234427269,-176.456586180644));
#11298=CARTESIAN_POINT('',(146.173190547275,185.998234427269,-176.456586180644));
#11299=CARTESIAN_POINT('Origin',(147.168177984382,185.998234427269,-176.356586180644));
#11300=CARTESIAN_POINT('',(146.173190547275,185.998234427269,-176.456586180644));
#11301=CARTESIAN_POINT('Origin',(148.468177984382,185.998234427269,-176.456586180644));
#11302=CARTESIAN_POINT('',(144.868177984382,190.098234427269,-176.456586180645));
#11303=CARTESIAN_POINT('',(144.868177984382,190.098234427269,-176.456586180645));
#11304=CARTESIAN_POINT('',(144.868177984382,185.998234427269,-176.456586180645));
#11305=CARTESIAN_POINT('',(144.868177984382,185.998234427269,-176.456586180645));
#11306=CARTESIAN_POINT('',(144.868177984382,190.098234427269,-176.456586180645));
#11307=CARTESIAN_POINT('Origin',(144.468177984383,185.998234427269,-180.956586180645));
#11308=CARTESIAN_POINT('',(144.468177984382,185.998234427269,-176.056586180645));
#11309=CARTESIAN_POINT('',(144.468177984381,185.998234427269,-171.356586180645));
#11310=CARTESIAN_POINT('',(144.468177984382,185.998234427269,-176.056586180645));
#11311=CARTESIAN_POINT('',(144.468177984381,190.09823442727,-171.356586180645));
#11312=CARTESIAN_POINT('',(144.468177984381,190.09823442727,-171.356586180645));
#11313=CARTESIAN_POINT('',(144.468177984382,190.098234427269,-176.056586180645));
#11314=CARTESIAN_POINT('',(144.468177984382,190.098234427269,-176.056586180645));
#11315=CARTESIAN_POINT('',(144.468177984382,185.998234427269,-176.056586180645));
#11316=CARTESIAN_POINT('Origin',(148.468177984381,185.99823442727,-170.956586180644));
#11317=CARTESIAN_POINT('',(144.868177984381,185.99823442727,-170.956586180645));
#11318=CARTESIAN_POINT('',(151.168177984381,185.99823442727,-170.956586180643));
#11319=CARTESIAN_POINT('',(144.868177984381,185.99823442727,-170.956586180645));
#11320=CARTESIAN_POINT('',(151.168177984381,190.09823442727,-170.956586180644));
#11321=CARTESIAN_POINT('',(151.168177984381,190.09823442727,-170.956586180644));
#11322=CARTESIAN_POINT('',(144.868177984381,190.09823442727,-170.956586180645));
#11323=CARTESIAN_POINT('',(144.868177984381,190.09823442727,-170.956586180645));
#11324=CARTESIAN_POINT('',(144.868177984381,185.99823442727,-170.956586180645));
#11325=CARTESIAN_POINT('Origin',(152.168177984383,185.998234427269,-180.956586180643));
#11326=CARTESIAN_POINT('',(152.168177984385,190.098234427268,-189.956586180643));
#11327=CARTESIAN_POINT('',(152.168177984381,190.098234427269,-171.956586180643));
#11328=CARTESIAN_POINT('',(152.168177984385,190.098234427268,-189.956586180643));
#11329=CARTESIAN_POINT('',(152.168177984381,185.998234427269,-171.956586180643));
#11330=CARTESIAN_POINT('',(152.168177984381,185.998234427269,-171.956586180643));
#11331=CARTESIAN_POINT('',(152.168177984385,185.998234427268,-189.956586180643));
#11332=CARTESIAN_POINT('',(152.168177984385,185.998234427268,-189.956586180643));
#11333=CARTESIAN_POINT('',(152.168177984385,190.098234427268,-189.956586180643));
#11334=CARTESIAN_POINT('Origin',(148.468177984385,185.998234427268,-190.956586180644));
#11335=CARTESIAN_POINT('',(144.868177984385,190.098234427268,-190.956586180645));
#11336=CARTESIAN_POINT('',(151.168177984385,190.098234427268,-190.956586180644));
#11337=CARTESIAN_POINT('',(144.868177984385,190.098234427268,-190.956586180645));
#11338=CARTESIAN_POINT('',(151.168177984385,185.998234427268,-190.956586180643));
#11339=CARTESIAN_POINT('',(151.168177984385,185.998234427268,-190.956586180643));
#11340=CARTESIAN_POINT('',(144.868177984385,185.998234427268,-190.956586180645));
#11341=CARTESIAN_POINT('',(144.868177984385,185.998234427268,-190.956586180645));
#11342=CARTESIAN_POINT('',(144.868177984385,190.098234427268,-190.956586180645));
#11343=CARTESIAN_POINT('Origin',(144.468177984383,185.998234427269,-180.956586180645));
#11344=CARTESIAN_POINT('',(144.468177984385,185.998234427268,-190.556586180645));
#11345=CARTESIAN_POINT('',(144.468177984384,185.998234427269,-185.856586180645));
#11346=CARTESIAN_POINT('',(144.468177984385,185.998234427268,-190.556586180645));
#11347=CARTESIAN_POINT('',(144.468177984384,190.098234427269,-185.856586180645));
#11348=CARTESIAN_POINT('',(144.468177984384,190.098234427269,-185.856586180645));
#11349=CARTESIAN_POINT('',(144.468177984385,190.098234427268,-190.556586180645));
#11350=CARTESIAN_POINT('',(144.468177984385,190.098234427268,-190.556586180645));
#11351=CARTESIAN_POINT('',(144.468177984385,185.998234427268,-190.556586180645));
#11352=CARTESIAN_POINT('Origin',(148.468177984384,185.998234427269,-185.456586180644));
#11353=CARTESIAN_POINT('',(144.868177984384,185.998234427269,-185.456586180645));
#11354=CARTESIAN_POINT('',(144.868177984384,185.998234427269,-185.456586180645));
#11355=CARTESIAN_POINT('',(144.868177984384,190.098234427269,-185.456586180645));
#11356=CARTESIAN_POINT('',(144.868177984384,190.098234427269,-185.456586180645));
#11357=CARTESIAN_POINT('',(144.868177984384,185.998234427269,-185.456586180645));
#11358=CARTESIAN_POINT('Origin',(148.468177984384,185.998234427269,-185.456586180644));
#11359=CARTESIAN_POINT('',(148.968177984384,190.098234427269,-185.456586180644));
#11360=CARTESIAN_POINT('',(148.163165421491,190.098234427269,-185.456586180644));
#11361=CARTESIAN_POINT('',(148.968177984384,185.998234427269,-185.456586180644));
#11362=CARTESIAN_POINT('',(148.163165421491,185.998234427269,-185.456586180644));
#11363=CARTESIAN_POINT('',(148.968177984384,185.998234427269,-185.456586180644));
#11364=CARTESIAN_POINT('Origin',(148.968177984383,185.998234427269,-180.956586180644));
#11365=CARTESIAN_POINT('',(148.968177984382,190.098234427269,-176.456586180644));
#11366=CARTESIAN_POINT('',(148.968177984384,190.098234427269,-185.456586180644));
#11367=CARTESIAN_POINT('',(148.968177984382,185.998234427269,-176.456586180644));
#11368=CARTESIAN_POINT('',(148.968177984384,185.998234427269,-185.456586180644));
#11369=CARTESIAN_POINT('',(148.968177984382,185.998234427269,-176.456586180644));
#11370=CARTESIAN_POINT('Origin',(148.468177984382,185.998234427269,-176.456586180644));
#11371=CARTESIAN_POINT('',(148.163165421489,190.098234427269,-176.456586180644));
#11372=CARTESIAN_POINT('',(148.163165421489,185.998234427269,-176.456586180644));
#11373=CARTESIAN_POINT('Origin',(148.468177984383,185.998234427269,-180.956586180644));
#11374=CARTESIAN_POINT('',(152.168177984385,185.998234427268,-189.956586180643));
#11375=CARTESIAN_POINT('',(151.168177984381,185.99823442727,-170.956586180643));
#11376=CARTESIAN_POINT('',(144.468177984381,185.998234427269,-171.356586180645));
#11377=CARTESIAN_POINT('',(144.868177984382,185.998234427269,-176.456586180645));
#11378=CARTESIAN_POINT('',(144.468177984384,185.998234427269,-185.856586180645));
#11379=CARTESIAN_POINT('',(144.868177984385,185.998234427268,-190.956586180645));
#11380=CARTESIAN_POINT('Origin',(148.468177984383,190.098234427269,-180.956586180644));
#11381=CARTESIAN_POINT('',(144.868177984384,190.098234427269,-185.456586180645));
#11382=CARTESIAN_POINT('',(144.468177984382,190.098234427269,-176.056586180645));
#11383=CARTESIAN_POINT('',(144.868177984381,190.09823442727,-170.956586180645));
#11384=CARTESIAN_POINT('',(152.168177984381,190.098234427269,-171.956586180643));
#11385=CARTESIAN_POINT('',(151.168177984385,190.098234427268,-190.956586180644));
#11386=CARTESIAN_POINT('',(144.468177984385,190.098234427268,-190.556586180645));
#11387=CARTESIAN_POINT('Origin',(151.168177984385,185.998234427268,-190.956586180643));
#11388=CARTESIAN_POINT('Origin',(152.168177984381,185.998234427269,-171.956586180643));
#11389=CARTESIAN_POINT('Origin',(144.468177984385,185.998234427268,-190.556586180645));
#11390=CARTESIAN_POINT('Origin',(144.868177984384,185.998234427269,-185.456586180645));
#11391=CARTESIAN_POINT('Origin',(144.468177984382,185.998234427269,-176.056586180645));
#11392=CARTESIAN_POINT('Origin',(144.868177984381,185.99823442727,-170.956586180645));
#11393=CARTESIAN_POINT('Origin',(147.168177984384,185.298234427269,-185.556586180644));
#11394=CARTESIAN_POINT('',(146.670684265831,185.298234427269,-185.506586180644));
#11395=CARTESIAN_POINT('',(147.668177984384,185.298234427269,-185.556586180644));
#11396=CARTESIAN_POINT('Origin',(147.168177984384,185.298234427269,-185.556586180644));
#11397=CARTESIAN_POINT('',(147.668177984384,185.098234427269,-185.556586180644));
#11398=CARTESIAN_POINT('',(147.668177984384,185.298234427269,-185.556586180644));
#11399=CARTESIAN_POINT('',(146.670684265831,185.098234427269,-185.506586180644));
#11400=CARTESIAN_POINT('Origin',(147.168177984384,185.098234427269,-185.556586180644));
#11401=CARTESIAN_POINT('',(146.670684265831,185.298234427269,-185.506586180644));
#11402=CARTESIAN_POINT('Origin',(150.385165879261,185.098234427269,-175.217857412981));
#11403=CARTESIAN_POINT('',(149.968177984382,185.098234427269,-176.450797259657));
#11404=CARTESIAN_POINT('',(150.385165879261,185.098234427269,-173.91631234269));
#11405=CARTESIAN_POINT('Origin',(150.385165879261,185.098234427269,-175.217857412981));
#11406=CARTESIAN_POINT('',(150.385165879261,185.998234427269,-173.91631234269));
#11407=CARTESIAN_POINT('',(150.385165879261,185.098234427269,-173.91631234269));
#11408=CARTESIAN_POINT('Origin',(150.385165879261,185.998234427269,-175.217857412981));
#11409=CARTESIAN_POINT('',(149.105701872152,185.098234427269,-175.456586180644));
#11410=CARTESIAN_POINT('Origin',(150.385165879261,185.098234427269,-175.217857412981));
#11411=CARTESIAN_POINT('',(149.105701872152,185.298234427269,-175.456586180644));
#11412=CARTESIAN_POINT('',(149.105701872152,185.298234427269,-175.456586180644));
#11413=CARTESIAN_POINT('',(149.313578562322,185.298234427269,-175.956586180644));
#11414=CARTESIAN_POINT('Origin',(150.385165879261,185.298234427269,-175.217857412981));
#11415=CARTESIAN_POINT('',(149.313578562322,185.098234427269,-175.956586180644));
#11416=CARTESIAN_POINT('',(149.313578562322,185.298234427269,-175.956586180644));
#11417=CARTESIAN_POINT('',(149.468177984382,185.098234427269,-176.141520106091));
#11418=CARTESIAN_POINT('Origin',(150.385165879261,185.098234427269,-175.217857412981));
#11419=CARTESIAN_POINT('',(149.468177984382,185.298234427269,-176.141520106091));
#11420=CARTESIAN_POINT('',(149.468177984382,185.298234427269,-176.141520106091));
#11421=CARTESIAN_POINT('',(149.968177984382,185.298234427269,-176.450797259657));
#11422=CARTESIAN_POINT('Origin',(150.385165879261,185.298234427269,-175.217857412981));
#11423=CARTESIAN_POINT('',(149.968177984382,185.298234427269,-176.450797259657));
#11424=CARTESIAN_POINT('Origin',(150.591180891651,185.098234427269,-180.956586180643));
#11425=CARTESIAN_POINT('',(150.591180891651,185.298234427269,-180.312576719013));
#11426=CARTESIAN_POINT('Origin',(150.591180891651,185.298234427269,-180.956586180643));
#11427=CARTESIAN_POINT('',(150.591180891651,185.998234427269,-180.312576719013));
#11428=CARTESIAN_POINT('',(150.591180891651,185.098234427269,-180.312576719013));
#11429=CARTESIAN_POINT('Origin',(150.591180891651,185.998234427269,-180.956586180643));
#11430=CARTESIAN_POINT('Origin',(150.385165879264,185.098234427269,-186.695314948306));
#11431=CARTESIAN_POINT('',(149.968177984384,185.098234427269,-185.46237510163));
#11432=CARTESIAN_POINT('',(150.385165879263,185.098234427269,-185.393769878015));
#11433=CARTESIAN_POINT('Origin',(150.385165879264,185.098234427269,-186.695314948306));
#11434=CARTESIAN_POINT('',(149.968177984384,185.298234427269,-185.46237510163));
#11435=CARTESIAN_POINT('',(149.968177984384,185.298234427269,-185.46237510163));
#11436=CARTESIAN_POINT('',(149.468177984384,185.298234427269,-185.771652255197));
#11437=CARTESIAN_POINT('Origin',(150.385165879264,185.298234427269,-186.695314948306));
#11438=CARTESIAN_POINT('',(149.468177984384,185.098234427269,-185.771652255197));
#11439=CARTESIAN_POINT('',(149.468177984384,185.298234427269,-185.771652255197));
#11440=CARTESIAN_POINT('',(149.313578562324,185.098234427269,-185.956586180644));
#11441=CARTESIAN_POINT('Origin',(150.385165879264,185.098234427269,-186.695314948306));
#11442=CARTESIAN_POINT('',(149.313578562324,185.298234427269,-185.956586180644));
#11443=CARTESIAN_POINT('',(149.313578562324,185.298234427269,-185.956586180644));
#11444=CARTESIAN_POINT('',(149.105701872154,185.298234427269,-186.456586180644));
#11445=CARTESIAN_POINT('Origin',(150.385165879264,185.298234427269,-186.695314948306));
#11446=CARTESIAN_POINT('',(149.105701872154,185.098234427269,-186.456586180644));
#11447=CARTESIAN_POINT('',(149.105701872154,185.298234427269,-186.456586180644));
#11448=CARTESIAN_POINT('Origin',(150.385165879264,185.098234427269,-186.695314948306));
#11449=CARTESIAN_POINT('',(150.385165879263,185.998234427269,-185.393769878015));
#11450=CARTESIAN_POINT('',(150.385165879263,185.098234427269,-185.393769878015));
#11451=CARTESIAN_POINT('Origin',(150.385165879264,185.998234427269,-186.695314948306));
#11452=CARTESIAN_POINT('Origin',(148.468177984383,185.098234427269,-180.956586180644));
#11453=CARTESIAN_POINT('',(149.968177984383,185.098234427269,-179.536820203727));
#11454=CARTESIAN_POINT('',(149.968177984382,185.098234427269,-176.450797259657));
#11455=CARTESIAN_POINT('',(152.168177984383,185.098234427269,-179.536820203727));
#11456=CARTESIAN_POINT('',(152.168177984383,185.098234427269,-179.536820203727));
#11457=CARTESIAN_POINT('',(152.168177984381,185.098234427269,-171.956586180643));
#11458=CARTESIAN_POINT('',(152.168177984383,185.098234427269,-179.536820203727));
#11459=CARTESIAN_POINT('',(151.168177984381,185.09823442727,-170.956586180643));
#11460=CARTESIAN_POINT('',(151.168177984381,185.09823442727,-170.956586180643));
#11461=CARTESIAN_POINT('',(144.868177984381,185.09823442727,-170.956586180645));
#11462=CARTESIAN_POINT('',(144.868177984381,185.09823442727,-170.956586180645));
#11463=CARTESIAN_POINT('',(144.468177984381,185.09823442727,-171.356586180645));
#11464=CARTESIAN_POINT('',(144.468177984381,185.09823442727,-171.356586180645));
#11465=CARTESIAN_POINT('',(144.468177984382,185.098234427269,-175.456586180645));
#11466=CARTESIAN_POINT('',(144.468177984382,185.098234427269,-175.456586180645));
#11467=CARTESIAN_POINT('',(149.105701872152,185.098234427269,-175.456586180644));
#11468=CARTESIAN_POINT('Origin',(144.468177984383,185.098234427269,-180.956586180645));
#11469=CARTESIAN_POINT('',(144.468177984382,185.298234427269,-175.456586180645));
#11470=CARTESIAN_POINT('',(144.468177984382,185.298234427269,-175.456586180645));
#11471=CARTESIAN_POINT('',(144.468177984381,185.998234427269,-171.356586180645));
#11472=CARTESIAN_POINT('',(144.468177984381,185.998234427269,-171.356586180645));
#11473=CARTESIAN_POINT('',(144.468177984382,185.998234427269,-176.056586180645));
#11474=CARTESIAN_POINT('',(144.468177984382,185.998234427269,-176.056586180645));
#11475=CARTESIAN_POINT('',(144.468177984382,185.098234427269,-176.056586180645));
#11476=CARTESIAN_POINT('',(144.468177984382,185.098234427269,-176.056586180645));
#11477=CARTESIAN_POINT('',(144.468177984382,185.098234427269,-175.956586180645));
#11478=CARTESIAN_POINT('',(144.468177984382,185.098234427269,-176.056586180645));
#11479=CARTESIAN_POINT('',(144.468177984382,185.298234427269,-175.956586180645));
#11480=CARTESIAN_POINT('',(144.468177984382,185.298234427269,-175.956586180645));
#11481=CARTESIAN_POINT('',(144.468177984382,185.298234427269,-175.956586180645));
#11482=CARTESIAN_POINT('Origin',(148.468177984383,185.098234427269,-180.956586180644));
#11483=CARTESIAN_POINT('',(147.668177984382,185.098234427269,-175.956586180644));
#11484=CARTESIAN_POINT('',(149.313578562322,185.098234427269,-175.956586180644));
#11485=CARTESIAN_POINT('',(147.668177984382,185.098234427269,-176.356586180644));
#11486=CARTESIAN_POINT('',(147.668177984382,185.098234427269,-176.356586180644));
#11487=CARTESIAN_POINT('',(146.670684265829,185.098234427269,-176.406586180644));
#11488=CARTESIAN_POINT('Origin',(147.168177984382,185.098234427269,-176.356586180644));
#11489=CARTESIAN_POINT('',(146.670684265829,185.098234427269,-175.956586180644));
#11490=CARTESIAN_POINT('',(146.670684265829,185.098234427269,-176.406586180644));
#11491=CARTESIAN_POINT('',(146.670684265829,185.098234427269,-175.956586180644));
#11492=CARTESIAN_POINT('',(144.868177984382,185.098234427269,-176.456586180645));
#11493=CARTESIAN_POINT('',(144.868177984382,185.098234427269,-176.456586180645));
#11494=CARTESIAN_POINT('',(146.173190547275,185.098234427269,-176.456586180644));
#11495=CARTESIAN_POINT('',(144.868177984382,185.098234427269,-176.456586180645));
#11496=CARTESIAN_POINT('',(146.918177984382,185.098234427269,-177.324832017196));
#11497=CARTESIAN_POINT('Origin',(147.168177984382,185.098234427269,-176.356586180644));
#11498=CARTESIAN_POINT('',(146.918177984382,185.098234427269,-177.824832017196));
#11499=CARTESIAN_POINT('',(146.918177984382,185.098234427269,-177.324832017196));
#11500=CARTESIAN_POINT('',(147.418177984382,185.098234427269,-177.824832017196));
#11501=CARTESIAN_POINT('',(146.918177984382,185.098234427269,-177.824832017196));
#11502=CARTESIAN_POINT('',(147.418177984382,185.098234427269,-177.324832017196));
#11503=CARTESIAN_POINT('',(147.418177984382,185.098234427269,-177.324832017196));
#11504=CARTESIAN_POINT('',(148.163165421489,185.098234427269,-176.456586180644));
#11505=CARTESIAN_POINT('Origin',(147.168177984382,185.098234427269,-176.356586180644));
#11506=CARTESIAN_POINT('',(148.968177984382,185.098234427269,-176.456586180644));
#11507=CARTESIAN_POINT('',(148.163165421489,185.098234427269,-176.456586180644));
#11508=CARTESIAN_POINT('',(148.968177984384,185.098234427269,-185.456586180644));
#11509=CARTESIAN_POINT('',(148.968177984384,185.098234427269,-185.456586180644));
#11510=CARTESIAN_POINT('',(148.163165421491,185.098234427269,-185.456586180644));
#11511=CARTESIAN_POINT('',(148.163165421491,185.098234427269,-185.456586180644));
#11512=CARTESIAN_POINT('',(147.418177984384,185.098234427269,-184.588340344092));
#11513=CARTESIAN_POINT('Origin',(147.168177984384,185.098234427269,-185.556586180644));
#11514=CARTESIAN_POINT('',(147.418177984384,185.098234427269,-184.088340344092));
#11515=CARTESIAN_POINT('',(147.418177984384,185.098234427269,-184.588340344092));
#11516=CARTESIAN_POINT('',(146.918177984384,185.098234427269,-184.088340344092));
#11517=CARTESIAN_POINT('',(146.918177984384,185.098234427269,-184.088340344092));
#11518=CARTESIAN_POINT('',(146.918177984384,185.098234427269,-184.588340344092));
#11519=CARTESIAN_POINT('',(146.918177984384,185.098234427269,-184.588340344092));
#11520=CARTESIAN_POINT('',(146.173190547277,185.098234427269,-185.456586180644));
#11521=CARTESIAN_POINT('Origin',(147.168177984384,185.098234427269,-185.556586180644));
#11522=CARTESIAN_POINT('',(144.868177984384,185.098234427269,-185.456586180645));
#11523=CARTESIAN_POINT('',(144.868177984384,185.098234427269,-185.456586180645));
#11524=CARTESIAN_POINT('',(144.468177984384,185.098234427269,-185.856586180645));
#11525=CARTESIAN_POINT('',(144.468177984384,185.098234427269,-185.856586180645));
#11526=CARTESIAN_POINT('',(144.468177984384,185.098234427269,-185.956586180645));
#11527=CARTESIAN_POINT('',(144.468177984384,185.098234427269,-185.956586180645));
#11528=CARTESIAN_POINT('',(146.670684265831,185.098234427269,-185.956586180644));
#11529=CARTESIAN_POINT('',(146.670684265831,185.098234427269,-185.956586180644));
#11530=CARTESIAN_POINT('',(146.670684265831,185.098234427269,-185.506586180644));
#11531=CARTESIAN_POINT('',(147.668177984384,185.098234427269,-185.956586180644));
#11532=CARTESIAN_POINT('',(147.668177984384,185.098234427269,-185.556586180644));
#11533=CARTESIAN_POINT('',(149.313578562324,185.098234427269,-185.956586180644));
#11534=CARTESIAN_POINT('',(149.468177984382,185.098234427269,-176.141520106091));
#11535=CARTESIAN_POINT('Origin',(144.468177984383,185.098234427269,-180.956586180645));
#11536=CARTESIAN_POINT('',(144.468177984384,185.298234427269,-185.956586180645));
#11537=CARTESIAN_POINT('',(144.468177984384,185.298234427269,-185.956586180645));
#11538=CARTESIAN_POINT('',(144.468177984384,185.998234427269,-185.856586180645));
#11539=CARTESIAN_POINT('',(144.468177984384,185.998234427269,-185.856586180645));
#11540=CARTESIAN_POINT('',(144.468177984385,185.998234427268,-190.556586180645));
#11541=CARTESIAN_POINT('',(144.468177984385,185.998234427268,-190.556586180645));
#11542=CARTESIAN_POINT('',(144.468177984385,185.098234427268,-190.556586180645));
#11543=CARTESIAN_POINT('',(144.468177984385,185.098234427268,-190.556586180645));
#11544=CARTESIAN_POINT('',(144.468177984384,185.098234427269,-186.456586180645));
#11545=CARTESIAN_POINT('',(144.468177984385,185.098234427268,-190.556586180645));
#11546=CARTESIAN_POINT('',(144.468177984384,185.298234427269,-186.456586180645));
#11547=CARTESIAN_POINT('',(144.468177984384,185.298234427269,-186.456586180645));
#11548=CARTESIAN_POINT('',(144.468177984384,185.298234427269,-186.456586180645));
#11549=CARTESIAN_POINT('Origin',(148.468177984383,185.098234427269,-180.956586180644));
#11550=CARTESIAN_POINT('',(149.105701872154,185.098234427269,-186.456586180644));
#11551=CARTESIAN_POINT('',(144.868177984385,185.098234427268,-190.956586180645));
#11552=CARTESIAN_POINT('',(144.868177984385,185.098234427268,-190.956586180645));
#11553=CARTESIAN_POINT('',(151.168177984385,185.098234427268,-190.956586180643));
#11554=CARTESIAN_POINT('',(144.868177984385,185.098234427268,-190.956586180645));
#11555=CARTESIAN_POINT('',(152.168177984385,185.098234427268,-189.956586180643));
#11556=CARTESIAN_POINT('',(152.168177984385,185.098234427268,-189.956586180643));
#11557=CARTESIAN_POINT('',(152.168177984383,185.098234427269,-182.376352157559));
#11558=CARTESIAN_POINT('',(152.168177984385,185.098234427268,-189.956586180643));
#11559=CARTESIAN_POINT('',(149.968177984383,185.098234427269,-182.37635215756));
#11560=CARTESIAN_POINT('',(152.168177984383,185.098234427269,-182.376352157559));
#11561=CARTESIAN_POINT('',(149.968177984383,185.098234427269,-182.37635215756));
#11562=CARTESIAN_POINT('Origin',(148.468177984382,185.098234427269,-176.456586180644));
#11563=CARTESIAN_POINT('',(148.163165421489,185.998234427269,-176.456586180644));
#11564=CARTESIAN_POINT('',(148.968177984382,185.998234427269,-176.456586180644));
#11565=CARTESIAN_POINT('',(148.163165421489,185.998234427269,-176.456586180644));
#11566=CARTESIAN_POINT('',(148.968177984382,185.098234427269,-176.456586180644));
#11567=CARTESIAN_POINT('',(148.163165421489,185.098234427269,-176.456586180644));
#11568=CARTESIAN_POINT('Origin',(147.168177984382,185.098234427269,-176.356586180644));
#11569=CARTESIAN_POINT('',(147.418177984382,185.998234427269,-177.324832017196));
#11570=CARTESIAN_POINT('Origin',(147.168177984382,185.998234427269,-176.356586180644));
#11571=CARTESIAN_POINT('',(147.418177984382,185.098234427269,-177.324832017196));
#11572=CARTESIAN_POINT('Origin',(147.418177984383,185.098234427269,-180.956586180644));
#11573=CARTESIAN_POINT('',(147.418177984382,185.998234427269,-177.824832017196));
#11574=CARTESIAN_POINT('',(147.418177984382,185.998234427269,-177.324832017196));
#11575=CARTESIAN_POINT('',(147.418177984382,185.098234427269,-177.824832017196));
#11576=CARTESIAN_POINT('Origin',(148.468177984382,185.098234427269,-177.824832017196));
#11577=CARTESIAN_POINT('',(146.918177984382,185.998234427269,-177.824832017196));
#11578=CARTESIAN_POINT('',(146.918177984382,185.998234427269,-177.824832017196));
#11579=CARTESIAN_POINT('',(146.918177984382,185.098234427269,-177.824832017196));
#11580=CARTESIAN_POINT('Origin',(146.918177984383,185.098234427269,-180.956586180644));
#11581=CARTESIAN_POINT('',(146.918177984382,185.998234427269,-177.324832017196));
#11582=CARTESIAN_POINT('',(146.918177984382,185.998234427269,-177.324832017196));
#11583=CARTESIAN_POINT('',(146.918177984382,185.098234427269,-177.324832017196));
#11584=CARTESIAN_POINT('Origin',(147.168177984382,185.098234427269,-176.356586180644));
#11585=CARTESIAN_POINT('',(146.173190547275,185.998234427269,-176.456586180644));
#11586=CARTESIAN_POINT('Origin',(147.168177984382,185.998234427269,-176.356586180644));
#11587=CARTESIAN_POINT('',(146.173190547275,185.098234427269,-176.456586180644));
#11588=CARTESIAN_POINT('Origin',(148.468177984382,185.098234427269,-176.456586180644));
#11589=CARTESIAN_POINT('',(144.868177984382,185.998234427269,-176.456586180645));
#11590=CARTESIAN_POINT('',(144.868177984382,185.998234427269,-176.456586180645));
#11591=CARTESIAN_POINT('',(144.868177984382,185.998234427269,-176.456586180645));
#11592=CARTESIAN_POINT('Origin',(148.468177984381,185.09823442727,-170.956586180644));
#11593=CARTESIAN_POINT('',(151.168177984381,185.99823442727,-170.956586180643));
#11594=CARTESIAN_POINT('',(151.168177984381,185.99823442727,-170.956586180643));
#11595=CARTESIAN_POINT('',(144.868177984381,185.99823442727,-170.956586180645));
#11596=CARTESIAN_POINT('',(144.868177984381,185.99823442727,-170.956586180645));
#11597=CARTESIAN_POINT('',(144.868177984381,185.09823442727,-170.956586180645));
#11598=CARTESIAN_POINT('Origin',(152.168177984383,185.098234427269,-180.956586180643));
#11599=CARTESIAN_POINT('',(152.168177984383,185.298234427269,-182.376352157559));
#11600=CARTESIAN_POINT('',(152.168177984383,185.298234427269,-182.376352157559));
#11601=CARTESIAN_POINT('',(152.168177984385,185.998234427268,-189.956586180643));
#11602=CARTESIAN_POINT('',(152.168177984385,185.998234427268,-189.956586180643));
#11603=CARTESIAN_POINT('',(152.168177984381,185.998234427269,-171.956586180643));
#11604=CARTESIAN_POINT('',(152.168177984385,185.998234427268,-189.956586180643));
#11605=CARTESIAN_POINT('',(152.168177984381,185.098234427269,-171.956586180643));
#11606=CARTESIAN_POINT('',(152.168177984383,185.298234427269,-179.536820203727));
#11607=CARTESIAN_POINT('',(152.168177984383,185.298234427269,-179.536820203727));
#11608=CARTESIAN_POINT('',(152.168177984383,185.298234427269,-179.536820203727));
#11609=CARTESIAN_POINT('Origin',(148.468177984385,185.098234427268,-190.956586180644));
#11610=CARTESIAN_POINT('',(144.868177984385,185.998234427268,-190.956586180645));
#11611=CARTESIAN_POINT('',(151.168177984385,185.998234427268,-190.956586180643));
#11612=CARTESIAN_POINT('',(144.868177984385,185.998234427268,-190.956586180645));
#11613=CARTESIAN_POINT('',(151.168177984385,185.098234427268,-190.956586180643));
#11614=CARTESIAN_POINT('',(144.868177984385,185.998234427268,-190.956586180645));
#11615=CARTESIAN_POINT('Origin',(148.468177984384,185.098234427269,-185.456586180644));
#11616=CARTESIAN_POINT('',(146.173190547277,185.998234427269,-185.456586180644));
#11617=CARTESIAN_POINT('',(146.173190547277,185.098234427269,-185.456586180644));
#11618=CARTESIAN_POINT('',(144.868177984384,185.998234427269,-185.456586180645));
#11619=CARTESIAN_POINT('',(144.868177984384,185.998234427269,-185.456586180645));
#11620=CARTESIAN_POINT('',(144.868177984384,185.098234427269,-185.456586180645));
#11621=CARTESIAN_POINT('Origin',(147.168177984384,185.098234427269,-185.556586180644));
#11622=CARTESIAN_POINT('',(146.918177984384,185.998234427269,-184.588340344092));
#11623=CARTESIAN_POINT('Origin',(147.168177984384,185.998234427269,-185.556586180644));
#11624=CARTESIAN_POINT('',(146.918177984384,185.098234427269,-184.588340344092));
#11625=CARTESIAN_POINT('Origin',(146.918177984383,185.098234427269,-180.956586180644));
#11626=CARTESIAN_POINT('',(146.918177984384,185.998234427269,-184.088340344092));
#11627=CARTESIAN_POINT('',(146.918177984384,185.998234427269,-184.588340344092));
#11628=CARTESIAN_POINT('',(146.918177984384,185.098234427269,-184.088340344092));
#11629=CARTESIAN_POINT('Origin',(148.468177984384,185.098234427269,-184.088340344092));
#11630=CARTESIAN_POINT('',(147.418177984384,185.998234427269,-184.088340344092));
#11631=CARTESIAN_POINT('',(146.918177984384,185.998234427269,-184.088340344092));
#11632=CARTESIAN_POINT('',(147.418177984384,185.098234427269,-184.088340344092));
#11633=CARTESIAN_POINT('Origin',(147.418177984383,185.098234427269,-180.956586180644));
#11634=CARTESIAN_POINT('',(147.418177984384,185.998234427269,-184.588340344092));
#11635=CARTESIAN_POINT('',(147.418177984384,185.998234427269,-184.588340344092));
#11636=CARTESIAN_POINT('',(147.418177984384,185.098234427269,-184.588340344092));
#11637=CARTESIAN_POINT('Origin',(147.168177984384,185.098234427269,-185.556586180644));
#11638=CARTESIAN_POINT('',(148.163165421491,185.998234427269,-185.456586180644));
#11639=CARTESIAN_POINT('Origin',(147.168177984384,185.998234427269,-185.556586180644));
#11640=CARTESIAN_POINT('',(148.163165421491,185.098234427269,-185.456586180644));
#11641=CARTESIAN_POINT('Origin',(148.468177984384,185.098234427269,-185.456586180644));
#11642=CARTESIAN_POINT('',(148.968177984384,185.998234427269,-185.456586180644));
#11643=CARTESIAN_POINT('',(148.163165421491,185.998234427269,-185.456586180644));
#11644=CARTESIAN_POINT('',(148.968177984384,185.098234427269,-185.456586180644));
#11645=CARTESIAN_POINT('Origin',(148.968177984383,185.098234427269,-180.956586180644));
#11646=CARTESIAN_POINT('',(148.968177984384,185.998234427269,-185.456586180644));
#11647=CARTESIAN_POINT('Origin',(148.468177984383,185.998234427269,-180.956586180644));
#11648=CARTESIAN_POINT('',(144.868177984381,185.99823442727,-170.956586180645));
#11649=CARTESIAN_POINT('',(152.168177984381,185.998234427269,-171.956586180643));
#11650=CARTESIAN_POINT('',(151.168177984385,185.998234427268,-190.956586180643));
#11651=CARTESIAN_POINT('',(144.468177984385,185.998234427268,-190.556586180645));
#11652=CARTESIAN_POINT('',(144.868177984384,185.998234427269,-185.456586180645));
#11653=CARTESIAN_POINT('',(144.468177984382,185.998234427269,-176.056586180645));
#11654=CARTESIAN_POINT('Origin',(152.168177984381,185.098234427269,-171.956586180643));
#11655=CARTESIAN_POINT('Origin',(151.168177984385,185.098234427268,-190.956586180643));
#11656=CARTESIAN_POINT('Origin',(144.468177984382,185.098234427269,-176.056586180645));
#11657=CARTESIAN_POINT('Origin',(144.868177984381,185.09823442727,-170.956586180645));
#11658=CARTESIAN_POINT('Origin',(144.868177984384,185.098234427269,-185.456586180645));
#11659=CARTESIAN_POINT('Origin',(144.468177984385,185.098234427268,-190.556586180645));
#11660=CARTESIAN_POINT('Origin',(148.468177984383,185.298234427269,-182.37635215756));
#11661=CARTESIAN_POINT('',(149.968177984383,185.298234427269,-182.37635215756));
#11662=CARTESIAN_POINT('',(152.168177984383,185.298234427269,-182.376352157559));
#11663=CARTESIAN_POINT('',(149.968177984383,185.298234427269,-182.37635215756));
#11664=CARTESIAN_POINT('Origin',(148.468177984383,185.298234427269,-179.536820203728));
#11665=CARTESIAN_POINT('',(149.968177984383,185.298234427269,-179.536820203727));
#11666=CARTESIAN_POINT('',(149.968177984383,185.298234427269,-179.536820203727));
#11667=CARTESIAN_POINT('',(152.168177984383,185.298234427269,-179.536820203727));
#11668=CARTESIAN_POINT('Origin',(149.968177984383,185.298234427269,-180.956586180644));
#11669=CARTESIAN_POINT('',(149.968177984382,185.298234427269,-176.450797259657));
#11670=CARTESIAN_POINT('Origin',(149.468177984383,185.298234427269,-180.956586180644));
#11671=CARTESIAN_POINT('',(149.468177984382,185.298234427269,-176.141520106091));
#11672=CARTESIAN_POINT('Origin',(149.968177984383,185.298234427269,-180.956586180644));
#11673=CARTESIAN_POINT('',(149.968177984383,185.298234427269,-182.37635215756));
#11674=CARTESIAN_POINT('Origin',(148.468177984383,185.298234427269,-180.956586180644));
#11675=CARTESIAN_POINT('Origin',(146.67068426583,185.298234427269,-180.956586180644));
#11676=CARTESIAN_POINT('',(146.670684265831,185.298234427269,-185.956586180644));
#11677=CARTESIAN_POINT('',(146.670684265831,185.298234427269,-185.956586180644));
#11678=CARTESIAN_POINT('',(146.670684265831,185.298234427269,-185.506586180644));
#11679=CARTESIAN_POINT('Origin',(148.468177984384,185.298234427269,-185.956586180644));
#11680=CARTESIAN_POINT('',(146.670684265831,185.298234427269,-185.956586180644));
#11681=CARTESIAN_POINT('Origin',(148.468177984384,185.298234427269,-186.456586180644));
#11682=CARTESIAN_POINT('',(149.105701872154,185.298234427269,-186.456586180644));
#11683=CARTESIAN_POINT('Origin',(148.468177984384,185.298234427269,-185.956586180644));
#11684=CARTESIAN_POINT('',(147.668177984384,185.298234427269,-185.956586180644));
#11685=CARTESIAN_POINT('',(147.668177984384,185.298234427269,-185.956586180644));
#11686=CARTESIAN_POINT('',(149.313578562324,185.298234427269,-185.956586180644));
#11687=CARTESIAN_POINT('Origin',(147.668177984383,185.298234427269,-180.956586180644));
#11688=CARTESIAN_POINT('',(147.668177984384,185.298234427269,-185.556586180644));
#11689=CARTESIAN_POINT('Origin',(148.468177984383,185.298234427269,-180.956586180644));
#11690=CARTESIAN_POINT('Origin',(147.168177984382,185.298234427269,-176.356586180644));
#11691=CARTESIAN_POINT('',(147.668177984382,185.298234427269,-176.356586180644));
#11692=CARTESIAN_POINT('',(147.668177984382,185.298234427269,-176.356586180644));
#11693=CARTESIAN_POINT('',(146.670684265829,185.298234427269,-176.406586180644));
#11694=CARTESIAN_POINT('Origin',(147.168177984382,185.298234427269,-176.356586180644));
#11695=CARTESIAN_POINT('',(146.670684265829,185.298234427269,-176.406586180644));
#11696=CARTESIAN_POINT('Origin',(147.668177984383,185.298234427269,-180.956586180644));
#11697=CARTESIAN_POINT('',(147.668177984382,185.298234427269,-175.956586180644));
#11698=CARTESIAN_POINT('',(147.668177984382,185.298234427269,-175.956586180644));
#11699=CARTESIAN_POINT('',(147.668177984382,185.298234427269,-176.356586180644));
#11700=CARTESIAN_POINT('Origin',(148.468177984382,185.298234427269,-175.956586180644));
#11701=CARTESIAN_POINT('',(149.313578562322,185.298234427269,-175.956586180644));
#11702=CARTESIAN_POINT('Origin',(148.468177984382,185.298234427269,-175.456586180644));
#11703=CARTESIAN_POINT('',(149.105701872152,185.298234427269,-175.456586180644));
#11704=CARTESIAN_POINT('Origin',(148.468177984382,185.298234427269,-175.956586180644));
#11705=CARTESIAN_POINT('',(146.670684265829,185.298234427269,-175.956586180644));
#11706=CARTESIAN_POINT('',(146.670684265829,185.298234427269,-175.956586180644));
#11707=CARTESIAN_POINT('',(146.670684265829,185.298234427269,-175.956586180644));
#11708=CARTESIAN_POINT('Origin',(146.67068426583,185.298234427269,-180.956586180644));
#11709=CARTESIAN_POINT('',(146.670684265829,185.298234427269,-176.406586180644));
#11710=CARTESIAN_POINT('Origin',(148.468177984383,185.298234427269,-180.956586180644));
#11711=CARTESIAN_POINT('Origin',(150.385165879264,185.998234427269,-186.695314948306));
#11712=CARTESIAN_POINT('',(150.385165879264,185.998234427269,-187.996860018597));
#11713=CARTESIAN_POINT('Origin',(150.385165879264,185.998234427269,-186.695314948306));
#11714=CARTESIAN_POINT('',(150.385165879264,184.872395847007,-187.348390029129));
#11715=CARTESIAN_POINT('Origin',(150.385165879264,185.998234427269,-186.695314948306));
#11716=CARTESIAN_POINT('',(150.159100422416,184.894198752957,-187.346482522027));
#11717=CARTESIAN_POINT('Origin',(150.385165879264,186.046385067211,-187.24567928126));
#11718=CARTESIAN_POINT('',(150.144868844314,184.731531070903,-186.873470812546));
#11719=CARTESIAN_POINT('Origin',(150.256674535006,186.009475963252,-186.695314948306));
#11720=CARTESIAN_POINT('',(149.674125827884,184.920130033179,-186.856970541394));
#11721=CARTESIAN_POINT('Origin',(150.385165879264,186.004080612727,-186.762137153861));
#11722=CARTESIAN_POINT('',(149.674237142022,184.921402359603,-186.524925398718));
#11723=CARTESIAN_POINT('Origin',(149.773132407607,186.051780417737,-186.695314948306));
#11724=CARTESIAN_POINT('',(150.144977240863,184.732770049129,-186.508422209977));
#11725=CARTESIAN_POINT('Origin',(150.385165879264,186.00484859529,-186.61971466188));
#11726=CARTESIAN_POINT('',(150.159530710374,184.899116966826,-186.035732391905));
#11727=CARTESIAN_POINT('Origin',(150.256674535006,186.009475963252,-186.695314948306));
#11728=CARTESIAN_POINT('',(150.496807461241,184.882617870715,-186.034288908037));
#11729=CARTESIAN_POINT('Origin',(150.385165879264,186.047153049775,-186.136172534482));
#11730=CARTESIAN_POINT('',(150.511333985623,184.716578937246,-186.507005671237));
#11731=CARTESIAN_POINT('Origin',(150.399097026987,185.999453244764,-186.695314948306));
#11732=CARTESIAN_POINT('',(150.986265482367,184.857303350477,-186.519317462076));
#11733=CARTESIAN_POINT('Origin',(150.385165879264,186.00484859529,-186.61971466188));
#11734=CARTESIAN_POINT('',(150.986375324419,184.856047850073,-186.86257700595));
#11735=CARTESIAN_POINT('Origin',(150.882639154385,186.041757699249,-186.695314948306));
#11736=CARTESIAN_POINT('',(150.511442694484,184.715336389286,-186.874887663597));
#11737=CARTESIAN_POINT('Origin',(150.385165879264,186.004080612727,-186.762137153861));
#11738=CARTESIAN_POINT('',(150.497236279364,184.877716457136,-187.34792453606));
#11739=CARTESIAN_POINT('Origin',(150.399097026987,185.999453244764,-186.695314948306));
#11740=CARTESIAN_POINT('Origin',(150.385165879264,186.046385067211,-187.24567928126));
#11741=CARTESIAN_POINT('Origin',(152.302153774142,185.998234427269,-180.956586180643));
#11742=CARTESIAN_POINT('Origin',(148.468177984384,185.798234427269,-187.267389649102));
#11743=CARTESIAN_POINT('',(150.416701392406,185.798234427269,-187.267389649101));
#11744=CARTESIAN_POINT('',(150.497236279364,184.877716457136,-187.34792453606));
#11745=CARTESIAN_POINT('',(150.238193295341,185.798234427269,-187.267389649101));
#11746=CARTESIAN_POINT('',(150.238193295341,185.798234427269,-187.267389649101));
#11747=CARTESIAN_POINT('',(150.159100422416,184.894198752957,-187.346482522027));
#11748=CARTESIAN_POINT('Origin',(150.23819329534,185.798234427269,-180.956586180644));
#11749=CARTESIAN_POINT('',(150.238193295341,185.798234427269,-186.780146361519));
#11750=CARTESIAN_POINT('',(150.238193295341,185.798234427269,-186.780146361519));
#11751=CARTESIAN_POINT('',(150.144868844314,184.731531070903,-186.873470812546));
#11752=CARTESIAN_POINT('Origin',(148.468177984384,185.798234427269,-186.780146361519));
#11753=CARTESIAN_POINT('',(149.750950007759,185.798234427269,-186.780146361519));
#11754=CARTESIAN_POINT('',(149.750950007759,185.798234427269,-186.780146361519));
#11755=CARTESIAN_POINT('',(149.674125827884,184.920130033179,-186.856970541394));
#11756=CARTESIAN_POINT('Origin',(149.750950007757,185.798234427269,-180.956586180644));
#11757=CARTESIAN_POINT('',(149.750950007759,185.798234427269,-186.601638264455));
#11758=CARTESIAN_POINT('',(149.750950007759,185.798234427269,-186.601638264455));
#11759=CARTESIAN_POINT('',(149.674237142022,184.921402359603,-186.524925398718));
#11760=CARTESIAN_POINT('Origin',(148.468177984384,185.798234427269,-186.601638264455));
#11761=CARTESIAN_POINT('',(150.238193295341,185.798234427269,-186.601638264455));
#11762=CARTESIAN_POINT('',(150.238193295341,185.798234427269,-186.601638264455));
#11763=CARTESIAN_POINT('',(150.144977240863,184.732770049129,-186.508422209977));
#11764=CARTESIAN_POINT('Origin',(150.23819329534,185.798234427269,-180.956586180644));
#11765=CARTESIAN_POINT('',(150.238193295341,185.798234427269,-186.114394976872));
#11766=CARTESIAN_POINT('',(150.238193295341,185.798234427269,-186.114394976872));
#11767=CARTESIAN_POINT('',(150.159530710374,184.899116966826,-186.035732391905));
#11768=CARTESIAN_POINT('Origin',(148.468177984384,185.798234427269,-186.114394976872));
#11769=CARTESIAN_POINT('',(150.416701392406,185.798234427269,-186.114394976872));
#11770=CARTESIAN_POINT('',(150.416701392406,185.798234427269,-186.114394976872));
#11771=CARTESIAN_POINT('',(150.496807461241,184.882617870715,-186.034288908037));
#11772=CARTESIAN_POINT('Origin',(150.416701392404,185.798234427269,-180.956586180643));
#11773=CARTESIAN_POINT('',(150.416701392406,185.798234427269,-186.601638264455));
#11774=CARTESIAN_POINT('',(150.416701392406,185.798234427269,-186.601638264455));
#11775=CARTESIAN_POINT('',(150.511333985623,184.716578937246,-186.507005671237));
#11776=CARTESIAN_POINT('Origin',(148.468177984384,185.798234427269,-186.601638264455));
#11777=CARTESIAN_POINT('',(150.903944679988,185.798234427269,-186.601638264454));
#11778=CARTESIAN_POINT('',(150.903944679988,185.798234427269,-186.601638264454));
#11779=CARTESIAN_POINT('',(150.986265482367,184.857303350477,-186.519317462076));
#11780=CARTESIAN_POINT('Origin',(150.903944679987,185.798234427269,-180.956586180643));
#11781=CARTESIAN_POINT('',(150.903944679988,185.798234427269,-186.780146361519));
#11782=CARTESIAN_POINT('',(150.903944679988,185.798234427269,-186.780146361519));
#11783=CARTESIAN_POINT('',(150.986375324419,184.856047850073,-186.86257700595));
#11784=CARTESIAN_POINT('Origin',(148.468177984384,185.798234427269,-186.780146361519));
#11785=CARTESIAN_POINT('',(150.416701392406,185.798234427269,-186.780146361519));
#11786=CARTESIAN_POINT('',(150.416701392406,185.798234427269,-186.780146361519));
#11787=CARTESIAN_POINT('',(150.511442694484,184.715336389286,-186.874887663597));
#11788=CARTESIAN_POINT('Origin',(150.416701392404,185.798234427269,-180.956586180643));
#11789=CARTESIAN_POINT('',(150.416701392406,185.798234427269,-187.267389649101));
#11790=CARTESIAN_POINT('Origin',(148.468177984383,185.798234427269,-180.956586180644));
#11791=CARTESIAN_POINT('Origin',(150.385165879261,185.998234427269,-175.217857412981));
#11792=CARTESIAN_POINT('',(150.385165879262,185.998234427269,-176.519402483272));
#11793=CARTESIAN_POINT('Origin',(150.385165879261,185.998234427269,-175.217857412981));
#11794=CARTESIAN_POINT('',(150.385165879261,184.877319151649,-175.879347031099));
#11795=CARTESIAN_POINT('Origin',(150.385165879261,185.998234427269,-175.217857412981));
#11796=CARTESIAN_POINT('',(150.159530710372,184.899116966827,-175.877439969382));
#11797=CARTESIAN_POINT('Origin',(150.385165879261,186.047153049775,-175.776999826805));
#11798=CARTESIAN_POINT('',(150.144977240861,184.732770049129,-175.40475015131));
#11799=CARTESIAN_POINT('Origin',(150.256674535003,186.009475963253,-175.217857412981));
#11800=CARTESIAN_POINT('',(149.67423714202,184.921402359604,-175.388246962569));
#11801=CARTESIAN_POINT('Origin',(150.385165879261,186.004848595291,-175.293457699407));
#11802=CARTESIAN_POINT('',(149.674125827881,184.92013003318,-175.056201819893));
#11803=CARTESIAN_POINT('Origin',(149.773132407605,186.051780417738,-175.217857412981));
#11804=CARTESIAN_POINT('',(150.144868844312,184.731531070903,-175.039701548741));
#11805=CARTESIAN_POINT('Origin',(150.385165879261,186.004080612727,-175.151035207426));
#11806=CARTESIAN_POINT('',(150.159100422413,184.894198752958,-174.56668983926));
#11807=CARTESIAN_POINT('Origin',(150.256674535003,186.009475963253,-175.217857412981));
#11808=CARTESIAN_POINT('',(150.497236279362,184.877716457136,-174.565247825227));
#11809=CARTESIAN_POINT('Origin',(150.385165879261,186.046385067212,-174.667493080027));
#11810=CARTESIAN_POINT('',(150.511442694481,184.715336389287,-175.03828469769));
#11811=CARTESIAN_POINT('Origin',(150.399097026984,185.999453244765,-175.217857412981));
#11812=CARTESIAN_POINT('',(150.986375324417,184.856047850073,-175.050595355337));
#11813=CARTESIAN_POINT('Origin',(150.385165879261,186.004080612727,-175.151035207426));
#11814=CARTESIAN_POINT('',(150.986265482364,184.857303350478,-175.393854899211));
#11815=CARTESIAN_POINT('Origin',(150.882639154383,186.04175769925,-175.217857412981));
#11816=CARTESIAN_POINT('',(150.511333985621,184.716578937247,-175.40616669005));
#11817=CARTESIAN_POINT('Origin',(150.385165879261,186.004848595291,-175.293457699407));
#11818=CARTESIAN_POINT('',(150.496807461238,184.882617870715,-175.87888345325));
#11819=CARTESIAN_POINT('Origin',(150.399097026984,185.999453244765,-175.217857412981));
#11820=CARTESIAN_POINT('Origin',(150.385165879261,186.047153049775,-175.776999826805));
#11821=CARTESIAN_POINT('Origin',(152.302153774142,185.998234427269,-180.956586180643));
#11822=CARTESIAN_POINT('Origin',(148.468177984382,185.798234427269,-174.645782712186));
#11823=CARTESIAN_POINT('',(150.238193295339,185.798234427269,-174.645782712186));
#11824=CARTESIAN_POINT('',(150.159100422413,184.894198752958,-174.56668983926));
#11825=CARTESIAN_POINT('',(150.416701392403,185.798234427269,-174.645782712186));
#11826=CARTESIAN_POINT('',(150.238193295339,185.798234427269,-174.645782712186));
#11827=CARTESIAN_POINT('',(150.497236279362,184.877716457136,-174.565247825227));
#11828=CARTESIAN_POINT('Origin',(150.416701392404,185.798234427269,-180.956586180643));
#11829=CARTESIAN_POINT('',(150.416701392403,185.798234427269,-175.133025999768));
#11830=CARTESIAN_POINT('',(150.416701392403,185.798234427269,-174.645782712186));
#11831=CARTESIAN_POINT('',(150.511442694481,184.715336389287,-175.03828469769));
#11832=CARTESIAN_POINT('Origin',(148.468177984382,185.798234427269,-175.133025999768));
#11833=CARTESIAN_POINT('',(150.903944679986,185.798234427269,-175.133025999768));
#11834=CARTESIAN_POINT('',(150.416701392403,185.798234427269,-175.133025999768));
#11835=CARTESIAN_POINT('',(150.986375324417,184.856047850073,-175.050595355337));
#11836=CARTESIAN_POINT('Origin',(150.903944679987,185.798234427269,-180.956586180643));
#11837=CARTESIAN_POINT('',(150.903944679986,185.798234427269,-175.311534096832));
#11838=CARTESIAN_POINT('',(150.903944679986,185.798234427269,-175.133025999768));
#11839=CARTESIAN_POINT('',(150.986265482364,184.857303350478,-175.393854899211));
#11840=CARTESIAN_POINT('Origin',(148.468177984382,185.798234427269,-175.311534096833));
#11841=CARTESIAN_POINT('',(150.416701392403,185.798234427269,-175.311534096832));
#11842=CARTESIAN_POINT('',(150.903944679986,185.798234427269,-175.311534096832));
#11843=CARTESIAN_POINT('',(150.511333985621,184.716578937247,-175.40616669005));
#11844=CARTESIAN_POINT('Origin',(150.416701392404,185.798234427269,-180.956586180643));
#11845=CARTESIAN_POINT('',(150.416701392403,185.798234427269,-175.798777384415));
#11846=CARTESIAN_POINT('',(150.416701392403,185.798234427269,-175.311534096832));
#11847=CARTESIAN_POINT('',(150.496807461238,184.882617870715,-175.87888345325));
#11848=CARTESIAN_POINT('Origin',(148.468177984382,185.798234427269,-175.798777384415));
#11849=CARTESIAN_POINT('',(150.238193295339,185.798234427269,-175.798777384415));
#11850=CARTESIAN_POINT('',(150.416701392403,185.798234427269,-175.798777384415));
#11851=CARTESIAN_POINT('',(150.159530710372,184.899116966827,-175.877439969382));
#11852=CARTESIAN_POINT('Origin',(150.23819329534,185.798234427269,-180.956586180644));
#11853=CARTESIAN_POINT('',(150.238193295339,185.798234427269,-175.311534096832));
#11854=CARTESIAN_POINT('',(150.238193295339,185.798234427269,-175.798777384415));
#11855=CARTESIAN_POINT('',(150.144977240861,184.732770049129,-175.40475015131));
#11856=CARTESIAN_POINT('Origin',(148.468177984382,185.798234427269,-175.311534096833));
#11857=CARTESIAN_POINT('',(149.750950007756,185.798234427269,-175.311534096833));
#11858=CARTESIAN_POINT('',(150.238193295339,185.798234427269,-175.311534096832));
#11859=CARTESIAN_POINT('',(149.67423714202,184.921402359604,-175.388246962569));
#11860=CARTESIAN_POINT('Origin',(149.750950007757,185.798234427269,-180.956586180644));
#11861=CARTESIAN_POINT('',(149.750950007756,185.798234427269,-175.133025999768));
#11862=CARTESIAN_POINT('',(149.750950007756,185.798234427269,-175.311534096833));
#11863=CARTESIAN_POINT('',(149.674125827881,184.92013003318,-175.056201819893));
#11864=CARTESIAN_POINT('Origin',(148.468177984382,185.798234427269,-175.133025999768));
#11865=CARTESIAN_POINT('',(150.238193295339,185.798234427269,-175.133025999768));
#11866=CARTESIAN_POINT('',(149.750950007756,185.798234427269,-175.133025999768));
#11867=CARTESIAN_POINT('',(150.144868844312,184.731531070903,-175.039701548741));
#11868=CARTESIAN_POINT('Origin',(150.23819329534,185.798234427269,-180.956586180644));
#11869=CARTESIAN_POINT('',(150.238193295339,185.798234427269,-175.133025999768));
#11870=CARTESIAN_POINT('Origin',(148.468177984383,185.798234427269,-180.956586180644));
#11871=CARTESIAN_POINT('',(0.,6.,0.));
#11872=CARTESIAN_POINT('',(194.999998996477,-156.,18.9999999999945));
#11873=CARTESIAN_POINT('',(202.499998996485,-161.499999999998,47.9999999999904));
#11874=CARTESIAN_POINT('',(187.499998996486,-161.499999999997,47.9999999999964));
#11875=CARTESIAN_POINT('',(202.499998996479,-161.499999999999,31.9999999999907));
#11876=CARTESIAN_POINT('',(187.499998996479,-161.499999999998,31.9999999999967));
#11877=CARTESIAN_POINT('',(375.956586180644,-327.468177984385,-165.948234427269));
#11878=UNCERTAINTY_MEASURE_WITH_UNIT(LENGTH_MEASURE(0.01),#11896,
'DISTANCE_ACCURACY_VALUE',
'Maximum model space distance between geometric entities at asserted c
onnectivities');
#11879=UNCERTAINTY_MEASURE_WITH_UNIT(LENGTH_MEASURE(0.01),#11896,
'DISTANCE_ACCURACY_VALUE',
'Maximum model space distance between geometric entities at asserted c
onnectivities');
#11880=UNCERTAINTY_MEASURE_WITH_UNIT(LENGTH_MEASURE(0.01),#11896,
'DISTANCE_ACCURACY_VALUE',
'Maximum model space distance between geometric entities at asserted c
onnectivities');
#11881=UNCERTAINTY_MEASURE_WITH_UNIT(LENGTH_MEASURE(0.01),#11896,
'DISTANCE_ACCURACY_VALUE',
'Maximum model space distance between geometric entities at asserted c
onnectivities');
#11882=UNCERTAINTY_MEASURE_WITH_UNIT(LENGTH_MEASURE(0.01),#11896,
'DISTANCE_ACCURACY_VALUE',
'Maximum model space distance between geometric entities at asserted c
onnectivities');
#11883=UNCERTAINTY_MEASURE_WITH_UNIT(LENGTH_MEASURE(0.01),#11896,
'DISTANCE_ACCURACY_VALUE',
'Maximum model space distance between geometric entities at asserted c
onnectivities');
#11884=UNCERTAINTY_MEASURE_WITH_UNIT(LENGTH_MEASURE(0.01),#11896,
'DISTANCE_ACCURACY_VALUE',
'Maximum model space distance between geometric entities at asserted c
onnectivities');
#11885=UNCERTAINTY_MEASURE_WITH_UNIT(LENGTH_MEASURE(0.01),#11896,
'DISTANCE_ACCURACY_VALUE',
'Maximum model space distance between geometric entities at asserted c
onnectivities');
#11886=UNCERTAINTY_MEASURE_WITH_UNIT(LENGTH_MEASURE(0.01),#11896,
'DISTANCE_ACCURACY_VALUE',
'Maximum model space distance between geometric entities at asserted c
onnectivities');
#11887=(
GEOMETRIC_REPRESENTATION_CONTEXT(3)
GLOBAL_UNCERTAINTY_ASSIGNED_CONTEXT((#11878))
GLOBAL_UNIT_ASSIGNED_CONTEXT((#11896,#11898,#11899))
REPRESENTATION_CONTEXT('','3D')
);
#11888=(
GEOMETRIC_REPRESENTATION_CONTEXT(3)
GLOBAL_UNCERTAINTY_ASSIGNED_CONTEXT((#11879))
GLOBAL_UNIT_ASSIGNED_CONTEXT((#11896,#11898,#11899))
REPRESENTATION_CONTEXT('','3D')
);
#11889=(
GEOMETRIC_REPRESENTATION_CONTEXT(3)
GLOBAL_UNCERTAINTY_ASSIGNED_CONTEXT((#11880))
GLOBAL_UNIT_ASSIGNED_CONTEXT((#11896,#11898,#11899))
REPRESENTATION_CONTEXT('','3D')
);
#11890=(
GEOMETRIC_REPRESENTATION_CONTEXT(3)
GLOBAL_UNCERTAINTY_ASSIGNED_CONTEXT((#11881))
GLOBAL_UNIT_ASSIGNED_CONTEXT((#11896,#11898,#11899))
REPRESENTATION_CONTEXT('','3D')
);
#11891=(
GEOMETRIC_REPRESENTATION_CONTEXT(3)
GLOBAL_UNCERTAINTY_ASSIGNED_CONTEXT((#11882))
GLOBAL_UNIT_ASSIGNED_CONTEXT((#11896,#11898,#11899))
REPRESENTATION_CONTEXT('','3D')
);
#11892=(
GEOMETRIC_REPRESENTATION_CONTEXT(3)
GLOBAL_UNCERTAINTY_ASSIGNED_CONTEXT((#11883))
GLOBAL_UNIT_ASSIGNED_CONTEXT((#11896,#11898,#11899))
REPRESENTATION_CONTEXT('','3D')
);
#11893=(
GEOMETRIC_REPRESENTATION_CONTEXT(3)
GLOBAL_UNCERTAINTY_ASSIGNED_CONTEXT((#11884))
GLOBAL_UNIT_ASSIGNED_CONTEXT((#11896,#11898,#11899))
REPRESENTATION_CONTEXT('','3D')
);
#11894=(
GEOMETRIC_REPRESENTATION_CONTEXT(3)
GLOBAL_UNCERTAINTY_ASSIGNED_CONTEXT((#11885))
GLOBAL_UNIT_ASSIGNED_CONTEXT((#11896,#11898,#11899))
REPRESENTATION_CONTEXT('','3D')
);
#11895=(
GEOMETRIC_REPRESENTATION_CONTEXT(3)
GLOBAL_UNCERTAINTY_ASSIGNED_CONTEXT((#11886))
GLOBAL_UNIT_ASSIGNED_CONTEXT((#11896,#11898,#11899))
REPRESENTATION_CONTEXT('','3D')
);
#11896=(
LENGTH_UNIT()
NAMED_UNIT(*)
SI_UNIT(.MILLI.,.METRE.)
);
#11897=(
LENGTH_UNIT()
NAMED_UNIT(*)
SI_UNIT($,.METRE.)
);
#11898=(
NAMED_UNIT(*)
PLANE_ANGLE_UNIT()
SI_UNIT($,.RADIAN.)
);
#11899=(
NAMED_UNIT(*)
SI_UNIT($,.STERADIAN.)
SOLID_ANGLE_UNIT()
);
#11900=SHAPE_DEFINITION_REPRESENTATION(#11908,#11928);
#11901=SHAPE_DEFINITION_REPRESENTATION(#11909,#11929);
#11902=SHAPE_DEFINITION_REPRESENTATION(#11910,#11930);
#11903=SHAPE_DEFINITION_REPRESENTATION(#11911,#11931);
#11904=SHAPE_DEFINITION_REPRESENTATION(#11912,#11932);
#11905=SHAPE_DEFINITION_REPRESENTATION(#11918,#11933);
#11906=SHAPE_DEFINITION_REPRESENTATION(#11919,#11934);
#11907=SHAPE_DEFINITION_REPRESENTATION(#11920,#11935);
#11908=PRODUCT_DEFINITION_SHAPE('',$,#11937);
#11909=PRODUCT_DEFINITION_SHAPE('',$,#11938);
#11910=PRODUCT_DEFINITION_SHAPE('',$,#11939);
#11911=PRODUCT_DEFINITION_SHAPE('',$,#11940);
#11912=PRODUCT_DEFINITION_SHAPE('',$,#11941);
#11913=PRODUCT_DEFINITION_SHAPE($,$,#65);
#11914=PRODUCT_DEFINITION_SHAPE($,$,#66);
#11915=PRODUCT_DEFINITION_SHAPE($,$,#67);
#11916=PRODUCT_DEFINITION_SHAPE($,$,#68);
#11917=PRODUCT_DEFINITION_SHAPE($,$,#69);
#11918=PRODUCT_DEFINITION_SHAPE('',$,#11942);
#11919=PRODUCT_DEFINITION_SHAPE('',$,#11943);
#11920=PRODUCT_DEFINITION_SHAPE('',$,#11944);
#11921=PRODUCT_DEFINITION_SHAPE($,$,#70);
#11922=PRODUCT_DEFINITION_SHAPE($,$,#71);
#11923=PRODUCT_DEFINITION_SHAPE($,$,#72);
#11924=PRODUCT_DEFINITION_SHAPE($,$,#73);
#11925=PRODUCT_DEFINITION_SHAPE($,$,#74);
#11926=PRODUCT_DEFINITION_SHAPE($,$,#75);
#11927=PRODUCT_DEFINITION_SHAPE($,$,#76);
#11928=SHAPE_REPRESENTATION('',(#7085,#7735,#7736,#7737,#7738,#7739,#7740,
#7741),#11887);
#11929=SHAPE_REPRESENTATION('',(#7086,#7172,#7173,#7174,#7175,#7176),#11888);
#11930=SHAPE_REPRESENTATION('',(#7087),#11889);
#11931=SHAPE_REPRESENTATION('',(#7104),#11890);
#11932=SHAPE_REPRESENTATION('',(#7138),#11891);
#11933=SHAPE_REPRESENTATION('',(#7177),#11892);
#11934=SHAPE_REPRESENTATION('',(#7313),#11893);
#11935=SHAPE_REPRESENTATION('',(#7347),#11894);
#11936=PRODUCT_DEFINITION_CONTEXT('part definition',#11962,'design');
#11937=PRODUCT_DEFINITION('2026-09-20-15-46-53-668','_Z_joint',#11945,#11936);
#11938=PRODUCT_DEFINITION('2026-09-20-15-38-42-605','_Mount frame',#11946,
#11936);
#11939=PRODUCT_DEFINITION('2026-09-19-00-30-40-174',
'M5x4 spacer (8mm OD, no threads)',#11947,#11936);
#11940=PRODUCT_DEFINITION('2026-09-19-00-30-33-862','M5x10 LP SHCS',#11948,
#11936);
#11941=PRODUCT_DEFINITION('2026-09-19-00-30-41-151','M5x40 LP SHCS',#11949,
#11936);
#11942=PRODUCT_DEFINITION('2026-08-04-10-55-38-513','V29-ZSA',#11950,#11936);
#11943=PRODUCT_DEFINITION('2026-09-19-00-25-48-593','M3x16 LP SHCS',#11951,
#11936);
#11944=PRODUCT_DEFINITION('2026-09-19-00-23-28-785','_MGN9H',#11952,#11936);
#11945=PRODUCT_DEFINITION_FORMATION('',$,#11964);
#11946=PRODUCT_DEFINITION_FORMATION('',$,#11965);
#11947=PRODUCT_DEFINITION_FORMATION('',$,#11966);
#11948=PRODUCT_DEFINITION_FORMATION('',$,#11967);
#11949=PRODUCT_DEFINITION_FORMATION('',$,#11968);
#11950=PRODUCT_DEFINITION_FORMATION('',$,#11969);
#11951=PRODUCT_DEFINITION_FORMATION('',$,#11970);
#11952=PRODUCT_DEFINITION_FORMATION('',$,#11971);
#11953=PRODUCT_RELATED_PRODUCT_CATEGORY('_Z_joint','_Z_joint',(#11964));
#11954=PRODUCT_RELATED_PRODUCT_CATEGORY('_Mount frame','_Mount frame',(#11965));
#11955=PRODUCT_RELATED_PRODUCT_CATEGORY(
'M5x4 spacer (8mm OD, no threads)','M5x4 spacer (8mm OD, no threads)',(#11966));
#11956=PRODUCT_RELATED_PRODUCT_CATEGORY('M5x10 LP SHCS','M5x10 LP SHCS',
(#11967));
#11957=PRODUCT_RELATED_PRODUCT_CATEGORY('M5x40 LP SHCS','M5x40 LP SHCS',
(#11968));
#11958=PRODUCT_RELATED_PRODUCT_CATEGORY('V29-ZSA','V29-ZSA',(#11969));
#11959=PRODUCT_RELATED_PRODUCT_CATEGORY('M3x16 LP SHCS','M3x16 LP SHCS',
(#11970));
#11960=PRODUCT_RELATED_PRODUCT_CATEGORY('_MGN9H','_MGN9H',(#11971));
#11961=APPLICATION_PROTOCOL_DEFINITION('international standard',
'automotive_design',2009,#11962);
#11962=APPLICATION_CONTEXT(
'Core Data for Automotive Mechanical Design Process');
#11963=PRODUCT_CONTEXT('part definition',#11962,'mechanical');
#11964=PRODUCT('2026-09-20-15-46-53-668','_Z_joint',$,(#11963));
#11965=PRODUCT('2026-09-20-15-38-42-605','_Mount frame',$,(#11963));
#11966=PRODUCT('2026-09-19-00-30-40-174',
'M5x4 spacer (8mm OD, no threads)',$,(#11963));
#11967=PRODUCT('2026-09-19-00-30-33-862','M5x10 LP SHCS',$,(#11963));
#11968=PRODUCT('2026-09-19-00-30-41-151','M5x40 LP SHCS',$,(#11963));
#11969=PRODUCT('2026-08-04-10-55-38-513','V29-ZSA',$,(#11963));
#11970=PRODUCT('2026-09-19-00-25-48-593','M3x16 LP SHCS',$,(#11963));
#11971=PRODUCT('2026-09-19-00-23-28-785','_MGN9H',$,(#11963));
#11972=PRESENTATION_STYLE_ASSIGNMENT((#11978));
#11973=PRESENTATION_STYLE_ASSIGNMENT((#11979));
#11974=PRESENTATION_STYLE_ASSIGNMENT((#11980));
#11975=PRESENTATION_STYLE_ASSIGNMENT((#11981));
#11976=PRESENTATION_STYLE_ASSIGNMENT((#11982));
#11977=PRESENTATION_STYLE_ASSIGNMENT((#11983));
#11978=SURFACE_STYLE_USAGE(.BOTH.,#11984);
#11979=SURFACE_STYLE_USAGE(.BOTH.,#11985);
#11980=SURFACE_STYLE_USAGE(.BOTH.,#11986);
#11981=SURFACE_STYLE_USAGE(.BOTH.,#11987);
#11982=SURFACE_STYLE_USAGE(.BOTH.,#11988);
#11983=SURFACE_STYLE_USAGE(.BOTH.,#11989);
#11984=SURFACE_SIDE_STYLE('',(#11990));
#11985=SURFACE_SIDE_STYLE('',(#11991));
#11986=SURFACE_SIDE_STYLE('',(#11992));
#11987=SURFACE_SIDE_STYLE('',(#11993));
#11988=SURFACE_SIDE_STYLE('',(#11994));
#11989=SURFACE_SIDE_STYLE('',(#11995));
#11990=SURFACE_STYLE_FILL_AREA(#11996);
#11991=SURFACE_STYLE_FILL_AREA(#11997);
#11992=SURFACE_STYLE_FILL_AREA(#11998);
#11993=SURFACE_STYLE_FILL_AREA(#11999);
#11994=SURFACE_STYLE_FILL_AREA(#12000);
#11995=SURFACE_STYLE_FILL_AREA(#12001);
#11996=FILL_AREA_STYLE('Steel - Satin',(#12002));
#11997=FILL_AREA_STYLE('Steel - Satin',(#12003));
#11998=FILL_AREA_STYLE('Steel - Black Nickel',(#12004));
#11999=FILL_AREA_STYLE('Aluminum - Bead Blasted',(#12005));
#12000=FILL_AREA_STYLE('Aluminum - Bead Blasted, Black Anodized',(#12006));
#12001=FILL_AREA_STYLE('Plastic - Molded (Black)',(#12007));
#12002=FILL_AREA_STYLE_COLOUR('Steel - Satin',#12008);
#12003=FILL_AREA_STYLE_COLOUR('Steel - Satin',#12009);
#12004=FILL_AREA_STYLE_COLOUR('Steel - Black Nickel',#12010);
#12005=FILL_AREA_STYLE_COLOUR('Aluminum - Bead Blasted',#12011);
#12006=FILL_AREA_STYLE_COLOUR('Aluminum - Bead Blasted, Black Anodized',
#12012);
#12007=FILL_AREA_STYLE_COLOUR('Plastic - Molded (Black)',#12013);
#12008=COLOUR_RGB('Steel - Satin',0.627450980392157,0.627450980392157,0.627450980392157);
#12009=COLOUR_RGB('Steel - Satin',0.627450980392157,0.627450980392157,0.627450980392157);
#12010=COLOUR_RGB('Steel - Black Nickel',0.564705882352941,0.556862745098039,
0.545098039215686);
#12011=COLOUR_RGB('Aluminum - Bead Blasted',0.376470588235294,0.376470588235294,
0.376470588235294);
#12012=COLOUR_RGB('Aluminum - Bead Blasted, Black Anodized',0.376470588235294,
0.376470588235294,0.376470588235294);
#12013=COLOUR_RGB('Plastic - Molded (Black)',0.0980392156862745,0.0980392156862745,
0.0980392156862745);
ENDSEC;
END-ISO-10303-21;
