ISO-10303-21;
HEADER;
/* Generated by software containing ST-Developer
 * from STEP Tools, Inc. (www.steptools.com) 
 */

FILE_DESCRIPTION(
/* description */ (''),
/* implementation_level */ '2;1');

FILE_NAME(
/* name */ 'LDO_Milled_V2_9mm_S_FT.step',
/* time_stamp */ '2026-10-08T13:44:34+02:00',
/* author */ (''),
/* organization */ (''),
/* preprocessor_version */ 'ST-DEVELOPER v20.2',
/* originating_system */ 'Autodesk Translation Framework v15.15.0.0',
/* authorisation */ '');

FILE_SCHEMA (('AUTOMOTIVE_DESIGN { 1 0 10303 214 3 1 1 }'));
ENDSEC;

DATA;
#10=MECHANICAL_DESIGN_GEOMETRIC_PRESENTATION_REPRESENTATION('',(#111,#112,
#113,#114,#115,#116,#117,#118,#119,#120,#121,#122,#123,#124,#125,#126,#127,
#128,#129,#130,#131,#132,#133,#134,#135,#136,#137,#138,#139,#140,#141,#142,
#143,#144,#145,#146,#147,#148,#149,#150,#151,#152,#153,#154,#155,#156,#157,
#158,#159,#160,#161,#162,#163,#164,#165,#166,#167,#168,#169,#170,#171,#172,
#173,#174,#175,#176,#177,#178,#179,#180,#181,#182,#183,#184,#185,#186,#187,
#188,#189,#190,#191,#192,#193,#194,#195,#196,#197,#198,#199),#11881);
#11=ITEM_DEFINED_TRANSFORMATION($,$,#7082,#7725);
#12=ITEM_DEFINED_TRANSFORMATION($,$,#7470,#7726);
#13=ITEM_DEFINED_TRANSFORMATION($,$,#7674,#7727);
#14=ITEM_DEFINED_TRANSFORMATION($,$,#7674,#7728);
#15=ITEM_DEFINED_TRANSFORMATION($,$,#7504,#7729);
#16=ITEM_DEFINED_TRANSFORMATION($,$,#7504,#7730);
#17=ITEM_DEFINED_TRANSFORMATION($,$,#7504,#7731);
#18=ITEM_DEFINED_TRANSFORMATION($,$,#7504,#7732);
#19=ITEM_DEFINED_TRANSFORMATION($,$,#7538,#7733);
#20=ITEM_DEFINED_TRANSFORMATION($,$,#7674,#7734);
#21=ITEM_DEFINED_TRANSFORMATION($,$,#7708,#7735);
#22=(
REPRESENTATION_RELATIONSHIP($,$,#11912,#11911)
REPRESENTATION_RELATIONSHIP_WITH_TRANSFORMATION(#11)
SHAPE_REPRESENTATION_RELATIONSHIP()
);
#23=(
REPRESENTATION_RELATIONSHIP($,$,#11913,#11911)
REPRESENTATION_RELATIONSHIP_WITH_TRANSFORMATION(#12)
SHAPE_REPRESENTATION_RELATIONSHIP()
);
#24=(
REPRESENTATION_RELATIONSHIP($,$,#11916,#11911)
REPRESENTATION_RELATIONSHIP_WITH_TRANSFORMATION(#13)
SHAPE_REPRESENTATION_RELATIONSHIP()
);
#25=(
REPRESENTATION_RELATIONSHIP($,$,#11916,#11911)
REPRESENTATION_RELATIONSHIP_WITH_TRANSFORMATION(#14)
SHAPE_REPRESENTATION_RELATIONSHIP()
);
#26=(
REPRESENTATION_RELATIONSHIP($,$,#11914,#11911)
REPRESENTATION_RELATIONSHIP_WITH_TRANSFORMATION(#15)
SHAPE_REPRESENTATION_RELATIONSHIP()
);
#27=(
REPRESENTATION_RELATIONSHIP($,$,#11914,#11911)
REPRESENTATION_RELATIONSHIP_WITH_TRANSFORMATION(#16)
SHAPE_REPRESENTATION_RELATIONSHIP()
);
#28=(
REPRESENTATION_RELATIONSHIP($,$,#11914,#11911)
REPRESENTATION_RELATIONSHIP_WITH_TRANSFORMATION(#17)
SHAPE_REPRESENTATION_RELATIONSHIP()
);
#29=(
REPRESENTATION_RELATIONSHIP($,$,#11914,#11911)
REPRESENTATION_RELATIONSHIP_WITH_TRANSFORMATION(#18)
SHAPE_REPRESENTATION_RELATIONSHIP()
);
#30=(
REPRESENTATION_RELATIONSHIP($,$,#11915,#11911)
REPRESENTATION_RELATIONSHIP_WITH_TRANSFORMATION(#19)
SHAPE_REPRESENTATION_RELATIONSHIP()
);
#31=(
REPRESENTATION_RELATIONSHIP($,$,#11916,#11911)
REPRESENTATION_RELATIONSHIP_WITH_TRANSFORMATION(#20)
SHAPE_REPRESENTATION_RELATIONSHIP()
);
#32=(
REPRESENTATION_RELATIONSHIP($,$,#11917,#11911)
REPRESENTATION_RELATIONSHIP_WITH_TRANSFORMATION(#21)
SHAPE_REPRESENTATION_RELATIONSHIP()
);
#33=CONTEXT_DEPENDENT_SHAPE_REPRESENTATION(#22,#11900);
#34=CONTEXT_DEPENDENT_SHAPE_REPRESENTATION(#23,#11901);
#35=CONTEXT_DEPENDENT_SHAPE_REPRESENTATION(#24,#11902);
#36=CONTEXT_DEPENDENT_SHAPE_REPRESENTATION(#25,#11903);
#37=CONTEXT_DEPENDENT_SHAPE_REPRESENTATION(#26,#11904);
#38=CONTEXT_DEPENDENT_SHAPE_REPRESENTATION(#27,#11905);
#39=CONTEXT_DEPENDENT_SHAPE_REPRESENTATION(#28,#11906);
#40=CONTEXT_DEPENDENT_SHAPE_REPRESENTATION(#29,#11907);
#41=CONTEXT_DEPENDENT_SHAPE_REPRESENTATION(#30,#11908);
#42=CONTEXT_DEPENDENT_SHAPE_REPRESENTATION(#31,#11909);
#43=CONTEXT_DEPENDENT_SHAPE_REPRESENTATION(#32,#11910);
#44=NEXT_ASSEMBLY_USAGE_OCCURRENCE('_MGN9H:2','_MGN9H:2','_MGN9H:2',#11919,
#11920,'_MGN9H:2');
#45=NEXT_ASSEMBLY_USAGE_OCCURRENCE('M5x40 LP SHCS:2','M5x40 LP SHCS:2',
'M5x40 LP SHCS:2',#11919,#11921,'M5x40 LP SHCS:2');
#46=NEXT_ASSEMBLY_USAGE_OCCURRENCE('M5x10 LP SHCS:1','M5x10 LP SHCS:1',
'M5x10 LP SHCS:1',#11919,#11924,'M5x10 LP SHCS:1');
#47=NEXT_ASSEMBLY_USAGE_OCCURRENCE('M5x10 LP SHCS:2','M5x10 LP SHCS:2',
'M5x10 LP SHCS:2',#11919,#11924,'M5x10 LP SHCS:2');
#48=NEXT_ASSEMBLY_USAGE_OCCURRENCE('M3x16 LP SHCS:9','M3x16 LP SHCS:9',
'M3x16 LP SHCS:9',#11919,#11922,'M3x16 LP SHCS:9');
#49=NEXT_ASSEMBLY_USAGE_OCCURRENCE('M3x16 LP SHCS:10',
'M3x16 LP SHCS:10','M3x16 LP SHCS:10',#11919,#11922,'M3x16 LP SHCS:10');
#50=NEXT_ASSEMBLY_USAGE_OCCURRENCE('M3x16 LP SHCS:11',
'M3x16 LP SHCS:11','M3x16 LP SHCS:11',#11919,#11922,'M3x16 LP SHCS:11');
#51=NEXT_ASSEMBLY_USAGE_OCCURRENCE('M3x16 LP SHCS:12',
'M3x16 LP SHCS:12','M3x16 LP SHCS:12',#11919,#11922,'M3x16 LP SHCS:12');
#52=NEXT_ASSEMBLY_USAGE_OCCURRENCE('V29-ZSA:2','V29-ZSA:2','V29-ZSA:2',
#11919,#11923,'V29-ZSA:2');
#53=NEXT_ASSEMBLY_USAGE_OCCURRENCE('M5x10 LP SHCS:4','M5x10 LP SHCS:4',
'M5x10 LP SHCS:4',#11919,#11924,'M5x10 LP SHCS:4');
#54=NEXT_ASSEMBLY_USAGE_OCCURRENCE('M5x4 spacer (8mm OD, no threads):2',
'M5x4 spacer (8mm OD, no threads):2',
'M5x4 spacer (8mm OD, no threads):2',#11919,#11925,
'M5x4 spacer (8mm OD, no threads):2');
#55=B_SPLINE_CURVE_WITH_KNOTS('',3,(#11330,#11331,#11332,#11333,#11334,
#11335),.UNSPECIFIED.,.F.,.F.,(4,2,4),(0.364892857292208,0.386279505943022,
0.395623634872762),.UNSPECIFIED.);
#56=B_SPLINE_CURVE_WITH_KNOTS('',3,(#11345,#11346,#11347,#11348,#11349,
#11350,#11351,#11352),.UNSPECIFIED.,.F.,.F.,(4,2,2,4),(-0.326561980259335,
-0.293575022545944,-0.260588064832553,-0.209241704804383),.UNSPECIFIED.);
#57=B_SPLINE_CURVE_WITH_KNOTS('',3,(#11364,#11365,#11366,#11367,#11368,
#11369,#11370,#11371,#11372,#11373,#11374,#11375,#11376,#11377),
 .UNSPECIFIED.,.F.,.F.,(4,2,2,2,2,2,4),(0.0617071328030539,0.112397937931598,
0.158584096262349,0.181677175427725,0.204770254593101,0.227863333758476,
0.232845206536027),.UNSPECIFIED.);
#58=B_SPLINE_CURVE_WITH_KNOTS('',3,(#11481,#11482,#11483,#11484,#11485,
#11486,#11487,#11488,#11489,#11490,#11491,#11492,#11493,#11494,#11495,#11496,
#11497,#11498),.UNSPECIFIED.,.F.,.F.,(4,2,2,2,2,2,2,2,4),(0.194351224511617,
0.242875173732538,0.291399122953459,0.340050785988347,0.388702449023235,
0.437354112058123,0.486005775093011,0.534529724313931,0.583053673534852),
 .UNSPECIFIED.);
#59=B_SPLINE_CURVE_WITH_KNOTS('',3,(#11499,#11500,#11501,#11502,#11503,
#11504,#11505,#11506,#11507,#11508,#11509,#11510,#11511,#11512,#11513,#11514,
#11515,#11516),.UNSPECIFIED.,.F.,.F.,(4,2,2,2,2,2,2,2,4),(0.194351224511617,
0.242875173732538,0.291399122953459,0.340050785988347,0.388702449023235,
0.437354112058123,0.486005775093011,0.534529724313931,0.583053673534852),
 .UNSPECIFIED.);
#60=B_SPLINE_CURVE_WITH_KNOTS('',3,(#11601,#11602,#11603,#11604,#11605,
#11606),.UNSPECIFIED.,.F.,.F.,(4,2,4),(0.364892857292208,0.386279505943022,
0.395623634872762),.UNSPECIFIED.);
#61=B_SPLINE_CURVE_WITH_KNOTS('',3,(#11617,#11618,#11619,#11620,#11621,
#11622,#11623,#11624),.UNSPECIFIED.,.F.,.F.,(4,2,2,4),(-0.326561980259335,
-0.293575022545944,-0.260588064832553,-0.209241704804383),.UNSPECIFIED.);
#62=B_SPLINE_CURVE_WITH_KNOTS('',3,(#11634,#11635,#11636,#11637,#11638,
#11639,#11640,#11641,#11642,#11643,#11644,#11645,#11646,#11647),
 .UNSPECIFIED.,.F.,.F.,(4,2,2,2,2,2,4),(0.0617071328030539,0.112397937931598,
0.158584096262349,0.181677175427725,0.204770254593101,0.227863333758476,
0.232845206536027),.UNSPECIFIED.);
#63=ELLIPSE('',#7552,2.12132034355961,1.5);
#64=ELLIPSE('',#7578,4.10121933088196,2.9);
#65=ELLIPSE('',#7580,4.10121933088196,2.9);
#66=ELLIPSE('',#7625,2.12132034355961,1.5);
#67=ELLIPSE('',#7652,4.10121933088196,2.9);
#68=ELLIPSE('',#7654,4.10121933088196,2.9);
#69=(
BOUNDED_CURVE()
B_SPLINE_CURVE(2,(#11146,#11147,#11148),.UNSPECIFIED.,.F.,.F.)
B_SPLINE_CURVE_WITH_KNOTS((3,3),(-0.388312804292303,-0.130611113351465),
 .UNSPECIFIED.)
CURVE()
GEOMETRIC_REPRESENTATION_ITEM()
RATIONAL_B_SPLINE_CURVE((1.30940107675849,1.51196612828739,1.30940107675851))
REPRESENTATION_ITEM('')
);
#70=(
BOUNDED_CURVE()
B_SPLINE_CURVE(2,(#11150,#11151,#11152),.UNSPECIFIED.,.F.,.F.)
B_SPLINE_CURVE_WITH_KNOTS((3,3),(-0.388312804292281,-0.130611113351456),
 .UNSPECIFIED.)
CURVE()
GEOMETRIC_REPRESENTATION_ITEM()
RATIONAL_B_SPLINE_CURVE((1.30940107675851,1.51196612828737,1.30940107675849))
REPRESENTATION_ITEM('')
);
#71=(
BOUNDED_CURVE()
B_SPLINE_CURVE(2,(#11154,#11155,#11156),.UNSPECIFIED.,.F.,.F.)
B_SPLINE_CURVE_WITH_KNOTS((3,3),(-0.388312804292281,-0.130611113351445),
 .UNSPECIFIED.)
CURVE()
GEOMETRIC_REPRESENTATION_ITEM()
RATIONAL_B_SPLINE_CURVE((1.30940107675851,1.51196612828737,1.30940107675847))
REPRESENTATION_ITEM('')
);
#72=(
BOUNDED_CURVE()
B_SPLINE_CURVE(2,(#11158,#11159,#11160),.UNSPECIFIED.,.F.,.F.)
B_SPLINE_CURVE_WITH_KNOTS((3,3),(-0.38831280429229,-0.130611113351445),
 .UNSPECIFIED.)
CURVE()
GEOMETRIC_REPRESENTATION_ITEM()
RATIONAL_B_SPLINE_CURVE((1.30940107675851,1.5119661282874,1.30940107675848))
REPRESENTATION_ITEM('')
);
#73=(
BOUNDED_CURVE()
B_SPLINE_CURVE(2,(#11162,#11163,#11164),.UNSPECIFIED.,.F.,.F.)
B_SPLINE_CURVE_WITH_KNOTS((3,3),(-0.3883128042923,-0.130611113351449),
 .UNSPECIFIED.)
CURVE()
GEOMETRIC_REPRESENTATION_ITEM()
RATIONAL_B_SPLINE_CURVE((1.30940107675851,1.51196612828742,1.3094010767585))
REPRESENTATION_ITEM('')
);
#74=(
BOUNDED_CURVE()
B_SPLINE_CURVE(2,(#11166,#11167,#11168),.UNSPECIFIED.,.F.,.F.)
B_SPLINE_CURVE_WITH_KNOTS((3,3),(-0.388312804292311,-0.130611113351454),
 .UNSPECIFIED.)
CURVE()
GEOMETRIC_REPRESENTATION_ITEM()
RATIONAL_B_SPLINE_CURVE((1.3094010767585,1.51196612828742,1.3094010767585))
REPRESENTATION_ITEM('')
);
#75=(
BOUNDED_CURVE()
B_SPLINE_CURVE(2,(#11233,#11234,#11235),.UNSPECIFIED.,.F.,.F.)
B_SPLINE_CURVE_WITH_KNOTS((3,3),(-0.321867155116298,-0.12427487354387),
 .UNSPECIFIED.)
CURVE()
GEOMETRIC_REPRESENTATION_ITEM()
RATIONAL_B_SPLINE_CURVE((1.46410161513777,1.69059892324147,1.46410161513778))
REPRESENTATION_ITEM('')
);
#76=(
BOUNDED_CURVE()
B_SPLINE_CURVE(2,(#11237,#11238,#11239),.UNSPECIFIED.,.F.,.F.)
B_SPLINE_CURVE_WITH_KNOTS((3,3),(-0.321867155116283,-0.124274873543867),
 .UNSPECIFIED.)
CURVE()
GEOMETRIC_REPRESENTATION_ITEM()
RATIONAL_B_SPLINE_CURVE((1.46410161513778,1.69059892324143,1.46410161513776))
REPRESENTATION_ITEM('')
);
#77=(
BOUNDED_CURVE()
B_SPLINE_CURVE(2,(#11241,#11242,#11243),.UNSPECIFIED.,.F.,.F.)
B_SPLINE_CURVE_WITH_KNOTS((3,3),(-0.321867155116283,-0.124274873543859),
 .UNSPECIFIED.)
CURVE()
GEOMETRIC_REPRESENTATION_ITEM()
RATIONAL_B_SPLINE_CURVE((1.46410161513778,1.69059892324144,1.46410161513775))
REPRESENTATION_ITEM('')
);
#78=(
BOUNDED_CURVE()
B_SPLINE_CURVE(2,(#11245,#11246,#11247),.UNSPECIFIED.,.F.,.F.)
B_SPLINE_CURVE_WITH_KNOTS((3,3),(-0.321867155116291,-0.124274873543859),
 .UNSPECIFIED.)
CURVE()
GEOMETRIC_REPRESENTATION_ITEM()
RATIONAL_B_SPLINE_CURVE((1.46410161513778,1.69059892324147,1.46410161513776))
REPRESENTATION_ITEM('')
);
#79=(
BOUNDED_CURVE()
B_SPLINE_CURVE(2,(#11249,#11250,#11251),.UNSPECIFIED.,.F.,.F.)
B_SPLINE_CURVE_WITH_KNOTS((3,3),(-0.321867155116299,-0.124274873543862),
 .UNSPECIFIED.)
CURVE()
GEOMETRIC_REPRESENTATION_ITEM()
RATIONAL_B_SPLINE_CURVE((1.46410161513779,1.6905989232415,1.46410161513778))
REPRESENTATION_ITEM('')
);
#80=(
BOUNDED_CURVE()
B_SPLINE_CURVE(2,(#11253,#11254,#11255),.UNSPECIFIED.,.F.,.F.)
B_SPLINE_CURVE_WITH_KNOTS((3,3),(-0.321867155116302,-0.124274873543867),
 .UNSPECIFIED.)
CURVE()
GEOMETRIC_REPRESENTATION_ITEM()
RATIONAL_B_SPLINE_CURVE((1.46410161513778,1.6905989232415,1.46410161513779))
REPRESENTATION_ITEM('')
);
#81=(
BOUNDED_CURVE()
B_SPLINE_CURVE(2,(#11339,#11340,#11341),.UNSPECIFIED.,.F.,.F.)
B_SPLINE_CURVE_WITH_KNOTS((3,3),(1.47957851971947,2.06392074222079),
 .UNSPECIFIED.)
CURVE()
GEOMETRIC_REPRESENTATION_ITEM()
RATIONAL_B_SPLINE_CURVE((1.81066182409553,1.79380712062632,1.63719528245799))
REPRESENTATION_ITEM('')
);
#82=(
BOUNDED_CURVE()
B_SPLINE_CURVE(2,(#11358,#11359,#11360),.UNSPECIFIED.,.F.,.F.)
B_SPLINE_CURVE_WITH_KNOTS((3,3),(1.2421852040215,1.49854912756004),
 .UNSPECIFIED.)
CURVE()
GEOMETRIC_REPRESENTATION_ITEM()
RATIONAL_B_SPLINE_CURVE((1.50117495571279,1.50117495571279,1.47982826901421))
REPRESENTATION_ITEM('')
);
#83=(
BOUNDED_CURVE()
B_SPLINE_CURVE(2,(#11430,#11431,#11432),.UNSPECIFIED.,.F.,.F.)
B_SPLINE_CURVE_WITH_KNOTS((3,3),(0.577658057751837,0.905872441074153),
 .UNSPECIFIED.)
CURVE()
GEOMETRIC_REPRESENTATION_ITEM()
RATIONAL_B_SPLINE_CURVE((2.13431457505071,2.13431457505071,1.76812408671539))
REPRESENTATION_ITEM('')
);
#84=(
BOUNDED_CURVE()
B_SPLINE_CURVE(2,(#11447,#11448,#11449),.UNSPECIFIED.,.F.,.F.)
B_SPLINE_CURVE_WITH_KNOTS((3,3),(0.358948250731136,1.568981268356),
 .UNSPECIFIED.)
CURVE()
GEOMETRIC_REPRESENTATION_ITEM()
RATIONAL_B_SPLINE_CURVE((1.80350939326555,2.9829138901677,2.9829138901677))
REPRESENTATION_ITEM('')
);
#85=(
BOUNDED_CURVE()
B_SPLINE_CURVE(2,(#11541,#11542,#11543),.UNSPECIFIED.,.F.,.F.)
B_SPLINE_CURVE_WITH_KNOTS((3,3),(0.577658057751837,0.905872441074153),
 .UNSPECIFIED.)
CURVE()
GEOMETRIC_REPRESENTATION_ITEM()
RATIONAL_B_SPLINE_CURVE((2.13431457505071,2.13431457505071,1.76812408671539))
REPRESENTATION_ITEM('')
);
#86=(
BOUNDED_CURVE()
B_SPLINE_CURVE(2,(#11552,#11553,#11554),.UNSPECIFIED.,.F.,.F.)
B_SPLINE_CURVE_WITH_KNOTS((3,3),(0.358948250731136,1.568981268356),
 .UNSPECIFIED.)
CURVE()
GEOMETRIC_REPRESENTATION_ITEM()
RATIONAL_B_SPLINE_CURVE((1.80350939326555,2.9829138901677,2.9829138901677))
REPRESENTATION_ITEM('')
);
#87=(
BOUNDED_CURVE()
B_SPLINE_CURVE(2,(#11611,#11612,#11613),.UNSPECIFIED.,.F.,.F.)
B_SPLINE_CURVE_WITH_KNOTS((3,3),(1.47957851971947,2.06392074222079),
 .UNSPECIFIED.)
CURVE()
GEOMETRIC_REPRESENTATION_ITEM()
RATIONAL_B_SPLINE_CURVE((1.81066182409553,1.79380712062632,1.63719528245799))
REPRESENTATION_ITEM('')
);
#88=(
BOUNDED_CURVE()
B_SPLINE_CURVE(2,(#11629,#11630,#11631),.UNSPECIFIED.,.F.,.F.)
B_SPLINE_CURVE_WITH_KNOTS((3,3),(1.2421852040215,1.49854912756004),
 .UNSPECIFIED.)
CURVE()
GEOMETRIC_REPRESENTATION_ITEM()
RATIONAL_B_SPLINE_CURVE((1.50117495571279,1.50117495571279,1.47982826901421))
REPRESENTATION_ITEM('')
);
#89=(
BOUNDED_CURVE()
B_SPLINE_CURVE(2,(#11776,#11777,#11778),.UNSPECIFIED.,.F.,.F.)
B_SPLINE_CURVE_WITH_KNOTS((3,3),(-0.388312804292303,-0.130611113351465),
 .UNSPECIFIED.)
CURVE()
GEOMETRIC_REPRESENTATION_ITEM()
RATIONAL_B_SPLINE_CURVE((1.30940107675849,1.51196612828739,1.30940107675851))
REPRESENTATION_ITEM('')
);
#90=(
BOUNDED_CURVE()
B_SPLINE_CURVE(2,(#11780,#11781,#11782),.UNSPECIFIED.,.F.,.F.)
B_SPLINE_CURVE_WITH_KNOTS((3,3),(-0.388312804292281,-0.130611113351456),
 .UNSPECIFIED.)
CURVE()
GEOMETRIC_REPRESENTATION_ITEM()
RATIONAL_B_SPLINE_CURVE((1.30940107675851,1.51196612828737,1.30940107675849))
REPRESENTATION_ITEM('')
);
#91=(
BOUNDED_CURVE()
B_SPLINE_CURVE(2,(#11784,#11785,#11786),.UNSPECIFIED.,.F.,.F.)
B_SPLINE_CURVE_WITH_KNOTS((3,3),(-0.388312804292281,-0.130611113351445),
 .UNSPECIFIED.)
CURVE()
GEOMETRIC_REPRESENTATION_ITEM()
RATIONAL_B_SPLINE_CURVE((1.30940107675851,1.51196612828737,1.30940107675847))
REPRESENTATION_ITEM('')
);
#92=(
BOUNDED_CURVE()
B_SPLINE_CURVE(2,(#11788,#11789,#11790),.UNSPECIFIED.,.F.,.F.)
B_SPLINE_CURVE_WITH_KNOTS((3,3),(-0.38831280429229,-0.130611113351445),
 .UNSPECIFIED.)
CURVE()
GEOMETRIC_REPRESENTATION_ITEM()
RATIONAL_B_SPLINE_CURVE((1.30940107675851,1.5119661282874,1.30940107675848))
REPRESENTATION_ITEM('')
);
#93=(
BOUNDED_CURVE()
B_SPLINE_CURVE(2,(#11792,#11793,#11794),.UNSPECIFIED.,.F.,.F.)
B_SPLINE_CURVE_WITH_KNOTS((3,3),(-0.3883128042923,-0.130611113351449),
 .UNSPECIFIED.)
CURVE()
GEOMETRIC_REPRESENTATION_ITEM()
RATIONAL_B_SPLINE_CURVE((1.30940107675851,1.51196612828742,1.3094010767585))
REPRESENTATION_ITEM('')
);
#94=(
BOUNDED_CURVE()
B_SPLINE_CURVE(2,(#11796,#11797,#11798),.UNSPECIFIED.,.F.,.F.)
B_SPLINE_CURVE_WITH_KNOTS((3,3),(-0.388312804292311,-0.130611113351454),
 .UNSPECIFIED.)
CURVE()
GEOMETRIC_REPRESENTATION_ITEM()
RATIONAL_B_SPLINE_CURVE((1.3094010767585,1.51196612828742,1.3094010767585))
REPRESENTATION_ITEM('')
);
#95=SHAPE_REPRESENTATION_RELATIONSHIP('SRR','None',#11912,#101);
#96=SHAPE_REPRESENTATION_RELATIONSHIP('SRR','None',#11913,#102);
#97=SHAPE_REPRESENTATION_RELATIONSHIP('SRR','None',#11914,#103);
#98=SHAPE_REPRESENTATION_RELATIONSHIP('SRR','None',#11915,#104);
#99=SHAPE_REPRESENTATION_RELATIONSHIP('SRR','None',#11916,#105);
#100=SHAPE_REPRESENTATION_RELATIONSHIP('SRR','None',#11917,#106);
#101=ADVANCED_BREP_SHAPE_REPRESENTATION('',(#200,#201,#202,#203,#204,#205,
#206,#207,#208),#11875);
#102=ADVANCED_BREP_SHAPE_REPRESENTATION('',(#209),#11876);
#103=ADVANCED_BREP_SHAPE_REPRESENTATION('',(#210),#11877);
#104=ADVANCED_BREP_SHAPE_REPRESENTATION('',(#211),#11878);
#105=ADVANCED_BREP_SHAPE_REPRESENTATION('',(#212),#11879);
#106=ADVANCED_BREP_SHAPE_REPRESENTATION('',(#213),#11880);
#107=SPHERICAL_SURFACE('',#7165,1.30154507029067);
#108=SPHERICAL_SURFACE('',#7195,1.30154507029067);
#109=SPHERICAL_SURFACE('',#7410,1.30154507029067);
#110=SPHERICAL_SURFACE('',#7440,1.30154507029067);
#111=STYLED_ITEM('',(#11951),#200);
#112=STYLED_ITEM('',(#11952),#201);
#113=STYLED_ITEM('',(#11951),#202);
#114=STYLED_ITEM('',(#11951),#203);
#115=STYLED_ITEM('',(#11952),#204);
#116=STYLED_ITEM('',(#11952),#205);
#117=STYLED_ITEM('',(#11952),#206);
#118=STYLED_ITEM('',(#11951),#207);
#119=STYLED_ITEM('',(#11951),#208);
#120=STYLED_ITEM('',(#11953),#209);
#121=STYLED_ITEM('',(#11953),#210);
#122=STYLED_ITEM('',(#11955),#6897);
#123=STYLED_ITEM('',(#11955),#6898);
#124=STYLED_ITEM('',(#11955),#6899);
#125=STYLED_ITEM('',(#11955),#6900);
#126=STYLED_ITEM('',(#11955),#6901);
#127=STYLED_ITEM('',(#11955),#6902);
#128=STYLED_ITEM('',(#11955),#6903);
#129=STYLED_ITEM('',(#11955),#6904);
#130=STYLED_ITEM('',(#11955),#6905);
#131=STYLED_ITEM('',(#11955),#6906);
#132=STYLED_ITEM('',(#11955),#6907);
#133=STYLED_ITEM('',(#11955),#6908);
#134=STYLED_ITEM('',(#11955),#6909);
#135=STYLED_ITEM('',(#11955),#6910);
#136=STYLED_ITEM('',(#11955),#6911);
#137=STYLED_ITEM('',(#11955),#6912);
#138=STYLED_ITEM('',(#11955),#6913);
#139=STYLED_ITEM('',(#11955),#6914);
#140=STYLED_ITEM('',(#11955),#6915);
#141=STYLED_ITEM('',(#11955),#6916);
#142=STYLED_ITEM('',(#11955),#6917);
#143=STYLED_ITEM('',(#11955),#6918);
#144=STYLED_ITEM('',(#11955),#6919);
#145=STYLED_ITEM('',(#11955),#6920);
#146=STYLED_ITEM('',(#11955),#6921);
#147=STYLED_ITEM('',(#11955),#6922);
#148=STYLED_ITEM('',(#11955),#6923);
#149=STYLED_ITEM('',(#11955),#6924);
#150=STYLED_ITEM('',(#11955),#6925);
#151=STYLED_ITEM('',(#11955),#6926);
#152=STYLED_ITEM('',(#11955),#6927);
#153=STYLED_ITEM('',(#11955),#6928);
#154=STYLED_ITEM('',(#11955),#6929);
#155=STYLED_ITEM('',(#11955),#6930);
#156=STYLED_ITEM('',(#11955),#6931);
#157=STYLED_ITEM('',(#11955),#6932);
#158=STYLED_ITEM('',(#11955),#6933);
#159=STYLED_ITEM('',(#11955),#6934);
#160=STYLED_ITEM('',(#11955),#6935);
#161=STYLED_ITEM('',(#11955),#6936);
#162=STYLED_ITEM('',(#11955),#6937);
#163=STYLED_ITEM('',(#11955),#6938);
#164=STYLED_ITEM('',(#11955),#6939);
#165=STYLED_ITEM('',(#11955),#6940);
#166=STYLED_ITEM('',(#11955),#6941);
#167=STYLED_ITEM('',(#11955),#6942);
#168=STYLED_ITEM('',(#11955),#6943);
#169=STYLED_ITEM('',(#11955),#6944);
#170=STYLED_ITEM('',(#11955),#6945);
#171=STYLED_ITEM('',(#11955),#6946);
#172=STYLED_ITEM('',(#11955),#6947);
#173=STYLED_ITEM('',(#11955),#6948);
#174=STYLED_ITEM('',(#11955),#6949);
#175=STYLED_ITEM('',(#11955),#6950);
#176=STYLED_ITEM('',(#11955),#6951);
#177=STYLED_ITEM('',(#11955),#6952);
#178=STYLED_ITEM('',(#11955),#6953);
#179=STYLED_ITEM('',(#11955),#6954);
#180=STYLED_ITEM('',(#11955),#6955);
#181=STYLED_ITEM('',(#11955),#6956);
#182=STYLED_ITEM('',(#11955),#6957);
#183=STYLED_ITEM('',(#11955),#6958);
#184=STYLED_ITEM('',(#11955),#6959);
#185=STYLED_ITEM('',(#11955),#6960);
#186=STYLED_ITEM('',(#11955),#6961);
#187=STYLED_ITEM('',(#11955),#6962);
#188=STYLED_ITEM('',(#11955),#6963);
#189=STYLED_ITEM('',(#11955),#6964);
#190=STYLED_ITEM('',(#11955),#6965);
#191=STYLED_ITEM('',(#11955),#6966);
#192=STYLED_ITEM('',(#11955),#6967);
#193=STYLED_ITEM('',(#11955),#6968);
#194=STYLED_ITEM('',(#11955),#6969);
#195=STYLED_ITEM('',(#11955),#6970);
#196=STYLED_ITEM('',(#11955),#6971);
#197=STYLED_ITEM('',(#11954),#211);
#198=STYLED_ITEM('',(#11953),#212);
#199=STYLED_ITEM('',(#11951),#213);
#200=MANIFOLD_SOLID_BREP('Body1',#7000);
#201=MANIFOLD_SOLID_BREP('Body2',#7001);
#202=MANIFOLD_SOLID_BREP('Body3',#7002);
#203=MANIFOLD_SOLID_BREP('Body4',#7003);
#204=MANIFOLD_SOLID_BREP('Body5',#7004);
#205=MANIFOLD_SOLID_BREP('Body6',#7005);
#206=MANIFOLD_SOLID_BREP('Body7',#7006);
#207=MANIFOLD_SOLID_BREP('Body8',#7007);
#208=MANIFOLD_SOLID_BREP('Body9',#7008);
#209=MANIFOLD_SOLID_BREP('Body1',#7009);
#210=MANIFOLD_SOLID_BREP('Body1',#7010);
#211=MANIFOLD_SOLID_BREP('Body1',#7011);
#212=MANIFOLD_SOLID_BREP('Body1',#7012);
#213=MANIFOLD_SOLID_BREP('Body1',#7013);
#214=FACE_BOUND('',#999,.T.);
#215=FACE_BOUND('',#1000,.T.);
#216=FACE_BOUND('',#1003,.T.);
#217=FACE_BOUND('',#1004,.T.);
#218=FACE_BOUND('',#1010,.T.);
#219=FACE_BOUND('',#1014,.T.);
#220=FACE_BOUND('',#1029,.T.);
#221=FACE_BOUND('',#1031,.T.);
#222=FACE_BOUND('',#1096,.T.);
#223=FACE_BOUND('',#1097,.T.);
#224=FACE_BOUND('',#1098,.T.);
#225=FACE_BOUND('',#1111,.T.);
#226=FACE_BOUND('',#1139,.T.);
#227=FACE_BOUND('',#1141,.T.);
#228=FACE_BOUND('',#1176,.T.);
#229=FACE_BOUND('',#1177,.T.);
#230=FACE_BOUND('',#1178,.T.);
#231=FACE_BOUND('',#1191,.T.);
#232=FACE_BOUND('',#1237,.T.);
#233=FACE_BOUND('',#1242,.T.);
#234=FACE_BOUND('',#1259,.T.);
#235=FACE_BOUND('',#1264,.T.);
#236=FACE_BOUND('',#1296,.T.);
#237=FACE_BOUND('',#1299,.T.);
#238=FACE_BOUND('',#1306,.T.);
#239=FACE_BOUND('',#1307,.T.);
#240=FACE_BOUND('',#1314,.T.);
#241=FACE_BOUND('',#1319,.T.);
#242=FACE_BOUND('',#1322,.T.);
#243=FACE_BOUND('',#1323,.T.);
#244=FACE_BOUND('',#1339,.T.);
#245=FACE_BOUND('',#1340,.T.);
#246=FACE_BOUND('',#1341,.T.);
#247=FACE_BOUND('',#1342,.T.);
#248=FACE_BOUND('',#1348,.T.);
#249=FACE_BOUND('',#1351,.T.);
#250=FACE_BOUND('',#1360,.T.);
#251=FACE_BOUND('',#1361,.T.);
#252=FACE_BOUND('',#1364,.T.);
#253=FACE_BOUND('',#1366,.T.);
#254=FACE_BOUND('',#1367,.T.);
#255=FACE_BOUND('',#1375,.T.);
#256=FACE_BOUND('',#1380,.T.);
#257=FACE_BOUND('',#1398,.T.);
#258=FACE_BOUND('',#1401,.T.);
#259=PLANE('',#7109);
#260=PLANE('',#7110);
#261=PLANE('',#7111);
#262=PLANE('',#7112);
#263=PLANE('',#7113);
#264=PLANE('',#7114);
#265=PLANE('',#7115);
#266=PLANE('',#7116);
#267=PLANE('',#7117);
#268=PLANE('',#7118);
#269=PLANE('',#7122);
#270=PLANE('',#7123);
#271=PLANE('',#7124);
#272=PLANE('',#7125);
#273=PLANE('',#7126);
#274=PLANE('',#7127);
#275=PLANE('',#7128);
#276=PLANE('',#7129);
#277=PLANE('',#7130);
#278=PLANE('',#7131);
#279=PLANE('',#7132);
#280=PLANE('',#7133);
#281=PLANE('',#7134);
#282=PLANE('',#7135);
#283=PLANE('',#7136);
#284=PLANE('',#7137);
#285=PLANE('',#7147);
#286=PLANE('',#7148);
#287=PLANE('',#7149);
#288=PLANE('',#7150);
#289=PLANE('',#7151);
#290=PLANE('',#7152);
#291=PLANE('',#7153);
#292=PLANE('',#7154);
#293=PLANE('',#7155);
#294=PLANE('',#7156);
#295=PLANE('',#7157);
#296=PLANE('',#7158);
#297=PLANE('',#7159);
#298=PLANE('',#7160);
#299=PLANE('',#7161);
#300=PLANE('',#7162);
#301=PLANE('',#7163);
#302=PLANE('',#7164);
#303=PLANE('',#7181);
#304=PLANE('',#7182);
#305=PLANE('',#7183);
#306=PLANE('',#7184);
#307=PLANE('',#7185);
#308=PLANE('',#7186);
#309=PLANE('',#7187);
#310=PLANE('',#7188);
#311=PLANE('',#7189);
#312=PLANE('',#7190);
#313=PLANE('',#7191);
#314=PLANE('',#7192);
#315=PLANE('',#7193);
#316=PLANE('',#7194);
#317=PLANE('',#7211);
#318=PLANE('',#7212);
#319=PLANE('',#7213);
#320=PLANE('',#7214);
#321=PLANE('',#7215);
#322=PLANE('',#7216);
#323=PLANE('',#7217);
#324=PLANE('',#7218);
#325=PLANE('',#7219);
#326=PLANE('',#7220);
#327=PLANE('',#7221);
#328=PLANE('',#7222);
#329=PLANE('',#7223);
#330=PLANE('',#7224);
#331=PLANE('',#7245);
#332=PLANE('',#7246);
#333=PLANE('',#7247);
#334=PLANE('',#7253);
#335=PLANE('',#7254);
#336=PLANE('',#7255);
#337=PLANE('',#7258);
#338=PLANE('',#7259);
#339=PLANE('',#7260);
#340=PLANE('',#7263);
#341=PLANE('',#7264);
#342=PLANE('',#7265);
#343=PLANE('',#7266);
#344=PLANE('',#7267);
#345=PLANE('',#7270);
#346=PLANE('',#7271);
#347=PLANE('',#7272);
#348=PLANE('',#7275);
#349=PLANE('',#7276);
#350=PLANE('',#7277);
#351=PLANE('',#7278);
#352=PLANE('',#7279);
#353=PLANE('',#7280);
#354=PLANE('',#7281);
#355=PLANE('',#7282);
#356=PLANE('',#7283);
#357=PLANE('',#7284);
#358=PLANE('',#7285);
#359=PLANE('',#7286);
#360=PLANE('',#7287);
#361=PLANE('',#7288);
#362=PLANE('',#7289);
#363=PLANE('',#7290);
#364=PLANE('',#7291);
#365=PLANE('',#7292);
#366=PLANE('',#7293);
#367=PLANE('',#7294);
#368=PLANE('',#7295);
#369=PLANE('',#7298);
#370=PLANE('',#7299);
#371=PLANE('',#7300);
#372=PLANE('',#7301);
#373=PLANE('',#7302);
#374=PLANE('',#7303);
#375=PLANE('',#7313);
#376=PLANE('',#7314);
#377=PLANE('',#7315);
#378=PLANE('',#7316);
#379=PLANE('',#7317);
#380=PLANE('',#7318);
#381=PLANE('',#7319);
#382=PLANE('',#7320);
#383=PLANE('',#7321);
#384=PLANE('',#7322);
#385=PLANE('',#7323);
#386=PLANE('',#7324);
#387=PLANE('',#7325);
#388=PLANE('',#7326);
#389=PLANE('',#7327);
#390=PLANE('',#7328);
#391=PLANE('',#7329);
#392=PLANE('',#7330);
#393=PLANE('',#7351);
#394=PLANE('',#7352);
#395=PLANE('',#7353);
#396=PLANE('',#7359);
#397=PLANE('',#7360);
#398=PLANE('',#7361);
#399=PLANE('',#7364);
#400=PLANE('',#7365);
#401=PLANE('',#7366);
#402=PLANE('',#7369);
#403=PLANE('',#7370);
#404=PLANE('',#7371);
#405=PLANE('',#7372);
#406=PLANE('',#7373);
#407=PLANE('',#7376);
#408=PLANE('',#7377);
#409=PLANE('',#7378);
#410=PLANE('',#7381);
#411=PLANE('',#7382);
#412=PLANE('',#7383);
#413=PLANE('',#7384);
#414=PLANE('',#7385);
#415=PLANE('',#7386);
#416=PLANE('',#7387);
#417=PLANE('',#7388);
#418=PLANE('',#7389);
#419=PLANE('',#7390);
#420=PLANE('',#7391);
#421=PLANE('',#7392);
#422=PLANE('',#7393);
#423=PLANE('',#7394);
#424=PLANE('',#7395);
#425=PLANE('',#7396);
#426=PLANE('',#7397);
#427=PLANE('',#7398);
#428=PLANE('',#7399);
#429=PLANE('',#7400);
#430=PLANE('',#7401);
#431=PLANE('',#7404);
#432=PLANE('',#7405);
#433=PLANE('',#7406);
#434=PLANE('',#7407);
#435=PLANE('',#7408);
#436=PLANE('',#7409);
#437=PLANE('',#7426);
#438=PLANE('',#7427);
#439=PLANE('',#7428);
#440=PLANE('',#7429);
#441=PLANE('',#7430);
#442=PLANE('',#7431);
#443=PLANE('',#7432);
#444=PLANE('',#7433);
#445=PLANE('',#7434);
#446=PLANE('',#7435);
#447=PLANE('',#7436);
#448=PLANE('',#7437);
#449=PLANE('',#7438);
#450=PLANE('',#7439);
#451=PLANE('',#7456);
#452=PLANE('',#7457);
#453=PLANE('',#7458);
#454=PLANE('',#7459);
#455=PLANE('',#7460);
#456=PLANE('',#7461);
#457=PLANE('',#7462);
#458=PLANE('',#7463);
#459=PLANE('',#7464);
#460=PLANE('',#7465);
#461=PLANE('',#7466);
#462=PLANE('',#7467);
#463=PLANE('',#7468);
#464=PLANE('',#7469);
#465=PLANE('',#7475);
#466=PLANE('',#7483);
#467=PLANE('',#7490);
#468=PLANE('',#7497);
#469=PLANE('',#7498);
#470=PLANE('',#7499);
#471=PLANE('',#7500);
#472=PLANE('',#7501);
#473=PLANE('',#7502);
#474=PLANE('',#7503);
#475=PLANE('',#7509);
#476=PLANE('',#7517);
#477=PLANE('',#7524);
#478=PLANE('',#7531);
#479=PLANE('',#7532);
#480=PLANE('',#7533);
#481=PLANE('',#7534);
#482=PLANE('',#7535);
#483=PLANE('',#7536);
#484=PLANE('',#7537);
#485=PLANE('',#7539);
#486=PLANE('',#7543);
#487=PLANE('',#7547);
#488=PLANE('',#7553);
#489=PLANE('',#7555);
#490=PLANE('',#7569);
#491=PLANE('',#7573);
#492=PLANE('',#7583);
#493=PLANE('',#7584);
#494=PLANE('',#7587);
#495=PLANE('',#7601);
#496=PLANE('',#7605);
#497=PLANE('',#7608);
#498=PLANE('',#7611);
#499=PLANE('',#7615);
#500=PLANE('',#7619);
#501=PLANE('',#7623);
#502=PLANE('',#7626);
#503=PLANE('',#7628);
#504=PLANE('',#7633);
#505=PLANE('',#7643);
#506=PLANE('',#7647);
#507=PLANE('',#7655);
#508=PLANE('',#7656);
#509=PLANE('',#7659);
#510=PLANE('',#7660);
#511=PLANE('',#7663);
#512=PLANE('',#7665);
#513=PLANE('',#7669);
#514=PLANE('',#7679);
#515=PLANE('',#7687);
#516=PLANE('',#7694);
#517=PLANE('',#7701);
#518=PLANE('',#7702);
#519=PLANE('',#7703);
#520=PLANE('',#7704);
#521=PLANE('',#7705);
#522=PLANE('',#7706);
#523=PLANE('',#7707);
#524=PLANE('',#7714);
#525=PLANE('',#7718);
#526=CYLINDRICAL_SURFACE('',#7089,1.5);
#527=CYLINDRICAL_SURFACE('',#7091,1.5);
#528=CYLINDRICAL_SURFACE('',#7093,0.644009461630724);
#529=CYLINDRICAL_SURFACE('',#7096,1.);
#530=CYLINDRICAL_SURFACE('',#7105,1.5);
#531=CYLINDRICAL_SURFACE('',#7107,1.5);
#532=CYLINDRICAL_SURFACE('',#7119,1.);
#533=CYLINDRICAL_SURFACE('',#7138,0.644009461630724);
#534=CYLINDRICAL_SURFACE('',#7141,1.);
#535=CYLINDRICAL_SURFACE('',#7144,1.);
#536=CYLINDRICAL_SURFACE('',#7225,0.5);
#537=CYLINDRICAL_SURFACE('',#7228,1.30154507029067);
#538=CYLINDRICAL_SURFACE('',#7235,0.644009461630724);
#539=CYLINDRICAL_SURFACE('',#7238,1.30154507029067);
#540=CYLINDRICAL_SURFACE('',#7256,1.);
#541=CYLINDRICAL_SURFACE('',#7261,1.);
#542=CYLINDRICAL_SURFACE('',#7268,1.);
#543=CYLINDRICAL_SURFACE('',#7273,1.);
#544=CYLINDRICAL_SURFACE('',#7296,0.5);
#545=CYLINDRICAL_SURFACE('',#7304,0.644009461630724);
#546=CYLINDRICAL_SURFACE('',#7307,1.);
#547=CYLINDRICAL_SURFACE('',#7310,1.);
#548=CYLINDRICAL_SURFACE('',#7331,0.5);
#549=CYLINDRICAL_SURFACE('',#7334,1.30154507029067);
#550=CYLINDRICAL_SURFACE('',#7341,0.644009461630724);
#551=CYLINDRICAL_SURFACE('',#7344,1.30154507029067);
#552=CYLINDRICAL_SURFACE('',#7362,1.);
#553=CYLINDRICAL_SURFACE('',#7367,1.);
#554=CYLINDRICAL_SURFACE('',#7374,1.);
#555=CYLINDRICAL_SURFACE('',#7379,1.);
#556=CYLINDRICAL_SURFACE('',#7402,0.5);
#557=CYLINDRICAL_SURFACE('',#7471,2.5);
#558=CYLINDRICAL_SURFACE('',#7480,4.25);
#559=CYLINDRICAL_SURFACE('',#7505,1.5);
#560=CYLINDRICAL_SURFACE('',#7514,2.75);
#561=CYLINDRICAL_SURFACE('',#7551,1.5);
#562=CYLINDRICAL_SURFACE('',#7554,1.5);
#563=CYLINDRICAL_SURFACE('',#7556,1.);
#564=CYLINDRICAL_SURFACE('',#7560,1.55);
#565=CYLINDRICAL_SURFACE('',#7565,1.55);
#566=CYLINDRICAL_SURFACE('',#7577,2.9);
#567=CYLINDRICAL_SURFACE('',#7579,2.9);
#568=CYLINDRICAL_SURFACE('',#7591,2.55);
#569=CYLINDRICAL_SURFACE('',#7596,2.55);
#570=CYLINDRICAL_SURFACE('',#7624,1.5);
#571=CYLINDRICAL_SURFACE('',#7627,1.5);
#572=CYLINDRICAL_SURFACE('',#7629,1.);
#573=CYLINDRICAL_SURFACE('',#7635,1.55);
#574=CYLINDRICAL_SURFACE('',#7639,1.55);
#575=CYLINDRICAL_SURFACE('',#7651,2.9);
#576=CYLINDRICAL_SURFACE('',#7653,2.9);
#577=CYLINDRICAL_SURFACE('',#7668,4.4);
#578=CYLINDRICAL_SURFACE('',#7670,4.4);
#579=CYLINDRICAL_SURFACE('',#7673,1.2645);
#580=CYLINDRICAL_SURFACE('',#7675,2.5);
#581=CYLINDRICAL_SURFACE('',#7684,4.25);
#582=CYLINDRICAL_SURFACE('',#7712,2.55);
#583=CYLINDRICAL_SURFACE('',#7722,3.99999999999999);
#584=FACE_OUTER_BOUND('',#972,.T.);
#585=FACE_OUTER_BOUND('',#973,.T.);
#586=FACE_OUTER_BOUND('',#974,.T.);
#587=FACE_OUTER_BOUND('',#975,.T.);
#588=FACE_OUTER_BOUND('',#976,.T.);
#589=FACE_OUTER_BOUND('',#977,.T.);
#590=FACE_OUTER_BOUND('',#978,.T.);
#591=FACE_OUTER_BOUND('',#979,.T.);
#592=FACE_OUTER_BOUND('',#980,.T.);
#593=FACE_OUTER_BOUND('',#981,.T.);
#594=FACE_OUTER_BOUND('',#982,.T.);
#595=FACE_OUTER_BOUND('',#983,.T.);
#596=FACE_OUTER_BOUND('',#984,.T.);
#597=FACE_OUTER_BOUND('',#985,.T.);
#598=FACE_OUTER_BOUND('',#986,.T.);
#599=FACE_OUTER_BOUND('',#987,.T.);
#600=FACE_OUTER_BOUND('',#988,.T.);
#601=FACE_OUTER_BOUND('',#989,.T.);
#602=FACE_OUTER_BOUND('',#990,.T.);
#603=FACE_OUTER_BOUND('',#991,.T.);
#604=FACE_OUTER_BOUND('',#992,.T.);
#605=FACE_OUTER_BOUND('',#993,.T.);
#606=FACE_OUTER_BOUND('',#994,.T.);
#607=FACE_OUTER_BOUND('',#995,.T.);
#608=FACE_OUTER_BOUND('',#996,.T.);
#609=FACE_OUTER_BOUND('',#997,.T.);
#610=FACE_OUTER_BOUND('',#998,.T.);
#611=FACE_OUTER_BOUND('',#1001,.T.);
#612=FACE_OUTER_BOUND('',#1002,.T.);
#613=FACE_OUTER_BOUND('',#1005,.T.);
#614=FACE_OUTER_BOUND('',#1006,.T.);
#615=FACE_OUTER_BOUND('',#1007,.T.);
#616=FACE_OUTER_BOUND('',#1008,.T.);
#617=FACE_OUTER_BOUND('',#1009,.T.);
#618=FACE_OUTER_BOUND('',#1011,.T.);
#619=FACE_OUTER_BOUND('',#1012,.T.);
#620=FACE_OUTER_BOUND('',#1013,.T.);
#621=FACE_OUTER_BOUND('',#1015,.T.);
#622=FACE_OUTER_BOUND('',#1016,.T.);
#623=FACE_OUTER_BOUND('',#1017,.T.);
#624=FACE_OUTER_BOUND('',#1018,.T.);
#625=FACE_OUTER_BOUND('',#1019,.T.);
#626=FACE_OUTER_BOUND('',#1020,.T.);
#627=FACE_OUTER_BOUND('',#1021,.T.);
#628=FACE_OUTER_BOUND('',#1022,.T.);
#629=FACE_OUTER_BOUND('',#1023,.T.);
#630=FACE_OUTER_BOUND('',#1024,.T.);
#631=FACE_OUTER_BOUND('',#1025,.T.);
#632=FACE_OUTER_BOUND('',#1026,.T.);
#633=FACE_OUTER_BOUND('',#1027,.T.);
#634=FACE_OUTER_BOUND('',#1028,.T.);
#635=FACE_OUTER_BOUND('',#1030,.T.);
#636=FACE_OUTER_BOUND('',#1032,.T.);
#637=FACE_OUTER_BOUND('',#1033,.T.);
#638=FACE_OUTER_BOUND('',#1034,.T.);
#639=FACE_OUTER_BOUND('',#1035,.T.);
#640=FACE_OUTER_BOUND('',#1036,.T.);
#641=FACE_OUTER_BOUND('',#1037,.T.);
#642=FACE_OUTER_BOUND('',#1038,.T.);
#643=FACE_OUTER_BOUND('',#1039,.T.);
#644=FACE_OUTER_BOUND('',#1040,.T.);
#645=FACE_OUTER_BOUND('',#1041,.T.);
#646=FACE_OUTER_BOUND('',#1042,.T.);
#647=FACE_OUTER_BOUND('',#1043,.T.);
#648=FACE_OUTER_BOUND('',#1044,.T.);
#649=FACE_OUTER_BOUND('',#1045,.T.);
#650=FACE_OUTER_BOUND('',#1046,.T.);
#651=FACE_OUTER_BOUND('',#1047,.T.);
#652=FACE_OUTER_BOUND('',#1048,.T.);
#653=FACE_OUTER_BOUND('',#1049,.T.);
#654=FACE_OUTER_BOUND('',#1050,.T.);
#655=FACE_OUTER_BOUND('',#1051,.T.);
#656=FACE_OUTER_BOUND('',#1052,.T.);
#657=FACE_OUTER_BOUND('',#1053,.T.);
#658=FACE_OUTER_BOUND('',#1054,.T.);
#659=FACE_OUTER_BOUND('',#1055,.T.);
#660=FACE_OUTER_BOUND('',#1056,.T.);
#661=FACE_OUTER_BOUND('',#1057,.T.);
#662=FACE_OUTER_BOUND('',#1058,.T.);
#663=FACE_OUTER_BOUND('',#1059,.T.);
#664=FACE_OUTER_BOUND('',#1060,.T.);
#665=FACE_OUTER_BOUND('',#1061,.T.);
#666=FACE_OUTER_BOUND('',#1062,.T.);
#667=FACE_OUTER_BOUND('',#1063,.T.);
#668=FACE_OUTER_BOUND('',#1064,.T.);
#669=FACE_OUTER_BOUND('',#1065,.T.);
#670=FACE_OUTER_BOUND('',#1066,.T.);
#671=FACE_OUTER_BOUND('',#1067,.T.);
#672=FACE_OUTER_BOUND('',#1068,.T.);
#673=FACE_OUTER_BOUND('',#1069,.T.);
#674=FACE_OUTER_BOUND('',#1070,.T.);
#675=FACE_OUTER_BOUND('',#1071,.T.);
#676=FACE_OUTER_BOUND('',#1072,.T.);
#677=FACE_OUTER_BOUND('',#1073,.T.);
#678=FACE_OUTER_BOUND('',#1074,.T.);
#679=FACE_OUTER_BOUND('',#1075,.T.);
#680=FACE_OUTER_BOUND('',#1076,.T.);
#681=FACE_OUTER_BOUND('',#1077,.T.);
#682=FACE_OUTER_BOUND('',#1078,.T.);
#683=FACE_OUTER_BOUND('',#1079,.T.);
#684=FACE_OUTER_BOUND('',#1080,.T.);
#685=FACE_OUTER_BOUND('',#1081,.T.);
#686=FACE_OUTER_BOUND('',#1082,.T.);
#687=FACE_OUTER_BOUND('',#1083,.T.);
#688=FACE_OUTER_BOUND('',#1084,.T.);
#689=FACE_OUTER_BOUND('',#1085,.T.);
#690=FACE_OUTER_BOUND('',#1086,.T.);
#691=FACE_OUTER_BOUND('',#1087,.T.);
#692=FACE_OUTER_BOUND('',#1088,.T.);
#693=FACE_OUTER_BOUND('',#1089,.T.);
#694=FACE_OUTER_BOUND('',#1090,.T.);
#695=FACE_OUTER_BOUND('',#1091,.T.);
#696=FACE_OUTER_BOUND('',#1092,.T.);
#697=FACE_OUTER_BOUND('',#1093,.T.);
#698=FACE_OUTER_BOUND('',#1094,.T.);
#699=FACE_OUTER_BOUND('',#1095,.T.);
#700=FACE_OUTER_BOUND('',#1099,.T.);
#701=FACE_OUTER_BOUND('',#1100,.T.);
#702=FACE_OUTER_BOUND('',#1101,.T.);
#703=FACE_OUTER_BOUND('',#1102,.T.);
#704=FACE_OUTER_BOUND('',#1103,.T.);
#705=FACE_OUTER_BOUND('',#1104,.T.);
#706=FACE_OUTER_BOUND('',#1105,.T.);
#707=FACE_OUTER_BOUND('',#1106,.T.);
#708=FACE_OUTER_BOUND('',#1107,.T.);
#709=FACE_OUTER_BOUND('',#1108,.T.);
#710=FACE_OUTER_BOUND('',#1109,.T.);
#711=FACE_OUTER_BOUND('',#1110,.T.);
#712=FACE_OUTER_BOUND('',#1112,.T.);
#713=FACE_OUTER_BOUND('',#1113,.T.);
#714=FACE_OUTER_BOUND('',#1114,.T.);
#715=FACE_OUTER_BOUND('',#1115,.T.);
#716=FACE_OUTER_BOUND('',#1116,.T.);
#717=FACE_OUTER_BOUND('',#1117,.T.);
#718=FACE_OUTER_BOUND('',#1118,.T.);
#719=FACE_OUTER_BOUND('',#1119,.T.);
#720=FACE_OUTER_BOUND('',#1120,.T.);
#721=FACE_OUTER_BOUND('',#1121,.T.);
#722=FACE_OUTER_BOUND('',#1122,.T.);
#723=FACE_OUTER_BOUND('',#1123,.T.);
#724=FACE_OUTER_BOUND('',#1124,.T.);
#725=FACE_OUTER_BOUND('',#1125,.T.);
#726=FACE_OUTER_BOUND('',#1126,.T.);
#727=FACE_OUTER_BOUND('',#1127,.T.);
#728=FACE_OUTER_BOUND('',#1128,.T.);
#729=FACE_OUTER_BOUND('',#1129,.T.);
#730=FACE_OUTER_BOUND('',#1130,.T.);
#731=FACE_OUTER_BOUND('',#1131,.T.);
#732=FACE_OUTER_BOUND('',#1132,.T.);
#733=FACE_OUTER_BOUND('',#1133,.T.);
#734=FACE_OUTER_BOUND('',#1134,.T.);
#735=FACE_OUTER_BOUND('',#1135,.T.);
#736=FACE_OUTER_BOUND('',#1136,.T.);
#737=FACE_OUTER_BOUND('',#1137,.T.);
#738=FACE_OUTER_BOUND('',#1138,.T.);
#739=FACE_OUTER_BOUND('',#1140,.T.);
#740=FACE_OUTER_BOUND('',#1142,.T.);
#741=FACE_OUTER_BOUND('',#1143,.T.);
#742=FACE_OUTER_BOUND('',#1144,.T.);
#743=FACE_OUTER_BOUND('',#1145,.T.);
#744=FACE_OUTER_BOUND('',#1146,.T.);
#745=FACE_OUTER_BOUND('',#1147,.T.);
#746=FACE_OUTER_BOUND('',#1148,.T.);
#747=FACE_OUTER_BOUND('',#1149,.T.);
#748=FACE_OUTER_BOUND('',#1150,.T.);
#749=FACE_OUTER_BOUND('',#1151,.T.);
#750=FACE_OUTER_BOUND('',#1152,.T.);
#751=FACE_OUTER_BOUND('',#1153,.T.);
#752=FACE_OUTER_BOUND('',#1154,.T.);
#753=FACE_OUTER_BOUND('',#1155,.T.);
#754=FACE_OUTER_BOUND('',#1156,.T.);
#755=FACE_OUTER_BOUND('',#1157,.T.);
#756=FACE_OUTER_BOUND('',#1158,.T.);
#757=FACE_OUTER_BOUND('',#1159,.T.);
#758=FACE_OUTER_BOUND('',#1160,.T.);
#759=FACE_OUTER_BOUND('',#1161,.T.);
#760=FACE_OUTER_BOUND('',#1162,.T.);
#761=FACE_OUTER_BOUND('',#1163,.T.);
#762=FACE_OUTER_BOUND('',#1164,.T.);
#763=FACE_OUTER_BOUND('',#1165,.T.);
#764=FACE_OUTER_BOUND('',#1166,.T.);
#765=FACE_OUTER_BOUND('',#1167,.T.);
#766=FACE_OUTER_BOUND('',#1168,.T.);
#767=FACE_OUTER_BOUND('',#1169,.T.);
#768=FACE_OUTER_BOUND('',#1170,.T.);
#769=FACE_OUTER_BOUND('',#1171,.T.);
#770=FACE_OUTER_BOUND('',#1172,.T.);
#771=FACE_OUTER_BOUND('',#1173,.T.);
#772=FACE_OUTER_BOUND('',#1174,.T.);
#773=FACE_OUTER_BOUND('',#1175,.T.);
#774=FACE_OUTER_BOUND('',#1179,.T.);
#775=FACE_OUTER_BOUND('',#1180,.T.);
#776=FACE_OUTER_BOUND('',#1181,.T.);
#777=FACE_OUTER_BOUND('',#1182,.T.);
#778=FACE_OUTER_BOUND('',#1183,.T.);
#779=FACE_OUTER_BOUND('',#1184,.T.);
#780=FACE_OUTER_BOUND('',#1185,.T.);
#781=FACE_OUTER_BOUND('',#1186,.T.);
#782=FACE_OUTER_BOUND('',#1187,.T.);
#783=FACE_OUTER_BOUND('',#1188,.T.);
#784=FACE_OUTER_BOUND('',#1189,.T.);
#785=FACE_OUTER_BOUND('',#1190,.T.);
#786=FACE_OUTER_BOUND('',#1192,.T.);
#787=FACE_OUTER_BOUND('',#1193,.T.);
#788=FACE_OUTER_BOUND('',#1194,.T.);
#789=FACE_OUTER_BOUND('',#1195,.T.);
#790=FACE_OUTER_BOUND('',#1196,.T.);
#791=FACE_OUTER_BOUND('',#1197,.T.);
#792=FACE_OUTER_BOUND('',#1198,.T.);
#793=FACE_OUTER_BOUND('',#1199,.T.);
#794=FACE_OUTER_BOUND('',#1200,.T.);
#795=FACE_OUTER_BOUND('',#1201,.T.);
#796=FACE_OUTER_BOUND('',#1202,.T.);
#797=FACE_OUTER_BOUND('',#1203,.T.);
#798=FACE_OUTER_BOUND('',#1204,.T.);
#799=FACE_OUTER_BOUND('',#1205,.T.);
#800=FACE_OUTER_BOUND('',#1206,.T.);
#801=FACE_OUTER_BOUND('',#1207,.T.);
#802=FACE_OUTER_BOUND('',#1208,.T.);
#803=FACE_OUTER_BOUND('',#1209,.T.);
#804=FACE_OUTER_BOUND('',#1210,.T.);
#805=FACE_OUTER_BOUND('',#1211,.T.);
#806=FACE_OUTER_BOUND('',#1212,.T.);
#807=FACE_OUTER_BOUND('',#1213,.T.);
#808=FACE_OUTER_BOUND('',#1214,.T.);
#809=FACE_OUTER_BOUND('',#1215,.T.);
#810=FACE_OUTER_BOUND('',#1216,.T.);
#811=FACE_OUTER_BOUND('',#1217,.T.);
#812=FACE_OUTER_BOUND('',#1218,.T.);
#813=FACE_OUTER_BOUND('',#1219,.T.);
#814=FACE_OUTER_BOUND('',#1220,.T.);
#815=FACE_OUTER_BOUND('',#1221,.T.);
#816=FACE_OUTER_BOUND('',#1222,.T.);
#817=FACE_OUTER_BOUND('',#1223,.T.);
#818=FACE_OUTER_BOUND('',#1224,.T.);
#819=FACE_OUTER_BOUND('',#1225,.T.);
#820=FACE_OUTER_BOUND('',#1226,.T.);
#821=FACE_OUTER_BOUND('',#1227,.T.);
#822=FACE_OUTER_BOUND('',#1228,.T.);
#823=FACE_OUTER_BOUND('',#1229,.T.);
#824=FACE_OUTER_BOUND('',#1230,.T.);
#825=FACE_OUTER_BOUND('',#1231,.T.);
#826=FACE_OUTER_BOUND('',#1232,.T.);
#827=FACE_OUTER_BOUND('',#1233,.T.);
#828=FACE_OUTER_BOUND('',#1234,.T.);
#829=FACE_OUTER_BOUND('',#1235,.T.);
#830=FACE_OUTER_BOUND('',#1236,.T.);
#831=FACE_OUTER_BOUND('',#1238,.T.);
#832=FACE_OUTER_BOUND('',#1239,.T.);
#833=FACE_OUTER_BOUND('',#1240,.T.);
#834=FACE_OUTER_BOUND('',#1241,.T.);
#835=FACE_OUTER_BOUND('',#1243,.T.);
#836=FACE_OUTER_BOUND('',#1244,.T.);
#837=FACE_OUTER_BOUND('',#1245,.T.);
#838=FACE_OUTER_BOUND('',#1246,.T.);
#839=FACE_OUTER_BOUND('',#1247,.T.);
#840=FACE_OUTER_BOUND('',#1248,.T.);
#841=FACE_OUTER_BOUND('',#1249,.T.);
#842=FACE_OUTER_BOUND('',#1250,.T.);
#843=FACE_OUTER_BOUND('',#1251,.T.);
#844=FACE_OUTER_BOUND('',#1252,.T.);
#845=FACE_OUTER_BOUND('',#1253,.T.);
#846=FACE_OUTER_BOUND('',#1254,.T.);
#847=FACE_OUTER_BOUND('',#1255,.T.);
#848=FACE_OUTER_BOUND('',#1256,.T.);
#849=FACE_OUTER_BOUND('',#1257,.T.);
#850=FACE_OUTER_BOUND('',#1258,.T.);
#851=FACE_OUTER_BOUND('',#1260,.T.);
#852=FACE_OUTER_BOUND('',#1261,.T.);
#853=FACE_OUTER_BOUND('',#1262,.T.);
#854=FACE_OUTER_BOUND('',#1263,.T.);
#855=FACE_OUTER_BOUND('',#1265,.T.);
#856=FACE_OUTER_BOUND('',#1266,.T.);
#857=FACE_OUTER_BOUND('',#1267,.T.);
#858=FACE_OUTER_BOUND('',#1268,.T.);
#859=FACE_OUTER_BOUND('',#1269,.T.);
#860=FACE_OUTER_BOUND('',#1270,.T.);
#861=FACE_OUTER_BOUND('',#1271,.T.);
#862=FACE_OUTER_BOUND('',#1272,.T.);
#863=FACE_OUTER_BOUND('',#1273,.T.);
#864=FACE_OUTER_BOUND('',#1274,.T.);
#865=FACE_OUTER_BOUND('',#1275,.T.);
#866=FACE_OUTER_BOUND('',#1276,.T.);
#867=FACE_OUTER_BOUND('',#1277,.T.);
#868=FACE_OUTER_BOUND('',#1278,.T.);
#869=FACE_OUTER_BOUND('',#1279,.T.);
#870=FACE_OUTER_BOUND('',#1280,.T.);
#871=FACE_OUTER_BOUND('',#1281,.T.);
#872=FACE_OUTER_BOUND('',#1282,.T.);
#873=FACE_OUTER_BOUND('',#1283,.T.);
#874=FACE_OUTER_BOUND('',#1284,.T.);
#875=FACE_OUTER_BOUND('',#1285,.T.);
#876=FACE_OUTER_BOUND('',#1286,.T.);
#877=FACE_OUTER_BOUND('',#1287,.T.);
#878=FACE_OUTER_BOUND('',#1288,.T.);
#879=FACE_OUTER_BOUND('',#1289,.T.);
#880=FACE_OUTER_BOUND('',#1290,.T.);
#881=FACE_OUTER_BOUND('',#1291,.T.);
#882=FACE_OUTER_BOUND('',#1292,.T.);
#883=FACE_OUTER_BOUND('',#1293,.T.);
#884=FACE_OUTER_BOUND('',#1294,.T.);
#885=FACE_OUTER_BOUND('',#1295,.T.);
#886=FACE_OUTER_BOUND('',#1297,.T.);
#887=FACE_OUTER_BOUND('',#1298,.T.);
#888=FACE_OUTER_BOUND('',#1300,.T.);
#889=FACE_OUTER_BOUND('',#1301,.T.);
#890=FACE_OUTER_BOUND('',#1302,.T.);
#891=FACE_OUTER_BOUND('',#1303,.T.);
#892=FACE_OUTER_BOUND('',#1304,.T.);
#893=FACE_OUTER_BOUND('',#1305,.T.);
#894=FACE_OUTER_BOUND('',#1308,.T.);
#895=FACE_OUTER_BOUND('',#1309,.T.);
#896=FACE_OUTER_BOUND('',#1310,.T.);
#897=FACE_OUTER_BOUND('',#1311,.T.);
#898=FACE_OUTER_BOUND('',#1312,.T.);
#899=FACE_OUTER_BOUND('',#1313,.T.);
#900=FACE_OUTER_BOUND('',#1315,.T.);
#901=FACE_OUTER_BOUND('',#1316,.T.);
#902=FACE_OUTER_BOUND('',#1317,.T.);
#903=FACE_OUTER_BOUND('',#1318,.T.);
#904=FACE_OUTER_BOUND('',#1320,.T.);
#905=FACE_OUTER_BOUND('',#1321,.T.);
#906=FACE_OUTER_BOUND('',#1324,.T.);
#907=FACE_OUTER_BOUND('',#1325,.T.);
#908=FACE_OUTER_BOUND('',#1326,.T.);
#909=FACE_OUTER_BOUND('',#1327,.T.);
#910=FACE_OUTER_BOUND('',#1328,.T.);
#911=FACE_OUTER_BOUND('',#1329,.T.);
#912=FACE_OUTER_BOUND('',#1330,.T.);
#913=FACE_OUTER_BOUND('',#1331,.T.);
#914=FACE_OUTER_BOUND('',#1332,.T.);
#915=FACE_OUTER_BOUND('',#1333,.T.);
#916=FACE_OUTER_BOUND('',#1334,.T.);
#917=FACE_OUTER_BOUND('',#1335,.T.);
#918=FACE_OUTER_BOUND('',#1336,.T.);
#919=FACE_OUTER_BOUND('',#1337,.T.);
#920=FACE_OUTER_BOUND('',#1338,.T.);
#921=FACE_OUTER_BOUND('',#1343,.T.);
#922=FACE_OUTER_BOUND('',#1344,.T.);
#923=FACE_OUTER_BOUND('',#1345,.T.);
#924=FACE_OUTER_BOUND('',#1346,.T.);
#925=FACE_OUTER_BOUND('',#1347,.T.);
#926=FACE_OUTER_BOUND('',#1349,.T.);
#927=FACE_OUTER_BOUND('',#1350,.T.);
#928=FACE_OUTER_BOUND('',#1352,.T.);
#929=FACE_OUTER_BOUND('',#1353,.T.);
#930=FACE_OUTER_BOUND('',#1354,.T.);
#931=FACE_OUTER_BOUND('',#1355,.T.);
#932=FACE_OUTER_BOUND('',#1356,.T.);
#933=FACE_OUTER_BOUND('',#1357,.T.);
#934=FACE_OUTER_BOUND('',#1358,.T.);
#935=FACE_OUTER_BOUND('',#1359,.T.);
#936=FACE_OUTER_BOUND('',#1362,.T.);
#937=FACE_OUTER_BOUND('',#1363,.T.);
#938=FACE_OUTER_BOUND('',#1365,.T.);
#939=FACE_OUTER_BOUND('',#1368,.T.);
#940=FACE_OUTER_BOUND('',#1369,.T.);
#941=FACE_OUTER_BOUND('',#1370,.T.);
#942=FACE_OUTER_BOUND('',#1371,.T.);
#943=FACE_OUTER_BOUND('',#1372,.T.);
#944=FACE_OUTER_BOUND('',#1373,.T.);
#945=FACE_OUTER_BOUND('',#1374,.T.);
#946=FACE_OUTER_BOUND('',#1376,.T.);
#947=FACE_OUTER_BOUND('',#1377,.T.);
#948=FACE_OUTER_BOUND('',#1378,.T.);
#949=FACE_OUTER_BOUND('',#1379,.T.);
#950=FACE_OUTER_BOUND('',#1381,.T.);
#951=FACE_OUTER_BOUND('',#1382,.T.);
#952=FACE_OUTER_BOUND('',#1383,.T.);
#953=FACE_OUTER_BOUND('',#1384,.T.);
#954=FACE_OUTER_BOUND('',#1385,.T.);
#955=FACE_OUTER_BOUND('',#1386,.T.);
#956=FACE_OUTER_BOUND('',#1387,.T.);
#957=FACE_OUTER_BOUND('',#1388,.T.);
#958=FACE_OUTER_BOUND('',#1389,.T.);
#959=FACE_OUTER_BOUND('',#1390,.T.);
#960=FACE_OUTER_BOUND('',#1391,.T.);
#961=FACE_OUTER_BOUND('',#1392,.T.);
#962=FACE_OUTER_BOUND('',#1393,.T.);
#963=FACE_OUTER_BOUND('',#1394,.T.);
#964=FACE_OUTER_BOUND('',#1395,.T.);
#965=FACE_OUTER_BOUND('',#1396,.T.);
#966=FACE_OUTER_BOUND('',#1397,.T.);
#967=FACE_OUTER_BOUND('',#1399,.T.);
#968=FACE_OUTER_BOUND('',#1400,.T.);
#969=FACE_OUTER_BOUND('',#1402,.T.);
#970=FACE_OUTER_BOUND('',#1403,.T.);
#971=FACE_OUTER_BOUND('',#1404,.T.);
#972=EDGE_LOOP('',(#4613,#4614,#4615,#4616));
#973=EDGE_LOOP('',(#4617,#4618,#4619,#4620));
#974=EDGE_LOOP('',(#4621,#4622,#4623,#4624));
#975=EDGE_LOOP('',(#4625,#4626,#4627,#4628));
#976=EDGE_LOOP('',(#4629,#4630,#4631,#4632));
#977=EDGE_LOOP('',(#4633,#4634,#4635,#4636));
#978=EDGE_LOOP('',(#4637,#4638,#4639,#4640));
#979=EDGE_LOOP('',(#4641,#4642,#4643,#4644));
#980=EDGE_LOOP('',(#4645,#4646,#4647,#4648));
#981=EDGE_LOOP('',(#4649,#4650,#4651,#4652));
#982=EDGE_LOOP('',(#4653));
#983=EDGE_LOOP('',(#4654));
#984=EDGE_LOOP('',(#4655,#4656,#4657,#4658));
#985=EDGE_LOOP('',(#4659,#4660,#4661,#4662));
#986=EDGE_LOOP('',(#4663,#4664,#4665,#4666));
#987=EDGE_LOOP('',(#4667,#4668,#4669,#4670));
#988=EDGE_LOOP('',(#4671,#4672,#4673,#4674));
#989=EDGE_LOOP('',(#4675,#4676,#4677,#4678));
#990=EDGE_LOOP('',(#4679,#4680,#4681,#4682));
#991=EDGE_LOOP('',(#4683,#4684,#4685,#4686));
#992=EDGE_LOOP('',(#4687,#4688,#4689,#4690));
#993=EDGE_LOOP('',(#4691,#4692,#4693,#4694));
#994=EDGE_LOOP('',(#4695,#4696,#4697,#4698));
#995=EDGE_LOOP('',(#4699,#4700,#4701,#4702));
#996=EDGE_LOOP('',(#4703,#4704,#4705,#4706));
#997=EDGE_LOOP('',(#4707,#4708,#4709,#4710));
#998=EDGE_LOOP('',(#4711,#4712,#4713,#4714));
#999=EDGE_LOOP('',(#4715));
#1000=EDGE_LOOP('',(#4716));
#1001=EDGE_LOOP('',(#4717,#4718,#4719,#4720));
#1002=EDGE_LOOP('',(#4721,#4722,#4723,#4724));
#1003=EDGE_LOOP('',(#4725));
#1004=EDGE_LOOP('',(#4726));
#1005=EDGE_LOOP('',(#4727,#4728,#4729,#4730));
#1006=EDGE_LOOP('',(#4731,#4732,#4733,#4734));
#1007=EDGE_LOOP('',(#4735,#4736,#4737,#4738));
#1008=EDGE_LOOP('',(#4739,#4740,#4741,#4742));
#1009=EDGE_LOOP('',(#4743,#4744,#4745,#4746,#4747,#4748,#4749,#4750,#4751,
#4752,#4753,#4754,#4755,#4756,#4757,#4758,#4759,#4760,#4761,#4762,#4763,
#4764));
#1010=EDGE_LOOP('',(#4765));
#1011=EDGE_LOOP('',(#4766));
#1012=EDGE_LOOP('',(#4767));
#1013=EDGE_LOOP('',(#4768,#4769,#4770,#4771,#4772,#4773,#4774,#4775,#4776,
#4777,#4778,#4779,#4780,#4781,#4782,#4783,#4784,#4785,#4786,#4787,#4788,
#4789));
#1014=EDGE_LOOP('',(#4790));
#1015=EDGE_LOOP('',(#4791,#4792,#4793,#4794));
#1016=EDGE_LOOP('',(#4795,#4796,#4797,#4798));
#1017=EDGE_LOOP('',(#4799,#4800,#4801,#4802));
#1018=EDGE_LOOP('',(#4803,#4804,#4805,#4806));
#1019=EDGE_LOOP('',(#4807,#4808,#4809,#4810));
#1020=EDGE_LOOP('',(#4811,#4812,#4813,#4814));
#1021=EDGE_LOOP('',(#4815,#4816,#4817,#4818));
#1022=EDGE_LOOP('',(#4819,#4820,#4821,#4822));
#1023=EDGE_LOOP('',(#4823,#4824,#4825,#4826));
#1024=EDGE_LOOP('',(#4827,#4828,#4829,#4830));
#1025=EDGE_LOOP('',(#4831,#4832,#4833,#4834));
#1026=EDGE_LOOP('',(#4835,#4836,#4837,#4838));
#1027=EDGE_LOOP('',(#4839,#4840,#4841,#4842));
#1028=EDGE_LOOP('',(#4843,#4844,#4845,#4846,#4847,#4848,#4849,#4850,#4851,
#4852,#4853,#4854,#4855,#4856,#4857,#4858,#4859,#4860));
#1029=EDGE_LOOP('',(#4861));
#1030=EDGE_LOOP('',(#4862,#4863,#4864,#4865,#4866,#4867,#4868,#4869,#4870,
#4871,#4872,#4873,#4874,#4875,#4876,#4877,#4878,#4879));
#1031=EDGE_LOOP('',(#4880));
#1032=EDGE_LOOP('',(#4881,#4882,#4883,#4884));
#1033=EDGE_LOOP('',(#4885,#4886,#4887,#4888));
#1034=EDGE_LOOP('',(#4889,#4890,#4891,#4892));
#1035=EDGE_LOOP('',(#4893,#4894,#4895,#4896));
#1036=EDGE_LOOP('',(#4897,#4898,#4899,#4900));
#1037=EDGE_LOOP('',(#4901,#4902,#4903,#4904));
#1038=EDGE_LOOP('',(#4905,#4906,#4907,#4908,#4909,#4910,#4911,#4912,#4913,
#4914,#4915,#4916,#4917,#4918,#4919,#4920));
#1039=EDGE_LOOP('',(#4921));
#1040=EDGE_LOOP('',(#4922,#4923,#4924,#4925,#4926));
#1041=EDGE_LOOP('',(#4927,#4928,#4929,#4930));
#1042=EDGE_LOOP('',(#4931,#4932,#4933,#4934));
#1043=EDGE_LOOP('',(#4935,#4936,#4937,#4938));
#1044=EDGE_LOOP('',(#4939,#4940,#4941,#4942));
#1045=EDGE_LOOP('',(#4943,#4944,#4945,#4946));
#1046=EDGE_LOOP('',(#4947,#4948,#4949,#4950));
#1047=EDGE_LOOP('',(#4951,#4952,#4953,#4954));
#1048=EDGE_LOOP('',(#4955,#4956,#4957,#4958));
#1049=EDGE_LOOP('',(#4959,#4960,#4961,#4962));
#1050=EDGE_LOOP('',(#4963,#4964,#4965,#4966));
#1051=EDGE_LOOP('',(#4967,#4968,#4969,#4970));
#1052=EDGE_LOOP('',(#4971,#4972,#4973,#4974,#4975,#4976,#4977,#4978,#4979,
#4980,#4981,#4982));
#1053=EDGE_LOOP('',(#4983,#4984,#4985,#4986,#4987,#4988,#4989,#4990,#4991,
#4992,#4993,#4994,#4995,#4996,#4997,#4998));
#1054=EDGE_LOOP('',(#4999));
#1055=EDGE_LOOP('',(#5000,#5001,#5002,#5003));
#1056=EDGE_LOOP('',(#5004,#5005,#5006,#5007));
#1057=EDGE_LOOP('',(#5008,#5009,#5010,#5011));
#1058=EDGE_LOOP('',(#5012,#5013,#5014,#5015));
#1059=EDGE_LOOP('',(#5016,#5017,#5018,#5019));
#1060=EDGE_LOOP('',(#5020,#5021,#5022,#5023));
#1061=EDGE_LOOP('',(#5024,#5025,#5026,#5027,#5028));
#1062=EDGE_LOOP('',(#5029,#5030,#5031,#5032));
#1063=EDGE_LOOP('',(#5033,#5034,#5035,#5036));
#1064=EDGE_LOOP('',(#5037,#5038,#5039,#5040));
#1065=EDGE_LOOP('',(#5041,#5042,#5043,#5044));
#1066=EDGE_LOOP('',(#5045,#5046,#5047,#5048));
#1067=EDGE_LOOP('',(#5049,#5050,#5051,#5052,#5053,#5054,#5055,#5056,#5057,
#5058,#5059,#5060));
#1068=EDGE_LOOP('',(#5061,#5062,#5063,#5064));
#1069=EDGE_LOOP('',(#5065,#5066,#5067,#5068,#5069,#5070,#5071,#5072,#5073,
#5074,#5075,#5076));
#1070=EDGE_LOOP('',(#5077,#5078,#5079,#5080));
#1071=EDGE_LOOP('',(#5081,#5082,#5083,#5084,#5085,#5086,#5087,#5088,#5089,
#5090,#5091,#5092));
#1072=EDGE_LOOP('',(#5093,#5094,#5095,#5096,#5097,#5098,#5099,#5100,#5101,
#5102));
#1073=EDGE_LOOP('',(#5103,#5104,#5105,#5106,#5107,#5108,#5109,#5110));
#1074=EDGE_LOOP('',(#5111,#5112,#5113,#5114,#5115,#5116,#5117,#5118,#5119,
#5120,#5121,#5122,#5123,#5124,#5125,#5126,#5127,#5128,#5129,#5130,#5131,
#5132,#5133,#5134,#5135,#5136,#5137,#5138,#5139,#5140,#5141,#5142));
#1075=EDGE_LOOP('',(#5143,#5144,#5145,#5146,#5147,#5148,#5149,#5150));
#1076=EDGE_LOOP('',(#5151,#5152,#5153,#5154,#5155,#5156,#5157,#5158,#5159,
#5160));
#1077=EDGE_LOOP('',(#5161,#5162,#5163,#5164));
#1078=EDGE_LOOP('',(#5165,#5166,#5167,#5168));
#1079=EDGE_LOOP('',(#5169,#5170,#5171,#5172));
#1080=EDGE_LOOP('',(#5173,#5174,#5175,#5176));
#1081=EDGE_LOOP('',(#5177,#5178,#5179,#5180));
#1082=EDGE_LOOP('',(#5181,#5182,#5183,#5184));
#1083=EDGE_LOOP('',(#5185,#5186,#5187,#5188));
#1084=EDGE_LOOP('',(#5189,#5190,#5191,#5192));
#1085=EDGE_LOOP('',(#5193,#5194,#5195,#5196,#5197,#5198,#5199,#5200));
#1086=EDGE_LOOP('',(#5201,#5202,#5203,#5204));
#1087=EDGE_LOOP('',(#5205,#5206,#5207,#5208));
#1088=EDGE_LOOP('',(#5209,#5210,#5211,#5212));
#1089=EDGE_LOOP('',(#5213,#5214,#5215,#5216));
#1090=EDGE_LOOP('',(#5217,#5218,#5219,#5220));
#1091=EDGE_LOOP('',(#5221,#5222,#5223,#5224));
#1092=EDGE_LOOP('',(#5225,#5226,#5227,#5228));
#1093=EDGE_LOOP('',(#5229,#5230,#5231,#5232));
#1094=EDGE_LOOP('',(#5233,#5234,#5235,#5236));
#1095=EDGE_LOOP('',(#5237,#5238,#5239,#5240,#5241,#5242,#5243,#5244,#5245,
#5246,#5247,#5248,#5249,#5250,#5251,#5252,#5253,#5254,#5255,#5256,#5257,
#5258,#5259,#5260,#5261,#5262));
#1096=EDGE_LOOP('',(#5263));
#1097=EDGE_LOOP('',(#5264));
#1098=EDGE_LOOP('',(#5265));
#1099=EDGE_LOOP('',(#5266,#5267,#5268,#5269));
#1100=EDGE_LOOP('',(#5270,#5271,#5272,#5273));
#1101=EDGE_LOOP('',(#5274,#5275,#5276,#5277));
#1102=EDGE_LOOP('',(#5278,#5279,#5280,#5281));
#1103=EDGE_LOOP('',(#5282,#5283,#5284,#5285));
#1104=EDGE_LOOP('',(#5286,#5287,#5288,#5289));
#1105=EDGE_LOOP('',(#5290,#5291,#5292,#5293));
#1106=EDGE_LOOP('',(#5294,#5295,#5296,#5297));
#1107=EDGE_LOOP('',(#5298,#5299,#5300,#5301));
#1108=EDGE_LOOP('',(#5302,#5303,#5304,#5305));
#1109=EDGE_LOOP('',(#5306,#5307,#5308,#5309));
#1110=EDGE_LOOP('',(#5310,#5311,#5312,#5313,#5314,#5315,#5316,#5317));
#1111=EDGE_LOOP('',(#5318));
#1112=EDGE_LOOP('',(#5319,#5320,#5321,#5322));
#1113=EDGE_LOOP('',(#5323,#5324,#5325,#5326));
#1114=EDGE_LOOP('',(#5327,#5328,#5329,#5330));
#1115=EDGE_LOOP('',(#5331,#5332,#5333,#5334));
#1116=EDGE_LOOP('',(#5335,#5336,#5337,#5338));
#1117=EDGE_LOOP('',(#5339,#5340,#5341,#5342,#5343,#5344,#5345,#5346));
#1118=EDGE_LOOP('',(#5347,#5348,#5349,#5350));
#1119=EDGE_LOOP('',(#5351,#5352,#5353,#5354));
#1120=EDGE_LOOP('',(#5355,#5356,#5357,#5358));
#1121=EDGE_LOOP('',(#5359,#5360,#5361,#5362));
#1122=EDGE_LOOP('',(#5363,#5364,#5365,#5366));
#1123=EDGE_LOOP('',(#5367,#5368,#5369,#5370));
#1124=EDGE_LOOP('',(#5371,#5372,#5373,#5374,#5375,#5376,#5377,#5378));
#1125=EDGE_LOOP('',(#5379,#5380,#5381,#5382));
#1126=EDGE_LOOP('',(#5383,#5384,#5385,#5386));
#1127=EDGE_LOOP('',(#5387,#5388,#5389,#5390));
#1128=EDGE_LOOP('',(#5391,#5392,#5393,#5394));
#1129=EDGE_LOOP('',(#5395,#5396,#5397,#5398));
#1130=EDGE_LOOP('',(#5399,#5400,#5401,#5402));
#1131=EDGE_LOOP('',(#5403,#5404,#5405,#5406));
#1132=EDGE_LOOP('',(#5407,#5408,#5409,#5410));
#1133=EDGE_LOOP('',(#5411,#5412,#5413,#5414));
#1134=EDGE_LOOP('',(#5415,#5416,#5417,#5418));
#1135=EDGE_LOOP('',(#5419,#5420,#5421,#5422));
#1136=EDGE_LOOP('',(#5423,#5424,#5425,#5426));
#1137=EDGE_LOOP('',(#5427,#5428,#5429,#5430));
#1138=EDGE_LOOP('',(#5431,#5432,#5433,#5434,#5435,#5436,#5437,#5438,#5439,
#5440,#5441,#5442,#5443,#5444,#5445,#5446,#5447,#5448));
#1139=EDGE_LOOP('',(#5449));
#1140=EDGE_LOOP('',(#5450,#5451,#5452,#5453,#5454,#5455,#5456,#5457,#5458,
#5459,#5460,#5461,#5462,#5463,#5464,#5465,#5466,#5467));
#1141=EDGE_LOOP('',(#5468));
#1142=EDGE_LOOP('',(#5469,#5470,#5471,#5472));
#1143=EDGE_LOOP('',(#5473,#5474,#5475,#5476));
#1144=EDGE_LOOP('',(#5477,#5478,#5479,#5480));
#1145=EDGE_LOOP('',(#5481,#5482,#5483,#5484));
#1146=EDGE_LOOP('',(#5485,#5486,#5487,#5488));
#1147=EDGE_LOOP('',(#5489,#5490,#5491,#5492));
#1148=EDGE_LOOP('',(#5493,#5494,#5495,#5496));
#1149=EDGE_LOOP('',(#5497,#5498,#5499,#5500,#5501,#5502,#5503,#5504,#5505,
#5506,#5507,#5508));
#1150=EDGE_LOOP('',(#5509,#5510,#5511,#5512));
#1151=EDGE_LOOP('',(#5513,#5514,#5515,#5516,#5517,#5518,#5519,#5520,#5521,
#5522,#5523,#5524));
#1152=EDGE_LOOP('',(#5525,#5526,#5527,#5528,#5529,#5530,#5531,#5532,#5533,
#5534));
#1153=EDGE_LOOP('',(#5535,#5536,#5537,#5538,#5539,#5540,#5541,#5542));
#1154=EDGE_LOOP('',(#5543,#5544,#5545,#5546,#5547,#5548,#5549,#5550,#5551,
#5552,#5553,#5554,#5555,#5556,#5557,#5558,#5559,#5560,#5561,#5562,#5563,
#5564,#5565,#5566,#5567,#5568,#5569,#5570,#5571,#5572,#5573,#5574));
#1155=EDGE_LOOP('',(#5575,#5576,#5577,#5578,#5579,#5580,#5581,#5582));
#1156=EDGE_LOOP('',(#5583,#5584,#5585,#5586,#5587,#5588,#5589,#5590,#5591,
#5592));
#1157=EDGE_LOOP('',(#5593,#5594,#5595,#5596));
#1158=EDGE_LOOP('',(#5597,#5598,#5599,#5600));
#1159=EDGE_LOOP('',(#5601,#5602,#5603,#5604));
#1160=EDGE_LOOP('',(#5605,#5606,#5607,#5608));
#1161=EDGE_LOOP('',(#5609,#5610,#5611,#5612));
#1162=EDGE_LOOP('',(#5613,#5614,#5615,#5616));
#1163=EDGE_LOOP('',(#5617,#5618,#5619,#5620));
#1164=EDGE_LOOP('',(#5621,#5622,#5623,#5624));
#1165=EDGE_LOOP('',(#5625,#5626,#5627,#5628,#5629,#5630,#5631,#5632));
#1166=EDGE_LOOP('',(#5633,#5634,#5635,#5636));
#1167=EDGE_LOOP('',(#5637,#5638,#5639,#5640));
#1168=EDGE_LOOP('',(#5641,#5642,#5643,#5644));
#1169=EDGE_LOOP('',(#5645,#5646,#5647,#5648));
#1170=EDGE_LOOP('',(#5649,#5650,#5651,#5652));
#1171=EDGE_LOOP('',(#5653,#5654,#5655,#5656));
#1172=EDGE_LOOP('',(#5657,#5658,#5659,#5660));
#1173=EDGE_LOOP('',(#5661,#5662,#5663,#5664));
#1174=EDGE_LOOP('',(#5665,#5666,#5667,#5668));
#1175=EDGE_LOOP('',(#5669,#5670,#5671,#5672,#5673,#5674,#5675,#5676,#5677,
#5678,#5679,#5680,#5681,#5682,#5683,#5684,#5685,#5686,#5687,#5688,#5689,
#5690,#5691,#5692,#5693,#5694));
#1176=EDGE_LOOP('',(#5695));
#1177=EDGE_LOOP('',(#5696));
#1178=EDGE_LOOP('',(#5697));
#1179=EDGE_LOOP('',(#5698,#5699,#5700,#5701));
#1180=EDGE_LOOP('',(#5702,#5703,#5704,#5705));
#1181=EDGE_LOOP('',(#5706,#5707,#5708,#5709));
#1182=EDGE_LOOP('',(#5710,#5711,#5712,#5713));
#1183=EDGE_LOOP('',(#5714,#5715,#5716,#5717));
#1184=EDGE_LOOP('',(#5718,#5719,#5720,#5721));
#1185=EDGE_LOOP('',(#5722,#5723,#5724,#5725));
#1186=EDGE_LOOP('',(#5726,#5727,#5728,#5729));
#1187=EDGE_LOOP('',(#5730,#5731,#5732,#5733));
#1188=EDGE_LOOP('',(#5734,#5735,#5736,#5737));
#1189=EDGE_LOOP('',(#5738,#5739,#5740,#5741));
#1190=EDGE_LOOP('',(#5742,#5743,#5744,#5745,#5746,#5747,#5748,#5749));
#1191=EDGE_LOOP('',(#5750));
#1192=EDGE_LOOP('',(#5751,#5752,#5753,#5754));
#1193=EDGE_LOOP('',(#5755,#5756,#5757,#5758));
#1194=EDGE_LOOP('',(#5759,#5760,#5761,#5762));
#1195=EDGE_LOOP('',(#5763,#5764,#5765,#5766));
#1196=EDGE_LOOP('',(#5767,#5768,#5769,#5770));
#1197=EDGE_LOOP('',(#5771,#5772,#5773,#5774,#5775,#5776,#5777,#5778));
#1198=EDGE_LOOP('',(#5779,#5780,#5781,#5782));
#1199=EDGE_LOOP('',(#5783,#5784,#5785,#5786));
#1200=EDGE_LOOP('',(#5787,#5788,#5789,#5790));
#1201=EDGE_LOOP('',(#5791,#5792,#5793,#5794));
#1202=EDGE_LOOP('',(#5795,#5796,#5797,#5798));
#1203=EDGE_LOOP('',(#5799,#5800,#5801,#5802));
#1204=EDGE_LOOP('',(#5803,#5804,#5805,#5806,#5807,#5808,#5809,#5810));
#1205=EDGE_LOOP('',(#5811,#5812,#5813,#5814,#5815,#5816,#5817,#5818,#5819,
#5820,#5821,#5822,#5823,#5824,#5825,#5826));
#1206=EDGE_LOOP('',(#5827));
#1207=EDGE_LOOP('',(#5828,#5829,#5830,#5831,#5832));
#1208=EDGE_LOOP('',(#5833,#5834,#5835,#5836));
#1209=EDGE_LOOP('',(#5837,#5838,#5839,#5840));
#1210=EDGE_LOOP('',(#5841,#5842,#5843,#5844));
#1211=EDGE_LOOP('',(#5845,#5846,#5847,#5848));
#1212=EDGE_LOOP('',(#5849,#5850,#5851,#5852));
#1213=EDGE_LOOP('',(#5853,#5854,#5855,#5856));
#1214=EDGE_LOOP('',(#5857,#5858,#5859,#5860));
#1215=EDGE_LOOP('',(#5861,#5862,#5863,#5864));
#1216=EDGE_LOOP('',(#5865,#5866,#5867,#5868));
#1217=EDGE_LOOP('',(#5869,#5870,#5871,#5872));
#1218=EDGE_LOOP('',(#5873,#5874,#5875,#5876));
#1219=EDGE_LOOP('',(#5877,#5878,#5879,#5880,#5881,#5882,#5883,#5884,#5885,
#5886,#5887,#5888));
#1220=EDGE_LOOP('',(#5889,#5890,#5891,#5892,#5893,#5894,#5895,#5896,#5897,
#5898,#5899,#5900,#5901,#5902,#5903,#5904));
#1221=EDGE_LOOP('',(#5905));
#1222=EDGE_LOOP('',(#5906,#5907,#5908,#5909));
#1223=EDGE_LOOP('',(#5910,#5911,#5912,#5913));
#1224=EDGE_LOOP('',(#5914,#5915,#5916,#5917));
#1225=EDGE_LOOP('',(#5918,#5919,#5920,#5921));
#1226=EDGE_LOOP('',(#5922,#5923,#5924,#5925));
#1227=EDGE_LOOP('',(#5926,#5927,#5928,#5929));
#1228=EDGE_LOOP('',(#5930,#5931,#5932,#5933,#5934));
#1229=EDGE_LOOP('',(#5935,#5936,#5937,#5938));
#1230=EDGE_LOOP('',(#5939,#5940,#5941,#5942));
#1231=EDGE_LOOP('',(#5943,#5944,#5945,#5946));
#1232=EDGE_LOOP('',(#5947,#5948,#5949,#5950));
#1233=EDGE_LOOP('',(#5951,#5952,#5953,#5954));
#1234=EDGE_LOOP('',(#5955,#5956,#5957,#5958,#5959,#5960,#5961,#5962,#5963,
#5964,#5965,#5966));
#1235=EDGE_LOOP('',(#5967,#5968,#5969,#5970,#5971));
#1236=EDGE_LOOP('',(#5972));
#1237=EDGE_LOOP('',(#5973));
#1238=EDGE_LOOP('',(#5974,#5975,#5976,#5977));
#1239=EDGE_LOOP('',(#5978,#5979,#5980,#5981));
#1240=EDGE_LOOP('',(#5982,#5983,#5984,#5985,#5986));
#1241=EDGE_LOOP('',(#5987));
#1242=EDGE_LOOP('',(#5988,#5989,#5990,#5991,#5992,#5993));
#1243=EDGE_LOOP('',(#5994));
#1244=EDGE_LOOP('',(#5995,#5996));
#1245=EDGE_LOOP('',(#5997,#5998));
#1246=EDGE_LOOP('',(#5999,#6000));
#1247=EDGE_LOOP('',(#6001,#6002));
#1248=EDGE_LOOP('',(#6003,#6004));
#1249=EDGE_LOOP('',(#6005,#6006));
#1250=EDGE_LOOP('',(#6007,#6008,#6009,#6010,#6011,#6012));
#1251=EDGE_LOOP('',(#6013,#6014,#6015,#6016));
#1252=EDGE_LOOP('',(#6017,#6018,#6019,#6020));
#1253=EDGE_LOOP('',(#6021,#6022,#6023,#6024));
#1254=EDGE_LOOP('',(#6025,#6026,#6027,#6028));
#1255=EDGE_LOOP('',(#6029,#6030,#6031,#6032));
#1256=EDGE_LOOP('',(#6033,#6034,#6035,#6036));
#1257=EDGE_LOOP('',(#6037,#6038,#6039,#6040,#6041));
#1258=EDGE_LOOP('',(#6042));
#1259=EDGE_LOOP('',(#6043));
#1260=EDGE_LOOP('',(#6044,#6045,#6046,#6047));
#1261=EDGE_LOOP('',(#6048,#6049,#6050,#6051));
#1262=EDGE_LOOP('',(#6052,#6053,#6054,#6055,#6056));
#1263=EDGE_LOOP('',(#6057));
#1264=EDGE_LOOP('',(#6058,#6059,#6060,#6061,#6062,#6063));
#1265=EDGE_LOOP('',(#6064));
#1266=EDGE_LOOP('',(#6065,#6066));
#1267=EDGE_LOOP('',(#6067,#6068));
#1268=EDGE_LOOP('',(#6069,#6070));
#1269=EDGE_LOOP('',(#6071,#6072));
#1270=EDGE_LOOP('',(#6073,#6074));
#1271=EDGE_LOOP('',(#6075,#6076));
#1272=EDGE_LOOP('',(#6077,#6078,#6079,#6080,#6081,#6082));
#1273=EDGE_LOOP('',(#6083,#6084,#6085,#6086));
#1274=EDGE_LOOP('',(#6087,#6088,#6089,#6090));
#1275=EDGE_LOOP('',(#6091,#6092,#6093,#6094));
#1276=EDGE_LOOP('',(#6095,#6096,#6097,#6098));
#1277=EDGE_LOOP('',(#6099,#6100,#6101,#6102));
#1278=EDGE_LOOP('',(#6103,#6104,#6105,#6106));
#1279=EDGE_LOOP('',(#6107,#6108,#6109,#6110));
#1280=EDGE_LOOP('',(#6111,#6112,#6113,#6114));
#1281=EDGE_LOOP('',(#6115,#6116,#6117,#6118));
#1282=EDGE_LOOP('',(#6119,#6120,#6121,#6122));
#1283=EDGE_LOOP('',(#6123,#6124,#6125,#6126));
#1284=EDGE_LOOP('',(#6127,#6128,#6129,#6130));
#1285=EDGE_LOOP('',(#6131,#6132,#6133,#6134,#6135));
#1286=EDGE_LOOP('',(#6136,#6137,#6138,#6139));
#1287=EDGE_LOOP('',(#6140,#6141,#6142,#6143));
#1288=EDGE_LOOP('',(#6144,#6145,#6146,#6147,#6148));
#1289=EDGE_LOOP('',(#6149,#6150,#6151,#6152));
#1290=EDGE_LOOP('',(#6153,#6154,#6155,#6156));
#1291=EDGE_LOOP('',(#6157,#6158,#6159,#6160));
#1292=EDGE_LOOP('',(#6161,#6162,#6163,#6164));
#1293=EDGE_LOOP('',(#6165,#6166,#6167,#6168));
#1294=EDGE_LOOP('',(#6169,#6170,#6171,#6172));
#1295=EDGE_LOOP('',(#6173,#6174));
#1296=EDGE_LOOP('',(#6175));
#1297=EDGE_LOOP('',(#6176,#6177,#6178,#6179));
#1298=EDGE_LOOP('',(#6180,#6181));
#1299=EDGE_LOOP('',(#6182));
#1300=EDGE_LOOP('',(#6183,#6184,#6185,#6186,#6187,#6188));
#1301=EDGE_LOOP('',(#6189,#6190));
#1302=EDGE_LOOP('',(#6191,#6192));
#1303=EDGE_LOOP('',(#6193,#6194,#6195,#6196));
#1304=EDGE_LOOP('',(#6197,#6198,#6199,#6200,#6201));
#1305=EDGE_LOOP('',(#6202,#6203,#6204,#6205));
#1306=EDGE_LOOP('',(#6206,#6207));
#1307=EDGE_LOOP('',(#6208,#6209));
#1308=EDGE_LOOP('',(#6210,#6211,#6212,#6213,#6214,#6215));
#1309=EDGE_LOOP('',(#6216,#6217,#6218,#6219));
#1310=EDGE_LOOP('',(#6220,#6221,#6222,#6223));
#1311=EDGE_LOOP('',(#6224,#6225,#6226,#6227));
#1312=EDGE_LOOP('',(#6228,#6229,#6230,#6231));
#1313=EDGE_LOOP('',(#6232,#6233,#6234,#6235));
#1314=EDGE_LOOP('',(#6236,#6237));
#1315=EDGE_LOOP('',(#6238,#6239,#6240,#6241));
#1316=EDGE_LOOP('',(#6242,#6243,#6244,#6245));
#1317=EDGE_LOOP('',(#6246,#6247,#6248,#6249));
#1318=EDGE_LOOP('',(#6250,#6251,#6252,#6253,#6254,#6255,#6256,#6257));
#1319=EDGE_LOOP('',(#6258,#6259,#6260,#6261));
#1320=EDGE_LOOP('',(#6262,#6263,#6264,#6265));
#1321=EDGE_LOOP('',(#6266,#6267,#6268,#6269,#6270,#6271));
#1322=EDGE_LOOP('',(#6272));
#1323=EDGE_LOOP('',(#6273));
#1324=EDGE_LOOP('',(#6274,#6275,#6276,#6277));
#1325=EDGE_LOOP('',(#6278,#6279,#6280,#6281));
#1326=EDGE_LOOP('',(#6282,#6283,#6284,#6285));
#1327=EDGE_LOOP('',(#6286,#6287,#6288,#6289));
#1328=EDGE_LOOP('',(#6290,#6291,#6292,#6293));
#1329=EDGE_LOOP('',(#6294,#6295,#6296,#6297));
#1330=EDGE_LOOP('',(#6298,#6299,#6300,#6301));
#1331=EDGE_LOOP('',(#6302,#6303,#6304,#6305));
#1332=EDGE_LOOP('',(#6306,#6307,#6308,#6309,#6310));
#1333=EDGE_LOOP('',(#6311,#6312,#6313,#6314));
#1334=EDGE_LOOP('',(#6315,#6316,#6317,#6318));
#1335=EDGE_LOOP('',(#6319,#6320,#6321,#6322,#6323));
#1336=EDGE_LOOP('',(#6324,#6325,#6326,#6327));
#1337=EDGE_LOOP('',(#6328,#6329,#6330,#6331));
#1338=EDGE_LOOP('',(#6332,#6333,#6334,#6335,#6336,#6337,#6338,#6339,#6340,
#6341,#6342,#6343));
#1339=EDGE_LOOP('',(#6344));
#1340=EDGE_LOOP('',(#6345));
#1341=EDGE_LOOP('',(#6346));
#1342=EDGE_LOOP('',(#6347));
#1343=EDGE_LOOP('',(#6348,#6349,#6350,#6351));
#1344=EDGE_LOOP('',(#6352,#6353,#6354,#6355));
#1345=EDGE_LOOP('',(#6356,#6357,#6358,#6359));
#1346=EDGE_LOOP('',(#6360,#6361,#6362,#6363));
#1347=EDGE_LOOP('',(#6364,#6365));
#1348=EDGE_LOOP('',(#6366));
#1349=EDGE_LOOP('',(#6367,#6368,#6369,#6370));
#1350=EDGE_LOOP('',(#6371,#6372));
#1351=EDGE_LOOP('',(#6373));
#1352=EDGE_LOOP('',(#6374,#6375,#6376,#6377,#6378,#6379));
#1353=EDGE_LOOP('',(#6380,#6381));
#1354=EDGE_LOOP('',(#6382,#6383));
#1355=EDGE_LOOP('',(#6384,#6385,#6386,#6387));
#1356=EDGE_LOOP('',(#6388,#6389,#6390,#6391));
#1357=EDGE_LOOP('',(#6392,#6393,#6394,#6395));
#1358=EDGE_LOOP('',(#6396,#6397,#6398,#6399,#6400));
#1359=EDGE_LOOP('',(#6401,#6402,#6403,#6404));
#1360=EDGE_LOOP('',(#6405,#6406));
#1361=EDGE_LOOP('',(#6407,#6408));
#1362=EDGE_LOOP('',(#6409,#6410,#6411,#6412,#6413,#6414));
#1363=EDGE_LOOP('',(#6415,#6416,#6417,#6418,#6419,#6420,#6421,#6422,#6423,
#6424,#6425,#6426));
#1364=EDGE_LOOP('',(#6427));
#1365=EDGE_LOOP('',(#6428,#6429,#6430,#6431));
#1366=EDGE_LOOP('',(#6432));
#1367=EDGE_LOOP('',(#6433));
#1368=EDGE_LOOP('',(#6434,#6435,#6436,#6437));
#1369=EDGE_LOOP('',(#6438,#6439,#6440,#6441));
#1370=EDGE_LOOP('',(#6442,#6443,#6444,#6445));
#1371=EDGE_LOOP('',(#6446,#6447,#6448,#6449));
#1372=EDGE_LOOP('',(#6450,#6451,#6452,#6453,#6454));
#1373=EDGE_LOOP('',(#6455,#6456,#6457,#6458,#6459));
#1374=EDGE_LOOP('',(#6460));
#1375=EDGE_LOOP('',(#6461));
#1376=EDGE_LOOP('',(#6462,#6463,#6464,#6465));
#1377=EDGE_LOOP('',(#6466,#6467,#6468,#6469));
#1378=EDGE_LOOP('',(#6470,#6471,#6472,#6473,#6474));
#1379=EDGE_LOOP('',(#6475));
#1380=EDGE_LOOP('',(#6476,#6477,#6478,#6479,#6480,#6481));
#1381=EDGE_LOOP('',(#6482));
#1382=EDGE_LOOP('',(#6483,#6484));
#1383=EDGE_LOOP('',(#6485,#6486));
#1384=EDGE_LOOP('',(#6487,#6488));
#1385=EDGE_LOOP('',(#6489,#6490));
#1386=EDGE_LOOP('',(#6491,#6492));
#1387=EDGE_LOOP('',(#6493,#6494));
#1388=EDGE_LOOP('',(#6495,#6496,#6497,#6498,#6499,#6500));
#1389=EDGE_LOOP('',(#6501,#6502,#6503,#6504));
#1390=EDGE_LOOP('',(#6505,#6506,#6507,#6508));
#1391=EDGE_LOOP('',(#6509,#6510,#6511,#6512));
#1392=EDGE_LOOP('',(#6513,#6514,#6515,#6516));
#1393=EDGE_LOOP('',(#6517,#6518,#6519,#6520));
#1394=EDGE_LOOP('',(#6521,#6522,#6523,#6524));
#1395=EDGE_LOOP('',(#6525,#6526,#6527,#6528));
#1396=EDGE_LOOP('',(#6529,#6530,#6531,#6532));
#1397=EDGE_LOOP('',(#6533));
#1398=EDGE_LOOP('',(#6534));
#1399=EDGE_LOOP('',(#6535,#6536,#6537,#6538));
#1400=EDGE_LOOP('',(#6539));
#1401=EDGE_LOOP('',(#6540));
#1402=EDGE_LOOP('',(#6541,#6542,#6543,#6544));
#1403=EDGE_LOOP('',(#6545,#6546,#6547,#6548));
#1404=EDGE_LOOP('',(#6549,#6550,#6551,#6552));
#1405=LINE('',#9739,#2092);
#1406=LINE('',#9745,#2093);
#1407=LINE('',#9750,#2094);
#1408=LINE('',#9754,#2095);
#1409=LINE('',#9759,#2096);
#1410=LINE('',#9766,#2097);
#1411=LINE('',#9769,#2098);
#1412=LINE('',#9774,#2099);
#1413=LINE('',#9780,#2100);
#1414=LINE('',#9785,#2101);
#1415=LINE('',#9789,#2102);
#1416=LINE('',#9795,#2103);
#1417=LINE('',#9797,#2104);
#1418=LINE('',#9799,#2105);
#1419=LINE('',#9800,#2106);
#1420=LINE('',#9804,#2107);
#1421=LINE('',#9806,#2108);
#1422=LINE('',#9808,#2109);
#1423=LINE('',#9809,#2110);
#1424=LINE('',#9813,#2111);
#1425=LINE('',#9815,#2112);
#1426=LINE('',#9817,#2113);
#1427=LINE('',#9818,#2114);
#1428=LINE('',#9822,#2115);
#1429=LINE('',#9824,#2116);
#1430=LINE('',#9826,#2117);
#1431=LINE('',#9827,#2118);
#1432=LINE('',#9831,#2119);
#1433=LINE('',#9833,#2120);
#1434=LINE('',#9835,#2121);
#1435=LINE('',#9836,#2122);
#1436=LINE('',#9840,#2123);
#1437=LINE('',#9842,#2124);
#1438=LINE('',#9844,#2125);
#1439=LINE('',#9845,#2126);
#1440=LINE('',#9849,#2127);
#1441=LINE('',#9851,#2128);
#1442=LINE('',#9853,#2129);
#1443=LINE('',#9854,#2130);
#1444=LINE('',#9858,#2131);
#1445=LINE('',#9860,#2132);
#1446=LINE('',#9862,#2133);
#1447=LINE('',#9863,#2134);
#1448=LINE('',#9867,#2135);
#1449=LINE('',#9871,#2136);
#1450=LINE('',#9876,#2137);
#1451=LINE('',#9878,#2138);
#1452=LINE('',#9880,#2139);
#1453=LINE('',#9881,#2140);
#1454=LINE('',#9883,#2141);
#1455=LINE('',#9884,#2142);
#1456=LINE('',#9886,#2143);
#1457=LINE('',#9887,#2144);
#1458=LINE('',#9889,#2145);
#1459=LINE('',#9890,#2146);
#1460=LINE('',#9892,#2147);
#1461=LINE('',#9893,#2148);
#1462=LINE('',#9895,#2149);
#1463=LINE('',#9896,#2150);
#1464=LINE('',#9898,#2151);
#1465=LINE('',#9899,#2152);
#1466=LINE('',#9901,#2153);
#1467=LINE('',#9902,#2154);
#1468=LINE('',#9904,#2155);
#1469=LINE('',#9905,#2156);
#1470=LINE('',#9907,#2157);
#1471=LINE('',#9908,#2158);
#1472=LINE('',#9910,#2159);
#1473=LINE('',#9911,#2160);
#1474=LINE('',#9913,#2161);
#1475=LINE('',#9914,#2162);
#1476=LINE('',#9923,#2163);
#1477=LINE('',#9930,#2164);
#1478=LINE('',#9933,#2165);
#1479=LINE('',#9939,#2166);
#1480=LINE('',#9942,#2167);
#1481=LINE('',#9945,#2168);
#1482=LINE('',#9947,#2169);
#1483=LINE('',#9948,#2170);
#1484=LINE('',#9952,#2171);
#1485=LINE('',#9954,#2172);
#1486=LINE('',#9956,#2173);
#1487=LINE('',#9957,#2174);
#1488=LINE('',#9961,#2175);
#1489=LINE('',#9963,#2176);
#1490=LINE('',#9965,#2177);
#1491=LINE('',#9966,#2178);
#1492=LINE('',#9970,#2179);
#1493=LINE('',#9972,#2180);
#1494=LINE('',#9974,#2181);
#1495=LINE('',#9975,#2182);
#1496=LINE('',#9979,#2183);
#1497=LINE('',#9981,#2184);
#1498=LINE('',#9983,#2185);
#1499=LINE('',#9984,#2186);
#1500=LINE('',#9988,#2187);
#1501=LINE('',#9990,#2188);
#1502=LINE('',#9992,#2189);
#1503=LINE('',#9993,#2190);
#1504=LINE('',#9996,#2191);
#1505=LINE('',#9998,#2192);
#1506=LINE('',#9999,#2193);
#1507=LINE('',#10002,#2194);
#1508=LINE('',#10004,#2195);
#1509=LINE('',#10005,#2196);
#1510=LINE('',#10008,#2197);
#1511=LINE('',#10010,#2198);
#1512=LINE('',#10011,#2199);
#1513=LINE('',#10013,#2200);
#1514=LINE('',#10014,#2201);
#1515=LINE('',#10016,#2202);
#1516=LINE('',#10017,#2203);
#1517=LINE('',#10018,#2204);
#1518=LINE('',#10019,#2205);
#1519=LINE('',#10020,#2206);
#1520=LINE('',#10021,#2207);
#1521=LINE('',#10023,#2208);
#1522=LINE('',#10024,#2209);
#1523=LINE('',#10025,#2210);
#1524=LINE('',#10026,#2211);
#1525=LINE('',#10027,#2212);
#1526=LINE('',#10028,#2213);
#1527=LINE('',#10068,#2214);
#1528=LINE('',#10070,#2215);
#1529=LINE('',#10071,#2216);
#1530=LINE('',#10074,#2217);
#1531=LINE('',#10075,#2218);
#1532=LINE('',#10078,#2219);
#1533=LINE('',#10079,#2220);
#1534=LINE('',#10082,#2221);
#1535=LINE('',#10083,#2222);
#1536=LINE('',#10086,#2223);
#1537=LINE('',#10087,#2224);
#1538=LINE('',#10090,#2225);
#1539=LINE('',#10091,#2226);
#1540=LINE('',#10094,#2227);
#1541=LINE('',#10095,#2228);
#1542=LINE('',#10098,#2229);
#1543=LINE('',#10099,#2230);
#1544=LINE('',#10102,#2231);
#1545=LINE('',#10103,#2232);
#1546=LINE('',#10106,#2233);
#1547=LINE('',#10107,#2234);
#1548=LINE('',#10110,#2235);
#1549=LINE('',#10111,#2236);
#1550=LINE('',#10113,#2237);
#1551=LINE('',#10148,#2238);
#1552=LINE('',#10150,#2239);
#1553=LINE('',#10151,#2240);
#1554=LINE('',#10154,#2241);
#1555=LINE('',#10155,#2242);
#1556=LINE('',#10158,#2243);
#1557=LINE('',#10159,#2244);
#1558=LINE('',#10162,#2245);
#1559=LINE('',#10163,#2246);
#1560=LINE('',#10166,#2247);
#1561=LINE('',#10167,#2248);
#1562=LINE('',#10170,#2249);
#1563=LINE('',#10171,#2250);
#1564=LINE('',#10174,#2251);
#1565=LINE('',#10175,#2252);
#1566=LINE('',#10178,#2253);
#1567=LINE('',#10179,#2254);
#1568=LINE('',#10182,#2255);
#1569=LINE('',#10183,#2256);
#1570=LINE('',#10186,#2257);
#1571=LINE('',#10187,#2258);
#1572=LINE('',#10190,#2259);
#1573=LINE('',#10191,#2260);
#1574=LINE('',#10193,#2261);
#1575=LINE('',#10200,#2262);
#1576=LINE('',#10203,#2263);
#1577=LINE('',#10209,#2264);
#1578=LINE('',#10213,#2265);
#1579=LINE('',#10217,#2266);
#1580=LINE('',#10221,#2267);
#1581=LINE('',#10224,#2268);
#1582=LINE('',#10230,#2269);
#1583=LINE('',#10237,#2270);
#1584=LINE('',#10242,#2271);
#1585=LINE('',#10246,#2272);
#1586=LINE('',#10250,#2273);
#1587=LINE('',#10253,#2274);
#1588=LINE('',#10256,#2275);
#1589=LINE('',#10258,#2276);
#1590=LINE('',#10260,#2277);
#1591=LINE('',#10262,#2278);
#1592=LINE('',#10264,#2279);
#1593=LINE('',#10266,#2280);
#1594=LINE('',#10268,#2281);
#1595=LINE('',#10269,#2282);
#1596=LINE('',#10272,#2283);
#1597=LINE('',#10274,#2284);
#1598=LINE('',#10276,#2285);
#1599=LINE('',#10278,#2286);
#1600=LINE('',#10280,#2287);
#1601=LINE('',#10282,#2288);
#1602=LINE('',#10283,#2289);
#1603=LINE('',#10286,#2290);
#1604=LINE('',#10287,#2291);
#1605=LINE('',#10289,#2292);
#1606=LINE('',#10290,#2293);
#1607=LINE('',#10292,#2294);
#1608=LINE('',#10294,#2295);
#1609=LINE('',#10296,#2296);
#1610=LINE('',#10298,#2297);
#1611=LINE('',#10300,#2298);
#1612=LINE('',#10304,#2299);
#1613=LINE('',#10306,#2300);
#1614=LINE('',#10308,#2301);
#1615=LINE('',#10312,#2302);
#1616=LINE('',#10314,#2303);
#1617=LINE('',#10316,#2304);
#1618=LINE('',#10320,#2305);
#1619=LINE('',#10322,#2306);
#1620=LINE('',#10324,#2307);
#1621=LINE('',#10328,#2308);
#1622=LINE('',#10329,#2309);
#1623=LINE('',#10331,#2310);
#1624=LINE('',#10333,#2311);
#1625=LINE('',#10336,#2312);
#1626=LINE('',#10339,#2313);
#1627=LINE('',#10341,#2314);
#1628=LINE('',#10343,#2315);
#1629=LINE('',#10345,#2316);
#1630=LINE('',#10347,#2317);
#1631=LINE('',#10349,#2318);
#1632=LINE('',#10350,#2319);
#1633=LINE('',#10352,#2320);
#1634=LINE('',#10354,#2321);
#1635=LINE('',#10356,#2322);
#1636=LINE('',#10358,#2323);
#1637=LINE('',#10360,#2324);
#1638=LINE('',#10362,#2325);
#1639=LINE('',#10363,#2326);
#1640=LINE('',#10367,#2327);
#1641=LINE('',#10368,#2328);
#1642=LINE('',#10369,#2329);
#1643=LINE('',#10373,#2330);
#1644=LINE('',#10376,#2331);
#1645=LINE('',#10377,#2332);
#1646=LINE('',#10380,#2333);
#1647=LINE('',#10381,#2334);
#1648=LINE('',#10384,#2335);
#1649=LINE('',#10385,#2336);
#1650=LINE('',#10389,#2337);
#1651=LINE('',#10392,#2338);
#1652=LINE('',#10393,#2339);
#1653=LINE('',#10396,#2340);
#1654=LINE('',#10398,#2341);
#1655=LINE('',#10399,#2342);
#1656=LINE('',#10402,#2343);
#1657=LINE('',#10404,#2344);
#1658=LINE('',#10405,#2345);
#1659=LINE('',#10407,#2346);
#1660=LINE('',#10409,#2347);
#1661=LINE('',#10410,#2348);
#1662=LINE('',#10414,#2349);
#1663=LINE('',#10415,#2350);
#1664=LINE('',#10416,#2351);
#1665=LINE('',#10419,#2352);
#1666=LINE('',#10421,#2353);
#1667=LINE('',#10422,#2354);
#1668=LINE('',#10426,#2355);
#1669=LINE('',#10429,#2356);
#1670=LINE('',#10430,#2357);
#1671=LINE('',#10433,#2358);
#1672=LINE('',#10434,#2359);
#1673=LINE('',#10437,#2360);
#1674=LINE('',#10438,#2361);
#1675=LINE('',#10442,#2362);
#1676=LINE('',#10445,#2363);
#1677=LINE('',#10446,#2364);
#1678=LINE('',#10448,#2365);
#1679=LINE('',#10450,#2366);
#1680=LINE('',#10451,#2367);
#1681=LINE('',#10452,#2368);
#1682=LINE('',#10453,#2369);
#1683=LINE('',#10454,#2370);
#1684=LINE('',#10455,#2371);
#1685=LINE('',#10464,#2372);
#1686=LINE('',#10465,#2373);
#1687=LINE('',#10468,#2374);
#1688=LINE('',#10469,#2375);
#1689=LINE('',#10471,#2376);
#1690=LINE('',#10473,#2377);
#1691=LINE('',#10475,#2378);
#1692=LINE('',#10479,#2379);
#1693=LINE('',#10480,#2380);
#1694=LINE('',#10482,#2381);
#1695=LINE('',#10484,#2382);
#1696=LINE('',#10487,#2383);
#1697=LINE('',#10488,#2384);
#1698=LINE('',#10490,#2385);
#1699=LINE('',#10494,#2386);
#1700=LINE('',#10497,#2387);
#1701=LINE('',#10500,#2388);
#1702=LINE('',#10501,#2389);
#1703=LINE('',#10503,#2390);
#1704=LINE('',#10505,#2391);
#1705=LINE('',#10508,#2392);
#1706=LINE('',#10509,#2393);
#1707=LINE('',#10511,#2394);
#1708=LINE('',#10517,#2395);
#1709=LINE('',#10524,#2396);
#1710=LINE('',#10527,#2397);
#1711=LINE('',#10533,#2398);
#1712=LINE('',#10536,#2399);
#1713=LINE('',#10539,#2400);
#1714=LINE('',#10541,#2401);
#1715=LINE('',#10542,#2402);
#1716=LINE('',#10546,#2403);
#1717=LINE('',#10548,#2404);
#1718=LINE('',#10550,#2405);
#1719=LINE('',#10551,#2406);
#1720=LINE('',#10555,#2407);
#1721=LINE('',#10557,#2408);
#1722=LINE('',#10559,#2409);
#1723=LINE('',#10560,#2410);
#1724=LINE('',#10564,#2411);
#1725=LINE('',#10566,#2412);
#1726=LINE('',#10568,#2413);
#1727=LINE('',#10569,#2414);
#1728=LINE('',#10573,#2415);
#1729=LINE('',#10575,#2416);
#1730=LINE('',#10577,#2417);
#1731=LINE('',#10578,#2418);
#1732=LINE('',#10582,#2419);
#1733=LINE('',#10584,#2420);
#1734=LINE('',#10586,#2421);
#1735=LINE('',#10587,#2422);
#1736=LINE('',#10590,#2423);
#1737=LINE('',#10592,#2424);
#1738=LINE('',#10593,#2425);
#1739=LINE('',#10596,#2426);
#1740=LINE('',#10598,#2427);
#1741=LINE('',#10599,#2428);
#1742=LINE('',#10602,#2429);
#1743=LINE('',#10604,#2430);
#1744=LINE('',#10605,#2431);
#1745=LINE('',#10607,#2432);
#1746=LINE('',#10608,#2433);
#1747=LINE('',#10610,#2434);
#1748=LINE('',#10611,#2435);
#1749=LINE('',#10612,#2436);
#1750=LINE('',#10613,#2437);
#1751=LINE('',#10614,#2438);
#1752=LINE('',#10615,#2439);
#1753=LINE('',#10617,#2440);
#1754=LINE('',#10618,#2441);
#1755=LINE('',#10619,#2442);
#1756=LINE('',#10620,#2443);
#1757=LINE('',#10621,#2444);
#1758=LINE('',#10622,#2445);
#1759=LINE('',#10634,#2446);
#1760=LINE('',#10637,#2447);
#1761=LINE('',#10643,#2448);
#1762=LINE('',#10648,#2449);
#1763=LINE('',#10652,#2450);
#1764=LINE('',#10656,#2451);
#1765=LINE('',#10659,#2452);
#1766=LINE('',#10664,#2453);
#1767=LINE('',#10671,#2454);
#1768=LINE('',#10675,#2455);
#1769=LINE('',#10679,#2456);
#1770=LINE('',#10683,#2457);
#1771=LINE('',#10686,#2458);
#1772=LINE('',#10690,#2459);
#1773=LINE('',#10692,#2460);
#1774=LINE('',#10694,#2461);
#1775=LINE('',#10696,#2462);
#1776=LINE('',#10698,#2463);
#1777=LINE('',#10700,#2464);
#1778=LINE('',#10702,#2465);
#1779=LINE('',#10703,#2466);
#1780=LINE('',#10706,#2467);
#1781=LINE('',#10708,#2468);
#1782=LINE('',#10710,#2469);
#1783=LINE('',#10712,#2470);
#1784=LINE('',#10714,#2471);
#1785=LINE('',#10716,#2472);
#1786=LINE('',#10717,#2473);
#1787=LINE('',#10720,#2474);
#1788=LINE('',#10722,#2475);
#1789=LINE('',#10726,#2476);
#1790=LINE('',#10727,#2477);
#1791=LINE('',#10729,#2478);
#1792=LINE('',#10731,#2479);
#1793=LINE('',#10735,#2480);
#1794=LINE('',#10737,#2481);
#1795=LINE('',#10739,#2482);
#1796=LINE('',#10743,#2483);
#1797=LINE('',#10745,#2484);
#1798=LINE('',#10747,#2485);
#1799=LINE('',#10751,#2486);
#1800=LINE('',#10753,#2487);
#1801=LINE('',#10755,#2488);
#1802=LINE('',#10759,#2489);
#1803=LINE('',#10761,#2490);
#1804=LINE('',#10763,#2491);
#1805=LINE('',#10765,#2492);
#1806=LINE('',#10766,#2493);
#1807=LINE('',#10768,#2494);
#1808=LINE('',#10769,#2495);
#1809=LINE('',#10770,#2496);
#1810=LINE('',#10773,#2497);
#1811=LINE('',#10775,#2498);
#1812=LINE('',#10777,#2499);
#1813=LINE('',#10779,#2500);
#1814=LINE('',#10781,#2501);
#1815=LINE('',#10783,#2502);
#1816=LINE('',#10784,#2503);
#1817=LINE('',#10786,#2504);
#1818=LINE('',#10788,#2505);
#1819=LINE('',#10790,#2506);
#1820=LINE('',#10792,#2507);
#1821=LINE('',#10794,#2508);
#1822=LINE('',#10796,#2509);
#1823=LINE('',#10797,#2510);
#1824=LINE('',#10801,#2511);
#1825=LINE('',#10802,#2512);
#1826=LINE('',#10803,#2513);
#1827=LINE('',#10807,#2514);
#1828=LINE('',#10810,#2515);
#1829=LINE('',#10811,#2516);
#1830=LINE('',#10814,#2517);
#1831=LINE('',#10815,#2518);
#1832=LINE('',#10818,#2519);
#1833=LINE('',#10819,#2520);
#1834=LINE('',#10823,#2521);
#1835=LINE('',#10826,#2522);
#1836=LINE('',#10827,#2523);
#1837=LINE('',#10830,#2524);
#1838=LINE('',#10832,#2525);
#1839=LINE('',#10833,#2526);
#1840=LINE('',#10836,#2527);
#1841=LINE('',#10838,#2528);
#1842=LINE('',#10840,#2529);
#1843=LINE('',#10841,#2530);
#1844=LINE('',#10843,#2531);
#1845=LINE('',#10844,#2532);
#1846=LINE('',#10848,#2533);
#1847=LINE('',#10849,#2534);
#1848=LINE('',#10850,#2535);
#1849=LINE('',#10853,#2536);
#1850=LINE('',#10855,#2537);
#1851=LINE('',#10856,#2538);
#1852=LINE('',#10860,#2539);
#1853=LINE('',#10863,#2540);
#1854=LINE('',#10864,#2541);
#1855=LINE('',#10867,#2542);
#1856=LINE('',#10868,#2543);
#1857=LINE('',#10871,#2544);
#1858=LINE('',#10872,#2545);
#1859=LINE('',#10876,#2546);
#1860=LINE('',#10879,#2547);
#1861=LINE('',#10880,#2548);
#1862=LINE('',#10882,#2549);
#1863=LINE('',#10884,#2550);
#1864=LINE('',#10885,#2551);
#1865=LINE('',#10886,#2552);
#1866=LINE('',#10887,#2553);
#1867=LINE('',#10888,#2554);
#1868=LINE('',#10889,#2555);
#1869=LINE('',#10898,#2556);
#1870=LINE('',#10899,#2557);
#1871=LINE('',#10902,#2558);
#1872=LINE('',#10903,#2559);
#1873=LINE('',#10905,#2560);
#1874=LINE('',#10907,#2561);
#1875=LINE('',#10909,#2562);
#1876=LINE('',#10913,#2563);
#1877=LINE('',#10914,#2564);
#1878=LINE('',#10916,#2565);
#1879=LINE('',#10918,#2566);
#1880=LINE('',#10921,#2567);
#1881=LINE('',#10922,#2568);
#1882=LINE('',#10924,#2569);
#1883=LINE('',#10928,#2570);
#1884=LINE('',#10931,#2571);
#1885=LINE('',#10934,#2572);
#1886=LINE('',#10935,#2573);
#1887=LINE('',#10937,#2574);
#1888=LINE('',#10939,#2575);
#1889=LINE('',#10942,#2576);
#1890=LINE('',#10943,#2577);
#1891=LINE('',#10945,#2578);
#1892=LINE('',#10980,#2579);
#1893=LINE('',#10982,#2580);
#1894=LINE('',#10983,#2581);
#1895=LINE('',#10986,#2582);
#1896=LINE('',#10987,#2583);
#1897=LINE('',#10990,#2584);
#1898=LINE('',#10991,#2585);
#1899=LINE('',#10994,#2586);
#1900=LINE('',#10995,#2587);
#1901=LINE('',#10998,#2588);
#1902=LINE('',#10999,#2589);
#1903=LINE('',#11002,#2590);
#1904=LINE('',#11003,#2591);
#1905=LINE('',#11006,#2592);
#1906=LINE('',#11007,#2593);
#1907=LINE('',#11010,#2594);
#1908=LINE('',#11011,#2595);
#1909=LINE('',#11014,#2596);
#1910=LINE('',#11015,#2597);
#1911=LINE('',#11018,#2598);
#1912=LINE('',#11019,#2599);
#1913=LINE('',#11022,#2600);
#1914=LINE('',#11023,#2601);
#1915=LINE('',#11025,#2602);
#1916=LINE('',#11060,#2603);
#1917=LINE('',#11062,#2604);
#1918=LINE('',#11063,#2605);
#1919=LINE('',#11066,#2606);
#1920=LINE('',#11067,#2607);
#1921=LINE('',#11070,#2608);
#1922=LINE('',#11071,#2609);
#1923=LINE('',#11074,#2610);
#1924=LINE('',#11075,#2611);
#1925=LINE('',#11078,#2612);
#1926=LINE('',#11079,#2613);
#1927=LINE('',#11082,#2614);
#1928=LINE('',#11083,#2615);
#1929=LINE('',#11086,#2616);
#1930=LINE('',#11087,#2617);
#1931=LINE('',#11090,#2618);
#1932=LINE('',#11091,#2619);
#1933=LINE('',#11094,#2620);
#1934=LINE('',#11095,#2621);
#1935=LINE('',#11098,#2622);
#1936=LINE('',#11099,#2623);
#1937=LINE('',#11102,#2624);
#1938=LINE('',#11103,#2625);
#1939=LINE('',#11105,#2626);
#1940=LINE('',#11113,#2627);
#1941=LINE('',#11123,#2628);
#1942=LINE('',#11126,#2629);
#1943=LINE('',#11129,#2630);
#1944=LINE('',#11172,#2631);
#1945=LINE('',#11174,#2632);
#1946=LINE('',#11176,#2633);
#1947=LINE('',#11178,#2634);
#1948=LINE('',#11180,#2635);
#1949=LINE('',#11181,#2636);
#1950=LINE('',#11183,#2637);
#1951=LINE('',#11184,#2638);
#1952=LINE('',#11186,#2639);
#1953=LINE('',#11188,#2640);
#1954=LINE('',#11190,#2641);
#1955=LINE('',#11192,#2642);
#1956=LINE('',#11200,#2643);
#1957=LINE('',#11210,#2644);
#1958=LINE('',#11213,#2645);
#1959=LINE('',#11216,#2646);
#1960=LINE('',#11259,#2647);
#1961=LINE('',#11261,#2648);
#1962=LINE('',#11263,#2649);
#1963=LINE('',#11265,#2650);
#1964=LINE('',#11267,#2651);
#1965=LINE('',#11268,#2652);
#1966=LINE('',#11270,#2653);
#1967=LINE('',#11271,#2654);
#1968=LINE('',#11273,#2655);
#1969=LINE('',#11275,#2656);
#1970=LINE('',#11277,#2657);
#1971=LINE('',#11279,#2658);
#1972=LINE('',#11285,#2659);
#1973=LINE('',#11287,#2660);
#1974=LINE('',#11289,#2661);
#1975=LINE('',#11290,#2662);
#1976=LINE('',#11294,#2663);
#1977=LINE('',#11298,#2664);
#1978=LINE('',#11303,#2665);
#1979=LINE('',#11304,#2666);
#1980=LINE('',#11305,#2667);
#1981=LINE('',#11310,#2668);
#1982=LINE('',#11314,#2669);
#1983=LINE('',#11316,#2670);
#1984=LINE('',#11317,#2671);
#1985=LINE('',#11322,#2672);
#1986=LINE('',#11326,#2673);
#1987=LINE('',#11336,#2674);
#1988=LINE('',#11342,#2675);
#1989=LINE('',#11353,#2676);
#1990=LINE('',#11356,#2677);
#1991=LINE('',#11361,#2678);
#1992=LINE('',#11378,#2679);
#1993=LINE('',#11383,#2680);
#1994=LINE('',#11388,#2681);
#1995=LINE('',#11393,#2682);
#1996=LINE('',#11398,#2683);
#1997=LINE('',#11402,#2684);
#1998=LINE('',#11406,#2685);
#1999=LINE('',#11411,#2686);
#2000=LINE('',#11415,#2687);
#2001=LINE('',#11419,#2688);
#2002=LINE('',#11422,#2689);
#2003=LINE('',#11434,#2690);
#2004=LINE('',#11437,#2691);
#2005=LINE('',#11439,#2692);
#2006=LINE('',#11440,#2693);
#2007=LINE('',#11443,#2694);
#2008=LINE('',#11444,#2695);
#2009=LINE('',#11452,#2696);
#2010=LINE('',#11455,#2697);
#2011=LINE('',#11457,#2698);
#2012=LINE('',#11458,#2699);
#2013=LINE('',#11463,#2700);
#2014=LINE('',#11467,#2701);
#2015=LINE('',#11473,#2702);
#2016=LINE('',#11477,#2703);
#2017=LINE('',#11521,#2704);
#2018=LINE('',#11526,#2705);
#2019=LINE('',#11527,#2706);
#2020=LINE('',#11528,#2707);
#2021=LINE('',#11534,#2708);
#2022=LINE('',#11536,#2709);
#2023=LINE('',#11538,#2710);
#2024=LINE('',#11540,#2711);
#2025=LINE('',#11547,#2712);
#2026=LINE('',#11550,#2713);
#2027=LINE('',#11556,#2714);
#2028=LINE('',#11557,#2715);
#2029=LINE('',#11561,#2716);
#2030=LINE('',#11564,#2717);
#2031=LINE('',#11565,#2718);
#2032=LINE('',#11570,#2719);
#2033=LINE('',#11575,#2720);
#2034=LINE('',#11576,#2721);
#2035=LINE('',#11577,#2722);
#2036=LINE('',#11582,#2723);
#2037=LINE('',#11586,#2724);
#2038=LINE('',#11588,#2725);
#2039=LINE('',#11589,#2726);
#2040=LINE('',#11593,#2727);
#2041=LINE('',#11596,#2728);
#2042=LINE('',#11599,#2729);
#2043=LINE('',#11610,#2730);
#2044=LINE('',#11616,#2731);
#2045=LINE('',#11627,#2732);
#2046=LINE('',#11632,#2733);
#2047=LINE('',#11652,#2734);
#2048=LINE('',#11660,#2735);
#2049=LINE('',#11663,#2736);
#2050=LINE('',#11668,#2737);
#2051=LINE('',#11672,#2738);
#2052=LINE('',#11676,#2739);
#2053=LINE('',#11681,#2740);
#2054=LINE('',#11685,#2741);
#2055=LINE('',#11689,#2742);
#2056=LINE('',#11692,#2743);
#2057=LINE('',#11699,#2744);
#2058=LINE('',#11700,#2745);
#2059=LINE('',#11703,#2746);
#2060=LINE('',#11704,#2747);
#2061=LINE('',#11707,#2748);
#2062=LINE('',#11710,#2749);
#2063=LINE('',#11713,#2750);
#2064=LINE('',#11714,#2751);
#2065=LINE('',#11725,#2752);
#2066=LINE('',#11727,#2753);
#2067=LINE('',#11729,#2754);
#2068=LINE('',#11733,#2755);
#2069=LINE('',#11736,#2756);
#2070=LINE('',#11743,#2757);
#2071=LINE('',#11753,#2758);
#2072=LINE('',#11756,#2759);
#2073=LINE('',#11759,#2760);
#2074=LINE('',#11802,#2761);
#2075=LINE('',#11804,#2762);
#2076=LINE('',#11806,#2763);
#2077=LINE('',#11808,#2764);
#2078=LINE('',#11810,#2765);
#2079=LINE('',#11811,#2766);
#2080=LINE('',#11813,#2767);
#2081=LINE('',#11814,#2768);
#2082=LINE('',#11816,#2769);
#2083=LINE('',#11818,#2770);
#2084=LINE('',#11820,#2771);
#2085=LINE('',#11822,#2772);
#2086=LINE('',#11829,#2773);
#2087=LINE('',#11833,#2774);
#2088=LINE('',#11841,#2775);
#2089=LINE('',#11848,#2776);
#2090=LINE('',#11852,#2777);
#2091=LINE('',#11854,#2778);
#2092=VECTOR('',#7744,1.5);
#2093=VECTOR('',#7751,1.5);
#2094=VECTOR('',#7758,1.5);
#2095=VECTOR('',#7763,1.5);
#2096=VECTOR('',#7768,0.644009461630724);
#2097=VECTOR('',#7775,29.9);
#2098=VECTOR('',#7778,29.9);
#2099=VECTOR('',#7783,1.5);
#2100=VECTOR('',#7790,1.5);
#2101=VECTOR('',#7797,1.5);
#2102=VECTOR('',#7802,1.5);
#2103=VECTOR('',#7809,0.424264068711929);
#2104=VECTOR('',#7810,29.9);
#2105=VECTOR('',#7811,0.424264068711929);
#2106=VECTOR('',#7812,29.9);
#2107=VECTOR('',#7815,0.42426406871193);
#2108=VECTOR('',#7816,29.9);
#2109=VECTOR('',#7817,0.42426406871193);
#2110=VECTOR('',#7818,29.9);
#2111=VECTOR('',#7821,0.424264068711929);
#2112=VECTOR('',#7822,29.9);
#2113=VECTOR('',#7823,0.424264068711929);
#2114=VECTOR('',#7824,29.9);
#2115=VECTOR('',#7827,0.424264068711928);
#2116=VECTOR('',#7828,29.9);
#2117=VECTOR('',#7829,0.424264068711928);
#2118=VECTOR('',#7830,29.9);
#2119=VECTOR('',#7833,0.424264068711929);
#2120=VECTOR('',#7834,29.9);
#2121=VECTOR('',#7835,0.424264068711929);
#2122=VECTOR('',#7836,29.9);
#2123=VECTOR('',#7839,0.424264068711929);
#2124=VECTOR('',#7840,29.9);
#2125=VECTOR('',#7841,0.424264068711929);
#2126=VECTOR('',#7842,29.9);
#2127=VECTOR('',#7845,0.424264068711929);
#2128=VECTOR('',#7846,29.9);
#2129=VECTOR('',#7847,0.424264068711929);
#2130=VECTOR('',#7848,29.9);
#2131=VECTOR('',#7851,0.424264068711929);
#2132=VECTOR('',#7852,29.9);
#2133=VECTOR('',#7853,0.424264068711929);
#2134=VECTOR('',#7854,29.9);
#2135=VECTOR('',#7857,29.9);
#2136=VECTOR('',#7860,29.9);
#2137=VECTOR('',#7865,29.9);
#2138=VECTOR('',#7866,9.);
#2139=VECTOR('',#7867,29.9);
#2140=VECTOR('',#7868,9.);
#2141=VECTOR('',#7871,0.80501256289338);
#2142=VECTOR('',#7872,0.80501256289338);
#2143=VECTOR('',#7875,1.40501256289338);
#2144=VECTOR('',#7876,1.40501256289338);
#2145=VECTOR('',#7879,4.9);
#2146=VECTOR('',#7880,4.9);
#2147=VECTOR('',#7883,7.4);
#2148=VECTOR('',#7884,7.4);
#2149=VECTOR('',#7887,4.9);
#2150=VECTOR('',#7888,4.9);
#2151=VECTOR('',#7891,9.);
#2152=VECTOR('',#7892,9.);
#2153=VECTOR('',#7895,4.9);
#2154=VECTOR('',#7896,4.9);
#2155=VECTOR('',#7899,7.4);
#2156=VECTOR('',#7900,7.4);
#2157=VECTOR('',#7903,4.9);
#2158=VECTOR('',#7904,4.9);
#2159=VECTOR('',#7907,1.40501256289338);
#2160=VECTOR('',#7908,1.40501256289338);
#2161=VECTOR('',#7911,0.805012562893379);
#2162=VECTOR('',#7912,0.805012562893379);
#2163=VECTOR('',#7925,0.644009461630724);
#2164=VECTOR('',#7932,4.1);
#2165=VECTOR('',#7935,4.1);
#2166=VECTOR('',#7940,4.1);
#2167=VECTOR('',#7943,4.1);
#2168=VECTOR('',#7946,1.30501256289338);
#2169=VECTOR('',#7947,4.1);
#2170=VECTOR('',#7948,1.30501256289338);
#2171=VECTOR('',#7951,4.7);
#2172=VECTOR('',#7952,4.1);
#2173=VECTOR('',#7953,4.7);
#2174=VECTOR('',#7954,4.1);
#2175=VECTOR('',#7957,6.3);
#2176=VECTOR('',#7958,4.1);
#2177=VECTOR('',#7959,6.3);
#2178=VECTOR('',#7960,4.1);
#2179=VECTOR('',#7963,18.);
#2180=VECTOR('',#7964,4.1);
#2181=VECTOR('',#7965,18.);
#2182=VECTOR('',#7966,4.1);
#2183=VECTOR('',#7969,6.3);
#2184=VECTOR('',#7970,4.1);
#2185=VECTOR('',#7971,6.3);
#2186=VECTOR('',#7972,4.1);
#2187=VECTOR('',#7975,4.7);
#2188=VECTOR('',#7976,4.1);
#2189=VECTOR('',#7977,4.7);
#2190=VECTOR('',#7978,4.1);
#2191=VECTOR('',#7981,1.30501256289338);
#2192=VECTOR('',#7982,4.1);
#2193=VECTOR('',#7983,1.30501256289338);
#2194=VECTOR('',#7986,0.80501256289338);
#2195=VECTOR('',#7987,4.1);
#2196=VECTOR('',#7988,0.80501256289338);
#2197=VECTOR('',#7991,9.);
#2198=VECTOR('',#7992,4.1);
#2199=VECTOR('',#7993,9.);
#2200=VECTOR('',#7996,0.805012562893379);
#2201=VECTOR('',#7997,0.805012562893379);
#2202=VECTOR('',#8000,0.56568542494924);
#2203=VECTOR('',#8001,0.56568542494924);
#2204=VECTOR('',#8002,0.56568542494924);
#2205=VECTOR('',#8003,0.56568542494924);
#2206=VECTOR('',#8004,1.4142135623731);
#2207=VECTOR('',#8005,1.4142135623731);
#2208=VECTOR('',#8008,0.565685424949239);
#2209=VECTOR('',#8009,1.4142135623731);
#2210=VECTOR('',#8010,1.4142135623731);
#2211=VECTOR('',#8011,0.565685424949239);
#2212=VECTOR('',#8012,0.565685424949239);
#2213=VECTOR('',#8013,0.565685424949239);
#2214=VECTOR('',#8062,0.91092912211838);
#2215=VECTOR('',#8063,0.17850809706447);
#2216=VECTOR('',#8064,0.927537098650306);
#2217=VECTOR('',#8067,1.07483717687923);
#2218=VECTOR('',#8068,0.48724328758245);
#2219=VECTOR('',#8071,0.884800110841934);
#2220=VECTOR('',#8072,0.48724328758245);
#2221=VECTOR('',#8075,0.883518082681851);
#2222=VECTOR('',#8076,0.178508097064469);
#2223=VECTOR('',#8079,1.07358875120314);
#2224=VECTOR('',#8080,0.48724328758245);
#2225=VECTOR('',#8083,0.905973405912182);
#2226=VECTOR('',#8084,0.487243287582451);
#2227=VECTOR('',#8087,0.922598310839889);
#2228=VECTOR('',#8088,0.17850809706447);
#2229=VECTOR('',#8091,1.08990332346241);
#2230=VECTOR('',#8092,0.487243287582451);
#2231=VECTOR('',#8095,0.948105859216312);
#2232=VECTOR('',#8096,0.48724328758244);
#2233=VECTOR('',#8099,0.949370933055629);
#2234=VECTOR('',#8100,0.178508097064469);
#2235=VECTOR('',#8103,1.09115534609182);
#2236=VECTOR('',#8104,0.48724328758244);
#2237=VECTOR('',#8107,0.48724328758245);
#2238=VECTOR('',#8146,0.927537098650307);
#2239=VECTOR('',#8147,0.17850809706447);
#2240=VECTOR('',#8148,0.91092912211838);
#2241=VECTOR('',#8151,1.09115534609182);
#2242=VECTOR('',#8152,0.48724328758245);
#2243=VECTOR('',#8155,0.949370933055629);
#2244=VECTOR('',#8156,0.48724328758244);
#2245=VECTOR('',#8159,0.948105859216312);
#2246=VECTOR('',#8160,0.178508097064469);
#2247=VECTOR('',#8163,1.08990332346241);
#2248=VECTOR('',#8164,0.48724328758244);
#2249=VECTOR('',#8167,0.922598310839889);
#2250=VECTOR('',#8168,0.487243287582441);
#2251=VECTOR('',#8171,0.905973405912182);
#2252=VECTOR('',#8172,0.17850809706447);
#2253=VECTOR('',#8175,1.07358875120314);
#2254=VECTOR('',#8176,0.487243287582441);
#2255=VECTOR('',#8179,0.883518082681851);
#2256=VECTOR('',#8180,0.48724328758245);
#2257=VECTOR('',#8183,0.884800110841934);
#2258=VECTOR('',#8184,0.178508097064469);
#2259=VECTOR('',#8187,1.07483717687923);
#2260=VECTOR('',#8188,0.48724328758245);
#2261=VECTOR('',#8191,0.48724328758245);
#2262=VECTOR('',#8198,0.199999999999998);
#2263=VECTOR('',#8201,0.199999999999998);
#2264=VECTOR('',#8206,0.199999999999998);
#2265=VECTOR('',#8209,0.199999999999998);
#2266=VECTOR('',#8212,0.199999999999998);
#2267=VECTOR('',#8215,0.199999999999998);
#2268=VECTOR('',#8218,1.30154507029067);
#2269=VECTOR('',#8225,0.644009461630724);
#2270=VECTOR('',#8232,1.30154507029067);
#2271=VECTOR('',#8237,0.199999999999998);
#2272=VECTOR('',#8240,0.199999999999998);
#2273=VECTOR('',#8243,0.199999999999998);
#2274=VECTOR('',#8246,0.199999999999998);
#2275=VECTOR('',#8249,4.63752388777021);
#2276=VECTOR('',#8250,4.1);
#2277=VECTOR('',#8251,0.565685424949238);
#2278=VECTOR('',#8252,6.3);
#2279=VECTOR('',#8253,1.41421356237309);
#2280=VECTOR('',#8254,7.58023402308373);
#2281=VECTOR('',#8255,2.2);
#2282=VECTOR('',#8256,3.0860229440701);
#2283=VECTOR('',#8259,0.199999999999998);
#2284=VECTOR('',#8260,0.499999999999999);
#2285=VECTOR('',#8261,0.199999999999998);
#2286=VECTOR('',#8262,0.1);
#2287=VECTOR('',#8263,0.899999999999999);
#2288=VECTOR('',#8264,4.7);
#2289=VECTOR('',#8265,0.899999999999999);
#2290=VECTOR('',#8268,1.64540057793999);
#2291=VECTOR('',#8269,9.63013214910606);
#2292=VECTOR('',#8270,1.64540057793999);
#2293=VECTOR('',#8271,0.4);
#2294=VECTOR('',#8272,0.45);
#2295=VECTOR('',#8273,2.20250628144669);
#2296=VECTOR('',#8274,0.1);
#2297=VECTOR('',#8275,0.565685424949239);
#2298=VECTOR('',#8276,1.30501256289338);
#2299=VECTOR('',#8279,0.5);
#2300=VECTOR('',#8280,0.5);
#2301=VECTOR('',#8281,0.5);
#2302=VECTOR('',#8284,0.80501256289338);
#2303=VECTOR('',#8285,9.);
#2304=VECTOR('',#8286,0.805012562893379);
#2305=VECTOR('',#8289,0.5);
#2306=VECTOR('',#8290,0.5);
#2307=VECTOR('',#8291,0.5);
#2308=VECTOR('',#8294,1.30501256289338);
#2309=VECTOR('',#8295,0.565685424949237);
#2310=VECTOR('',#8296,2.20250628144669);
#2311=VECTOR('',#8297,0.45);
#2312=VECTOR('',#8300,0.4);
#2313=VECTOR('',#8303,0.199999999999998);
#2314=VECTOR('',#8304,0.499999999999999);
#2315=VECTOR('',#8305,0.199999999999998);
#2316=VECTOR('',#8306,4.1);
#2317=VECTOR('',#8307,0.899999999999999);
#2318=VECTOR('',#8308,4.7);
#2319=VECTOR('',#8309,0.899999999999999);
#2320=VECTOR('',#8312,4.63752388777022);
#2321=VECTOR('',#8313,3.0860229440701);
#2322=VECTOR('',#8314,2.2);
#2323=VECTOR('',#8315,7.58023402308373);
#2324=VECTOR('',#8316,1.4142135623731);
#2325=VECTOR('',#8317,6.3);
#2326=VECTOR('',#8318,0.565685424949238);
#2327=VECTOR('',#8321,0.805012562893379);
#2328=VECTOR('',#8322,0.899999999999999);
#2329=VECTOR('',#8323,0.899999999999999);
#2330=VECTOR('',#8328,0.899999999999999);
#2331=VECTOR('',#8331,0.5);
#2332=VECTOR('',#8332,0.899999999999999);
#2333=VECTOR('',#8335,0.5);
#2334=VECTOR('',#8336,0.899999999999999);
#2335=VECTOR('',#8339,0.5);
#2336=VECTOR('',#8340,0.899999999999999);
#2337=VECTOR('',#8345,0.899999999999999);
#2338=VECTOR('',#8348,1.30501256289338);
#2339=VECTOR('',#8349,0.899999999999999);
#2340=VECTOR('',#8352,0.899999999999999);
#2341=VECTOR('',#8353,6.3);
#2342=VECTOR('',#8354,0.899999999999999);
#2343=VECTOR('',#8357,0.199999999999998);
#2344=VECTOR('',#8358,2.83953195383254);
#2345=VECTOR('',#8359,0.199999999999998);
#2346=VECTOR('',#8360,0.899999999999999);
#2347=VECTOR('',#8361,18.);
#2348=VECTOR('',#8362,0.899999999999999);
#2349=VECTOR('',#8365,6.3);
#2350=VECTOR('',#8366,0.899999999999999);
#2351=VECTOR('',#8367,0.899999999999999);
#2352=VECTOR('',#8370,0.899999999999999);
#2353=VECTOR('',#8371,1.30501256289338);
#2354=VECTOR('',#8372,0.899999999999999);
#2355=VECTOR('',#8377,0.899999999999999);
#2356=VECTOR('',#8380,0.5);
#2357=VECTOR('',#8381,0.899999999999999);
#2358=VECTOR('',#8384,0.5);
#2359=VECTOR('',#8385,0.899999999999999);
#2360=VECTOR('',#8388,0.5);
#2361=VECTOR('',#8389,0.899999999999999);
#2362=VECTOR('',#8394,0.899999999999999);
#2363=VECTOR('',#8397,0.80501256289338);
#2364=VECTOR('',#8398,0.899999999999999);
#2365=VECTOR('',#8401,9.);
#2366=VECTOR('',#8404,0.565685424949239);
#2367=VECTOR('',#8405,0.565685424949239);
#2368=VECTOR('',#8406,0.565685424949239);
#2369=VECTOR('',#8407,1.4142135623731);
#2370=VECTOR('',#8408,1.4142135623731);
#2371=VECTOR('',#8409,0.565685424949239);
#2372=VECTOR('',#8424,0.199999999999998);
#2373=VECTOR('',#8425,2.2);
#2374=VECTOR('',#8428,2.2);
#2375=VECTOR('',#8429,0.199999999999998);
#2376=VECTOR('',#8432,3.0860229440701);
#2377=VECTOR('',#8435,9.63013214910606);
#2378=VECTOR('',#8438,3.0860229440701);
#2379=VECTOR('',#8443,0.45);
#2380=VECTOR('',#8444,0.199999999999998);
#2381=VECTOR('',#8447,2.20250628144669);
#2382=VECTOR('',#8450,4.63752388777022);
#2383=VECTOR('',#8453,1.64540057793999);
#2384=VECTOR('',#8454,0.199999999999998);
#2385=VECTOR('',#8457,0.4);
#2386=VECTOR('',#8462,0.199999999999998);
#2387=VECTOR('',#8465,0.199999999999998);
#2388=VECTOR('',#8468,0.4);
#2389=VECTOR('',#8469,0.199999999999998);
#2390=VECTOR('',#8472,1.64540057793999);
#2391=VECTOR('',#8475,4.63752388777021);
#2392=VECTOR('',#8478,2.20250628144669);
#2393=VECTOR('',#8479,0.199999999999998);
#2394=VECTOR('',#8482,0.45);
#2395=VECTOR('',#8489,0.644009461630724);
#2396=VECTOR('',#8496,4.1);
#2397=VECTOR('',#8499,4.1);
#2398=VECTOR('',#8504,4.1);
#2399=VECTOR('',#8507,4.1);
#2400=VECTOR('',#8510,1.30501256289338);
#2401=VECTOR('',#8511,1.30501256289338);
#2402=VECTOR('',#8512,4.1);
#2403=VECTOR('',#8515,4.7);
#2404=VECTOR('',#8516,4.1);
#2405=VECTOR('',#8517,4.7);
#2406=VECTOR('',#8518,4.1);
#2407=VECTOR('',#8521,6.3);
#2408=VECTOR('',#8522,4.1);
#2409=VECTOR('',#8523,6.3);
#2410=VECTOR('',#8524,4.1);
#2411=VECTOR('',#8527,18.);
#2412=VECTOR('',#8528,4.1);
#2413=VECTOR('',#8529,18.);
#2414=VECTOR('',#8530,4.1);
#2415=VECTOR('',#8533,6.3);
#2416=VECTOR('',#8534,4.1);
#2417=VECTOR('',#8535,6.3);
#2418=VECTOR('',#8536,4.1);
#2419=VECTOR('',#8539,4.7);
#2420=VECTOR('',#8540,4.1);
#2421=VECTOR('',#8541,4.7);
#2422=VECTOR('',#8542,4.1);
#2423=VECTOR('',#8545,1.30501256289338);
#2424=VECTOR('',#8546,1.30501256289338);
#2425=VECTOR('',#8547,4.1);
#2426=VECTOR('',#8550,0.80501256289338);
#2427=VECTOR('',#8551,0.80501256289338);
#2428=VECTOR('',#8552,4.1);
#2429=VECTOR('',#8555,9.);
#2430=VECTOR('',#8556,9.);
#2431=VECTOR('',#8557,4.1);
#2432=VECTOR('',#8560,0.805012562893379);
#2433=VECTOR('',#8561,0.805012562893379);
#2434=VECTOR('',#8564,1.4142135623731);
#2435=VECTOR('',#8565,1.4142135623731);
#2436=VECTOR('',#8566,0.56568542494924);
#2437=VECTOR('',#8567,0.56568542494924);
#2438=VECTOR('',#8568,0.56568542494924);
#2439=VECTOR('',#8569,0.56568542494924);
#2440=VECTOR('',#8572,0.565685424949239);
#2441=VECTOR('',#8573,0.565685424949239);
#2442=VECTOR('',#8574,0.565685424949239);
#2443=VECTOR('',#8575,1.4142135623731);
#2444=VECTOR('',#8576,1.4142135623731);
#2445=VECTOR('',#8577,0.565685424949239);
#2446=VECTOR('',#8594,0.199999999999998);
#2447=VECTOR('',#8597,0.199999999999998);
#2448=VECTOR('',#8602,1.30154507029067);
#2449=VECTOR('',#8607,0.199999999999998);
#2450=VECTOR('',#8610,0.199999999999998);
#2451=VECTOR('',#8613,0.199999999999998);
#2452=VECTOR('',#8616,0.199999999999998);
#2453=VECTOR('',#8621,0.644009461630724);
#2454=VECTOR('',#8628,0.199999999999998);
#2455=VECTOR('',#8631,0.199999999999998);
#2456=VECTOR('',#8634,0.199999999999998);
#2457=VECTOR('',#8637,0.199999999999998);
#2458=VECTOR('',#8640,1.30154507029067);
#2459=VECTOR('',#8645,3.0860229440701);
#2460=VECTOR('',#8646,2.2);
#2461=VECTOR('',#8647,7.58023402308373);
#2462=VECTOR('',#8648,1.41421356237309);
#2463=VECTOR('',#8649,6.3);
#2464=VECTOR('',#8650,0.565685424949238);
#2465=VECTOR('',#8651,4.1);
#2466=VECTOR('',#8652,4.63752388777021);
#2467=VECTOR('',#8655,0.199999999999998);
#2468=VECTOR('',#8656,0.899999999999999);
#2469=VECTOR('',#8657,4.7);
#2470=VECTOR('',#8658,0.899999999999999);
#2471=VECTOR('',#8659,0.1);
#2472=VECTOR('',#8660,0.199999999999998);
#2473=VECTOR('',#8661,0.499999999999999);
#2474=VECTOR('',#8664,1.64540057793999);
#2475=VECTOR('',#8665,0.4);
#2476=VECTOR('',#8668,0.45);
#2477=VECTOR('',#8669,2.20250628144669);
#2478=VECTOR('',#8670,0.565685424949237);
#2479=VECTOR('',#8671,1.30501256289338);
#2480=VECTOR('',#8674,0.5);
#2481=VECTOR('',#8675,0.5);
#2482=VECTOR('',#8676,0.5);
#2483=VECTOR('',#8679,0.805012562893379);
#2484=VECTOR('',#8680,9.);
#2485=VECTOR('',#8681,0.80501256289338);
#2486=VECTOR('',#8684,0.5);
#2487=VECTOR('',#8685,0.5);
#2488=VECTOR('',#8686,0.5);
#2489=VECTOR('',#8689,1.30501256289338);
#2490=VECTOR('',#8690,0.565685424949239);
#2491=VECTOR('',#8691,0.1);
#2492=VECTOR('',#8692,2.20250628144669);
#2493=VECTOR('',#8693,0.45);
#2494=VECTOR('',#8694,0.4);
#2495=VECTOR('',#8695,1.64540057793999);
#2496=VECTOR('',#8696,9.63013214910606);
#2497=VECTOR('',#8699,0.199999999999998);
#2498=VECTOR('',#8700,0.899999999999999);
#2499=VECTOR('',#8701,4.7);
#2500=VECTOR('',#8702,0.899999999999999);
#2501=VECTOR('',#8703,4.1);
#2502=VECTOR('',#8704,0.199999999999998);
#2503=VECTOR('',#8705,0.499999999999999);
#2504=VECTOR('',#8708,4.63752388777022);
#2505=VECTOR('',#8709,0.565685424949238);
#2506=VECTOR('',#8710,6.3);
#2507=VECTOR('',#8711,1.4142135623731);
#2508=VECTOR('',#8712,7.58023402308373);
#2509=VECTOR('',#8713,2.2);
#2510=VECTOR('',#8714,3.0860229440701);
#2511=VECTOR('',#8717,0.805012562893379);
#2512=VECTOR('',#8718,0.899999999999999);
#2513=VECTOR('',#8719,0.899999999999999);
#2514=VECTOR('',#8724,0.899999999999999);
#2515=VECTOR('',#8727,0.5);
#2516=VECTOR('',#8728,0.899999999999999);
#2517=VECTOR('',#8731,0.5);
#2518=VECTOR('',#8732,0.899999999999999);
#2519=VECTOR('',#8735,0.5);
#2520=VECTOR('',#8736,0.899999999999999);
#2521=VECTOR('',#8741,0.899999999999999);
#2522=VECTOR('',#8744,1.30501256289338);
#2523=VECTOR('',#8745,0.899999999999999);
#2524=VECTOR('',#8748,0.899999999999999);
#2525=VECTOR('',#8749,6.3);
#2526=VECTOR('',#8750,0.899999999999999);
#2527=VECTOR('',#8753,0.199999999999998);
#2528=VECTOR('',#8754,0.899999999999999);
#2529=VECTOR('',#8755,18.);
#2530=VECTOR('',#8756,0.899999999999999);
#2531=VECTOR('',#8757,0.199999999999998);
#2532=VECTOR('',#8758,2.83953195383254);
#2533=VECTOR('',#8761,6.3);
#2534=VECTOR('',#8762,0.899999999999999);
#2535=VECTOR('',#8763,0.899999999999999);
#2536=VECTOR('',#8766,0.899999999999999);
#2537=VECTOR('',#8767,1.30501256289338);
#2538=VECTOR('',#8768,0.899999999999999);
#2539=VECTOR('',#8773,0.899999999999999);
#2540=VECTOR('',#8776,0.5);
#2541=VECTOR('',#8777,0.899999999999999);
#2542=VECTOR('',#8780,0.5);
#2543=VECTOR('',#8781,0.899999999999999);
#2544=VECTOR('',#8784,0.5);
#2545=VECTOR('',#8785,0.899999999999999);
#2546=VECTOR('',#8790,0.899999999999999);
#2547=VECTOR('',#8793,0.80501256289338);
#2548=VECTOR('',#8794,0.899999999999999);
#2549=VECTOR('',#8797,9.);
#2550=VECTOR('',#8800,0.565685424949239);
#2551=VECTOR('',#8801,1.4142135623731);
#2552=VECTOR('',#8802,1.4142135623731);
#2553=VECTOR('',#8803,0.565685424949239);
#2554=VECTOR('',#8804,0.565685424949239);
#2555=VECTOR('',#8805,0.565685424949239);
#2556=VECTOR('',#8820,2.2);
#2557=VECTOR('',#8821,0.199999999999998);
#2558=VECTOR('',#8824,0.199999999999998);
#2559=VECTOR('',#8825,2.2);
#2560=VECTOR('',#8828,3.0860229440701);
#2561=VECTOR('',#8831,9.63013214910606);
#2562=VECTOR('',#8834,3.0860229440701);
#2563=VECTOR('',#8839,0.199999999999998);
#2564=VECTOR('',#8840,0.45);
#2565=VECTOR('',#8843,2.20250628144669);
#2566=VECTOR('',#8846,4.63752388777022);
#2567=VECTOR('',#8849,0.199999999999998);
#2568=VECTOR('',#8850,1.64540057793999);
#2569=VECTOR('',#8853,0.4);
#2570=VECTOR('',#8858,0.199999999999998);
#2571=VECTOR('',#8861,0.199999999999998);
#2572=VECTOR('',#8864,0.199999999999998);
#2573=VECTOR('',#8865,0.4);
#2574=VECTOR('',#8868,1.64540057793999);
#2575=VECTOR('',#8871,4.63752388777021);
#2576=VECTOR('',#8874,0.199999999999998);
#2577=VECTOR('',#8875,2.20250628144669);
#2578=VECTOR('',#8878,0.45);
#2579=VECTOR('',#8917,0.927537098650306);
#2580=VECTOR('',#8918,0.17850809706447);
#2581=VECTOR('',#8919,0.91092912211838);
#2582=VECTOR('',#8922,0.48724328758245);
#2583=VECTOR('',#8923,1.07483717687923);
#2584=VECTOR('',#8926,0.48724328758245);
#2585=VECTOR('',#8927,0.884800110841934);
#2586=VECTOR('',#8930,0.178508097064469);
#2587=VECTOR('',#8931,0.883518082681851);
#2588=VECTOR('',#8934,0.48724328758245);
#2589=VECTOR('',#8935,1.07358875120314);
#2590=VECTOR('',#8938,0.487243287582451);
#2591=VECTOR('',#8939,0.905973405912182);
#2592=VECTOR('',#8942,0.17850809706447);
#2593=VECTOR('',#8943,0.922598310839889);
#2594=VECTOR('',#8946,0.487243287582451);
#2595=VECTOR('',#8947,1.08990332346241);
#2596=VECTOR('',#8950,0.48724328758244);
#2597=VECTOR('',#8951,0.948105859216312);
#2598=VECTOR('',#8954,0.178508097064469);
#2599=VECTOR('',#8955,0.949370933055629);
#2600=VECTOR('',#8958,0.48724328758244);
#2601=VECTOR('',#8959,1.09115534609182);
#2602=VECTOR('',#8962,0.48724328758245);
#2603=VECTOR('',#9001,0.91092912211838);
#2604=VECTOR('',#9002,0.17850809706447);
#2605=VECTOR('',#9003,0.927537098650307);
#2606=VECTOR('',#9006,0.48724328758245);
#2607=VECTOR('',#9007,1.09115534609182);
#2608=VECTOR('',#9010,0.48724328758244);
#2609=VECTOR('',#9011,0.949370933055629);
#2610=VECTOR('',#9014,0.178508097064469);
#2611=VECTOR('',#9015,0.948105859216312);
#2612=VECTOR('',#9018,0.48724328758244);
#2613=VECTOR('',#9019,1.08990332346241);
#2614=VECTOR('',#9022,0.487243287582441);
#2615=VECTOR('',#9023,0.922598310839889);
#2616=VECTOR('',#9026,0.17850809706447);
#2617=VECTOR('',#9027,0.905973405912182);
#2618=VECTOR('',#9030,0.487243287582441);
#2619=VECTOR('',#9031,1.07358875120314);
#2620=VECTOR('',#9034,0.48724328758245);
#2621=VECTOR('',#9035,0.883518082681851);
#2622=VECTOR('',#9038,0.178508097064469);
#2623=VECTOR('',#9039,0.884800110841934);
#2624=VECTOR('',#9042,0.48724328758245);
#2625=VECTOR('',#9043,1.07483717687923);
#2626=VECTOR('',#9046,0.48724328758245);
#2627=VECTOR('',#9055,2.5);
#2628=VECTOR('',#9068,4.25);
#2629=VECTOR('',#9073,4.25);
#2630=VECTOR('',#9076,1.9);
#2631=VECTOR('',#9109,1000.);
#2632=VECTOR('',#9110,1000.);
#2633=VECTOR('',#9111,1000.);
#2634=VECTOR('',#9112,1000.);
#2635=VECTOR('',#9113,1000.);
#2636=VECTOR('',#9114,1000.);
#2637=VECTOR('',#9117,1000.);
#2638=VECTOR('',#9118,1000.);
#2639=VECTOR('',#9121,1000.);
#2640=VECTOR('',#9124,1000.);
#2641=VECTOR('',#9127,1000.);
#2642=VECTOR('',#9130,1000.);
#2643=VECTOR('',#9139,1.5);
#2644=VECTOR('',#9152,2.75);
#2645=VECTOR('',#9157,2.75);
#2646=VECTOR('',#9160,1.125);
#2647=VECTOR('',#9193,1000.);
#2648=VECTOR('',#9194,1000.);
#2649=VECTOR('',#9195,1000.);
#2650=VECTOR('',#9196,1000.);
#2651=VECTOR('',#9197,1000.);
#2652=VECTOR('',#9198,1000.);
#2653=VECTOR('',#9201,1000.);
#2654=VECTOR('',#9202,1000.);
#2655=VECTOR('',#9205,1000.);
#2656=VECTOR('',#9208,1000.);
#2657=VECTOR('',#9211,1000.);
#2658=VECTOR('',#9214,1000.);
#2659=VECTOR('',#9221,10.);
#2660=VECTOR('',#9222,10.);
#2661=VECTOR('',#9223,10.);
#2662=VECTOR('',#9224,10.);
#2663=VECTOR('',#9227,10.);
#2664=VECTOR('',#9230,10.);
#2665=VECTOR('',#9235,10.);
#2666=VECTOR('',#9236,10.);
#2667=VECTOR('',#9237,10.);
#2668=VECTOR('',#9242,10.);
#2669=VECTOR('',#9247,10.);
#2670=VECTOR('',#9248,10.);
#2671=VECTOR('',#9249,10.);
#2672=VECTOR('',#9254,10.);
#2673=VECTOR('',#9259,10.);
#2674=VECTOR('',#9262,10.);
#2675=VECTOR('',#9265,10.);
#2676=VECTOR('',#9268,10.);
#2677=VECTOR('',#9271,10.);
#2678=VECTOR('',#9272,10.);
#2679=VECTOR('',#9275,10.);
#2680=VECTOR('',#9280,1.65);
#2681=VECTOR('',#9287,1.55);
#2682=VECTOR('',#9292,1.65);
#2683=VECTOR('',#9299,1.55);
#2684=VECTOR('',#9304,1.65);
#2685=VECTOR('',#9307,10.);
#2686=VECTOR('',#9314,1.65);
#2687=VECTOR('',#9317,10.);
#2688=VECTOR('',#9322,10.);
#2689=VECTOR('',#9325,10.);
#2690=VECTOR('',#9336,10.);
#2691=VECTOR('',#9339,10.);
#2692=VECTOR('',#9342,10.);
#2693=VECTOR('',#9343,10.);
#2694=VECTOR('',#9346,10.);
#2695=VECTOR('',#9347,10.);
#2696=VECTOR('',#9352,10.);
#2697=VECTOR('',#9355,10.);
#2698=VECTOR('',#9356,10.);
#2699=VECTOR('',#9357,10.);
#2700=VECTOR('',#9362,2.65);
#2701=VECTOR('',#9367,2.55);
#2702=VECTOR('',#9374,2.65);
#2703=VECTOR('',#9379,2.55);
#2704=VECTOR('',#9386,10.);
#2705=VECTOR('',#9391,10.);
#2706=VECTOR('',#9392,10.);
#2707=VECTOR('',#9393,10.);
#2708=VECTOR('',#9402,10.);
#2709=VECTOR('',#9403,10.);
#2710=VECTOR('',#9404,10.);
#2711=VECTOR('',#9405,10.);
#2712=VECTOR('',#9410,2.65);
#2713=VECTOR('',#9413,10.);
#2714=VECTOR('',#9414,10.);
#2715=VECTOR('',#9415,10.);
#2716=VECTOR('',#9420,2.65);
#2717=VECTOR('',#9423,10.);
#2718=VECTOR('',#9424,10.);
#2719=VECTOR('',#9429,10.);
#2720=VECTOR('',#9434,10.);
#2721=VECTOR('',#9435,10.);
#2722=VECTOR('',#9436,10.);
#2723=VECTOR('',#9441,10.);
#2724=VECTOR('',#9446,10.);
#2725=VECTOR('',#9447,10.);
#2726=VECTOR('',#9448,10.);
#2727=VECTOR('',#9453,10.);
#2728=VECTOR('',#9458,10.);
#2729=VECTOR('',#9461,10.);
#2730=VECTOR('',#9466,10.);
#2731=VECTOR('',#9469,10.);
#2732=VECTOR('',#9472,10.);
#2733=VECTOR('',#9473,10.);
#2734=VECTOR('',#9480,1.65);
#2735=VECTOR('',#9491,1.55);
#2736=VECTOR('',#9494,1.65);
#2737=VECTOR('',#9501,1.55);
#2738=VECTOR('',#9506,1.65);
#2739=VECTOR('',#9509,10.);
#2740=VECTOR('',#9516,1.65);
#2741=VECTOR('',#9519,10.);
#2742=VECTOR('',#9524,10.);
#2743=VECTOR('',#9527,10.);
#2744=VECTOR('',#9538,10.);
#2745=VECTOR('',#9539,10.);
#2746=VECTOR('',#9542,10.);
#2747=VECTOR('',#9543,10.);
#2748=VECTOR('',#9546,10.);
#2749=VECTOR('',#9551,10.);
#2750=VECTOR('',#9554,10.);
#2751=VECTOR('',#9555,10.);
#2752=VECTOR('',#9570,10.);
#2753=VECTOR('',#9573,10.);
#2754=VECTOR('',#9576,10.);
#2755=VECTOR('',#9581,1.50725);
#2756=VECTOR('',#9586,1.2645);
#2757=VECTOR('',#9593,2.5);
#2758=VECTOR('',#9606,4.25);
#2759=VECTOR('',#9611,4.25);
#2760=VECTOR('',#9614,1.9);
#2761=VECTOR('',#9647,1000.);
#2762=VECTOR('',#9648,1000.);
#2763=VECTOR('',#9649,1000.);
#2764=VECTOR('',#9650,1000.);
#2765=VECTOR('',#9651,1000.);
#2766=VECTOR('',#9652,1000.);
#2767=VECTOR('',#9655,1000.);
#2768=VECTOR('',#9656,1000.);
#2769=VECTOR('',#9659,1000.);
#2770=VECTOR('',#9662,1000.);
#2771=VECTOR('',#9665,1000.);
#2772=VECTOR('',#9668,1000.);
#2773=VECTOR('',#9677,2.64999999999999);
#2774=VECTOR('',#9682,2.5);
#2775=VECTOR('',#9693,2.65000000000001);
#2776=VECTOR('',#9702,3.89999999999999);
#2777=VECTOR('',#9707,3.99999999999999);
#2778=VECTOR('',#9710,3.89999999999998);
#2779=CIRCLE('',#7084,1.5);
#2780=CIRCLE('',#7085,1.8);
#2781=CIRCLE('',#7087,1.5);
#2782=CIRCLE('',#7088,1.8);
#2783=CIRCLE('',#7090,1.5);
#2784=CIRCLE('',#7092,1.5);
#2785=CIRCLE('',#7094,0.644009461630724);
#2786=CIRCLE('',#7095,0.644009461630724);
#2787=CIRCLE('',#7097,1.);
#2788=CIRCLE('',#7098,1.);
#2789=CIRCLE('',#7100,1.5);
#2790=CIRCLE('',#7101,1.8);
#2791=CIRCLE('',#7103,1.5);
#2792=CIRCLE('',#7104,1.8);
#2793=CIRCLE('',#7106,1.5);
#2794=CIRCLE('',#7108,1.5);
#2795=CIRCLE('',#7120,1.);
#2796=CIRCLE('',#7121,1.);
#2797=CIRCLE('',#7139,0.644009461630724);
#2798=CIRCLE('',#7140,0.644009461630724);
#2799=CIRCLE('',#7142,1.);
#2800=CIRCLE('',#7143,1.);
#2801=CIRCLE('',#7145,1.);
#2802=CIRCLE('',#7146,1.);
#2803=CIRCLE('',#7166,1.17847366830297);
#2804=CIRCLE('',#7167,1.30146994110697);
#2805=CIRCLE('',#7168,1.29981544265263);
#2806=CIRCLE('',#7169,1.20193412270979);
#2807=CIRCLE('',#7170,1.29933075830278);
#2808=CIRCLE('',#7171,1.30146994110697);
#2809=CIRCLE('',#7172,1.17430247357013);
#2810=CIRCLE('',#7173,1.29513828308694);
#2811=CIRCLE('',#7174,1.29933075830278);
#2812=CIRCLE('',#7175,1.14741772100429);
#2813=CIRCLE('',#7176,1.29981544265263);
#2814=CIRCLE('',#7177,1.29513828308694);
#2815=CIRCLE('',#7178,1.17847366830297);
#2816=CIRCLE('',#7179,1.30154507029069);
#2817=CIRCLE('',#7180,1.30154507029067);
#2818=CIRCLE('',#7196,1.17430247357013);
#2819=CIRCLE('',#7197,1.30146994110697);
#2820=CIRCLE('',#7198,1.29933075830278);
#2821=CIRCLE('',#7199,1.20193412270979);
#2822=CIRCLE('',#7200,1.29981544265263);
#2823=CIRCLE('',#7201,1.30146994110697);
#2824=CIRCLE('',#7202,1.17847366830296);
#2825=CIRCLE('',#7203,1.29513828308694);
#2826=CIRCLE('',#7204,1.29981544265263);
#2827=CIRCLE('',#7205,1.14741772100429);
#2828=CIRCLE('',#7206,1.29933075830278);
#2829=CIRCLE('',#7207,1.29513828308694);
#2830=CIRCLE('',#7208,1.17430247357013);
#2831=CIRCLE('',#7209,1.30154507029069);
#2832=CIRCLE('',#7210,1.30154507029067);
#2833=CIRCLE('',#7226,0.5);
#2834=CIRCLE('',#7227,0.5);
#2835=CIRCLE('',#7229,1.30154507029067);
#2836=CIRCLE('',#7230,1.30154507029067);
#2837=CIRCLE('',#7231,1.30154507029067);
#2838=CIRCLE('',#7232,1.30154507029067);
#2839=CIRCLE('',#7233,1.30154507029067);
#2840=CIRCLE('',#7234,1.30154507029067);
#2841=CIRCLE('',#7236,0.644009461630724);
#2842=CIRCLE('',#7237,0.644009461630724);
#2843=CIRCLE('',#7239,1.30154507029067);
#2844=CIRCLE('',#7240,1.30154507029067);
#2845=CIRCLE('',#7241,1.30154507029067);
#2846=CIRCLE('',#7242,1.30154507029067);
#2847=CIRCLE('',#7243,1.30154507029067);
#2848=CIRCLE('',#7244,1.30154507029067);
#2849=CIRCLE('',#7248,1.);
#2850=CIRCLE('',#7249,1.);
#2851=CIRCLE('',#7250,1.);
#2852=CIRCLE('',#7251,1.);
#2853=CIRCLE('',#7252,0.5);
#2854=CIRCLE('',#7257,1.);
#2855=CIRCLE('',#7262,1.);
#2856=CIRCLE('',#7269,1.);
#2857=CIRCLE('',#7274,1.);
#2858=CIRCLE('',#7297,0.5);
#2859=CIRCLE('',#7305,0.644009461630724);
#2860=CIRCLE('',#7306,0.644009461630724);
#2861=CIRCLE('',#7308,1.);
#2862=CIRCLE('',#7309,1.);
#2863=CIRCLE('',#7311,1.);
#2864=CIRCLE('',#7312,1.);
#2865=CIRCLE('',#7332,0.5);
#2866=CIRCLE('',#7333,0.5);
#2867=CIRCLE('',#7335,1.30154507029067);
#2868=CIRCLE('',#7336,1.30154507029067);
#2869=CIRCLE('',#7337,1.30154507029067);
#2870=CIRCLE('',#7338,1.30154507029067);
#2871=CIRCLE('',#7339,1.30154507029067);
#2872=CIRCLE('',#7340,1.30154507029067);
#2873=CIRCLE('',#7342,0.644009461630724);
#2874=CIRCLE('',#7343,0.644009461630724);
#2875=CIRCLE('',#7345,1.30154507029067);
#2876=CIRCLE('',#7346,1.30154507029067);
#2877=CIRCLE('',#7347,1.30154507029067);
#2878=CIRCLE('',#7348,1.30154507029067);
#2879=CIRCLE('',#7349,1.30154507029067);
#2880=CIRCLE('',#7350,1.30154507029067);
#2881=CIRCLE('',#7354,0.5);
#2882=CIRCLE('',#7355,1.);
#2883=CIRCLE('',#7356,1.);
#2884=CIRCLE('',#7357,1.);
#2885=CIRCLE('',#7358,1.);
#2886=CIRCLE('',#7363,1.);
#2887=CIRCLE('',#7368,1.);
#2888=CIRCLE('',#7375,1.);
#2889=CIRCLE('',#7380,1.);
#2890=CIRCLE('',#7403,0.5);
#2891=CIRCLE('',#7411,1.30154507029067);
#2892=CIRCLE('',#7412,1.30154507029069);
#2893=CIRCLE('',#7413,1.17847366830297);
#2894=CIRCLE('',#7414,1.29513828308694);
#2895=CIRCLE('',#7415,1.29981544265263);
#2896=CIRCLE('',#7416,1.14741772100429);
#2897=CIRCLE('',#7417,1.29933075830278);
#2898=CIRCLE('',#7418,1.29513828308694);
#2899=CIRCLE('',#7419,1.17430247357013);
#2900=CIRCLE('',#7420,1.30146994110697);
#2901=CIRCLE('',#7421,1.29933075830278);
#2902=CIRCLE('',#7422,1.20193412270979);
#2903=CIRCLE('',#7423,1.29981544265263);
#2904=CIRCLE('',#7424,1.30146994110697);
#2905=CIRCLE('',#7425,1.17847366830297);
#2906=CIRCLE('',#7441,1.30154507029067);
#2907=CIRCLE('',#7442,1.30154507029069);
#2908=CIRCLE('',#7443,1.17430247357013);
#2909=CIRCLE('',#7444,1.29513828308694);
#2910=CIRCLE('',#7445,1.29933075830278);
#2911=CIRCLE('',#7446,1.14741772100429);
#2912=CIRCLE('',#7447,1.29981544265263);
#2913=CIRCLE('',#7448,1.29513828308694);
#2914=CIRCLE('',#7449,1.17847366830296);
#2915=CIRCLE('',#7450,1.30146994110697);
#2916=CIRCLE('',#7451,1.29981544265263);
#2917=CIRCLE('',#7452,1.20193412270979);
#2918=CIRCLE('',#7453,1.29933075830278);
#2919=CIRCLE('',#7454,1.30146994110697);
#2920=CIRCLE('',#7455,1.17430247357013);
#2921=CIRCLE('',#7472,2.5);
#2922=CIRCLE('',#7473,2.5);
#2923=CIRCLE('',#7474,2.5);
#2924=CIRCLE('',#7476,4.25);
#2925=CIRCLE('',#7478,4.25);
#2926=CIRCLE('',#7479,3.8125);
#2927=CIRCLE('',#7482,1.9);
#2928=CIRCLE('',#7484,1.73205080756883);
#2929=CIRCLE('',#7485,1.73205080756883);
#2930=CIRCLE('',#7486,1.73205080756883);
#2931=CIRCLE('',#7487,1.73205080756883);
#2932=CIRCLE('',#7488,1.73205080756883);
#2933=CIRCLE('',#7489,1.73205080756883);
#2934=CIRCLE('',#7506,1.5);
#2935=CIRCLE('',#7507,1.5);
#2936=CIRCLE('',#7508,1.5);
#2937=CIRCLE('',#7510,2.75);
#2938=CIRCLE('',#7512,2.75);
#2939=CIRCLE('',#7513,2.5);
#2940=CIRCLE('',#7516,1.125);
#2941=CIRCLE('',#7518,1.15470053837923);
#2942=CIRCLE('',#7519,1.15470053837923);
#2943=CIRCLE('',#7520,1.15470053837923);
#2944=CIRCLE('',#7521,1.15470053837923);
#2945=CIRCLE('',#7522,1.15470053837923);
#2946=CIRCLE('',#7523,1.15470053837923);
#2947=CIRCLE('',#7541,0.8);
#2948=CIRCLE('',#7542,1.);
#2949=CIRCLE('',#7545,1.3);
#2950=CIRCLE('',#7546,1.5);
#2951=CIRCLE('',#7549,1.3);
#2952=CIRCLE('',#7550,1.5);
#2953=CIRCLE('',#7558,1.75);
#2954=CIRCLE('',#7559,1.55);
#2955=CIRCLE('',#7561,1.55);
#2956=CIRCLE('',#7563,1.75);
#2957=CIRCLE('',#7564,1.55);
#2958=CIRCLE('',#7566,1.55);
#2959=CIRCLE('',#7568,1.75);
#2960=CIRCLE('',#7570,2.9);
#2961=CIRCLE('',#7572,1.75);
#2962=CIRCLE('',#7574,2.9);
#2963=CIRCLE('',#7576,0.5);
#2964=CIRCLE('',#7582,0.5);
#2965=CIRCLE('',#7586,0.5);
#2966=CIRCLE('',#7589,2.55);
#2967=CIRCLE('',#7590,2.75);
#2968=CIRCLE('',#7592,2.55);
#2969=CIRCLE('',#7594,2.55);
#2970=CIRCLE('',#7595,2.75);
#2971=CIRCLE('',#7597,2.55);
#2972=CIRCLE('',#7599,4.4);
#2973=CIRCLE('',#7600,4.6);
#2974=CIRCLE('',#7603,4.6);
#2975=CIRCLE('',#7604,4.4);
#2976=CIRCLE('',#7607,2.75);
#2977=CIRCLE('',#7609,2.75);
#2978=CIRCLE('',#7613,1.);
#2979=CIRCLE('',#7614,0.8);
#2980=CIRCLE('',#7617,1.5);
#2981=CIRCLE('',#7618,1.3);
#2982=CIRCLE('',#7621,1.5);
#2983=CIRCLE('',#7622,1.3);
#2984=CIRCLE('',#7631,1.75);
#2985=CIRCLE('',#7632,1.55);
#2986=CIRCLE('',#7634,1.75);
#2987=CIRCLE('',#7636,1.55);
#2988=CIRCLE('',#7638,1.55);
#2989=CIRCLE('',#7640,1.55);
#2990=CIRCLE('',#7642,1.75);
#2991=CIRCLE('',#7644,2.9);
#2992=CIRCLE('',#7646,1.75);
#2993=CIRCLE('',#7648,2.9);
#2994=CIRCLE('',#7650,0.5);
#2995=CIRCLE('',#7658,0.5);
#2996=CIRCLE('',#7662,0.5);
#2997=CIRCLE('',#7664,1.75);
#2998=CIRCLE('',#7666,4.4);
#2999=CIRCLE('',#7667,4.4);
#3000=CIRCLE('',#7672,1.2645);
#3001=CIRCLE('',#7676,2.5);
#3002=CIRCLE('',#7677,2.5);
#3003=CIRCLE('',#7678,2.5);
#3004=CIRCLE('',#7680,4.25);
#3005=CIRCLE('',#7682,4.25);
#3006=CIRCLE('',#7683,3.8125);
#3007=CIRCLE('',#7686,1.9);
#3008=CIRCLE('',#7688,1.73205080756883);
#3009=CIRCLE('',#7689,1.73205080756883);
#3010=CIRCLE('',#7690,1.73205080756883);
#3011=CIRCLE('',#7691,1.73205080756883);
#3012=CIRCLE('',#7692,1.73205080756883);
#3013=CIRCLE('',#7693,1.73205080756883);
#3014=CIRCLE('',#7710,2.55);
#3015=CIRCLE('',#7711,2.74999999999997);
#3016=CIRCLE('',#7713,2.55);
#3017=CIRCLE('',#7715,3.79999999999998);
#3018=CIRCLE('',#7717,2.75000000000002);
#3019=CIRCLE('',#7719,3.8);
#3020=CIRCLE('',#7721,3.99999999999999);
#3021=CIRCLE('',#7723,3.99999999999999);
#3022=VERTEX_POINT('',#9736);
#3023=VERTEX_POINT('',#9738);
#3024=VERTEX_POINT('',#9742);
#3025=VERTEX_POINT('',#9744);
#3026=VERTEX_POINT('',#9748);
#3027=VERTEX_POINT('',#9752);
#3028=VERTEX_POINT('',#9756);
#3029=VERTEX_POINT('',#9758);
#3030=VERTEX_POINT('',#9762);
#3031=VERTEX_POINT('',#9763);
#3032=VERTEX_POINT('',#9765);
#3033=VERTEX_POINT('',#9767);
#3034=VERTEX_POINT('',#9771);
#3035=VERTEX_POINT('',#9773);
#3036=VERTEX_POINT('',#9777);
#3037=VERTEX_POINT('',#9779);
#3038=VERTEX_POINT('',#9783);
#3039=VERTEX_POINT('',#9787);
#3040=VERTEX_POINT('',#9793);
#3041=VERTEX_POINT('',#9794);
#3042=VERTEX_POINT('',#9796);
#3043=VERTEX_POINT('',#9798);
#3044=VERTEX_POINT('',#9802);
#3045=VERTEX_POINT('',#9803);
#3046=VERTEX_POINT('',#9805);
#3047=VERTEX_POINT('',#9807);
#3048=VERTEX_POINT('',#9811);
#3049=VERTEX_POINT('',#9812);
#3050=VERTEX_POINT('',#9814);
#3051=VERTEX_POINT('',#9816);
#3052=VERTEX_POINT('',#9820);
#3053=VERTEX_POINT('',#9821);
#3054=VERTEX_POINT('',#9823);
#3055=VERTEX_POINT('',#9825);
#3056=VERTEX_POINT('',#9829);
#3057=VERTEX_POINT('',#9830);
#3058=VERTEX_POINT('',#9832);
#3059=VERTEX_POINT('',#9834);
#3060=VERTEX_POINT('',#9838);
#3061=VERTEX_POINT('',#9839);
#3062=VERTEX_POINT('',#9841);
#3063=VERTEX_POINT('',#9843);
#3064=VERTEX_POINT('',#9847);
#3065=VERTEX_POINT('',#9848);
#3066=VERTEX_POINT('',#9850);
#3067=VERTEX_POINT('',#9852);
#3068=VERTEX_POINT('',#9856);
#3069=VERTEX_POINT('',#9857);
#3070=VERTEX_POINT('',#9859);
#3071=VERTEX_POINT('',#9861);
#3072=VERTEX_POINT('',#9865);
#3073=VERTEX_POINT('',#9866);
#3074=VERTEX_POINT('',#9868);
#3075=VERTEX_POINT('',#9870);
#3076=VERTEX_POINT('',#9874);
#3077=VERTEX_POINT('',#9875);
#3078=VERTEX_POINT('',#9877);
#3079=VERTEX_POINT('',#9879);
#3080=VERTEX_POINT('',#9920);
#3081=VERTEX_POINT('',#9922);
#3082=VERTEX_POINT('',#9926);
#3083=VERTEX_POINT('',#9927);
#3084=VERTEX_POINT('',#9929);
#3085=VERTEX_POINT('',#9931);
#3086=VERTEX_POINT('',#9935);
#3087=VERTEX_POINT('',#9936);
#3088=VERTEX_POINT('',#9938);
#3089=VERTEX_POINT('',#9940);
#3090=VERTEX_POINT('',#9944);
#3091=VERTEX_POINT('',#9946);
#3092=VERTEX_POINT('',#9950);
#3093=VERTEX_POINT('',#9951);
#3094=VERTEX_POINT('',#9953);
#3095=VERTEX_POINT('',#9955);
#3096=VERTEX_POINT('',#9959);
#3097=VERTEX_POINT('',#9960);
#3098=VERTEX_POINT('',#9962);
#3099=VERTEX_POINT('',#9964);
#3100=VERTEX_POINT('',#9968);
#3101=VERTEX_POINT('',#9969);
#3102=VERTEX_POINT('',#9971);
#3103=VERTEX_POINT('',#9973);
#3104=VERTEX_POINT('',#9977);
#3105=VERTEX_POINT('',#9978);
#3106=VERTEX_POINT('',#9980);
#3107=VERTEX_POINT('',#9982);
#3108=VERTEX_POINT('',#9986);
#3109=VERTEX_POINT('',#9987);
#3110=VERTEX_POINT('',#9989);
#3111=VERTEX_POINT('',#9991);
#3112=VERTEX_POINT('',#9995);
#3113=VERTEX_POINT('',#9997);
#3114=VERTEX_POINT('',#10001);
#3115=VERTEX_POINT('',#10003);
#3116=VERTEX_POINT('',#10007);
#3117=VERTEX_POINT('',#10009);
#3118=VERTEX_POINT('',#10036);
#3119=VERTEX_POINT('',#10037);
#3120=VERTEX_POINT('',#10039);
#3121=VERTEX_POINT('',#10041);
#3122=VERTEX_POINT('',#10043);
#3123=VERTEX_POINT('',#10045);
#3124=VERTEX_POINT('',#10047);
#3125=VERTEX_POINT('',#10049);
#3126=VERTEX_POINT('',#10051);
#3127=VERTEX_POINT('',#10053);
#3128=VERTEX_POINT('',#10055);
#3129=VERTEX_POINT('',#10057);
#3130=VERTEX_POINT('',#10059);
#3131=VERTEX_POINT('',#10062);
#3132=VERTEX_POINT('',#10067);
#3133=VERTEX_POINT('',#10069);
#3134=VERTEX_POINT('',#10073);
#3135=VERTEX_POINT('',#10077);
#3136=VERTEX_POINT('',#10081);
#3137=VERTEX_POINT('',#10085);
#3138=VERTEX_POINT('',#10089);
#3139=VERTEX_POINT('',#10093);
#3140=VERTEX_POINT('',#10097);
#3141=VERTEX_POINT('',#10101);
#3142=VERTEX_POINT('',#10105);
#3143=VERTEX_POINT('',#10109);
#3144=VERTEX_POINT('',#10116);
#3145=VERTEX_POINT('',#10117);
#3146=VERTEX_POINT('',#10119);
#3147=VERTEX_POINT('',#10121);
#3148=VERTEX_POINT('',#10123);
#3149=VERTEX_POINT('',#10125);
#3150=VERTEX_POINT('',#10127);
#3151=VERTEX_POINT('',#10129);
#3152=VERTEX_POINT('',#10131);
#3153=VERTEX_POINT('',#10133);
#3154=VERTEX_POINT('',#10135);
#3155=VERTEX_POINT('',#10137);
#3156=VERTEX_POINT('',#10139);
#3157=VERTEX_POINT('',#10142);
#3158=VERTEX_POINT('',#10147);
#3159=VERTEX_POINT('',#10149);
#3160=VERTEX_POINT('',#10153);
#3161=VERTEX_POINT('',#10157);
#3162=VERTEX_POINT('',#10161);
#3163=VERTEX_POINT('',#10165);
#3164=VERTEX_POINT('',#10169);
#3165=VERTEX_POINT('',#10173);
#3166=VERTEX_POINT('',#10177);
#3167=VERTEX_POINT('',#10181);
#3168=VERTEX_POINT('',#10185);
#3169=VERTEX_POINT('',#10189);
#3170=VERTEX_POINT('',#10196);
#3171=VERTEX_POINT('',#10197);
#3172=VERTEX_POINT('',#10199);
#3173=VERTEX_POINT('',#10201);
#3174=VERTEX_POINT('',#10205);
#3175=VERTEX_POINT('',#10206);
#3176=VERTEX_POINT('',#10208);
#3177=VERTEX_POINT('',#10210);
#3178=VERTEX_POINT('',#10212);
#3179=VERTEX_POINT('',#10214);
#3180=VERTEX_POINT('',#10216);
#3181=VERTEX_POINT('',#10218);
#3182=VERTEX_POINT('',#10220);
#3183=VERTEX_POINT('',#10223);
#3184=VERTEX_POINT('',#10227);
#3185=VERTEX_POINT('',#10229);
#3186=VERTEX_POINT('',#10233);
#3187=VERTEX_POINT('',#10234);
#3188=VERTEX_POINT('',#10236);
#3189=VERTEX_POINT('',#10239);
#3190=VERTEX_POINT('',#10241);
#3191=VERTEX_POINT('',#10243);
#3192=VERTEX_POINT('',#10245);
#3193=VERTEX_POINT('',#10247);
#3194=VERTEX_POINT('',#10249);
#3195=VERTEX_POINT('',#10251);
#3196=VERTEX_POINT('',#10255);
#3197=VERTEX_POINT('',#10257);
#3198=VERTEX_POINT('',#10259);
#3199=VERTEX_POINT('',#10261);
#3200=VERTEX_POINT('',#10263);
#3201=VERTEX_POINT('',#10265);
#3202=VERTEX_POINT('',#10267);
#3203=VERTEX_POINT('',#10271);
#3204=VERTEX_POINT('',#10273);
#3205=VERTEX_POINT('',#10275);
#3206=VERTEX_POINT('',#10277);
#3207=VERTEX_POINT('',#10279);
#3208=VERTEX_POINT('',#10281);
#3209=VERTEX_POINT('',#10285);
#3210=VERTEX_POINT('',#10288);
#3211=VERTEX_POINT('',#10291);
#3212=VERTEX_POINT('',#10293);
#3213=VERTEX_POINT('',#10295);
#3214=VERTEX_POINT('',#10297);
#3215=VERTEX_POINT('',#10299);
#3216=VERTEX_POINT('',#10301);
#3217=VERTEX_POINT('',#10303);
#3218=VERTEX_POINT('',#10305);
#3219=VERTEX_POINT('',#10307);
#3220=VERTEX_POINT('',#10309);
#3221=VERTEX_POINT('',#10311);
#3222=VERTEX_POINT('',#10313);
#3223=VERTEX_POINT('',#10315);
#3224=VERTEX_POINT('',#10317);
#3225=VERTEX_POINT('',#10319);
#3226=VERTEX_POINT('',#10321);
#3227=VERTEX_POINT('',#10323);
#3228=VERTEX_POINT('',#10325);
#3229=VERTEX_POINT('',#10327);
#3230=VERTEX_POINT('',#10330);
#3231=VERTEX_POINT('',#10332);
#3232=VERTEX_POINT('',#10334);
#3233=VERTEX_POINT('',#10338);
#3234=VERTEX_POINT('',#10340);
#3235=VERTEX_POINT('',#10342);
#3236=VERTEX_POINT('',#10344);
#3237=VERTEX_POINT('',#10346);
#3238=VERTEX_POINT('',#10348);
#3239=VERTEX_POINT('',#10353);
#3240=VERTEX_POINT('',#10355);
#3241=VERTEX_POINT('',#10357);
#3242=VERTEX_POINT('',#10359);
#3243=VERTEX_POINT('',#10361);
#3244=VERTEX_POINT('',#10365);
#3245=VERTEX_POINT('',#10366);
#3246=VERTEX_POINT('',#10371);
#3247=VERTEX_POINT('',#10375);
#3248=VERTEX_POINT('',#10379);
#3249=VERTEX_POINT('',#10383);
#3250=VERTEX_POINT('',#10387);
#3251=VERTEX_POINT('',#10391);
#3252=VERTEX_POINT('',#10395);
#3253=VERTEX_POINT('',#10397);
#3254=VERTEX_POINT('',#10401);
#3255=VERTEX_POINT('',#10403);
#3256=VERTEX_POINT('',#10406);
#3257=VERTEX_POINT('',#10408);
#3258=VERTEX_POINT('',#10412);
#3259=VERTEX_POINT('',#10413);
#3260=VERTEX_POINT('',#10418);
#3261=VERTEX_POINT('',#10420);
#3262=VERTEX_POINT('',#10424);
#3263=VERTEX_POINT('',#10428);
#3264=VERTEX_POINT('',#10432);
#3265=VERTEX_POINT('',#10436);
#3266=VERTEX_POINT('',#10440);
#3267=VERTEX_POINT('',#10444);
#3268=VERTEX_POINT('',#10463);
#3269=VERTEX_POINT('',#10467);
#3270=VERTEX_POINT('',#10478);
#3271=VERTEX_POINT('',#10486);
#3272=VERTEX_POINT('',#10493);
#3273=VERTEX_POINT('',#10495);
#3274=VERTEX_POINT('',#10499);
#3275=VERTEX_POINT('',#10507);
#3276=VERTEX_POINT('',#10514);
#3277=VERTEX_POINT('',#10516);
#3278=VERTEX_POINT('',#10520);
#3279=VERTEX_POINT('',#10521);
#3280=VERTEX_POINT('',#10523);
#3281=VERTEX_POINT('',#10525);
#3282=VERTEX_POINT('',#10529);
#3283=VERTEX_POINT('',#10530);
#3284=VERTEX_POINT('',#10532);
#3285=VERTEX_POINT('',#10534);
#3286=VERTEX_POINT('',#10538);
#3287=VERTEX_POINT('',#10540);
#3288=VERTEX_POINT('',#10544);
#3289=VERTEX_POINT('',#10545);
#3290=VERTEX_POINT('',#10547);
#3291=VERTEX_POINT('',#10549);
#3292=VERTEX_POINT('',#10553);
#3293=VERTEX_POINT('',#10554);
#3294=VERTEX_POINT('',#10556);
#3295=VERTEX_POINT('',#10558);
#3296=VERTEX_POINT('',#10562);
#3297=VERTEX_POINT('',#10563);
#3298=VERTEX_POINT('',#10565);
#3299=VERTEX_POINT('',#10567);
#3300=VERTEX_POINT('',#10571);
#3301=VERTEX_POINT('',#10572);
#3302=VERTEX_POINT('',#10574);
#3303=VERTEX_POINT('',#10576);
#3304=VERTEX_POINT('',#10580);
#3305=VERTEX_POINT('',#10581);
#3306=VERTEX_POINT('',#10583);
#3307=VERTEX_POINT('',#10585);
#3308=VERTEX_POINT('',#10589);
#3309=VERTEX_POINT('',#10591);
#3310=VERTEX_POINT('',#10595);
#3311=VERTEX_POINT('',#10597);
#3312=VERTEX_POINT('',#10601);
#3313=VERTEX_POINT('',#10603);
#3314=VERTEX_POINT('',#10630);
#3315=VERTEX_POINT('',#10631);
#3316=VERTEX_POINT('',#10633);
#3317=VERTEX_POINT('',#10635);
#3318=VERTEX_POINT('',#10639);
#3319=VERTEX_POINT('',#10640);
#3320=VERTEX_POINT('',#10642);
#3321=VERTEX_POINT('',#10645);
#3322=VERTEX_POINT('',#10647);
#3323=VERTEX_POINT('',#10649);
#3324=VERTEX_POINT('',#10651);
#3325=VERTEX_POINT('',#10653);
#3326=VERTEX_POINT('',#10655);
#3327=VERTEX_POINT('',#10657);
#3328=VERTEX_POINT('',#10661);
#3329=VERTEX_POINT('',#10663);
#3330=VERTEX_POINT('',#10667);
#3331=VERTEX_POINT('',#10668);
#3332=VERTEX_POINT('',#10670);
#3333=VERTEX_POINT('',#10672);
#3334=VERTEX_POINT('',#10674);
#3335=VERTEX_POINT('',#10676);
#3336=VERTEX_POINT('',#10678);
#3337=VERTEX_POINT('',#10680);
#3338=VERTEX_POINT('',#10682);
#3339=VERTEX_POINT('',#10685);
#3340=VERTEX_POINT('',#10689);
#3341=VERTEX_POINT('',#10691);
#3342=VERTEX_POINT('',#10693);
#3343=VERTEX_POINT('',#10695);
#3344=VERTEX_POINT('',#10697);
#3345=VERTEX_POINT('',#10699);
#3346=VERTEX_POINT('',#10701);
#3347=VERTEX_POINT('',#10705);
#3348=VERTEX_POINT('',#10707);
#3349=VERTEX_POINT('',#10709);
#3350=VERTEX_POINT('',#10711);
#3351=VERTEX_POINT('',#10713);
#3352=VERTEX_POINT('',#10715);
#3353=VERTEX_POINT('',#10719);
#3354=VERTEX_POINT('',#10721);
#3355=VERTEX_POINT('',#10723);
#3356=VERTEX_POINT('',#10725);
#3357=VERTEX_POINT('',#10728);
#3358=VERTEX_POINT('',#10730);
#3359=VERTEX_POINT('',#10732);
#3360=VERTEX_POINT('',#10734);
#3361=VERTEX_POINT('',#10736);
#3362=VERTEX_POINT('',#10738);
#3363=VERTEX_POINT('',#10740);
#3364=VERTEX_POINT('',#10742);
#3365=VERTEX_POINT('',#10744);
#3366=VERTEX_POINT('',#10746);
#3367=VERTEX_POINT('',#10748);
#3368=VERTEX_POINT('',#10750);
#3369=VERTEX_POINT('',#10752);
#3370=VERTEX_POINT('',#10754);
#3371=VERTEX_POINT('',#10756);
#3372=VERTEX_POINT('',#10758);
#3373=VERTEX_POINT('',#10760);
#3374=VERTEX_POINT('',#10762);
#3375=VERTEX_POINT('',#10764);
#3376=VERTEX_POINT('',#10767);
#3377=VERTEX_POINT('',#10772);
#3378=VERTEX_POINT('',#10774);
#3379=VERTEX_POINT('',#10776);
#3380=VERTEX_POINT('',#10778);
#3381=VERTEX_POINT('',#10780);
#3382=VERTEX_POINT('',#10782);
#3383=VERTEX_POINT('',#10787);
#3384=VERTEX_POINT('',#10789);
#3385=VERTEX_POINT('',#10791);
#3386=VERTEX_POINT('',#10793);
#3387=VERTEX_POINT('',#10795);
#3388=VERTEX_POINT('',#10799);
#3389=VERTEX_POINT('',#10800);
#3390=VERTEX_POINT('',#10805);
#3391=VERTEX_POINT('',#10809);
#3392=VERTEX_POINT('',#10813);
#3393=VERTEX_POINT('',#10817);
#3394=VERTEX_POINT('',#10821);
#3395=VERTEX_POINT('',#10825);
#3396=VERTEX_POINT('',#10829);
#3397=VERTEX_POINT('',#10831);
#3398=VERTEX_POINT('',#10835);
#3399=VERTEX_POINT('',#10837);
#3400=VERTEX_POINT('',#10839);
#3401=VERTEX_POINT('',#10842);
#3402=VERTEX_POINT('',#10846);
#3403=VERTEX_POINT('',#10847);
#3404=VERTEX_POINT('',#10852);
#3405=VERTEX_POINT('',#10854);
#3406=VERTEX_POINT('',#10858);
#3407=VERTEX_POINT('',#10862);
#3408=VERTEX_POINT('',#10866);
#3409=VERTEX_POINT('',#10870);
#3410=VERTEX_POINT('',#10874);
#3411=VERTEX_POINT('',#10878);
#3412=VERTEX_POINT('',#10897);
#3413=VERTEX_POINT('',#10901);
#3414=VERTEX_POINT('',#10912);
#3415=VERTEX_POINT('',#10920);
#3416=VERTEX_POINT('',#10927);
#3417=VERTEX_POINT('',#10929);
#3418=VERTEX_POINT('',#10933);
#3419=VERTEX_POINT('',#10941);
#3420=VERTEX_POINT('',#10948);
#3421=VERTEX_POINT('',#10950);
#3422=VERTEX_POINT('',#10952);
#3423=VERTEX_POINT('',#10954);
#3424=VERTEX_POINT('',#10956);
#3425=VERTEX_POINT('',#10958);
#3426=VERTEX_POINT('',#10960);
#3427=VERTEX_POINT('',#10962);
#3428=VERTEX_POINT('',#10964);
#3429=VERTEX_POINT('',#10966);
#3430=VERTEX_POINT('',#10968);
#3431=VERTEX_POINT('',#10970);
#3432=VERTEX_POINT('',#10972);
#3433=VERTEX_POINT('',#10974);
#3434=VERTEX_POINT('',#10979);
#3435=VERTEX_POINT('',#10981);
#3436=VERTEX_POINT('',#10985);
#3437=VERTEX_POINT('',#10989);
#3438=VERTEX_POINT('',#10993);
#3439=VERTEX_POINT('',#10997);
#3440=VERTEX_POINT('',#11001);
#3441=VERTEX_POINT('',#11005);
#3442=VERTEX_POINT('',#11009);
#3443=VERTEX_POINT('',#11013);
#3444=VERTEX_POINT('',#11017);
#3445=VERTEX_POINT('',#11021);
#3446=VERTEX_POINT('',#11028);
#3447=VERTEX_POINT('',#11030);
#3448=VERTEX_POINT('',#11032);
#3449=VERTEX_POINT('',#11034);
#3450=VERTEX_POINT('',#11036);
#3451=VERTEX_POINT('',#11038);
#3452=VERTEX_POINT('',#11040);
#3453=VERTEX_POINT('',#11042);
#3454=VERTEX_POINT('',#11044);
#3455=VERTEX_POINT('',#11046);
#3456=VERTEX_POINT('',#11048);
#3457=VERTEX_POINT('',#11050);
#3458=VERTEX_POINT('',#11052);
#3459=VERTEX_POINT('',#11054);
#3460=VERTEX_POINT('',#11059);
#3461=VERTEX_POINT('',#11061);
#3462=VERTEX_POINT('',#11065);
#3463=VERTEX_POINT('',#11069);
#3464=VERTEX_POINT('',#11073);
#3465=VERTEX_POINT('',#11077);
#3466=VERTEX_POINT('',#11081);
#3467=VERTEX_POINT('',#11085);
#3468=VERTEX_POINT('',#11089);
#3469=VERTEX_POINT('',#11093);
#3470=VERTEX_POINT('',#11097);
#3471=VERTEX_POINT('',#11101);
#3472=VERTEX_POINT('',#11109);
#3473=VERTEX_POINT('',#11110);
#3474=VERTEX_POINT('',#11112);
#3475=VERTEX_POINT('',#11117);
#3476=VERTEX_POINT('',#11120);
#3477=VERTEX_POINT('',#11122);
#3478=VERTEX_POINT('',#11128);
#3479=VERTEX_POINT('',#11132);
#3480=VERTEX_POINT('',#11133);
#3481=VERTEX_POINT('',#11135);
#3482=VERTEX_POINT('',#11137);
#3483=VERTEX_POINT('',#11139);
#3484=VERTEX_POINT('',#11141);
#3485=VERTEX_POINT('',#11170);
#3486=VERTEX_POINT('',#11171);
#3487=VERTEX_POINT('',#11173);
#3488=VERTEX_POINT('',#11175);
#3489=VERTEX_POINT('',#11177);
#3490=VERTEX_POINT('',#11179);
#3491=VERTEX_POINT('',#11196);
#3492=VERTEX_POINT('',#11197);
#3493=VERTEX_POINT('',#11199);
#3494=VERTEX_POINT('',#11204);
#3495=VERTEX_POINT('',#11207);
#3496=VERTEX_POINT('',#11209);
#3497=VERTEX_POINT('',#11215);
#3498=VERTEX_POINT('',#11219);
#3499=VERTEX_POINT('',#11220);
#3500=VERTEX_POINT('',#11222);
#3501=VERTEX_POINT('',#11224);
#3502=VERTEX_POINT('',#11226);
#3503=VERTEX_POINT('',#11228);
#3504=VERTEX_POINT('',#11257);
#3505=VERTEX_POINT('',#11258);
#3506=VERTEX_POINT('',#11260);
#3507=VERTEX_POINT('',#11262);
#3508=VERTEX_POINT('',#11264);
#3509=VERTEX_POINT('',#11266);
#3510=VERTEX_POINT('',#11283);
#3511=VERTEX_POINT('',#11284);
#3512=VERTEX_POINT('',#11286);
#3513=VERTEX_POINT('',#11288);
#3514=VERTEX_POINT('',#11292);
#3515=VERTEX_POINT('',#11293);
#3516=VERTEX_POINT('',#11295);
#3517=VERTEX_POINT('',#11297);
#3518=VERTEX_POINT('',#11301);
#3519=VERTEX_POINT('',#11302);
#3520=VERTEX_POINT('',#11307);
#3521=VERTEX_POINT('',#11309);
#3522=VERTEX_POINT('',#11313);
#3523=VERTEX_POINT('',#11315);
#3524=VERTEX_POINT('',#11319);
#3525=VERTEX_POINT('',#11321);
#3526=VERTEX_POINT('',#11325);
#3527=VERTEX_POINT('',#11327);
#3528=VERTEX_POINT('',#11329);
#3529=VERTEX_POINT('',#11338);
#3530=VERTEX_POINT('',#11344);
#3531=VERTEX_POINT('',#11355);
#3532=VERTEX_POINT('',#11357);
#3533=VERTEX_POINT('',#11363);
#3534=VERTEX_POINT('',#11380);
#3535=VERTEX_POINT('',#11382);
#3536=VERTEX_POINT('',#11386);
#3537=VERTEX_POINT('',#11390);
#3538=VERTEX_POINT('',#11392);
#3539=VERTEX_POINT('',#11396);
#3540=VERTEX_POINT('',#11400);
#3541=VERTEX_POINT('',#11404);
#3542=VERTEX_POINT('',#11405);
#3543=VERTEX_POINT('',#11409);
#3544=VERTEX_POINT('',#11413);
#3545=VERTEX_POINT('',#11414);
#3546=VERTEX_POINT('',#11418);
#3547=VERTEX_POINT('',#11420);
#3548=VERTEX_POINT('',#11428);
#3549=VERTEX_POINT('',#11429);
#3550=VERTEX_POINT('',#11433);
#3551=VERTEX_POINT('',#11435);
#3552=VERTEX_POINT('',#11442);
#3553=VERTEX_POINT('',#11446);
#3554=VERTEX_POINT('',#11450);
#3555=VERTEX_POINT('',#11454);
#3556=VERTEX_POINT('',#11456);
#3557=VERTEX_POINT('',#11460);
#3558=VERTEX_POINT('',#11462);
#3559=VERTEX_POINT('',#11466);
#3560=VERTEX_POINT('',#11470);
#3561=VERTEX_POINT('',#11472);
#3562=VERTEX_POINT('',#11476);
#3563=VERTEX_POINT('',#11479);
#3564=VERTEX_POINT('',#11480);
#3565=VERTEX_POINT('',#11518);
#3566=VERTEX_POINT('',#11520);
#3567=VERTEX_POINT('',#11524);
#3568=VERTEX_POINT('',#11525);
#3569=VERTEX_POINT('',#11533);
#3570=VERTEX_POINT('',#11535);
#3571=VERTEX_POINT('',#11537);
#3572=VERTEX_POINT('',#11539);
#3573=VERTEX_POINT('',#11545);
#3574=VERTEX_POINT('',#11549);
#3575=VERTEX_POINT('',#11551);
#3576=VERTEX_POINT('',#11555);
#3577=VERTEX_POINT('',#11558);
#3578=VERTEX_POINT('',#11563);
#3579=VERTEX_POINT('',#11567);
#3580=VERTEX_POINT('',#11569);
#3581=VERTEX_POINT('',#11573);
#3582=VERTEX_POINT('',#11574);
#3583=VERTEX_POINT('',#11579);
#3584=VERTEX_POINT('',#11581);
#3585=VERTEX_POINT('',#11585);
#3586=VERTEX_POINT('',#11587);
#3587=VERTEX_POINT('',#11592);
#3588=VERTEX_POINT('',#11598);
#3589=VERTEX_POINT('',#11600);
#3590=VERTEX_POINT('',#11609);
#3591=VERTEX_POINT('',#11615);
#3592=VERTEX_POINT('',#11626);
#3593=VERTEX_POINT('',#11628);
#3594=VERTEX_POINT('',#11649);
#3595=VERTEX_POINT('',#11651);
#3596=VERTEX_POINT('',#11655);
#3597=VERTEX_POINT('',#11658);
#3598=VERTEX_POINT('',#11662);
#3599=VERTEX_POINT('',#11666);
#3600=VERTEX_POINT('',#11670);
#3601=VERTEX_POINT('',#11674);
#3602=VERTEX_POINT('',#11675);
#3603=VERTEX_POINT('',#11679);
#3604=VERTEX_POINT('',#11683);
#3605=VERTEX_POINT('',#11684);
#3606=VERTEX_POINT('',#11688);
#3607=VERTEX_POINT('',#11690);
#3608=VERTEX_POINT('',#11698);
#3609=VERTEX_POINT('',#11702);
#3610=VERTEX_POINT('',#11706);
#3611=VERTEX_POINT('',#11712);
#3612=VERTEX_POINT('',#11718);
#3613=VERTEX_POINT('',#11721);
#3614=VERTEX_POINT('',#11723);
#3615=VERTEX_POINT('',#11732);
#3616=VERTEX_POINT('',#11739);
#3617=VERTEX_POINT('',#11740);
#3618=VERTEX_POINT('',#11742);
#3619=VERTEX_POINT('',#11747);
#3620=VERTEX_POINT('',#11750);
#3621=VERTEX_POINT('',#11752);
#3622=VERTEX_POINT('',#11758);
#3623=VERTEX_POINT('',#11762);
#3624=VERTEX_POINT('',#11763);
#3625=VERTEX_POINT('',#11765);
#3626=VERTEX_POINT('',#11767);
#3627=VERTEX_POINT('',#11769);
#3628=VERTEX_POINT('',#11771);
#3629=VERTEX_POINT('',#11800);
#3630=VERTEX_POINT('',#11801);
#3631=VERTEX_POINT('',#11803);
#3632=VERTEX_POINT('',#11805);
#3633=VERTEX_POINT('',#11807);
#3634=VERTEX_POINT('',#11809);
#3635=VERTEX_POINT('',#11826);
#3636=VERTEX_POINT('',#11828);
#3637=VERTEX_POINT('',#11832);
#3638=VERTEX_POINT('',#11836);
#3639=VERTEX_POINT('',#11839);
#3640=VERTEX_POINT('',#11843);
#3641=VERTEX_POINT('',#11846);
#3642=VERTEX_POINT('',#11850);
#3643=EDGE_CURVE('',#3022,#3022,#2779,.T.);
#3644=EDGE_CURVE('',#3022,#3023,#1405,.T.);
#3645=EDGE_CURVE('',#3023,#3023,#2780,.T.);
#3646=EDGE_CURVE('',#3024,#3024,#2781,.T.);
#3647=EDGE_CURVE('',#3024,#3025,#1406,.T.);
#3648=EDGE_CURVE('',#3025,#3025,#2782,.T.);
#3649=EDGE_CURVE('',#3026,#3026,#2783,.T.);
#3650=EDGE_CURVE('',#3026,#3022,#1407,.T.);
#3651=EDGE_CURVE('',#3027,#3027,#2784,.T.);
#3652=EDGE_CURVE('',#3027,#3024,#1408,.T.);
#3653=EDGE_CURVE('',#3028,#3028,#2785,.T.);
#3654=EDGE_CURVE('',#3028,#3029,#1409,.T.);
#3655=EDGE_CURVE('',#3029,#3029,#2786,.T.);
#3656=EDGE_CURVE('',#3030,#3031,#2787,.T.);
#3657=EDGE_CURVE('',#3031,#3032,#1410,.T.);
#3658=EDGE_CURVE('',#3033,#3032,#2788,.T.);
#3659=EDGE_CURVE('',#3030,#3033,#1411,.T.);
#3660=EDGE_CURVE('',#3034,#3034,#2789,.T.);
#3661=EDGE_CURVE('',#3034,#3035,#1412,.T.);
#3662=EDGE_CURVE('',#3035,#3035,#2790,.T.);
#3663=EDGE_CURVE('',#3036,#3036,#2791,.T.);
#3664=EDGE_CURVE('',#3036,#3037,#1413,.T.);
#3665=EDGE_CURVE('',#3037,#3037,#2792,.T.);
#3666=EDGE_CURVE('',#3038,#3038,#2793,.T.);
#3667=EDGE_CURVE('',#3038,#3034,#1414,.T.);
#3668=EDGE_CURVE('',#3039,#3039,#2794,.T.);
#3669=EDGE_CURVE('',#3039,#3036,#1415,.T.);
#3670=EDGE_CURVE('',#3040,#3041,#1416,.T.);
#3671=EDGE_CURVE('',#3042,#3040,#1417,.T.);
#3672=EDGE_CURVE('',#3042,#3043,#1418,.T.);
#3673=EDGE_CURVE('',#3041,#3043,#1419,.T.);
#3674=EDGE_CURVE('',#3044,#3045,#1420,.T.);
#3675=EDGE_CURVE('',#3046,#3044,#1421,.T.);
#3676=EDGE_CURVE('',#3046,#3047,#1422,.T.);
#3677=EDGE_CURVE('',#3045,#3047,#1423,.T.);
#3678=EDGE_CURVE('',#3048,#3049,#1424,.T.);
#3679=EDGE_CURVE('',#3050,#3048,#1425,.T.);
#3680=EDGE_CURVE('',#3050,#3051,#1426,.T.);
#3681=EDGE_CURVE('',#3049,#3051,#1427,.T.);
#3682=EDGE_CURVE('',#3052,#3053,#1428,.T.);
#3683=EDGE_CURVE('',#3054,#3052,#1429,.T.);
#3684=EDGE_CURVE('',#3054,#3055,#1430,.T.);
#3685=EDGE_CURVE('',#3053,#3055,#1431,.T.);
#3686=EDGE_CURVE('',#3056,#3057,#1432,.T.);
#3687=EDGE_CURVE('',#3058,#3056,#1433,.T.);
#3688=EDGE_CURVE('',#3058,#3059,#1434,.T.);
#3689=EDGE_CURVE('',#3057,#3059,#1435,.T.);
#3690=EDGE_CURVE('',#3060,#3061,#1436,.T.);
#3691=EDGE_CURVE('',#3062,#3060,#1437,.T.);
#3692=EDGE_CURVE('',#3062,#3063,#1438,.T.);
#3693=EDGE_CURVE('',#3061,#3063,#1439,.T.);
#3694=EDGE_CURVE('',#3064,#3065,#1440,.T.);
#3695=EDGE_CURVE('',#3064,#3066,#1441,.T.);
#3696=EDGE_CURVE('',#3066,#3067,#1442,.T.);
#3697=EDGE_CURVE('',#3065,#3067,#1443,.T.);
#3698=EDGE_CURVE('',#3068,#3069,#1444,.T.);
#3699=EDGE_CURVE('',#3070,#3068,#1445,.T.);
#3700=EDGE_CURVE('',#3070,#3071,#1446,.T.);
#3701=EDGE_CURVE('',#3069,#3071,#1447,.T.);
#3702=EDGE_CURVE('',#3072,#3073,#1448,.T.);
#3703=EDGE_CURVE('',#3073,#3074,#2795,.T.);
#3704=EDGE_CURVE('',#3075,#3074,#1449,.T.);
#3705=EDGE_CURVE('',#3072,#3075,#2796,.T.);
#3706=EDGE_CURVE('',#3076,#3077,#1450,.T.);
#3707=EDGE_CURVE('',#3077,#3078,#1451,.T.);
#3708=EDGE_CURVE('',#3079,#3078,#1452,.T.);
#3709=EDGE_CURVE('',#3076,#3079,#1453,.T.);
#3710=EDGE_CURVE('',#3033,#3077,#1454,.T.);
#3711=EDGE_CURVE('',#3030,#3076,#1455,.T.);
#3712=EDGE_CURVE('',#3057,#3031,#1456,.T.);
#3713=EDGE_CURVE('',#3059,#3032,#1457,.T.);
#3714=EDGE_CURVE('',#3051,#3058,#1458,.T.);
#3715=EDGE_CURVE('',#3049,#3056,#1459,.T.);
#3716=EDGE_CURVE('',#3048,#3053,#1460,.T.);
#3717=EDGE_CURVE('',#3050,#3055,#1461,.T.);
#3718=EDGE_CURVE('',#3052,#3065,#1462,.T.);
#3719=EDGE_CURVE('',#3054,#3067,#1463,.T.);
#3720=EDGE_CURVE('',#3066,#3071,#1464,.T.);
#3721=EDGE_CURVE('',#3064,#3069,#1465,.T.);
#3722=EDGE_CURVE('',#3070,#3043,#1466,.T.);
#3723=EDGE_CURVE('',#3068,#3041,#1467,.T.);
#3724=EDGE_CURVE('',#3045,#3040,#1468,.T.);
#3725=EDGE_CURVE('',#3047,#3042,#1469,.T.);
#3726=EDGE_CURVE('',#3061,#3044,#1470,.T.);
#3727=EDGE_CURVE('',#3063,#3046,#1471,.T.);
#3728=EDGE_CURVE('',#3062,#3074,#1472,.T.);
#3729=EDGE_CURVE('',#3060,#3075,#1473,.T.);
#3730=EDGE_CURVE('',#3073,#3078,#1474,.T.);
#3731=EDGE_CURVE('',#3072,#3079,#1475,.T.);
#3732=EDGE_CURVE('',#3080,#3080,#2797,.T.);
#3733=EDGE_CURVE('',#3080,#3081,#1476,.T.);
#3734=EDGE_CURVE('',#3081,#3081,#2798,.T.);
#3735=EDGE_CURVE('',#3082,#3083,#2799,.T.);
#3736=EDGE_CURVE('',#3083,#3084,#1477,.T.);
#3737=EDGE_CURVE('',#3085,#3084,#2800,.T.);
#3738=EDGE_CURVE('',#3082,#3085,#1478,.T.);
#3739=EDGE_CURVE('',#3086,#3087,#2801,.T.);
#3740=EDGE_CURVE('',#3088,#3086,#1479,.T.);
#3741=EDGE_CURVE('',#3088,#3089,#2802,.T.);
#3742=EDGE_CURVE('',#3089,#3087,#1480,.T.);
#3743=EDGE_CURVE('',#3090,#3086,#1481,.T.);
#3744=EDGE_CURVE('',#3090,#3091,#1482,.T.);
#3745=EDGE_CURVE('',#3091,#3088,#1483,.T.);
#3746=EDGE_CURVE('',#3092,#3093,#1484,.T.);
#3747=EDGE_CURVE('',#3092,#3094,#1485,.T.);
#3748=EDGE_CURVE('',#3094,#3095,#1486,.T.);
#3749=EDGE_CURVE('',#3095,#3093,#1487,.T.);
#3750=EDGE_CURVE('',#3096,#3097,#1488,.T.);
#3751=EDGE_CURVE('',#3096,#3098,#1489,.T.);
#3752=EDGE_CURVE('',#3098,#3099,#1490,.T.);
#3753=EDGE_CURVE('',#3099,#3097,#1491,.T.);
#3754=EDGE_CURVE('',#3100,#3101,#1492,.T.);
#3755=EDGE_CURVE('',#3100,#3102,#1493,.T.);
#3756=EDGE_CURVE('',#3102,#3103,#1494,.T.);
#3757=EDGE_CURVE('',#3103,#3101,#1495,.T.);
#3758=EDGE_CURVE('',#3104,#3105,#1496,.T.);
#3759=EDGE_CURVE('',#3104,#3106,#1497,.T.);
#3760=EDGE_CURVE('',#3106,#3107,#1498,.T.);
#3761=EDGE_CURVE('',#3107,#3105,#1499,.T.);
#3762=EDGE_CURVE('',#3108,#3109,#1500,.T.);
#3763=EDGE_CURVE('',#3108,#3110,#1501,.T.);
#3764=EDGE_CURVE('',#3110,#3111,#1502,.T.);
#3765=EDGE_CURVE('',#3111,#3109,#1503,.T.);
#3766=EDGE_CURVE('',#3112,#3083,#1504,.T.);
#3767=EDGE_CURVE('',#3112,#3113,#1505,.T.);
#3768=EDGE_CURVE('',#3113,#3084,#1506,.T.);
#3769=EDGE_CURVE('',#3085,#3114,#1507,.T.);
#3770=EDGE_CURVE('',#3115,#3114,#1508,.T.);
#3771=EDGE_CURVE('',#3082,#3115,#1509,.T.);
#3772=EDGE_CURVE('',#3114,#3116,#1510,.T.);
#3773=EDGE_CURVE('',#3117,#3116,#1511,.T.);
#3774=EDGE_CURVE('',#3115,#3117,#1512,.T.);
#3775=EDGE_CURVE('',#3087,#3116,#1513,.T.);
#3776=EDGE_CURVE('',#3089,#3117,#1514,.T.);
#3777=EDGE_CURVE('',#3106,#3108,#1515,.T.);
#3778=EDGE_CURVE('',#3109,#3112,#1516,.T.);
#3779=EDGE_CURVE('',#3091,#3092,#1517,.T.);
#3780=EDGE_CURVE('',#3093,#3096,#1518,.T.);
#3781=EDGE_CURVE('',#3097,#3103,#1519,.T.);
#3782=EDGE_CURVE('',#3102,#3107,#1520,.T.);
#3783=EDGE_CURVE('',#3110,#3104,#1521,.T.);
#3784=EDGE_CURVE('',#3105,#3100,#1522,.T.);
#3785=EDGE_CURVE('',#3101,#3099,#1523,.T.);
#3786=EDGE_CURVE('',#3098,#3095,#1524,.T.);
#3787=EDGE_CURVE('',#3094,#3090,#1525,.T.);
#3788=EDGE_CURVE('',#3113,#3111,#1526,.T.);
#3789=EDGE_CURVE('',#3118,#3119,#2803,.T.);
#3790=EDGE_CURVE('',#3120,#3118,#2804,.T.);
#3791=EDGE_CURVE('',#3121,#3120,#2805,.T.);
#3792=EDGE_CURVE('',#3122,#3121,#2806,.T.);
#3793=EDGE_CURVE('',#3123,#3122,#2807,.T.);
#3794=EDGE_CURVE('',#3124,#3123,#2808,.T.);
#3795=EDGE_CURVE('',#3125,#3124,#2809,.T.);
#3796=EDGE_CURVE('',#3126,#3125,#2810,.T.);
#3797=EDGE_CURVE('',#3127,#3126,#2811,.T.);
#3798=EDGE_CURVE('',#3128,#3127,#2812,.T.);
#3799=EDGE_CURVE('',#3129,#3128,#2813,.T.);
#3800=EDGE_CURVE('',#3130,#3129,#2814,.T.);
#3801=EDGE_CURVE('',#3119,#3130,#2815,.T.);
#3802=EDGE_CURVE('',#3119,#3131,#2816,.T.);
#3803=EDGE_CURVE('',#3131,#3131,#2817,.T.);
#3804=EDGE_CURVE('',#3130,#3132,#1527,.T.);
#3805=EDGE_CURVE('',#3132,#3133,#1528,.T.);
#3806=EDGE_CURVE('',#3118,#3133,#1529,.T.);
#3807=EDGE_CURVE('',#3129,#3134,#1530,.T.);
#3808=EDGE_CURVE('',#3134,#3132,#1531,.T.);
#3809=EDGE_CURVE('',#3128,#3135,#1532,.T.);
#3810=EDGE_CURVE('',#3135,#3134,#1533,.T.);
#3811=EDGE_CURVE('',#3127,#3136,#1534,.T.);
#3812=EDGE_CURVE('',#3136,#3135,#1535,.T.);
#3813=EDGE_CURVE('',#3126,#3137,#1536,.T.);
#3814=EDGE_CURVE('',#3137,#3136,#1537,.T.);
#3815=EDGE_CURVE('',#3125,#3138,#1538,.T.);
#3816=EDGE_CURVE('',#3138,#3137,#1539,.T.);
#3817=EDGE_CURVE('',#3124,#3139,#1540,.T.);
#3818=EDGE_CURVE('',#3139,#3138,#1541,.T.);
#3819=EDGE_CURVE('',#3123,#3140,#1542,.T.);
#3820=EDGE_CURVE('',#3140,#3139,#1543,.T.);
#3821=EDGE_CURVE('',#3122,#3141,#1544,.T.);
#3822=EDGE_CURVE('',#3141,#3140,#1545,.T.);
#3823=EDGE_CURVE('',#3121,#3142,#1546,.T.);
#3824=EDGE_CURVE('',#3142,#3141,#1547,.T.);
#3825=EDGE_CURVE('',#3120,#3143,#1548,.T.);
#3826=EDGE_CURVE('',#3143,#3142,#1549,.T.);
#3827=EDGE_CURVE('',#3133,#3143,#1550,.T.);
#3828=EDGE_CURVE('',#3144,#3145,#2818,.T.);
#3829=EDGE_CURVE('',#3146,#3144,#2819,.T.);
#3830=EDGE_CURVE('',#3147,#3146,#2820,.T.);
#3831=EDGE_CURVE('',#3148,#3147,#2821,.T.);
#3832=EDGE_CURVE('',#3149,#3148,#2822,.T.);
#3833=EDGE_CURVE('',#3150,#3149,#2823,.T.);
#3834=EDGE_CURVE('',#3151,#3150,#2824,.T.);
#3835=EDGE_CURVE('',#3152,#3151,#2825,.T.);
#3836=EDGE_CURVE('',#3153,#3152,#2826,.T.);
#3837=EDGE_CURVE('',#3154,#3153,#2827,.T.);
#3838=EDGE_CURVE('',#3155,#3154,#2828,.T.);
#3839=EDGE_CURVE('',#3156,#3155,#2829,.T.);
#3840=EDGE_CURVE('',#3145,#3156,#2830,.T.);
#3841=EDGE_CURVE('',#3145,#3157,#2831,.T.);
#3842=EDGE_CURVE('',#3157,#3157,#2832,.T.);
#3843=EDGE_CURVE('',#3150,#3158,#1551,.T.);
#3844=EDGE_CURVE('',#3159,#3158,#1552,.T.);
#3845=EDGE_CURVE('',#3151,#3159,#1553,.T.);
#3846=EDGE_CURVE('',#3149,#3160,#1554,.T.);
#3847=EDGE_CURVE('',#3158,#3160,#1555,.T.);
#3848=EDGE_CURVE('',#3148,#3161,#1556,.T.);
#3849=EDGE_CURVE('',#3160,#3161,#1557,.T.);
#3850=EDGE_CURVE('',#3147,#3162,#1558,.T.);
#3851=EDGE_CURVE('',#3161,#3162,#1559,.T.);
#3852=EDGE_CURVE('',#3146,#3163,#1560,.T.);
#3853=EDGE_CURVE('',#3162,#3163,#1561,.T.);
#3854=EDGE_CURVE('',#3144,#3164,#1562,.T.);
#3855=EDGE_CURVE('',#3163,#3164,#1563,.T.);
#3856=EDGE_CURVE('',#3156,#3165,#1564,.T.);
#3857=EDGE_CURVE('',#3164,#3165,#1565,.T.);
#3858=EDGE_CURVE('',#3155,#3166,#1566,.T.);
#3859=EDGE_CURVE('',#3165,#3166,#1567,.T.);
#3860=EDGE_CURVE('',#3154,#3167,#1568,.T.);
#3861=EDGE_CURVE('',#3166,#3167,#1569,.T.);
#3862=EDGE_CURVE('',#3153,#3168,#1570,.T.);
#3863=EDGE_CURVE('',#3167,#3168,#1571,.T.);
#3864=EDGE_CURVE('',#3152,#3169,#1572,.T.);
#3865=EDGE_CURVE('',#3168,#3169,#1573,.T.);
#3866=EDGE_CURVE('',#3169,#3159,#1574,.T.);
#3867=EDGE_CURVE('',#3170,#3171,#2833,.T.);
#3868=EDGE_CURVE('',#3170,#3172,#1575,.T.);
#3869=EDGE_CURVE('',#3172,#3173,#2834,.T.);
#3870=EDGE_CURVE('',#3171,#3173,#1576,.T.);
#3871=EDGE_CURVE('',#3174,#3175,#2835,.T.);
#3872=EDGE_CURVE('',#3176,#3174,#1577,.T.);
#3873=EDGE_CURVE('',#3177,#3176,#2836,.T.);
#3874=EDGE_CURVE('',#3177,#3178,#1578,.T.);
#3875=EDGE_CURVE('',#3179,#3178,#2837,.T.);
#3876=EDGE_CURVE('',#3180,#3179,#1579,.T.);
#3877=EDGE_CURVE('',#3181,#3180,#2838,.T.);
#3878=EDGE_CURVE('',#3181,#3182,#1580,.T.);
#3879=EDGE_CURVE('',#3175,#3182,#2839,.T.);
#3880=EDGE_CURVE('',#3175,#3183,#1581,.T.);
#3881=EDGE_CURVE('',#3183,#3183,#2840,.T.);
#3882=EDGE_CURVE('',#3184,#3184,#2841,.T.);
#3883=EDGE_CURVE('',#3184,#3185,#1582,.T.);
#3884=EDGE_CURVE('',#3185,#3185,#2842,.T.);
#3885=EDGE_CURVE('',#3186,#3187,#2843,.T.);
#3886=EDGE_CURVE('',#3187,#3188,#1583,.T.);
#3887=EDGE_CURVE('',#3188,#3188,#2844,.T.);
#3888=EDGE_CURVE('',#3187,#3189,#2845,.T.);
#3889=EDGE_CURVE('',#3190,#3189,#1584,.T.);
#3890=EDGE_CURVE('',#3191,#3190,#2846,.T.);
#3891=EDGE_CURVE('',#3191,#3192,#1585,.T.);
#3892=EDGE_CURVE('',#3192,#3193,#2847,.T.);
#3893=EDGE_CURVE('',#3194,#3193,#1586,.T.);
#3894=EDGE_CURVE('',#3195,#3194,#2848,.T.);
#3895=EDGE_CURVE('',#3195,#3186,#1587,.T.);
#3896=EDGE_CURVE('',#3182,#3196,#1588,.T.);
#3897=EDGE_CURVE('',#3196,#3197,#1589,.T.);
#3898=EDGE_CURVE('',#3197,#3198,#1590,.T.);
#3899=EDGE_CURVE('',#3198,#3199,#1591,.T.);
#3900=EDGE_CURVE('',#3199,#3200,#1592,.T.);
#3901=EDGE_CURVE('',#3201,#3200,#1593,.T.);
#3902=EDGE_CURVE('',#3201,#3202,#1594,.T.);
#3903=EDGE_CURVE('',#3174,#3202,#1595,.T.);
#3904=EDGE_CURVE('',#3203,#3196,#1596,.T.);
#3905=EDGE_CURVE('',#3204,#3203,#1597,.T.);
#3906=EDGE_CURVE('',#3204,#3205,#1598,.T.);
#3907=EDGE_CURVE('',#3206,#3205,#1599,.T.);
#3908=EDGE_CURVE('',#3206,#3207,#1600,.T.);
#3909=EDGE_CURVE('',#3207,#3208,#1601,.T.);
#3910=EDGE_CURVE('',#3208,#3197,#1602,.T.);
#3911=EDGE_CURVE('',#3179,#3209,#1603,.T.);
#3912=EDGE_CURVE('',#3178,#3193,#1604,.T.);
#3913=EDGE_CURVE('',#3192,#3210,#1605,.T.);
#3914=EDGE_CURVE('',#3173,#3210,#1606,.T.);
#3915=EDGE_CURVE('',#3172,#3211,#1607,.T.);
#3916=EDGE_CURVE('',#3211,#3212,#1608,.T.);
#3917=EDGE_CURVE('',#3212,#3213,#1609,.T.);
#3918=EDGE_CURVE('',#3213,#3214,#1610,.T.);
#3919=EDGE_CURVE('',#3214,#3215,#1611,.T.);
#3920=EDGE_CURVE('',#3215,#3216,#2849,.T.);
#3921=EDGE_CURVE('',#3216,#3217,#1612,.T.);
#3922=EDGE_CURVE('',#3217,#3218,#1613,.T.);
#3923=EDGE_CURVE('',#3219,#3218,#1614,.T.);
#3924=EDGE_CURVE('',#3219,#3220,#2850,.T.);
#3925=EDGE_CURVE('',#3220,#3221,#1615,.T.);
#3926=EDGE_CURVE('',#3221,#3222,#1616,.T.);
#3927=EDGE_CURVE('',#3223,#3222,#1617,.T.);
#3928=EDGE_CURVE('',#3224,#3223,#2851,.T.);
#3929=EDGE_CURVE('',#3224,#3225,#1618,.T.);
#3930=EDGE_CURVE('',#3226,#3225,#1619,.T.);
#3931=EDGE_CURVE('',#3227,#3226,#1620,.T.);
#3932=EDGE_CURVE('',#3228,#3227,#2852,.T.);
#3933=EDGE_CURVE('',#3229,#3228,#1621,.T.);
#3934=EDGE_CURVE('',#3229,#3206,#1622,.T.);
#3935=EDGE_CURVE('',#3230,#3205,#1623,.T.);
#3936=EDGE_CURVE('',#3231,#3230,#1624,.T.);
#3937=EDGE_CURVE('',#3231,#3232,#2853,.T.);
#3938=EDGE_CURVE('',#3232,#3209,#1625,.T.);
#3939=EDGE_CURVE('',#3233,#3212,#1626,.T.);
#3940=EDGE_CURVE('',#3234,#3233,#1627,.T.);
#3941=EDGE_CURVE('',#3234,#3235,#1628,.T.);
#3942=EDGE_CURVE('',#3236,#3235,#1629,.T.);
#3943=EDGE_CURVE('',#3236,#3237,#1630,.T.);
#3944=EDGE_CURVE('',#3237,#3238,#1631,.T.);
#3945=EDGE_CURVE('',#3238,#3213,#1632,.T.);
#3946=EDGE_CURVE('',#3189,#3235,#1633,.T.);
#3947=EDGE_CURVE('',#3239,#3186,#1634,.T.);
#3948=EDGE_CURVE('',#3240,#3239,#1635,.T.);
#3949=EDGE_CURVE('',#3241,#3240,#1636,.T.);
#3950=EDGE_CURVE('',#3241,#3242,#1637,.T.);
#3951=EDGE_CURVE('',#3243,#3242,#1638,.T.);
#3952=EDGE_CURVE('',#3243,#3236,#1639,.T.);
#3953=EDGE_CURVE('',#3244,#3245,#1640,.T.);
#3954=EDGE_CURVE('',#3223,#3244,#1641,.T.);
#3955=EDGE_CURVE('',#3222,#3245,#1642,.T.);
#3956=EDGE_CURVE('',#3246,#3244,#2854,.T.);
#3957=EDGE_CURVE('',#3224,#3246,#1643,.T.);
#3958=EDGE_CURVE('',#3246,#3247,#1644,.T.);
#3959=EDGE_CURVE('',#3225,#3247,#1645,.T.);
#3960=EDGE_CURVE('',#3248,#3247,#1646,.T.);
#3961=EDGE_CURVE('',#3226,#3248,#1647,.T.);
#3962=EDGE_CURVE('',#3249,#3248,#1648,.T.);
#3963=EDGE_CURVE('',#3227,#3249,#1649,.T.);
#3964=EDGE_CURVE('',#3250,#3249,#2855,.T.);
#3965=EDGE_CURVE('',#3228,#3250,#1650,.T.);
#3966=EDGE_CURVE('',#3251,#3250,#1651,.T.);
#3967=EDGE_CURVE('',#3251,#3229,#1652,.T.);
#3968=EDGE_CURVE('',#3198,#3252,#1653,.T.);
#3969=EDGE_CURVE('',#3252,#3253,#1654,.T.);
#3970=EDGE_CURVE('',#3253,#3199,#1655,.T.);
#3971=EDGE_CURVE('',#3254,#3240,#1656,.T.);
#3972=EDGE_CURVE('',#3255,#3254,#1657,.T.);
#3973=EDGE_CURVE('',#3255,#3201,#1658,.T.);
#3974=EDGE_CURVE('',#3200,#3256,#1659,.T.);
#3975=EDGE_CURVE('',#3257,#3256,#1660,.T.);
#3976=EDGE_CURVE('',#3257,#3241,#1661,.T.);
#3977=EDGE_CURVE('',#3258,#3259,#1662,.T.);
#3978=EDGE_CURVE('',#3258,#3243,#1663,.T.);
#3979=EDGE_CURVE('',#3242,#3259,#1664,.T.);
#3980=EDGE_CURVE('',#3214,#3260,#1665,.T.);
#3981=EDGE_CURVE('',#3260,#3261,#1666,.T.);
#3982=EDGE_CURVE('',#3215,#3261,#1667,.T.);
#3983=EDGE_CURVE('',#3261,#3262,#2856,.T.);
#3984=EDGE_CURVE('',#3216,#3262,#1668,.T.);
#3985=EDGE_CURVE('',#3262,#3263,#1669,.T.);
#3986=EDGE_CURVE('',#3217,#3263,#1670,.T.);
#3987=EDGE_CURVE('',#3263,#3264,#1671,.T.);
#3988=EDGE_CURVE('',#3218,#3264,#1672,.T.);
#3989=EDGE_CURVE('',#3265,#3264,#1673,.T.);
#3990=EDGE_CURVE('',#3219,#3265,#1674,.T.);
#3991=EDGE_CURVE('',#3265,#3266,#2857,.T.);
#3992=EDGE_CURVE('',#3220,#3266,#1675,.T.);
#3993=EDGE_CURVE('',#3266,#3267,#1676,.T.);
#3994=EDGE_CURVE('',#3221,#3267,#1677,.T.);
#3995=EDGE_CURVE('',#3267,#3245,#1678,.T.);
#3996=EDGE_CURVE('',#3207,#3251,#1679,.T.);
#3997=EDGE_CURVE('',#3260,#3238,#1680,.T.);
#3998=EDGE_CURVE('',#3237,#3258,#1681,.T.);
#3999=EDGE_CURVE('',#3259,#3257,#1682,.T.);
#4000=EDGE_CURVE('',#3256,#3253,#1683,.T.);
#4001=EDGE_CURVE('',#3252,#3208,#1684,.T.);
#4002=EDGE_CURVE('',#3268,#3239,#1685,.T.);
#4003=EDGE_CURVE('',#3254,#3268,#1686,.T.);
#4004=EDGE_CURVE('',#3255,#3269,#1687,.T.);
#4005=EDGE_CURVE('',#3269,#3202,#1688,.T.);
#4006=EDGE_CURVE('',#3176,#3269,#1689,.T.);
#4007=EDGE_CURVE('',#3177,#3194,#1690,.T.);
#4008=EDGE_CURVE('',#3268,#3195,#1691,.T.);
#4009=EDGE_CURVE('',#3170,#3270,#1692,.T.);
#4010=EDGE_CURVE('',#3270,#3211,#1693,.T.);
#4011=EDGE_CURVE('',#3270,#3233,#1694,.T.);
#4012=EDGE_CURVE('',#3190,#3234,#1695,.T.);
#4013=EDGE_CURVE('',#3191,#3271,#1696,.T.);
#4014=EDGE_CURVE('',#3271,#3210,#1697,.T.);
#4015=EDGE_CURVE('',#3171,#3271,#1698,.T.);
#4016=EDGE_CURVE('',#3272,#3231,#1699,.T.);
#4017=EDGE_CURVE('',#3272,#3273,#2858,.T.);
#4018=EDGE_CURVE('',#3273,#3232,#1700,.T.);
#4019=EDGE_CURVE('',#3273,#3274,#1701,.T.);
#4020=EDGE_CURVE('',#3274,#3209,#1702,.T.);
#4021=EDGE_CURVE('',#3180,#3274,#1703,.T.);
#4022=EDGE_CURVE('',#3181,#3203,#1704,.T.);
#4023=EDGE_CURVE('',#3275,#3204,#1705,.T.);
#4024=EDGE_CURVE('',#3275,#3230,#1706,.T.);
#4025=EDGE_CURVE('',#3272,#3275,#1707,.T.);
#4026=EDGE_CURVE('',#3276,#3276,#2859,.T.);
#4027=EDGE_CURVE('',#3276,#3277,#1708,.T.);
#4028=EDGE_CURVE('',#3277,#3277,#2860,.T.);
#4029=EDGE_CURVE('',#3278,#3279,#2861,.T.);
#4030=EDGE_CURVE('',#3278,#3280,#1709,.T.);
#4031=EDGE_CURVE('',#3280,#3281,#2862,.T.);
#4032=EDGE_CURVE('',#3279,#3281,#1710,.T.);
#4033=EDGE_CURVE('',#3282,#3283,#2863,.T.);
#4034=EDGE_CURVE('',#3284,#3283,#1711,.T.);
#4035=EDGE_CURVE('',#3285,#3284,#2864,.T.);
#4036=EDGE_CURVE('',#3285,#3282,#1712,.T.);
#4037=EDGE_CURVE('',#3286,#3282,#1713,.T.);
#4038=EDGE_CURVE('',#3287,#3285,#1714,.T.);
#4039=EDGE_CURVE('',#3286,#3287,#1715,.T.);
#4040=EDGE_CURVE('',#3288,#3289,#1716,.T.);
#4041=EDGE_CURVE('',#3290,#3289,#1717,.T.);
#4042=EDGE_CURVE('',#3291,#3290,#1718,.T.);
#4043=EDGE_CURVE('',#3288,#3291,#1719,.T.);
#4044=EDGE_CURVE('',#3292,#3293,#1720,.T.);
#4045=EDGE_CURVE('',#3294,#3293,#1721,.T.);
#4046=EDGE_CURVE('',#3295,#3294,#1722,.T.);
#4047=EDGE_CURVE('',#3292,#3295,#1723,.T.);
#4048=EDGE_CURVE('',#3296,#3297,#1724,.T.);
#4049=EDGE_CURVE('',#3298,#3297,#1725,.T.);
#4050=EDGE_CURVE('',#3299,#3298,#1726,.T.);
#4051=EDGE_CURVE('',#3296,#3299,#1727,.T.);
#4052=EDGE_CURVE('',#3300,#3301,#1728,.T.);
#4053=EDGE_CURVE('',#3302,#3301,#1729,.T.);
#4054=EDGE_CURVE('',#3303,#3302,#1730,.T.);
#4055=EDGE_CURVE('',#3300,#3303,#1731,.T.);
#4056=EDGE_CURVE('',#3304,#3305,#1732,.T.);
#4057=EDGE_CURVE('',#3306,#3305,#1733,.T.);
#4058=EDGE_CURVE('',#3307,#3306,#1734,.T.);
#4059=EDGE_CURVE('',#3304,#3307,#1735,.T.);
#4060=EDGE_CURVE('',#3308,#3279,#1736,.T.);
#4061=EDGE_CURVE('',#3309,#3281,#1737,.T.);
#4062=EDGE_CURVE('',#3308,#3309,#1738,.T.);
#4063=EDGE_CURVE('',#3280,#3310,#1739,.T.);
#4064=EDGE_CURVE('',#3278,#3311,#1740,.T.);
#4065=EDGE_CURVE('',#3311,#3310,#1741,.T.);
#4066=EDGE_CURVE('',#3310,#3312,#1742,.T.);
#4067=EDGE_CURVE('',#3311,#3313,#1743,.T.);
#4068=EDGE_CURVE('',#3313,#3312,#1744,.T.);
#4069=EDGE_CURVE('',#3283,#3312,#1745,.T.);
#4070=EDGE_CURVE('',#3284,#3313,#1746,.T.);
#4071=EDGE_CURVE('',#3299,#3302,#1747,.T.);
#4072=EDGE_CURVE('',#3293,#3298,#1748,.T.);
#4073=EDGE_CURVE('',#3289,#3292,#1749,.T.);
#4074=EDGE_CURVE('',#3287,#3288,#1750,.T.);
#4075=EDGE_CURVE('',#3305,#3308,#1751,.T.);
#4076=EDGE_CURVE('',#3303,#3304,#1752,.T.);
#4077=EDGE_CURVE('',#3309,#3306,#1753,.T.);
#4078=EDGE_CURVE('',#3291,#3286,#1754,.T.);
#4079=EDGE_CURVE('',#3295,#3290,#1755,.T.);
#4080=EDGE_CURVE('',#3297,#3294,#1756,.T.);
#4081=EDGE_CURVE('',#3301,#3296,#1757,.T.);
#4082=EDGE_CURVE('',#3307,#3300,#1758,.T.);
#4083=EDGE_CURVE('',#3314,#3315,#2865,.T.);
#4084=EDGE_CURVE('',#3315,#3316,#1759,.T.);
#4085=EDGE_CURVE('',#3317,#3316,#2866,.T.);
#4086=EDGE_CURVE('',#3314,#3317,#1760,.T.);
#4087=EDGE_CURVE('',#3318,#3319,#2867,.T.);
#4088=EDGE_CURVE('',#3319,#3320,#1761,.T.);
#4089=EDGE_CURVE('',#3320,#3320,#2868,.T.);
#4090=EDGE_CURVE('',#3319,#3321,#2869,.T.);
#4091=EDGE_CURVE('',#3322,#3321,#1762,.T.);
#4092=EDGE_CURVE('',#3322,#3323,#2870,.T.);
#4093=EDGE_CURVE('',#3323,#3324,#1763,.T.);
#4094=EDGE_CURVE('',#3324,#3325,#2871,.T.);
#4095=EDGE_CURVE('',#3326,#3325,#1764,.T.);
#4096=EDGE_CURVE('',#3326,#3327,#2872,.T.);
#4097=EDGE_CURVE('',#3327,#3318,#1765,.T.);
#4098=EDGE_CURVE('',#3328,#3328,#2873,.T.);
#4099=EDGE_CURVE('',#3328,#3329,#1766,.T.);
#4100=EDGE_CURVE('',#3329,#3329,#2874,.T.);
#4101=EDGE_CURVE('',#3330,#3331,#2875,.T.);
#4102=EDGE_CURVE('',#3332,#3330,#1767,.T.);
#4103=EDGE_CURVE('',#3332,#3333,#2876,.T.);
#4104=EDGE_CURVE('',#3333,#3334,#1768,.T.);
#4105=EDGE_CURVE('',#3335,#3334,#2877,.T.);
#4106=EDGE_CURVE('',#3336,#3335,#1769,.T.);
#4107=EDGE_CURVE('',#3336,#3337,#2878,.T.);
#4108=EDGE_CURVE('',#3337,#3338,#1770,.T.);
#4109=EDGE_CURVE('',#3331,#3338,#2879,.T.);
#4110=EDGE_CURVE('',#3331,#3339,#1771,.T.);
#4111=EDGE_CURVE('',#3339,#3339,#2880,.T.);
#4112=EDGE_CURVE('',#3318,#3340,#1772,.T.);
#4113=EDGE_CURVE('',#3341,#3340,#1773,.T.);
#4114=EDGE_CURVE('',#3341,#3342,#1774,.T.);
#4115=EDGE_CURVE('',#3343,#3342,#1775,.T.);
#4116=EDGE_CURVE('',#3344,#3343,#1776,.T.);
#4117=EDGE_CURVE('',#3345,#3344,#1777,.T.);
#4118=EDGE_CURVE('',#3346,#3345,#1778,.T.);
#4119=EDGE_CURVE('',#3321,#3346,#1779,.T.);
#4120=EDGE_CURVE('',#3347,#3346,#1780,.T.);
#4121=EDGE_CURVE('',#3348,#3345,#1781,.T.);
#4122=EDGE_CURVE('',#3349,#3348,#1782,.T.);
#4123=EDGE_CURVE('',#3350,#3349,#1783,.T.);
#4124=EDGE_CURVE('',#3350,#3351,#1784,.T.);
#4125=EDGE_CURVE('',#3352,#3351,#1785,.T.);
#4126=EDGE_CURVE('',#3352,#3347,#1786,.T.);
#4127=EDGE_CURVE('',#3324,#3353,#1787,.T.);
#4128=EDGE_CURVE('',#3354,#3353,#1788,.T.);
#4129=EDGE_CURVE('',#3355,#3354,#2881,.T.);
#4130=EDGE_CURVE('',#3355,#3356,#1789,.T.);
#4131=EDGE_CURVE('',#3356,#3351,#1790,.T.);
#4132=EDGE_CURVE('',#3357,#3350,#1791,.T.);
#4133=EDGE_CURVE('',#3357,#3358,#1792,.T.);
#4134=EDGE_CURVE('',#3358,#3359,#2882,.T.);
#4135=EDGE_CURVE('',#3359,#3360,#1793,.T.);
#4136=EDGE_CURVE('',#3360,#3361,#1794,.T.);
#4137=EDGE_CURVE('',#3362,#3361,#1795,.T.);
#4138=EDGE_CURVE('',#3362,#3363,#2883,.T.);
#4139=EDGE_CURVE('',#3363,#3364,#1796,.T.);
#4140=EDGE_CURVE('',#3365,#3364,#1797,.T.);
#4141=EDGE_CURVE('',#3366,#3365,#1798,.T.);
#4142=EDGE_CURVE('',#3367,#3366,#2884,.T.);
#4143=EDGE_CURVE('',#3367,#3368,#1799,.T.);
#4144=EDGE_CURVE('',#3369,#3368,#1800,.T.);
#4145=EDGE_CURVE('',#3370,#3369,#1801,.T.);
#4146=EDGE_CURVE('',#3371,#3370,#2885,.T.);
#4147=EDGE_CURVE('',#3372,#3371,#1802,.T.);
#4148=EDGE_CURVE('',#3373,#3372,#1803,.T.);
#4149=EDGE_CURVE('',#3374,#3373,#1804,.T.);
#4150=EDGE_CURVE('',#3375,#3374,#1805,.T.);
#4151=EDGE_CURVE('',#3317,#3375,#1806,.T.);
#4152=EDGE_CURVE('',#3316,#3376,#1807,.T.);
#4153=EDGE_CURVE('',#3335,#3376,#1808,.T.);
#4154=EDGE_CURVE('',#3325,#3334,#1809,.T.);
#4155=EDGE_CURVE('',#3377,#3374,#1810,.T.);
#4156=EDGE_CURVE('',#3378,#3373,#1811,.T.);
#4157=EDGE_CURVE('',#3379,#3378,#1812,.T.);
#4158=EDGE_CURVE('',#3380,#3379,#1813,.T.);
#4159=EDGE_CURVE('',#3380,#3381,#1814,.T.);
#4160=EDGE_CURVE('',#3382,#3381,#1815,.T.);
#4161=EDGE_CURVE('',#3382,#3377,#1816,.T.);
#4162=EDGE_CURVE('',#3338,#3381,#1817,.T.);
#4163=EDGE_CURVE('',#3383,#3380,#1818,.T.);
#4164=EDGE_CURVE('',#3383,#3384,#1819,.T.);
#4165=EDGE_CURVE('',#3385,#3384,#1820,.T.);
#4166=EDGE_CURVE('',#3385,#3386,#1821,.T.);
#4167=EDGE_CURVE('',#3386,#3387,#1822,.T.);
#4168=EDGE_CURVE('',#3387,#3330,#1823,.T.);
#4169=EDGE_CURVE('',#3388,#3389,#1824,.T.);
#4170=EDGE_CURVE('',#3364,#3389,#1825,.T.);
#4171=EDGE_CURVE('',#3363,#3388,#1826,.T.);
#4172=EDGE_CURVE('',#3390,#3388,#2886,.T.);
#4173=EDGE_CURVE('',#3362,#3390,#1827,.T.);
#4174=EDGE_CURVE('',#3390,#3391,#1828,.T.);
#4175=EDGE_CURVE('',#3361,#3391,#1829,.T.);
#4176=EDGE_CURVE('',#3392,#3391,#1830,.T.);
#4177=EDGE_CURVE('',#3360,#3392,#1831,.T.);
#4178=EDGE_CURVE('',#3393,#3392,#1832,.T.);
#4179=EDGE_CURVE('',#3359,#3393,#1833,.T.);
#4180=EDGE_CURVE('',#3394,#3393,#2887,.T.);
#4181=EDGE_CURVE('',#3358,#3394,#1834,.T.);
#4182=EDGE_CURVE('',#3395,#3394,#1835,.T.);
#4183=EDGE_CURVE('',#3395,#3357,#1836,.T.);
#4184=EDGE_CURVE('',#3396,#3343,#1837,.T.);
#4185=EDGE_CURVE('',#3397,#3396,#1838,.T.);
#4186=EDGE_CURVE('',#3344,#3397,#1839,.T.);
#4187=EDGE_CURVE('',#3398,#3386,#1840,.T.);
#4188=EDGE_CURVE('',#3399,#3385,#1841,.T.);
#4189=EDGE_CURVE('',#3399,#3400,#1842,.T.);
#4190=EDGE_CURVE('',#3342,#3400,#1843,.T.);
#4191=EDGE_CURVE('',#3401,#3341,#1844,.T.);
#4192=EDGE_CURVE('',#3401,#3398,#1845,.T.);
#4193=EDGE_CURVE('',#3402,#3403,#1846,.T.);
#4194=EDGE_CURVE('',#3384,#3403,#1847,.T.);
#4195=EDGE_CURVE('',#3402,#3383,#1848,.T.);
#4196=EDGE_CURVE('',#3371,#3404,#1849,.T.);
#4197=EDGE_CURVE('',#3405,#3404,#1850,.T.);
#4198=EDGE_CURVE('',#3372,#3405,#1851,.T.);
#4199=EDGE_CURVE('',#3404,#3406,#2888,.T.);
#4200=EDGE_CURVE('',#3370,#3406,#1852,.T.);
#4201=EDGE_CURVE('',#3406,#3407,#1853,.T.);
#4202=EDGE_CURVE('',#3369,#3407,#1854,.T.);
#4203=EDGE_CURVE('',#3407,#3408,#1855,.T.);
#4204=EDGE_CURVE('',#3368,#3408,#1856,.T.);
#4205=EDGE_CURVE('',#3409,#3408,#1857,.T.);
#4206=EDGE_CURVE('',#3367,#3409,#1858,.T.);
#4207=EDGE_CURVE('',#3409,#3410,#2889,.T.);
#4208=EDGE_CURVE('',#3366,#3410,#1859,.T.);
#4209=EDGE_CURVE('',#3410,#3411,#1860,.T.);
#4210=EDGE_CURVE('',#3365,#3411,#1861,.T.);
#4211=EDGE_CURVE('',#3411,#3389,#1862,.T.);
#4212=EDGE_CURVE('',#3397,#3348,#1863,.T.);
#4213=EDGE_CURVE('',#3400,#3396,#1864,.T.);
#4214=EDGE_CURVE('',#3403,#3399,#1865,.T.);
#4215=EDGE_CURVE('',#3379,#3402,#1866,.T.);
#4216=EDGE_CURVE('',#3405,#3378,#1867,.T.);
#4217=EDGE_CURVE('',#3349,#3395,#1868,.T.);
#4218=EDGE_CURVE('',#3398,#3412,#1869,.T.);
#4219=EDGE_CURVE('',#3412,#3387,#1870,.T.);
#4220=EDGE_CURVE('',#3413,#3340,#1871,.T.);
#4221=EDGE_CURVE('',#3401,#3413,#1872,.T.);
#4222=EDGE_CURVE('',#3327,#3413,#1873,.T.);
#4223=EDGE_CURVE('',#3326,#3333,#1874,.T.);
#4224=EDGE_CURVE('',#3412,#3332,#1875,.T.);
#4225=EDGE_CURVE('',#3414,#3375,#1876,.T.);
#4226=EDGE_CURVE('',#3314,#3414,#1877,.T.);
#4227=EDGE_CURVE('',#3414,#3377,#1878,.T.);
#4228=EDGE_CURVE('',#3337,#3382,#1879,.T.);
#4229=EDGE_CURVE('',#3415,#3376,#1880,.T.);
#4230=EDGE_CURVE('',#3336,#3415,#1881,.T.);
#4231=EDGE_CURVE('',#3315,#3415,#1882,.T.);
#4232=EDGE_CURVE('',#3416,#3354,#1883,.T.);
#4233=EDGE_CURVE('',#3417,#3416,#2890,.T.);
#4234=EDGE_CURVE('',#3417,#3355,#1884,.T.);
#4235=EDGE_CURVE('',#3418,#3353,#1885,.T.);
#4236=EDGE_CURVE('',#3416,#3418,#1886,.T.);
#4237=EDGE_CURVE('',#3323,#3418,#1887,.T.);
#4238=EDGE_CURVE('',#3322,#3347,#1888,.T.);
#4239=EDGE_CURVE('',#3419,#3356,#1889,.T.);
#4240=EDGE_CURVE('',#3419,#3352,#1890,.T.);
#4241=EDGE_CURVE('',#3417,#3419,#1891,.T.);
#4242=EDGE_CURVE('',#3420,#3420,#2891,.T.);
#4243=EDGE_CURVE('',#3420,#3421,#2892,.T.);
#4244=EDGE_CURVE('',#3421,#3422,#2893,.T.);
#4245=EDGE_CURVE('',#3422,#3423,#2894,.T.);
#4246=EDGE_CURVE('',#3423,#3424,#2895,.T.);
#4247=EDGE_CURVE('',#3424,#3425,#2896,.T.);
#4248=EDGE_CURVE('',#3425,#3426,#2897,.T.);
#4249=EDGE_CURVE('',#3426,#3427,#2898,.T.);
#4250=EDGE_CURVE('',#3427,#3428,#2899,.T.);
#4251=EDGE_CURVE('',#3428,#3429,#2900,.T.);
#4252=EDGE_CURVE('',#3429,#3430,#2901,.T.);
#4253=EDGE_CURVE('',#3430,#3431,#2902,.T.);
#4254=EDGE_CURVE('',#3431,#3432,#2903,.T.);
#4255=EDGE_CURVE('',#3432,#3433,#2904,.T.);
#4256=EDGE_CURVE('',#3433,#3421,#2905,.T.);
#4257=EDGE_CURVE('',#3433,#3434,#1892,.T.);
#4258=EDGE_CURVE('',#3435,#3434,#1893,.T.);
#4259=EDGE_CURVE('',#3422,#3435,#1894,.T.);
#4260=EDGE_CURVE('',#3436,#3435,#1895,.T.);
#4261=EDGE_CURVE('',#3423,#3436,#1896,.T.);
#4262=EDGE_CURVE('',#3437,#3436,#1897,.T.);
#4263=EDGE_CURVE('',#3424,#3437,#1898,.T.);
#4264=EDGE_CURVE('',#3438,#3437,#1899,.T.);
#4265=EDGE_CURVE('',#3425,#3438,#1900,.T.);
#4266=EDGE_CURVE('',#3439,#3438,#1901,.T.);
#4267=EDGE_CURVE('',#3426,#3439,#1902,.T.);
#4268=EDGE_CURVE('',#3440,#3439,#1903,.T.);
#4269=EDGE_CURVE('',#3427,#3440,#1904,.T.);
#4270=EDGE_CURVE('',#3441,#3440,#1905,.T.);
#4271=EDGE_CURVE('',#3428,#3441,#1906,.T.);
#4272=EDGE_CURVE('',#3442,#3441,#1907,.T.);
#4273=EDGE_CURVE('',#3429,#3442,#1908,.T.);
#4274=EDGE_CURVE('',#3443,#3442,#1909,.T.);
#4275=EDGE_CURVE('',#3430,#3443,#1910,.T.);
#4276=EDGE_CURVE('',#3444,#3443,#1911,.T.);
#4277=EDGE_CURVE('',#3431,#3444,#1912,.T.);
#4278=EDGE_CURVE('',#3445,#3444,#1913,.T.);
#4279=EDGE_CURVE('',#3432,#3445,#1914,.T.);
#4280=EDGE_CURVE('',#3434,#3445,#1915,.T.);
#4281=EDGE_CURVE('',#3446,#3446,#2906,.T.);
#4282=EDGE_CURVE('',#3446,#3447,#2907,.T.);
#4283=EDGE_CURVE('',#3447,#3448,#2908,.T.);
#4284=EDGE_CURVE('',#3448,#3449,#2909,.T.);
#4285=EDGE_CURVE('',#3449,#3450,#2910,.T.);
#4286=EDGE_CURVE('',#3450,#3451,#2911,.T.);
#4287=EDGE_CURVE('',#3451,#3452,#2912,.T.);
#4288=EDGE_CURVE('',#3452,#3453,#2913,.T.);
#4289=EDGE_CURVE('',#3453,#3454,#2914,.T.);
#4290=EDGE_CURVE('',#3454,#3455,#2915,.T.);
#4291=EDGE_CURVE('',#3455,#3456,#2916,.T.);
#4292=EDGE_CURVE('',#3456,#3457,#2917,.T.);
#4293=EDGE_CURVE('',#3457,#3458,#2918,.T.);
#4294=EDGE_CURVE('',#3458,#3459,#2919,.T.);
#4295=EDGE_CURVE('',#3459,#3447,#2920,.T.);
#4296=EDGE_CURVE('',#3453,#3460,#1916,.T.);
#4297=EDGE_CURVE('',#3460,#3461,#1917,.T.);
#4298=EDGE_CURVE('',#3454,#3461,#1918,.T.);
#4299=EDGE_CURVE('',#3461,#3462,#1919,.T.);
#4300=EDGE_CURVE('',#3455,#3462,#1920,.T.);
#4301=EDGE_CURVE('',#3462,#3463,#1921,.T.);
#4302=EDGE_CURVE('',#3456,#3463,#1922,.T.);
#4303=EDGE_CURVE('',#3463,#3464,#1923,.T.);
#4304=EDGE_CURVE('',#3457,#3464,#1924,.T.);
#4305=EDGE_CURVE('',#3464,#3465,#1925,.T.);
#4306=EDGE_CURVE('',#3458,#3465,#1926,.T.);
#4307=EDGE_CURVE('',#3465,#3466,#1927,.T.);
#4308=EDGE_CURVE('',#3459,#3466,#1928,.T.);
#4309=EDGE_CURVE('',#3466,#3467,#1929,.T.);
#4310=EDGE_CURVE('',#3448,#3467,#1930,.T.);
#4311=EDGE_CURVE('',#3467,#3468,#1931,.T.);
#4312=EDGE_CURVE('',#3449,#3468,#1932,.T.);
#4313=EDGE_CURVE('',#3468,#3469,#1933,.T.);
#4314=EDGE_CURVE('',#3450,#3469,#1934,.T.);
#4315=EDGE_CURVE('',#3469,#3470,#1935,.T.);
#4316=EDGE_CURVE('',#3451,#3470,#1936,.T.);
#4317=EDGE_CURVE('',#3470,#3471,#1937,.T.);
#4318=EDGE_CURVE('',#3452,#3471,#1938,.T.);
#4319=EDGE_CURVE('',#3471,#3460,#1939,.T.);
#4320=EDGE_CURVE('',#3472,#3473,#2921,.T.);
#4321=EDGE_CURVE('',#3473,#3474,#1940,.T.);
#4322=EDGE_CURVE('',#3474,#3474,#2922,.T.);
#4323=EDGE_CURVE('',#3473,#3472,#2923,.T.);
#4324=EDGE_CURVE('',#3475,#3475,#2924,.T.);
#4325=EDGE_CURVE('',#3476,#3476,#2925,.T.);
#4326=EDGE_CURVE('',#3476,#3477,#1941,.T.);
#4327=EDGE_CURVE('',#3477,#3477,#2926,.T.);
#4328=EDGE_CURVE('',#3475,#3476,#1942,.T.);
#4329=EDGE_CURVE('',#3472,#3478,#1943,.T.);
#4330=EDGE_CURVE('',#3478,#3478,#2927,.T.);
#4331=EDGE_CURVE('',#3479,#3480,#2928,.T.);
#4332=EDGE_CURVE('',#3481,#3479,#2929,.T.);
#4333=EDGE_CURVE('',#3482,#3481,#2930,.T.);
#4334=EDGE_CURVE('',#3483,#3482,#2931,.T.);
#4335=EDGE_CURVE('',#3484,#3483,#2932,.T.);
#4336=EDGE_CURVE('',#3480,#3484,#2933,.T.);
#4337=EDGE_CURVE('',#3481,#3482,#69,.T.);
#4338=EDGE_CURVE('',#3479,#3481,#70,.T.);
#4339=EDGE_CURVE('',#3480,#3479,#71,.T.);
#4340=EDGE_CURVE('',#3484,#3480,#72,.T.);
#4341=EDGE_CURVE('',#3483,#3484,#73,.T.);
#4342=EDGE_CURVE('',#3482,#3483,#74,.T.);
#4343=EDGE_CURVE('',#3485,#3486,#1944,.T.);
#4344=EDGE_CURVE('',#3487,#3485,#1945,.T.);
#4345=EDGE_CURVE('',#3488,#3487,#1946,.T.);
#4346=EDGE_CURVE('',#3489,#3488,#1947,.T.);
#4347=EDGE_CURVE('',#3490,#3489,#1948,.T.);
#4348=EDGE_CURVE('',#3486,#3490,#1949,.T.);
#4349=EDGE_CURVE('',#3487,#3481,#1950,.T.);
#4350=EDGE_CURVE('',#3485,#3482,#1951,.T.);
#4351=EDGE_CURVE('',#3488,#3479,#1952,.T.);
#4352=EDGE_CURVE('',#3489,#3480,#1953,.T.);
#4353=EDGE_CURVE('',#3490,#3484,#1954,.T.);
#4354=EDGE_CURVE('',#3486,#3483,#1955,.T.);
#4355=EDGE_CURVE('',#3491,#3492,#2934,.T.);
#4356=EDGE_CURVE('',#3492,#3493,#1956,.T.);
#4357=EDGE_CURVE('',#3493,#3493,#2935,.T.);
#4358=EDGE_CURVE('',#3492,#3491,#2936,.T.);
#4359=EDGE_CURVE('',#3494,#3494,#2937,.T.);
#4360=EDGE_CURVE('',#3495,#3495,#2938,.T.);
#4361=EDGE_CURVE('',#3495,#3496,#1957,.T.);
#4362=EDGE_CURVE('',#3496,#3496,#2939,.T.);
#4363=EDGE_CURVE('',#3494,#3495,#1958,.T.);
#4364=EDGE_CURVE('',#3491,#3497,#1959,.T.);
#4365=EDGE_CURVE('',#3497,#3497,#2940,.T.);
#4366=EDGE_CURVE('',#3498,#3499,#2941,.T.);
#4367=EDGE_CURVE('',#3500,#3498,#2942,.T.);
#4368=EDGE_CURVE('',#3501,#3500,#2943,.T.);
#4369=EDGE_CURVE('',#3502,#3501,#2944,.T.);
#4370=EDGE_CURVE('',#3503,#3502,#2945,.T.);
#4371=EDGE_CURVE('',#3499,#3503,#2946,.T.);
#4372=EDGE_CURVE('',#3500,#3501,#75,.T.);
#4373=EDGE_CURVE('',#3498,#3500,#76,.T.);
#4374=EDGE_CURVE('',#3499,#3498,#77,.T.);
#4375=EDGE_CURVE('',#3503,#3499,#78,.T.);
#4376=EDGE_CURVE('',#3502,#3503,#79,.T.);
#4377=EDGE_CURVE('',#3501,#3502,#80,.T.);
#4378=EDGE_CURVE('',#3504,#3505,#1960,.T.);
#4379=EDGE_CURVE('',#3506,#3504,#1961,.T.);
#4380=EDGE_CURVE('',#3507,#3506,#1962,.T.);
#4381=EDGE_CURVE('',#3508,#3507,#1963,.T.);
#4382=EDGE_CURVE('',#3509,#3508,#1964,.T.);
#4383=EDGE_CURVE('',#3505,#3509,#1965,.T.);
#4384=EDGE_CURVE('',#3506,#3500,#1966,.T.);
#4385=EDGE_CURVE('',#3504,#3501,#1967,.T.);
#4386=EDGE_CURVE('',#3507,#3498,#1968,.T.);
#4387=EDGE_CURVE('',#3508,#3499,#1969,.T.);
#4388=EDGE_CURVE('',#3509,#3503,#1970,.T.);
#4389=EDGE_CURVE('',#3505,#3502,#1971,.T.);
#4390=EDGE_CURVE('',#3510,#3511,#1972,.T.);
#4391=EDGE_CURVE('',#3512,#3510,#1973,.T.);
#4392=EDGE_CURVE('',#3512,#3513,#1974,.T.);
#4393=EDGE_CURVE('',#3511,#3513,#1975,.T.);
#4394=EDGE_CURVE('',#3514,#3515,#1976,.T.);
#4395=EDGE_CURVE('',#3516,#3515,#2947,.T.);
#4396=EDGE_CURVE('',#3517,#3516,#1977,.T.);
#4397=EDGE_CURVE('',#3514,#3517,#2948,.T.);
#4398=EDGE_CURVE('',#3518,#3519,#1978,.T.);
#4399=EDGE_CURVE('',#3517,#3518,#1979,.T.);
#4400=EDGE_CURVE('',#3519,#3516,#1980,.T.);
#4401=EDGE_CURVE('',#3520,#3519,#2949,.T.);
#4402=EDGE_CURVE('',#3521,#3520,#1981,.T.);
#4403=EDGE_CURVE('',#3518,#3521,#2950,.T.);
#4404=EDGE_CURVE('',#3522,#3520,#1982,.T.);
#4405=EDGE_CURVE('',#3523,#3522,#1983,.T.);
#4406=EDGE_CURVE('',#3521,#3523,#1984,.T.);
#4407=EDGE_CURVE('',#3524,#3522,#2951,.T.);
#4408=EDGE_CURVE('',#3525,#3524,#1985,.T.);
#4409=EDGE_CURVE('',#3523,#3525,#2952,.T.);
#4410=EDGE_CURVE('',#3526,#3525,#1986,.T.);
#4411=EDGE_CURVE('',#3526,#3527,#63,.T.);
#4412=EDGE_CURVE('',#3528,#3527,#55,.T.);
#4413=EDGE_CURVE('',#3523,#3528,#1987,.T.);
#4414=EDGE_CURVE('',#3528,#3529,#81,.T.);
#4415=EDGE_CURVE('',#3529,#3521,#1988,.T.);
#4416=EDGE_CURVE('',#3530,#3529,#56,.T.);
#4417=EDGE_CURVE('',#3518,#3530,#1989,.T.);
#4418=EDGE_CURVE('',#3530,#3531,#1990,.T.);
#4419=EDGE_CURVE('',#3531,#3532,#82,.T.);
#4420=EDGE_CURVE('',#3532,#3517,#1991,.T.);
#4421=EDGE_CURVE('',#3533,#3532,#57,.T.);
#4422=EDGE_CURVE('',#3514,#3533,#1992,.T.);
#4423=EDGE_CURVE('',#3534,#3534,#2953,.T.);
#4424=EDGE_CURVE('',#3534,#3535,#1993,.T.);
#4425=EDGE_CURVE('',#3535,#3535,#2954,.T.);
#4426=EDGE_CURVE('',#3536,#3536,#2955,.T.);
#4427=EDGE_CURVE('',#3536,#3535,#1994,.T.);
#4428=EDGE_CURVE('',#3537,#3537,#2956,.T.);
#4429=EDGE_CURVE('',#3537,#3538,#1995,.T.);
#4430=EDGE_CURVE('',#3538,#3538,#2957,.T.);
#4431=EDGE_CURVE('',#3539,#3539,#2958,.T.);
#4432=EDGE_CURVE('',#3539,#3538,#1996,.T.);
#4433=EDGE_CURVE('',#3540,#3540,#2959,.T.);
#4434=EDGE_CURVE('',#3540,#3536,#1997,.T.);
#4435=EDGE_CURVE('',#3541,#3542,#1998,.T.);
#4436=EDGE_CURVE('',#3542,#3541,#2960,.T.);
#4437=EDGE_CURVE('',#3543,#3543,#2961,.T.);
#4438=EDGE_CURVE('',#3543,#3539,#1999,.T.);
#4439=EDGE_CURVE('',#3544,#3545,#2000,.T.);
#4440=EDGE_CURVE('',#3545,#3544,#2962,.T.);
#4441=EDGE_CURVE('',#3527,#3546,#2001,.T.);
#4442=EDGE_CURVE('',#3547,#3546,#2963,.T.);
#4443=EDGE_CURVE('',#3530,#3547,#2002,.T.);
#4444=EDGE_CURVE('',#3545,#3544,#64,.T.);
#4445=EDGE_CURVE('',#3542,#3541,#65,.T.);
#4446=EDGE_CURVE('',#3548,#3549,#83,.T.);
#4447=EDGE_CURVE('',#3548,#3550,#2003,.T.);
#4448=EDGE_CURVE('',#3551,#3550,#2964,.T.);
#4449=EDGE_CURVE('',#3549,#3551,#2004,.T.);
#4450=EDGE_CURVE('',#3549,#3526,#2005,.T.);
#4451=EDGE_CURVE('',#3551,#3546,#2006,.T.);
#4452=EDGE_CURVE('',#3547,#3552,#2007,.T.);
#4453=EDGE_CURVE('',#3531,#3552,#2008,.T.);
#4454=EDGE_CURVE('',#3533,#3553,#84,.T.);
#4455=EDGE_CURVE('',#3554,#3552,#2965,.T.);
#4456=EDGE_CURVE('',#3553,#3554,#2009,.T.);
#4457=EDGE_CURVE('',#3510,#3555,#2010,.T.);
#4458=EDGE_CURVE('',#3556,#3555,#2011,.T.);
#4459=EDGE_CURVE('',#3512,#3556,#2012,.T.);
#4460=EDGE_CURVE('',#3557,#3557,#2966,.T.);
#4461=EDGE_CURVE('',#3557,#3558,#2013,.T.);
#4462=EDGE_CURVE('',#3558,#3558,#2967,.T.);
#4463=EDGE_CURVE('',#3557,#3559,#2014,.T.);
#4464=EDGE_CURVE('',#3559,#3559,#2968,.T.);
#4465=EDGE_CURVE('',#3560,#3560,#2969,.T.);
#4466=EDGE_CURVE('',#3560,#3561,#2015,.T.);
#4467=EDGE_CURVE('',#3561,#3561,#2970,.T.);
#4468=EDGE_CURVE('',#3560,#3562,#2016,.T.);
#4469=EDGE_CURVE('',#3562,#3562,#2971,.T.);
#4470=EDGE_CURVE('',#3563,#3564,#58,.T.);
#4471=EDGE_CURVE('',#3563,#3564,#59,.T.);
#4472=EDGE_CURVE('',#3512,#3565,#2972,.T.);
#4473=EDGE_CURVE('',#3565,#3566,#2017,.T.);
#4474=EDGE_CURVE('',#3566,#3513,#2973,.T.);
#4475=EDGE_CURVE('',#3567,#3568,#2018,.T.);
#4476=EDGE_CURVE('',#3568,#3566,#2019,.T.);
#4477=EDGE_CURVE('',#3565,#3567,#2020,.T.);
#4478=EDGE_CURVE('',#3568,#3511,#2974,.T.);
#4479=EDGE_CURVE('',#3567,#3510,#2975,.T.);
#4480=EDGE_CURVE('',#3569,#3548,#2021,.T.);
#4481=EDGE_CURVE('',#3570,#3525,#2022,.T.);
#4482=EDGE_CURVE('',#3571,#3570,#2023,.T.);
#4483=EDGE_CURVE('',#3572,#3571,#2024,.T.);
#4484=EDGE_CURVE('',#3569,#3572,#85,.T.);
#4485=EDGE_CURVE('',#3573,#3573,#2976,.T.);
#4486=EDGE_CURVE('',#3573,#3562,#2025,.T.);
#4487=EDGE_CURVE('',#3574,#3553,#2026,.T.);
#4488=EDGE_CURVE('',#3575,#3574,#86,.T.);
#4489=EDGE_CURVE('',#3576,#3575,#2027,.T.);
#4490=EDGE_CURVE('',#3514,#3576,#2028,.T.);
#4491=EDGE_CURVE('',#3577,#3577,#2977,.T.);
#4492=EDGE_CURVE('',#3577,#3559,#2029,.T.);
#4493=EDGE_CURVE('',#3576,#3578,#2030,.T.);
#4494=EDGE_CURVE('',#3515,#3578,#2031,.T.);
#4495=EDGE_CURVE('',#3576,#3579,#2978,.T.);
#4496=EDGE_CURVE('',#3579,#3580,#2032,.T.);
#4497=EDGE_CURVE('',#3580,#3578,#2979,.T.);
#4498=EDGE_CURVE('',#3581,#3582,#2033,.T.);
#4499=EDGE_CURVE('',#3582,#3580,#2034,.T.);
#4500=EDGE_CURVE('',#3579,#3581,#2035,.T.);
#4501=EDGE_CURVE('',#3581,#3583,#2980,.T.);
#4502=EDGE_CURVE('',#3583,#3584,#2036,.T.);
#4503=EDGE_CURVE('',#3584,#3582,#2981,.T.);
#4504=EDGE_CURVE('',#3583,#3585,#2037,.T.);
#4505=EDGE_CURVE('',#3585,#3586,#2038,.T.);
#4506=EDGE_CURVE('',#3586,#3584,#2039,.T.);
#4507=EDGE_CURVE('',#3585,#3570,#2982,.T.);
#4508=EDGE_CURVE('',#3570,#3587,#2040,.T.);
#4509=EDGE_CURVE('',#3587,#3586,#2983,.T.);
#4510=EDGE_CURVE('',#3587,#3524,#2041,.T.);
#4511=EDGE_CURVE('',#3585,#3588,#2042,.T.);
#4512=EDGE_CURVE('',#3588,#3589,#60,.T.);
#4513=EDGE_CURVE('',#3571,#3589,#66,.T.);
#4514=EDGE_CURVE('',#3590,#3583,#2043,.T.);
#4515=EDGE_CURVE('',#3588,#3590,#87,.T.);
#4516=EDGE_CURVE('',#3581,#3591,#2044,.T.);
#4517=EDGE_CURVE('',#3591,#3590,#61,.T.);
#4518=EDGE_CURVE('',#3592,#3579,#2045,.T.);
#4519=EDGE_CURVE('',#3593,#3592,#88,.T.);
#4520=EDGE_CURVE('',#3591,#3593,#2046,.T.);
#4521=EDGE_CURVE('',#3575,#3592,#62,.T.);
#4522=EDGE_CURVE('',#3594,#3594,#2984,.T.);
#4523=EDGE_CURVE('',#3594,#3595,#2047,.T.);
#4524=EDGE_CURVE('',#3595,#3595,#2985,.T.);
#4525=EDGE_CURVE('',#3596,#3596,#2986,.T.);
#4526=EDGE_CURVE('',#3597,#3597,#2987,.T.);
#4527=EDGE_CURVE('',#3597,#3595,#2048,.T.);
#4528=EDGE_CURVE('',#3596,#3598,#2049,.T.);
#4529=EDGE_CURVE('',#3598,#3598,#2988,.T.);
#4530=EDGE_CURVE('',#3599,#3599,#2989,.T.);
#4531=EDGE_CURVE('',#3599,#3598,#2050,.T.);
#4532=EDGE_CURVE('',#3600,#3600,#2990,.T.);
#4533=EDGE_CURVE('',#3600,#3597,#2051,.T.);
#4534=EDGE_CURVE('',#3601,#3602,#2052,.T.);
#4535=EDGE_CURVE('',#3602,#3601,#2991,.T.);
#4536=EDGE_CURVE('',#3603,#3603,#2992,.T.);
#4537=EDGE_CURVE('',#3603,#3599,#2053,.T.);
#4538=EDGE_CURVE('',#3604,#3605,#2054,.T.);
#4539=EDGE_CURVE('',#3605,#3604,#2993,.T.);
#4540=EDGE_CURVE('',#3591,#3606,#2055,.T.);
#4541=EDGE_CURVE('',#3606,#3607,#2994,.T.);
#4542=EDGE_CURVE('',#3589,#3607,#2056,.T.);
#4543=EDGE_CURVE('',#3605,#3604,#67,.T.);
#4544=EDGE_CURVE('',#3602,#3601,#68,.T.);
#4545=EDGE_CURVE('',#3608,#3554,#2057,.T.);
#4546=EDGE_CURVE('',#3574,#3608,#2058,.T.);
#4547=EDGE_CURVE('',#3569,#3609,#2059,.T.);
#4548=EDGE_CURVE('',#3550,#3609,#2060,.T.);
#4549=EDGE_CURVE('',#3572,#3610,#2061,.T.);
#4550=EDGE_CURVE('',#3610,#3609,#2995,.T.);
#4551=EDGE_CURVE('',#3610,#3607,#2062,.T.);
#4552=EDGE_CURVE('',#3593,#3611,#2063,.T.);
#4553=EDGE_CURVE('',#3606,#3611,#2064,.T.);
#4554=EDGE_CURVE('',#3608,#3611,#2996,.T.);
#4555=EDGE_CURVE('',#3612,#3612,#2997,.T.);
#4556=EDGE_CURVE('',#3556,#3613,#2998,.T.);
#4557=EDGE_CURVE('',#3555,#3614,#2999,.T.);
#4558=EDGE_CURVE('',#3613,#3614,#2065,.T.);
#4559=EDGE_CURVE('',#3567,#3614,#2066,.T.);
#4560=EDGE_CURVE('',#3565,#3613,#2067,.T.);
#4561=EDGE_CURVE('',#3612,#3615,#2068,.T.);
#4562=EDGE_CURVE('',#3615,#3615,#3000,.T.);
#4563=EDGE_CURVE('',#3615,#3563,#2069,.T.);
#4564=EDGE_CURVE('',#3616,#3617,#3001,.T.);
#4565=EDGE_CURVE('',#3617,#3618,#2070,.T.);
#4566=EDGE_CURVE('',#3618,#3618,#3002,.T.);
#4567=EDGE_CURVE('',#3617,#3616,#3003,.T.);
#4568=EDGE_CURVE('',#3619,#3619,#3004,.T.);
#4569=EDGE_CURVE('',#3620,#3620,#3005,.T.);
#4570=EDGE_CURVE('',#3620,#3621,#2071,.T.);
#4571=EDGE_CURVE('',#3621,#3621,#3006,.T.);
#4572=EDGE_CURVE('',#3619,#3620,#2072,.T.);
#4573=EDGE_CURVE('',#3616,#3622,#2073,.T.);
#4574=EDGE_CURVE('',#3622,#3622,#3007,.T.);
#4575=EDGE_CURVE('',#3623,#3624,#3008,.T.);
#4576=EDGE_CURVE('',#3625,#3623,#3009,.T.);
#4577=EDGE_CURVE('',#3626,#3625,#3010,.T.);
#4578=EDGE_CURVE('',#3627,#3626,#3011,.T.);
#4579=EDGE_CURVE('',#3628,#3627,#3012,.T.);
#4580=EDGE_CURVE('',#3624,#3628,#3013,.T.);
#4581=EDGE_CURVE('',#3625,#3626,#89,.T.);
#4582=EDGE_CURVE('',#3623,#3625,#90,.T.);
#4583=EDGE_CURVE('',#3624,#3623,#91,.T.);
#4584=EDGE_CURVE('',#3628,#3624,#92,.T.);
#4585=EDGE_CURVE('',#3627,#3628,#93,.T.);
#4586=EDGE_CURVE('',#3626,#3627,#94,.T.);
#4587=EDGE_CURVE('',#3629,#3630,#2074,.T.);
#4588=EDGE_CURVE('',#3631,#3629,#2075,.T.);
#4589=EDGE_CURVE('',#3632,#3631,#2076,.T.);
#4590=EDGE_CURVE('',#3633,#3632,#2077,.T.);
#4591=EDGE_CURVE('',#3634,#3633,#2078,.T.);
#4592=EDGE_CURVE('',#3630,#3634,#2079,.T.);
#4593=EDGE_CURVE('',#3631,#3625,#2080,.T.);
#4594=EDGE_CURVE('',#3629,#3626,#2081,.T.);
#4595=EDGE_CURVE('',#3632,#3623,#2082,.T.);
#4596=EDGE_CURVE('',#3633,#3624,#2083,.T.);
#4597=EDGE_CURVE('',#3634,#3628,#2084,.T.);
#4598=EDGE_CURVE('',#3630,#3627,#2085,.T.);
#4599=EDGE_CURVE('',#3635,#3635,#3014,.T.);
#4600=EDGE_CURVE('',#3635,#3636,#2086,.T.);
#4601=EDGE_CURVE('',#3636,#3636,#3015,.T.);
#4602=EDGE_CURVE('',#3635,#3637,#2087,.T.);
#4603=EDGE_CURVE('',#3637,#3637,#3016,.T.);
#4604=EDGE_CURVE('',#3638,#3638,#3017,.T.);
#4605=EDGE_CURVE('',#3639,#3639,#3018,.T.);
#4606=EDGE_CURVE('',#3639,#3637,#2088,.T.);
#4607=EDGE_CURVE('',#3640,#3640,#3019,.T.);
#4608=EDGE_CURVE('',#3641,#3641,#3020,.T.);
#4609=EDGE_CURVE('',#3641,#3640,#2089,.T.);
#4610=EDGE_CURVE('',#3642,#3642,#3021,.T.);
#4611=EDGE_CURVE('',#3642,#3641,#2090,.T.);
#4612=EDGE_CURVE('',#3638,#3642,#2091,.T.);
#4613=ORIENTED_EDGE('',*,*,#3643,.T.);
#4614=ORIENTED_EDGE('',*,*,#3644,.T.);
#4615=ORIENTED_EDGE('',*,*,#3645,.T.);
#4616=ORIENTED_EDGE('',*,*,#3644,.F.);
#4617=ORIENTED_EDGE('',*,*,#3646,.T.);
#4618=ORIENTED_EDGE('',*,*,#3647,.T.);
#4619=ORIENTED_EDGE('',*,*,#3648,.T.);
#4620=ORIENTED_EDGE('',*,*,#3647,.F.);
#4621=ORIENTED_EDGE('',*,*,#3649,.T.);
#4622=ORIENTED_EDGE('',*,*,#3650,.T.);
#4623=ORIENTED_EDGE('',*,*,#3643,.F.);
#4624=ORIENTED_EDGE('',*,*,#3650,.F.);
#4625=ORIENTED_EDGE('',*,*,#3651,.T.);
#4626=ORIENTED_EDGE('',*,*,#3652,.T.);
#4627=ORIENTED_EDGE('',*,*,#3646,.F.);
#4628=ORIENTED_EDGE('',*,*,#3652,.F.);
#4629=ORIENTED_EDGE('',*,*,#3653,.T.);
#4630=ORIENTED_EDGE('',*,*,#3654,.T.);
#4631=ORIENTED_EDGE('',*,*,#3655,.F.);
#4632=ORIENTED_EDGE('',*,*,#3654,.F.);
#4633=ORIENTED_EDGE('',*,*,#3656,.T.);
#4634=ORIENTED_EDGE('',*,*,#3657,.T.);
#4635=ORIENTED_EDGE('',*,*,#3658,.F.);
#4636=ORIENTED_EDGE('',*,*,#3659,.F.);
#4637=ORIENTED_EDGE('',*,*,#3660,.F.);
#4638=ORIENTED_EDGE('',*,*,#3661,.T.);
#4639=ORIENTED_EDGE('',*,*,#3662,.F.);
#4640=ORIENTED_EDGE('',*,*,#3661,.F.);
#4641=ORIENTED_EDGE('',*,*,#3663,.F.);
#4642=ORIENTED_EDGE('',*,*,#3664,.T.);
#4643=ORIENTED_EDGE('',*,*,#3665,.F.);
#4644=ORIENTED_EDGE('',*,*,#3664,.F.);
#4645=ORIENTED_EDGE('',*,*,#3666,.F.);
#4646=ORIENTED_EDGE('',*,*,#3667,.T.);
#4647=ORIENTED_EDGE('',*,*,#3660,.T.);
#4648=ORIENTED_EDGE('',*,*,#3667,.F.);
#4649=ORIENTED_EDGE('',*,*,#3668,.F.);
#4650=ORIENTED_EDGE('',*,*,#3669,.T.);
#4651=ORIENTED_EDGE('',*,*,#3663,.T.);
#4652=ORIENTED_EDGE('',*,*,#3669,.F.);
#4653=ORIENTED_EDGE('',*,*,#3668,.T.);
#4654=ORIENTED_EDGE('',*,*,#3666,.T.);
#4655=ORIENTED_EDGE('',*,*,#3670,.F.);
#4656=ORIENTED_EDGE('',*,*,#3671,.F.);
#4657=ORIENTED_EDGE('',*,*,#3672,.T.);
#4658=ORIENTED_EDGE('',*,*,#3673,.F.);
#4659=ORIENTED_EDGE('',*,*,#3674,.F.);
#4660=ORIENTED_EDGE('',*,*,#3675,.F.);
#4661=ORIENTED_EDGE('',*,*,#3676,.T.);
#4662=ORIENTED_EDGE('',*,*,#3677,.F.);
#4663=ORIENTED_EDGE('',*,*,#3678,.F.);
#4664=ORIENTED_EDGE('',*,*,#3679,.F.);
#4665=ORIENTED_EDGE('',*,*,#3680,.T.);
#4666=ORIENTED_EDGE('',*,*,#3681,.F.);
#4667=ORIENTED_EDGE('',*,*,#3682,.F.);
#4668=ORIENTED_EDGE('',*,*,#3683,.F.);
#4669=ORIENTED_EDGE('',*,*,#3684,.T.);
#4670=ORIENTED_EDGE('',*,*,#3685,.F.);
#4671=ORIENTED_EDGE('',*,*,#3686,.F.);
#4672=ORIENTED_EDGE('',*,*,#3687,.F.);
#4673=ORIENTED_EDGE('',*,*,#3688,.T.);
#4674=ORIENTED_EDGE('',*,*,#3689,.F.);
#4675=ORIENTED_EDGE('',*,*,#3690,.F.);
#4676=ORIENTED_EDGE('',*,*,#3691,.F.);
#4677=ORIENTED_EDGE('',*,*,#3692,.T.);
#4678=ORIENTED_EDGE('',*,*,#3693,.F.);
#4679=ORIENTED_EDGE('',*,*,#3694,.F.);
#4680=ORIENTED_EDGE('',*,*,#3695,.T.);
#4681=ORIENTED_EDGE('',*,*,#3696,.T.);
#4682=ORIENTED_EDGE('',*,*,#3697,.F.);
#4683=ORIENTED_EDGE('',*,*,#3698,.F.);
#4684=ORIENTED_EDGE('',*,*,#3699,.F.);
#4685=ORIENTED_EDGE('',*,*,#3700,.T.);
#4686=ORIENTED_EDGE('',*,*,#3701,.F.);
#4687=ORIENTED_EDGE('',*,*,#3702,.T.);
#4688=ORIENTED_EDGE('',*,*,#3703,.T.);
#4689=ORIENTED_EDGE('',*,*,#3704,.F.);
#4690=ORIENTED_EDGE('',*,*,#3705,.F.);
#4691=ORIENTED_EDGE('',*,*,#3706,.T.);
#4692=ORIENTED_EDGE('',*,*,#3707,.T.);
#4693=ORIENTED_EDGE('',*,*,#3708,.F.);
#4694=ORIENTED_EDGE('',*,*,#3709,.F.);
#4695=ORIENTED_EDGE('',*,*,#3659,.T.);
#4696=ORIENTED_EDGE('',*,*,#3710,.T.);
#4697=ORIENTED_EDGE('',*,*,#3706,.F.);
#4698=ORIENTED_EDGE('',*,*,#3711,.F.);
#4699=ORIENTED_EDGE('',*,*,#3712,.F.);
#4700=ORIENTED_EDGE('',*,*,#3689,.T.);
#4701=ORIENTED_EDGE('',*,*,#3713,.T.);
#4702=ORIENTED_EDGE('',*,*,#3657,.F.);
#4703=ORIENTED_EDGE('',*,*,#3681,.T.);
#4704=ORIENTED_EDGE('',*,*,#3714,.T.);
#4705=ORIENTED_EDGE('',*,*,#3687,.T.);
#4706=ORIENTED_EDGE('',*,*,#3715,.F.);
#4707=ORIENTED_EDGE('',*,*,#3716,.T.);
#4708=ORIENTED_EDGE('',*,*,#3685,.T.);
#4709=ORIENTED_EDGE('',*,*,#3717,.F.);
#4710=ORIENTED_EDGE('',*,*,#3679,.T.);
#4711=ORIENTED_EDGE('',*,*,#3718,.T.);
#4712=ORIENTED_EDGE('',*,*,#3697,.T.);
#4713=ORIENTED_EDGE('',*,*,#3719,.F.);
#4714=ORIENTED_EDGE('',*,*,#3683,.T.);
#4715=ORIENTED_EDGE('',*,*,#3645,.F.);
#4716=ORIENTED_EDGE('',*,*,#3662,.T.);
#4717=ORIENTED_EDGE('',*,*,#3701,.T.);
#4718=ORIENTED_EDGE('',*,*,#3720,.F.);
#4719=ORIENTED_EDGE('',*,*,#3695,.F.);
#4720=ORIENTED_EDGE('',*,*,#3721,.T.);
#4721=ORIENTED_EDGE('',*,*,#3673,.T.);
#4722=ORIENTED_EDGE('',*,*,#3722,.F.);
#4723=ORIENTED_EDGE('',*,*,#3699,.T.);
#4724=ORIENTED_EDGE('',*,*,#3723,.T.);
#4725=ORIENTED_EDGE('',*,*,#3648,.F.);
#4726=ORIENTED_EDGE('',*,*,#3665,.T.);
#4727=ORIENTED_EDGE('',*,*,#3724,.F.);
#4728=ORIENTED_EDGE('',*,*,#3677,.T.);
#4729=ORIENTED_EDGE('',*,*,#3725,.T.);
#4730=ORIENTED_EDGE('',*,*,#3671,.T.);
#4731=ORIENTED_EDGE('',*,*,#3726,.F.);
#4732=ORIENTED_EDGE('',*,*,#3693,.T.);
#4733=ORIENTED_EDGE('',*,*,#3727,.T.);
#4734=ORIENTED_EDGE('',*,*,#3675,.T.);
#4735=ORIENTED_EDGE('',*,*,#3704,.T.);
#4736=ORIENTED_EDGE('',*,*,#3728,.F.);
#4737=ORIENTED_EDGE('',*,*,#3691,.T.);
#4738=ORIENTED_EDGE('',*,*,#3729,.T.);
#4739=ORIENTED_EDGE('',*,*,#3708,.T.);
#4740=ORIENTED_EDGE('',*,*,#3730,.F.);
#4741=ORIENTED_EDGE('',*,*,#3702,.F.);
#4742=ORIENTED_EDGE('',*,*,#3731,.T.);
#4743=ORIENTED_EDGE('',*,*,#3723,.F.);
#4744=ORIENTED_EDGE('',*,*,#3698,.T.);
#4745=ORIENTED_EDGE('',*,*,#3721,.F.);
#4746=ORIENTED_EDGE('',*,*,#3694,.T.);
#4747=ORIENTED_EDGE('',*,*,#3718,.F.);
#4748=ORIENTED_EDGE('',*,*,#3682,.T.);
#4749=ORIENTED_EDGE('',*,*,#3716,.F.);
#4750=ORIENTED_EDGE('',*,*,#3678,.T.);
#4751=ORIENTED_EDGE('',*,*,#3715,.T.);
#4752=ORIENTED_EDGE('',*,*,#3686,.T.);
#4753=ORIENTED_EDGE('',*,*,#3712,.T.);
#4754=ORIENTED_EDGE('',*,*,#3656,.F.);
#4755=ORIENTED_EDGE('',*,*,#3711,.T.);
#4756=ORIENTED_EDGE('',*,*,#3709,.T.);
#4757=ORIENTED_EDGE('',*,*,#3731,.F.);
#4758=ORIENTED_EDGE('',*,*,#3705,.T.);
#4759=ORIENTED_EDGE('',*,*,#3729,.F.);
#4760=ORIENTED_EDGE('',*,*,#3690,.T.);
#4761=ORIENTED_EDGE('',*,*,#3726,.T.);
#4762=ORIENTED_EDGE('',*,*,#3674,.T.);
#4763=ORIENTED_EDGE('',*,*,#3724,.T.);
#4764=ORIENTED_EDGE('',*,*,#3670,.T.);
#4765=ORIENTED_EDGE('',*,*,#3653,.F.);
#4766=ORIENTED_EDGE('',*,*,#3651,.F.);
#4767=ORIENTED_EDGE('',*,*,#3649,.F.);
#4768=ORIENTED_EDGE('',*,*,#3722,.T.);
#4769=ORIENTED_EDGE('',*,*,#3672,.F.);
#4770=ORIENTED_EDGE('',*,*,#3725,.F.);
#4771=ORIENTED_EDGE('',*,*,#3676,.F.);
#4772=ORIENTED_EDGE('',*,*,#3727,.F.);
#4773=ORIENTED_EDGE('',*,*,#3692,.F.);
#4774=ORIENTED_EDGE('',*,*,#3728,.T.);
#4775=ORIENTED_EDGE('',*,*,#3703,.F.);
#4776=ORIENTED_EDGE('',*,*,#3730,.T.);
#4777=ORIENTED_EDGE('',*,*,#3707,.F.);
#4778=ORIENTED_EDGE('',*,*,#3710,.F.);
#4779=ORIENTED_EDGE('',*,*,#3658,.T.);
#4780=ORIENTED_EDGE('',*,*,#3713,.F.);
#4781=ORIENTED_EDGE('',*,*,#3688,.F.);
#4782=ORIENTED_EDGE('',*,*,#3714,.F.);
#4783=ORIENTED_EDGE('',*,*,#3680,.F.);
#4784=ORIENTED_EDGE('',*,*,#3717,.T.);
#4785=ORIENTED_EDGE('',*,*,#3684,.F.);
#4786=ORIENTED_EDGE('',*,*,#3719,.T.);
#4787=ORIENTED_EDGE('',*,*,#3696,.F.);
#4788=ORIENTED_EDGE('',*,*,#3720,.T.);
#4789=ORIENTED_EDGE('',*,*,#3700,.F.);
#4790=ORIENTED_EDGE('',*,*,#3655,.T.);
#4791=ORIENTED_EDGE('',*,*,#3732,.T.);
#4792=ORIENTED_EDGE('',*,*,#3733,.T.);
#4793=ORIENTED_EDGE('',*,*,#3734,.F.);
#4794=ORIENTED_EDGE('',*,*,#3733,.F.);
#4795=ORIENTED_EDGE('',*,*,#3735,.T.);
#4796=ORIENTED_EDGE('',*,*,#3736,.T.);
#4797=ORIENTED_EDGE('',*,*,#3737,.F.);
#4798=ORIENTED_EDGE('',*,*,#3738,.F.);
#4799=ORIENTED_EDGE('',*,*,#3739,.F.);
#4800=ORIENTED_EDGE('',*,*,#3740,.F.);
#4801=ORIENTED_EDGE('',*,*,#3741,.T.);
#4802=ORIENTED_EDGE('',*,*,#3742,.T.);
#4803=ORIENTED_EDGE('',*,*,#3743,.F.);
#4804=ORIENTED_EDGE('',*,*,#3744,.T.);
#4805=ORIENTED_EDGE('',*,*,#3745,.T.);
#4806=ORIENTED_EDGE('',*,*,#3740,.T.);
#4807=ORIENTED_EDGE('',*,*,#3746,.F.);
#4808=ORIENTED_EDGE('',*,*,#3747,.T.);
#4809=ORIENTED_EDGE('',*,*,#3748,.T.);
#4810=ORIENTED_EDGE('',*,*,#3749,.T.);
#4811=ORIENTED_EDGE('',*,*,#3750,.F.);
#4812=ORIENTED_EDGE('',*,*,#3751,.T.);
#4813=ORIENTED_EDGE('',*,*,#3752,.T.);
#4814=ORIENTED_EDGE('',*,*,#3753,.T.);
#4815=ORIENTED_EDGE('',*,*,#3754,.F.);
#4816=ORIENTED_EDGE('',*,*,#3755,.T.);
#4817=ORIENTED_EDGE('',*,*,#3756,.T.);
#4818=ORIENTED_EDGE('',*,*,#3757,.T.);
#4819=ORIENTED_EDGE('',*,*,#3758,.F.);
#4820=ORIENTED_EDGE('',*,*,#3759,.T.);
#4821=ORIENTED_EDGE('',*,*,#3760,.T.);
#4822=ORIENTED_EDGE('',*,*,#3761,.T.);
#4823=ORIENTED_EDGE('',*,*,#3762,.F.);
#4824=ORIENTED_EDGE('',*,*,#3763,.T.);
#4825=ORIENTED_EDGE('',*,*,#3764,.T.);
#4826=ORIENTED_EDGE('',*,*,#3765,.T.);
#4827=ORIENTED_EDGE('',*,*,#3766,.F.);
#4828=ORIENTED_EDGE('',*,*,#3767,.T.);
#4829=ORIENTED_EDGE('',*,*,#3768,.T.);
#4830=ORIENTED_EDGE('',*,*,#3736,.F.);
#4831=ORIENTED_EDGE('',*,*,#3769,.T.);
#4832=ORIENTED_EDGE('',*,*,#3770,.F.);
#4833=ORIENTED_EDGE('',*,*,#3771,.F.);
#4834=ORIENTED_EDGE('',*,*,#3738,.T.);
#4835=ORIENTED_EDGE('',*,*,#3772,.T.);
#4836=ORIENTED_EDGE('',*,*,#3773,.F.);
#4837=ORIENTED_EDGE('',*,*,#3774,.F.);
#4838=ORIENTED_EDGE('',*,*,#3770,.T.);
#4839=ORIENTED_EDGE('',*,*,#3775,.F.);
#4840=ORIENTED_EDGE('',*,*,#3742,.F.);
#4841=ORIENTED_EDGE('',*,*,#3776,.T.);
#4842=ORIENTED_EDGE('',*,*,#3773,.T.);
#4843=ORIENTED_EDGE('',*,*,#3760,.F.);
#4844=ORIENTED_EDGE('',*,*,#3777,.T.);
#4845=ORIENTED_EDGE('',*,*,#3762,.T.);
#4846=ORIENTED_EDGE('',*,*,#3778,.T.);
#4847=ORIENTED_EDGE('',*,*,#3766,.T.);
#4848=ORIENTED_EDGE('',*,*,#3735,.F.);
#4849=ORIENTED_EDGE('',*,*,#3771,.T.);
#4850=ORIENTED_EDGE('',*,*,#3774,.T.);
#4851=ORIENTED_EDGE('',*,*,#3776,.F.);
#4852=ORIENTED_EDGE('',*,*,#3741,.F.);
#4853=ORIENTED_EDGE('',*,*,#3745,.F.);
#4854=ORIENTED_EDGE('',*,*,#3779,.T.);
#4855=ORIENTED_EDGE('',*,*,#3746,.T.);
#4856=ORIENTED_EDGE('',*,*,#3780,.T.);
#4857=ORIENTED_EDGE('',*,*,#3750,.T.);
#4858=ORIENTED_EDGE('',*,*,#3781,.T.);
#4859=ORIENTED_EDGE('',*,*,#3756,.F.);
#4860=ORIENTED_EDGE('',*,*,#3782,.T.);
#4861=ORIENTED_EDGE('',*,*,#3732,.F.);
#4862=ORIENTED_EDGE('',*,*,#3764,.F.);
#4863=ORIENTED_EDGE('',*,*,#3783,.T.);
#4864=ORIENTED_EDGE('',*,*,#3758,.T.);
#4865=ORIENTED_EDGE('',*,*,#3784,.T.);
#4866=ORIENTED_EDGE('',*,*,#3754,.T.);
#4867=ORIENTED_EDGE('',*,*,#3785,.T.);
#4868=ORIENTED_EDGE('',*,*,#3752,.F.);
#4869=ORIENTED_EDGE('',*,*,#3786,.T.);
#4870=ORIENTED_EDGE('',*,*,#3748,.F.);
#4871=ORIENTED_EDGE('',*,*,#3787,.T.);
#4872=ORIENTED_EDGE('',*,*,#3743,.T.);
#4873=ORIENTED_EDGE('',*,*,#3739,.T.);
#4874=ORIENTED_EDGE('',*,*,#3775,.T.);
#4875=ORIENTED_EDGE('',*,*,#3772,.F.);
#4876=ORIENTED_EDGE('',*,*,#3769,.F.);
#4877=ORIENTED_EDGE('',*,*,#3737,.T.);
#4878=ORIENTED_EDGE('',*,*,#3768,.F.);
#4879=ORIENTED_EDGE('',*,*,#3788,.T.);
#4880=ORIENTED_EDGE('',*,*,#3734,.T.);
#4881=ORIENTED_EDGE('',*,*,#3782,.F.);
#4882=ORIENTED_EDGE('',*,*,#3755,.F.);
#4883=ORIENTED_EDGE('',*,*,#3784,.F.);
#4884=ORIENTED_EDGE('',*,*,#3761,.F.);
#4885=ORIENTED_EDGE('',*,*,#3781,.F.);
#4886=ORIENTED_EDGE('',*,*,#3753,.F.);
#4887=ORIENTED_EDGE('',*,*,#3785,.F.);
#4888=ORIENTED_EDGE('',*,*,#3757,.F.);
#4889=ORIENTED_EDGE('',*,*,#3777,.F.);
#4890=ORIENTED_EDGE('',*,*,#3759,.F.);
#4891=ORIENTED_EDGE('',*,*,#3783,.F.);
#4892=ORIENTED_EDGE('',*,*,#3763,.F.);
#4893=ORIENTED_EDGE('',*,*,#3778,.F.);
#4894=ORIENTED_EDGE('',*,*,#3765,.F.);
#4895=ORIENTED_EDGE('',*,*,#3788,.F.);
#4896=ORIENTED_EDGE('',*,*,#3767,.F.);
#4897=ORIENTED_EDGE('',*,*,#3779,.F.);
#4898=ORIENTED_EDGE('',*,*,#3744,.F.);
#4899=ORIENTED_EDGE('',*,*,#3787,.F.);
#4900=ORIENTED_EDGE('',*,*,#3747,.F.);
#4901=ORIENTED_EDGE('',*,*,#3780,.F.);
#4902=ORIENTED_EDGE('',*,*,#3749,.F.);
#4903=ORIENTED_EDGE('',*,*,#3786,.F.);
#4904=ORIENTED_EDGE('',*,*,#3751,.F.);
#4905=ORIENTED_EDGE('',*,*,#3789,.F.);
#4906=ORIENTED_EDGE('',*,*,#3790,.F.);
#4907=ORIENTED_EDGE('',*,*,#3791,.F.);
#4908=ORIENTED_EDGE('',*,*,#3792,.F.);
#4909=ORIENTED_EDGE('',*,*,#3793,.F.);
#4910=ORIENTED_EDGE('',*,*,#3794,.F.);
#4911=ORIENTED_EDGE('',*,*,#3795,.F.);
#4912=ORIENTED_EDGE('',*,*,#3796,.F.);
#4913=ORIENTED_EDGE('',*,*,#3797,.F.);
#4914=ORIENTED_EDGE('',*,*,#3798,.F.);
#4915=ORIENTED_EDGE('',*,*,#3799,.F.);
#4916=ORIENTED_EDGE('',*,*,#3800,.F.);
#4917=ORIENTED_EDGE('',*,*,#3801,.F.);
#4918=ORIENTED_EDGE('',*,*,#3802,.T.);
#4919=ORIENTED_EDGE('',*,*,#3803,.F.);
#4920=ORIENTED_EDGE('',*,*,#3802,.F.);
#4921=ORIENTED_EDGE('',*,*,#3803,.T.);
#4922=ORIENTED_EDGE('',*,*,#3789,.T.);
#4923=ORIENTED_EDGE('',*,*,#3801,.T.);
#4924=ORIENTED_EDGE('',*,*,#3804,.T.);
#4925=ORIENTED_EDGE('',*,*,#3805,.T.);
#4926=ORIENTED_EDGE('',*,*,#3806,.F.);
#4927=ORIENTED_EDGE('',*,*,#3800,.T.);
#4928=ORIENTED_EDGE('',*,*,#3807,.T.);
#4929=ORIENTED_EDGE('',*,*,#3808,.T.);
#4930=ORIENTED_EDGE('',*,*,#3804,.F.);
#4931=ORIENTED_EDGE('',*,*,#3799,.T.);
#4932=ORIENTED_EDGE('',*,*,#3809,.T.);
#4933=ORIENTED_EDGE('',*,*,#3810,.T.);
#4934=ORIENTED_EDGE('',*,*,#3807,.F.);
#4935=ORIENTED_EDGE('',*,*,#3798,.T.);
#4936=ORIENTED_EDGE('',*,*,#3811,.T.);
#4937=ORIENTED_EDGE('',*,*,#3812,.T.);
#4938=ORIENTED_EDGE('',*,*,#3809,.F.);
#4939=ORIENTED_EDGE('',*,*,#3797,.T.);
#4940=ORIENTED_EDGE('',*,*,#3813,.T.);
#4941=ORIENTED_EDGE('',*,*,#3814,.T.);
#4942=ORIENTED_EDGE('',*,*,#3811,.F.);
#4943=ORIENTED_EDGE('',*,*,#3796,.T.);
#4944=ORIENTED_EDGE('',*,*,#3815,.T.);
#4945=ORIENTED_EDGE('',*,*,#3816,.T.);
#4946=ORIENTED_EDGE('',*,*,#3813,.F.);
#4947=ORIENTED_EDGE('',*,*,#3795,.T.);
#4948=ORIENTED_EDGE('',*,*,#3817,.T.);
#4949=ORIENTED_EDGE('',*,*,#3818,.T.);
#4950=ORIENTED_EDGE('',*,*,#3815,.F.);
#4951=ORIENTED_EDGE('',*,*,#3794,.T.);
#4952=ORIENTED_EDGE('',*,*,#3819,.T.);
#4953=ORIENTED_EDGE('',*,*,#3820,.T.);
#4954=ORIENTED_EDGE('',*,*,#3817,.F.);
#4955=ORIENTED_EDGE('',*,*,#3793,.T.);
#4956=ORIENTED_EDGE('',*,*,#3821,.T.);
#4957=ORIENTED_EDGE('',*,*,#3822,.T.);
#4958=ORIENTED_EDGE('',*,*,#3819,.F.);
#4959=ORIENTED_EDGE('',*,*,#3792,.T.);
#4960=ORIENTED_EDGE('',*,*,#3823,.T.);
#4961=ORIENTED_EDGE('',*,*,#3824,.T.);
#4962=ORIENTED_EDGE('',*,*,#3821,.F.);
#4963=ORIENTED_EDGE('',*,*,#3791,.T.);
#4964=ORIENTED_EDGE('',*,*,#3825,.T.);
#4965=ORIENTED_EDGE('',*,*,#3826,.T.);
#4966=ORIENTED_EDGE('',*,*,#3823,.F.);
#4967=ORIENTED_EDGE('',*,*,#3790,.T.);
#4968=ORIENTED_EDGE('',*,*,#3806,.T.);
#4969=ORIENTED_EDGE('',*,*,#3827,.T.);
#4970=ORIENTED_EDGE('',*,*,#3825,.F.);
#4971=ORIENTED_EDGE('',*,*,#3805,.F.);
#4972=ORIENTED_EDGE('',*,*,#3808,.F.);
#4973=ORIENTED_EDGE('',*,*,#3810,.F.);
#4974=ORIENTED_EDGE('',*,*,#3812,.F.);
#4975=ORIENTED_EDGE('',*,*,#3814,.F.);
#4976=ORIENTED_EDGE('',*,*,#3816,.F.);
#4977=ORIENTED_EDGE('',*,*,#3818,.F.);
#4978=ORIENTED_EDGE('',*,*,#3820,.F.);
#4979=ORIENTED_EDGE('',*,*,#3822,.F.);
#4980=ORIENTED_EDGE('',*,*,#3824,.F.);
#4981=ORIENTED_EDGE('',*,*,#3826,.F.);
#4982=ORIENTED_EDGE('',*,*,#3827,.F.);
#4983=ORIENTED_EDGE('',*,*,#3828,.F.);
#4984=ORIENTED_EDGE('',*,*,#3829,.F.);
#4985=ORIENTED_EDGE('',*,*,#3830,.F.);
#4986=ORIENTED_EDGE('',*,*,#3831,.F.);
#4987=ORIENTED_EDGE('',*,*,#3832,.F.);
#4988=ORIENTED_EDGE('',*,*,#3833,.F.);
#4989=ORIENTED_EDGE('',*,*,#3834,.F.);
#4990=ORIENTED_EDGE('',*,*,#3835,.F.);
#4991=ORIENTED_EDGE('',*,*,#3836,.F.);
#4992=ORIENTED_EDGE('',*,*,#3837,.F.);
#4993=ORIENTED_EDGE('',*,*,#3838,.F.);
#4994=ORIENTED_EDGE('',*,*,#3839,.F.);
#4995=ORIENTED_EDGE('',*,*,#3840,.F.);
#4996=ORIENTED_EDGE('',*,*,#3841,.T.);
#4997=ORIENTED_EDGE('',*,*,#3842,.T.);
#4998=ORIENTED_EDGE('',*,*,#3841,.F.);
#4999=ORIENTED_EDGE('',*,*,#3842,.F.);
#5000=ORIENTED_EDGE('',*,*,#3834,.T.);
#5001=ORIENTED_EDGE('',*,*,#3843,.T.);
#5002=ORIENTED_EDGE('',*,*,#3844,.F.);
#5003=ORIENTED_EDGE('',*,*,#3845,.F.);
#5004=ORIENTED_EDGE('',*,*,#3833,.T.);
#5005=ORIENTED_EDGE('',*,*,#3846,.T.);
#5006=ORIENTED_EDGE('',*,*,#3847,.F.);
#5007=ORIENTED_EDGE('',*,*,#3843,.F.);
#5008=ORIENTED_EDGE('',*,*,#3832,.T.);
#5009=ORIENTED_EDGE('',*,*,#3848,.T.);
#5010=ORIENTED_EDGE('',*,*,#3849,.F.);
#5011=ORIENTED_EDGE('',*,*,#3846,.F.);
#5012=ORIENTED_EDGE('',*,*,#3831,.T.);
#5013=ORIENTED_EDGE('',*,*,#3850,.T.);
#5014=ORIENTED_EDGE('',*,*,#3851,.F.);
#5015=ORIENTED_EDGE('',*,*,#3848,.F.);
#5016=ORIENTED_EDGE('',*,*,#3830,.T.);
#5017=ORIENTED_EDGE('',*,*,#3852,.T.);
#5018=ORIENTED_EDGE('',*,*,#3853,.F.);
#5019=ORIENTED_EDGE('',*,*,#3850,.F.);
#5020=ORIENTED_EDGE('',*,*,#3829,.T.);
#5021=ORIENTED_EDGE('',*,*,#3854,.T.);
#5022=ORIENTED_EDGE('',*,*,#3855,.F.);
#5023=ORIENTED_EDGE('',*,*,#3852,.F.);
#5024=ORIENTED_EDGE('',*,*,#3828,.T.);
#5025=ORIENTED_EDGE('',*,*,#3840,.T.);
#5026=ORIENTED_EDGE('',*,*,#3856,.T.);
#5027=ORIENTED_EDGE('',*,*,#3857,.F.);
#5028=ORIENTED_EDGE('',*,*,#3854,.F.);
#5029=ORIENTED_EDGE('',*,*,#3839,.T.);
#5030=ORIENTED_EDGE('',*,*,#3858,.T.);
#5031=ORIENTED_EDGE('',*,*,#3859,.F.);
#5032=ORIENTED_EDGE('',*,*,#3856,.F.);
#5033=ORIENTED_EDGE('',*,*,#3838,.T.);
#5034=ORIENTED_EDGE('',*,*,#3860,.T.);
#5035=ORIENTED_EDGE('',*,*,#3861,.F.);
#5036=ORIENTED_EDGE('',*,*,#3858,.F.);
#5037=ORIENTED_EDGE('',*,*,#3837,.T.);
#5038=ORIENTED_EDGE('',*,*,#3862,.T.);
#5039=ORIENTED_EDGE('',*,*,#3863,.F.);
#5040=ORIENTED_EDGE('',*,*,#3860,.F.);
#5041=ORIENTED_EDGE('',*,*,#3836,.T.);
#5042=ORIENTED_EDGE('',*,*,#3864,.T.);
#5043=ORIENTED_EDGE('',*,*,#3865,.F.);
#5044=ORIENTED_EDGE('',*,*,#3862,.F.);
#5045=ORIENTED_EDGE('',*,*,#3835,.T.);
#5046=ORIENTED_EDGE('',*,*,#3845,.T.);
#5047=ORIENTED_EDGE('',*,*,#3866,.F.);
#5048=ORIENTED_EDGE('',*,*,#3864,.F.);
#5049=ORIENTED_EDGE('',*,*,#3844,.T.);
#5050=ORIENTED_EDGE('',*,*,#3847,.T.);
#5051=ORIENTED_EDGE('',*,*,#3849,.T.);
#5052=ORIENTED_EDGE('',*,*,#3851,.T.);
#5053=ORIENTED_EDGE('',*,*,#3853,.T.);
#5054=ORIENTED_EDGE('',*,*,#3855,.T.);
#5055=ORIENTED_EDGE('',*,*,#3857,.T.);
#5056=ORIENTED_EDGE('',*,*,#3859,.T.);
#5057=ORIENTED_EDGE('',*,*,#3861,.T.);
#5058=ORIENTED_EDGE('',*,*,#3863,.T.);
#5059=ORIENTED_EDGE('',*,*,#3865,.T.);
#5060=ORIENTED_EDGE('',*,*,#3866,.T.);
#5061=ORIENTED_EDGE('',*,*,#3867,.F.);
#5062=ORIENTED_EDGE('',*,*,#3868,.T.);
#5063=ORIENTED_EDGE('',*,*,#3869,.T.);
#5064=ORIENTED_EDGE('',*,*,#3870,.F.);
#5065=ORIENTED_EDGE('',*,*,#3871,.F.);
#5066=ORIENTED_EDGE('',*,*,#3872,.F.);
#5067=ORIENTED_EDGE('',*,*,#3873,.F.);
#5068=ORIENTED_EDGE('',*,*,#3874,.T.);
#5069=ORIENTED_EDGE('',*,*,#3875,.F.);
#5070=ORIENTED_EDGE('',*,*,#3876,.F.);
#5071=ORIENTED_EDGE('',*,*,#3877,.F.);
#5072=ORIENTED_EDGE('',*,*,#3878,.T.);
#5073=ORIENTED_EDGE('',*,*,#3879,.F.);
#5074=ORIENTED_EDGE('',*,*,#3880,.T.);
#5075=ORIENTED_EDGE('',*,*,#3881,.T.);
#5076=ORIENTED_EDGE('',*,*,#3880,.F.);
#5077=ORIENTED_EDGE('',*,*,#3882,.F.);
#5078=ORIENTED_EDGE('',*,*,#3883,.T.);
#5079=ORIENTED_EDGE('',*,*,#3884,.F.);
#5080=ORIENTED_EDGE('',*,*,#3883,.F.);
#5081=ORIENTED_EDGE('',*,*,#3885,.T.);
#5082=ORIENTED_EDGE('',*,*,#3886,.T.);
#5083=ORIENTED_EDGE('',*,*,#3887,.F.);
#5084=ORIENTED_EDGE('',*,*,#3886,.F.);
#5085=ORIENTED_EDGE('',*,*,#3888,.T.);
#5086=ORIENTED_EDGE('',*,*,#3889,.F.);
#5087=ORIENTED_EDGE('',*,*,#3890,.F.);
#5088=ORIENTED_EDGE('',*,*,#3891,.T.);
#5089=ORIENTED_EDGE('',*,*,#3892,.T.);
#5090=ORIENTED_EDGE('',*,*,#3893,.F.);
#5091=ORIENTED_EDGE('',*,*,#3894,.F.);
#5092=ORIENTED_EDGE('',*,*,#3895,.T.);
#5093=ORIENTED_EDGE('',*,*,#3871,.T.);
#5094=ORIENTED_EDGE('',*,*,#3879,.T.);
#5095=ORIENTED_EDGE('',*,*,#3896,.T.);
#5096=ORIENTED_EDGE('',*,*,#3897,.T.);
#5097=ORIENTED_EDGE('',*,*,#3898,.T.);
#5098=ORIENTED_EDGE('',*,*,#3899,.T.);
#5099=ORIENTED_EDGE('',*,*,#3900,.T.);
#5100=ORIENTED_EDGE('',*,*,#3901,.F.);
#5101=ORIENTED_EDGE('',*,*,#3902,.T.);
#5102=ORIENTED_EDGE('',*,*,#3903,.F.);
#5103=ORIENTED_EDGE('',*,*,#3904,.F.);
#5104=ORIENTED_EDGE('',*,*,#3905,.F.);
#5105=ORIENTED_EDGE('',*,*,#3906,.T.);
#5106=ORIENTED_EDGE('',*,*,#3907,.F.);
#5107=ORIENTED_EDGE('',*,*,#3908,.T.);
#5108=ORIENTED_EDGE('',*,*,#3909,.T.);
#5109=ORIENTED_EDGE('',*,*,#3910,.T.);
#5110=ORIENTED_EDGE('',*,*,#3897,.F.);
#5111=ORIENTED_EDGE('',*,*,#3911,.F.);
#5112=ORIENTED_EDGE('',*,*,#3875,.T.);
#5113=ORIENTED_EDGE('',*,*,#3912,.T.);
#5114=ORIENTED_EDGE('',*,*,#3892,.F.);
#5115=ORIENTED_EDGE('',*,*,#3913,.T.);
#5116=ORIENTED_EDGE('',*,*,#3914,.F.);
#5117=ORIENTED_EDGE('',*,*,#3869,.F.);
#5118=ORIENTED_EDGE('',*,*,#3915,.T.);
#5119=ORIENTED_EDGE('',*,*,#3916,.T.);
#5120=ORIENTED_EDGE('',*,*,#3917,.T.);
#5121=ORIENTED_EDGE('',*,*,#3918,.T.);
#5122=ORIENTED_EDGE('',*,*,#3919,.T.);
#5123=ORIENTED_EDGE('',*,*,#3920,.T.);
#5124=ORIENTED_EDGE('',*,*,#3921,.T.);
#5125=ORIENTED_EDGE('',*,*,#3922,.T.);
#5126=ORIENTED_EDGE('',*,*,#3923,.F.);
#5127=ORIENTED_EDGE('',*,*,#3924,.T.);
#5128=ORIENTED_EDGE('',*,*,#3925,.T.);
#5129=ORIENTED_EDGE('',*,*,#3926,.T.);
#5130=ORIENTED_EDGE('',*,*,#3927,.F.);
#5131=ORIENTED_EDGE('',*,*,#3928,.F.);
#5132=ORIENTED_EDGE('',*,*,#3929,.T.);
#5133=ORIENTED_EDGE('',*,*,#3930,.F.);
#5134=ORIENTED_EDGE('',*,*,#3931,.F.);
#5135=ORIENTED_EDGE('',*,*,#3932,.F.);
#5136=ORIENTED_EDGE('',*,*,#3933,.F.);
#5137=ORIENTED_EDGE('',*,*,#3934,.T.);
#5138=ORIENTED_EDGE('',*,*,#3907,.T.);
#5139=ORIENTED_EDGE('',*,*,#3935,.F.);
#5140=ORIENTED_EDGE('',*,*,#3936,.F.);
#5141=ORIENTED_EDGE('',*,*,#3937,.T.);
#5142=ORIENTED_EDGE('',*,*,#3938,.T.);
#5143=ORIENTED_EDGE('',*,*,#3939,.F.);
#5144=ORIENTED_EDGE('',*,*,#3940,.F.);
#5145=ORIENTED_EDGE('',*,*,#3941,.T.);
#5146=ORIENTED_EDGE('',*,*,#3942,.F.);
#5147=ORIENTED_EDGE('',*,*,#3943,.T.);
#5148=ORIENTED_EDGE('',*,*,#3944,.T.);
#5149=ORIENTED_EDGE('',*,*,#3945,.T.);
#5150=ORIENTED_EDGE('',*,*,#3917,.F.);
#5151=ORIENTED_EDGE('',*,*,#3946,.F.);
#5152=ORIENTED_EDGE('',*,*,#3888,.F.);
#5153=ORIENTED_EDGE('',*,*,#3885,.F.);
#5154=ORIENTED_EDGE('',*,*,#3947,.F.);
#5155=ORIENTED_EDGE('',*,*,#3948,.F.);
#5156=ORIENTED_EDGE('',*,*,#3949,.F.);
#5157=ORIENTED_EDGE('',*,*,#3950,.T.);
#5158=ORIENTED_EDGE('',*,*,#3951,.F.);
#5159=ORIENTED_EDGE('',*,*,#3952,.T.);
#5160=ORIENTED_EDGE('',*,*,#3942,.T.);
#5161=ORIENTED_EDGE('',*,*,#3953,.F.);
#5162=ORIENTED_EDGE('',*,*,#3954,.F.);
#5163=ORIENTED_EDGE('',*,*,#3927,.T.);
#5164=ORIENTED_EDGE('',*,*,#3955,.T.);
#5165=ORIENTED_EDGE('',*,*,#3956,.F.);
#5166=ORIENTED_EDGE('',*,*,#3957,.F.);
#5167=ORIENTED_EDGE('',*,*,#3928,.T.);
#5168=ORIENTED_EDGE('',*,*,#3954,.T.);
#5169=ORIENTED_EDGE('',*,*,#3958,.T.);
#5170=ORIENTED_EDGE('',*,*,#3959,.F.);
#5171=ORIENTED_EDGE('',*,*,#3929,.F.);
#5172=ORIENTED_EDGE('',*,*,#3957,.T.);
#5173=ORIENTED_EDGE('',*,*,#3960,.F.);
#5174=ORIENTED_EDGE('',*,*,#3961,.F.);
#5175=ORIENTED_EDGE('',*,*,#3930,.T.);
#5176=ORIENTED_EDGE('',*,*,#3959,.T.);
#5177=ORIENTED_EDGE('',*,*,#3962,.F.);
#5178=ORIENTED_EDGE('',*,*,#3963,.F.);
#5179=ORIENTED_EDGE('',*,*,#3931,.T.);
#5180=ORIENTED_EDGE('',*,*,#3961,.T.);
#5181=ORIENTED_EDGE('',*,*,#3964,.F.);
#5182=ORIENTED_EDGE('',*,*,#3965,.F.);
#5183=ORIENTED_EDGE('',*,*,#3932,.T.);
#5184=ORIENTED_EDGE('',*,*,#3963,.T.);
#5185=ORIENTED_EDGE('',*,*,#3966,.F.);
#5186=ORIENTED_EDGE('',*,*,#3967,.T.);
#5187=ORIENTED_EDGE('',*,*,#3933,.T.);
#5188=ORIENTED_EDGE('',*,*,#3965,.T.);
#5189=ORIENTED_EDGE('',*,*,#3899,.F.);
#5190=ORIENTED_EDGE('',*,*,#3968,.T.);
#5191=ORIENTED_EDGE('',*,*,#3969,.T.);
#5192=ORIENTED_EDGE('',*,*,#3970,.T.);
#5193=ORIENTED_EDGE('',*,*,#3971,.F.);
#5194=ORIENTED_EDGE('',*,*,#3972,.F.);
#5195=ORIENTED_EDGE('',*,*,#3973,.T.);
#5196=ORIENTED_EDGE('',*,*,#3901,.T.);
#5197=ORIENTED_EDGE('',*,*,#3974,.T.);
#5198=ORIENTED_EDGE('',*,*,#3975,.F.);
#5199=ORIENTED_EDGE('',*,*,#3976,.T.);
#5200=ORIENTED_EDGE('',*,*,#3949,.T.);
#5201=ORIENTED_EDGE('',*,*,#3977,.F.);
#5202=ORIENTED_EDGE('',*,*,#3978,.T.);
#5203=ORIENTED_EDGE('',*,*,#3951,.T.);
#5204=ORIENTED_EDGE('',*,*,#3979,.T.);
#5205=ORIENTED_EDGE('',*,*,#3919,.F.);
#5206=ORIENTED_EDGE('',*,*,#3980,.T.);
#5207=ORIENTED_EDGE('',*,*,#3981,.T.);
#5208=ORIENTED_EDGE('',*,*,#3982,.F.);
#5209=ORIENTED_EDGE('',*,*,#3983,.T.);
#5210=ORIENTED_EDGE('',*,*,#3984,.F.);
#5211=ORIENTED_EDGE('',*,*,#3920,.F.);
#5212=ORIENTED_EDGE('',*,*,#3982,.T.);
#5213=ORIENTED_EDGE('',*,*,#3985,.T.);
#5214=ORIENTED_EDGE('',*,*,#3986,.F.);
#5215=ORIENTED_EDGE('',*,*,#3921,.F.);
#5216=ORIENTED_EDGE('',*,*,#3984,.T.);
#5217=ORIENTED_EDGE('',*,*,#3987,.T.);
#5218=ORIENTED_EDGE('',*,*,#3988,.F.);
#5219=ORIENTED_EDGE('',*,*,#3922,.F.);
#5220=ORIENTED_EDGE('',*,*,#3986,.T.);
#5221=ORIENTED_EDGE('',*,*,#3989,.F.);
#5222=ORIENTED_EDGE('',*,*,#3990,.F.);
#5223=ORIENTED_EDGE('',*,*,#3923,.T.);
#5224=ORIENTED_EDGE('',*,*,#3988,.T.);
#5225=ORIENTED_EDGE('',*,*,#3991,.T.);
#5226=ORIENTED_EDGE('',*,*,#3992,.F.);
#5227=ORIENTED_EDGE('',*,*,#3924,.F.);
#5228=ORIENTED_EDGE('',*,*,#3990,.T.);
#5229=ORIENTED_EDGE('',*,*,#3993,.T.);
#5230=ORIENTED_EDGE('',*,*,#3994,.F.);
#5231=ORIENTED_EDGE('',*,*,#3925,.F.);
#5232=ORIENTED_EDGE('',*,*,#3992,.T.);
#5233=ORIENTED_EDGE('',*,*,#3995,.T.);
#5234=ORIENTED_EDGE('',*,*,#3955,.F.);
#5235=ORIENTED_EDGE('',*,*,#3926,.F.);
#5236=ORIENTED_EDGE('',*,*,#3994,.T.);
#5237=ORIENTED_EDGE('',*,*,#3909,.F.);
#5238=ORIENTED_EDGE('',*,*,#3996,.T.);
#5239=ORIENTED_EDGE('',*,*,#3966,.T.);
#5240=ORIENTED_EDGE('',*,*,#3964,.T.);
#5241=ORIENTED_EDGE('',*,*,#3962,.T.);
#5242=ORIENTED_EDGE('',*,*,#3960,.T.);
#5243=ORIENTED_EDGE('',*,*,#3958,.F.);
#5244=ORIENTED_EDGE('',*,*,#3956,.T.);
#5245=ORIENTED_EDGE('',*,*,#3953,.T.);
#5246=ORIENTED_EDGE('',*,*,#3995,.F.);
#5247=ORIENTED_EDGE('',*,*,#3993,.F.);
#5248=ORIENTED_EDGE('',*,*,#3991,.F.);
#5249=ORIENTED_EDGE('',*,*,#3989,.T.);
#5250=ORIENTED_EDGE('',*,*,#3987,.F.);
#5251=ORIENTED_EDGE('',*,*,#3985,.F.);
#5252=ORIENTED_EDGE('',*,*,#3983,.F.);
#5253=ORIENTED_EDGE('',*,*,#3981,.F.);
#5254=ORIENTED_EDGE('',*,*,#3997,.T.);
#5255=ORIENTED_EDGE('',*,*,#3944,.F.);
#5256=ORIENTED_EDGE('',*,*,#3998,.T.);
#5257=ORIENTED_EDGE('',*,*,#3977,.T.);
#5258=ORIENTED_EDGE('',*,*,#3999,.T.);
#5259=ORIENTED_EDGE('',*,*,#3975,.T.);
#5260=ORIENTED_EDGE('',*,*,#4000,.T.);
#5261=ORIENTED_EDGE('',*,*,#3969,.F.);
#5262=ORIENTED_EDGE('',*,*,#4001,.T.);
#5263=ORIENTED_EDGE('',*,*,#3884,.T.);
#5264=ORIENTED_EDGE('',*,*,#3887,.T.);
#5265=ORIENTED_EDGE('',*,*,#3881,.F.);
#5266=ORIENTED_EDGE('',*,*,#3900,.F.);
#5267=ORIENTED_EDGE('',*,*,#3970,.F.);
#5268=ORIENTED_EDGE('',*,*,#4000,.F.);
#5269=ORIENTED_EDGE('',*,*,#3974,.F.);
#5270=ORIENTED_EDGE('',*,*,#3950,.F.);
#5271=ORIENTED_EDGE('',*,*,#3976,.F.);
#5272=ORIENTED_EDGE('',*,*,#3999,.F.);
#5273=ORIENTED_EDGE('',*,*,#3979,.F.);
#5274=ORIENTED_EDGE('',*,*,#3934,.F.);
#5275=ORIENTED_EDGE('',*,*,#3967,.F.);
#5276=ORIENTED_EDGE('',*,*,#3996,.F.);
#5277=ORIENTED_EDGE('',*,*,#3908,.F.);
#5278=ORIENTED_EDGE('',*,*,#3898,.F.);
#5279=ORIENTED_EDGE('',*,*,#3910,.F.);
#5280=ORIENTED_EDGE('',*,*,#4001,.F.);
#5281=ORIENTED_EDGE('',*,*,#3968,.F.);
#5282=ORIENTED_EDGE('',*,*,#3918,.F.);
#5283=ORIENTED_EDGE('',*,*,#3945,.F.);
#5284=ORIENTED_EDGE('',*,*,#3997,.F.);
#5285=ORIENTED_EDGE('',*,*,#3980,.F.);
#5286=ORIENTED_EDGE('',*,*,#3952,.F.);
#5287=ORIENTED_EDGE('',*,*,#3978,.F.);
#5288=ORIENTED_EDGE('',*,*,#3998,.F.);
#5289=ORIENTED_EDGE('',*,*,#3943,.F.);
#5290=ORIENTED_EDGE('',*,*,#3948,.T.);
#5291=ORIENTED_EDGE('',*,*,#4002,.F.);
#5292=ORIENTED_EDGE('',*,*,#4003,.F.);
#5293=ORIENTED_EDGE('',*,*,#3971,.T.);
#5294=ORIENTED_EDGE('',*,*,#3902,.F.);
#5295=ORIENTED_EDGE('',*,*,#3973,.F.);
#5296=ORIENTED_EDGE('',*,*,#4004,.T.);
#5297=ORIENTED_EDGE('',*,*,#4005,.T.);
#5298=ORIENTED_EDGE('',*,*,#3903,.T.);
#5299=ORIENTED_EDGE('',*,*,#4005,.F.);
#5300=ORIENTED_EDGE('',*,*,#4006,.F.);
#5301=ORIENTED_EDGE('',*,*,#3872,.T.);
#5302=ORIENTED_EDGE('',*,*,#3912,.F.);
#5303=ORIENTED_EDGE('',*,*,#3874,.F.);
#5304=ORIENTED_EDGE('',*,*,#4007,.T.);
#5305=ORIENTED_EDGE('',*,*,#3893,.T.);
#5306=ORIENTED_EDGE('',*,*,#3947,.T.);
#5307=ORIENTED_EDGE('',*,*,#3895,.F.);
#5308=ORIENTED_EDGE('',*,*,#4008,.F.);
#5309=ORIENTED_EDGE('',*,*,#4002,.T.);
#5310=ORIENTED_EDGE('',*,*,#4003,.T.);
#5311=ORIENTED_EDGE('',*,*,#4008,.T.);
#5312=ORIENTED_EDGE('',*,*,#3894,.T.);
#5313=ORIENTED_EDGE('',*,*,#4007,.F.);
#5314=ORIENTED_EDGE('',*,*,#3873,.T.);
#5315=ORIENTED_EDGE('',*,*,#4006,.T.);
#5316=ORIENTED_EDGE('',*,*,#4004,.F.);
#5317=ORIENTED_EDGE('',*,*,#3972,.T.);
#5318=ORIENTED_EDGE('',*,*,#3882,.T.);
#5319=ORIENTED_EDGE('',*,*,#3915,.F.);
#5320=ORIENTED_EDGE('',*,*,#3868,.F.);
#5321=ORIENTED_EDGE('',*,*,#4009,.T.);
#5322=ORIENTED_EDGE('',*,*,#4010,.T.);
#5323=ORIENTED_EDGE('',*,*,#3916,.F.);
#5324=ORIENTED_EDGE('',*,*,#4010,.F.);
#5325=ORIENTED_EDGE('',*,*,#4011,.T.);
#5326=ORIENTED_EDGE('',*,*,#3939,.T.);
#5327=ORIENTED_EDGE('',*,*,#3946,.T.);
#5328=ORIENTED_EDGE('',*,*,#3941,.F.);
#5329=ORIENTED_EDGE('',*,*,#4012,.F.);
#5330=ORIENTED_EDGE('',*,*,#3889,.T.);
#5331=ORIENTED_EDGE('',*,*,#3913,.F.);
#5332=ORIENTED_EDGE('',*,*,#3891,.F.);
#5333=ORIENTED_EDGE('',*,*,#4013,.T.);
#5334=ORIENTED_EDGE('',*,*,#4014,.T.);
#5335=ORIENTED_EDGE('',*,*,#3914,.T.);
#5336=ORIENTED_EDGE('',*,*,#4014,.F.);
#5337=ORIENTED_EDGE('',*,*,#4015,.F.);
#5338=ORIENTED_EDGE('',*,*,#3870,.T.);
#5339=ORIENTED_EDGE('',*,*,#4009,.F.);
#5340=ORIENTED_EDGE('',*,*,#3867,.T.);
#5341=ORIENTED_EDGE('',*,*,#4015,.T.);
#5342=ORIENTED_EDGE('',*,*,#4013,.F.);
#5343=ORIENTED_EDGE('',*,*,#3890,.T.);
#5344=ORIENTED_EDGE('',*,*,#4012,.T.);
#5345=ORIENTED_EDGE('',*,*,#3940,.T.);
#5346=ORIENTED_EDGE('',*,*,#4011,.F.);
#5347=ORIENTED_EDGE('',*,*,#3937,.F.);
#5348=ORIENTED_EDGE('',*,*,#4016,.F.);
#5349=ORIENTED_EDGE('',*,*,#4017,.T.);
#5350=ORIENTED_EDGE('',*,*,#4018,.T.);
#5351=ORIENTED_EDGE('',*,*,#3938,.F.);
#5352=ORIENTED_EDGE('',*,*,#4018,.F.);
#5353=ORIENTED_EDGE('',*,*,#4019,.T.);
#5354=ORIENTED_EDGE('',*,*,#4020,.T.);
#5355=ORIENTED_EDGE('',*,*,#3911,.T.);
#5356=ORIENTED_EDGE('',*,*,#4020,.F.);
#5357=ORIENTED_EDGE('',*,*,#4021,.F.);
#5358=ORIENTED_EDGE('',*,*,#3876,.T.);
#5359=ORIENTED_EDGE('',*,*,#3896,.F.);
#5360=ORIENTED_EDGE('',*,*,#3878,.F.);
#5361=ORIENTED_EDGE('',*,*,#4022,.T.);
#5362=ORIENTED_EDGE('',*,*,#3904,.T.);
#5363=ORIENTED_EDGE('',*,*,#3935,.T.);
#5364=ORIENTED_EDGE('',*,*,#3906,.F.);
#5365=ORIENTED_EDGE('',*,*,#4023,.F.);
#5366=ORIENTED_EDGE('',*,*,#4024,.T.);
#5367=ORIENTED_EDGE('',*,*,#3936,.T.);
#5368=ORIENTED_EDGE('',*,*,#4024,.F.);
#5369=ORIENTED_EDGE('',*,*,#4025,.F.);
#5370=ORIENTED_EDGE('',*,*,#4016,.T.);
#5371=ORIENTED_EDGE('',*,*,#4017,.F.);
#5372=ORIENTED_EDGE('',*,*,#4025,.T.);
#5373=ORIENTED_EDGE('',*,*,#4023,.T.);
#5374=ORIENTED_EDGE('',*,*,#3905,.T.);
#5375=ORIENTED_EDGE('',*,*,#4022,.F.);
#5376=ORIENTED_EDGE('',*,*,#3877,.T.);
#5377=ORIENTED_EDGE('',*,*,#4021,.T.);
#5378=ORIENTED_EDGE('',*,*,#4019,.F.);
#5379=ORIENTED_EDGE('',*,*,#4026,.F.);
#5380=ORIENTED_EDGE('',*,*,#4027,.T.);
#5381=ORIENTED_EDGE('',*,*,#4028,.T.);
#5382=ORIENTED_EDGE('',*,*,#4027,.F.);
#5383=ORIENTED_EDGE('',*,*,#4029,.F.);
#5384=ORIENTED_EDGE('',*,*,#4030,.T.);
#5385=ORIENTED_EDGE('',*,*,#4031,.T.);
#5386=ORIENTED_EDGE('',*,*,#4032,.F.);
#5387=ORIENTED_EDGE('',*,*,#4033,.T.);
#5388=ORIENTED_EDGE('',*,*,#4034,.F.);
#5389=ORIENTED_EDGE('',*,*,#4035,.F.);
#5390=ORIENTED_EDGE('',*,*,#4036,.T.);
#5391=ORIENTED_EDGE('',*,*,#4037,.T.);
#5392=ORIENTED_EDGE('',*,*,#4036,.F.);
#5393=ORIENTED_EDGE('',*,*,#4038,.F.);
#5394=ORIENTED_EDGE('',*,*,#4039,.F.);
#5395=ORIENTED_EDGE('',*,*,#4040,.T.);
#5396=ORIENTED_EDGE('',*,*,#4041,.F.);
#5397=ORIENTED_EDGE('',*,*,#4042,.F.);
#5398=ORIENTED_EDGE('',*,*,#4043,.F.);
#5399=ORIENTED_EDGE('',*,*,#4044,.T.);
#5400=ORIENTED_EDGE('',*,*,#4045,.F.);
#5401=ORIENTED_EDGE('',*,*,#4046,.F.);
#5402=ORIENTED_EDGE('',*,*,#4047,.F.);
#5403=ORIENTED_EDGE('',*,*,#4048,.T.);
#5404=ORIENTED_EDGE('',*,*,#4049,.F.);
#5405=ORIENTED_EDGE('',*,*,#4050,.F.);
#5406=ORIENTED_EDGE('',*,*,#4051,.F.);
#5407=ORIENTED_EDGE('',*,*,#4052,.T.);
#5408=ORIENTED_EDGE('',*,*,#4053,.F.);
#5409=ORIENTED_EDGE('',*,*,#4054,.F.);
#5410=ORIENTED_EDGE('',*,*,#4055,.F.);
#5411=ORIENTED_EDGE('',*,*,#4056,.T.);
#5412=ORIENTED_EDGE('',*,*,#4057,.F.);
#5413=ORIENTED_EDGE('',*,*,#4058,.F.);
#5414=ORIENTED_EDGE('',*,*,#4059,.F.);
#5415=ORIENTED_EDGE('',*,*,#4060,.T.);
#5416=ORIENTED_EDGE('',*,*,#4032,.T.);
#5417=ORIENTED_EDGE('',*,*,#4061,.F.);
#5418=ORIENTED_EDGE('',*,*,#4062,.F.);
#5419=ORIENTED_EDGE('',*,*,#4063,.F.);
#5420=ORIENTED_EDGE('',*,*,#4030,.F.);
#5421=ORIENTED_EDGE('',*,*,#4064,.T.);
#5422=ORIENTED_EDGE('',*,*,#4065,.T.);
#5423=ORIENTED_EDGE('',*,*,#4066,.F.);
#5424=ORIENTED_EDGE('',*,*,#4065,.F.);
#5425=ORIENTED_EDGE('',*,*,#4067,.T.);
#5426=ORIENTED_EDGE('',*,*,#4068,.T.);
#5427=ORIENTED_EDGE('',*,*,#4069,.T.);
#5428=ORIENTED_EDGE('',*,*,#4068,.F.);
#5429=ORIENTED_EDGE('',*,*,#4070,.F.);
#5430=ORIENTED_EDGE('',*,*,#4034,.T.);
#5431=ORIENTED_EDGE('',*,*,#4054,.T.);
#5432=ORIENTED_EDGE('',*,*,#4071,.F.);
#5433=ORIENTED_EDGE('',*,*,#4050,.T.);
#5434=ORIENTED_EDGE('',*,*,#4072,.F.);
#5435=ORIENTED_EDGE('',*,*,#4044,.F.);
#5436=ORIENTED_EDGE('',*,*,#4073,.F.);
#5437=ORIENTED_EDGE('',*,*,#4040,.F.);
#5438=ORIENTED_EDGE('',*,*,#4074,.F.);
#5439=ORIENTED_EDGE('',*,*,#4038,.T.);
#5440=ORIENTED_EDGE('',*,*,#4035,.T.);
#5441=ORIENTED_EDGE('',*,*,#4070,.T.);
#5442=ORIENTED_EDGE('',*,*,#4067,.F.);
#5443=ORIENTED_EDGE('',*,*,#4064,.F.);
#5444=ORIENTED_EDGE('',*,*,#4029,.T.);
#5445=ORIENTED_EDGE('',*,*,#4060,.F.);
#5446=ORIENTED_EDGE('',*,*,#4075,.F.);
#5447=ORIENTED_EDGE('',*,*,#4056,.F.);
#5448=ORIENTED_EDGE('',*,*,#4076,.F.);
#5449=ORIENTED_EDGE('',*,*,#4026,.T.);
#5450=ORIENTED_EDGE('',*,*,#4058,.T.);
#5451=ORIENTED_EDGE('',*,*,#4077,.F.);
#5452=ORIENTED_EDGE('',*,*,#4061,.T.);
#5453=ORIENTED_EDGE('',*,*,#4031,.F.);
#5454=ORIENTED_EDGE('',*,*,#4063,.T.);
#5455=ORIENTED_EDGE('',*,*,#4066,.T.);
#5456=ORIENTED_EDGE('',*,*,#4069,.F.);
#5457=ORIENTED_EDGE('',*,*,#4033,.F.);
#5458=ORIENTED_EDGE('',*,*,#4037,.F.);
#5459=ORIENTED_EDGE('',*,*,#4078,.F.);
#5460=ORIENTED_EDGE('',*,*,#4042,.T.);
#5461=ORIENTED_EDGE('',*,*,#4079,.F.);
#5462=ORIENTED_EDGE('',*,*,#4046,.T.);
#5463=ORIENTED_EDGE('',*,*,#4080,.F.);
#5464=ORIENTED_EDGE('',*,*,#4048,.F.);
#5465=ORIENTED_EDGE('',*,*,#4081,.F.);
#5466=ORIENTED_EDGE('',*,*,#4052,.F.);
#5467=ORIENTED_EDGE('',*,*,#4082,.F.);
#5468=ORIENTED_EDGE('',*,*,#4028,.F.);
#5469=ORIENTED_EDGE('',*,*,#4071,.T.);
#5470=ORIENTED_EDGE('',*,*,#4053,.T.);
#5471=ORIENTED_EDGE('',*,*,#4081,.T.);
#5472=ORIENTED_EDGE('',*,*,#4051,.T.);
#5473=ORIENTED_EDGE('',*,*,#4072,.T.);
#5474=ORIENTED_EDGE('',*,*,#4049,.T.);
#5475=ORIENTED_EDGE('',*,*,#4080,.T.);
#5476=ORIENTED_EDGE('',*,*,#4045,.T.);
#5477=ORIENTED_EDGE('',*,*,#4076,.T.);
#5478=ORIENTED_EDGE('',*,*,#4059,.T.);
#5479=ORIENTED_EDGE('',*,*,#4082,.T.);
#5480=ORIENTED_EDGE('',*,*,#4055,.T.);
#5481=ORIENTED_EDGE('',*,*,#4075,.T.);
#5482=ORIENTED_EDGE('',*,*,#4062,.T.);
#5483=ORIENTED_EDGE('',*,*,#4077,.T.);
#5484=ORIENTED_EDGE('',*,*,#4057,.T.);
#5485=ORIENTED_EDGE('',*,*,#4074,.T.);
#5486=ORIENTED_EDGE('',*,*,#4043,.T.);
#5487=ORIENTED_EDGE('',*,*,#4078,.T.);
#5488=ORIENTED_EDGE('',*,*,#4039,.T.);
#5489=ORIENTED_EDGE('',*,*,#4073,.T.);
#5490=ORIENTED_EDGE('',*,*,#4047,.T.);
#5491=ORIENTED_EDGE('',*,*,#4079,.T.);
#5492=ORIENTED_EDGE('',*,*,#4041,.T.);
#5493=ORIENTED_EDGE('',*,*,#4083,.T.);
#5494=ORIENTED_EDGE('',*,*,#4084,.T.);
#5495=ORIENTED_EDGE('',*,*,#4085,.F.);
#5496=ORIENTED_EDGE('',*,*,#4086,.F.);
#5497=ORIENTED_EDGE('',*,*,#4087,.T.);
#5498=ORIENTED_EDGE('',*,*,#4088,.T.);
#5499=ORIENTED_EDGE('',*,*,#4089,.F.);
#5500=ORIENTED_EDGE('',*,*,#4088,.F.);
#5501=ORIENTED_EDGE('',*,*,#4090,.T.);
#5502=ORIENTED_EDGE('',*,*,#4091,.F.);
#5503=ORIENTED_EDGE('',*,*,#4092,.T.);
#5504=ORIENTED_EDGE('',*,*,#4093,.T.);
#5505=ORIENTED_EDGE('',*,*,#4094,.T.);
#5506=ORIENTED_EDGE('',*,*,#4095,.F.);
#5507=ORIENTED_EDGE('',*,*,#4096,.T.);
#5508=ORIENTED_EDGE('',*,*,#4097,.T.);
#5509=ORIENTED_EDGE('',*,*,#4098,.T.);
#5510=ORIENTED_EDGE('',*,*,#4099,.T.);
#5511=ORIENTED_EDGE('',*,*,#4100,.T.);
#5512=ORIENTED_EDGE('',*,*,#4099,.F.);
#5513=ORIENTED_EDGE('',*,*,#4101,.F.);
#5514=ORIENTED_EDGE('',*,*,#4102,.F.);
#5515=ORIENTED_EDGE('',*,*,#4103,.T.);
#5516=ORIENTED_EDGE('',*,*,#4104,.T.);
#5517=ORIENTED_EDGE('',*,*,#4105,.F.);
#5518=ORIENTED_EDGE('',*,*,#4106,.F.);
#5519=ORIENTED_EDGE('',*,*,#4107,.T.);
#5520=ORIENTED_EDGE('',*,*,#4108,.T.);
#5521=ORIENTED_EDGE('',*,*,#4109,.F.);
#5522=ORIENTED_EDGE('',*,*,#4110,.T.);
#5523=ORIENTED_EDGE('',*,*,#4111,.T.);
#5524=ORIENTED_EDGE('',*,*,#4110,.F.);
#5525=ORIENTED_EDGE('',*,*,#4087,.F.);
#5526=ORIENTED_EDGE('',*,*,#4112,.T.);
#5527=ORIENTED_EDGE('',*,*,#4113,.F.);
#5528=ORIENTED_EDGE('',*,*,#4114,.T.);
#5529=ORIENTED_EDGE('',*,*,#4115,.F.);
#5530=ORIENTED_EDGE('',*,*,#4116,.F.);
#5531=ORIENTED_EDGE('',*,*,#4117,.F.);
#5532=ORIENTED_EDGE('',*,*,#4118,.F.);
#5533=ORIENTED_EDGE('',*,*,#4119,.F.);
#5534=ORIENTED_EDGE('',*,*,#4090,.F.);
#5535=ORIENTED_EDGE('',*,*,#4120,.T.);
#5536=ORIENTED_EDGE('',*,*,#4118,.T.);
#5537=ORIENTED_EDGE('',*,*,#4121,.F.);
#5538=ORIENTED_EDGE('',*,*,#4122,.F.);
#5539=ORIENTED_EDGE('',*,*,#4123,.F.);
#5540=ORIENTED_EDGE('',*,*,#4124,.T.);
#5541=ORIENTED_EDGE('',*,*,#4125,.F.);
#5542=ORIENTED_EDGE('',*,*,#4126,.T.);
#5543=ORIENTED_EDGE('',*,*,#4127,.T.);
#5544=ORIENTED_EDGE('',*,*,#4128,.F.);
#5545=ORIENTED_EDGE('',*,*,#4129,.F.);
#5546=ORIENTED_EDGE('',*,*,#4130,.T.);
#5547=ORIENTED_EDGE('',*,*,#4131,.T.);
#5548=ORIENTED_EDGE('',*,*,#4124,.F.);
#5549=ORIENTED_EDGE('',*,*,#4132,.F.);
#5550=ORIENTED_EDGE('',*,*,#4133,.T.);
#5551=ORIENTED_EDGE('',*,*,#4134,.T.);
#5552=ORIENTED_EDGE('',*,*,#4135,.T.);
#5553=ORIENTED_EDGE('',*,*,#4136,.T.);
#5554=ORIENTED_EDGE('',*,*,#4137,.F.);
#5555=ORIENTED_EDGE('',*,*,#4138,.T.);
#5556=ORIENTED_EDGE('',*,*,#4139,.T.);
#5557=ORIENTED_EDGE('',*,*,#4140,.F.);
#5558=ORIENTED_EDGE('',*,*,#4141,.F.);
#5559=ORIENTED_EDGE('',*,*,#4142,.F.);
#5560=ORIENTED_EDGE('',*,*,#4143,.T.);
#5561=ORIENTED_EDGE('',*,*,#4144,.F.);
#5562=ORIENTED_EDGE('',*,*,#4145,.F.);
#5563=ORIENTED_EDGE('',*,*,#4146,.F.);
#5564=ORIENTED_EDGE('',*,*,#4147,.F.);
#5565=ORIENTED_EDGE('',*,*,#4148,.F.);
#5566=ORIENTED_EDGE('',*,*,#4149,.F.);
#5567=ORIENTED_EDGE('',*,*,#4150,.F.);
#5568=ORIENTED_EDGE('',*,*,#4151,.F.);
#5569=ORIENTED_EDGE('',*,*,#4085,.T.);
#5570=ORIENTED_EDGE('',*,*,#4152,.T.);
#5571=ORIENTED_EDGE('',*,*,#4153,.F.);
#5572=ORIENTED_EDGE('',*,*,#4105,.T.);
#5573=ORIENTED_EDGE('',*,*,#4154,.F.);
#5574=ORIENTED_EDGE('',*,*,#4094,.F.);
#5575=ORIENTED_EDGE('',*,*,#4155,.T.);
#5576=ORIENTED_EDGE('',*,*,#4149,.T.);
#5577=ORIENTED_EDGE('',*,*,#4156,.F.);
#5578=ORIENTED_EDGE('',*,*,#4157,.F.);
#5579=ORIENTED_EDGE('',*,*,#4158,.F.);
#5580=ORIENTED_EDGE('',*,*,#4159,.T.);
#5581=ORIENTED_EDGE('',*,*,#4160,.F.);
#5582=ORIENTED_EDGE('',*,*,#4161,.T.);
#5583=ORIENTED_EDGE('',*,*,#4162,.T.);
#5584=ORIENTED_EDGE('',*,*,#4159,.F.);
#5585=ORIENTED_EDGE('',*,*,#4163,.F.);
#5586=ORIENTED_EDGE('',*,*,#4164,.T.);
#5587=ORIENTED_EDGE('',*,*,#4165,.F.);
#5588=ORIENTED_EDGE('',*,*,#4166,.T.);
#5589=ORIENTED_EDGE('',*,*,#4167,.T.);
#5590=ORIENTED_EDGE('',*,*,#4168,.T.);
#5591=ORIENTED_EDGE('',*,*,#4101,.T.);
#5592=ORIENTED_EDGE('',*,*,#4109,.T.);
#5593=ORIENTED_EDGE('',*,*,#4169,.T.);
#5594=ORIENTED_EDGE('',*,*,#4170,.F.);
#5595=ORIENTED_EDGE('',*,*,#4139,.F.);
#5596=ORIENTED_EDGE('',*,*,#4171,.T.);
#5597=ORIENTED_EDGE('',*,*,#4172,.T.);
#5598=ORIENTED_EDGE('',*,*,#4171,.F.);
#5599=ORIENTED_EDGE('',*,*,#4138,.F.);
#5600=ORIENTED_EDGE('',*,*,#4173,.T.);
#5601=ORIENTED_EDGE('',*,*,#4174,.F.);
#5602=ORIENTED_EDGE('',*,*,#4173,.F.);
#5603=ORIENTED_EDGE('',*,*,#4137,.T.);
#5604=ORIENTED_EDGE('',*,*,#4175,.T.);
#5605=ORIENTED_EDGE('',*,*,#4176,.T.);
#5606=ORIENTED_EDGE('',*,*,#4175,.F.);
#5607=ORIENTED_EDGE('',*,*,#4136,.F.);
#5608=ORIENTED_EDGE('',*,*,#4177,.T.);
#5609=ORIENTED_EDGE('',*,*,#4178,.T.);
#5610=ORIENTED_EDGE('',*,*,#4177,.F.);
#5611=ORIENTED_EDGE('',*,*,#4135,.F.);
#5612=ORIENTED_EDGE('',*,*,#4179,.T.);
#5613=ORIENTED_EDGE('',*,*,#4180,.T.);
#5614=ORIENTED_EDGE('',*,*,#4179,.F.);
#5615=ORIENTED_EDGE('',*,*,#4134,.F.);
#5616=ORIENTED_EDGE('',*,*,#4181,.T.);
#5617=ORIENTED_EDGE('',*,*,#4182,.T.);
#5618=ORIENTED_EDGE('',*,*,#4181,.F.);
#5619=ORIENTED_EDGE('',*,*,#4133,.F.);
#5620=ORIENTED_EDGE('',*,*,#4183,.F.);
#5621=ORIENTED_EDGE('',*,*,#4116,.T.);
#5622=ORIENTED_EDGE('',*,*,#4184,.F.);
#5623=ORIENTED_EDGE('',*,*,#4185,.F.);
#5624=ORIENTED_EDGE('',*,*,#4186,.F.);
#5625=ORIENTED_EDGE('',*,*,#4187,.T.);
#5626=ORIENTED_EDGE('',*,*,#4166,.F.);
#5627=ORIENTED_EDGE('',*,*,#4188,.F.);
#5628=ORIENTED_EDGE('',*,*,#4189,.T.);
#5629=ORIENTED_EDGE('',*,*,#4190,.F.);
#5630=ORIENTED_EDGE('',*,*,#4114,.F.);
#5631=ORIENTED_EDGE('',*,*,#4191,.F.);
#5632=ORIENTED_EDGE('',*,*,#4192,.T.);
#5633=ORIENTED_EDGE('',*,*,#4193,.T.);
#5634=ORIENTED_EDGE('',*,*,#4194,.F.);
#5635=ORIENTED_EDGE('',*,*,#4164,.F.);
#5636=ORIENTED_EDGE('',*,*,#4195,.F.);
#5637=ORIENTED_EDGE('',*,*,#4147,.T.);
#5638=ORIENTED_EDGE('',*,*,#4196,.T.);
#5639=ORIENTED_EDGE('',*,*,#4197,.F.);
#5640=ORIENTED_EDGE('',*,*,#4198,.F.);
#5641=ORIENTED_EDGE('',*,*,#4199,.F.);
#5642=ORIENTED_EDGE('',*,*,#4196,.F.);
#5643=ORIENTED_EDGE('',*,*,#4146,.T.);
#5644=ORIENTED_EDGE('',*,*,#4200,.T.);
#5645=ORIENTED_EDGE('',*,*,#4201,.F.);
#5646=ORIENTED_EDGE('',*,*,#4200,.F.);
#5647=ORIENTED_EDGE('',*,*,#4145,.T.);
#5648=ORIENTED_EDGE('',*,*,#4202,.T.);
#5649=ORIENTED_EDGE('',*,*,#4203,.F.);
#5650=ORIENTED_EDGE('',*,*,#4202,.F.);
#5651=ORIENTED_EDGE('',*,*,#4144,.T.);
#5652=ORIENTED_EDGE('',*,*,#4204,.T.);
#5653=ORIENTED_EDGE('',*,*,#4205,.T.);
#5654=ORIENTED_EDGE('',*,*,#4204,.F.);
#5655=ORIENTED_EDGE('',*,*,#4143,.F.);
#5656=ORIENTED_EDGE('',*,*,#4206,.T.);
#5657=ORIENTED_EDGE('',*,*,#4207,.F.);
#5658=ORIENTED_EDGE('',*,*,#4206,.F.);
#5659=ORIENTED_EDGE('',*,*,#4142,.T.);
#5660=ORIENTED_EDGE('',*,*,#4208,.T.);
#5661=ORIENTED_EDGE('',*,*,#4209,.F.);
#5662=ORIENTED_EDGE('',*,*,#4208,.F.);
#5663=ORIENTED_EDGE('',*,*,#4141,.T.);
#5664=ORIENTED_EDGE('',*,*,#4210,.T.);
#5665=ORIENTED_EDGE('',*,*,#4211,.F.);
#5666=ORIENTED_EDGE('',*,*,#4210,.F.);
#5667=ORIENTED_EDGE('',*,*,#4140,.T.);
#5668=ORIENTED_EDGE('',*,*,#4170,.T.);
#5669=ORIENTED_EDGE('',*,*,#4122,.T.);
#5670=ORIENTED_EDGE('',*,*,#4212,.F.);
#5671=ORIENTED_EDGE('',*,*,#4185,.T.);
#5672=ORIENTED_EDGE('',*,*,#4213,.F.);
#5673=ORIENTED_EDGE('',*,*,#4189,.F.);
#5674=ORIENTED_EDGE('',*,*,#4214,.F.);
#5675=ORIENTED_EDGE('',*,*,#4193,.F.);
#5676=ORIENTED_EDGE('',*,*,#4215,.F.);
#5677=ORIENTED_EDGE('',*,*,#4157,.T.);
#5678=ORIENTED_EDGE('',*,*,#4216,.F.);
#5679=ORIENTED_EDGE('',*,*,#4197,.T.);
#5680=ORIENTED_EDGE('',*,*,#4199,.T.);
#5681=ORIENTED_EDGE('',*,*,#4201,.T.);
#5682=ORIENTED_EDGE('',*,*,#4203,.T.);
#5683=ORIENTED_EDGE('',*,*,#4205,.F.);
#5684=ORIENTED_EDGE('',*,*,#4207,.T.);
#5685=ORIENTED_EDGE('',*,*,#4209,.T.);
#5686=ORIENTED_EDGE('',*,*,#4211,.T.);
#5687=ORIENTED_EDGE('',*,*,#4169,.F.);
#5688=ORIENTED_EDGE('',*,*,#4172,.F.);
#5689=ORIENTED_EDGE('',*,*,#4174,.T.);
#5690=ORIENTED_EDGE('',*,*,#4176,.F.);
#5691=ORIENTED_EDGE('',*,*,#4178,.F.);
#5692=ORIENTED_EDGE('',*,*,#4180,.F.);
#5693=ORIENTED_EDGE('',*,*,#4182,.F.);
#5694=ORIENTED_EDGE('',*,*,#4217,.F.);
#5695=ORIENTED_EDGE('',*,*,#4100,.F.);
#5696=ORIENTED_EDGE('',*,*,#4111,.F.);
#5697=ORIENTED_EDGE('',*,*,#4089,.T.);
#5698=ORIENTED_EDGE('',*,*,#4115,.T.);
#5699=ORIENTED_EDGE('',*,*,#4190,.T.);
#5700=ORIENTED_EDGE('',*,*,#4213,.T.);
#5701=ORIENTED_EDGE('',*,*,#4184,.T.);
#5702=ORIENTED_EDGE('',*,*,#4165,.T.);
#5703=ORIENTED_EDGE('',*,*,#4194,.T.);
#5704=ORIENTED_EDGE('',*,*,#4214,.T.);
#5705=ORIENTED_EDGE('',*,*,#4188,.T.);
#5706=ORIENTED_EDGE('',*,*,#4132,.T.);
#5707=ORIENTED_EDGE('',*,*,#4123,.T.);
#5708=ORIENTED_EDGE('',*,*,#4217,.T.);
#5709=ORIENTED_EDGE('',*,*,#4183,.T.);
#5710=ORIENTED_EDGE('',*,*,#4117,.T.);
#5711=ORIENTED_EDGE('',*,*,#4186,.T.);
#5712=ORIENTED_EDGE('',*,*,#4212,.T.);
#5713=ORIENTED_EDGE('',*,*,#4121,.T.);
#5714=ORIENTED_EDGE('',*,*,#4148,.T.);
#5715=ORIENTED_EDGE('',*,*,#4198,.T.);
#5716=ORIENTED_EDGE('',*,*,#4216,.T.);
#5717=ORIENTED_EDGE('',*,*,#4156,.T.);
#5718=ORIENTED_EDGE('',*,*,#4163,.T.);
#5719=ORIENTED_EDGE('',*,*,#4158,.T.);
#5720=ORIENTED_EDGE('',*,*,#4215,.T.);
#5721=ORIENTED_EDGE('',*,*,#4195,.T.);
#5722=ORIENTED_EDGE('',*,*,#4167,.F.);
#5723=ORIENTED_EDGE('',*,*,#4187,.F.);
#5724=ORIENTED_EDGE('',*,*,#4218,.T.);
#5725=ORIENTED_EDGE('',*,*,#4219,.T.);
#5726=ORIENTED_EDGE('',*,*,#4113,.T.);
#5727=ORIENTED_EDGE('',*,*,#4220,.F.);
#5728=ORIENTED_EDGE('',*,*,#4221,.F.);
#5729=ORIENTED_EDGE('',*,*,#4191,.T.);
#5730=ORIENTED_EDGE('',*,*,#4112,.F.);
#5731=ORIENTED_EDGE('',*,*,#4097,.F.);
#5732=ORIENTED_EDGE('',*,*,#4222,.T.);
#5733=ORIENTED_EDGE('',*,*,#4220,.T.);
#5734=ORIENTED_EDGE('',*,*,#4154,.T.);
#5735=ORIENTED_EDGE('',*,*,#4104,.F.);
#5736=ORIENTED_EDGE('',*,*,#4223,.F.);
#5737=ORIENTED_EDGE('',*,*,#4095,.T.);
#5738=ORIENTED_EDGE('',*,*,#4168,.F.);
#5739=ORIENTED_EDGE('',*,*,#4219,.F.);
#5740=ORIENTED_EDGE('',*,*,#4224,.T.);
#5741=ORIENTED_EDGE('',*,*,#4102,.T.);
#5742=ORIENTED_EDGE('',*,*,#4218,.F.);
#5743=ORIENTED_EDGE('',*,*,#4192,.F.);
#5744=ORIENTED_EDGE('',*,*,#4221,.T.);
#5745=ORIENTED_EDGE('',*,*,#4222,.F.);
#5746=ORIENTED_EDGE('',*,*,#4096,.F.);
#5747=ORIENTED_EDGE('',*,*,#4223,.T.);
#5748=ORIENTED_EDGE('',*,*,#4103,.F.);
#5749=ORIENTED_EDGE('',*,*,#4224,.F.);
#5750=ORIENTED_EDGE('',*,*,#4098,.F.);
#5751=ORIENTED_EDGE('',*,*,#4151,.T.);
#5752=ORIENTED_EDGE('',*,*,#4225,.F.);
#5753=ORIENTED_EDGE('',*,*,#4226,.F.);
#5754=ORIENTED_EDGE('',*,*,#4086,.T.);
#5755=ORIENTED_EDGE('',*,*,#4150,.T.);
#5756=ORIENTED_EDGE('',*,*,#4155,.F.);
#5757=ORIENTED_EDGE('',*,*,#4227,.F.);
#5758=ORIENTED_EDGE('',*,*,#4225,.T.);
#5759=ORIENTED_EDGE('',*,*,#4162,.F.);
#5760=ORIENTED_EDGE('',*,*,#4108,.F.);
#5761=ORIENTED_EDGE('',*,*,#4228,.T.);
#5762=ORIENTED_EDGE('',*,*,#4160,.T.);
#5763=ORIENTED_EDGE('',*,*,#4153,.T.);
#5764=ORIENTED_EDGE('',*,*,#4229,.F.);
#5765=ORIENTED_EDGE('',*,*,#4230,.F.);
#5766=ORIENTED_EDGE('',*,*,#4106,.T.);
#5767=ORIENTED_EDGE('',*,*,#4152,.F.);
#5768=ORIENTED_EDGE('',*,*,#4084,.F.);
#5769=ORIENTED_EDGE('',*,*,#4231,.T.);
#5770=ORIENTED_EDGE('',*,*,#4229,.T.);
#5771=ORIENTED_EDGE('',*,*,#4226,.T.);
#5772=ORIENTED_EDGE('',*,*,#4227,.T.);
#5773=ORIENTED_EDGE('',*,*,#4161,.F.);
#5774=ORIENTED_EDGE('',*,*,#4228,.F.);
#5775=ORIENTED_EDGE('',*,*,#4107,.F.);
#5776=ORIENTED_EDGE('',*,*,#4230,.T.);
#5777=ORIENTED_EDGE('',*,*,#4231,.F.);
#5778=ORIENTED_EDGE('',*,*,#4083,.F.);
#5779=ORIENTED_EDGE('',*,*,#4129,.T.);
#5780=ORIENTED_EDGE('',*,*,#4232,.F.);
#5781=ORIENTED_EDGE('',*,*,#4233,.F.);
#5782=ORIENTED_EDGE('',*,*,#4234,.T.);
#5783=ORIENTED_EDGE('',*,*,#4128,.T.);
#5784=ORIENTED_EDGE('',*,*,#4235,.F.);
#5785=ORIENTED_EDGE('',*,*,#4236,.F.);
#5786=ORIENTED_EDGE('',*,*,#4232,.T.);
#5787=ORIENTED_EDGE('',*,*,#4127,.F.);
#5788=ORIENTED_EDGE('',*,*,#4093,.F.);
#5789=ORIENTED_EDGE('',*,*,#4237,.T.);
#5790=ORIENTED_EDGE('',*,*,#4235,.T.);
#5791=ORIENTED_EDGE('',*,*,#4119,.T.);
#5792=ORIENTED_EDGE('',*,*,#4120,.F.);
#5793=ORIENTED_EDGE('',*,*,#4238,.F.);
#5794=ORIENTED_EDGE('',*,*,#4091,.T.);
#5795=ORIENTED_EDGE('',*,*,#4131,.F.);
#5796=ORIENTED_EDGE('',*,*,#4239,.F.);
#5797=ORIENTED_EDGE('',*,*,#4240,.T.);
#5798=ORIENTED_EDGE('',*,*,#4125,.T.);
#5799=ORIENTED_EDGE('',*,*,#4130,.F.);
#5800=ORIENTED_EDGE('',*,*,#4234,.F.);
#5801=ORIENTED_EDGE('',*,*,#4241,.T.);
#5802=ORIENTED_EDGE('',*,*,#4239,.T.);
#5803=ORIENTED_EDGE('',*,*,#4233,.T.);
#5804=ORIENTED_EDGE('',*,*,#4236,.T.);
#5805=ORIENTED_EDGE('',*,*,#4237,.F.);
#5806=ORIENTED_EDGE('',*,*,#4092,.F.);
#5807=ORIENTED_EDGE('',*,*,#4238,.T.);
#5808=ORIENTED_EDGE('',*,*,#4126,.F.);
#5809=ORIENTED_EDGE('',*,*,#4240,.F.);
#5810=ORIENTED_EDGE('',*,*,#4241,.F.);
#5811=ORIENTED_EDGE('',*,*,#4242,.T.);
#5812=ORIENTED_EDGE('',*,*,#4243,.T.);
#5813=ORIENTED_EDGE('',*,*,#4244,.T.);
#5814=ORIENTED_EDGE('',*,*,#4245,.T.);
#5815=ORIENTED_EDGE('',*,*,#4246,.T.);
#5816=ORIENTED_EDGE('',*,*,#4247,.T.);
#5817=ORIENTED_EDGE('',*,*,#4248,.T.);
#5818=ORIENTED_EDGE('',*,*,#4249,.T.);
#5819=ORIENTED_EDGE('',*,*,#4250,.T.);
#5820=ORIENTED_EDGE('',*,*,#4251,.T.);
#5821=ORIENTED_EDGE('',*,*,#4252,.T.);
#5822=ORIENTED_EDGE('',*,*,#4253,.T.);
#5823=ORIENTED_EDGE('',*,*,#4254,.T.);
#5824=ORIENTED_EDGE('',*,*,#4255,.T.);
#5825=ORIENTED_EDGE('',*,*,#4256,.T.);
#5826=ORIENTED_EDGE('',*,*,#4243,.F.);
#5827=ORIENTED_EDGE('',*,*,#4242,.F.);
#5828=ORIENTED_EDGE('',*,*,#4256,.F.);
#5829=ORIENTED_EDGE('',*,*,#4257,.T.);
#5830=ORIENTED_EDGE('',*,*,#4258,.F.);
#5831=ORIENTED_EDGE('',*,*,#4259,.F.);
#5832=ORIENTED_EDGE('',*,*,#4244,.F.);
#5833=ORIENTED_EDGE('',*,*,#4245,.F.);
#5834=ORIENTED_EDGE('',*,*,#4259,.T.);
#5835=ORIENTED_EDGE('',*,*,#4260,.F.);
#5836=ORIENTED_EDGE('',*,*,#4261,.F.);
#5837=ORIENTED_EDGE('',*,*,#4246,.F.);
#5838=ORIENTED_EDGE('',*,*,#4261,.T.);
#5839=ORIENTED_EDGE('',*,*,#4262,.F.);
#5840=ORIENTED_EDGE('',*,*,#4263,.F.);
#5841=ORIENTED_EDGE('',*,*,#4247,.F.);
#5842=ORIENTED_EDGE('',*,*,#4263,.T.);
#5843=ORIENTED_EDGE('',*,*,#4264,.F.);
#5844=ORIENTED_EDGE('',*,*,#4265,.F.);
#5845=ORIENTED_EDGE('',*,*,#4248,.F.);
#5846=ORIENTED_EDGE('',*,*,#4265,.T.);
#5847=ORIENTED_EDGE('',*,*,#4266,.F.);
#5848=ORIENTED_EDGE('',*,*,#4267,.F.);
#5849=ORIENTED_EDGE('',*,*,#4249,.F.);
#5850=ORIENTED_EDGE('',*,*,#4267,.T.);
#5851=ORIENTED_EDGE('',*,*,#4268,.F.);
#5852=ORIENTED_EDGE('',*,*,#4269,.F.);
#5853=ORIENTED_EDGE('',*,*,#4250,.F.);
#5854=ORIENTED_EDGE('',*,*,#4269,.T.);
#5855=ORIENTED_EDGE('',*,*,#4270,.F.);
#5856=ORIENTED_EDGE('',*,*,#4271,.F.);
#5857=ORIENTED_EDGE('',*,*,#4251,.F.);
#5858=ORIENTED_EDGE('',*,*,#4271,.T.);
#5859=ORIENTED_EDGE('',*,*,#4272,.F.);
#5860=ORIENTED_EDGE('',*,*,#4273,.F.);
#5861=ORIENTED_EDGE('',*,*,#4252,.F.);
#5862=ORIENTED_EDGE('',*,*,#4273,.T.);
#5863=ORIENTED_EDGE('',*,*,#4274,.F.);
#5864=ORIENTED_EDGE('',*,*,#4275,.F.);
#5865=ORIENTED_EDGE('',*,*,#4253,.F.);
#5866=ORIENTED_EDGE('',*,*,#4275,.T.);
#5867=ORIENTED_EDGE('',*,*,#4276,.F.);
#5868=ORIENTED_EDGE('',*,*,#4277,.F.);
#5869=ORIENTED_EDGE('',*,*,#4254,.F.);
#5870=ORIENTED_EDGE('',*,*,#4277,.T.);
#5871=ORIENTED_EDGE('',*,*,#4278,.F.);
#5872=ORIENTED_EDGE('',*,*,#4279,.F.);
#5873=ORIENTED_EDGE('',*,*,#4255,.F.);
#5874=ORIENTED_EDGE('',*,*,#4279,.T.);
#5875=ORIENTED_EDGE('',*,*,#4280,.F.);
#5876=ORIENTED_EDGE('',*,*,#4257,.F.);
#5877=ORIENTED_EDGE('',*,*,#4258,.T.);
#5878=ORIENTED_EDGE('',*,*,#4280,.T.);
#5879=ORIENTED_EDGE('',*,*,#4278,.T.);
#5880=ORIENTED_EDGE('',*,*,#4276,.T.);
#5881=ORIENTED_EDGE('',*,*,#4274,.T.);
#5882=ORIENTED_EDGE('',*,*,#4272,.T.);
#5883=ORIENTED_EDGE('',*,*,#4270,.T.);
#5884=ORIENTED_EDGE('',*,*,#4268,.T.);
#5885=ORIENTED_EDGE('',*,*,#4266,.T.);
#5886=ORIENTED_EDGE('',*,*,#4264,.T.);
#5887=ORIENTED_EDGE('',*,*,#4262,.T.);
#5888=ORIENTED_EDGE('',*,*,#4260,.T.);
#5889=ORIENTED_EDGE('',*,*,#4281,.F.);
#5890=ORIENTED_EDGE('',*,*,#4282,.T.);
#5891=ORIENTED_EDGE('',*,*,#4283,.T.);
#5892=ORIENTED_EDGE('',*,*,#4284,.T.);
#5893=ORIENTED_EDGE('',*,*,#4285,.T.);
#5894=ORIENTED_EDGE('',*,*,#4286,.T.);
#5895=ORIENTED_EDGE('',*,*,#4287,.T.);
#5896=ORIENTED_EDGE('',*,*,#4288,.T.);
#5897=ORIENTED_EDGE('',*,*,#4289,.T.);
#5898=ORIENTED_EDGE('',*,*,#4290,.T.);
#5899=ORIENTED_EDGE('',*,*,#4291,.T.);
#5900=ORIENTED_EDGE('',*,*,#4292,.T.);
#5901=ORIENTED_EDGE('',*,*,#4293,.T.);
#5902=ORIENTED_EDGE('',*,*,#4294,.T.);
#5903=ORIENTED_EDGE('',*,*,#4295,.T.);
#5904=ORIENTED_EDGE('',*,*,#4282,.F.);
#5905=ORIENTED_EDGE('',*,*,#4281,.T.);
#5906=ORIENTED_EDGE('',*,*,#4289,.F.);
#5907=ORIENTED_EDGE('',*,*,#4296,.T.);
#5908=ORIENTED_EDGE('',*,*,#4297,.T.);
#5909=ORIENTED_EDGE('',*,*,#4298,.F.);
#5910=ORIENTED_EDGE('',*,*,#4290,.F.);
#5911=ORIENTED_EDGE('',*,*,#4298,.T.);
#5912=ORIENTED_EDGE('',*,*,#4299,.T.);
#5913=ORIENTED_EDGE('',*,*,#4300,.F.);
#5914=ORIENTED_EDGE('',*,*,#4291,.F.);
#5915=ORIENTED_EDGE('',*,*,#4300,.T.);
#5916=ORIENTED_EDGE('',*,*,#4301,.T.);
#5917=ORIENTED_EDGE('',*,*,#4302,.F.);
#5918=ORIENTED_EDGE('',*,*,#4292,.F.);
#5919=ORIENTED_EDGE('',*,*,#4302,.T.);
#5920=ORIENTED_EDGE('',*,*,#4303,.T.);
#5921=ORIENTED_EDGE('',*,*,#4304,.F.);
#5922=ORIENTED_EDGE('',*,*,#4293,.F.);
#5923=ORIENTED_EDGE('',*,*,#4304,.T.);
#5924=ORIENTED_EDGE('',*,*,#4305,.T.);
#5925=ORIENTED_EDGE('',*,*,#4306,.F.);
#5926=ORIENTED_EDGE('',*,*,#4294,.F.);
#5927=ORIENTED_EDGE('',*,*,#4306,.T.);
#5928=ORIENTED_EDGE('',*,*,#4307,.T.);
#5929=ORIENTED_EDGE('',*,*,#4308,.F.);
#5930=ORIENTED_EDGE('',*,*,#4295,.F.);
#5931=ORIENTED_EDGE('',*,*,#4308,.T.);
#5932=ORIENTED_EDGE('',*,*,#4309,.T.);
#5933=ORIENTED_EDGE('',*,*,#4310,.F.);
#5934=ORIENTED_EDGE('',*,*,#4283,.F.);
#5935=ORIENTED_EDGE('',*,*,#4284,.F.);
#5936=ORIENTED_EDGE('',*,*,#4310,.T.);
#5937=ORIENTED_EDGE('',*,*,#4311,.T.);
#5938=ORIENTED_EDGE('',*,*,#4312,.F.);
#5939=ORIENTED_EDGE('',*,*,#4285,.F.);
#5940=ORIENTED_EDGE('',*,*,#4312,.T.);
#5941=ORIENTED_EDGE('',*,*,#4313,.T.);
#5942=ORIENTED_EDGE('',*,*,#4314,.F.);
#5943=ORIENTED_EDGE('',*,*,#4286,.F.);
#5944=ORIENTED_EDGE('',*,*,#4314,.T.);
#5945=ORIENTED_EDGE('',*,*,#4315,.T.);
#5946=ORIENTED_EDGE('',*,*,#4316,.F.);
#5947=ORIENTED_EDGE('',*,*,#4287,.F.);
#5948=ORIENTED_EDGE('',*,*,#4316,.T.);
#5949=ORIENTED_EDGE('',*,*,#4317,.T.);
#5950=ORIENTED_EDGE('',*,*,#4318,.F.);
#5951=ORIENTED_EDGE('',*,*,#4288,.F.);
#5952=ORIENTED_EDGE('',*,*,#4318,.T.);
#5953=ORIENTED_EDGE('',*,*,#4319,.T.);
#5954=ORIENTED_EDGE('',*,*,#4296,.F.);
#5955=ORIENTED_EDGE('',*,*,#4297,.F.);
#5956=ORIENTED_EDGE('',*,*,#4319,.F.);
#5957=ORIENTED_EDGE('',*,*,#4317,.F.);
#5958=ORIENTED_EDGE('',*,*,#4315,.F.);
#5959=ORIENTED_EDGE('',*,*,#4313,.F.);
#5960=ORIENTED_EDGE('',*,*,#4311,.F.);
#5961=ORIENTED_EDGE('',*,*,#4309,.F.);
#5962=ORIENTED_EDGE('',*,*,#4307,.F.);
#5963=ORIENTED_EDGE('',*,*,#4305,.F.);
#5964=ORIENTED_EDGE('',*,*,#4303,.F.);
#5965=ORIENTED_EDGE('',*,*,#4301,.F.);
#5966=ORIENTED_EDGE('',*,*,#4299,.F.);
#5967=ORIENTED_EDGE('',*,*,#4320,.T.);
#5968=ORIENTED_EDGE('',*,*,#4321,.T.);
#5969=ORIENTED_EDGE('',*,*,#4322,.T.);
#5970=ORIENTED_EDGE('',*,*,#4321,.F.);
#5971=ORIENTED_EDGE('',*,*,#4323,.T.);
#5972=ORIENTED_EDGE('',*,*,#4324,.T.);
#5973=ORIENTED_EDGE('',*,*,#4322,.F.);
#5974=ORIENTED_EDGE('',*,*,#4325,.F.);
#5975=ORIENTED_EDGE('',*,*,#4326,.T.);
#5976=ORIENTED_EDGE('',*,*,#4327,.T.);
#5977=ORIENTED_EDGE('',*,*,#4326,.F.);
#5978=ORIENTED_EDGE('',*,*,#4324,.F.);
#5979=ORIENTED_EDGE('',*,*,#4328,.T.);
#5980=ORIENTED_EDGE('',*,*,#4325,.T.);
#5981=ORIENTED_EDGE('',*,*,#4328,.F.);
#5982=ORIENTED_EDGE('',*,*,#4320,.F.);
#5983=ORIENTED_EDGE('',*,*,#4329,.T.);
#5984=ORIENTED_EDGE('',*,*,#4330,.F.);
#5985=ORIENTED_EDGE('',*,*,#4329,.F.);
#5986=ORIENTED_EDGE('',*,*,#4323,.F.);
#5987=ORIENTED_EDGE('',*,*,#4327,.F.);
#5988=ORIENTED_EDGE('',*,*,#4331,.F.);
#5989=ORIENTED_EDGE('',*,*,#4332,.F.);
#5990=ORIENTED_EDGE('',*,*,#4333,.F.);
#5991=ORIENTED_EDGE('',*,*,#4334,.F.);
#5992=ORIENTED_EDGE('',*,*,#4335,.F.);
#5993=ORIENTED_EDGE('',*,*,#4336,.F.);
#5994=ORIENTED_EDGE('',*,*,#4330,.T.);
#5995=ORIENTED_EDGE('',*,*,#4337,.T.);
#5996=ORIENTED_EDGE('',*,*,#4333,.T.);
#5997=ORIENTED_EDGE('',*,*,#4338,.T.);
#5998=ORIENTED_EDGE('',*,*,#4332,.T.);
#5999=ORIENTED_EDGE('',*,*,#4339,.T.);
#6000=ORIENTED_EDGE('',*,*,#4331,.T.);
#6001=ORIENTED_EDGE('',*,*,#4340,.T.);
#6002=ORIENTED_EDGE('',*,*,#4336,.T.);
#6003=ORIENTED_EDGE('',*,*,#4341,.T.);
#6004=ORIENTED_EDGE('',*,*,#4335,.T.);
#6005=ORIENTED_EDGE('',*,*,#4342,.T.);
#6006=ORIENTED_EDGE('',*,*,#4334,.T.);
#6007=ORIENTED_EDGE('',*,*,#4343,.F.);
#6008=ORIENTED_EDGE('',*,*,#4344,.F.);
#6009=ORIENTED_EDGE('',*,*,#4345,.F.);
#6010=ORIENTED_EDGE('',*,*,#4346,.F.);
#6011=ORIENTED_EDGE('',*,*,#4347,.F.);
#6012=ORIENTED_EDGE('',*,*,#4348,.F.);
#6013=ORIENTED_EDGE('',*,*,#4337,.F.);
#6014=ORIENTED_EDGE('',*,*,#4349,.F.);
#6015=ORIENTED_EDGE('',*,*,#4344,.T.);
#6016=ORIENTED_EDGE('',*,*,#4350,.T.);
#6017=ORIENTED_EDGE('',*,*,#4338,.F.);
#6018=ORIENTED_EDGE('',*,*,#4351,.F.);
#6019=ORIENTED_EDGE('',*,*,#4345,.T.);
#6020=ORIENTED_EDGE('',*,*,#4349,.T.);
#6021=ORIENTED_EDGE('',*,*,#4339,.F.);
#6022=ORIENTED_EDGE('',*,*,#4352,.F.);
#6023=ORIENTED_EDGE('',*,*,#4346,.T.);
#6024=ORIENTED_EDGE('',*,*,#4351,.T.);
#6025=ORIENTED_EDGE('',*,*,#4340,.F.);
#6026=ORIENTED_EDGE('',*,*,#4353,.F.);
#6027=ORIENTED_EDGE('',*,*,#4347,.T.);
#6028=ORIENTED_EDGE('',*,*,#4352,.T.);
#6029=ORIENTED_EDGE('',*,*,#4341,.F.);
#6030=ORIENTED_EDGE('',*,*,#4354,.F.);
#6031=ORIENTED_EDGE('',*,*,#4348,.T.);
#6032=ORIENTED_EDGE('',*,*,#4353,.T.);
#6033=ORIENTED_EDGE('',*,*,#4342,.F.);
#6034=ORIENTED_EDGE('',*,*,#4350,.F.);
#6035=ORIENTED_EDGE('',*,*,#4343,.T.);
#6036=ORIENTED_EDGE('',*,*,#4354,.T.);
#6037=ORIENTED_EDGE('',*,*,#4355,.T.);
#6038=ORIENTED_EDGE('',*,*,#4356,.T.);
#6039=ORIENTED_EDGE('',*,*,#4357,.T.);
#6040=ORIENTED_EDGE('',*,*,#4356,.F.);
#6041=ORIENTED_EDGE('',*,*,#4358,.T.);
#6042=ORIENTED_EDGE('',*,*,#4359,.T.);
#6043=ORIENTED_EDGE('',*,*,#4357,.F.);
#6044=ORIENTED_EDGE('',*,*,#4360,.F.);
#6045=ORIENTED_EDGE('',*,*,#4361,.T.);
#6046=ORIENTED_EDGE('',*,*,#4362,.T.);
#6047=ORIENTED_EDGE('',*,*,#4361,.F.);
#6048=ORIENTED_EDGE('',*,*,#4359,.F.);
#6049=ORIENTED_EDGE('',*,*,#4363,.T.);
#6050=ORIENTED_EDGE('',*,*,#4360,.T.);
#6051=ORIENTED_EDGE('',*,*,#4363,.F.);
#6052=ORIENTED_EDGE('',*,*,#4355,.F.);
#6053=ORIENTED_EDGE('',*,*,#4364,.T.);
#6054=ORIENTED_EDGE('',*,*,#4365,.F.);
#6055=ORIENTED_EDGE('',*,*,#4364,.F.);
#6056=ORIENTED_EDGE('',*,*,#4358,.F.);
#6057=ORIENTED_EDGE('',*,*,#4362,.F.);
#6058=ORIENTED_EDGE('',*,*,#4366,.F.);
#6059=ORIENTED_EDGE('',*,*,#4367,.F.);
#6060=ORIENTED_EDGE('',*,*,#4368,.F.);
#6061=ORIENTED_EDGE('',*,*,#4369,.F.);
#6062=ORIENTED_EDGE('',*,*,#4370,.F.);
#6063=ORIENTED_EDGE('',*,*,#4371,.F.);
#6064=ORIENTED_EDGE('',*,*,#4365,.T.);
#6065=ORIENTED_EDGE('',*,*,#4372,.T.);
#6066=ORIENTED_EDGE('',*,*,#4368,.T.);
#6067=ORIENTED_EDGE('',*,*,#4373,.T.);
#6068=ORIENTED_EDGE('',*,*,#4367,.T.);
#6069=ORIENTED_EDGE('',*,*,#4374,.T.);
#6070=ORIENTED_EDGE('',*,*,#4366,.T.);
#6071=ORIENTED_EDGE('',*,*,#4375,.T.);
#6072=ORIENTED_EDGE('',*,*,#4371,.T.);
#6073=ORIENTED_EDGE('',*,*,#4376,.T.);
#6074=ORIENTED_EDGE('',*,*,#4370,.T.);
#6075=ORIENTED_EDGE('',*,*,#4377,.T.);
#6076=ORIENTED_EDGE('',*,*,#4369,.T.);
#6077=ORIENTED_EDGE('',*,*,#4378,.F.);
#6078=ORIENTED_EDGE('',*,*,#4379,.F.);
#6079=ORIENTED_EDGE('',*,*,#4380,.F.);
#6080=ORIENTED_EDGE('',*,*,#4381,.F.);
#6081=ORIENTED_EDGE('',*,*,#4382,.F.);
#6082=ORIENTED_EDGE('',*,*,#4383,.F.);
#6083=ORIENTED_EDGE('',*,*,#4372,.F.);
#6084=ORIENTED_EDGE('',*,*,#4384,.F.);
#6085=ORIENTED_EDGE('',*,*,#4379,.T.);
#6086=ORIENTED_EDGE('',*,*,#4385,.T.);
#6087=ORIENTED_EDGE('',*,*,#4373,.F.);
#6088=ORIENTED_EDGE('',*,*,#4386,.F.);
#6089=ORIENTED_EDGE('',*,*,#4380,.T.);
#6090=ORIENTED_EDGE('',*,*,#4384,.T.);
#6091=ORIENTED_EDGE('',*,*,#4374,.F.);
#6092=ORIENTED_EDGE('',*,*,#4387,.F.);
#6093=ORIENTED_EDGE('',*,*,#4381,.T.);
#6094=ORIENTED_EDGE('',*,*,#4386,.T.);
#6095=ORIENTED_EDGE('',*,*,#4375,.F.);
#6096=ORIENTED_EDGE('',*,*,#4388,.F.);
#6097=ORIENTED_EDGE('',*,*,#4382,.T.);
#6098=ORIENTED_EDGE('',*,*,#4387,.T.);
#6099=ORIENTED_EDGE('',*,*,#4376,.F.);
#6100=ORIENTED_EDGE('',*,*,#4389,.F.);
#6101=ORIENTED_EDGE('',*,*,#4383,.T.);
#6102=ORIENTED_EDGE('',*,*,#4388,.T.);
#6103=ORIENTED_EDGE('',*,*,#4377,.F.);
#6104=ORIENTED_EDGE('',*,*,#4385,.F.);
#6105=ORIENTED_EDGE('',*,*,#4378,.T.);
#6106=ORIENTED_EDGE('',*,*,#4389,.T.);
#6107=ORIENTED_EDGE('',*,*,#4390,.F.);
#6108=ORIENTED_EDGE('',*,*,#4391,.F.);
#6109=ORIENTED_EDGE('',*,*,#4392,.T.);
#6110=ORIENTED_EDGE('',*,*,#4393,.F.);
#6111=ORIENTED_EDGE('',*,*,#4394,.T.);
#6112=ORIENTED_EDGE('',*,*,#4395,.F.);
#6113=ORIENTED_EDGE('',*,*,#4396,.F.);
#6114=ORIENTED_EDGE('',*,*,#4397,.F.);
#6115=ORIENTED_EDGE('',*,*,#4398,.F.);
#6116=ORIENTED_EDGE('',*,*,#4399,.F.);
#6117=ORIENTED_EDGE('',*,*,#4396,.T.);
#6118=ORIENTED_EDGE('',*,*,#4400,.F.);
#6119=ORIENTED_EDGE('',*,*,#4398,.T.);
#6120=ORIENTED_EDGE('',*,*,#4401,.F.);
#6121=ORIENTED_EDGE('',*,*,#4402,.F.);
#6122=ORIENTED_EDGE('',*,*,#4403,.F.);
#6123=ORIENTED_EDGE('',*,*,#4402,.T.);
#6124=ORIENTED_EDGE('',*,*,#4404,.F.);
#6125=ORIENTED_EDGE('',*,*,#4405,.F.);
#6126=ORIENTED_EDGE('',*,*,#4406,.F.);
#6127=ORIENTED_EDGE('',*,*,#4405,.T.);
#6128=ORIENTED_EDGE('',*,*,#4407,.F.);
#6129=ORIENTED_EDGE('',*,*,#4408,.F.);
#6130=ORIENTED_EDGE('',*,*,#4409,.F.);
#6131=ORIENTED_EDGE('',*,*,#4409,.T.);
#6132=ORIENTED_EDGE('',*,*,#4410,.F.);
#6133=ORIENTED_EDGE('',*,*,#4411,.T.);
#6134=ORIENTED_EDGE('',*,*,#4412,.F.);
#6135=ORIENTED_EDGE('',*,*,#4413,.F.);
#6136=ORIENTED_EDGE('',*,*,#4406,.T.);
#6137=ORIENTED_EDGE('',*,*,#4413,.T.);
#6138=ORIENTED_EDGE('',*,*,#4414,.T.);
#6139=ORIENTED_EDGE('',*,*,#4415,.T.);
#6140=ORIENTED_EDGE('',*,*,#4403,.T.);
#6141=ORIENTED_EDGE('',*,*,#4415,.F.);
#6142=ORIENTED_EDGE('',*,*,#4416,.F.);
#6143=ORIENTED_EDGE('',*,*,#4417,.F.);
#6144=ORIENTED_EDGE('',*,*,#4399,.T.);
#6145=ORIENTED_EDGE('',*,*,#4417,.T.);
#6146=ORIENTED_EDGE('',*,*,#4418,.T.);
#6147=ORIENTED_EDGE('',*,*,#4419,.T.);
#6148=ORIENTED_EDGE('',*,*,#4420,.T.);
#6149=ORIENTED_EDGE('',*,*,#4397,.T.);
#6150=ORIENTED_EDGE('',*,*,#4420,.F.);
#6151=ORIENTED_EDGE('',*,*,#4421,.F.);
#6152=ORIENTED_EDGE('',*,*,#4422,.F.);
#6153=ORIENTED_EDGE('',*,*,#4423,.F.);
#6154=ORIENTED_EDGE('',*,*,#4424,.T.);
#6155=ORIENTED_EDGE('',*,*,#4425,.F.);
#6156=ORIENTED_EDGE('',*,*,#4424,.F.);
#6157=ORIENTED_EDGE('',*,*,#4426,.T.);
#6158=ORIENTED_EDGE('',*,*,#4427,.T.);
#6159=ORIENTED_EDGE('',*,*,#4425,.T.);
#6160=ORIENTED_EDGE('',*,*,#4427,.F.);
#6161=ORIENTED_EDGE('',*,*,#4428,.F.);
#6162=ORIENTED_EDGE('',*,*,#4429,.T.);
#6163=ORIENTED_EDGE('',*,*,#4430,.F.);
#6164=ORIENTED_EDGE('',*,*,#4429,.F.);
#6165=ORIENTED_EDGE('',*,*,#4431,.T.);
#6166=ORIENTED_EDGE('',*,*,#4432,.T.);
#6167=ORIENTED_EDGE('',*,*,#4430,.T.);
#6168=ORIENTED_EDGE('',*,*,#4432,.F.);
#6169=ORIENTED_EDGE('',*,*,#4433,.F.);
#6170=ORIENTED_EDGE('',*,*,#4434,.T.);
#6171=ORIENTED_EDGE('',*,*,#4426,.F.);
#6172=ORIENTED_EDGE('',*,*,#4434,.F.);
#6173=ORIENTED_EDGE('',*,*,#4435,.T.);
#6174=ORIENTED_EDGE('',*,*,#4436,.T.);
#6175=ORIENTED_EDGE('',*,*,#4433,.T.);
#6176=ORIENTED_EDGE('',*,*,#4437,.F.);
#6177=ORIENTED_EDGE('',*,*,#4438,.T.);
#6178=ORIENTED_EDGE('',*,*,#4431,.F.);
#6179=ORIENTED_EDGE('',*,*,#4438,.F.);
#6180=ORIENTED_EDGE('',*,*,#4439,.T.);
#6181=ORIENTED_EDGE('',*,*,#4440,.T.);
#6182=ORIENTED_EDGE('',*,*,#4437,.T.);
#6183=ORIENTED_EDGE('',*,*,#4416,.T.);
#6184=ORIENTED_EDGE('',*,*,#4414,.F.);
#6185=ORIENTED_EDGE('',*,*,#4412,.T.);
#6186=ORIENTED_EDGE('',*,*,#4441,.T.);
#6187=ORIENTED_EDGE('',*,*,#4442,.F.);
#6188=ORIENTED_EDGE('',*,*,#4443,.F.);
#6189=ORIENTED_EDGE('',*,*,#4444,.T.);
#6190=ORIENTED_EDGE('',*,*,#4440,.F.);
#6191=ORIENTED_EDGE('',*,*,#4445,.T.);
#6192=ORIENTED_EDGE('',*,*,#4436,.F.);
#6193=ORIENTED_EDGE('',*,*,#4446,.F.);
#6194=ORIENTED_EDGE('',*,*,#4447,.T.);
#6195=ORIENTED_EDGE('',*,*,#4448,.F.);
#6196=ORIENTED_EDGE('',*,*,#4449,.F.);
#6197=ORIENTED_EDGE('',*,*,#4411,.F.);
#6198=ORIENTED_EDGE('',*,*,#4450,.F.);
#6199=ORIENTED_EDGE('',*,*,#4449,.T.);
#6200=ORIENTED_EDGE('',*,*,#4451,.T.);
#6201=ORIENTED_EDGE('',*,*,#4441,.F.);
#6202=ORIENTED_EDGE('',*,*,#4418,.F.);
#6203=ORIENTED_EDGE('',*,*,#4443,.T.);
#6204=ORIENTED_EDGE('',*,*,#4452,.T.);
#6205=ORIENTED_EDGE('',*,*,#4453,.F.);
#6206=ORIENTED_EDGE('',*,*,#4444,.F.);
#6207=ORIENTED_EDGE('',*,*,#4439,.F.);
#6208=ORIENTED_EDGE('',*,*,#4445,.F.);
#6209=ORIENTED_EDGE('',*,*,#4435,.F.);
#6210=ORIENTED_EDGE('',*,*,#4454,.F.);
#6211=ORIENTED_EDGE('',*,*,#4421,.T.);
#6212=ORIENTED_EDGE('',*,*,#4419,.F.);
#6213=ORIENTED_EDGE('',*,*,#4453,.T.);
#6214=ORIENTED_EDGE('',*,*,#4455,.F.);
#6215=ORIENTED_EDGE('',*,*,#4456,.F.);
#6216=ORIENTED_EDGE('',*,*,#4391,.T.);
#6217=ORIENTED_EDGE('',*,*,#4457,.T.);
#6218=ORIENTED_EDGE('',*,*,#4458,.F.);
#6219=ORIENTED_EDGE('',*,*,#4459,.F.);
#6220=ORIENTED_EDGE('',*,*,#4460,.T.);
#6221=ORIENTED_EDGE('',*,*,#4461,.T.);
#6222=ORIENTED_EDGE('',*,*,#4462,.T.);
#6223=ORIENTED_EDGE('',*,*,#4461,.F.);
#6224=ORIENTED_EDGE('',*,*,#4460,.F.);
#6225=ORIENTED_EDGE('',*,*,#4463,.T.);
#6226=ORIENTED_EDGE('',*,*,#4464,.F.);
#6227=ORIENTED_EDGE('',*,*,#4463,.F.);
#6228=ORIENTED_EDGE('',*,*,#4465,.T.);
#6229=ORIENTED_EDGE('',*,*,#4466,.T.);
#6230=ORIENTED_EDGE('',*,*,#4467,.T.);
#6231=ORIENTED_EDGE('',*,*,#4466,.F.);
#6232=ORIENTED_EDGE('',*,*,#4465,.F.);
#6233=ORIENTED_EDGE('',*,*,#4468,.T.);
#6234=ORIENTED_EDGE('',*,*,#4469,.F.);
#6235=ORIENTED_EDGE('',*,*,#4468,.F.);
#6236=ORIENTED_EDGE('',*,*,#4470,.F.);
#6237=ORIENTED_EDGE('',*,*,#4471,.T.);
#6238=ORIENTED_EDGE('',*,*,#4472,.T.);
#6239=ORIENTED_EDGE('',*,*,#4473,.T.);
#6240=ORIENTED_EDGE('',*,*,#4474,.T.);
#6241=ORIENTED_EDGE('',*,*,#4392,.F.);
#6242=ORIENTED_EDGE('',*,*,#4475,.T.);
#6243=ORIENTED_EDGE('',*,*,#4476,.T.);
#6244=ORIENTED_EDGE('',*,*,#4473,.F.);
#6245=ORIENTED_EDGE('',*,*,#4477,.T.);
#6246=ORIENTED_EDGE('',*,*,#4478,.F.);
#6247=ORIENTED_EDGE('',*,*,#4475,.F.);
#6248=ORIENTED_EDGE('',*,*,#4479,.T.);
#6249=ORIENTED_EDGE('',*,*,#4390,.T.);
#6250=ORIENTED_EDGE('',*,*,#4480,.T.);
#6251=ORIENTED_EDGE('',*,*,#4446,.T.);
#6252=ORIENTED_EDGE('',*,*,#4450,.T.);
#6253=ORIENTED_EDGE('',*,*,#4410,.T.);
#6254=ORIENTED_EDGE('',*,*,#4481,.F.);
#6255=ORIENTED_EDGE('',*,*,#4482,.F.);
#6256=ORIENTED_EDGE('',*,*,#4483,.F.);
#6257=ORIENTED_EDGE('',*,*,#4484,.F.);
#6258=ORIENTED_EDGE('',*,*,#4474,.F.);
#6259=ORIENTED_EDGE('',*,*,#4476,.F.);
#6260=ORIENTED_EDGE('',*,*,#4478,.T.);
#6261=ORIENTED_EDGE('',*,*,#4393,.T.);
#6262=ORIENTED_EDGE('',*,*,#4485,.T.);
#6263=ORIENTED_EDGE('',*,*,#4486,.T.);
#6264=ORIENTED_EDGE('',*,*,#4469,.T.);
#6265=ORIENTED_EDGE('',*,*,#4486,.F.);
#6266=ORIENTED_EDGE('',*,*,#4487,.F.);
#6267=ORIENTED_EDGE('',*,*,#4488,.F.);
#6268=ORIENTED_EDGE('',*,*,#4489,.F.);
#6269=ORIENTED_EDGE('',*,*,#4490,.F.);
#6270=ORIENTED_EDGE('',*,*,#4422,.T.);
#6271=ORIENTED_EDGE('',*,*,#4454,.T.);
#6272=ORIENTED_EDGE('',*,*,#4485,.F.);
#6273=ORIENTED_EDGE('',*,*,#4491,.F.);
#6274=ORIENTED_EDGE('',*,*,#4491,.T.);
#6275=ORIENTED_EDGE('',*,*,#4492,.T.);
#6276=ORIENTED_EDGE('',*,*,#4464,.T.);
#6277=ORIENTED_EDGE('',*,*,#4492,.F.);
#6278=ORIENTED_EDGE('',*,*,#4490,.T.);
#6279=ORIENTED_EDGE('',*,*,#4493,.T.);
#6280=ORIENTED_EDGE('',*,*,#4494,.F.);
#6281=ORIENTED_EDGE('',*,*,#4394,.F.);
#6282=ORIENTED_EDGE('',*,*,#4493,.F.);
#6283=ORIENTED_EDGE('',*,*,#4495,.T.);
#6284=ORIENTED_EDGE('',*,*,#4496,.T.);
#6285=ORIENTED_EDGE('',*,*,#4497,.T.);
#6286=ORIENTED_EDGE('',*,*,#4498,.T.);
#6287=ORIENTED_EDGE('',*,*,#4499,.T.);
#6288=ORIENTED_EDGE('',*,*,#4496,.F.);
#6289=ORIENTED_EDGE('',*,*,#4500,.T.);
#6290=ORIENTED_EDGE('',*,*,#4498,.F.);
#6291=ORIENTED_EDGE('',*,*,#4501,.T.);
#6292=ORIENTED_EDGE('',*,*,#4502,.T.);
#6293=ORIENTED_EDGE('',*,*,#4503,.T.);
#6294=ORIENTED_EDGE('',*,*,#4502,.F.);
#6295=ORIENTED_EDGE('',*,*,#4504,.T.);
#6296=ORIENTED_EDGE('',*,*,#4505,.T.);
#6297=ORIENTED_EDGE('',*,*,#4506,.T.);
#6298=ORIENTED_EDGE('',*,*,#4505,.F.);
#6299=ORIENTED_EDGE('',*,*,#4507,.T.);
#6300=ORIENTED_EDGE('',*,*,#4508,.T.);
#6301=ORIENTED_EDGE('',*,*,#4509,.T.);
#6302=ORIENTED_EDGE('',*,*,#4510,.F.);
#6303=ORIENTED_EDGE('',*,*,#4508,.F.);
#6304=ORIENTED_EDGE('',*,*,#4481,.T.);
#6305=ORIENTED_EDGE('',*,*,#4408,.T.);
#6306=ORIENTED_EDGE('',*,*,#4507,.F.);
#6307=ORIENTED_EDGE('',*,*,#4511,.T.);
#6308=ORIENTED_EDGE('',*,*,#4512,.T.);
#6309=ORIENTED_EDGE('',*,*,#4513,.F.);
#6310=ORIENTED_EDGE('',*,*,#4482,.T.);
#6311=ORIENTED_EDGE('',*,*,#4504,.F.);
#6312=ORIENTED_EDGE('',*,*,#4514,.F.);
#6313=ORIENTED_EDGE('',*,*,#4515,.F.);
#6314=ORIENTED_EDGE('',*,*,#4511,.F.);
#6315=ORIENTED_EDGE('',*,*,#4501,.F.);
#6316=ORIENTED_EDGE('',*,*,#4516,.T.);
#6317=ORIENTED_EDGE('',*,*,#4517,.T.);
#6318=ORIENTED_EDGE('',*,*,#4514,.T.);
#6319=ORIENTED_EDGE('',*,*,#4500,.F.);
#6320=ORIENTED_EDGE('',*,*,#4518,.F.);
#6321=ORIENTED_EDGE('',*,*,#4519,.F.);
#6322=ORIENTED_EDGE('',*,*,#4520,.F.);
#6323=ORIENTED_EDGE('',*,*,#4516,.F.);
#6324=ORIENTED_EDGE('',*,*,#4495,.F.);
#6325=ORIENTED_EDGE('',*,*,#4489,.T.);
#6326=ORIENTED_EDGE('',*,*,#4521,.T.);
#6327=ORIENTED_EDGE('',*,*,#4518,.T.);
#6328=ORIENTED_EDGE('',*,*,#4522,.T.);
#6329=ORIENTED_EDGE('',*,*,#4523,.T.);
#6330=ORIENTED_EDGE('',*,*,#4524,.T.);
#6331=ORIENTED_EDGE('',*,*,#4523,.F.);
#6332=ORIENTED_EDGE('',*,*,#4510,.T.);
#6333=ORIENTED_EDGE('',*,*,#4407,.T.);
#6334=ORIENTED_EDGE('',*,*,#4404,.T.);
#6335=ORIENTED_EDGE('',*,*,#4401,.T.);
#6336=ORIENTED_EDGE('',*,*,#4400,.T.);
#6337=ORIENTED_EDGE('',*,*,#4395,.T.);
#6338=ORIENTED_EDGE('',*,*,#4494,.T.);
#6339=ORIENTED_EDGE('',*,*,#4497,.F.);
#6340=ORIENTED_EDGE('',*,*,#4499,.F.);
#6341=ORIENTED_EDGE('',*,*,#4503,.F.);
#6342=ORIENTED_EDGE('',*,*,#4506,.F.);
#6343=ORIENTED_EDGE('',*,*,#4509,.F.);
#6344=ORIENTED_EDGE('',*,*,#4423,.T.);
#6345=ORIENTED_EDGE('',*,*,#4428,.T.);
#6346=ORIENTED_EDGE('',*,*,#4525,.F.);
#6347=ORIENTED_EDGE('',*,*,#4522,.F.);
#6348=ORIENTED_EDGE('',*,*,#4526,.F.);
#6349=ORIENTED_EDGE('',*,*,#4527,.T.);
#6350=ORIENTED_EDGE('',*,*,#4524,.F.);
#6351=ORIENTED_EDGE('',*,*,#4527,.F.);
#6352=ORIENTED_EDGE('',*,*,#4525,.T.);
#6353=ORIENTED_EDGE('',*,*,#4528,.T.);
#6354=ORIENTED_EDGE('',*,*,#4529,.T.);
#6355=ORIENTED_EDGE('',*,*,#4528,.F.);
#6356=ORIENTED_EDGE('',*,*,#4530,.F.);
#6357=ORIENTED_EDGE('',*,*,#4531,.T.);
#6358=ORIENTED_EDGE('',*,*,#4529,.F.);
#6359=ORIENTED_EDGE('',*,*,#4531,.F.);
#6360=ORIENTED_EDGE('',*,*,#4532,.T.);
#6361=ORIENTED_EDGE('',*,*,#4533,.T.);
#6362=ORIENTED_EDGE('',*,*,#4526,.T.);
#6363=ORIENTED_EDGE('',*,*,#4533,.F.);
#6364=ORIENTED_EDGE('',*,*,#4534,.F.);
#6365=ORIENTED_EDGE('',*,*,#4535,.F.);
#6366=ORIENTED_EDGE('',*,*,#4532,.F.);
#6367=ORIENTED_EDGE('',*,*,#4536,.T.);
#6368=ORIENTED_EDGE('',*,*,#4537,.T.);
#6369=ORIENTED_EDGE('',*,*,#4530,.T.);
#6370=ORIENTED_EDGE('',*,*,#4537,.F.);
#6371=ORIENTED_EDGE('',*,*,#4538,.F.);
#6372=ORIENTED_EDGE('',*,*,#4539,.F.);
#6373=ORIENTED_EDGE('',*,*,#4536,.F.);
#6374=ORIENTED_EDGE('',*,*,#4517,.F.);
#6375=ORIENTED_EDGE('',*,*,#4540,.T.);
#6376=ORIENTED_EDGE('',*,*,#4541,.T.);
#6377=ORIENTED_EDGE('',*,*,#4542,.F.);
#6378=ORIENTED_EDGE('',*,*,#4512,.F.);
#6379=ORIENTED_EDGE('',*,*,#4515,.T.);
#6380=ORIENTED_EDGE('',*,*,#4543,.F.);
#6381=ORIENTED_EDGE('',*,*,#4539,.T.);
#6382=ORIENTED_EDGE('',*,*,#4544,.F.);
#6383=ORIENTED_EDGE('',*,*,#4535,.T.);
#6384=ORIENTED_EDGE('',*,*,#4487,.T.);
#6385=ORIENTED_EDGE('',*,*,#4456,.T.);
#6386=ORIENTED_EDGE('',*,*,#4545,.F.);
#6387=ORIENTED_EDGE('',*,*,#4546,.F.);
#6388=ORIENTED_EDGE('',*,*,#4480,.F.);
#6389=ORIENTED_EDGE('',*,*,#4547,.T.);
#6390=ORIENTED_EDGE('',*,*,#4548,.F.);
#6391=ORIENTED_EDGE('',*,*,#4447,.F.);
#6392=ORIENTED_EDGE('',*,*,#4484,.T.);
#6393=ORIENTED_EDGE('',*,*,#4549,.T.);
#6394=ORIENTED_EDGE('',*,*,#4550,.T.);
#6395=ORIENTED_EDGE('',*,*,#4547,.F.);
#6396=ORIENTED_EDGE('',*,*,#4513,.T.);
#6397=ORIENTED_EDGE('',*,*,#4542,.T.);
#6398=ORIENTED_EDGE('',*,*,#4551,.F.);
#6399=ORIENTED_EDGE('',*,*,#4549,.F.);
#6400=ORIENTED_EDGE('',*,*,#4483,.T.);
#6401=ORIENTED_EDGE('',*,*,#4520,.T.);
#6402=ORIENTED_EDGE('',*,*,#4552,.T.);
#6403=ORIENTED_EDGE('',*,*,#4553,.F.);
#6404=ORIENTED_EDGE('',*,*,#4540,.F.);
#6405=ORIENTED_EDGE('',*,*,#4543,.T.);
#6406=ORIENTED_EDGE('',*,*,#4538,.T.);
#6407=ORIENTED_EDGE('',*,*,#4544,.T.);
#6408=ORIENTED_EDGE('',*,*,#4534,.T.);
#6409=ORIENTED_EDGE('',*,*,#4488,.T.);
#6410=ORIENTED_EDGE('',*,*,#4546,.T.);
#6411=ORIENTED_EDGE('',*,*,#4554,.T.);
#6412=ORIENTED_EDGE('',*,*,#4552,.F.);
#6413=ORIENTED_EDGE('',*,*,#4519,.T.);
#6414=ORIENTED_EDGE('',*,*,#4521,.F.);
#6415=ORIENTED_EDGE('',*,*,#4545,.T.);
#6416=ORIENTED_EDGE('',*,*,#4455,.T.);
#6417=ORIENTED_EDGE('',*,*,#4452,.F.);
#6418=ORIENTED_EDGE('',*,*,#4442,.T.);
#6419=ORIENTED_EDGE('',*,*,#4451,.F.);
#6420=ORIENTED_EDGE('',*,*,#4448,.T.);
#6421=ORIENTED_EDGE('',*,*,#4548,.T.);
#6422=ORIENTED_EDGE('',*,*,#4550,.F.);
#6423=ORIENTED_EDGE('',*,*,#4551,.T.);
#6424=ORIENTED_EDGE('',*,*,#4541,.F.);
#6425=ORIENTED_EDGE('',*,*,#4553,.T.);
#6426=ORIENTED_EDGE('',*,*,#4554,.F.);
#6427=ORIENTED_EDGE('',*,*,#4555,.T.);
#6428=ORIENTED_EDGE('',*,*,#4556,.F.);
#6429=ORIENTED_EDGE('',*,*,#4458,.T.);
#6430=ORIENTED_EDGE('',*,*,#4557,.T.);
#6431=ORIENTED_EDGE('',*,*,#4558,.F.);
#6432=ORIENTED_EDGE('',*,*,#4462,.F.);
#6433=ORIENTED_EDGE('',*,*,#4467,.F.);
#6434=ORIENTED_EDGE('',*,*,#4479,.F.);
#6435=ORIENTED_EDGE('',*,*,#4559,.T.);
#6436=ORIENTED_EDGE('',*,*,#4557,.F.);
#6437=ORIENTED_EDGE('',*,*,#4457,.F.);
#6438=ORIENTED_EDGE('',*,*,#4477,.F.);
#6439=ORIENTED_EDGE('',*,*,#4560,.T.);
#6440=ORIENTED_EDGE('',*,*,#4558,.T.);
#6441=ORIENTED_EDGE('',*,*,#4559,.F.);
#6442=ORIENTED_EDGE('',*,*,#4472,.F.);
#6443=ORIENTED_EDGE('',*,*,#4459,.T.);
#6444=ORIENTED_EDGE('',*,*,#4556,.T.);
#6445=ORIENTED_EDGE('',*,*,#4560,.F.);
#6446=ORIENTED_EDGE('',*,*,#4555,.F.);
#6447=ORIENTED_EDGE('',*,*,#4561,.T.);
#6448=ORIENTED_EDGE('',*,*,#4562,.F.);
#6449=ORIENTED_EDGE('',*,*,#4561,.F.);
#6450=ORIENTED_EDGE('',*,*,#4562,.T.);
#6451=ORIENTED_EDGE('',*,*,#4563,.T.);
#6452=ORIENTED_EDGE('',*,*,#4470,.T.);
#6453=ORIENTED_EDGE('',*,*,#4471,.F.);
#6454=ORIENTED_EDGE('',*,*,#4563,.F.);
#6455=ORIENTED_EDGE('',*,*,#4564,.T.);
#6456=ORIENTED_EDGE('',*,*,#4565,.T.);
#6457=ORIENTED_EDGE('',*,*,#4566,.T.);
#6458=ORIENTED_EDGE('',*,*,#4565,.F.);
#6459=ORIENTED_EDGE('',*,*,#4567,.T.);
#6460=ORIENTED_EDGE('',*,*,#4568,.T.);
#6461=ORIENTED_EDGE('',*,*,#4566,.F.);
#6462=ORIENTED_EDGE('',*,*,#4569,.F.);
#6463=ORIENTED_EDGE('',*,*,#4570,.T.);
#6464=ORIENTED_EDGE('',*,*,#4571,.T.);
#6465=ORIENTED_EDGE('',*,*,#4570,.F.);
#6466=ORIENTED_EDGE('',*,*,#4568,.F.);
#6467=ORIENTED_EDGE('',*,*,#4572,.T.);
#6468=ORIENTED_EDGE('',*,*,#4569,.T.);
#6469=ORIENTED_EDGE('',*,*,#4572,.F.);
#6470=ORIENTED_EDGE('',*,*,#4564,.F.);
#6471=ORIENTED_EDGE('',*,*,#4573,.T.);
#6472=ORIENTED_EDGE('',*,*,#4574,.F.);
#6473=ORIENTED_EDGE('',*,*,#4573,.F.);
#6474=ORIENTED_EDGE('',*,*,#4567,.F.);
#6475=ORIENTED_EDGE('',*,*,#4571,.F.);
#6476=ORIENTED_EDGE('',*,*,#4575,.F.);
#6477=ORIENTED_EDGE('',*,*,#4576,.F.);
#6478=ORIENTED_EDGE('',*,*,#4577,.F.);
#6479=ORIENTED_EDGE('',*,*,#4578,.F.);
#6480=ORIENTED_EDGE('',*,*,#4579,.F.);
#6481=ORIENTED_EDGE('',*,*,#4580,.F.);
#6482=ORIENTED_EDGE('',*,*,#4574,.T.);
#6483=ORIENTED_EDGE('',*,*,#4581,.T.);
#6484=ORIENTED_EDGE('',*,*,#4577,.T.);
#6485=ORIENTED_EDGE('',*,*,#4582,.T.);
#6486=ORIENTED_EDGE('',*,*,#4576,.T.);
#6487=ORIENTED_EDGE('',*,*,#4583,.T.);
#6488=ORIENTED_EDGE('',*,*,#4575,.T.);
#6489=ORIENTED_EDGE('',*,*,#4584,.T.);
#6490=ORIENTED_EDGE('',*,*,#4580,.T.);
#6491=ORIENTED_EDGE('',*,*,#4585,.T.);
#6492=ORIENTED_EDGE('',*,*,#4579,.T.);
#6493=ORIENTED_EDGE('',*,*,#4586,.T.);
#6494=ORIENTED_EDGE('',*,*,#4578,.T.);
#6495=ORIENTED_EDGE('',*,*,#4587,.F.);
#6496=ORIENTED_EDGE('',*,*,#4588,.F.);
#6497=ORIENTED_EDGE('',*,*,#4589,.F.);
#6498=ORIENTED_EDGE('',*,*,#4590,.F.);
#6499=ORIENTED_EDGE('',*,*,#4591,.F.);
#6500=ORIENTED_EDGE('',*,*,#4592,.F.);
#6501=ORIENTED_EDGE('',*,*,#4581,.F.);
#6502=ORIENTED_EDGE('',*,*,#4593,.F.);
#6503=ORIENTED_EDGE('',*,*,#4588,.T.);
#6504=ORIENTED_EDGE('',*,*,#4594,.T.);
#6505=ORIENTED_EDGE('',*,*,#4582,.F.);
#6506=ORIENTED_EDGE('',*,*,#4595,.F.);
#6507=ORIENTED_EDGE('',*,*,#4589,.T.);
#6508=ORIENTED_EDGE('',*,*,#4593,.T.);
#6509=ORIENTED_EDGE('',*,*,#4583,.F.);
#6510=ORIENTED_EDGE('',*,*,#4596,.F.);
#6511=ORIENTED_EDGE('',*,*,#4590,.T.);
#6512=ORIENTED_EDGE('',*,*,#4595,.T.);
#6513=ORIENTED_EDGE('',*,*,#4584,.F.);
#6514=ORIENTED_EDGE('',*,*,#4597,.F.);
#6515=ORIENTED_EDGE('',*,*,#4591,.T.);
#6516=ORIENTED_EDGE('',*,*,#4596,.T.);
#6517=ORIENTED_EDGE('',*,*,#4585,.F.);
#6518=ORIENTED_EDGE('',*,*,#4598,.F.);
#6519=ORIENTED_EDGE('',*,*,#4592,.T.);
#6520=ORIENTED_EDGE('',*,*,#4597,.T.);
#6521=ORIENTED_EDGE('',*,*,#4586,.F.);
#6522=ORIENTED_EDGE('',*,*,#4594,.F.);
#6523=ORIENTED_EDGE('',*,*,#4587,.T.);
#6524=ORIENTED_EDGE('',*,*,#4598,.T.);
#6525=ORIENTED_EDGE('',*,*,#4599,.T.);
#6526=ORIENTED_EDGE('',*,*,#4600,.T.);
#6527=ORIENTED_EDGE('',*,*,#4601,.T.);
#6528=ORIENTED_EDGE('',*,*,#4600,.F.);
#6529=ORIENTED_EDGE('',*,*,#4599,.F.);
#6530=ORIENTED_EDGE('',*,*,#4602,.T.);
#6531=ORIENTED_EDGE('',*,*,#4603,.F.);
#6532=ORIENTED_EDGE('',*,*,#4602,.F.);
#6533=ORIENTED_EDGE('',*,*,#4604,.F.);
#6534=ORIENTED_EDGE('',*,*,#4601,.F.);
#6535=ORIENTED_EDGE('',*,*,#4605,.T.);
#6536=ORIENTED_EDGE('',*,*,#4606,.T.);
#6537=ORIENTED_EDGE('',*,*,#4603,.T.);
#6538=ORIENTED_EDGE('',*,*,#4606,.F.);
#6539=ORIENTED_EDGE('',*,*,#4607,.F.);
#6540=ORIENTED_EDGE('',*,*,#4605,.F.);
#6541=ORIENTED_EDGE('',*,*,#4608,.T.);
#6542=ORIENTED_EDGE('',*,*,#4609,.T.);
#6543=ORIENTED_EDGE('',*,*,#4607,.T.);
#6544=ORIENTED_EDGE('',*,*,#4609,.F.);
#6545=ORIENTED_EDGE('',*,*,#4610,.F.);
#6546=ORIENTED_EDGE('',*,*,#4611,.T.);
#6547=ORIENTED_EDGE('',*,*,#4608,.F.);
#6548=ORIENTED_EDGE('',*,*,#4611,.F.);
#6549=ORIENTED_EDGE('',*,*,#4604,.T.);
#6550=ORIENTED_EDGE('',*,*,#4612,.T.);
#6551=ORIENTED_EDGE('',*,*,#4610,.T.);
#6552=ORIENTED_EDGE('',*,*,#4612,.F.);
#6553=CONICAL_SURFACE('',#7083,1.5,0.785398163397448);
#6554=CONICAL_SURFACE('',#7086,1.5,0.785398163397449);
#6555=CONICAL_SURFACE('',#7099,1.5,0.785398163397448);
#6556=CONICAL_SURFACE('',#7102,1.5,0.785398163397449);
#6557=CONICAL_SURFACE('',#7477,4.25,0.78539816339745);
#6558=CONICAL_SURFACE('',#7481,1.9,0.785398163397447);
#6559=CONICAL_SURFACE('',#7491,1.73205080756883,0.78539816339745);
#6560=CONICAL_SURFACE('',#7492,1.73205080756883,0.78539816339745);
#6561=CONICAL_SURFACE('',#7493,1.73205080756883,0.78539816339745);
#6562=CONICAL_SURFACE('',#7494,1.73205080756883,0.78539816339745);
#6563=CONICAL_SURFACE('',#7495,1.73205080756883,0.78539816339745);
#6564=CONICAL_SURFACE('',#7496,1.73205080756883,0.78539816339745);
#6565=CONICAL_SURFACE('',#7511,2.75,0.785398163397453);
#6566=CONICAL_SURFACE('',#7515,1.125,0.785398163397446);
#6567=CONICAL_SURFACE('',#7525,1.15470053837923,0.78539816339745);
#6568=CONICAL_SURFACE('',#7526,1.15470053837923,0.78539816339745);
#6569=CONICAL_SURFACE('',#7527,1.15470053837923,0.78539816339745);
#6570=CONICAL_SURFACE('',#7528,1.15470053837923,0.78539816339745);
#6571=CONICAL_SURFACE('',#7529,1.15470053837923,0.78539816339745);
#6572=CONICAL_SURFACE('',#7530,1.15470053837923,0.78539816339745);
#6573=CONICAL_SURFACE('',#7540,0.9,0.785398163397449);
#6574=CONICAL_SURFACE('',#7544,1.4,0.785398163397448);
#6575=CONICAL_SURFACE('',#7548,1.4,0.785398163397453);
#6576=CONICAL_SURFACE('',#7557,1.65,0.785398163397448);
#6577=CONICAL_SURFACE('',#7562,1.65,0.785398163397448);
#6578=CONICAL_SURFACE('',#7567,1.65,0.785398163397448);
#6579=CONICAL_SURFACE('',#7571,1.65,0.785398163397448);
#6580=CONICAL_SURFACE('',#7575,0.549999999999999,0.785398163397439);
#6581=CONICAL_SURFACE('',#7581,0.549999999999999,0.78539816339744);
#6582=CONICAL_SURFACE('',#7585,0.55,0.785398163397446);
#6583=CONICAL_SURFACE('',#7588,2.65,0.785398163397448);
#6584=CONICAL_SURFACE('',#7593,2.65,0.785398163397448);
#6585=CONICAL_SURFACE('',#7598,4.5,0.785398163397448);
#6586=CONICAL_SURFACE('',#7602,4.5,0.78539816339745);
#6587=CONICAL_SURFACE('',#7606,2.65,0.785398163397448);
#6588=CONICAL_SURFACE('',#7610,2.65,0.785398163397448);
#6589=CONICAL_SURFACE('',#7612,0.9,0.785398163397449);
#6590=CONICAL_SURFACE('',#7616,1.4,0.785398163397448);
#6591=CONICAL_SURFACE('',#7620,1.4,0.785398163397453);
#6592=CONICAL_SURFACE('',#7630,1.65,0.785398163397448);
#6593=CONICAL_SURFACE('',#7637,1.65,0.785398163397448);
#6594=CONICAL_SURFACE('',#7641,1.65,0.785398163397448);
#6595=CONICAL_SURFACE('',#7645,1.65,0.785398163397448);
#6596=CONICAL_SURFACE('',#7649,0.549999999999999,0.785398163397439);
#6597=CONICAL_SURFACE('',#7657,0.549999999999999,0.78539816339744);
#6598=CONICAL_SURFACE('',#7661,0.55,0.785398163397446);
#6599=CONICAL_SURFACE('',#7671,1.50725,0.785398163397448);
#6600=CONICAL_SURFACE('',#7681,4.25,0.78539816339745);
#6601=CONICAL_SURFACE('',#7685,1.9,0.785398163397447);
#6602=CONICAL_SURFACE('',#7695,1.73205080756883,0.78539816339745);
#6603=CONICAL_SURFACE('',#7696,1.73205080756883,0.78539816339745);
#6604=CONICAL_SURFACE('',#7697,1.73205080756883,0.78539816339745);
#6605=CONICAL_SURFACE('',#7698,1.73205080756883,0.78539816339745);
#6606=CONICAL_SURFACE('',#7699,1.73205080756883,0.78539816339745);
#6607=CONICAL_SURFACE('',#7700,1.73205080756883,0.78539816339745);
#6608=CONICAL_SURFACE('',#7709,2.64999999999999,0.785398163397405);
#6609=CONICAL_SURFACE('',#7716,2.65000000000001,0.78539816339747);
#6610=CONICAL_SURFACE('',#7720,3.89999999999999,0.785398163397383);
#6611=CONICAL_SURFACE('',#7724,3.89999999999998,0.785398163397499);
#6612=ADVANCED_FACE('',(#584),#6553,.F.);
#6613=ADVANCED_FACE('',(#585),#6554,.F.);
#6614=ADVANCED_FACE('',(#586),#526,.F.);
#6615=ADVANCED_FACE('',(#587),#527,.F.);
#6616=ADVANCED_FACE('',(#588),#528,.F.);
#6617=ADVANCED_FACE('',(#589),#529,.F.);
#6618=ADVANCED_FACE('',(#590),#6555,.F.);
#6619=ADVANCED_FACE('',(#591),#6556,.F.);
#6620=ADVANCED_FACE('',(#592),#530,.F.);
#6621=ADVANCED_FACE('',(#593),#531,.F.);
#6622=ADVANCED_FACE('',(#594),#259,.F.);
#6623=ADVANCED_FACE('',(#595),#260,.T.);
#6624=ADVANCED_FACE('',(#596),#261,.T.);
#6625=ADVANCED_FACE('',(#597),#262,.F.);
#6626=ADVANCED_FACE('',(#598),#263,.T.);
#6627=ADVANCED_FACE('',(#599),#264,.F.);
#6628=ADVANCED_FACE('',(#600),#265,.F.);
#6629=ADVANCED_FACE('',(#601),#266,.T.);
#6630=ADVANCED_FACE('',(#602),#267,.F.);
#6631=ADVANCED_FACE('',(#603),#268,.T.);
#6632=ADVANCED_FACE('',(#604),#532,.F.);
#6633=ADVANCED_FACE('',(#605),#269,.F.);
#6634=ADVANCED_FACE('',(#606),#270,.F.);
#6635=ADVANCED_FACE('',(#607),#271,.F.);
#6636=ADVANCED_FACE('',(#608),#272,.F.);
#6637=ADVANCED_FACE('',(#609),#273,.T.);
#6638=ADVANCED_FACE('',(#610,#214,#215),#274,.T.);
#6639=ADVANCED_FACE('',(#611),#275,.T.);
#6640=ADVANCED_FACE('',(#612,#216,#217),#276,.T.);
#6641=ADVANCED_FACE('',(#613),#277,.F.);
#6642=ADVANCED_FACE('',(#614),#278,.F.);
#6643=ADVANCED_FACE('',(#615),#279,.T.);
#6644=ADVANCED_FACE('',(#616),#280,.T.);
#6645=ADVANCED_FACE('',(#617,#218),#281,.T.);
#6646=ADVANCED_FACE('',(#618),#282,.F.);
#6647=ADVANCED_FACE('',(#619),#283,.T.);
#6648=ADVANCED_FACE('',(#620,#219),#284,.T.);
#6649=ADVANCED_FACE('',(#621),#533,.F.);
#6650=ADVANCED_FACE('',(#622),#534,.F.);
#6651=ADVANCED_FACE('',(#623),#535,.F.);
#6652=ADVANCED_FACE('',(#624),#285,.T.);
#6653=ADVANCED_FACE('',(#625),#286,.F.);
#6654=ADVANCED_FACE('',(#626),#287,.F.);
#6655=ADVANCED_FACE('',(#627),#288,.T.);
#6656=ADVANCED_FACE('',(#628),#289,.T.);
#6657=ADVANCED_FACE('',(#629),#290,.F.);
#6658=ADVANCED_FACE('',(#630),#291,.F.);
#6659=ADVANCED_FACE('',(#631),#292,.F.);
#6660=ADVANCED_FACE('',(#632),#293,.F.);
#6661=ADVANCED_FACE('',(#633),#294,.T.);
#6662=ADVANCED_FACE('',(#634,#220),#295,.T.);
#6663=ADVANCED_FACE('',(#635,#221),#296,.F.);
#6664=ADVANCED_FACE('',(#636),#297,.F.);
#6665=ADVANCED_FACE('',(#637),#298,.T.);
#6666=ADVANCED_FACE('',(#638),#299,.T.);
#6667=ADVANCED_FACE('',(#639),#300,.F.);
#6668=ADVANCED_FACE('',(#640),#301,.T.);
#6669=ADVANCED_FACE('',(#641),#302,.F.);
#6670=ADVANCED_FACE('',(#642),#107,.T.);
#6671=ADVANCED_FACE('',(#643),#303,.T.);
#6672=ADVANCED_FACE('',(#644),#304,.F.);
#6673=ADVANCED_FACE('',(#645),#305,.F.);
#6674=ADVANCED_FACE('',(#646),#306,.F.);
#6675=ADVANCED_FACE('',(#647),#307,.F.);
#6676=ADVANCED_FACE('',(#648),#308,.F.);
#6677=ADVANCED_FACE('',(#649),#309,.F.);
#6678=ADVANCED_FACE('',(#650),#310,.F.);
#6679=ADVANCED_FACE('',(#651),#311,.F.);
#6680=ADVANCED_FACE('',(#652),#312,.F.);
#6681=ADVANCED_FACE('',(#653),#313,.F.);
#6682=ADVANCED_FACE('',(#654),#314,.F.);
#6683=ADVANCED_FACE('',(#655),#315,.F.);
#6684=ADVANCED_FACE('',(#656),#316,.T.);
#6685=ADVANCED_FACE('',(#657),#108,.T.);
#6686=ADVANCED_FACE('',(#658),#317,.T.);
#6687=ADVANCED_FACE('',(#659),#318,.F.);
#6688=ADVANCED_FACE('',(#660),#319,.F.);
#6689=ADVANCED_FACE('',(#661),#320,.F.);
#6690=ADVANCED_FACE('',(#662),#321,.F.);
#6691=ADVANCED_FACE('',(#663),#322,.F.);
#6692=ADVANCED_FACE('',(#664),#323,.F.);
#6693=ADVANCED_FACE('',(#665),#324,.F.);
#6694=ADVANCED_FACE('',(#666),#325,.F.);
#6695=ADVANCED_FACE('',(#667),#326,.F.);
#6696=ADVANCED_FACE('',(#668),#327,.F.);
#6697=ADVANCED_FACE('',(#669),#328,.F.);
#6698=ADVANCED_FACE('',(#670),#329,.F.);
#6699=ADVANCED_FACE('',(#671),#330,.T.);
#6700=ADVANCED_FACE('',(#672),#536,.F.);
#6701=ADVANCED_FACE('',(#673),#537,.F.);
#6702=ADVANCED_FACE('',(#674),#538,.F.);
#6703=ADVANCED_FACE('',(#675),#539,.F.);
#6704=ADVANCED_FACE('',(#676),#331,.T.);
#6705=ADVANCED_FACE('',(#677),#332,.F.);
#6706=ADVANCED_FACE('',(#678),#333,.T.);
#6707=ADVANCED_FACE('',(#679),#334,.F.);
#6708=ADVANCED_FACE('',(#680),#335,.T.);
#6709=ADVANCED_FACE('',(#681),#336,.T.);
#6710=ADVANCED_FACE('',(#682),#540,.T.);
#6711=ADVANCED_FACE('',(#683),#337,.F.);
#6712=ADVANCED_FACE('',(#684),#338,.T.);
#6713=ADVANCED_FACE('',(#685),#339,.T.);
#6714=ADVANCED_FACE('',(#686),#541,.T.);
#6715=ADVANCED_FACE('',(#687),#340,.T.);
#6716=ADVANCED_FACE('',(#688),#341,.F.);
#6717=ADVANCED_FACE('',(#689),#342,.T.);
#6718=ADVANCED_FACE('',(#690),#343,.T.);
#6719=ADVANCED_FACE('',(#691),#344,.F.);
#6720=ADVANCED_FACE('',(#692),#542,.T.);
#6721=ADVANCED_FACE('',(#693),#345,.F.);
#6722=ADVANCED_FACE('',(#694),#346,.F.);
#6723=ADVANCED_FACE('',(#695),#347,.T.);
#6724=ADVANCED_FACE('',(#696),#543,.T.);
#6725=ADVANCED_FACE('',(#697),#348,.F.);
#6726=ADVANCED_FACE('',(#698),#349,.F.);
#6727=ADVANCED_FACE('',(#699,#222,#223,#224),#350,.F.);
#6728=ADVANCED_FACE('',(#700),#351,.T.);
#6729=ADVANCED_FACE('',(#701),#352,.F.);
#6730=ADVANCED_FACE('',(#702),#353,.T.);
#6731=ADVANCED_FACE('',(#703),#354,.F.);
#6732=ADVANCED_FACE('',(#704),#355,.F.);
#6733=ADVANCED_FACE('',(#705),#356,.T.);
#6734=ADVANCED_FACE('',(#706),#357,.F.);
#6735=ADVANCED_FACE('',(#707),#358,.T.);
#6736=ADVANCED_FACE('',(#708),#359,.F.);
#6737=ADVANCED_FACE('',(#709),#360,.T.);
#6738=ADVANCED_FACE('',(#710),#361,.F.);
#6739=ADVANCED_FACE('',(#711,#225),#362,.T.);
#6740=ADVANCED_FACE('',(#712),#363,.T.);
#6741=ADVANCED_FACE('',(#713),#364,.T.);
#6742=ADVANCED_FACE('',(#714),#365,.F.);
#6743=ADVANCED_FACE('',(#715),#366,.T.);
#6744=ADVANCED_FACE('',(#716),#367,.F.);
#6745=ADVANCED_FACE('',(#717),#368,.T.);
#6746=ADVANCED_FACE('',(#718),#544,.F.);
#6747=ADVANCED_FACE('',(#719),#369,.T.);
#6748=ADVANCED_FACE('',(#720),#370,.F.);
#6749=ADVANCED_FACE('',(#721),#371,.T.);
#6750=ADVANCED_FACE('',(#722),#372,.F.);
#6751=ADVANCED_FACE('',(#723),#373,.F.);
#6752=ADVANCED_FACE('',(#724),#374,.T.);
#6753=ADVANCED_FACE('',(#725),#545,.F.);
#6754=ADVANCED_FACE('',(#726),#546,.F.);
#6755=ADVANCED_FACE('',(#727),#547,.F.);
#6756=ADVANCED_FACE('',(#728),#375,.T.);
#6757=ADVANCED_FACE('',(#729),#376,.F.);
#6758=ADVANCED_FACE('',(#730),#377,.F.);
#6759=ADVANCED_FACE('',(#731),#378,.T.);
#6760=ADVANCED_FACE('',(#732),#379,.T.);
#6761=ADVANCED_FACE('',(#733),#380,.F.);
#6762=ADVANCED_FACE('',(#734),#381,.F.);
#6763=ADVANCED_FACE('',(#735),#382,.F.);
#6764=ADVANCED_FACE('',(#736),#383,.F.);
#6765=ADVANCED_FACE('',(#737),#384,.T.);
#6766=ADVANCED_FACE('',(#738,#226),#385,.T.);
#6767=ADVANCED_FACE('',(#739,#227),#386,.F.);
#6768=ADVANCED_FACE('',(#740),#387,.F.);
#6769=ADVANCED_FACE('',(#741),#388,.T.);
#6770=ADVANCED_FACE('',(#742),#389,.T.);
#6771=ADVANCED_FACE('',(#743),#390,.F.);
#6772=ADVANCED_FACE('',(#744),#391,.T.);
#6773=ADVANCED_FACE('',(#745),#392,.F.);
#6774=ADVANCED_FACE('',(#746),#548,.F.);
#6775=ADVANCED_FACE('',(#747),#549,.F.);
#6776=ADVANCED_FACE('',(#748),#550,.F.);
#6777=ADVANCED_FACE('',(#749),#551,.F.);
#6778=ADVANCED_FACE('',(#750),#393,.T.);
#6779=ADVANCED_FACE('',(#751),#394,.F.);
#6780=ADVANCED_FACE('',(#752),#395,.T.);
#6781=ADVANCED_FACE('',(#753),#396,.F.);
#6782=ADVANCED_FACE('',(#754),#397,.T.);
#6783=ADVANCED_FACE('',(#755),#398,.T.);
#6784=ADVANCED_FACE('',(#756),#552,.T.);
#6785=ADVANCED_FACE('',(#757),#399,.F.);
#6786=ADVANCED_FACE('',(#758),#400,.T.);
#6787=ADVANCED_FACE('',(#759),#401,.T.);
#6788=ADVANCED_FACE('',(#760),#553,.T.);
#6789=ADVANCED_FACE('',(#761),#402,.T.);
#6790=ADVANCED_FACE('',(#762),#403,.F.);
#6791=ADVANCED_FACE('',(#763),#404,.T.);
#6792=ADVANCED_FACE('',(#764),#405,.T.);
#6793=ADVANCED_FACE('',(#765),#406,.F.);
#6794=ADVANCED_FACE('',(#766),#554,.T.);
#6795=ADVANCED_FACE('',(#767),#407,.F.);
#6796=ADVANCED_FACE('',(#768),#408,.F.);
#6797=ADVANCED_FACE('',(#769),#409,.T.);
#6798=ADVANCED_FACE('',(#770),#555,.T.);
#6799=ADVANCED_FACE('',(#771),#410,.F.);
#6800=ADVANCED_FACE('',(#772),#411,.F.);
#6801=ADVANCED_FACE('',(#773,#228,#229,#230),#412,.F.);
#6802=ADVANCED_FACE('',(#774),#413,.T.);
#6803=ADVANCED_FACE('',(#775),#414,.F.);
#6804=ADVANCED_FACE('',(#776),#415,.T.);
#6805=ADVANCED_FACE('',(#777),#416,.F.);
#6806=ADVANCED_FACE('',(#778),#417,.F.);
#6807=ADVANCED_FACE('',(#779),#418,.T.);
#6808=ADVANCED_FACE('',(#780),#419,.F.);
#6809=ADVANCED_FACE('',(#781),#420,.T.);
#6810=ADVANCED_FACE('',(#782),#421,.F.);
#6811=ADVANCED_FACE('',(#783),#422,.T.);
#6812=ADVANCED_FACE('',(#784),#423,.F.);
#6813=ADVANCED_FACE('',(#785,#231),#424,.T.);
#6814=ADVANCED_FACE('',(#786),#425,.T.);
#6815=ADVANCED_FACE('',(#787),#426,.T.);
#6816=ADVANCED_FACE('',(#788),#427,.F.);
#6817=ADVANCED_FACE('',(#789),#428,.T.);
#6818=ADVANCED_FACE('',(#790),#429,.F.);
#6819=ADVANCED_FACE('',(#791),#430,.T.);
#6820=ADVANCED_FACE('',(#792),#556,.F.);
#6821=ADVANCED_FACE('',(#793),#431,.T.);
#6822=ADVANCED_FACE('',(#794),#432,.F.);
#6823=ADVANCED_FACE('',(#795),#433,.T.);
#6824=ADVANCED_FACE('',(#796),#434,.F.);
#6825=ADVANCED_FACE('',(#797),#435,.F.);
#6826=ADVANCED_FACE('',(#798),#436,.T.);
#6827=ADVANCED_FACE('',(#799),#109,.T.);
#6828=ADVANCED_FACE('',(#800),#437,.T.);
#6829=ADVANCED_FACE('',(#801),#438,.F.);
#6830=ADVANCED_FACE('',(#802),#439,.F.);
#6831=ADVANCED_FACE('',(#803),#440,.F.);
#6832=ADVANCED_FACE('',(#804),#441,.F.);
#6833=ADVANCED_FACE('',(#805),#442,.F.);
#6834=ADVANCED_FACE('',(#806),#443,.F.);
#6835=ADVANCED_FACE('',(#807),#444,.F.);
#6836=ADVANCED_FACE('',(#808),#445,.F.);
#6837=ADVANCED_FACE('',(#809),#446,.F.);
#6838=ADVANCED_FACE('',(#810),#447,.F.);
#6839=ADVANCED_FACE('',(#811),#448,.F.);
#6840=ADVANCED_FACE('',(#812),#449,.F.);
#6841=ADVANCED_FACE('',(#813),#450,.T.);
#6842=ADVANCED_FACE('',(#814),#110,.T.);
#6843=ADVANCED_FACE('',(#815),#451,.T.);
#6844=ADVANCED_FACE('',(#816),#452,.F.);
#6845=ADVANCED_FACE('',(#817),#453,.F.);
#6846=ADVANCED_FACE('',(#818),#454,.F.);
#6847=ADVANCED_FACE('',(#819),#455,.F.);
#6848=ADVANCED_FACE('',(#820),#456,.F.);
#6849=ADVANCED_FACE('',(#821),#457,.F.);
#6850=ADVANCED_FACE('',(#822),#458,.F.);
#6851=ADVANCED_FACE('',(#823),#459,.F.);
#6852=ADVANCED_FACE('',(#824),#460,.F.);
#6853=ADVANCED_FACE('',(#825),#461,.F.);
#6854=ADVANCED_FACE('',(#826),#462,.F.);
#6855=ADVANCED_FACE('',(#827),#463,.F.);
#6856=ADVANCED_FACE('',(#828),#464,.T.);
#6857=ADVANCED_FACE('',(#829),#557,.T.);
#6858=ADVANCED_FACE('',(#830,#232),#465,.T.);
#6859=ADVANCED_FACE('',(#831),#6557,.T.);
#6860=ADVANCED_FACE('',(#832),#558,.T.);
#6861=ADVANCED_FACE('',(#833),#6558,.T.);
#6862=ADVANCED_FACE('',(#834,#233),#466,.T.);
#6863=ADVANCED_FACE('',(#835),#467,.T.);
#6864=ADVANCED_FACE('',(#836),#6559,.F.);
#6865=ADVANCED_FACE('',(#837),#6560,.F.);
#6866=ADVANCED_FACE('',(#838),#6561,.F.);
#6867=ADVANCED_FACE('',(#839),#6562,.F.);
#6868=ADVANCED_FACE('',(#840),#6563,.F.);
#6869=ADVANCED_FACE('',(#841),#6564,.F.);
#6870=ADVANCED_FACE('',(#842),#468,.F.);
#6871=ADVANCED_FACE('',(#843),#469,.T.);
#6872=ADVANCED_FACE('',(#844),#470,.T.);
#6873=ADVANCED_FACE('',(#845),#471,.T.);
#6874=ADVANCED_FACE('',(#846),#472,.T.);
#6875=ADVANCED_FACE('',(#847),#473,.T.);
#6876=ADVANCED_FACE('',(#848),#474,.T.);
#6877=ADVANCED_FACE('',(#849),#559,.T.);
#6878=ADVANCED_FACE('',(#850,#234),#475,.T.);
#6879=ADVANCED_FACE('',(#851),#6565,.T.);
#6880=ADVANCED_FACE('',(#852),#560,.T.);
#6881=ADVANCED_FACE('',(#853),#6566,.T.);
#6882=ADVANCED_FACE('',(#854,#235),#476,.T.);
#6883=ADVANCED_FACE('',(#855),#477,.T.);
#6884=ADVANCED_FACE('',(#856),#6567,.F.);
#6885=ADVANCED_FACE('',(#857),#6568,.F.);
#6886=ADVANCED_FACE('',(#858),#6569,.F.);
#6887=ADVANCED_FACE('',(#859),#6570,.F.);
#6888=ADVANCED_FACE('',(#860),#6571,.F.);
#6889=ADVANCED_FACE('',(#861),#6572,.F.);
#6890=ADVANCED_FACE('',(#862),#478,.F.);
#6891=ADVANCED_FACE('',(#863),#479,.T.);
#6892=ADVANCED_FACE('',(#864),#480,.T.);
#6893=ADVANCED_FACE('',(#865),#481,.T.);
#6894=ADVANCED_FACE('',(#866),#482,.T.);
#6895=ADVANCED_FACE('',(#867),#483,.T.);
#6896=ADVANCED_FACE('',(#868),#484,.T.);
#6897=ADVANCED_FACE('',(#869),#485,.F.);
#6898=ADVANCED_FACE('',(#870),#6573,.T.);
#6899=ADVANCED_FACE('',(#871),#486,.F.);
#6900=ADVANCED_FACE('',(#872),#6574,.T.);
#6901=ADVANCED_FACE('',(#873),#487,.F.);
#6902=ADVANCED_FACE('',(#874),#6575,.T.);
#6903=ADVANCED_FACE('',(#875),#561,.T.);
#6904=ADVANCED_FACE('',(#876),#488,.F.);
#6905=ADVANCED_FACE('',(#877),#562,.T.);
#6906=ADVANCED_FACE('',(#878),#489,.F.);
#6907=ADVANCED_FACE('',(#879),#563,.T.);
#6908=ADVANCED_FACE('',(#880),#6576,.F.);
#6909=ADVANCED_FACE('',(#881),#564,.F.);
#6910=ADVANCED_FACE('',(#882),#6577,.F.);
#6911=ADVANCED_FACE('',(#883),#565,.F.);
#6912=ADVANCED_FACE('',(#884),#6578,.F.);
#6913=ADVANCED_FACE('',(#885,#236),#490,.T.);
#6914=ADVANCED_FACE('',(#886),#6579,.F.);
#6915=ADVANCED_FACE('',(#887,#237),#491,.T.);
#6916=ADVANCED_FACE('',(#888),#6580,.T.);
#6917=ADVANCED_FACE('',(#889),#566,.F.);
#6918=ADVANCED_FACE('',(#890),#567,.F.);
#6919=ADVANCED_FACE('',(#891),#6581,.T.);
#6920=ADVANCED_FACE('',(#892),#492,.F.);
#6921=ADVANCED_FACE('',(#893,#238,#239),#493,.F.);
#6922=ADVANCED_FACE('',(#894),#6582,.T.);
#6923=ADVANCED_FACE('',(#895),#494,.T.);
#6924=ADVANCED_FACE('',(#896),#6583,.F.);
#6925=ADVANCED_FACE('',(#897),#568,.F.);
#6926=ADVANCED_FACE('',(#898),#6584,.F.);
#6927=ADVANCED_FACE('',(#899,#240),#569,.F.);
#6928=ADVANCED_FACE('',(#900),#6585,.F.);
#6929=ADVANCED_FACE('',(#901),#495,.T.);
#6930=ADVANCED_FACE('',(#902),#6586,.F.);
#6931=ADVANCED_FACE('',(#903,#241),#496,.T.);
#6932=ADVANCED_FACE('',(#904),#6587,.F.);
#6933=ADVANCED_FACE('',(#905,#242,#243),#497,.T.);
#6934=ADVANCED_FACE('',(#906),#6588,.F.);
#6935=ADVANCED_FACE('',(#907),#498,.T.);
#6936=ADVANCED_FACE('',(#908),#6589,.T.);
#6937=ADVANCED_FACE('',(#909),#499,.T.);
#6938=ADVANCED_FACE('',(#910),#6590,.T.);
#6939=ADVANCED_FACE('',(#911),#500,.T.);
#6940=ADVANCED_FACE('',(#912),#6591,.T.);
#6941=ADVANCED_FACE('',(#913),#501,.T.);
#6942=ADVANCED_FACE('',(#914),#570,.T.);
#6943=ADVANCED_FACE('',(#915),#502,.T.);
#6944=ADVANCED_FACE('',(#916),#571,.T.);
#6945=ADVANCED_FACE('',(#917),#503,.T.);
#6946=ADVANCED_FACE('',(#918),#572,.T.);
#6947=ADVANCED_FACE('',(#919),#6592,.F.);
#6948=ADVANCED_FACE('',(#920,#244,#245,#246,#247),#504,.T.);
#6949=ADVANCED_FACE('',(#921),#573,.F.);
#6950=ADVANCED_FACE('',(#922),#6593,.F.);
#6951=ADVANCED_FACE('',(#923),#574,.F.);
#6952=ADVANCED_FACE('',(#924),#6594,.F.);
#6953=ADVANCED_FACE('',(#925,#248),#505,.F.);
#6954=ADVANCED_FACE('',(#926),#6595,.F.);
#6955=ADVANCED_FACE('',(#927,#249),#506,.F.);
#6956=ADVANCED_FACE('',(#928),#6596,.T.);
#6957=ADVANCED_FACE('',(#929),#575,.F.);
#6958=ADVANCED_FACE('',(#930),#576,.F.);
#6959=ADVANCED_FACE('',(#931),#507,.T.);
#6960=ADVANCED_FACE('',(#932),#508,.T.);
#6961=ADVANCED_FACE('',(#933),#6597,.T.);
#6962=ADVANCED_FACE('',(#934),#509,.T.);
#6963=ADVANCED_FACE('',(#935,#250,#251),#510,.T.);
#6964=ADVANCED_FACE('',(#936),#6598,.T.);
#6965=ADVANCED_FACE('',(#937,#252),#511,.T.);
#6966=ADVANCED_FACE('',(#938,#253,#254),#512,.T.);
#6967=ADVANCED_FACE('',(#939),#577,.F.);
#6968=ADVANCED_FACE('',(#940),#513,.F.);
#6969=ADVANCED_FACE('',(#941),#578,.F.);
#6970=ADVANCED_FACE('',(#942),#6599,.F.);
#6971=ADVANCED_FACE('',(#943),#579,.F.);
#6972=ADVANCED_FACE('',(#944),#580,.T.);
#6973=ADVANCED_FACE('',(#945,#255),#514,.T.);
#6974=ADVANCED_FACE('',(#946),#6600,.T.);
#6975=ADVANCED_FACE('',(#947),#581,.T.);
#6976=ADVANCED_FACE('',(#948),#6601,.T.);
#6977=ADVANCED_FACE('',(#949,#256),#515,.T.);
#6978=ADVANCED_FACE('',(#950),#516,.T.);
#6979=ADVANCED_FACE('',(#951),#6602,.F.);
#6980=ADVANCED_FACE('',(#952),#6603,.F.);
#6981=ADVANCED_FACE('',(#953),#6604,.F.);
#6982=ADVANCED_FACE('',(#954),#6605,.F.);
#6983=ADVANCED_FACE('',(#955),#6606,.F.);
#6984=ADVANCED_FACE('',(#956),#6607,.F.);
#6985=ADVANCED_FACE('',(#957),#517,.F.);
#6986=ADVANCED_FACE('',(#958),#518,.T.);
#6987=ADVANCED_FACE('',(#959),#519,.T.);
#6988=ADVANCED_FACE('',(#960),#520,.T.);
#6989=ADVANCED_FACE('',(#961),#521,.T.);
#6990=ADVANCED_FACE('',(#962),#522,.T.);
#6991=ADVANCED_FACE('',(#963),#523,.T.);
#6992=ADVANCED_FACE('',(#964),#6608,.F.);
#6993=ADVANCED_FACE('',(#965),#582,.F.);
#6994=ADVANCED_FACE('',(#966,#257),#524,.T.);
#6995=ADVANCED_FACE('',(#967),#6609,.F.);
#6996=ADVANCED_FACE('',(#968,#258),#525,.F.);
#6997=ADVANCED_FACE('',(#969),#6610,.T.);
#6998=ADVANCED_FACE('',(#970),#583,.T.);
#6999=ADVANCED_FACE('',(#971),#6611,.T.);
#7000=CLOSED_SHELL('',(#6612,#6613,#6614,#6615,#6616,#6617,#6618,#6619,
#6620,#6621,#6622,#6623,#6624,#6625,#6626,#6627,#6628,#6629,#6630,#6631,
#6632,#6633,#6634,#6635,#6636,#6637,#6638,#6639,#6640,#6641,#6642,#6643,
#6644,#6645,#6646,#6647,#6648));
#7001=CLOSED_SHELL('',(#6649,#6650,#6651,#6652,#6653,#6654,#6655,#6656,
#6657,#6658,#6659,#6660,#6661,#6662,#6663,#6664,#6665,#6666,#6667,#6668,
#6669));
#7002=CLOSED_SHELL('',(#6670,#6671,#6672,#6673,#6674,#6675,#6676,#6677,
#6678,#6679,#6680,#6681,#6682,#6683,#6684));
#7003=CLOSED_SHELL('',(#6685,#6686,#6687,#6688,#6689,#6690,#6691,#6692,
#6693,#6694,#6695,#6696,#6697,#6698,#6699));
#7004=CLOSED_SHELL('',(#6700,#6701,#6702,#6703,#6704,#6705,#6706,#6707,
#6708,#6709,#6710,#6711,#6712,#6713,#6714,#6715,#6716,#6717,#6718,#6719,
#6720,#6721,#6722,#6723,#6724,#6725,#6726,#6727,#6728,#6729,#6730,#6731,
#6732,#6733,#6734,#6735,#6736,#6737,#6738,#6739,#6740,#6741,#6742,#6743,
#6744,#6745,#6746,#6747,#6748,#6749,#6750,#6751,#6752));
#7005=CLOSED_SHELL('',(#6753,#6754,#6755,#6756,#6757,#6758,#6759,#6760,
#6761,#6762,#6763,#6764,#6765,#6766,#6767,#6768,#6769,#6770,#6771,#6772,
#6773));
#7006=CLOSED_SHELL('',(#6774,#6775,#6776,#6777,#6778,#6779,#6780,#6781,
#6782,#6783,#6784,#6785,#6786,#6787,#6788,#6789,#6790,#6791,#6792,#6793,
#6794,#6795,#6796,#6797,#6798,#6799,#6800,#6801,#6802,#6803,#6804,#6805,
#6806,#6807,#6808,#6809,#6810,#6811,#6812,#6813,#6814,#6815,#6816,#6817,
#6818,#6819,#6820,#6821,#6822,#6823,#6824,#6825,#6826));
#7007=CLOSED_SHELL('',(#6827,#6828,#6829,#6830,#6831,#6832,#6833,#6834,
#6835,#6836,#6837,#6838,#6839,#6840,#6841));
#7008=CLOSED_SHELL('',(#6842,#6843,#6844,#6845,#6846,#6847,#6848,#6849,
#6850,#6851,#6852,#6853,#6854,#6855,#6856));
#7009=CLOSED_SHELL('',(#6857,#6858,#6859,#6860,#6861,#6862,#6863,#6864,
#6865,#6866,#6867,#6868,#6869,#6870,#6871,#6872,#6873,#6874,#6875,#6876));
#7010=CLOSED_SHELL('',(#6877,#6878,#6879,#6880,#6881,#6882,#6883,#6884,
#6885,#6886,#6887,#6888,#6889,#6890,#6891,#6892,#6893,#6894,#6895,#6896));
#7011=CLOSED_SHELL('',(#6897,#6898,#6899,#6900,#6901,#6902,#6903,#6904,
#6905,#6906,#6907,#6908,#6909,#6910,#6911,#6912,#6913,#6914,#6915,#6916,
#6917,#6918,#6919,#6920,#6921,#6922,#6923,#6924,#6925,#6926,#6927,#6928,
#6929,#6930,#6931,#6932,#6933,#6934,#6935,#6936,#6937,#6938,#6939,#6940,
#6941,#6942,#6943,#6944,#6945,#6946,#6947,#6948,#6949,#6950,#6951,#6952,
#6953,#6954,#6955,#6956,#6957,#6958,#6959,#6960,#6961,#6962,#6963,#6964,
#6965,#6966,#6967,#6968,#6969,#6970,#6971));
#7012=CLOSED_SHELL('',(#6972,#6973,#6974,#6975,#6976,#6977,#6978,#6979,
#6980,#6981,#6982,#6983,#6984,#6985,#6986,#6987,#6988,#6989,#6990,#6991));
#7013=CLOSED_SHELL('',(#6992,#6993,#6994,#6995,#6996,#6997,#6998,#6999));
#7014=DERIVED_UNIT_ELEMENT(#7026,1.);
#7015=DERIVED_UNIT_ELEMENT(#11883,-3.);
#7016=DERIVED_UNIT_ELEMENT(#7026,1.);
#7017=DERIVED_UNIT_ELEMENT(#11883,-3.);
#7018=DERIVED_UNIT_ELEMENT(#7026,1.);
#7019=DERIVED_UNIT_ELEMENT(#11883,-3.);
#7020=DERIVED_UNIT_ELEMENT(#7026,1.);
#7021=DERIVED_UNIT_ELEMENT(#11883,-3.);
#7022=DERIVED_UNIT_ELEMENT(#7026,1.);
#7023=DERIVED_UNIT_ELEMENT(#11883,-3.);
#7024=DERIVED_UNIT_ELEMENT(#7026,1.);
#7025=DERIVED_UNIT_ELEMENT(#11883,-3.);
#7026=(
MASS_UNIT()
NAMED_UNIT(*)
SI_UNIT(.KILO.,.GRAM.)
);
#7027=DERIVED_UNIT((#7014,#7015));
#7028=DERIVED_UNIT((#7016,#7017));
#7029=DERIVED_UNIT((#7018,#7019));
#7030=DERIVED_UNIT((#7020,#7021));
#7031=DERIVED_UNIT((#7022,#7023));
#7032=DERIVED_UNIT((#7024,#7025));
#7033=MEASURE_REPRESENTATION_ITEM('density measure',
POSITIVE_RATIO_MEASURE(7850.),#7027);
#7034=MEASURE_REPRESENTATION_ITEM('density measure',
POSITIVE_RATIO_MEASURE(7850.),#7028);
#7035=MEASURE_REPRESENTATION_ITEM('density measure',
POSITIVE_RATIO_MEASURE(7850.),#7029);
#7036=MEASURE_REPRESENTATION_ITEM('density measure',
POSITIVE_RATIO_MEASURE(7850.),#7030);
#7037=MEASURE_REPRESENTATION_ITEM('density measure',
POSITIVE_RATIO_MEASURE(7850.),#7031);
#7038=MEASURE_REPRESENTATION_ITEM('density measure',
POSITIVE_RATIO_MEASURE(7850.),#7032);
#7039=PROPERTY_DEFINITION_REPRESENTATION(#7069,#7051);
#7040=PROPERTY_DEFINITION_REPRESENTATION(#7070,#7052);
#7041=PROPERTY_DEFINITION_REPRESENTATION(#7071,#7053);
#7042=PROPERTY_DEFINITION_REPRESENTATION(#7072,#7054);
#7043=PROPERTY_DEFINITION_REPRESENTATION(#7073,#7055);
#7044=PROPERTY_DEFINITION_REPRESENTATION(#7074,#7056);
#7045=PROPERTY_DEFINITION_REPRESENTATION(#7075,#7057);
#7046=PROPERTY_DEFINITION_REPRESENTATION(#7076,#7058);
#7047=PROPERTY_DEFINITION_REPRESENTATION(#7077,#7059);
#7048=PROPERTY_DEFINITION_REPRESENTATION(#7078,#7060);
#7049=PROPERTY_DEFINITION_REPRESENTATION(#7079,#7061);
#7050=PROPERTY_DEFINITION_REPRESENTATION(#7080,#7062);
#7051=REPRESENTATION('material name',(#7063),#11875);
#7052=REPRESENTATION('density',(#7033),#11875);
#7053=REPRESENTATION('material name',(#7064),#11876);
#7054=REPRESENTATION('density',(#7034),#11876);
#7055=REPRESENTATION('material name',(#7065),#11877);
#7056=REPRESENTATION('density',(#7035),#11877);
#7057=REPRESENTATION('material name',(#7066),#11878);
#7058=REPRESENTATION('density',(#7036),#11878);
#7059=REPRESENTATION('material name',(#7067),#11879);
#7060=REPRESENTATION('density',(#7037),#11879);
#7061=REPRESENTATION('material name',(#7068),#11880);
#7062=REPRESENTATION('density',(#7038),#11880);
#7063=DESCRIPTIVE_REPRESENTATION_ITEM('Steel','Steel');
#7064=DESCRIPTIVE_REPRESENTATION_ITEM('Steel','Steel');
#7065=DESCRIPTIVE_REPRESENTATION_ITEM('Steel','Steel');
#7066=DESCRIPTIVE_REPRESENTATION_ITEM('Steel','Steel');
#7067=DESCRIPTIVE_REPRESENTATION_ITEM('Steel','Steel');
#7068=DESCRIPTIVE_REPRESENTATION_ITEM('Steel','Steel');
#7069=PROPERTY_DEFINITION('material property','material name',#11920);
#7070=PROPERTY_DEFINITION('material property','density of part',#11920);
#7071=PROPERTY_DEFINITION('material property','material name',#11921);
#7072=PROPERTY_DEFINITION('material property','density of part',#11921);
#7073=PROPERTY_DEFINITION('material property','material name',#11922);
#7074=PROPERTY_DEFINITION('material property','density of part',#11922);
#7075=PROPERTY_DEFINITION('material property','material name',#11923);
#7076=PROPERTY_DEFINITION('material property','density of part',#11923);
#7077=PROPERTY_DEFINITION('material property','material name',#11924);
#7078=PROPERTY_DEFINITION('material property','density of part',#11924);
#7079=PROPERTY_DEFINITION('material property','material name',#11925);
#7080=PROPERTY_DEFINITION('material property','density of part',#11925);
#7081=AXIS2_PLACEMENT_3D('',#9733,#7736,#7737);
#7082=AXIS2_PLACEMENT_3D('',#9734,#7738,#7739);
#7083=AXIS2_PLACEMENT_3D('',#9735,#7740,#7741);
#7084=AXIS2_PLACEMENT_3D('',#9737,#7742,#7743);
#7085=AXIS2_PLACEMENT_3D('',#9740,#7745,#7746);
#7086=AXIS2_PLACEMENT_3D('',#9741,#7747,#7748);
#7087=AXIS2_PLACEMENT_3D('',#9743,#7749,#7750);
#7088=AXIS2_PLACEMENT_3D('',#9746,#7752,#7753);
#7089=AXIS2_PLACEMENT_3D('',#9747,#7754,#7755);
#7090=AXIS2_PLACEMENT_3D('',#9749,#7756,#7757);
#7091=AXIS2_PLACEMENT_3D('',#9751,#7759,#7760);
#7092=AXIS2_PLACEMENT_3D('',#9753,#7761,#7762);
#7093=AXIS2_PLACEMENT_3D('',#9755,#7764,#7765);
#7094=AXIS2_PLACEMENT_3D('',#9757,#7766,#7767);
#7095=AXIS2_PLACEMENT_3D('',#9760,#7769,#7770);
#7096=AXIS2_PLACEMENT_3D('',#9761,#7771,#7772);
#7097=AXIS2_PLACEMENT_3D('',#9764,#7773,#7774);
#7098=AXIS2_PLACEMENT_3D('',#9768,#7776,#7777);
#7099=AXIS2_PLACEMENT_3D('',#9770,#7779,#7780);
#7100=AXIS2_PLACEMENT_3D('',#9772,#7781,#7782);
#7101=AXIS2_PLACEMENT_3D('',#9775,#7784,#7785);
#7102=AXIS2_PLACEMENT_3D('',#9776,#7786,#7787);
#7103=AXIS2_PLACEMENT_3D('',#9778,#7788,#7789);
#7104=AXIS2_PLACEMENT_3D('',#9781,#7791,#7792);
#7105=AXIS2_PLACEMENT_3D('',#9782,#7793,#7794);
#7106=AXIS2_PLACEMENT_3D('',#9784,#7795,#7796);
#7107=AXIS2_PLACEMENT_3D('',#9786,#7798,#7799);
#7108=AXIS2_PLACEMENT_3D('',#9788,#7800,#7801);
#7109=AXIS2_PLACEMENT_3D('',#9790,#7803,#7804);
#7110=AXIS2_PLACEMENT_3D('',#9791,#7805,#7806);
#7111=AXIS2_PLACEMENT_3D('',#9792,#7807,#7808);
#7112=AXIS2_PLACEMENT_3D('',#9801,#7813,#7814);
#7113=AXIS2_PLACEMENT_3D('',#9810,#7819,#7820);
#7114=AXIS2_PLACEMENT_3D('',#9819,#7825,#7826);
#7115=AXIS2_PLACEMENT_3D('',#9828,#7831,#7832);
#7116=AXIS2_PLACEMENT_3D('',#9837,#7837,#7838);
#7117=AXIS2_PLACEMENT_3D('',#9846,#7843,#7844);
#7118=AXIS2_PLACEMENT_3D('',#9855,#7849,#7850);
#7119=AXIS2_PLACEMENT_3D('',#9864,#7855,#7856);
#7120=AXIS2_PLACEMENT_3D('',#9869,#7858,#7859);
#7121=AXIS2_PLACEMENT_3D('',#9872,#7861,#7862);
#7122=AXIS2_PLACEMENT_3D('',#9873,#7863,#7864);
#7123=AXIS2_PLACEMENT_3D('',#9882,#7869,#7870);
#7124=AXIS2_PLACEMENT_3D('',#9885,#7873,#7874);
#7125=AXIS2_PLACEMENT_3D('',#9888,#7877,#7878);
#7126=AXIS2_PLACEMENT_3D('',#9891,#7881,#7882);
#7127=AXIS2_PLACEMENT_3D('',#9894,#7885,#7886);
#7128=AXIS2_PLACEMENT_3D('',#9897,#7889,#7890);
#7129=AXIS2_PLACEMENT_3D('',#9900,#7893,#7894);
#7130=AXIS2_PLACEMENT_3D('',#9903,#7897,#7898);
#7131=AXIS2_PLACEMENT_3D('',#9906,#7901,#7902);
#7132=AXIS2_PLACEMENT_3D('',#9909,#7905,#7906);
#7133=AXIS2_PLACEMENT_3D('',#9912,#7909,#7910);
#7134=AXIS2_PLACEMENT_3D('',#9915,#7913,#7914);
#7135=AXIS2_PLACEMENT_3D('',#9916,#7915,#7916);
#7136=AXIS2_PLACEMENT_3D('',#9917,#7917,#7918);
#7137=AXIS2_PLACEMENT_3D('',#9918,#7919,#7920);
#7138=AXIS2_PLACEMENT_3D('',#9919,#7921,#7922);
#7139=AXIS2_PLACEMENT_3D('',#9921,#7923,#7924);
#7140=AXIS2_PLACEMENT_3D('',#9924,#7926,#7927);
#7141=AXIS2_PLACEMENT_3D('',#9925,#7928,#7929);
#7142=AXIS2_PLACEMENT_3D('',#9928,#7930,#7931);
#7143=AXIS2_PLACEMENT_3D('',#9932,#7933,#7934);
#7144=AXIS2_PLACEMENT_3D('',#9934,#7936,#7937);
#7145=AXIS2_PLACEMENT_3D('',#9937,#7938,#7939);
#7146=AXIS2_PLACEMENT_3D('',#9941,#7941,#7942);
#7147=AXIS2_PLACEMENT_3D('',#9943,#7944,#7945);
#7148=AXIS2_PLACEMENT_3D('',#9949,#7949,#7950);
#7149=AXIS2_PLACEMENT_3D('',#9958,#7955,#7956);
#7150=AXIS2_PLACEMENT_3D('',#9967,#7961,#7962);
#7151=AXIS2_PLACEMENT_3D('',#9976,#7967,#7968);
#7152=AXIS2_PLACEMENT_3D('',#9985,#7973,#7974);
#7153=AXIS2_PLACEMENT_3D('',#9994,#7979,#7980);
#7154=AXIS2_PLACEMENT_3D('',#10000,#7984,#7985);
#7155=AXIS2_PLACEMENT_3D('',#10006,#7989,#7990);
#7156=AXIS2_PLACEMENT_3D('',#10012,#7994,#7995);
#7157=AXIS2_PLACEMENT_3D('',#10015,#7998,#7999);
#7158=AXIS2_PLACEMENT_3D('',#10022,#8006,#8007);
#7159=AXIS2_PLACEMENT_3D('',#10029,#8014,#8015);
#7160=AXIS2_PLACEMENT_3D('',#10030,#8016,#8017);
#7161=AXIS2_PLACEMENT_3D('',#10031,#8018,#8019);
#7162=AXIS2_PLACEMENT_3D('',#10032,#8020,#8021);
#7163=AXIS2_PLACEMENT_3D('',#10033,#8022,#8023);
#7164=AXIS2_PLACEMENT_3D('',#10034,#8024,#8025);
#7165=AXIS2_PLACEMENT_3D('',#10035,#8026,#8027);
#7166=AXIS2_PLACEMENT_3D('',#10038,#8028,#8029);
#7167=AXIS2_PLACEMENT_3D('',#10040,#8030,#8031);
#7168=AXIS2_PLACEMENT_3D('',#10042,#8032,#8033);
#7169=AXIS2_PLACEMENT_3D('',#10044,#8034,#8035);
#7170=AXIS2_PLACEMENT_3D('',#10046,#8036,#8037);
#7171=AXIS2_PLACEMENT_3D('',#10048,#8038,#8039);
#7172=AXIS2_PLACEMENT_3D('',#10050,#8040,#8041);
#7173=AXIS2_PLACEMENT_3D('',#10052,#8042,#8043);
#7174=AXIS2_PLACEMENT_3D('',#10054,#8044,#8045);
#7175=AXIS2_PLACEMENT_3D('',#10056,#8046,#8047);
#7176=AXIS2_PLACEMENT_3D('',#10058,#8048,#8049);
#7177=AXIS2_PLACEMENT_3D('',#10060,#8050,#8051);
#7178=AXIS2_PLACEMENT_3D('',#10061,#8052,#8053);
#7179=AXIS2_PLACEMENT_3D('',#10063,#8054,#8055);
#7180=AXIS2_PLACEMENT_3D('',#10064,#8056,#8057);
#7181=AXIS2_PLACEMENT_3D('',#10065,#8058,#8059);
#7182=AXIS2_PLACEMENT_3D('',#10066,#8060,#8061);
#7183=AXIS2_PLACEMENT_3D('',#10072,#8065,#8066);
#7184=AXIS2_PLACEMENT_3D('',#10076,#8069,#8070);
#7185=AXIS2_PLACEMENT_3D('',#10080,#8073,#8074);
#7186=AXIS2_PLACEMENT_3D('',#10084,#8077,#8078);
#7187=AXIS2_PLACEMENT_3D('',#10088,#8081,#8082);
#7188=AXIS2_PLACEMENT_3D('',#10092,#8085,#8086);
#7189=AXIS2_PLACEMENT_3D('',#10096,#8089,#8090);
#7190=AXIS2_PLACEMENT_3D('',#10100,#8093,#8094);
#7191=AXIS2_PLACEMENT_3D('',#10104,#8097,#8098);
#7192=AXIS2_PLACEMENT_3D('',#10108,#8101,#8102);
#7193=AXIS2_PLACEMENT_3D('',#10112,#8105,#8106);
#7194=AXIS2_PLACEMENT_3D('',#10114,#8108,#8109);
#7195=AXIS2_PLACEMENT_3D('',#10115,#8110,#8111);
#7196=AXIS2_PLACEMENT_3D('',#10118,#8112,#8113);
#7197=AXIS2_PLACEMENT_3D('',#10120,#8114,#8115);
#7198=AXIS2_PLACEMENT_3D('',#10122,#8116,#8117);
#7199=AXIS2_PLACEMENT_3D('',#10124,#8118,#8119);
#7200=AXIS2_PLACEMENT_3D('',#10126,#8120,#8121);
#7201=AXIS2_PLACEMENT_3D('',#10128,#8122,#8123);
#7202=AXIS2_PLACEMENT_3D('',#10130,#8124,#8125);
#7203=AXIS2_PLACEMENT_3D('',#10132,#8126,#8127);
#7204=AXIS2_PLACEMENT_3D('',#10134,#8128,#8129);
#7205=AXIS2_PLACEMENT_3D('',#10136,#8130,#8131);
#7206=AXIS2_PLACEMENT_3D('',#10138,#8132,#8133);
#7207=AXIS2_PLACEMENT_3D('',#10140,#8134,#8135);
#7208=AXIS2_PLACEMENT_3D('',#10141,#8136,#8137);
#7209=AXIS2_PLACEMENT_3D('',#10143,#8138,#8139);
#7210=AXIS2_PLACEMENT_3D('',#10144,#8140,#8141);
#7211=AXIS2_PLACEMENT_3D('',#10145,#8142,#8143);
#7212=AXIS2_PLACEMENT_3D('',#10146,#8144,#8145);
#7213=AXIS2_PLACEMENT_3D('',#10152,#8149,#8150);
#7214=AXIS2_PLACEMENT_3D('',#10156,#8153,#8154);
#7215=AXIS2_PLACEMENT_3D('',#10160,#8157,#8158);
#7216=AXIS2_PLACEMENT_3D('',#10164,#8161,#8162);
#7217=AXIS2_PLACEMENT_3D('',#10168,#8165,#8166);
#7218=AXIS2_PLACEMENT_3D('',#10172,#8169,#8170);
#7219=AXIS2_PLACEMENT_3D('',#10176,#8173,#8174);
#7220=AXIS2_PLACEMENT_3D('',#10180,#8177,#8178);
#7221=AXIS2_PLACEMENT_3D('',#10184,#8181,#8182);
#7222=AXIS2_PLACEMENT_3D('',#10188,#8185,#8186);
#7223=AXIS2_PLACEMENT_3D('',#10192,#8189,#8190);
#7224=AXIS2_PLACEMENT_3D('',#10194,#8192,#8193);
#7225=AXIS2_PLACEMENT_3D('',#10195,#8194,#8195);
#7226=AXIS2_PLACEMENT_3D('',#10198,#8196,#8197);
#7227=AXIS2_PLACEMENT_3D('',#10202,#8199,#8200);
#7228=AXIS2_PLACEMENT_3D('',#10204,#8202,#8203);
#7229=AXIS2_PLACEMENT_3D('',#10207,#8204,#8205);
#7230=AXIS2_PLACEMENT_3D('',#10211,#8207,#8208);
#7231=AXIS2_PLACEMENT_3D('',#10215,#8210,#8211);
#7232=AXIS2_PLACEMENT_3D('',#10219,#8213,#8214);
#7233=AXIS2_PLACEMENT_3D('',#10222,#8216,#8217);
#7234=AXIS2_PLACEMENT_3D('',#10225,#8219,#8220);
#7235=AXIS2_PLACEMENT_3D('',#10226,#8221,#8222);
#7236=AXIS2_PLACEMENT_3D('',#10228,#8223,#8224);
#7237=AXIS2_PLACEMENT_3D('',#10231,#8226,#8227);
#7238=AXIS2_PLACEMENT_3D('',#10232,#8228,#8229);
#7239=AXIS2_PLACEMENT_3D('',#10235,#8230,#8231);
#7240=AXIS2_PLACEMENT_3D('',#10238,#8233,#8234);
#7241=AXIS2_PLACEMENT_3D('',#10240,#8235,#8236);
#7242=AXIS2_PLACEMENT_3D('',#10244,#8238,#8239);
#7243=AXIS2_PLACEMENT_3D('',#10248,#8241,#8242);
#7244=AXIS2_PLACEMENT_3D('',#10252,#8244,#8245);
#7245=AXIS2_PLACEMENT_3D('',#10254,#8247,#8248);
#7246=AXIS2_PLACEMENT_3D('',#10270,#8257,#8258);
#7247=AXIS2_PLACEMENT_3D('',#10284,#8266,#8267);
#7248=AXIS2_PLACEMENT_3D('',#10302,#8277,#8278);
#7249=AXIS2_PLACEMENT_3D('',#10310,#8282,#8283);
#7250=AXIS2_PLACEMENT_3D('',#10318,#8287,#8288);
#7251=AXIS2_PLACEMENT_3D('',#10326,#8292,#8293);
#7252=AXIS2_PLACEMENT_3D('',#10335,#8298,#8299);
#7253=AXIS2_PLACEMENT_3D('',#10337,#8301,#8302);
#7254=AXIS2_PLACEMENT_3D('',#10351,#8310,#8311);
#7255=AXIS2_PLACEMENT_3D('',#10364,#8319,#8320);
#7256=AXIS2_PLACEMENT_3D('',#10370,#8324,#8325);
#7257=AXIS2_PLACEMENT_3D('',#10372,#8326,#8327);
#7258=AXIS2_PLACEMENT_3D('',#10374,#8329,#8330);
#7259=AXIS2_PLACEMENT_3D('',#10378,#8333,#8334);
#7260=AXIS2_PLACEMENT_3D('',#10382,#8337,#8338);
#7261=AXIS2_PLACEMENT_3D('',#10386,#8341,#8342);
#7262=AXIS2_PLACEMENT_3D('',#10388,#8343,#8344);
#7263=AXIS2_PLACEMENT_3D('',#10390,#8346,#8347);
#7264=AXIS2_PLACEMENT_3D('',#10394,#8350,#8351);
#7265=AXIS2_PLACEMENT_3D('',#10400,#8355,#8356);
#7266=AXIS2_PLACEMENT_3D('',#10411,#8363,#8364);
#7267=AXIS2_PLACEMENT_3D('',#10417,#8368,#8369);
#7268=AXIS2_PLACEMENT_3D('',#10423,#8373,#8374);
#7269=AXIS2_PLACEMENT_3D('',#10425,#8375,#8376);
#7270=AXIS2_PLACEMENT_3D('',#10427,#8378,#8379);
#7271=AXIS2_PLACEMENT_3D('',#10431,#8382,#8383);
#7272=AXIS2_PLACEMENT_3D('',#10435,#8386,#8387);
#7273=AXIS2_PLACEMENT_3D('',#10439,#8390,#8391);
#7274=AXIS2_PLACEMENT_3D('',#10441,#8392,#8393);
#7275=AXIS2_PLACEMENT_3D('',#10443,#8395,#8396);
#7276=AXIS2_PLACEMENT_3D('',#10447,#8399,#8400);
#7277=AXIS2_PLACEMENT_3D('',#10449,#8402,#8403);
#7278=AXIS2_PLACEMENT_3D('',#10456,#8410,#8411);
#7279=AXIS2_PLACEMENT_3D('',#10457,#8412,#8413);
#7280=AXIS2_PLACEMENT_3D('',#10458,#8414,#8415);
#7281=AXIS2_PLACEMENT_3D('',#10459,#8416,#8417);
#7282=AXIS2_PLACEMENT_3D('',#10460,#8418,#8419);
#7283=AXIS2_PLACEMENT_3D('',#10461,#8420,#8421);
#7284=AXIS2_PLACEMENT_3D('',#10462,#8422,#8423);
#7285=AXIS2_PLACEMENT_3D('',#10466,#8426,#8427);
#7286=AXIS2_PLACEMENT_3D('',#10470,#8430,#8431);
#7287=AXIS2_PLACEMENT_3D('',#10472,#8433,#8434);
#7288=AXIS2_PLACEMENT_3D('',#10474,#8436,#8437);
#7289=AXIS2_PLACEMENT_3D('',#10476,#8439,#8440);
#7290=AXIS2_PLACEMENT_3D('',#10477,#8441,#8442);
#7291=AXIS2_PLACEMENT_3D('',#10481,#8445,#8446);
#7292=AXIS2_PLACEMENT_3D('',#10483,#8448,#8449);
#7293=AXIS2_PLACEMENT_3D('',#10485,#8451,#8452);
#7294=AXIS2_PLACEMENT_3D('',#10489,#8455,#8456);
#7295=AXIS2_PLACEMENT_3D('',#10491,#8458,#8459);
#7296=AXIS2_PLACEMENT_3D('',#10492,#8460,#8461);
#7297=AXIS2_PLACEMENT_3D('',#10496,#8463,#8464);
#7298=AXIS2_PLACEMENT_3D('',#10498,#8466,#8467);
#7299=AXIS2_PLACEMENT_3D('',#10502,#8470,#8471);
#7300=AXIS2_PLACEMENT_3D('',#10504,#8473,#8474);
#7301=AXIS2_PLACEMENT_3D('',#10506,#8476,#8477);
#7302=AXIS2_PLACEMENT_3D('',#10510,#8480,#8481);
#7303=AXIS2_PLACEMENT_3D('',#10512,#8483,#8484);
#7304=AXIS2_PLACEMENT_3D('',#10513,#8485,#8486);
#7305=AXIS2_PLACEMENT_3D('',#10515,#8487,#8488);
#7306=AXIS2_PLACEMENT_3D('',#10518,#8490,#8491);
#7307=AXIS2_PLACEMENT_3D('',#10519,#8492,#8493);
#7308=AXIS2_PLACEMENT_3D('',#10522,#8494,#8495);
#7309=AXIS2_PLACEMENT_3D('',#10526,#8497,#8498);
#7310=AXIS2_PLACEMENT_3D('',#10528,#8500,#8501);
#7311=AXIS2_PLACEMENT_3D('',#10531,#8502,#8503);
#7312=AXIS2_PLACEMENT_3D('',#10535,#8505,#8506);
#7313=AXIS2_PLACEMENT_3D('',#10537,#8508,#8509);
#7314=AXIS2_PLACEMENT_3D('',#10543,#8513,#8514);
#7315=AXIS2_PLACEMENT_3D('',#10552,#8519,#8520);
#7316=AXIS2_PLACEMENT_3D('',#10561,#8525,#8526);
#7317=AXIS2_PLACEMENT_3D('',#10570,#8531,#8532);
#7318=AXIS2_PLACEMENT_3D('',#10579,#8537,#8538);
#7319=AXIS2_PLACEMENT_3D('',#10588,#8543,#8544);
#7320=AXIS2_PLACEMENT_3D('',#10594,#8548,#8549);
#7321=AXIS2_PLACEMENT_3D('',#10600,#8553,#8554);
#7322=AXIS2_PLACEMENT_3D('',#10606,#8558,#8559);
#7323=AXIS2_PLACEMENT_3D('',#10609,#8562,#8563);
#7324=AXIS2_PLACEMENT_3D('',#10616,#8570,#8571);
#7325=AXIS2_PLACEMENT_3D('',#10623,#8578,#8579);
#7326=AXIS2_PLACEMENT_3D('',#10624,#8580,#8581);
#7327=AXIS2_PLACEMENT_3D('',#10625,#8582,#8583);
#7328=AXIS2_PLACEMENT_3D('',#10626,#8584,#8585);
#7329=AXIS2_PLACEMENT_3D('',#10627,#8586,#8587);
#7330=AXIS2_PLACEMENT_3D('',#10628,#8588,#8589);
#7331=AXIS2_PLACEMENT_3D('',#10629,#8590,#8591);
#7332=AXIS2_PLACEMENT_3D('',#10632,#8592,#8593);
#7333=AXIS2_PLACEMENT_3D('',#10636,#8595,#8596);
#7334=AXIS2_PLACEMENT_3D('',#10638,#8598,#8599);
#7335=AXIS2_PLACEMENT_3D('',#10641,#8600,#8601);
#7336=AXIS2_PLACEMENT_3D('',#10644,#8603,#8604);
#7337=AXIS2_PLACEMENT_3D('',#10646,#8605,#8606);
#7338=AXIS2_PLACEMENT_3D('',#10650,#8608,#8609);
#7339=AXIS2_PLACEMENT_3D('',#10654,#8611,#8612);
#7340=AXIS2_PLACEMENT_3D('',#10658,#8614,#8615);
#7341=AXIS2_PLACEMENT_3D('',#10660,#8617,#8618);
#7342=AXIS2_PLACEMENT_3D('',#10662,#8619,#8620);
#7343=AXIS2_PLACEMENT_3D('',#10665,#8622,#8623);
#7344=AXIS2_PLACEMENT_3D('',#10666,#8624,#8625);
#7345=AXIS2_PLACEMENT_3D('',#10669,#8626,#8627);
#7346=AXIS2_PLACEMENT_3D('',#10673,#8629,#8630);
#7347=AXIS2_PLACEMENT_3D('',#10677,#8632,#8633);
#7348=AXIS2_PLACEMENT_3D('',#10681,#8635,#8636);
#7349=AXIS2_PLACEMENT_3D('',#10684,#8638,#8639);
#7350=AXIS2_PLACEMENT_3D('',#10687,#8641,#8642);
#7351=AXIS2_PLACEMENT_3D('',#10688,#8643,#8644);
#7352=AXIS2_PLACEMENT_3D('',#10704,#8653,#8654);
#7353=AXIS2_PLACEMENT_3D('',#10718,#8662,#8663);
#7354=AXIS2_PLACEMENT_3D('',#10724,#8666,#8667);
#7355=AXIS2_PLACEMENT_3D('',#10733,#8672,#8673);
#7356=AXIS2_PLACEMENT_3D('',#10741,#8677,#8678);
#7357=AXIS2_PLACEMENT_3D('',#10749,#8682,#8683);
#7358=AXIS2_PLACEMENT_3D('',#10757,#8687,#8688);
#7359=AXIS2_PLACEMENT_3D('',#10771,#8697,#8698);
#7360=AXIS2_PLACEMENT_3D('',#10785,#8706,#8707);
#7361=AXIS2_PLACEMENT_3D('',#10798,#8715,#8716);
#7362=AXIS2_PLACEMENT_3D('',#10804,#8720,#8721);
#7363=AXIS2_PLACEMENT_3D('',#10806,#8722,#8723);
#7364=AXIS2_PLACEMENT_3D('',#10808,#8725,#8726);
#7365=AXIS2_PLACEMENT_3D('',#10812,#8729,#8730);
#7366=AXIS2_PLACEMENT_3D('',#10816,#8733,#8734);
#7367=AXIS2_PLACEMENT_3D('',#10820,#8737,#8738);
#7368=AXIS2_PLACEMENT_3D('',#10822,#8739,#8740);
#7369=AXIS2_PLACEMENT_3D('',#10824,#8742,#8743);
#7370=AXIS2_PLACEMENT_3D('',#10828,#8746,#8747);
#7371=AXIS2_PLACEMENT_3D('',#10834,#8751,#8752);
#7372=AXIS2_PLACEMENT_3D('',#10845,#8759,#8760);
#7373=AXIS2_PLACEMENT_3D('',#10851,#8764,#8765);
#7374=AXIS2_PLACEMENT_3D('',#10857,#8769,#8770);
#7375=AXIS2_PLACEMENT_3D('',#10859,#8771,#8772);
#7376=AXIS2_PLACEMENT_3D('',#10861,#8774,#8775);
#7377=AXIS2_PLACEMENT_3D('',#10865,#8778,#8779);
#7378=AXIS2_PLACEMENT_3D('',#10869,#8782,#8783);
#7379=AXIS2_PLACEMENT_3D('',#10873,#8786,#8787);
#7380=AXIS2_PLACEMENT_3D('',#10875,#8788,#8789);
#7381=AXIS2_PLACEMENT_3D('',#10877,#8791,#8792);
#7382=AXIS2_PLACEMENT_3D('',#10881,#8795,#8796);
#7383=AXIS2_PLACEMENT_3D('',#10883,#8798,#8799);
#7384=AXIS2_PLACEMENT_3D('',#10890,#8806,#8807);
#7385=AXIS2_PLACEMENT_3D('',#10891,#8808,#8809);
#7386=AXIS2_PLACEMENT_3D('',#10892,#8810,#8811);
#7387=AXIS2_PLACEMENT_3D('',#10893,#8812,#8813);
#7388=AXIS2_PLACEMENT_3D('',#10894,#8814,#8815);
#7389=AXIS2_PLACEMENT_3D('',#10895,#8816,#8817);
#7390=AXIS2_PLACEMENT_3D('',#10896,#8818,#8819);
#7391=AXIS2_PLACEMENT_3D('',#10900,#8822,#8823);
#7392=AXIS2_PLACEMENT_3D('',#10904,#8826,#8827);
#7393=AXIS2_PLACEMENT_3D('',#10906,#8829,#8830);
#7394=AXIS2_PLACEMENT_3D('',#10908,#8832,#8833);
#7395=AXIS2_PLACEMENT_3D('',#10910,#8835,#8836);
#7396=AXIS2_PLACEMENT_3D('',#10911,#8837,#8838);
#7397=AXIS2_PLACEMENT_3D('',#10915,#8841,#8842);
#7398=AXIS2_PLACEMENT_3D('',#10917,#8844,#8845);
#7399=AXIS2_PLACEMENT_3D('',#10919,#8847,#8848);
#7400=AXIS2_PLACEMENT_3D('',#10923,#8851,#8852);
#7401=AXIS2_PLACEMENT_3D('',#10925,#8854,#8855);
#7402=AXIS2_PLACEMENT_3D('',#10926,#8856,#8857);
#7403=AXIS2_PLACEMENT_3D('',#10930,#8859,#8860);
#7404=AXIS2_PLACEMENT_3D('',#10932,#8862,#8863);
#7405=AXIS2_PLACEMENT_3D('',#10936,#8866,#8867);
#7406=AXIS2_PLACEMENT_3D('',#10938,#8869,#8870);
#7407=AXIS2_PLACEMENT_3D('',#10940,#8872,#8873);
#7408=AXIS2_PLACEMENT_3D('',#10944,#8876,#8877);
#7409=AXIS2_PLACEMENT_3D('',#10946,#8879,#8880);
#7410=AXIS2_PLACEMENT_3D('',#10947,#8881,#8882);
#7411=AXIS2_PLACEMENT_3D('',#10949,#8883,#8884);
#7412=AXIS2_PLACEMENT_3D('',#10951,#8885,#8886);
#7413=AXIS2_PLACEMENT_3D('',#10953,#8887,#8888);
#7414=AXIS2_PLACEMENT_3D('',#10955,#8889,#8890);
#7415=AXIS2_PLACEMENT_3D('',#10957,#8891,#8892);
#7416=AXIS2_PLACEMENT_3D('',#10959,#8893,#8894);
#7417=AXIS2_PLACEMENT_3D('',#10961,#8895,#8896);
#7418=AXIS2_PLACEMENT_3D('',#10963,#8897,#8898);
#7419=AXIS2_PLACEMENT_3D('',#10965,#8899,#8900);
#7420=AXIS2_PLACEMENT_3D('',#10967,#8901,#8902);
#7421=AXIS2_PLACEMENT_3D('',#10969,#8903,#8904);
#7422=AXIS2_PLACEMENT_3D('',#10971,#8905,#8906);
#7423=AXIS2_PLACEMENT_3D('',#10973,#8907,#8908);
#7424=AXIS2_PLACEMENT_3D('',#10975,#8909,#8910);
#7425=AXIS2_PLACEMENT_3D('',#10976,#8911,#8912);
#7426=AXIS2_PLACEMENT_3D('',#10977,#8913,#8914);
#7427=AXIS2_PLACEMENT_3D('',#10978,#8915,#8916);
#7428=AXIS2_PLACEMENT_3D('',#10984,#8920,#8921);
#7429=AXIS2_PLACEMENT_3D('',#10988,#8924,#8925);
#7430=AXIS2_PLACEMENT_3D('',#10992,#8928,#8929);
#7431=AXIS2_PLACEMENT_3D('',#10996,#8932,#8933);
#7432=AXIS2_PLACEMENT_3D('',#11000,#8936,#8937);
#7433=AXIS2_PLACEMENT_3D('',#11004,#8940,#8941);
#7434=AXIS2_PLACEMENT_3D('',#11008,#8944,#8945);
#7435=AXIS2_PLACEMENT_3D('',#11012,#8948,#8949);
#7436=AXIS2_PLACEMENT_3D('',#11016,#8952,#8953);
#7437=AXIS2_PLACEMENT_3D('',#11020,#8956,#8957);
#7438=AXIS2_PLACEMENT_3D('',#11024,#8960,#8961);
#7439=AXIS2_PLACEMENT_3D('',#11026,#8963,#8964);
#7440=AXIS2_PLACEMENT_3D('',#11027,#8965,#8966);
#7441=AXIS2_PLACEMENT_3D('',#11029,#8967,#8968);
#7442=AXIS2_PLACEMENT_3D('',#11031,#8969,#8970);
#7443=AXIS2_PLACEMENT_3D('',#11033,#8971,#8972);
#7444=AXIS2_PLACEMENT_3D('',#11035,#8973,#8974);
#7445=AXIS2_PLACEMENT_3D('',#11037,#8975,#8976);
#7446=AXIS2_PLACEMENT_3D('',#11039,#8977,#8978);
#7447=AXIS2_PLACEMENT_3D('',#11041,#8979,#8980);
#7448=AXIS2_PLACEMENT_3D('',#11043,#8981,#8982);
#7449=AXIS2_PLACEMENT_3D('',#11045,#8983,#8984);
#7450=AXIS2_PLACEMENT_3D('',#11047,#8985,#8986);
#7451=AXIS2_PLACEMENT_3D('',#11049,#8987,#8988);
#7452=AXIS2_PLACEMENT_3D('',#11051,#8989,#8990);
#7453=AXIS2_PLACEMENT_3D('',#11053,#8991,#8992);
#7454=AXIS2_PLACEMENT_3D('',#11055,#8993,#8994);
#7455=AXIS2_PLACEMENT_3D('',#11056,#8995,#8996);
#7456=AXIS2_PLACEMENT_3D('',#11057,#8997,#8998);
#7457=AXIS2_PLACEMENT_3D('',#11058,#8999,#9000);
#7458=AXIS2_PLACEMENT_3D('',#11064,#9004,#9005);
#7459=AXIS2_PLACEMENT_3D('',#11068,#9008,#9009);
#7460=AXIS2_PLACEMENT_3D('',#11072,#9012,#9013);
#7461=AXIS2_PLACEMENT_3D('',#11076,#9016,#9017);
#7462=AXIS2_PLACEMENT_3D('',#11080,#9020,#9021);
#7463=AXIS2_PLACEMENT_3D('',#11084,#9024,#9025);
#7464=AXIS2_PLACEMENT_3D('',#11088,#9028,#9029);
#7465=AXIS2_PLACEMENT_3D('',#11092,#9032,#9033);
#7466=AXIS2_PLACEMENT_3D('',#11096,#9036,#9037);
#7467=AXIS2_PLACEMENT_3D('',#11100,#9040,#9041);
#7468=AXIS2_PLACEMENT_3D('',#11104,#9044,#9045);
#7469=AXIS2_PLACEMENT_3D('',#11106,#9047,#9048);
#7470=AXIS2_PLACEMENT_3D('',#11107,#9049,#9050);
#7471=AXIS2_PLACEMENT_3D('',#11108,#9051,#9052);
#7472=AXIS2_PLACEMENT_3D('',#11111,#9053,#9054);
#7473=AXIS2_PLACEMENT_3D('',#11114,#9056,#9057);
#7474=AXIS2_PLACEMENT_3D('',#11115,#9058,#9059);
#7475=AXIS2_PLACEMENT_3D('',#11116,#9060,#9061);
#7476=AXIS2_PLACEMENT_3D('',#11118,#9062,#9063);
#7477=AXIS2_PLACEMENT_3D('',#11119,#9064,#9065);
#7478=AXIS2_PLACEMENT_3D('',#11121,#9066,#9067);
#7479=AXIS2_PLACEMENT_3D('',#11124,#9069,#9070);
#7480=AXIS2_PLACEMENT_3D('',#11125,#9071,#9072);
#7481=AXIS2_PLACEMENT_3D('',#11127,#9074,#9075);
#7482=AXIS2_PLACEMENT_3D('',#11130,#9077,#9078);
#7483=AXIS2_PLACEMENT_3D('',#11131,#9079,#9080);
#7484=AXIS2_PLACEMENT_3D('',#11134,#9081,#9082);
#7485=AXIS2_PLACEMENT_3D('',#11136,#9083,#9084);
#7486=AXIS2_PLACEMENT_3D('',#11138,#9085,#9086);
#7487=AXIS2_PLACEMENT_3D('',#11140,#9087,#9088);
#7488=AXIS2_PLACEMENT_3D('',#11142,#9089,#9090);
#7489=AXIS2_PLACEMENT_3D('',#11143,#9091,#9092);
#7490=AXIS2_PLACEMENT_3D('',#11144,#9093,#9094);
#7491=AXIS2_PLACEMENT_3D('',#11145,#9095,#9096);
#7492=AXIS2_PLACEMENT_3D('',#11149,#9097,#9098);
#7493=AXIS2_PLACEMENT_3D('',#11153,#9099,#9100);
#7494=AXIS2_PLACEMENT_3D('',#11157,#9101,#9102);
#7495=AXIS2_PLACEMENT_3D('',#11161,#9103,#9104);
#7496=AXIS2_PLACEMENT_3D('',#11165,#9105,#9106);
#7497=AXIS2_PLACEMENT_3D('',#11169,#9107,#9108);
#7498=AXIS2_PLACEMENT_3D('',#11182,#9115,#9116);
#7499=AXIS2_PLACEMENT_3D('',#11185,#9119,#9120);
#7500=AXIS2_PLACEMENT_3D('',#11187,#9122,#9123);
#7501=AXIS2_PLACEMENT_3D('',#11189,#9125,#9126);
#7502=AXIS2_PLACEMENT_3D('',#11191,#9128,#9129);
#7503=AXIS2_PLACEMENT_3D('',#11193,#9131,#9132);
#7504=AXIS2_PLACEMENT_3D('',#11194,#9133,#9134);
#7505=AXIS2_PLACEMENT_3D('',#11195,#9135,#9136);
#7506=AXIS2_PLACEMENT_3D('',#11198,#9137,#9138);
#7507=AXIS2_PLACEMENT_3D('',#11201,#9140,#9141);
#7508=AXIS2_PLACEMENT_3D('',#11202,#9142,#9143);
#7509=AXIS2_PLACEMENT_3D('',#11203,#9144,#9145);
#7510=AXIS2_PLACEMENT_3D('',#11205,#9146,#9147);
#7511=AXIS2_PLACEMENT_3D('',#11206,#9148,#9149);
#7512=AXIS2_PLACEMENT_3D('',#11208,#9150,#9151);
#7513=AXIS2_PLACEMENT_3D('',#11211,#9153,#9154);
#7514=AXIS2_PLACEMENT_3D('',#11212,#9155,#9156);
#7515=AXIS2_PLACEMENT_3D('',#11214,#9158,#9159);
#7516=AXIS2_PLACEMENT_3D('',#11217,#9161,#9162);
#7517=AXIS2_PLACEMENT_3D('',#11218,#9163,#9164);
#7518=AXIS2_PLACEMENT_3D('',#11221,#9165,#9166);
#7519=AXIS2_PLACEMENT_3D('',#11223,#9167,#9168);
#7520=AXIS2_PLACEMENT_3D('',#11225,#9169,#9170);
#7521=AXIS2_PLACEMENT_3D('',#11227,#9171,#9172);
#7522=AXIS2_PLACEMENT_3D('',#11229,#9173,#9174);
#7523=AXIS2_PLACEMENT_3D('',#11230,#9175,#9176);
#7524=AXIS2_PLACEMENT_3D('',#11231,#9177,#9178);
#7525=AXIS2_PLACEMENT_3D('',#11232,#9179,#9180);
#7526=AXIS2_PLACEMENT_3D('',#11236,#9181,#9182);
#7527=AXIS2_PLACEMENT_3D('',#11240,#9183,#9184);
#7528=AXIS2_PLACEMENT_3D('',#11244,#9185,#9186);
#7529=AXIS2_PLACEMENT_3D('',#11248,#9187,#9188);
#7530=AXIS2_PLACEMENT_3D('',#11252,#9189,#9190);
#7531=AXIS2_PLACEMENT_3D('',#11256,#9191,#9192);
#7532=AXIS2_PLACEMENT_3D('',#11269,#9199,#9200);
#7533=AXIS2_PLACEMENT_3D('',#11272,#9203,#9204);
#7534=AXIS2_PLACEMENT_3D('',#11274,#9206,#9207);
#7535=AXIS2_PLACEMENT_3D('',#11276,#9209,#9210);
#7536=AXIS2_PLACEMENT_3D('',#11278,#9212,#9213);
#7537=AXIS2_PLACEMENT_3D('',#11280,#9215,#9216);
#7538=AXIS2_PLACEMENT_3D('',#11281,#9217,#9218);
#7539=AXIS2_PLACEMENT_3D('',#11282,#9219,#9220);
#7540=AXIS2_PLACEMENT_3D('',#11291,#9225,#9226);
#7541=AXIS2_PLACEMENT_3D('',#11296,#9228,#9229);
#7542=AXIS2_PLACEMENT_3D('',#11299,#9231,#9232);
#7543=AXIS2_PLACEMENT_3D('',#11300,#9233,#9234);
#7544=AXIS2_PLACEMENT_3D('',#11306,#9238,#9239);
#7545=AXIS2_PLACEMENT_3D('',#11308,#9240,#9241);
#7546=AXIS2_PLACEMENT_3D('',#11311,#9243,#9244);
#7547=AXIS2_PLACEMENT_3D('',#11312,#9245,#9246);
#7548=AXIS2_PLACEMENT_3D('',#11318,#9250,#9251);
#7549=AXIS2_PLACEMENT_3D('',#11320,#9252,#9253);
#7550=AXIS2_PLACEMENT_3D('',#11323,#9255,#9256);
#7551=AXIS2_PLACEMENT_3D('',#11324,#9257,#9258);
#7552=AXIS2_PLACEMENT_3D('',#11328,#9260,#9261);
#7553=AXIS2_PLACEMENT_3D('',#11337,#9263,#9264);
#7554=AXIS2_PLACEMENT_3D('',#11343,#9266,#9267);
#7555=AXIS2_PLACEMENT_3D('',#11354,#9269,#9270);
#7556=AXIS2_PLACEMENT_3D('',#11362,#9273,#9274);
#7557=AXIS2_PLACEMENT_3D('',#11379,#9276,#9277);
#7558=AXIS2_PLACEMENT_3D('',#11381,#9278,#9279);
#7559=AXIS2_PLACEMENT_3D('',#11384,#9281,#9282);
#7560=AXIS2_PLACEMENT_3D('',#11385,#9283,#9284);
#7561=AXIS2_PLACEMENT_3D('',#11387,#9285,#9286);
#7562=AXIS2_PLACEMENT_3D('',#11389,#9288,#9289);
#7563=AXIS2_PLACEMENT_3D('',#11391,#9290,#9291);
#7564=AXIS2_PLACEMENT_3D('',#11394,#9293,#9294);
#7565=AXIS2_PLACEMENT_3D('',#11395,#9295,#9296);
#7566=AXIS2_PLACEMENT_3D('',#11397,#9297,#9298);
#7567=AXIS2_PLACEMENT_3D('',#11399,#9300,#9301);
#7568=AXIS2_PLACEMENT_3D('',#11401,#9302,#9303);
#7569=AXIS2_PLACEMENT_3D('',#11403,#9305,#9306);
#7570=AXIS2_PLACEMENT_3D('',#11407,#9308,#9309);
#7571=AXIS2_PLACEMENT_3D('',#11408,#9310,#9311);
#7572=AXIS2_PLACEMENT_3D('',#11410,#9312,#9313);
#7573=AXIS2_PLACEMENT_3D('',#11412,#9315,#9316);
#7574=AXIS2_PLACEMENT_3D('',#11416,#9318,#9319);
#7575=AXIS2_PLACEMENT_3D('',#11417,#9320,#9321);
#7576=AXIS2_PLACEMENT_3D('',#11421,#9323,#9324);
#7577=AXIS2_PLACEMENT_3D('',#11423,#9326,#9327);
#7578=AXIS2_PLACEMENT_3D('',#11424,#9328,#9329);
#7579=AXIS2_PLACEMENT_3D('',#11425,#9330,#9331);
#7580=AXIS2_PLACEMENT_3D('',#11426,#9332,#9333);
#7581=AXIS2_PLACEMENT_3D('',#11427,#9334,#9335);
#7582=AXIS2_PLACEMENT_3D('',#11436,#9337,#9338);
#7583=AXIS2_PLACEMENT_3D('',#11438,#9340,#9341);
#7584=AXIS2_PLACEMENT_3D('',#11441,#9344,#9345);
#7585=AXIS2_PLACEMENT_3D('',#11445,#9348,#9349);
#7586=AXIS2_PLACEMENT_3D('',#11451,#9350,#9351);
#7587=AXIS2_PLACEMENT_3D('',#11453,#9353,#9354);
#7588=AXIS2_PLACEMENT_3D('',#11459,#9358,#9359);
#7589=AXIS2_PLACEMENT_3D('',#11461,#9360,#9361);
#7590=AXIS2_PLACEMENT_3D('',#11464,#9363,#9364);
#7591=AXIS2_PLACEMENT_3D('',#11465,#9365,#9366);
#7592=AXIS2_PLACEMENT_3D('',#11468,#9368,#9369);
#7593=AXIS2_PLACEMENT_3D('',#11469,#9370,#9371);
#7594=AXIS2_PLACEMENT_3D('',#11471,#9372,#9373);
#7595=AXIS2_PLACEMENT_3D('',#11474,#9375,#9376);
#7596=AXIS2_PLACEMENT_3D('',#11475,#9377,#9378);
#7597=AXIS2_PLACEMENT_3D('',#11478,#9380,#9381);
#7598=AXIS2_PLACEMENT_3D('',#11517,#9382,#9383);
#7599=AXIS2_PLACEMENT_3D('',#11519,#9384,#9385);
#7600=AXIS2_PLACEMENT_3D('',#11522,#9387,#9388);
#7601=AXIS2_PLACEMENT_3D('',#11523,#9389,#9390);
#7602=AXIS2_PLACEMENT_3D('',#11529,#9394,#9395);
#7603=AXIS2_PLACEMENT_3D('',#11530,#9396,#9397);
#7604=AXIS2_PLACEMENT_3D('',#11531,#9398,#9399);
#7605=AXIS2_PLACEMENT_3D('',#11532,#9400,#9401);
#7606=AXIS2_PLACEMENT_3D('',#11544,#9406,#9407);
#7607=AXIS2_PLACEMENT_3D('',#11546,#9408,#9409);
#7608=AXIS2_PLACEMENT_3D('',#11548,#9411,#9412);
#7609=AXIS2_PLACEMENT_3D('',#11559,#9416,#9417);
#7610=AXIS2_PLACEMENT_3D('',#11560,#9418,#9419);
#7611=AXIS2_PLACEMENT_3D('',#11562,#9421,#9422);
#7612=AXIS2_PLACEMENT_3D('',#11566,#9425,#9426);
#7613=AXIS2_PLACEMENT_3D('',#11568,#9427,#9428);
#7614=AXIS2_PLACEMENT_3D('',#11571,#9430,#9431);
#7615=AXIS2_PLACEMENT_3D('',#11572,#9432,#9433);
#7616=AXIS2_PLACEMENT_3D('',#11578,#9437,#9438);
#7617=AXIS2_PLACEMENT_3D('',#11580,#9439,#9440);
#7618=AXIS2_PLACEMENT_3D('',#11583,#9442,#9443);
#7619=AXIS2_PLACEMENT_3D('',#11584,#9444,#9445);
#7620=AXIS2_PLACEMENT_3D('',#11590,#9449,#9450);
#7621=AXIS2_PLACEMENT_3D('',#11591,#9451,#9452);
#7622=AXIS2_PLACEMENT_3D('',#11594,#9454,#9455);
#7623=AXIS2_PLACEMENT_3D('',#11595,#9456,#9457);
#7624=AXIS2_PLACEMENT_3D('',#11597,#9459,#9460);
#7625=AXIS2_PLACEMENT_3D('',#11607,#9462,#9463);
#7626=AXIS2_PLACEMENT_3D('',#11608,#9464,#9465);
#7627=AXIS2_PLACEMENT_3D('',#11614,#9467,#9468);
#7628=AXIS2_PLACEMENT_3D('',#11625,#9470,#9471);
#7629=AXIS2_PLACEMENT_3D('',#11633,#9474,#9475);
#7630=AXIS2_PLACEMENT_3D('',#11648,#9476,#9477);
#7631=AXIS2_PLACEMENT_3D('',#11650,#9478,#9479);
#7632=AXIS2_PLACEMENT_3D('',#11653,#9481,#9482);
#7633=AXIS2_PLACEMENT_3D('',#11654,#9483,#9484);
#7634=AXIS2_PLACEMENT_3D('',#11656,#9485,#9486);
#7635=AXIS2_PLACEMENT_3D('',#11657,#9487,#9488);
#7636=AXIS2_PLACEMENT_3D('',#11659,#9489,#9490);
#7637=AXIS2_PLACEMENT_3D('',#11661,#9492,#9493);
#7638=AXIS2_PLACEMENT_3D('',#11664,#9495,#9496);
#7639=AXIS2_PLACEMENT_3D('',#11665,#9497,#9498);
#7640=AXIS2_PLACEMENT_3D('',#11667,#9499,#9500);
#7641=AXIS2_PLACEMENT_3D('',#11669,#9502,#9503);
#7642=AXIS2_PLACEMENT_3D('',#11671,#9504,#9505);
#7643=AXIS2_PLACEMENT_3D('',#11673,#9507,#9508);
#7644=AXIS2_PLACEMENT_3D('',#11677,#9510,#9511);
#7645=AXIS2_PLACEMENT_3D('',#11678,#9512,#9513);
#7646=AXIS2_PLACEMENT_3D('',#11680,#9514,#9515);
#7647=AXIS2_PLACEMENT_3D('',#11682,#9517,#9518);
#7648=AXIS2_PLACEMENT_3D('',#11686,#9520,#9521);
#7649=AXIS2_PLACEMENT_3D('',#11687,#9522,#9523);
#7650=AXIS2_PLACEMENT_3D('',#11691,#9525,#9526);
#7651=AXIS2_PLACEMENT_3D('',#11693,#9528,#9529);
#7652=AXIS2_PLACEMENT_3D('',#11694,#9530,#9531);
#7653=AXIS2_PLACEMENT_3D('',#11695,#9532,#9533);
#7654=AXIS2_PLACEMENT_3D('',#11696,#9534,#9535);
#7655=AXIS2_PLACEMENT_3D('',#11697,#9536,#9537);
#7656=AXIS2_PLACEMENT_3D('',#11701,#9540,#9541);
#7657=AXIS2_PLACEMENT_3D('',#11705,#9544,#9545);
#7658=AXIS2_PLACEMENT_3D('',#11708,#9547,#9548);
#7659=AXIS2_PLACEMENT_3D('',#11709,#9549,#9550);
#7660=AXIS2_PLACEMENT_3D('',#11711,#9552,#9553);
#7661=AXIS2_PLACEMENT_3D('',#11715,#9556,#9557);
#7662=AXIS2_PLACEMENT_3D('',#11716,#9558,#9559);
#7663=AXIS2_PLACEMENT_3D('',#11717,#9560,#9561);
#7664=AXIS2_PLACEMENT_3D('',#11719,#9562,#9563);
#7665=AXIS2_PLACEMENT_3D('',#11720,#9564,#9565);
#7666=AXIS2_PLACEMENT_3D('',#11722,#9566,#9567);
#7667=AXIS2_PLACEMENT_3D('',#11724,#9568,#9569);
#7668=AXIS2_PLACEMENT_3D('',#11726,#9571,#9572);
#7669=AXIS2_PLACEMENT_3D('',#11728,#9574,#9575);
#7670=AXIS2_PLACEMENT_3D('',#11730,#9577,#9578);
#7671=AXIS2_PLACEMENT_3D('',#11731,#9579,#9580);
#7672=AXIS2_PLACEMENT_3D('',#11734,#9582,#9583);
#7673=AXIS2_PLACEMENT_3D('',#11735,#9584,#9585);
#7674=AXIS2_PLACEMENT_3D('',#11737,#9587,#9588);
#7675=AXIS2_PLACEMENT_3D('',#11738,#9589,#9590);
#7676=AXIS2_PLACEMENT_3D('',#11741,#9591,#9592);
#7677=AXIS2_PLACEMENT_3D('',#11744,#9594,#9595);
#7678=AXIS2_PLACEMENT_3D('',#11745,#9596,#9597);
#7679=AXIS2_PLACEMENT_3D('',#11746,#9598,#9599);
#7680=AXIS2_PLACEMENT_3D('',#11748,#9600,#9601);
#7681=AXIS2_PLACEMENT_3D('',#11749,#9602,#9603);
#7682=AXIS2_PLACEMENT_3D('',#11751,#9604,#9605);
#7683=AXIS2_PLACEMENT_3D('',#11754,#9607,#9608);
#7684=AXIS2_PLACEMENT_3D('',#11755,#9609,#9610);
#7685=AXIS2_PLACEMENT_3D('',#11757,#9612,#9613);
#7686=AXIS2_PLACEMENT_3D('',#11760,#9615,#9616);
#7687=AXIS2_PLACEMENT_3D('',#11761,#9617,#9618);
#7688=AXIS2_PLACEMENT_3D('',#11764,#9619,#9620);
#7689=AXIS2_PLACEMENT_3D('',#11766,#9621,#9622);
#7690=AXIS2_PLACEMENT_3D('',#11768,#9623,#9624);
#7691=AXIS2_PLACEMENT_3D('',#11770,#9625,#9626);
#7692=AXIS2_PLACEMENT_3D('',#11772,#9627,#9628);
#7693=AXIS2_PLACEMENT_3D('',#11773,#9629,#9630);
#7694=AXIS2_PLACEMENT_3D('',#11774,#9631,#9632);
#7695=AXIS2_PLACEMENT_3D('',#11775,#9633,#9634);
#7696=AXIS2_PLACEMENT_3D('',#11779,#9635,#9636);
#7697=AXIS2_PLACEMENT_3D('',#11783,#9637,#9638);
#7698=AXIS2_PLACEMENT_3D('',#11787,#9639,#9640);
#7699=AXIS2_PLACEMENT_3D('',#11791,#9641,#9642);
#7700=AXIS2_PLACEMENT_3D('',#11795,#9643,#9644);
#7701=AXIS2_PLACEMENT_3D('',#11799,#9645,#9646);
#7702=AXIS2_PLACEMENT_3D('',#11812,#9653,#9654);
#7703=AXIS2_PLACEMENT_3D('',#11815,#9657,#9658);
#7704=AXIS2_PLACEMENT_3D('',#11817,#9660,#9661);
#7705=AXIS2_PLACEMENT_3D('',#11819,#9663,#9664);
#7706=AXIS2_PLACEMENT_3D('',#11821,#9666,#9667);
#7707=AXIS2_PLACEMENT_3D('',#11823,#9669,#9670);
#7708=AXIS2_PLACEMENT_3D('',#11824,#9671,#9672);
#7709=AXIS2_PLACEMENT_3D('',#11825,#9673,#9674);
#7710=AXIS2_PLACEMENT_3D('',#11827,#9675,#9676);
#7711=AXIS2_PLACEMENT_3D('',#11830,#9678,#9679);
#7712=AXIS2_PLACEMENT_3D('',#11831,#9680,#9681);
#7713=AXIS2_PLACEMENT_3D('',#11834,#9683,#9684);
#7714=AXIS2_PLACEMENT_3D('',#11835,#9685,#9686);
#7715=AXIS2_PLACEMENT_3D('',#11837,#9687,#9688);
#7716=AXIS2_PLACEMENT_3D('',#11838,#9689,#9690);
#7717=AXIS2_PLACEMENT_3D('',#11840,#9691,#9692);
#7718=AXIS2_PLACEMENT_3D('',#11842,#9694,#9695);
#7719=AXIS2_PLACEMENT_3D('',#11844,#9696,#9697);
#7720=AXIS2_PLACEMENT_3D('',#11845,#9698,#9699);
#7721=AXIS2_PLACEMENT_3D('',#11847,#9700,#9701);
#7722=AXIS2_PLACEMENT_3D('',#11849,#9703,#9704);
#7723=AXIS2_PLACEMENT_3D('',#11851,#9705,#9706);
#7724=AXIS2_PLACEMENT_3D('',#11853,#9708,#9709);
#7725=AXIS2_PLACEMENT_3D('',#11855,#9711,#9712);
#7726=AXIS2_PLACEMENT_3D('',#11856,#9713,#9714);
#7727=AXIS2_PLACEMENT_3D('',#11857,#9715,#9716);
#7728=AXIS2_PLACEMENT_3D('',#11858,#9717,#9718);
#7729=AXIS2_PLACEMENT_3D('',#11859,#9719,#9720);
#7730=AXIS2_PLACEMENT_3D('',#11860,#9721,#9722);
#7731=AXIS2_PLACEMENT_3D('',#11861,#9723,#9724);
#7732=AXIS2_PLACEMENT_3D('',#11862,#9725,#9726);
#7733=AXIS2_PLACEMENT_3D('',#11863,#9727,#9728);
#7734=AXIS2_PLACEMENT_3D('',#11864,#9729,#9730);
#7735=AXIS2_PLACEMENT_3D('',#11865,#9731,#9732);
#7736=DIRECTION('axis',(0.,0.,1.));
#7737=DIRECTION('refdir',(1.,0.,0.));
#7738=DIRECTION('axis',(0.,0.,1.));
#7739=DIRECTION('refdir',(1.,0.,0.));
#7740=DIRECTION('center_axis',(1.,4.71484343506663E-16,2.12523875749632E-13));
#7741=DIRECTION('ref_axis',(4.71484343495036E-16,-1.,5.47079666113152E-14));
#7742=DIRECTION('center_axis',(-1.,-4.71484343506663E-16,-2.12523875749632E-13));
#7743=DIRECTION('ref_axis',(4.71484343495036E-16,-1.,5.47079666113152E-14));
#7744=DIRECTION('',(0.707106781186547,0.707106781186548,1.11679295136447E-13));
#7745=DIRECTION('center_axis',(1.,4.71484343506663E-16,2.12523875749632E-13));
#7746=DIRECTION('ref_axis',(4.71484343495036E-16,-1.,5.47079666113152E-14));
#7747=DIRECTION('center_axis',(1.,4.71484343506663E-16,2.12523875749632E-13));
#7748=DIRECTION('ref_axis',(4.71484343495036E-16,-1.,5.47079666113152E-14));
#7749=DIRECTION('center_axis',(-1.,-4.71484343506663E-16,-2.12523875749632E-13));
#7750=DIRECTION('ref_axis',(4.71484343495036E-16,-1.,5.47079666113152E-14));
#7751=DIRECTION('',(0.707106781186547,0.707106781186548,1.11679295136447E-13));
#7752=DIRECTION('center_axis',(1.,4.71484343506671E-16,2.12681577883812E-13));
#7753=DIRECTION('ref_axis',(2.12681577883812E-13,-5.47079666113151E-14,
-1.));
#7754=DIRECTION('center_axis',(1.,4.71484343506663E-16,2.12523875749632E-13));
#7755=DIRECTION('ref_axis',(4.71484343495036E-16,-1.,5.47079666113152E-14));
#7756=DIRECTION('center_axis',(-1.,-4.71484343506662E-16,-2.12523875749632E-13));
#7757=DIRECTION('ref_axis',(4.71484343495036E-16,-1.,5.47079666113152E-14));
#7758=DIRECTION('',(1.,4.71484343506663E-16,2.12523875749632E-13));
#7759=DIRECTION('center_axis',(1.,4.71484343506663E-16,2.12523875749632E-13));
#7760=DIRECTION('ref_axis',(4.71484343495036E-16,-1.,5.47079666113152E-14));
#7761=DIRECTION('center_axis',(-1.,-4.71484343506663E-16,-2.12523875749632E-13));
#7762=DIRECTION('ref_axis',(-4.71484343495036E-16,1.,-5.47079666113153E-14));
#7763=DIRECTION('',(1.,4.71484343506663E-16,2.12523875749632E-13));
#7764=DIRECTION('center_axis',(4.71484343495036E-16,-1.,5.47079666113152E-14));
#7765=DIRECTION('ref_axis',(2.12523875749632E-13,-5.47079666113151E-14,
-1.));
#7766=DIRECTION('center_axis',(-4.71484343495036E-16,1.,-5.47079666113152E-14));
#7767=DIRECTION('ref_axis',(-2.12523875749632E-13,5.47079666113151E-14,
1.));
#7768=DIRECTION('',(4.71484343495036E-16,-1.,5.47079666113152E-14));
#7769=DIRECTION('center_axis',(-4.71484343495036E-16,1.,-5.47079666113152E-14));
#7770=DIRECTION('ref_axis',(-2.12523875749632E-13,5.47079666113151E-14,
1.));
#7771=DIRECTION('center_axis',(4.71484343495036E-16,-1.,5.47079666113152E-14));
#7772=DIRECTION('ref_axis',(2.12523875749632E-13,-5.47079666113151E-14,
-1.));
#7773=DIRECTION('center_axis',(-4.71484343495036E-16,1.,-5.47079666113152E-14));
#7774=DIRECTION('ref_axis',(-2.12523875749632E-13,5.47079666113151E-14,
1.));
#7775=DIRECTION('',(4.71484343495036E-16,-1.,5.47079666113152E-14));
#7776=DIRECTION('center_axis',(-4.71484343495036E-16,1.,-5.47079666113152E-14));
#7777=DIRECTION('ref_axis',(-2.12523875749632E-13,5.47079666113151E-14,
1.));
#7778=DIRECTION('',(4.71484343495036E-16,-1.,5.47079666113152E-14));
#7779=DIRECTION('center_axis',(1.,4.71484343506663E-16,2.12523875749632E-13));
#7780=DIRECTION('ref_axis',(-4.71484343495036E-16,1.,-5.47079666113152E-14));
#7781=DIRECTION('center_axis',(1.,4.71484343506663E-16,2.12523875749632E-13));
#7782=DIRECTION('ref_axis',(-4.71484343495036E-16,1.,-5.47079666113152E-14));
#7783=DIRECTION('',(0.707106781186548,-0.707106781186547,1.88874852276777E-13));
#7784=DIRECTION('center_axis',(-1.,-4.71484343506663E-16,-2.12523875749632E-13));
#7785=DIRECTION('ref_axis',(-4.71484343495036E-16,1.,-5.47079666113152E-14));
#7786=DIRECTION('center_axis',(1.,4.71484343506663E-16,2.12523875749632E-13));
#7787=DIRECTION('ref_axis',(-4.71484343495036E-16,1.,-5.47079666113152E-14));
#7788=DIRECTION('center_axis',(1.,4.71484343506663E-16,2.12523875749632E-13));
#7789=DIRECTION('ref_axis',(-4.71484343495036E-16,1.,-5.47079666113152E-14));
#7790=DIRECTION('',(0.707106781186547,-0.707106781186548,1.88874852276777E-13));
#7791=DIRECTION('center_axis',(-1.,-4.71484343506671E-16,-2.12681577883812E-13));
#7792=DIRECTION('ref_axis',(2.12681577883812E-13,-5.47079666113151E-14,
-1.));
#7793=DIRECTION('center_axis',(1.,4.71484343506663E-16,2.12523875749632E-13));
#7794=DIRECTION('ref_axis',(-4.71484343495036E-16,1.,-5.47079666113152E-14));
#7795=DIRECTION('center_axis',(1.,4.71484343506662E-16,2.12523875749632E-13));
#7796=DIRECTION('ref_axis',(-4.71484343495036E-16,1.,-5.47079666113152E-14));
#7797=DIRECTION('',(1.,4.71484343506663E-16,2.12523875749632E-13));
#7798=DIRECTION('center_axis',(1.,4.71484343506663E-16,2.12523875749632E-13));
#7799=DIRECTION('ref_axis',(-4.71484343495036E-16,1.,-5.47079666113152E-14));
#7800=DIRECTION('center_axis',(1.,4.71484343506663E-16,2.12523875749632E-13));
#7801=DIRECTION('ref_axis',(4.71484343495036E-16,-1.,5.47079666113153E-14));
#7802=DIRECTION('',(1.,4.71484343506663E-16,2.12523875749632E-13));
#7803=DIRECTION('center_axis',(-1.,-4.71484343506663E-16,-2.12523875749632E-13));
#7804=DIRECTION('ref_axis',(4.71484343495036E-16,-1.,5.47079666113153E-14));
#7805=DIRECTION('center_axis',(1.,4.71484343506662E-16,2.12523875749632E-13));
#7806=DIRECTION('ref_axis',(-4.71484343495036E-16,1.,-5.47079666113152E-14));
#7807=DIRECTION('center_axis',(0.707106781186395,3.90177639523051E-14,0.7071067811867));
#7808=DIRECTION('ref_axis',(4.71484343495036E-16,-1.,5.47079666113152E-14));
#7809=DIRECTION('',(0.707106781186699,-3.83509843992712E-14,-0.707106781186396));
#7810=DIRECTION('',(-4.71484343495036E-16,1.,-5.47079666113152E-14));
#7811=DIRECTION('',(0.707106781186699,-3.83509843992712E-14,-0.707106781186396));
#7812=DIRECTION('',(4.71484343495036E-16,-1.,5.47079666113152E-14));
#7813=DIRECTION('center_axis',(0.707106781186698,-3.83509843992713E-14,
-0.707106781186397));
#7814=DIRECTION('ref_axis',(-4.71484343495036E-16,1.,-5.47079666113152E-14));
#7815=DIRECTION('',(0.707106781186399,3.90177639523049E-14,0.707106781186696));
#7816=DIRECTION('',(-4.71484343495036E-16,1.,-5.47079666113152E-14));
#7817=DIRECTION('',(0.707106781186399,3.90177639523049E-14,0.707106781186696));
#7818=DIRECTION('',(4.71484343495036E-16,-1.,5.47079666113152E-14));
#7819=DIRECTION('center_axis',(-0.707106781186393,-3.90177639523052E-14,
-0.707106781186702));
#7820=DIRECTION('ref_axis',(-4.71484343495036E-16,1.,-5.47079666113152E-14));
#7821=DIRECTION('',(-0.707106781186702,3.83509843992711E-14,0.707106781186393));
#7822=DIRECTION('',(-4.71484343495036E-16,1.,-5.47079666113152E-14));
#7823=DIRECTION('',(-0.707106781186702,3.83509843992711E-14,0.707106781186393));
#7824=DIRECTION('',(4.71484343495036E-16,-1.,5.47079666113152E-14));
#7825=DIRECTION('center_axis',(-0.707106781186695,3.83509843992714E-14,
0.7071067811864));
#7826=DIRECTION('ref_axis',(4.71484343495036E-16,-1.,5.47079666113152E-14));
#7827=DIRECTION('',(-0.707106781186401,-3.90177639523048E-14,-0.707106781186694));
#7828=DIRECTION('',(-4.71484343495036E-16,1.,-5.47079666113152E-14));
#7829=DIRECTION('',(-0.707106781186401,-3.90177639523048E-14,-0.707106781186694));
#7830=DIRECTION('',(4.71484343495036E-16,-1.,5.47079666113152E-14));
#7831=DIRECTION('center_axis',(0.707106781186698,-3.83509843992713E-14,
-0.707106781186397));
#7832=DIRECTION('ref_axis',(-4.71484343495036E-16,1.,-5.47079666113152E-14));
#7833=DIRECTION('',(0.707106781186398,3.9017763952305E-14,0.707106781186697));
#7834=DIRECTION('',(-4.71484343495036E-16,1.,-5.47079666113152E-14));
#7835=DIRECTION('',(0.707106781186398,3.9017763952305E-14,0.707106781186697));
#7836=DIRECTION('',(4.71484343495036E-16,-1.,5.47079666113152E-14));
#7837=DIRECTION('center_axis',(-0.707106781186397,-3.9017763952305E-14,
-0.707106781186698));
#7838=DIRECTION('ref_axis',(-4.71484343495036E-16,1.,-5.47079666113152E-14));
#7839=DIRECTION('',(-0.707106781186698,3.83509843992713E-14,0.707106781186397));
#7840=DIRECTION('',(-4.71484343495036E-16,1.,-5.47079666113152E-14));
#7841=DIRECTION('',(-0.707106781186698,3.83509843992713E-14,0.707106781186397));
#7842=DIRECTION('',(4.71484343495036E-16,-1.,5.47079666113152E-14));
#7843=DIRECTION('center_axis',(-0.707106781186397,-3.9017763952305E-14,
-0.707106781186698));
#7844=DIRECTION('ref_axis',(-4.71484343495036E-16,1.,-5.47079666113152E-14));
#7845=DIRECTION('',(0.707106781186698,-3.83509843992713E-14,-0.707106781186397));
#7846=DIRECTION('',(4.71484343495036E-16,-1.,5.47079666113152E-14));
#7847=DIRECTION('',(0.707106781186698,-3.83509843992713E-14,-0.707106781186397));
#7848=DIRECTION('',(4.71484343495036E-16,-1.,5.47079666113152E-14));
#7849=DIRECTION('center_axis',(0.707106781186698,-3.83509843992713E-14,
-0.707106781186397));
#7850=DIRECTION('ref_axis',(-4.71484343495036E-16,1.,-5.47079666113152E-14));
#7851=DIRECTION('',(-0.707106781186398,-3.9017763952305E-14,-0.707106781186697));
#7852=DIRECTION('',(-4.71484343495036E-16,1.,-5.47079666113152E-14));
#7853=DIRECTION('',(-0.707106781186398,-3.9017763952305E-14,-0.707106781186697));
#7854=DIRECTION('',(4.71484343495036E-16,-1.,5.47079666113152E-14));
#7855=DIRECTION('center_axis',(4.71484343495036E-16,-1.,5.47079666113152E-14));
#7856=DIRECTION('ref_axis',(-2.12401411069717E-13,5.47079666113151E-14,
1.));
#7857=DIRECTION('',(4.71484343495036E-16,-1.,5.47079666113152E-14));
#7858=DIRECTION('center_axis',(4.71484343495036E-16,-1.,5.47079666113152E-14));
#7859=DIRECTION('ref_axis',(-2.12523875749632E-13,5.47079666113151E-14,
1.));
#7860=DIRECTION('',(4.71484343495036E-16,-1.,5.47079666113152E-14));
#7861=DIRECTION('center_axis',(4.71484343495036E-16,-1.,5.47079666113152E-14));
#7862=DIRECTION('ref_axis',(-2.12523875749632E-13,5.47079666113151E-14,
1.));
#7863=DIRECTION('center_axis',(1.,4.71484343506663E-16,2.12523875749632E-13));
#7864=DIRECTION('ref_axis',(-4.71484343495036E-16,1.,-5.47079666113152E-14));
#7865=DIRECTION('',(4.71484343495036E-16,-1.,5.47079666113152E-14));
#7866=DIRECTION('',(-2.12523875749632E-13,5.47079666113151E-14,1.));
#7867=DIRECTION('',(4.71484343495036E-16,-1.,5.47079666113152E-14));
#7868=DIRECTION('',(-2.12523875749632E-13,5.47079666113151E-14,1.));
#7869=DIRECTION('center_axis',(2.11446424566919E-13,-5.47079666113151E-14,
-1.));
#7870=DIRECTION('ref_axis',(-4.71484343495036E-16,1.,-5.47079666113152E-14));
#7871=DIRECTION('',(1.,4.71484343506587E-16,2.11144738235759E-13));
#7872=DIRECTION('',(1.,4.71484343506587E-16,2.11144738235759E-13));
#7873=DIRECTION('center_axis',(2.13541301376709E-13,-5.47079666113151E-14,
-1.));
#7874=DIRECTION('ref_axis',(-4.71484343495036E-16,1.,-5.47079666113152E-14));
#7875=DIRECTION('',(1.,4.71484343506684E-16,2.12918969378666E-13));
#7876=DIRECTION('',(1.,4.71484343506684E-16,2.12918969378666E-13));
#7877=DIRECTION('center_axis',(1.,4.71484343506663E-16,2.12523875749632E-13));
#7878=DIRECTION('ref_axis',(-4.71484343495036E-16,1.,-5.47079666113152E-14));
#7879=DIRECTION('',(-2.12523875749632E-13,5.47079666113151E-14,1.));
#7880=DIRECTION('',(-2.12523875749632E-13,5.47079666113151E-14,1.));
#7881=DIRECTION('center_axis',(2.12307035315135E-13,-5.47079666113151E-14,
-1.));
#7882=DIRECTION('ref_axis',(-4.71484343495036E-16,1.,-5.47079666113152E-14));
#7883=DIRECTION('',(1.,4.71484343506663E-16,2.12523875749632E-13));
#7884=DIRECTION('',(1.,4.71484343506663E-16,2.12523875749632E-13));
#7885=DIRECTION('center_axis',(1.,4.71484343506663E-16,2.12523875749632E-13));
#7886=DIRECTION('ref_axis',(-4.71484343495036E-16,1.,-5.47079666113152E-14));
#7887=DIRECTION('',(-2.12523875749632E-13,5.47079666113151E-14,1.));
#7888=DIRECTION('',(-2.12523875749632E-13,5.47079666113151E-14,1.));
#7889=DIRECTION('center_axis',(1.,4.71484343506663E-16,2.12523875749632E-13));
#7890=DIRECTION('ref_axis',(-4.71484343495036E-16,1.,-5.47079666113152E-14));
#7891=DIRECTION('',(-2.12585554806556E-13,5.47079666113151E-14,1.));
#7892=DIRECTION('',(-2.12585554806556E-13,5.47079666113151E-14,1.));
#7893=DIRECTION('center_axis',(1.,4.71484343506663E-16,2.12523875749632E-13));
#7894=DIRECTION('ref_axis',(-4.71484343495036E-16,1.,-5.47079666113152E-14));
#7895=DIRECTION('',(-2.12637163813369E-13,5.47079666113151E-14,1.));
#7896=DIRECTION('',(-2.12637163813369E-13,5.47079666113151E-14,1.));
#7897=DIRECTION('center_axis',(2.12740716184129E-13,-5.47079666113151E-14,
-1.));
#7898=DIRECTION('ref_axis',(-4.71484343495036E-16,1.,-5.47079666113152E-14));
#7899=DIRECTION('',(1.,4.71484343506663E-16,2.12523875749632E-13));
#7900=DIRECTION('',(1.,4.71484343506663E-16,2.12523875749632E-13));
#7901=DIRECTION('center_axis',(1.,4.71484343506663E-16,2.12523875749632E-13));
#7902=DIRECTION('ref_axis',(-4.71484343495036E-16,1.,-5.47079666113152E-14));
#7903=DIRECTION('',(-2.12523875749632E-13,5.47079666113151E-14,1.));
#7904=DIRECTION('',(-2.12523875749632E-13,5.47079666113151E-14,1.));
#7905=DIRECTION('center_axis',(2.12523875749632E-13,-5.47079666113151E-14,
-1.));
#7906=DIRECTION('ref_axis',(-4.71484343495036E-16,1.,-5.47079666113152E-14));
#7907=DIRECTION('',(1.,4.71484343506663E-16,2.12523875749632E-13));
#7908=DIRECTION('',(1.,4.71484343506663E-16,2.12523875749632E-13));
#7909=DIRECTION('center_axis',(2.11446424566919E-13,-5.47079666113151E-14,
-1.));
#7910=DIRECTION('ref_axis',(-4.71484343495036E-16,1.,-5.47079666113152E-14));
#7911=DIRECTION('',(1.,4.71484343506625E-16,2.11834306992696E-13));
#7912=DIRECTION('',(1.,4.71484343506625E-16,2.11834306992696E-13));
#7913=DIRECTION('center_axis',(-4.71484343495036E-16,1.,-5.47079666113152E-14));
#7914=DIRECTION('ref_axis',(-2.12523875749632E-13,5.47079666113151E-14,
1.));
#7915=DIRECTION('center_axis',(-1.,-4.71484343506663E-16,-2.12523875749632E-13));
#7916=DIRECTION('ref_axis',(4.71484343495036E-16,-1.,5.47079666113153E-14));
#7917=DIRECTION('center_axis',(1.,4.71484343506662E-16,2.12523875749632E-13));
#7918=DIRECTION('ref_axis',(-4.71484343495036E-16,1.,-5.47079666113152E-14));
#7919=DIRECTION('center_axis',(4.71484343495036E-16,-1.,5.47079666113152E-14));
#7920=DIRECTION('ref_axis',(2.12523875749632E-13,-5.47079666113151E-14,
-1.));
#7921=DIRECTION('center_axis',(4.71484343495036E-16,-1.,5.47079666113152E-14));
#7922=DIRECTION('ref_axis',(2.12523875749632E-13,-5.47079666113151E-14,
-1.));
#7923=DIRECTION('center_axis',(-4.71484343495036E-16,1.,-5.47079666113152E-14));
#7924=DIRECTION('ref_axis',(-2.12523875749632E-13,5.47079666113151E-14,
1.));
#7925=DIRECTION('',(4.71484343495036E-16,-1.,5.47079666113152E-14));
#7926=DIRECTION('center_axis',(-4.71484343495036E-16,1.,-5.47079666113152E-14));
#7927=DIRECTION('ref_axis',(-2.12523875749632E-13,5.47079666113151E-14,
1.));
#7928=DIRECTION('center_axis',(4.71484343495036E-16,-1.,5.47079666113152E-14));
#7929=DIRECTION('ref_axis',(2.12523875749632E-13,-5.47079666113151E-14,
-1.));
#7930=DIRECTION('center_axis',(-4.71484343495036E-16,1.,-5.47079666113152E-14));
#7931=DIRECTION('ref_axis',(-2.12523875749632E-13,5.47079666113151E-14,
1.));
#7932=DIRECTION('',(4.71484343495036E-16,-1.,5.47079666113152E-14));
#7933=DIRECTION('center_axis',(-4.71484343495036E-16,1.,-5.47079666113152E-14));
#7934=DIRECTION('ref_axis',(-2.12523875749632E-13,5.47079666113151E-14,
1.));
#7935=DIRECTION('',(4.71484343495036E-16,-1.,5.47079666113152E-14));
#7936=DIRECTION('center_axis',(4.71484343495036E-16,-1.,5.47079666113152E-14));
#7937=DIRECTION('ref_axis',(-2.12401411069717E-13,5.47079666113151E-14,
1.));
#7938=DIRECTION('center_axis',(-4.71484343495036E-16,1.,-5.47079666113152E-14));
#7939=DIRECTION('ref_axis',(-2.12523875749632E-13,5.47079666113151E-14,
1.));
#7940=DIRECTION('',(4.71484343495036E-16,-1.,5.47079666113152E-14));
#7941=DIRECTION('center_axis',(-4.71484343495036E-16,1.,-5.47079666113152E-14));
#7942=DIRECTION('ref_axis',(-2.12523875749632E-13,5.47079666113151E-14,
1.));
#7943=DIRECTION('',(4.71484343495036E-16,-1.,5.47079666113152E-14));
#7944=DIRECTION('center_axis',(2.12523875749632E-13,-5.47079666113151E-14,
-1.));
#7945=DIRECTION('ref_axis',(-4.71484343495036E-16,1.,-5.47079666113152E-14));
#7946=DIRECTION('',(1.,4.71484343506663E-16,2.12523875749632E-13));
#7947=DIRECTION('',(-4.71484343495036E-16,1.,-5.47079666113152E-14));
#7948=DIRECTION('',(1.,4.71484343506663E-16,2.12523875749632E-13));
#7949=DIRECTION('center_axis',(1.,4.71484343506663E-16,2.12523875749632E-13));
#7950=DIRECTION('ref_axis',(-4.71484343495036E-16,1.,-5.47079666113152E-14));
#7951=DIRECTION('',(-2.12523875749632E-13,5.47079666113151E-14,1.));
#7952=DIRECTION('',(4.71484343495036E-16,-1.,5.47079666113152E-14));
#7953=DIRECTION('',(-2.12523875749632E-13,5.47079666113151E-14,1.));
#7954=DIRECTION('',(-4.71484343495036E-16,1.,-5.47079666113152E-14));
#7955=DIRECTION('center_axis',(2.12740716184129E-13,-5.47079666113151E-14,
-1.));
#7956=DIRECTION('ref_axis',(-4.71484343495036E-16,1.,-5.47079666113152E-14));
#7957=DIRECTION('',(1.,4.71484343506663E-16,2.12523875749632E-13));
#7958=DIRECTION('',(4.71484343495036E-16,-1.,5.47079666113152E-14));
#7959=DIRECTION('',(1.,4.71484343506663E-16,2.12523875749632E-13));
#7960=DIRECTION('',(-4.71484343495036E-16,1.,-5.47079666113152E-14));
#7961=DIRECTION('center_axis',(1.,4.71484343506663E-16,2.12523875749632E-13));
#7962=DIRECTION('ref_axis',(-4.71484343495036E-16,1.,-5.47079666113152E-14));
#7963=DIRECTION('',(-2.12616394335017E-13,5.47079666113151E-14,1.));
#7964=DIRECTION('',(-4.71484343495036E-16,1.,-5.47079666113152E-14));
#7965=DIRECTION('',(-2.12616394335017E-13,5.47079666113151E-14,1.));
#7966=DIRECTION('',(4.71484343495036E-16,-1.,5.47079666113152E-14));
#7967=DIRECTION('center_axis',(2.12307035315135E-13,-5.47079666113151E-14,
-1.));
#7968=DIRECTION('ref_axis',(-4.71484343495036E-16,1.,-5.47079666113152E-14));
#7969=DIRECTION('',(1.,4.71484343506663E-16,2.12523875749632E-13));
#7970=DIRECTION('',(-4.71484343495036E-16,1.,-5.47079666113152E-14));
#7971=DIRECTION('',(1.,4.71484343506663E-16,2.12523875749632E-13));
#7972=DIRECTION('',(4.71484343495036E-16,-1.,5.47079666113152E-14));
#7973=DIRECTION('center_axis',(1.,4.71484343506663E-16,2.12523875749632E-13));
#7974=DIRECTION('ref_axis',(-4.71484343495036E-16,1.,-5.47079666113152E-14));
#7975=DIRECTION('',(-2.12523875749632E-13,5.47079666113151E-14,1.));
#7976=DIRECTION('',(4.71484343495036E-16,-1.,5.47079666113152E-14));
#7977=DIRECTION('',(-2.12523875749632E-13,5.47079666113151E-14,1.));
#7978=DIRECTION('',(-4.71484343495036E-16,1.,-5.47079666113152E-14));
#7979=DIRECTION('center_axis',(2.13541301376709E-13,-5.47079666113151E-14,
-1.));
#7980=DIRECTION('ref_axis',(-4.71484343495036E-16,1.,-5.47079666113152E-14));
#7981=DIRECTION('',(1.,4.71484343506686E-16,2.12949244461089E-13));
#7982=DIRECTION('',(4.71484343495036E-16,-1.,5.47079666113152E-14));
#7983=DIRECTION('',(1.,4.71484343506686E-16,2.12949244461089E-13));
#7984=DIRECTION('center_axis',(2.11446424566919E-13,-5.47079666113151E-14,
-1.));
#7985=DIRECTION('ref_axis',(-4.71484343495036E-16,1.,-5.47079666113152E-14));
#7986=DIRECTION('',(1.,4.71484343506587E-16,2.11144738235759E-13));
#7987=DIRECTION('',(4.71484343495036E-16,-1.,5.47079666113152E-14));
#7988=DIRECTION('',(1.,4.71484343506587E-16,2.11144738235759E-13));
#7989=DIRECTION('center_axis',(1.,4.71484343506663E-16,2.12523875749632E-13));
#7990=DIRECTION('ref_axis',(-4.71484343495036E-16,1.,-5.47079666113152E-14));
#7991=DIRECTION('',(-2.12523875749632E-13,5.47079666113151E-14,1.));
#7992=DIRECTION('',(4.71484343495036E-16,-1.,5.47079666113152E-14));
#7993=DIRECTION('',(-2.12523875749632E-13,5.47079666113151E-14,1.));
#7994=DIRECTION('center_axis',(2.11446424566919E-13,-5.47079666113151E-14,
-1.));
#7995=DIRECTION('ref_axis',(-4.71484343495036E-16,1.,-5.47079666113152E-14));
#7996=DIRECTION('',(1.,4.71484343506625E-16,2.11834306992696E-13));
#7997=DIRECTION('',(1.,4.71484343506625E-16,2.11834306992696E-13));
#7998=DIRECTION('center_axis',(-4.71484343495036E-16,1.,-5.47079666113152E-14));
#7999=DIRECTION('ref_axis',(-2.12523875749632E-13,5.47079666113151E-14,
1.));
#8000=DIRECTION('',(-0.707106781186698,3.83509843992713E-14,0.707106781186397));
#8001=DIRECTION('',(0.707106781186398,3.9017763952305E-14,0.707106781186697));
#8002=DIRECTION('',(-0.707106781186698,3.83509843992713E-14,0.707106781186397));
#8003=DIRECTION('',(0.707106781186397,3.9017763952305E-14,0.707106781186698));
#8004=DIRECTION('',(0.707106781186697,-3.83509843992713E-14,-0.707106781186398));
#8005=DIRECTION('',(-0.707106781186396,-3.90177639523051E-14,-0.707106781186699));
#8006=DIRECTION('center_axis',(-4.71484343495036E-16,1.,-5.47079666113152E-14));
#8007=DIRECTION('ref_axis',(-2.12523875749632E-13,5.47079666113151E-14,
1.));
#8008=DIRECTION('',(0.707106781186699,-3.83509843992713E-14,-0.707106781186396));
#8009=DIRECTION('',(0.707106781186396,3.90177639523051E-14,0.707106781186699));
#8010=DIRECTION('',(-0.707106781186697,3.83509843992713E-14,0.707106781186398));
#8011=DIRECTION('',(-0.707106781186398,-3.9017763952305E-14,-0.707106781186697));
#8012=DIRECTION('',(0.707106781186698,-3.83509843992713E-14,-0.707106781186397));
#8013=DIRECTION('',(-0.707106781186397,-3.9017763952305E-14,-0.707106781186698));
#8014=DIRECTION('center_axis',(-0.707106781186699,3.83509843992712E-14,
0.707106781186396));
#8015=DIRECTION('ref_axis',(4.71484343495036E-16,-1.,5.47079666113152E-14));
#8016=DIRECTION('center_axis',(0.707106781186397,3.9017763952305E-14,0.707106781186698));
#8017=DIRECTION('ref_axis',(4.71484343495036E-16,-1.,5.47079666113152E-14));
#8018=DIRECTION('center_axis',(-0.707106781186397,-3.9017763952305E-14,
-0.707106781186698));
#8019=DIRECTION('ref_axis',(-4.71484343495036E-16,1.,-5.47079666113152E-14));
#8020=DIRECTION('center_axis',(0.707106781186698,-3.83509843992713E-14,
-0.707106781186397));
#8021=DIRECTION('ref_axis',(-4.71484343495036E-16,1.,-5.47079666113152E-14));
#8022=DIRECTION('center_axis',(-0.707106781186397,-3.9017763952305E-14,
-0.707106781186698));
#8023=DIRECTION('ref_axis',(-4.71484343495036E-16,1.,-5.47079666113152E-14));
#8024=DIRECTION('center_axis',(0.707106781186698,-3.83509843992713E-14,
-0.707106781186397));
#8025=DIRECTION('ref_axis',(-4.71484343495036E-16,1.,-5.47079666113152E-14));
#8026=DIRECTION('center_axis',(0.,1.,-6.55106997348696E-14));
#8027=DIRECTION('ref_axis',(-2.18368999116232E-13,6.55106997348696E-14,
1.));
#8028=DIRECTION('center_axis',(-2.11756250807843E-13,0.0871557427477129,
0.996194698091741));
#8029=DIRECTION('ref_axis',(1.80529860393472E-14,0.996194698091741,-0.0871557427477128));
#8030=DIRECTION('center_axis',(-0.996194698091746,0.0871557427476579,-2.16483271703916E-13));
#8031=DIRECTION('ref_axis',(0.0871557427476579,0.996194698091746,-3.5310662270527E-14));
#8032=DIRECTION('center_axis',(-2.11756250807843E-13,0.0871557427477129,
0.996194698091741));
#8033=DIRECTION('ref_axis',(2.68946589809247E-14,0.996194698091741,-0.0871557427477129));
#8034=DIRECTION('center_axis',(-0.996194698091746,0.0871557427476579,-2.16483271703916E-13));
#8035=DIRECTION('ref_axis',(0.0871557427476579,0.996194698091745,-3.59771100390022E-14));
#8036=DIRECTION('center_axis',(2.11674065671541E-13,0.0871557427476039,
-0.99619469809175));
#8037=DIRECTION('ref_axis',(1.89923664457933E-14,-0.99619469809175,-0.0871557427476039));
#8038=DIRECTION('center_axis',(-0.996194698091746,0.0871557427476579,-2.16483271703916E-13));
#8039=DIRECTION('ref_axis',(0.0871557427476579,0.996194698091746,-3.39777667335764E-14));
#8040=DIRECTION('center_axis',(2.06833606449125E-13,0.0871557427476039,
-0.99619469809175));
#8041=DIRECTION('ref_axis',(2.43473518451665E-14,-0.99619469809175,-0.0871557427476039));
#8042=DIRECTION('center_axis',(0.996194698091746,0.0871557427476588,2.06947044775469E-13));
#8043=DIRECTION('ref_axis',(0.0871557427476588,-0.996194698091745,7.30224625241427E-14));
#8044=DIRECTION('center_axis',(2.11674065671541E-13,0.0871557427476039,
-0.99619469809175));
#8045=DIRECTION('ref_axis',(2.24969776430124E-14,-0.99619469809175,-0.0871557427476039));
#8046=DIRECTION('center_axis',(0.996194698091746,0.0871557427476588,2.06947044775469E-13));
#8047=DIRECTION('ref_axis',(0.0871557427476588,-0.996194698091745,8.36054124904455E-14));
#8048=DIRECTION('center_axis',(-2.11756250807843E-13,0.0871557427477129,
0.996194698091741));
#8049=DIRECTION('ref_axis',(1.88871061281753E-14,0.996194698091741,-0.0871557427477129));
#8050=DIRECTION('center_axis',(0.996194698091746,0.0871557427476588,2.06947044775469E-13));
#8051=DIRECTION('ref_axis',(0.0871557427476588,-0.996194698091745,6.96739330685812E-14));
#8052=DIRECTION('center_axis',(-2.11756250807843E-13,0.0871557427477129,
0.996194698091741));
#8053=DIRECTION('ref_axis',(1.80529860393472E-14,0.996194698091741,-0.0871557427477128));
#8054=DIRECTION('center_axis',(-1.,-4.71484343506983E-16,-2.1836899911623E-13));
#8055=DIRECTION('ref_axis',(2.1836899911623E-13,-5.45922497790574E-14,-1.));
#8056=DIRECTION('center_axis',(7.45444702118131E-15,-1.,5.47079666113167E-14));
#8057=DIRECTION('ref_axis',(-2.12523875749632E-13,5.47079666113151E-14,
1.));
#8058=DIRECTION('center_axis',(7.45444702118131E-15,-1.,5.47079666113167E-14));
#8059=DIRECTION('ref_axis',(2.12523875749632E-13,-5.47079666113151E-14,
-1.));
#8060=DIRECTION('center_axis',(2.11756250807843E-13,-0.0871557427477129,
-0.996194698091741));
#8061=DIRECTION('ref_axis',(1.80529860393472E-14,0.996194698091741,-0.0871557427477129));
#8062=DIRECTION('',(0.0868265938642296,-0.992432509138962,0.0868265938643203));
#8063=DIRECTION('',(1.,4.71484343506663E-16,2.12523875749632E-13));
#8064=DIRECTION('',(-0.0868265938642661,-0.992432509138962,0.0868265938642828));
#8065=DIRECTION('center_axis',(-0.996194698091746,-0.0871557427476588,-2.06947044775469E-13));
#8066=DIRECTION('ref_axis',(0.0871557427476588,-0.996194698091745,7.30224625241427E-14));
#8067=DIRECTION('',(0.0868265938642299,-0.992432509138962,0.0868265938643201));
#8068=DIRECTION('',(2.12523875749632E-13,-5.47079666113151E-14,-1.));
#8069=DIRECTION('center_axis',(2.11756250807843E-13,-0.0871557427477129,
-0.996194698091741));
#8070=DIRECTION('ref_axis',(1.80529860393472E-14,0.996194698091741,-0.0871557427477129));
#8071=DIRECTION('',(0.0868265938642298,-0.992432509138962,0.0868265938643212));
#8072=DIRECTION('',(1.,4.71484343506663E-16,2.12523875749632E-13));
#8073=DIRECTION('center_axis',(-0.996194698091746,-0.0871557427476588,-2.06947044775469E-13));
#8074=DIRECTION('ref_axis',(0.0871557427476588,-0.996194698091745,7.30224625241427E-14));
#8075=DIRECTION('',(0.0868265938642668,-0.992432509138972,-0.0868265938641758));
#8076=DIRECTION('',(2.12523875749632E-13,-5.47079666113151E-14,-1.));
#8077=DIRECTION('center_axis',(-2.11674065671541E-13,-0.0871557427476039,
0.99619469809175));
#8078=DIRECTION('ref_axis',(1.89923664457933E-14,-0.99619469809175,-0.0871557427476039));
#8079=DIRECTION('',(0.086826593864267,-0.992432509138972,-0.0868265938641746));
#8080=DIRECTION('',(-1.,-4.71484343506663E-16,-2.12523875749632E-13));
#8081=DIRECTION('center_axis',(-0.996194698091746,-0.0871557427476588,-2.06947044775469E-13));
#8082=DIRECTION('ref_axis',(0.0871557427476588,-0.996194698091745,7.30224625241427E-14));
#8083=DIRECTION('',(0.0868265938642669,-0.992432509138972,-0.0868265938641752));
#8084=DIRECTION('',(2.12523875749632E-13,-5.47079666113151E-14,-1.));
#8085=DIRECTION('center_axis',(-2.06833606449125E-13,-0.0871557427476039,
0.99619469809175));
#8086=DIRECTION('ref_axis',(1.89923664457933E-14,-0.99619469809175,-0.0871557427476039));
#8087=DIRECTION('',(-0.0868265938642285,-0.992432509138972,-0.086826593864211));
#8088=DIRECTION('',(-1.,-4.71484343506663E-16,-2.12523875749632E-13));
#8089=DIRECTION('center_axis',(0.996194698091746,-0.0871557427476579,2.16483271703916E-13));
#8090=DIRECTION('ref_axis',(0.0871557427476579,0.996194698091746,-3.59771100390022E-14));
#8091=DIRECTION('',(-0.0868265938642287,-0.992432509138972,-0.0868265938642123));
#8092=DIRECTION('',(-2.12523875749632E-13,5.47079666113151E-14,1.));
#8093=DIRECTION('center_axis',(-2.11674065671541E-13,-0.0871557427476039,
0.99619469809175));
#8094=DIRECTION('ref_axis',(1.89923664457933E-14,-0.99619469809175,-0.0871557427476039));
#8095=DIRECTION('',(-0.0868265938642291,-0.992432509138972,-0.0868265938642119));
#8096=DIRECTION('',(-1.,-4.71484343506663E-16,-2.12523875749632E-13));
#8097=DIRECTION('center_axis',(0.996194698091746,-0.0871557427476579,2.16483271703916E-13));
#8098=DIRECTION('ref_axis',(0.0871557427476579,0.996194698091746,-3.59771100390022E-14));
#8099=DIRECTION('',(-0.086826593864266,-0.992432509138962,0.0868265938642836));
#8100=DIRECTION('',(-2.12523875749632E-13,5.47079666113151E-14,1.));
#8101=DIRECTION('center_axis',(2.11756250807843E-13,-0.0871557427477129,
-0.996194698091741));
#8102=DIRECTION('ref_axis',(1.80529860393472E-14,0.996194698091741,-0.0871557427477129));
#8103=DIRECTION('',(-0.0868265938642658,-0.992432509138963,0.0868265938642842));
#8104=DIRECTION('',(1.,4.71484343506663E-16,2.12523875749632E-13));
#8105=DIRECTION('center_axis',(0.996194698091746,-0.0871557427476579,2.16483271703916E-13));
#8106=DIRECTION('ref_axis',(0.0871557427476579,0.996194698091746,-3.59771100390022E-14));
#8107=DIRECTION('',(-2.12523875749632E-13,5.47079666113151E-14,1.));
#8108=DIRECTION('center_axis',(-4.71484343495036E-16,1.,-5.47079666113152E-14));
#8109=DIRECTION('ref_axis',(-2.12523875749632E-13,5.47079666113151E-14,
1.));
#8110=DIRECTION('center_axis',(0.,1.,-6.55106997348696E-14));
#8111=DIRECTION('ref_axis',(-2.18368999116232E-13,6.55106997348696E-14,
1.));
#8112=DIRECTION('center_axis',(-2.1659671003026E-13,0.0871557427477129,
0.996194698091741));
#8113=DIRECTION('ref_axis',(1.80529860393472E-14,0.996194698091741,-0.0871557427477128));
#8114=DIRECTION('center_axis',(-0.996194698091746,0.0871557427476579,-2.16483271703916E-13));
#8115=DIRECTION('ref_axis',(0.0871557427476579,0.996194698091746,-3.59771100390022E-14));
#8116=DIRECTION('center_axis',(-2.11756250807843E-13,0.0871557427477129,
0.996194698091741));
#8117=DIRECTION('ref_axis',(1.53828060795612E-14,0.996194698091741,-0.0871557427477128));
#8118=DIRECTION('center_axis',(-0.996194698091746,0.0871557427476579,-2.16483271703916E-13));
#8119=DIRECTION('ref_axis',(0.0871557427476579,0.996194698091745,-3.59771100390022E-14));
#8120=DIRECTION('center_axis',(2.11674065671541E-13,0.0871557427476039,
-0.99619469809175));
#8121=DIRECTION('ref_axis',(2.24956708188711E-14,-0.99619469809175,-0.0871557427476039));
#8122=DIRECTION('center_axis',(-0.996194698091746,0.0871557427476579,-2.16483271703916E-13));
#8123=DIRECTION('ref_axis',(0.0871557427476579,0.996194698091746,-4.33080354922304E-14));
#8124=DIRECTION('center_axis',(2.11674065671541E-13,0.0871557427476039,
-0.99619469809175));
#8125=DIRECTION('ref_axis',(1.89923664457933E-14,-0.99619469809175,-0.0871557427476039));
#8126=DIRECTION('center_axis',(0.996194698091746,0.0871557427476588,2.06947044775469E-13));
#8127=DIRECTION('ref_axis',(0.0871557427476588,-0.996194698091745,8.9095403910838E-14));
#8128=DIRECTION('center_axis',(2.11674065671541E-13,0.0871557427476039,
-0.99619469809175));
#8129=DIRECTION('ref_axis',(1.89923664457933E-14,-0.99619469809175,-0.0871557427476039));
#8130=DIRECTION('center_axis',(0.996194698091746,0.0871557427476588,2.06947044775469E-13));
#8131=DIRECTION('ref_axis',(0.0871557427476588,-0.996194698091745,7.30224625241427E-14));
#8132=DIRECTION('center_axis',(-2.11756250807843E-13,0.0871557427477129,
0.996194698091741));
#8133=DIRECTION('ref_axis',(1.80529860393472E-14,0.996194698091741,-0.0871557427477128));
#8134=DIRECTION('center_axis',(0.996194698091746,0.0871557427476588,2.06947044775469E-13));
#8135=DIRECTION('ref_axis',(0.0871557427476588,-0.996194698091745,7.63709919797042E-14));
#8136=DIRECTION('center_axis',(-2.1659671003026E-13,0.0871557427477129,
0.996194698091741));
#8137=DIRECTION('ref_axis',(1.80529860393472E-14,0.996194698091741,-0.0871557427477128));
#8138=DIRECTION('center_axis',(-1.,-4.71484343506983E-16,-2.1836899911623E-13));
#8139=DIRECTION('ref_axis',(2.1836899911623E-13,-5.45922497790574E-14,-1.));
#8140=DIRECTION('center_axis',(-7.45444702118131E-15,1.,-5.47079666113167E-14));
#8141=DIRECTION('ref_axis',(-2.12523875749632E-13,5.47079666113151E-14,
1.));
#8142=DIRECTION('center_axis',(7.45444702118131E-15,-1.,5.47079666113167E-14));
#8143=DIRECTION('ref_axis',(2.12523875749632E-13,-5.47079666113151E-14,
-1.));
#8144=DIRECTION('center_axis',(-2.11674065671541E-13,-0.0871557427476039,
0.99619469809175));
#8145=DIRECTION('ref_axis',(1.89923664457933E-14,-0.99619469809175,-0.0871557427476039));
#8146=DIRECTION('',(-0.0868265938642286,-0.992432509138972,-0.0868265938642123));
#8147=DIRECTION('',(1.,4.71484343506663E-16,2.12523875749632E-13));
#8148=DIRECTION('',(0.0868265938642668,-0.992432509138972,-0.0868265938641749));
#8149=DIRECTION('center_axis',(0.996194698091746,-0.0871557427476579,2.16483271703916E-13));
#8150=DIRECTION('ref_axis',(0.0871557427476579,0.996194698091746,-3.59771100390022E-14));
#8151=DIRECTION('',(-0.0868265938642289,-0.992432509138972,-0.0868265938642125));
#8152=DIRECTION('',(2.12523875749632E-13,-5.47079666113151E-14,-1.));
#8153=DIRECTION('center_axis',(-2.11674065671541E-13,-0.0871557427476039,
0.99619469809175));
#8154=DIRECTION('ref_axis',(1.89923664457933E-14,-0.99619469809175,-0.0871557427476039));
#8155=DIRECTION('',(-0.0868265938642294,-0.992432509138972,-0.086826593864212));
#8156=DIRECTION('',(1.,4.71484343506663E-16,2.12523875749632E-13));
#8157=DIRECTION('center_axis',(0.996194698091746,-0.0871557427476579,2.16483271703916E-13));
#8158=DIRECTION('ref_axis',(0.0871557427476579,0.996194698091746,-3.59771100390022E-14));
#8159=DIRECTION('',(-0.086826593864266,-0.992432509138962,0.0868265938642835));
#8160=DIRECTION('',(2.12523875749632E-13,-5.47079666113151E-14,-1.));
#8161=DIRECTION('center_axis',(2.11756250807843E-13,-0.0871557427477129,
-0.996194698091741));
#8162=DIRECTION('ref_axis',(1.80529860393472E-14,0.996194698091741,-0.0871557427477129));
#8163=DIRECTION('',(-0.0868265938642661,-0.992432509138962,0.086826593864284));
#8164=DIRECTION('',(-1.,-4.71484343506663E-16,-2.12523875749632E-13));
#8165=DIRECTION('center_axis',(0.996194698091746,-0.0871557427476579,2.16483271703916E-13));
#8166=DIRECTION('ref_axis',(0.0871557427476579,0.996194698091746,-3.59771100390022E-14));
#8167=DIRECTION('',(-0.086826593864266,-0.992432509138962,0.0868265938642838));
#8168=DIRECTION('',(2.12523875749632E-13,-5.47079666113151E-14,-1.));
#8169=DIRECTION('center_axis',(2.1659671003026E-13,-0.0871557427477129,
-0.996194698091741));
#8170=DIRECTION('ref_axis',(1.80529860393472E-14,0.996194698091741,-0.0871557427477129));
#8171=DIRECTION('',(0.08682659386423,-0.992432509138962,0.0868265938643208));
#8172=DIRECTION('',(-1.,-4.71484343507003E-16,-2.18743330457192E-13));
#8173=DIRECTION('center_axis',(-0.996194698091746,-0.0871557427476588,-2.06947044775469E-13));
#8174=DIRECTION('ref_axis',(0.0871557427476588,-0.996194698091745,7.30224625241427E-14));
#8175=DIRECTION('',(0.0868265938642298,-0.992432509138962,0.086826593864321));
#8176=DIRECTION('',(-2.12523875749632E-13,5.47079666113151E-14,1.));
#8177=DIRECTION('center_axis',(2.11756250807843E-13,-0.0871557427477129,
-0.996194698091741));
#8178=DIRECTION('ref_axis',(1.80529860393472E-14,0.996194698091741,-0.0871557427477129));
#8179=DIRECTION('',(0.0868265938642301,-0.992432509138962,0.0868265938643214));
#8180=DIRECTION('',(-1.,-4.71484343506663E-16,-2.12523875749632E-13));
#8181=DIRECTION('center_axis',(-0.996194698091746,-0.0871557427476588,-2.06947044775469E-13));
#8182=DIRECTION('ref_axis',(0.0871557427476588,-0.996194698091745,7.30224625241427E-14));
#8183=DIRECTION('',(0.0868265938642667,-0.992432509138972,-0.0868265938641757));
#8184=DIRECTION('',(-2.12523875749632E-13,5.47079666113151E-14,1.));
#8185=DIRECTION('center_axis',(-2.11674065671541E-13,-0.0871557427476039,
0.99619469809175));
#8186=DIRECTION('ref_axis',(1.89923664457933E-14,-0.99619469809175,-0.0871557427476039));
#8187=DIRECTION('',(0.086826593864267,-0.992432509138972,-0.0868265938641757));
#8188=DIRECTION('',(1.,4.71484343506663E-16,2.12523875749632E-13));
#8189=DIRECTION('center_axis',(-0.996194698091746,-0.0871557427476588,-2.06947044775469E-13));
#8190=DIRECTION('ref_axis',(0.0871557427476588,-0.996194698091745,7.30224625241427E-14));
#8191=DIRECTION('',(-2.12523875749632E-13,5.47079666113151E-14,1.));
#8192=DIRECTION('center_axis',(-4.71484343495036E-16,1.,-5.47079666113152E-14));
#8193=DIRECTION('ref_axis',(-2.12523875749632E-13,5.47079666113151E-14,
1.));
#8194=DIRECTION('center_axis',(-4.71484343495036E-16,1.,-5.47079666113152E-14));
#8195=DIRECTION('ref_axis',(-2.12523875749632E-13,5.47079666113151E-14,
1.));
#8196=DIRECTION('center_axis',(-4.71484343495036E-16,1.,-5.47079666113152E-14));
#8197=DIRECTION('ref_axis',(-2.12523875749632E-13,5.47079666113151E-14,
1.));
#8198=DIRECTION('',(-4.71484343495036E-16,1.,-5.47079666113152E-14));
#8199=DIRECTION('center_axis',(-4.71484343495036E-16,1.,-5.47079666113152E-14));
#8200=DIRECTION('ref_axis',(-2.12523875749632E-13,5.47079666113151E-14,
1.));
#8201=DIRECTION('',(-4.71484343495036E-16,1.,-5.47079666113152E-14));
#8202=DIRECTION('center_axis',(4.71484343495036E-16,-1.,5.47079666113152E-14));
#8203=DIRECTION('ref_axis',(2.12523875749632E-13,-5.47079666113151E-14,
-1.));
#8204=DIRECTION('center_axis',(4.71484343495036E-16,-1.,5.47079666113152E-14));
#8205=DIRECTION('ref_axis',(-2.12523875749632E-13,5.47079666113151E-14,
1.));
#8206=DIRECTION('',(-4.71484343495036E-16,1.,-5.47079666113152E-14));
#8207=DIRECTION('center_axis',(4.71484343495036E-16,-1.,5.47079666113152E-14));
#8208=DIRECTION('ref_axis',(-2.12523875749632E-13,5.47079666113151E-14,
1.));
#8209=DIRECTION('',(-4.71484343495036E-16,1.,-5.47079666113152E-14));
#8210=DIRECTION('center_axis',(4.71484343495036E-16,-1.,5.47079666113152E-14));
#8211=DIRECTION('ref_axis',(-2.07192601357146E-13,5.47079666113151E-14,
1.));
#8212=DIRECTION('',(-4.71484343495036E-16,1.,-5.47079666113152E-14));
#8213=DIRECTION('center_axis',(4.71484343495036E-16,-1.,5.47079666113152E-14));
#8214=DIRECTION('ref_axis',(-2.14356501322049E-13,5.47079666113151E-14,
1.));
#8215=DIRECTION('',(-4.71484343495036E-16,1.,-5.47079666113152E-14));
#8216=DIRECTION('center_axis',(4.71484343495036E-16,-1.,5.47079666113152E-14));
#8217=DIRECTION('ref_axis',(-2.12523875749632E-13,5.47079666113151E-14,
1.));
#8218=DIRECTION('',(4.71484343495036E-16,-1.,5.47079666113152E-14));
#8219=DIRECTION('center_axis',(4.71484343495036E-16,-1.,5.47079666113152E-14));
#8220=DIRECTION('ref_axis',(-2.12523875749632E-13,5.47079666113151E-14,
1.));
#8221=DIRECTION('center_axis',(4.71484343495036E-16,-1.,5.47079666113152E-14));
#8222=DIRECTION('ref_axis',(2.12523875749632E-13,-5.47079666113151E-14,
-1.));
#8223=DIRECTION('center_axis',(4.71484343495036E-16,-1.,5.47079666113152E-14));
#8224=DIRECTION('ref_axis',(-2.12523875749632E-13,5.47079666113151E-14,
1.));
#8225=DIRECTION('',(4.71484343495036E-16,-1.,5.47079666113152E-14));
#8226=DIRECTION('center_axis',(-4.71484343495036E-16,1.,-5.47079666113152E-14));
#8227=DIRECTION('ref_axis',(-2.12523875749632E-13,5.47079666113151E-14,
1.));
#8228=DIRECTION('center_axis',(4.71484343495036E-16,-1.,5.47079666113152E-14));
#8229=DIRECTION('ref_axis',(2.12523875749632E-13,-5.47079666113151E-14,
-1.));
#8230=DIRECTION('center_axis',(-4.71484343495036E-16,1.,-5.47079666113152E-14));
#8231=DIRECTION('ref_axis',(-2.12523875749632E-13,5.47079666113151E-14,
1.));
#8232=DIRECTION('',(4.71484343495036E-16,-1.,5.47079666113152E-14));
#8233=DIRECTION('center_axis',(-4.71484343495036E-16,1.,-5.47079666113152E-14));
#8234=DIRECTION('ref_axis',(-2.12523875749632E-13,5.47079666113151E-14,
1.));
#8235=DIRECTION('center_axis',(-4.71484343495036E-16,1.,-5.47079666113152E-14));
#8236=DIRECTION('ref_axis',(-2.12523875749632E-13,5.47079666113151E-14,
1.));
#8237=DIRECTION('',(-4.71484343495036E-16,1.,-5.47079666113152E-14));
#8238=DIRECTION('center_axis',(4.71484343495036E-16,-1.,5.47079666113152E-14));
#8239=DIRECTION('ref_axis',(-2.11690864125806E-13,5.47079666113151E-14,
1.));
#8240=DIRECTION('',(-4.71484343495036E-16,1.,-5.47079666113152E-14));
#8241=DIRECTION('center_axis',(-4.71484343495036E-16,1.,-5.47079666113152E-14));
#8242=DIRECTION('ref_axis',(-2.12523875749632E-13,5.47079666113151E-14,
1.));
#8243=DIRECTION('',(-4.71484343495036E-16,1.,-5.47079666113152E-14));
#8244=DIRECTION('center_axis',(4.71484343495036E-16,-1.,5.47079666113152E-14));
#8245=DIRECTION('ref_axis',(-2.12523875749632E-13,5.47079666113151E-14,
1.));
#8246=DIRECTION('',(-4.71484343495036E-16,1.,-5.47079666113152E-14));
#8247=DIRECTION('center_axis',(-4.71484343495036E-16,1.,-5.47079666113152E-14));
#8248=DIRECTION('ref_axis',(-2.12523875749632E-13,5.47079666113151E-14,
1.));
#8249=DIRECTION('',(-1.,-4.71484343506663E-16,-2.12523875749632E-13));
#8250=DIRECTION('',(-2.12523875749632E-13,5.47079666113151E-14,1.));
#8251=DIRECTION('',(0.707106781186397,3.9017763952305E-14,0.707106781186698));
#8252=DIRECTION('',(1.,4.71484343506663E-16,2.12523875749632E-13));
#8253=DIRECTION('',(0.7071067811867,-3.83509843992712E-14,-0.707106781186395));
#8254=DIRECTION('',(-2.1259710719745E-13,5.47079666113151E-14,1.));
#8255=DIRECTION('',(-1.,-4.71484343506663E-16,-2.12523875749632E-13));
#8256=DIRECTION('',(2.12523875749632E-13,-5.47079666113151E-14,-1.));
#8257=DIRECTION('center_axis',(1.,4.71484343506663E-16,2.12523875749632E-13));
#8258=DIRECTION('ref_axis',(-4.71484343495036E-16,1.,-5.47079666113152E-14));
#8259=DIRECTION('',(-4.71484343495036E-16,1.,-5.47079666113152E-14));
#8260=DIRECTION('',(-2.12523875749632E-13,5.47079666113151E-14,1.));
#8261=DIRECTION('',(-4.71484343495036E-16,1.,-5.47079666113152E-14));
#8262=DIRECTION('',(-2.12523875749632E-13,5.47079666113151E-14,1.));
#8263=DIRECTION('',(4.71484343495036E-16,-1.,5.47079666113152E-14));
#8264=DIRECTION('',(-2.12523875749632E-13,5.47079666113151E-14,1.));
#8265=DIRECTION('',(-4.71484343495036E-16,1.,-5.47079666113152E-14));
#8266=DIRECTION('center_axis',(-4.71484343495036E-16,1.,-5.47079666113152E-14));
#8267=DIRECTION('ref_axis',(-2.12523875749632E-13,5.47079666113151E-14,
1.));
#8268=DIRECTION('',(-1.,-4.71484343506663E-16,-2.12523875749632E-13));
#8269=DIRECTION('',(2.12437410968508E-13,-5.47079666113151E-14,-1.));
#8270=DIRECTION('',(-1.,-4.71484343506607E-16,-2.11511760791569E-13));
#8271=DIRECTION('',(2.12523875749632E-13,-5.47079666113151E-14,-1.));
#8272=DIRECTION('',(2.12523875749632E-13,-5.47079666113151E-14,-1.));
#8273=DIRECTION('',(-1.,-4.71484343506566E-16,-2.10759621718249E-13));
#8274=DIRECTION('',(-2.12523875749632E-13,5.47079666113151E-14,1.));
#8275=DIRECTION('',(0.707106781186393,3.90177639523052E-14,0.707106781186702));
#8276=DIRECTION('',(1.,4.71484343506686E-16,2.12949244461089E-13));
#8277=DIRECTION('center_axis',(-4.71484343495036E-16,1.,-5.47079666113152E-14));
#8278=DIRECTION('ref_axis',(-2.12523875749632E-13,5.47079666113151E-14,
1.));
#8279=DIRECTION('',(-2.12523875749632E-13,5.47079666113151E-14,1.));
#8280=DIRECTION('',(1.,4.71484343506663E-16,2.12523875749632E-13));
#8281=DIRECTION('',(-2.12523875749632E-13,5.47079666113151E-14,1.));
#8282=DIRECTION('center_axis',(-4.71484343495036E-16,1.,-5.47079666113152E-14));
#8283=DIRECTION('ref_axis',(-2.12523875749632E-13,5.47079666113151E-14,
1.));
#8284=DIRECTION('',(1.,4.71484343506587E-16,2.11144738235759E-13));
#8285=DIRECTION('',(-2.12523875749632E-13,5.47079666113151E-14,1.));
#8286=DIRECTION('',(1.,4.71484343506625E-16,2.11834306992696E-13));
#8287=DIRECTION('center_axis',(4.71484343495036E-16,-1.,5.47079666113152E-14));
#8288=DIRECTION('ref_axis',(-2.14258599225609E-13,5.47079666113151E-14,
1.));
#8289=DIRECTION('',(2.12523875749632E-13,-5.47079666113151E-14,-1.));
#8290=DIRECTION('',(1.,4.71484343506663E-16,2.12523875749632E-13));
#8291=DIRECTION('',(2.12523875749632E-13,-5.47079666113151E-14,-1.));
#8292=DIRECTION('center_axis',(4.71484343495036E-16,-1.,5.47079666113152E-14));
#8293=DIRECTION('ref_axis',(-2.12523875749632E-13,5.47079666113151E-14,
1.));
#8294=DIRECTION('',(1.,4.71484343506663E-16,2.12523875749632E-13));
#8295=DIRECTION('',(-0.707106781186701,3.83509843992711E-14,0.707106781186394));
#8296=DIRECTION('',(-1.,-4.71484343506759E-16,-2.14288129781015E-13));
#8297=DIRECTION('',(-2.12523875749632E-13,5.47079666113151E-14,1.));
#8298=DIRECTION('center_axis',(4.71484343495036E-16,-1.,5.47079666113152E-14));
#8299=DIRECTION('ref_axis',(-2.12523875749632E-13,5.47079666113151E-14,
1.));
#8300=DIRECTION('',(-2.12523875749632E-13,5.47079666113151E-14,1.));
#8301=DIRECTION('center_axis',(1.,4.71484343506663E-16,2.12523875749632E-13));
#8302=DIRECTION('ref_axis',(-4.71484343495036E-16,1.,-5.47079666113152E-14));
#8303=DIRECTION('',(-4.71484343495036E-16,1.,-5.47079666113152E-14));
#8304=DIRECTION('',(-2.12523875749632E-13,5.47079666113151E-14,1.));
#8305=DIRECTION('',(-4.71484343495036E-16,1.,-5.47079666113152E-14));
#8306=DIRECTION('',(-2.12523875749632E-13,5.47079666113151E-14,1.));
#8307=DIRECTION('',(4.71484343495036E-16,-1.,5.47079666113152E-14));
#8308=DIRECTION('',(-2.12523875749632E-13,5.47079666113151E-14,1.));
#8309=DIRECTION('',(-4.71484343495036E-16,1.,-5.47079666113152E-14));
#8310=DIRECTION('center_axis',(-4.71484343495036E-16,1.,-5.47079666113152E-14));
#8311=DIRECTION('ref_axis',(-2.12523875749632E-13,5.47079666113151E-14,
1.));
#8312=DIRECTION('',(-1.,-4.71484343506663E-16,-2.12523875749632E-13));
#8313=DIRECTION('',(2.12523875749632E-13,-5.47079666113151E-14,-1.));
#8314=DIRECTION('',(-1.,-4.71484343506663E-16,-2.12523875749632E-13));
#8315=DIRECTION('',(-2.12670338645269E-13,5.47079666113151E-14,1.));
#8316=DIRECTION('',(-0.707106781186396,-3.90177639523051E-14,-0.707106781186699));
#8317=DIRECTION('',(1.,4.71484343506663E-16,2.12523875749632E-13));
#8318=DIRECTION('',(-0.707106781186699,3.83509843992712E-14,0.707106781186396));
#8319=DIRECTION('center_axis',(2.11446424566919E-13,-5.47079666113151E-14,
-1.));
#8320=DIRECTION('ref_axis',(-4.71484343495036E-16,1.,-5.47079666113152E-14));
#8321=DIRECTION('',(1.,4.71484343506625E-16,2.11834306992696E-13));
#8322=DIRECTION('',(4.71484343495036E-16,-1.,5.47079666113152E-14));
#8323=DIRECTION('',(4.71484343495036E-16,-1.,5.47079666113152E-14));
#8324=DIRECTION('center_axis',(4.71484343495036E-16,-1.,5.47079666113152E-14));
#8325=DIRECTION('ref_axis',(2.12523875749632E-13,-5.47079666113151E-14,
-1.));
#8326=DIRECTION('center_axis',(4.71484343495036E-16,-1.,5.47079666113152E-14));
#8327=DIRECTION('ref_axis',(-2.14258599225609E-13,5.47079666113151E-14,
1.));
#8328=DIRECTION('',(4.71484343495036E-16,-1.,5.47079666113152E-14));
#8329=DIRECTION('center_axis',(-1.,-4.71484343506663E-16,-2.12523875749632E-13));
#8330=DIRECTION('ref_axis',(4.71484343495036E-16,-1.,5.47079666113152E-14));
#8331=DIRECTION('',(2.12523875749632E-13,-5.47079666113151E-14,-1.));
#8332=DIRECTION('',(4.71484343495036E-16,-1.,5.47079666113152E-14));
#8333=DIRECTION('center_axis',(2.12523875749632E-13,-5.47079666113151E-14,
-1.));
#8334=DIRECTION('ref_axis',(-4.71484343495036E-16,1.,-5.47079666113152E-14));
#8335=DIRECTION('',(1.,4.71484343506663E-16,2.12523875749632E-13));
#8336=DIRECTION('',(4.71484343495036E-16,-1.,5.47079666113152E-14));
#8337=DIRECTION('center_axis',(-1.,-4.71484343506663E-16,-2.12523875749632E-13));
#8338=DIRECTION('ref_axis',(4.71484343495036E-16,-1.,5.47079666113152E-14));
#8339=DIRECTION('',(2.12523875749632E-13,-5.47079666113151E-14,-1.));
#8340=DIRECTION('',(4.71484343495036E-16,-1.,5.47079666113152E-14));
#8341=DIRECTION('center_axis',(4.71484343495036E-16,-1.,5.47079666113152E-14));
#8342=DIRECTION('ref_axis',(2.12523875749632E-13,-5.47079666113151E-14,
-1.));
#8343=DIRECTION('center_axis',(4.71484343495036E-16,-1.,5.47079666113152E-14));
#8344=DIRECTION('ref_axis',(-2.12523875749632E-13,5.47079666113151E-14,
1.));
#8345=DIRECTION('',(4.71484343495036E-16,-1.,5.47079666113152E-14));
#8346=DIRECTION('center_axis',(2.12523875749632E-13,-5.47079666113151E-14,
-1.));
#8347=DIRECTION('ref_axis',(-4.71484343495036E-16,1.,-5.47079666113152E-14));
#8348=DIRECTION('',(1.,4.71484343506663E-16,2.12523875749632E-13));
#8349=DIRECTION('',(-4.71484343495036E-16,1.,-5.47079666113152E-14));
#8350=DIRECTION('center_axis',(2.12740716184129E-13,-5.47079666113151E-14,
-1.));
#8351=DIRECTION('ref_axis',(-4.71484343495036E-16,1.,-5.47079666113152E-14));
#8352=DIRECTION('',(4.71484343495036E-16,-1.,5.47079666113152E-14));
#8353=DIRECTION('',(1.,4.71484343506663E-16,2.12523875749632E-13));
#8354=DIRECTION('',(-4.71484343495036E-16,1.,-5.47079666113152E-14));
#8355=DIRECTION('center_axis',(1.,4.71484343506663E-16,2.12523875749632E-13));
#8356=DIRECTION('ref_axis',(-4.71484343495036E-16,1.,-5.47079666113152E-14));
#8357=DIRECTION('',(-4.71484343495036E-16,1.,-5.47079666113152E-14));
#8358=DIRECTION('',(2.12523875749632E-13,-5.47079666113151E-14,-1.));
#8359=DIRECTION('',(-4.71484343495036E-16,1.,-5.47079666113152E-14));
#8360=DIRECTION('',(4.71484343495036E-16,-1.,5.47079666113152E-14));
#8361=DIRECTION('',(-2.12616394335017E-13,5.47079666113151E-14,1.));
#8362=DIRECTION('',(-4.71484343495036E-16,1.,-5.47079666113152E-14));
#8363=DIRECTION('center_axis',(2.12307035315135E-13,-5.47079666113151E-14,
-1.));
#8364=DIRECTION('ref_axis',(-4.71484343495036E-16,1.,-5.47079666113152E-14));
#8365=DIRECTION('',(1.,4.71484343506663E-16,2.12523875749632E-13));
#8366=DIRECTION('',(-4.71484343495036E-16,1.,-5.47079666113152E-14));
#8367=DIRECTION('',(4.71484343495036E-16,-1.,5.47079666113152E-14));
#8368=DIRECTION('center_axis',(2.13541301376709E-13,-5.47079666113151E-14,
-1.));
#8369=DIRECTION('ref_axis',(-4.71484343495036E-16,1.,-5.47079666113152E-14));
#8370=DIRECTION('',(4.71484343495036E-16,-1.,5.47079666113152E-14));
#8371=DIRECTION('',(1.,4.71484343506686E-16,2.12949244461089E-13));
#8372=DIRECTION('',(4.71484343495036E-16,-1.,5.47079666113152E-14));
#8373=DIRECTION('center_axis',(4.71484343495036E-16,-1.,5.47079666113152E-14));
#8374=DIRECTION('ref_axis',(2.12523875749632E-13,-5.47079666113151E-14,
-1.));
#8375=DIRECTION('center_axis',(-4.71484343495036E-16,1.,-5.47079666113152E-14));
#8376=DIRECTION('ref_axis',(-2.12523875749632E-13,5.47079666113151E-14,
1.));
#8377=DIRECTION('',(4.71484343495036E-16,-1.,5.47079666113152E-14));
#8378=DIRECTION('center_axis',(1.,4.71484343506663E-16,2.12523875749632E-13));
#8379=DIRECTION('ref_axis',(-4.71484343495036E-16,1.,-5.47079666113152E-14));
#8380=DIRECTION('',(-2.12523875749632E-13,5.47079666113151E-14,1.));
#8381=DIRECTION('',(4.71484343495036E-16,-1.,5.47079666113152E-14));
#8382=DIRECTION('center_axis',(2.12523875749632E-13,-5.47079666113151E-14,
-1.));
#8383=DIRECTION('ref_axis',(-4.71484343495036E-16,1.,-5.47079666113152E-14));
#8384=DIRECTION('',(1.,4.71484343506663E-16,2.12523875749632E-13));
#8385=DIRECTION('',(4.71484343495036E-16,-1.,5.47079666113152E-14));
#8386=DIRECTION('center_axis',(1.,4.71484343506663E-16,2.12523875749632E-13));
#8387=DIRECTION('ref_axis',(-4.71484343495036E-16,1.,-5.47079666113152E-14));
#8388=DIRECTION('',(-2.12523875749632E-13,5.47079666113151E-14,1.));
#8389=DIRECTION('',(4.71484343495036E-16,-1.,5.47079666113152E-14));
#8390=DIRECTION('center_axis',(4.71484343495036E-16,-1.,5.47079666113152E-14));
#8391=DIRECTION('ref_axis',(2.12523875749632E-13,-5.47079666113151E-14,
-1.));
#8392=DIRECTION('center_axis',(-4.71484343495036E-16,1.,-5.47079666113152E-14));
#8393=DIRECTION('ref_axis',(-2.12523875749632E-13,5.47079666113151E-14,
1.));
#8394=DIRECTION('',(4.71484343495036E-16,-1.,5.47079666113152E-14));
#8395=DIRECTION('center_axis',(2.11446424566919E-13,-5.47079666113151E-14,
-1.));
#8396=DIRECTION('ref_axis',(-4.71484343495036E-16,1.,-5.47079666113152E-14));
#8397=DIRECTION('',(1.,4.71484343506587E-16,2.11144738235759E-13));
#8398=DIRECTION('',(4.71484343495036E-16,-1.,5.47079666113152E-14));
#8399=DIRECTION('center_axis',(1.,4.71484343506663E-16,2.12523875749632E-13));
#8400=DIRECTION('ref_axis',(-4.71484343495036E-16,1.,-5.47079666113152E-14));
#8401=DIRECTION('',(-2.12523875749632E-13,5.47079666113151E-14,1.));
#8402=DIRECTION('center_axis',(-4.71484343495036E-16,1.,-5.47079666113152E-14));
#8403=DIRECTION('ref_axis',(-2.12523875749632E-13,5.47079666113151E-14,
1.));
#8404=DIRECTION('',(0.7071067811867,-3.83509843992712E-14,-0.707106781186395));
#8405=DIRECTION('',(-0.707106781186395,-3.90177639523051E-14,-0.7071067811867));
#8406=DIRECTION('',(0.7071067811867,-3.83509843992712E-14,-0.707106781186395));
#8407=DIRECTION('',(0.707106781186396,3.90177639523051E-14,0.707106781186699));
#8408=DIRECTION('',(-0.707106781186699,3.83509843992713E-14,0.707106781186396));
#8409=DIRECTION('',(-0.707106781186397,-3.9017763952305E-14,-0.707106781186698));
#8410=DIRECTION('center_axis',(0.707106781186396,3.90177639523051E-14,0.707106781186699));
#8411=DIRECTION('ref_axis',(4.71484343495036E-16,-1.,5.47079666113152E-14));
#8412=DIRECTION('center_axis',(-0.707106781186699,3.83509843992712E-14,
0.707106781186396));
#8413=DIRECTION('ref_axis',(4.71484343495036E-16,-1.,5.47079666113152E-14));
#8414=DIRECTION('center_axis',(-0.707106781186394,-3.90177639523052E-14,
-0.707106781186701));
#8415=DIRECTION('ref_axis',(-4.71484343495036E-16,1.,-5.47079666113152E-14));
#8416=DIRECTION('center_axis',(0.707106781186699,-3.83509843992712E-14,
-0.707106781186396));
#8417=DIRECTION('ref_axis',(-4.71484343495036E-16,1.,-5.47079666113152E-14));
#8418=DIRECTION('center_axis',(0.707106781186701,-3.83509843992711E-14,
-0.707106781186394));
#8419=DIRECTION('ref_axis',(-4.71484343495036E-16,1.,-5.47079666113152E-14));
#8420=DIRECTION('center_axis',(-0.707106781186396,-3.90177639523051E-14,
-0.707106781186699));
#8421=DIRECTION('ref_axis',(-4.71484343495036E-16,1.,-5.47079666113152E-14));
#8422=DIRECTION('center_axis',(2.12523875749632E-13,-5.47079666113151E-14,
-1.));
#8423=DIRECTION('ref_axis',(-4.71484343495036E-16,1.,-5.47079666113152E-14));
#8424=DIRECTION('',(-4.71484343495036E-16,1.,-5.47079666113152E-14));
#8425=DIRECTION('',(-1.,-4.71484343506663E-16,-2.12523875749632E-13));
#8426=DIRECTION('center_axis',(2.12523875749632E-13,-5.47079666113151E-14,
-1.));
#8427=DIRECTION('ref_axis',(-4.71484343495036E-16,1.,-5.47079666113152E-14));
#8428=DIRECTION('',(-1.,-4.71484343506663E-16,-2.12523875749632E-13));
#8429=DIRECTION('',(-4.71484343495036E-16,1.,-5.47079666113152E-14));
#8430=DIRECTION('center_axis',(1.,4.71484343506663E-16,2.12523875749632E-13));
#8431=DIRECTION('ref_axis',(-4.71484343495036E-16,1.,-5.47079666113152E-14));
#8432=DIRECTION('',(2.12523875749632E-13,-5.47079666113151E-14,-1.));
#8433=DIRECTION('center_axis',(1.,4.71484343506663E-16,2.12523875749632E-13));
#8434=DIRECTION('ref_axis',(-4.71484343495036E-16,1.,-5.47079666113152E-14));
#8435=DIRECTION('',(2.12437410968508E-13,-5.47079666113151E-14,-1.));
#8436=DIRECTION('center_axis',(1.,4.71484343506663E-16,2.12523875749632E-13));
#8437=DIRECTION('ref_axis',(-4.71484343495036E-16,1.,-5.47079666113152E-14));
#8438=DIRECTION('',(2.12523875749632E-13,-5.47079666113151E-14,-1.));
#8439=DIRECTION('center_axis',(-4.71484343495036E-16,1.,-5.47079666113152E-14));
#8440=DIRECTION('ref_axis',(-2.12523875749632E-13,5.47079666113151E-14,
1.));
#8441=DIRECTION('center_axis',(1.,4.71484343506663E-16,2.12523875749632E-13));
#8442=DIRECTION('ref_axis',(-4.71484343495036E-16,1.,-5.47079666113152E-14));
#8443=DIRECTION('',(2.12523875749632E-13,-5.47079666113151E-14,-1.));
#8444=DIRECTION('',(-4.71484343495036E-16,1.,-5.47079666113152E-14));
#8445=DIRECTION('center_axis',(2.11113868048316E-13,-5.47079666113151E-14,
-1.));
#8446=DIRECTION('ref_axis',(-4.71484343495036E-16,1.,-5.47079666113152E-14));
#8447=DIRECTION('',(-1.,-4.71484343506566E-16,-2.10759621718249E-13));
#8448=DIRECTION('center_axis',(2.12523875749632E-13,-5.47079666113151E-14,
-1.));
#8449=DIRECTION('ref_axis',(-4.71484343495036E-16,1.,-5.47079666113152E-14));
#8450=DIRECTION('',(-1.,-4.71484343506663E-16,-2.12523875749632E-13));
#8451=DIRECTION('center_axis',(2.11078272852985E-13,-5.47079666113151E-14,
-1.));
#8452=DIRECTION('ref_axis',(-4.71484343495036E-16,1.,-5.47079666113152E-14));
#8453=DIRECTION('',(-1.,-4.71484343506607E-16,-2.11511760791569E-13));
#8454=DIRECTION('',(-4.71484343495036E-16,1.,-5.47079666113152E-14));
#8455=DIRECTION('center_axis',(1.,4.71484343506663E-16,2.12523875749632E-13));
#8456=DIRECTION('ref_axis',(-4.71484343495036E-16,1.,-5.47079666113152E-14));
#8457=DIRECTION('',(2.12523875749632E-13,-5.47079666113151E-14,-1.));
#8458=DIRECTION('center_axis',(-4.71484343495036E-16,1.,-5.47079666113152E-14));
#8459=DIRECTION('ref_axis',(-2.12523875749632E-13,5.47079666113151E-14,
1.));
#8460=DIRECTION('center_axis',(-4.71484343495036E-16,1.,-5.47079666113152E-14));
#8461=DIRECTION('ref_axis',(0.0500627750600308,-5.4615763006269E-14,-0.998746073110322));
#8462=DIRECTION('',(-4.71484343495036E-16,1.,-5.47079666113152E-14));
#8463=DIRECTION('center_axis',(4.71484343495036E-16,-1.,5.47079666113152E-14));
#8464=DIRECTION('ref_axis',(-2.12523875749632E-13,5.47079666113151E-14,
1.));
#8465=DIRECTION('',(-4.71484343495036E-16,1.,-5.47079666113152E-14));
#8466=DIRECTION('center_axis',(-1.,-4.71484343506663E-16,-2.12523875749632E-13));
#8467=DIRECTION('ref_axis',(4.71484343495036E-16,-1.,5.47079666113152E-14));
#8468=DIRECTION('',(-2.12523875749632E-13,5.47079666113151E-14,1.));
#8469=DIRECTION('',(-4.71484343495036E-16,1.,-5.47079666113152E-14));
#8470=DIRECTION('center_axis',(2.12042008117416E-13,-5.47079666113151E-14,
-1.));
#8471=DIRECTION('ref_axis',(-4.71484343495036E-16,1.,-5.47079666113152E-14));
#8472=DIRECTION('',(-1.,-4.71484343506663E-16,-2.12523875749632E-13));
#8473=DIRECTION('center_axis',(2.12523875749632E-13,-5.47079666113151E-14,
-1.));
#8474=DIRECTION('ref_axis',(-4.71484343495036E-16,1.,-5.47079666113152E-14));
#8475=DIRECTION('',(-1.,-4.71484343506663E-16,-2.12523875749632E-13));
#8476=DIRECTION('center_axis',(2.13933883450948E-13,-5.47079666113151E-14,
-1.));
#8477=DIRECTION('ref_axis',(-4.71484343495036E-16,1.,-5.47079666113152E-14));
#8478=DIRECTION('',(-1.,-4.71484343506759E-16,-2.14288129781015E-13));
#8479=DIRECTION('',(-4.71484343495036E-16,1.,-5.47079666113152E-14));
#8480=DIRECTION('center_axis',(-1.,-4.71484343506663E-16,-2.12523875749632E-13));
#8481=DIRECTION('ref_axis',(4.71484343495036E-16,-1.,5.47079666113152E-14));
#8482=DIRECTION('',(-2.12523875749632E-13,5.47079666113151E-14,1.));
#8483=DIRECTION('center_axis',(-4.71484343495036E-16,1.,-5.47079666113152E-14));
#8484=DIRECTION('ref_axis',(-2.12523875749632E-13,5.47079666113151E-14,
1.));
#8485=DIRECTION('center_axis',(-4.71484343495036E-16,1.,-5.47079666113152E-14));
#8486=DIRECTION('ref_axis',(2.12523875749632E-13,-5.47079666113151E-14,
-1.));
#8487=DIRECTION('center_axis',(-4.71484343495036E-16,1.,-5.47079666113152E-14));
#8488=DIRECTION('ref_axis',(-2.12523875749632E-13,5.47079666113151E-14,
1.));
#8489=DIRECTION('',(-4.71484343495036E-16,1.,-5.47079666113152E-14));
#8490=DIRECTION('center_axis',(-4.71484343495036E-16,1.,-5.47079666113152E-14));
#8491=DIRECTION('ref_axis',(-2.12523875749632E-13,5.47079666113151E-14,
1.));
#8492=DIRECTION('center_axis',(-4.71484343495036E-16,1.,-5.47079666113152E-14));
#8493=DIRECTION('ref_axis',(2.12523875749632E-13,-5.47079666113151E-14,
-1.));
#8494=DIRECTION('center_axis',(-4.71484343495036E-16,1.,-5.47079666113152E-14));
#8495=DIRECTION('ref_axis',(-2.12523875749632E-13,5.47079666113151E-14,
1.));
#8496=DIRECTION('',(-4.71484343495036E-16,1.,-5.47079666113152E-14));
#8497=DIRECTION('center_axis',(-4.71484343495036E-16,1.,-5.47079666113152E-14));
#8498=DIRECTION('ref_axis',(-2.12523875749632E-13,5.47079666113151E-14,
1.));
#8499=DIRECTION('',(-4.71484343495036E-16,1.,-5.47079666113152E-14));
#8500=DIRECTION('center_axis',(-4.71484343495036E-16,1.,-5.47079666113152E-14));
#8501=DIRECTION('ref_axis',(-2.12646340429547E-13,5.47079666113151E-14,
1.));
#8502=DIRECTION('center_axis',(-4.71484343495036E-16,1.,-5.47079666113152E-14));
#8503=DIRECTION('ref_axis',(-2.12523875749632E-13,5.47079666113151E-14,
1.));
#8504=DIRECTION('',(-4.71484343495036E-16,1.,-5.47079666113152E-14));
#8505=DIRECTION('center_axis',(-4.71484343495036E-16,1.,-5.47079666113152E-14));
#8506=DIRECTION('ref_axis',(-2.12523875749632E-13,5.47079666113151E-14,
1.));
#8507=DIRECTION('',(-4.71484343495036E-16,1.,-5.47079666113152E-14));
#8508=DIRECTION('center_axis',(2.12523875749632E-13,-5.47079666113151E-14,
-1.));
#8509=DIRECTION('ref_axis',(-4.71484343495036E-16,1.,-5.47079666113152E-14));
#8510=DIRECTION('',(1.,4.71484343506663E-16,2.12523875749632E-13));
#8511=DIRECTION('',(1.,4.71484343506663E-16,2.12523875749632E-13));
#8512=DIRECTION('',(4.71484343495036E-16,-1.,5.47079666113152E-14));
#8513=DIRECTION('center_axis',(1.,4.71484343506663E-16,2.12523875749632E-13));
#8514=DIRECTION('ref_axis',(-4.71484343495036E-16,1.,-5.47079666113152E-14));
#8515=DIRECTION('',(-2.12523875749632E-13,5.47079666113151E-14,1.));
#8516=DIRECTION('',(4.71484343495036E-16,-1.,5.47079666113152E-14));
#8517=DIRECTION('',(-2.12523875749632E-13,5.47079666113151E-14,1.));
#8518=DIRECTION('',(-4.71484343495036E-16,1.,-5.47079666113152E-14));
#8519=DIRECTION('center_axis',(2.12740716184129E-13,-5.47079666113151E-14,
-1.));
#8520=DIRECTION('ref_axis',(-4.71484343495036E-16,1.,-5.47079666113152E-14));
#8521=DIRECTION('',(1.,4.71484343506663E-16,2.12523875749632E-13));
#8522=DIRECTION('',(4.71484343495036E-16,-1.,5.47079666113152E-14));
#8523=DIRECTION('',(1.,4.71484343506663E-16,2.12523875749632E-13));
#8524=DIRECTION('',(-4.71484343495036E-16,1.,-5.47079666113152E-14));
#8525=DIRECTION('center_axis',(1.,4.71484343506663E-16,2.12523875749632E-13));
#8526=DIRECTION('ref_axis',(-4.71484343495036E-16,1.,-5.47079666113152E-14));
#8527=DIRECTION('',(-2.12616394335017E-13,5.47079666113151E-14,1.));
#8528=DIRECTION('',(-4.71484343495036E-16,1.,-5.47079666113152E-14));
#8529=DIRECTION('',(-2.12616394335017E-13,5.47079666113151E-14,1.));
#8530=DIRECTION('',(4.71484343495036E-16,-1.,5.47079666113152E-14));
#8531=DIRECTION('center_axis',(2.12307035315135E-13,-5.47079666113151E-14,
-1.));
#8532=DIRECTION('ref_axis',(-4.71484343495036E-16,1.,-5.47079666113152E-14));
#8533=DIRECTION('',(1.,4.71484343506663E-16,2.12523875749632E-13));
#8534=DIRECTION('',(-4.71484343495036E-16,1.,-5.47079666113152E-14));
#8535=DIRECTION('',(1.,4.71484343506663E-16,2.12523875749632E-13));
#8536=DIRECTION('',(4.71484343495036E-16,-1.,5.47079666113152E-14));
#8537=DIRECTION('center_axis',(1.,4.71484343506663E-16,2.12523875749632E-13));
#8538=DIRECTION('ref_axis',(-4.71484343495036E-16,1.,-5.47079666113152E-14));
#8539=DIRECTION('',(-2.12523875749632E-13,5.47079666113151E-14,1.));
#8540=DIRECTION('',(4.71484343495036E-16,-1.,5.47079666113152E-14));
#8541=DIRECTION('',(-2.12523875749632E-13,5.47079666113151E-14,1.));
#8542=DIRECTION('',(-4.71484343495036E-16,1.,-5.47079666113152E-14));
#8543=DIRECTION('center_axis',(2.13541301376709E-13,-5.47079666113151E-14,
-1.));
#8544=DIRECTION('ref_axis',(-4.71484343495036E-16,1.,-5.47079666113152E-14));
#8545=DIRECTION('',(1.,4.71484343506686E-16,2.12949244461089E-13));
#8546=DIRECTION('',(1.,4.71484343506686E-16,2.12949244461089E-13));
#8547=DIRECTION('',(-4.71484343495036E-16,1.,-5.47079666113152E-14));
#8548=DIRECTION('center_axis',(2.11446424566919E-13,-5.47079666113151E-14,
-1.));
#8549=DIRECTION('ref_axis',(-4.71484343495036E-16,1.,-5.47079666113152E-14));
#8550=DIRECTION('',(1.,4.71484343506587E-16,2.11144738235759E-13));
#8551=DIRECTION('',(1.,4.71484343506587E-16,2.11144738235759E-13));
#8552=DIRECTION('',(-4.71484343495036E-16,1.,-5.47079666113152E-14));
#8553=DIRECTION('center_axis',(1.,4.71484343506663E-16,2.12523875749632E-13));
#8554=DIRECTION('ref_axis',(-4.71484343495036E-16,1.,-5.47079666113152E-14));
#8555=DIRECTION('',(-2.12523875749632E-13,5.47079666113151E-14,1.));
#8556=DIRECTION('',(-2.12523875749632E-13,5.47079666113151E-14,1.));
#8557=DIRECTION('',(-4.71484343495036E-16,1.,-5.47079666113152E-14));
#8558=DIRECTION('center_axis',(2.11446424566919E-13,-5.47079666113151E-14,
-1.));
#8559=DIRECTION('ref_axis',(-4.71484343495036E-16,1.,-5.47079666113152E-14));
#8560=DIRECTION('',(1.,4.71484343506625E-16,2.11834306992696E-13));
#8561=DIRECTION('',(1.,4.71484343506625E-16,2.11834306992696E-13));
#8562=DIRECTION('center_axis',(4.71484343495036E-16,-1.,5.47079666113152E-14));
#8563=DIRECTION('ref_axis',(2.12523875749632E-13,-5.47079666113151E-14,
-1.));
#8564=DIRECTION('',(-0.707106781186396,-3.90177639523051E-14,-0.707106781186699));
#8565=DIRECTION('',(0.707106781186697,-3.83509843992713E-14,-0.707106781186398));
#8566=DIRECTION('',(0.707106781186397,3.9017763952305E-14,0.707106781186698));
#8567=DIRECTION('',(-0.707106781186698,3.83509843992713E-14,0.707106781186397));
#8568=DIRECTION('',(0.707106781186398,3.9017763952305E-14,0.707106781186697));
#8569=DIRECTION('',(-0.707106781186698,3.83509843992713E-14,0.707106781186397));
#8570=DIRECTION('center_axis',(4.71484343495036E-16,-1.,5.47079666113152E-14));
#8571=DIRECTION('ref_axis',(2.12523875749632E-13,-5.47079666113151E-14,
-1.));
#8572=DIRECTION('',(-0.707106781186397,-3.9017763952305E-14,-0.707106781186698));
#8573=DIRECTION('',(0.707106781186698,-3.83509843992713E-14,-0.707106781186397));
#8574=DIRECTION('',(-0.707106781186398,-3.9017763952305E-14,-0.707106781186697));
#8575=DIRECTION('',(-0.707106781186697,3.83509843992713E-14,0.707106781186398));
#8576=DIRECTION('',(0.707106781186396,3.90177639523051E-14,0.707106781186699));
#8577=DIRECTION('',(0.707106781186699,-3.83509843992713E-14,-0.707106781186396));
#8578=DIRECTION('center_axis',(-0.707106781186699,3.83509843992712E-14,
0.707106781186396));
#8579=DIRECTION('ref_axis',(4.71484343495036E-16,-1.,5.47079666113152E-14));
#8580=DIRECTION('center_axis',(0.707106781186397,3.9017763952305E-14,0.707106781186698));
#8581=DIRECTION('ref_axis',(4.71484343495036E-16,-1.,5.47079666113152E-14));
#8582=DIRECTION('center_axis',(-0.707106781186397,-3.9017763952305E-14,
-0.707106781186698));
#8583=DIRECTION('ref_axis',(-4.71484343495036E-16,1.,-5.47079666113152E-14));
#8584=DIRECTION('center_axis',(0.707106781186698,-3.83509843992713E-14,
-0.707106781186397));
#8585=DIRECTION('ref_axis',(-4.71484343495036E-16,1.,-5.47079666113152E-14));
#8586=DIRECTION('center_axis',(-0.707106781186397,-3.9017763952305E-14,
-0.707106781186698));
#8587=DIRECTION('ref_axis',(-4.71484343495036E-16,1.,-5.47079666113152E-14));
#8588=DIRECTION('center_axis',(0.707106781186698,-3.83509843992713E-14,
-0.707106781186397));
#8589=DIRECTION('ref_axis',(-4.71484343495036E-16,1.,-5.47079666113152E-14));
#8590=DIRECTION('center_axis',(4.71484343495036E-16,-1.,5.47079666113152E-14));
#8591=DIRECTION('ref_axis',(-2.12523875749632E-13,5.47079666113151E-14,
1.));
#8592=DIRECTION('center_axis',(-4.71484343495036E-16,1.,-5.47079666113152E-14));
#8593=DIRECTION('ref_axis',(-2.12523875749632E-13,5.47079666113151E-14,
1.));
#8594=DIRECTION('',(4.71484343495036E-16,-1.,5.47079666113152E-14));
#8595=DIRECTION('center_axis',(-4.71484343495036E-16,1.,-5.47079666113152E-14));
#8596=DIRECTION('ref_axis',(-2.12523875749632E-13,5.47079666113151E-14,
1.));
#8597=DIRECTION('',(4.71484343495036E-16,-1.,5.47079666113152E-14));
#8598=DIRECTION('center_axis',(-4.71484343495036E-16,1.,-5.47079666113152E-14));
#8599=DIRECTION('ref_axis',(2.12523875749632E-13,-5.47079666113151E-14,
-1.));
#8600=DIRECTION('center_axis',(4.71484343495036E-16,-1.,5.47079666113152E-14));
#8601=DIRECTION('ref_axis',(-2.12523875749632E-13,5.47079666113151E-14,
1.));
#8602=DIRECTION('',(-4.71484343495036E-16,1.,-5.47079666113152E-14));
#8603=DIRECTION('center_axis',(4.71484343495036E-16,-1.,5.47079666113152E-14));
#8604=DIRECTION('ref_axis',(-2.12523875749632E-13,5.47079666113151E-14,
1.));
#8605=DIRECTION('center_axis',(4.71484343495036E-16,-1.,5.47079666113152E-14));
#8606=DIRECTION('ref_axis',(-2.12523875749632E-13,5.47079666113151E-14,
1.));
#8607=DIRECTION('',(4.71484343495036E-16,-1.,5.47079666113152E-14));
#8608=DIRECTION('center_axis',(4.71484343495036E-16,-1.,5.47079666113152E-14));
#8609=DIRECTION('ref_axis',(-2.14356501322049E-13,5.47079666113151E-14,
1.));
#8610=DIRECTION('',(4.71484343495036E-16,-1.,5.47079666113152E-14));
#8611=DIRECTION('center_axis',(4.71484343495036E-16,-1.,5.47079666113152E-14));
#8612=DIRECTION('ref_axis',(-2.07192601357146E-13,5.47079666113151E-14,
1.));
#8613=DIRECTION('',(4.71484343495036E-16,-1.,5.47079666113152E-14));
#8614=DIRECTION('center_axis',(4.71484343495036E-16,-1.,5.47079666113152E-14));
#8615=DIRECTION('ref_axis',(-2.12523875749632E-13,5.47079666113151E-14,
1.));
#8616=DIRECTION('',(4.71484343495036E-16,-1.,5.47079666113152E-14));
#8617=DIRECTION('center_axis',(-4.71484343495036E-16,1.,-5.47079666113152E-14));
#8618=DIRECTION('ref_axis',(2.12523875749632E-13,-5.47079666113151E-14,
-1.));
#8619=DIRECTION('center_axis',(4.71484343495036E-16,-1.,5.47079666113152E-14));
#8620=DIRECTION('ref_axis',(-2.12523875749632E-13,5.47079666113151E-14,
1.));
#8621=DIRECTION('',(-4.71484343495036E-16,1.,-5.47079666113152E-14));
#8622=DIRECTION('center_axis',(-4.71484343495036E-16,1.,-5.47079666113152E-14));
#8623=DIRECTION('ref_axis',(-2.12523875749632E-13,5.47079666113151E-14,
1.));
#8624=DIRECTION('center_axis',(-4.71484343495036E-16,1.,-5.47079666113152E-14));
#8625=DIRECTION('ref_axis',(2.12523875749632E-13,-5.47079666113151E-14,
-1.));
#8626=DIRECTION('center_axis',(-4.71484343495036E-16,1.,-5.47079666113152E-14));
#8627=DIRECTION('ref_axis',(-2.12523875749632E-13,5.47079666113151E-14,
1.));
#8628=DIRECTION('',(4.71484343495036E-16,-1.,5.47079666113152E-14));
#8629=DIRECTION('center_axis',(4.71484343495036E-16,-1.,5.47079666113152E-14));
#8630=DIRECTION('ref_axis',(-2.12523875749632E-13,5.47079666113151E-14,
1.));
#8631=DIRECTION('',(4.71484343495036E-16,-1.,5.47079666113152E-14));
#8632=DIRECTION('center_axis',(-4.71484343495036E-16,1.,-5.47079666113152E-14));
#8633=DIRECTION('ref_axis',(-2.12523875749632E-13,5.47079666113151E-14,
1.));
#8634=DIRECTION('',(4.71484343495036E-16,-1.,5.47079666113152E-14));
#8635=DIRECTION('center_axis',(4.71484343495036E-16,-1.,5.47079666113152E-14));
#8636=DIRECTION('ref_axis',(-2.11690864125806E-13,5.47079666113151E-14,
1.));
#8637=DIRECTION('',(4.71484343495036E-16,-1.,5.47079666113152E-14));
#8638=DIRECTION('center_axis',(-4.71484343495036E-16,1.,-5.47079666113152E-14));
#8639=DIRECTION('ref_axis',(-2.12523875749632E-13,5.47079666113151E-14,
1.));
#8640=DIRECTION('',(-4.71484343495036E-16,1.,-5.47079666113152E-14));
#8641=DIRECTION('center_axis',(-4.71484343495036E-16,1.,-5.47079666113152E-14));
#8642=DIRECTION('ref_axis',(-2.12523875749632E-13,5.47079666113151E-14,
1.));
#8643=DIRECTION('center_axis',(4.71484343495036E-16,-1.,5.47079666113152E-14));
#8644=DIRECTION('ref_axis',(2.12523875749632E-13,-5.47079666113151E-14,
-1.));
#8645=DIRECTION('',(2.12523875749632E-13,-5.47079666113151E-14,-1.));
#8646=DIRECTION('',(-1.,-4.71484343506663E-16,-2.12523875749632E-13));
#8647=DIRECTION('',(-2.1259710719745E-13,5.47079666113151E-14,1.));
#8648=DIRECTION('',(0.7071067811867,-3.83509843992712E-14,-0.707106781186395));
#8649=DIRECTION('',(1.,4.71484343506663E-16,2.12523875749632E-13));
#8650=DIRECTION('',(0.707106781186397,3.9017763952305E-14,0.707106781186698));
#8651=DIRECTION('',(-2.12523875749632E-13,5.47079666113151E-14,1.));
#8652=DIRECTION('',(-1.,-4.71484343506663E-16,-2.12523875749632E-13));
#8653=DIRECTION('center_axis',(1.,4.71484343506663E-16,2.12523875749632E-13));
#8654=DIRECTION('ref_axis',(-4.71484343495036E-16,1.,-5.47079666113152E-14));
#8655=DIRECTION('',(4.71484343495036E-16,-1.,5.47079666113152E-14));
#8656=DIRECTION('',(4.71484343495036E-16,-1.,5.47079666113152E-14));
#8657=DIRECTION('',(-2.12523875749632E-13,5.47079666113151E-14,1.));
#8658=DIRECTION('',(-4.71484343495036E-16,1.,-5.47079666113152E-14));
#8659=DIRECTION('',(-2.12523875749632E-13,5.47079666113151E-14,1.));
#8660=DIRECTION('',(4.71484343495036E-16,-1.,5.47079666113152E-14));
#8661=DIRECTION('',(-2.12523875749632E-13,5.47079666113151E-14,1.));
#8662=DIRECTION('center_axis',(4.71484343495036E-16,-1.,5.47079666113152E-14));
#8663=DIRECTION('ref_axis',(2.12523875749632E-13,-5.47079666113151E-14,
-1.));
#8664=DIRECTION('',(-1.,-4.71484343506663E-16,-2.12523875749632E-13));
#8665=DIRECTION('',(-2.12523875749632E-13,5.47079666113151E-14,1.));
#8666=DIRECTION('center_axis',(4.71484343495036E-16,-1.,5.47079666113152E-14));
#8667=DIRECTION('ref_axis',(-2.12523875749632E-13,5.47079666113151E-14,
1.));
#8668=DIRECTION('',(-2.12523875749632E-13,5.47079666113151E-14,1.));
#8669=DIRECTION('',(-1.,-4.71484343506759E-16,-2.14288129781015E-13));
#8670=DIRECTION('',(-0.707106781186701,3.83509843992711E-14,0.707106781186394));
#8671=DIRECTION('',(1.,4.71484343506663E-16,2.12523875749632E-13));
#8672=DIRECTION('center_axis',(4.71484343495036E-16,-1.,5.47079666113152E-14));
#8673=DIRECTION('ref_axis',(-2.12523875749632E-13,5.47079666113151E-14,
1.));
#8674=DIRECTION('',(2.12523875749632E-13,-5.47079666113151E-14,-1.));
#8675=DIRECTION('',(1.,4.71484343506663E-16,2.12523875749632E-13));
#8676=DIRECTION('',(2.12523875749632E-13,-5.47079666113151E-14,-1.));
#8677=DIRECTION('center_axis',(4.71484343495036E-16,-1.,5.47079666113152E-14));
#8678=DIRECTION('ref_axis',(-2.14258599225609E-13,5.47079666113151E-14,
1.));
#8679=DIRECTION('',(1.,4.71484343506625E-16,2.11834306992696E-13));
#8680=DIRECTION('',(-2.12523875749632E-13,5.47079666113151E-14,1.));
#8681=DIRECTION('',(1.,4.71484343506587E-16,2.11144738235759E-13));
#8682=DIRECTION('center_axis',(-4.71484343495036E-16,1.,-5.47079666113152E-14));
#8683=DIRECTION('ref_axis',(-2.12523875749632E-13,5.47079666113151E-14,
1.));
#8684=DIRECTION('',(-2.12523875749632E-13,5.47079666113151E-14,1.));
#8685=DIRECTION('',(1.,4.71484343506663E-16,2.12523875749632E-13));
#8686=DIRECTION('',(-2.12523875749632E-13,5.47079666113151E-14,1.));
#8687=DIRECTION('center_axis',(-4.71484343495036E-16,1.,-5.47079666113152E-14));
#8688=DIRECTION('ref_axis',(-2.12523875749632E-13,5.47079666113151E-14,
1.));
#8689=DIRECTION('',(1.,4.71484343506686E-16,2.12949244461089E-13));
#8690=DIRECTION('',(0.707106781186393,3.90177639523052E-14,0.707106781186702));
#8691=DIRECTION('',(-2.12523875749632E-13,5.47079666113151E-14,1.));
#8692=DIRECTION('',(-1.,-4.71484343506566E-16,-2.10759621718249E-13));
#8693=DIRECTION('',(2.12523875749632E-13,-5.47079666113151E-14,-1.));
#8694=DIRECTION('',(2.12523875749632E-13,-5.47079666113151E-14,-1.));
#8695=DIRECTION('',(-1.,-4.71484343506607E-16,-2.11511760791569E-13));
#8696=DIRECTION('',(2.12437410968508E-13,-5.47079666113151E-14,-1.));
#8697=DIRECTION('center_axis',(1.,4.71484343506663E-16,2.12523875749632E-13));
#8698=DIRECTION('ref_axis',(-4.71484343495036E-16,1.,-5.47079666113152E-14));
#8699=DIRECTION('',(4.71484343495036E-16,-1.,5.47079666113152E-14));
#8700=DIRECTION('',(4.71484343495036E-16,-1.,5.47079666113152E-14));
#8701=DIRECTION('',(-2.12523875749632E-13,5.47079666113151E-14,1.));
#8702=DIRECTION('',(-4.71484343495036E-16,1.,-5.47079666113152E-14));
#8703=DIRECTION('',(-2.12523875749632E-13,5.47079666113151E-14,1.));
#8704=DIRECTION('',(4.71484343495036E-16,-1.,5.47079666113152E-14));
#8705=DIRECTION('',(-2.12523875749632E-13,5.47079666113151E-14,1.));
#8706=DIRECTION('center_axis',(4.71484343495036E-16,-1.,5.47079666113152E-14));
#8707=DIRECTION('ref_axis',(2.12523875749632E-13,-5.47079666113151E-14,
-1.));
#8708=DIRECTION('',(-1.,-4.71484343506663E-16,-2.12523875749632E-13));
#8709=DIRECTION('',(-0.707106781186699,3.83509843992712E-14,0.707106781186396));
#8710=DIRECTION('',(1.,4.71484343506663E-16,2.12523875749632E-13));
#8711=DIRECTION('',(-0.707106781186396,-3.90177639523051E-14,-0.707106781186699));
#8712=DIRECTION('',(-2.12670338645269E-13,5.47079666113151E-14,1.));
#8713=DIRECTION('',(-1.,-4.71484343506663E-16,-2.12523875749632E-13));
#8714=DIRECTION('',(2.12523875749632E-13,-5.47079666113151E-14,-1.));
#8715=DIRECTION('center_axis',(2.11446424566919E-13,-5.47079666113151E-14,
-1.));
#8716=DIRECTION('ref_axis',(-4.71484343495036E-16,1.,-5.47079666113152E-14));
#8717=DIRECTION('',(1.,4.71484343506625E-16,2.11834306992696E-13));
#8718=DIRECTION('',(-4.71484343495036E-16,1.,-5.47079666113152E-14));
#8719=DIRECTION('',(-4.71484343495036E-16,1.,-5.47079666113152E-14));
#8720=DIRECTION('center_axis',(-4.71484343495036E-16,1.,-5.47079666113152E-14));
#8721=DIRECTION('ref_axis',(2.12523875749632E-13,-5.47079666113151E-14,
-1.));
#8722=DIRECTION('center_axis',(4.71484343495036E-16,-1.,5.47079666113152E-14));
#8723=DIRECTION('ref_axis',(-2.14258599225609E-13,5.47079666113151E-14,
1.));
#8724=DIRECTION('',(-4.71484343495036E-16,1.,-5.47079666113152E-14));
#8725=DIRECTION('center_axis',(-1.,-4.71484343506663E-16,-2.12523875749632E-13));
#8726=DIRECTION('ref_axis',(4.71484343495036E-16,-1.,5.47079666113152E-14));
#8727=DIRECTION('',(2.12523875749632E-13,-5.47079666113151E-14,-1.));
#8728=DIRECTION('',(-4.71484343495036E-16,1.,-5.47079666113152E-14));
#8729=DIRECTION('center_axis',(2.12523875749632E-13,-5.47079666113151E-14,
-1.));
#8730=DIRECTION('ref_axis',(-4.71484343495036E-16,1.,-5.47079666113152E-14));
#8731=DIRECTION('',(1.,4.71484343506663E-16,2.12523875749632E-13));
#8732=DIRECTION('',(-4.71484343495036E-16,1.,-5.47079666113152E-14));
#8733=DIRECTION('center_axis',(-1.,-4.71484343506663E-16,-2.12523875749632E-13));
#8734=DIRECTION('ref_axis',(4.71484343495036E-16,-1.,5.47079666113152E-14));
#8735=DIRECTION('',(2.12523875749632E-13,-5.47079666113151E-14,-1.));
#8736=DIRECTION('',(-4.71484343495036E-16,1.,-5.47079666113152E-14));
#8737=DIRECTION('center_axis',(-4.71484343495036E-16,1.,-5.47079666113152E-14));
#8738=DIRECTION('ref_axis',(2.12523875749632E-13,-5.47079666113151E-14,
-1.));
#8739=DIRECTION('center_axis',(4.71484343495036E-16,-1.,5.47079666113152E-14));
#8740=DIRECTION('ref_axis',(-2.12523875749632E-13,5.47079666113151E-14,
1.));
#8741=DIRECTION('',(-4.71484343495036E-16,1.,-5.47079666113152E-14));
#8742=DIRECTION('center_axis',(2.12523875749632E-13,-5.47079666113151E-14,
-1.));
#8743=DIRECTION('ref_axis',(-4.71484343495036E-16,1.,-5.47079666113152E-14));
#8744=DIRECTION('',(1.,4.71484343506663E-16,2.12523875749632E-13));
#8745=DIRECTION('',(4.71484343495036E-16,-1.,5.47079666113152E-14));
#8746=DIRECTION('center_axis',(2.12740716184129E-13,-5.47079666113151E-14,
-1.));
#8747=DIRECTION('ref_axis',(-4.71484343495036E-16,1.,-5.47079666113152E-14));
#8748=DIRECTION('',(4.71484343495036E-16,-1.,5.47079666113152E-14));
#8749=DIRECTION('',(1.,4.71484343506663E-16,2.12523875749632E-13));
#8750=DIRECTION('',(-4.71484343495036E-16,1.,-5.47079666113152E-14));
#8751=DIRECTION('center_axis',(1.,4.71484343506663E-16,2.12523875749632E-13));
#8752=DIRECTION('ref_axis',(-4.71484343495036E-16,1.,-5.47079666113152E-14));
#8753=DIRECTION('',(4.71484343495036E-16,-1.,5.47079666113152E-14));
#8754=DIRECTION('',(4.71484343495036E-16,-1.,5.47079666113152E-14));
#8755=DIRECTION('',(-2.12616394335017E-13,5.47079666113151E-14,1.));
#8756=DIRECTION('',(-4.71484343495036E-16,1.,-5.47079666113152E-14));
#8757=DIRECTION('',(4.71484343495036E-16,-1.,5.47079666113152E-14));
#8758=DIRECTION('',(2.12523875749632E-13,-5.47079666113151E-14,-1.));
#8759=DIRECTION('center_axis',(2.12307035315135E-13,-5.47079666113151E-14,
-1.));
#8760=DIRECTION('ref_axis',(-4.71484343495036E-16,1.,-5.47079666113152E-14));
#8761=DIRECTION('',(1.,4.71484343506663E-16,2.12523875749632E-13));
#8762=DIRECTION('',(-4.71484343495036E-16,1.,-5.47079666113152E-14));
#8763=DIRECTION('',(4.71484343495036E-16,-1.,5.47079666113152E-14));
#8764=DIRECTION('center_axis',(2.13541301376709E-13,-5.47079666113151E-14,
-1.));
#8765=DIRECTION('ref_axis',(-4.71484343495036E-16,1.,-5.47079666113152E-14));
#8766=DIRECTION('',(-4.71484343495036E-16,1.,-5.47079666113152E-14));
#8767=DIRECTION('',(1.,4.71484343506686E-16,2.12949244461089E-13));
#8768=DIRECTION('',(-4.71484343495036E-16,1.,-5.47079666113152E-14));
#8769=DIRECTION('center_axis',(-4.71484343495036E-16,1.,-5.47079666113152E-14));
#8770=DIRECTION('ref_axis',(2.12523875749632E-13,-5.47079666113151E-14,
-1.));
#8771=DIRECTION('center_axis',(-4.71484343495036E-16,1.,-5.47079666113152E-14));
#8772=DIRECTION('ref_axis',(-2.12523875749632E-13,5.47079666113151E-14,
1.));
#8773=DIRECTION('',(-4.71484343495036E-16,1.,-5.47079666113152E-14));
#8774=DIRECTION('center_axis',(1.,4.71484343506663E-16,2.12523875749632E-13));
#8775=DIRECTION('ref_axis',(-4.71484343495036E-16,1.,-5.47079666113152E-14));
#8776=DIRECTION('',(-2.12523875749632E-13,5.47079666113151E-14,1.));
#8777=DIRECTION('',(-4.71484343495036E-16,1.,-5.47079666113152E-14));
#8778=DIRECTION('center_axis',(2.12523875749632E-13,-5.47079666113151E-14,
-1.));
#8779=DIRECTION('ref_axis',(-4.71484343495036E-16,1.,-5.47079666113152E-14));
#8780=DIRECTION('',(1.,4.71484343506663E-16,2.12523875749632E-13));
#8781=DIRECTION('',(-4.71484343495036E-16,1.,-5.47079666113152E-14));
#8782=DIRECTION('center_axis',(1.,4.71484343506663E-16,2.12523875749632E-13));
#8783=DIRECTION('ref_axis',(-4.71484343495036E-16,1.,-5.47079666113152E-14));
#8784=DIRECTION('',(-2.12523875749632E-13,5.47079666113151E-14,1.));
#8785=DIRECTION('',(-4.71484343495036E-16,1.,-5.47079666113152E-14));
#8786=DIRECTION('center_axis',(-4.71484343495036E-16,1.,-5.47079666113152E-14));
#8787=DIRECTION('ref_axis',(2.12523875749632E-13,-5.47079666113151E-14,
-1.));
#8788=DIRECTION('center_axis',(-4.71484343495036E-16,1.,-5.47079666113152E-14));
#8789=DIRECTION('ref_axis',(-2.12523875749632E-13,5.47079666113151E-14,
1.));
#8790=DIRECTION('',(-4.71484343495036E-16,1.,-5.47079666113152E-14));
#8791=DIRECTION('center_axis',(2.11446424566919E-13,-5.47079666113151E-14,
-1.));
#8792=DIRECTION('ref_axis',(-4.71484343495036E-16,1.,-5.47079666113152E-14));
#8793=DIRECTION('',(1.,4.71484343506587E-16,2.11144738235759E-13));
#8794=DIRECTION('',(-4.71484343495036E-16,1.,-5.47079666113152E-14));
#8795=DIRECTION('center_axis',(1.,4.71484343506663E-16,2.12523875749632E-13));
#8796=DIRECTION('ref_axis',(-4.71484343495036E-16,1.,-5.47079666113152E-14));
#8797=DIRECTION('',(-2.12523875749632E-13,5.47079666113151E-14,1.));
#8798=DIRECTION('center_axis',(4.71484343495036E-16,-1.,5.47079666113152E-14));
#8799=DIRECTION('ref_axis',(2.12523875749632E-13,-5.47079666113151E-14,
-1.));
#8800=DIRECTION('',(-0.707106781186397,-3.9017763952305E-14,-0.707106781186698));
#8801=DIRECTION('',(-0.707106781186699,3.83509843992713E-14,0.707106781186396));
#8802=DIRECTION('',(0.707106781186396,3.90177639523051E-14,0.707106781186699));
#8803=DIRECTION('',(0.7071067811867,-3.83509843992712E-14,-0.707106781186395));
#8804=DIRECTION('',(-0.707106781186395,-3.90177639523051E-14,-0.7071067811867));
#8805=DIRECTION('',(0.7071067811867,-3.83509843992712E-14,-0.707106781186395));
#8806=DIRECTION('center_axis',(0.707106781186396,3.90177639523051E-14,0.707106781186699));
#8807=DIRECTION('ref_axis',(4.71484343495036E-16,-1.,5.47079666113152E-14));
#8808=DIRECTION('center_axis',(-0.707106781186699,3.83509843992712E-14,
0.707106781186396));
#8809=DIRECTION('ref_axis',(4.71484343495036E-16,-1.,5.47079666113152E-14));
#8810=DIRECTION('center_axis',(-0.707106781186394,-3.90177639523052E-14,
-0.707106781186701));
#8811=DIRECTION('ref_axis',(-4.71484343495036E-16,1.,-5.47079666113152E-14));
#8812=DIRECTION('center_axis',(0.707106781186699,-3.83509843992712E-14,
-0.707106781186396));
#8813=DIRECTION('ref_axis',(-4.71484343495036E-16,1.,-5.47079666113152E-14));
#8814=DIRECTION('center_axis',(0.707106781186701,-3.83509843992711E-14,
-0.707106781186394));
#8815=DIRECTION('ref_axis',(-4.71484343495036E-16,1.,-5.47079666113152E-14));
#8816=DIRECTION('center_axis',(-0.707106781186396,-3.90177639523051E-14,
-0.707106781186699));
#8817=DIRECTION('ref_axis',(-4.71484343495036E-16,1.,-5.47079666113152E-14));
#8818=DIRECTION('center_axis',(2.12523875749632E-13,-5.47079666113151E-14,
-1.));
#8819=DIRECTION('ref_axis',(-4.71484343495036E-16,1.,-5.47079666113152E-14));
#8820=DIRECTION('',(-1.,-4.71484343506663E-16,-2.12523875749632E-13));
#8821=DIRECTION('',(4.71484343495036E-16,-1.,5.47079666113152E-14));
#8822=DIRECTION('center_axis',(2.12523875749632E-13,-5.47079666113151E-14,
-1.));
#8823=DIRECTION('ref_axis',(-4.71484343495036E-16,1.,-5.47079666113152E-14));
#8824=DIRECTION('',(4.71484343495036E-16,-1.,5.47079666113152E-14));
#8825=DIRECTION('',(-1.,-4.71484343506663E-16,-2.12523875749632E-13));
#8826=DIRECTION('center_axis',(1.,4.71484343506663E-16,2.12523875749632E-13));
#8827=DIRECTION('ref_axis',(-4.71484343495036E-16,1.,-5.47079666113152E-14));
#8828=DIRECTION('',(2.12523875749632E-13,-5.47079666113151E-14,-1.));
#8829=DIRECTION('center_axis',(1.,4.71484343506663E-16,2.12523875749632E-13));
#8830=DIRECTION('ref_axis',(-4.71484343495036E-16,1.,-5.47079666113152E-14));
#8831=DIRECTION('',(2.12437410968508E-13,-5.47079666113151E-14,-1.));
#8832=DIRECTION('center_axis',(1.,4.71484343506663E-16,2.12523875749632E-13));
#8833=DIRECTION('ref_axis',(-4.71484343495036E-16,1.,-5.47079666113152E-14));
#8834=DIRECTION('',(2.12523875749632E-13,-5.47079666113151E-14,-1.));
#8835=DIRECTION('center_axis',(4.71484343495036E-16,-1.,5.47079666113152E-14));
#8836=DIRECTION('ref_axis',(2.12523875749632E-13,-5.47079666113151E-14,
-1.));
#8837=DIRECTION('center_axis',(1.,4.71484343506663E-16,2.12523875749632E-13));
#8838=DIRECTION('ref_axis',(-4.71484343495036E-16,1.,-5.47079666113152E-14));
#8839=DIRECTION('',(4.71484343495036E-16,-1.,5.47079666113152E-14));
#8840=DIRECTION('',(2.12523875749632E-13,-5.47079666113151E-14,-1.));
#8841=DIRECTION('center_axis',(2.11113868048316E-13,-5.47079666113151E-14,
-1.));
#8842=DIRECTION('ref_axis',(-4.71484343495036E-16,1.,-5.47079666113152E-14));
#8843=DIRECTION('',(-1.,-4.71484343506566E-16,-2.10759621718249E-13));
#8844=DIRECTION('center_axis',(2.12523875749632E-13,-5.47079666113151E-14,
-1.));
#8845=DIRECTION('ref_axis',(-4.71484343495036E-16,1.,-5.47079666113152E-14));
#8846=DIRECTION('',(-1.,-4.71484343506663E-16,-2.12523875749632E-13));
#8847=DIRECTION('center_axis',(2.11078272852985E-13,-5.47079666113151E-14,
-1.));
#8848=DIRECTION('ref_axis',(-4.71484343495036E-16,1.,-5.47079666113152E-14));
#8849=DIRECTION('',(4.71484343495036E-16,-1.,5.47079666113152E-14));
#8850=DIRECTION('',(-1.,-4.71484343506607E-16,-2.11511760791569E-13));
#8851=DIRECTION('center_axis',(1.,4.71484343506663E-16,2.12523875749632E-13));
#8852=DIRECTION('ref_axis',(-4.71484343495036E-16,1.,-5.47079666113152E-14));
#8853=DIRECTION('',(2.12523875749632E-13,-5.47079666113151E-14,-1.));
#8854=DIRECTION('center_axis',(4.71484343495036E-16,-1.,5.47079666113152E-14));
#8855=DIRECTION('ref_axis',(2.12523875749632E-13,-5.47079666113151E-14,
-1.));
#8856=DIRECTION('center_axis',(4.71484343495036E-16,-1.,5.47079666113152E-14));
#8857=DIRECTION('ref_axis',(0.0500627750600306,-5.4615763006269E-14,-0.998746073110322));
#8858=DIRECTION('',(4.71484343495036E-16,-1.,5.47079666113152E-14));
#8859=DIRECTION('center_axis',(4.71484343495036E-16,-1.,5.47079666113152E-14));
#8860=DIRECTION('ref_axis',(-2.12523875749632E-13,5.47079666113151E-14,
1.));
#8861=DIRECTION('',(4.71484343495036E-16,-1.,5.47079666113152E-14));
#8862=DIRECTION('center_axis',(-1.,-4.71484343506663E-16,-2.12523875749632E-13));
#8863=DIRECTION('ref_axis',(4.71484343495036E-16,-1.,5.47079666113152E-14));
#8864=DIRECTION('',(4.71484343495036E-16,-1.,5.47079666113152E-14));
#8865=DIRECTION('',(-2.12523875749632E-13,5.47079666113151E-14,1.));
#8866=DIRECTION('center_axis',(2.12042008117416E-13,-5.47079666113151E-14,
-1.));
#8867=DIRECTION('ref_axis',(-4.71484343495036E-16,1.,-5.47079666113152E-14));
#8868=DIRECTION('',(-1.,-4.71484343506663E-16,-2.12523875749632E-13));
#8869=DIRECTION('center_axis',(2.12523875749632E-13,-5.47079666113151E-14,
-1.));
#8870=DIRECTION('ref_axis',(-4.71484343495036E-16,1.,-5.47079666113152E-14));
#8871=DIRECTION('',(-1.,-4.71484343506663E-16,-2.12523875749632E-13));
#8872=DIRECTION('center_axis',(2.13933883450948E-13,-5.47079666113151E-14,
-1.));
#8873=DIRECTION('ref_axis',(-4.71484343495036E-16,1.,-5.47079666113152E-14));
#8874=DIRECTION('',(4.71484343495036E-16,-1.,5.47079666113152E-14));
#8875=DIRECTION('',(-1.,-4.71484343506759E-16,-2.14288129781015E-13));
#8876=DIRECTION('center_axis',(-1.,-4.71484343506663E-16,-2.12523875749632E-13));
#8877=DIRECTION('ref_axis',(4.71484343495036E-16,-1.,5.47079666113152E-14));
#8878=DIRECTION('',(-2.12523875749632E-13,5.47079666113151E-14,1.));
#8879=DIRECTION('center_axis',(4.71484343495036E-16,-1.,5.47079666113152E-14));
#8880=DIRECTION('ref_axis',(2.12523875749632E-13,-5.47079666113151E-14,
-1.));
#8881=DIRECTION('center_axis',(0.,1.,-6.55106997348696E-14));
#8882=DIRECTION('ref_axis',(-2.18368999116232E-13,6.55106997348696E-14,
1.));
#8883=DIRECTION('center_axis',(-6.51147833419123E-15,-1.,5.47079666113137E-14));
#8884=DIRECTION('ref_axis',(-2.12523875749632E-13,5.47079666113151E-14,
1.));
#8885=DIRECTION('center_axis',(-1.,-4.71484343506983E-16,-2.1836899911623E-13));
#8886=DIRECTION('ref_axis',(2.1836899911623E-13,-5.45922497790574E-14,-1.));
#8887=DIRECTION('center_axis',(2.11674065671541E-13,0.0871557427476039,
-0.99619469809175));
#8888=DIRECTION('ref_axis',(1.89923664457933E-14,-0.99619469809175,-0.0871557427476039));
#8889=DIRECTION('center_axis',(-0.996194698091746,0.0871557427476579,-2.16483271703916E-13));
#8890=DIRECTION('ref_axis',(0.0871557427476579,0.996194698091746,-3.93256394945638E-14));
#8891=DIRECTION('center_axis',(2.11674065671541E-13,0.0871557427476039,
-0.99619469809175));
#8892=DIRECTION('ref_axis',(1.98264865346213E-14,-0.99619469809175,-0.0871557427476039));
#8893=DIRECTION('center_axis',(-0.996194698091746,0.0871557427476579,-2.16483271703916E-13));
#8894=DIRECTION('ref_axis',(0.0871557427476579,0.996194698091746,-2.53941600726994E-14));
#8895=DIRECTION('center_axis',(-2.11756250807843E-13,0.0871557427477129,
0.996194698091741));
#8896=DIRECTION('ref_axis',(2.15575972365663E-14,0.996194698091741,-0.0871557427477128));
#8897=DIRECTION('center_axis',(-0.996194698091746,0.0871557427476579,-2.16483271703916E-13));
#8898=DIRECTION('ref_axis',(0.0871557427476579,0.996194698091746,-3.59771100390022E-14));
#8899=DIRECTION('center_axis',(-2.06915791585427E-13,0.0871557427477129,
0.996194698091741));
#8900=DIRECTION('ref_axis',(2.34079714387204E-14,0.996194698091741,-0.0871557427477128));
#8901=DIRECTION('center_axis',(0.996194698091746,0.0871557427476588,2.06947044775469E-13));
#8902=DIRECTION('ref_axis',(0.0871557427476588,-0.996194698091746,7.50218058295686E-14));
#8903=DIRECTION('center_axis',(-2.11756250807843E-13,0.0871557427477129,
0.996194698091741));
#8904=DIRECTION('ref_axis',(1.80529860393472E-14,0.996194698091741,-0.0871557427477128));
#8905=DIRECTION('center_axis',(0.996194698091746,0.0871557427476588,2.06947044775469E-13));
#8906=DIRECTION('ref_axis',(0.0871557427476588,-0.996194698091745,7.30224625241427E-14));
#8907=DIRECTION('center_axis',(2.11674065671541E-13,0.0871557427476039,
-0.99619469809175));
#8908=DIRECTION('ref_axis',(2.78340393873707E-14,-0.99619469809175,-0.0871557427476039));
#8909=DIRECTION('center_axis',(0.996194698091746,0.0871557427476588,2.06947044775469E-13));
#8910=DIRECTION('ref_axis',(0.0871557427476588,-0.996194698091746,7.3688910292618E-14));
#8911=DIRECTION('center_axis',(2.11674065671541E-13,0.0871557427476039,
-0.99619469809175));
#8912=DIRECTION('ref_axis',(1.89923664457933E-14,-0.99619469809175,-0.0871557427476039));
#8913=DIRECTION('center_axis',(6.51147833419123E-15,1.,-5.47079666113137E-14));
#8914=DIRECTION('ref_axis',(-2.12523875749632E-13,5.47079666113151E-14,
1.));
#8915=DIRECTION('center_axis',(2.11674065671541E-13,0.0871557427476039,
-0.99619469809175));
#8916=DIRECTION('ref_axis',(-1.89923664457933E-14,0.99619469809175,0.0871557427476039));
#8917=DIRECTION('',(-0.0868265938642671,0.992432509138972,0.0868265938641742));
#8918=DIRECTION('',(1.,4.71484343506663E-16,2.12523875749632E-13));
#8919=DIRECTION('',(0.0868265938642287,0.992432509138972,0.0868265938642118));
#8920=DIRECTION('center_axis',(-0.996194698091746,0.0871557427476579,-2.16483271703916E-13));
#8921=DIRECTION('ref_axis',(-0.0871557427476579,-0.996194698091746,3.59771100390022E-14));
#8922=DIRECTION('',(2.12523875749632E-13,-5.47079666113151E-14,-1.));
#8923=DIRECTION('',(0.086826593864229,0.992432509138972,0.0868265938642115));
#8924=DIRECTION('center_axis',(2.11674065671541E-13,0.0871557427476039,
-0.99619469809175));
#8925=DIRECTION('ref_axis',(-1.89923664457933E-14,0.99619469809175,0.0871557427476039));
#8926=DIRECTION('',(1.,4.71484343506663E-16,2.12523875749632E-13));
#8927=DIRECTION('',(0.0868265938642289,0.992432509138972,0.0868265938642126));
#8928=DIRECTION('center_axis',(-0.996194698091746,0.0871557427476579,-2.16483271703916E-13));
#8929=DIRECTION('ref_axis',(-0.0871557427476579,-0.996194698091746,3.59771100390022E-14));
#8930=DIRECTION('',(2.12523875749632E-13,-5.47079666113151E-14,-1.));
#8931=DIRECTION('',(0.0868265938642659,0.992432509138962,-0.0868265938642844));
#8932=DIRECTION('center_axis',(-2.11756250807843E-13,0.0871557427477129,
0.996194698091741));
#8933=DIRECTION('ref_axis',(-1.80529860393472E-14,-0.996194698091741,0.0871557427477129));
#8934=DIRECTION('',(-1.,-4.71484343506663E-16,-2.12523875749632E-13));
#8935=DIRECTION('',(0.0868265938642661,0.992432509138962,-0.0868265938642832));
#8936=DIRECTION('center_axis',(-0.996194698091746,0.0871557427476579,-2.16483271703916E-13));
#8937=DIRECTION('ref_axis',(-0.0871557427476579,-0.996194698091746,3.59771100390022E-14));
#8938=DIRECTION('',(2.12523875749632E-13,-5.47079666113151E-14,-1.));
#8939=DIRECTION('',(0.086826593864266,0.992432509138962,-0.0868265938642838));
#8940=DIRECTION('center_axis',(-2.06915791585427E-13,0.0871557427477129,
0.996194698091741));
#8941=DIRECTION('ref_axis',(-1.80529860393472E-14,-0.996194698091741,0.0871557427477129));
#8942=DIRECTION('',(-1.,-4.71484343506663E-16,-2.12523875749632E-13));
#8943=DIRECTION('',(-0.0868265938642295,0.992432509138962,-0.0868265938643196));
#8944=DIRECTION('center_axis',(0.996194698091746,0.0871557427476588,2.06947044775469E-13));
#8945=DIRECTION('ref_axis',(-0.0871557427476588,0.996194698091745,-7.30224625241427E-14));
#8946=DIRECTION('',(-2.12523875749632E-13,5.47079666113151E-14,1.));
#8947=DIRECTION('',(-0.0868265938642296,0.992432509138962,-0.0868265938643208));
#8948=DIRECTION('center_axis',(-2.11756250807843E-13,0.0871557427477129,
0.996194698091741));
#8949=DIRECTION('ref_axis',(-1.80529860393472E-14,-0.996194698091741,0.0871557427477129));
#8950=DIRECTION('',(-1.,-4.71484343506663E-16,-2.12523875749632E-13));
#8951=DIRECTION('',(-0.08682659386423,0.992432509138962,-0.0868265938643205));
#8952=DIRECTION('center_axis',(0.996194698091746,0.0871557427476588,2.06947044775469E-13));
#8953=DIRECTION('ref_axis',(-0.0871557427476588,0.996194698091745,-7.30224625241427E-14));
#8954=DIRECTION('',(-2.12523875749632E-13,5.47079666113151E-14,1.));
#8955=DIRECTION('',(-0.0868265938642669,0.992432509138972,0.0868265938641751));
#8956=DIRECTION('center_axis',(2.11674065671541E-13,0.0871557427476039,
-0.99619469809175));
#8957=DIRECTION('ref_axis',(-1.89923664457933E-14,0.99619469809175,0.0871557427476039));
#8958=DIRECTION('',(1.,4.71484343506663E-16,2.12523875749632E-13));
#8959=DIRECTION('',(-0.0868265938642667,0.992432509138972,0.0868265938641756));
#8960=DIRECTION('center_axis',(0.996194698091746,0.0871557427476588,2.06947044775469E-13));
#8961=DIRECTION('ref_axis',(-0.0871557427476588,0.996194698091745,-7.30224625241427E-14));
#8962=DIRECTION('',(-2.12523875749632E-13,5.47079666113151E-14,1.));
#8963=DIRECTION('center_axis',(4.71484343495036E-16,-1.,5.47079666113152E-14));
#8964=DIRECTION('ref_axis',(2.12523875749632E-13,-5.47079666113151E-14,
-1.));
#8965=DIRECTION('center_axis',(0.,1.,-6.55106997348696E-14));
#8966=DIRECTION('ref_axis',(-2.18368999116232E-13,6.55106997348696E-14,
1.));
#8967=DIRECTION('center_axis',(6.51147833419123E-15,1.,-5.47079666113137E-14));
#8968=DIRECTION('ref_axis',(-2.12523875749632E-13,5.47079666113151E-14,
1.));
#8969=DIRECTION('center_axis',(-1.,-4.71484343506983E-16,-2.1836899911623E-13));
#8970=DIRECTION('ref_axis',(2.1836899911623E-13,-5.45922497790574E-14,-1.));
#8971=DIRECTION('center_axis',(2.16514524893957E-13,0.0871557427476039,
-0.99619469809175));
#8972=DIRECTION('ref_axis',(1.89923664457933E-14,-0.99619469809175,-0.0871557427476039));
#8973=DIRECTION('center_axis',(-0.996194698091746,0.0871557427476579,-2.16483271703916E-13));
#8974=DIRECTION('ref_axis',(0.0871557427476579,0.996194698091746,-3.26285805834407E-14));
#8975=DIRECTION('center_axis',(2.11674065671541E-13,0.0871557427476039,
-0.99619469809175));
#8976=DIRECTION('ref_axis',(1.89923664457933E-14,-0.99619469809175,-0.0871557427476039));
#8977=DIRECTION('center_axis',(-0.996194698091746,0.0871557427476579,-2.16483271703916E-13));
#8978=DIRECTION('ref_axis',(0.0871557427476579,0.996194698091746,-3.59771100390022E-14));
#8979=DIRECTION('center_axis',(-2.11756250807843E-13,0.0871557427477129,
0.996194698091741));
#8980=DIRECTION('ref_axis',(1.80529860393472E-14,0.996194698091741,-0.0871557427477129));
#8981=DIRECTION('center_axis',(-0.996194698091746,0.0871557427476579,-2.16483271703916E-13));
#8982=DIRECTION('ref_axis',(0.0871557427476579,0.996194698091746,-1.99041686523069E-14));
#8983=DIRECTION('center_axis',(-2.11756250807843E-13,0.0871557427477129,
0.996194698091741));
#8984=DIRECTION('ref_axis',(1.80529860393472E-14,0.996194698091741,-0.0871557427477128));
#8985=DIRECTION('center_axis',(0.996194698091746,0.0871557427476588,2.06947044775469E-13));
#8986=DIRECTION('ref_axis',(0.0871557427476588,-0.996194698091746,6.56915370709146E-14));
#8987=DIRECTION('center_axis',(-2.11756250807843E-13,0.0871557427477129,
0.996194698091741));
#8988=DIRECTION('ref_axis',(2.15562904124251E-14,0.996194698091741,-0.0871557427477129));
#8989=DIRECTION('center_axis',(0.996194698091746,0.0871557427476588,2.06947044775469E-13));
#8990=DIRECTION('ref_axis',(0.0871557427476588,-0.996194698091745,7.30224625241427E-14));
#8991=DIRECTION('center_axis',(2.11674065671541E-13,0.0871557427476039,
-0.99619469809175));
#8992=DIRECTION('ref_axis',(1.63221864860073E-14,-0.99619469809175,-0.0871557427476039));
#8993=DIRECTION('center_axis',(0.996194698091746,0.0871557427476588,2.06947044775469E-13));
#8994=DIRECTION('ref_axis',(0.0871557427476588,-0.996194698091746,7.30224625241427E-14));
#8995=DIRECTION('center_axis',(2.16514524893957E-13,0.0871557427476039,
-0.99619469809175));
#8996=DIRECTION('ref_axis',(1.89923664457933E-14,-0.99619469809175,-0.0871557427476039));
#8997=DIRECTION('center_axis',(6.51147833419123E-15,1.,-5.47079666113137E-14));
#8998=DIRECTION('ref_axis',(-2.12523875749632E-13,5.47079666113151E-14,
1.));
#8999=DIRECTION('center_axis',(-2.11756250807843E-13,0.0871557427477129,
0.996194698091741));
#9000=DIRECTION('ref_axis',(-1.80529860393472E-14,-0.996194698091741,0.0871557427477129));
#9001=DIRECTION('',(0.0868265938642659,0.992432509138962,-0.0868265938642834));
#9002=DIRECTION('',(1.,4.71484343506663E-16,2.12523875749632E-13));
#9003=DIRECTION('',(-0.0868265938642295,0.992432509138962,-0.0868265938643208));
#9004=DIRECTION('center_axis',(0.996194698091746,0.0871557427476588,2.06947044775469E-13));
#9005=DIRECTION('ref_axis',(-0.0871557427476588,0.996194698091745,-7.30224625241427E-14));
#9006=DIRECTION('',(2.12523875749632E-13,-5.47079666113151E-14,-1.));
#9007=DIRECTION('',(-0.0868265938642298,0.992432509138962,-0.0868265938643211));
#9008=DIRECTION('center_axis',(-2.11756250807843E-13,0.0871557427477129,
0.996194698091741));
#9009=DIRECTION('ref_axis',(-1.80529860393472E-14,-0.996194698091741,0.0871557427477129));
#9010=DIRECTION('',(1.,4.71484343506663E-16,2.12523875749632E-13));
#9011=DIRECTION('',(-0.0868265938642303,0.992432509138962,-0.0868265938643206));
#9012=DIRECTION('center_axis',(0.996194698091746,0.0871557427476588,2.06947044775469E-13));
#9013=DIRECTION('ref_axis',(-0.0871557427476588,0.996194698091745,-7.30224625241427E-14));
#9014=DIRECTION('',(2.12523875749632E-13,-5.47079666113151E-14,-1.));
#9015=DIRECTION('',(-0.0868265938642669,0.992432509138972,0.0868265938641749));
#9016=DIRECTION('center_axis',(2.11674065671541E-13,0.0871557427476039,
-0.99619469809175));
#9017=DIRECTION('ref_axis',(-1.89923664457933E-14,0.99619469809175,0.0871557427476039));
#9018=DIRECTION('',(-1.,-4.71484343506663E-16,-2.12523875749632E-13));
#9019=DIRECTION('',(-0.086826593864267,0.992432509138972,0.0868265938641753));
#9020=DIRECTION('center_axis',(0.996194698091746,0.0871557427476588,2.06947044775469E-13));
#9021=DIRECTION('ref_axis',(-0.0871557427476588,0.996194698091745,-7.30224625241427E-14));
#9022=DIRECTION('',(2.12523875749632E-13,-5.47079666113151E-14,-1.));
#9023=DIRECTION('',(-0.0868265938642669,0.992432509138972,0.0868265938641753));
#9024=DIRECTION('center_axis',(2.16514524893957E-13,0.0871557427476039,
-0.99619469809175));
#9025=DIRECTION('ref_axis',(-1.89923664457933E-14,0.99619469809175,0.0871557427476039));
#9026=DIRECTION('',(-1.,-4.71484343507003E-16,-2.18743330457192E-13));
#9027=DIRECTION('',(0.0868265938642291,0.992432509138972,0.0868265938642122));
#9028=DIRECTION('center_axis',(-0.996194698091746,0.0871557427476579,-2.16483271703916E-13));
#9029=DIRECTION('ref_axis',(-0.0871557427476579,-0.996194698091746,3.59771100390022E-14));
#9030=DIRECTION('',(-2.12523875749632E-13,5.47079666113151E-14,1.));
#9031=DIRECTION('',(0.0868265938642289,0.992432509138972,0.0868265938642125));
#9032=DIRECTION('center_axis',(2.11674065671541E-13,0.0871557427476039,
-0.99619469809175));
#9033=DIRECTION('ref_axis',(-1.89923664457933E-14,0.99619469809175,0.0871557427476039));
#9034=DIRECTION('',(-1.,-4.71484343506663E-16,-2.12523875749632E-13));
#9035=DIRECTION('',(0.0868265938642292,0.992432509138972,0.0868265938642128));
#9036=DIRECTION('center_axis',(-0.996194698091746,0.0871557427476579,-2.16483271703916E-13));
#9037=DIRECTION('ref_axis',(-0.0871557427476579,-0.996194698091746,3.59771100390022E-14));
#9038=DIRECTION('',(-2.12523875749632E-13,5.47079666113151E-14,1.));
#9039=DIRECTION('',(0.0868265938642658,0.992432509138962,-0.0868265938642842));
#9040=DIRECTION('center_axis',(-2.11756250807843E-13,0.0871557427477129,
0.996194698091741));
#9041=DIRECTION('ref_axis',(-1.80529860393472E-14,-0.996194698091741,0.0871557427477129));
#9042=DIRECTION('',(1.,4.71484343506663E-16,2.12523875749632E-13));
#9043=DIRECTION('',(0.0868265938642661,0.992432509138962,-0.0868265938642842));
#9044=DIRECTION('center_axis',(-0.996194698091746,0.0871557427476579,-2.16483271703916E-13));
#9045=DIRECTION('ref_axis',(-0.0871557427476579,-0.996194698091746,3.59771100390022E-14));
#9046=DIRECTION('',(-2.12523875749632E-13,5.47079666113151E-14,1.));
#9047=DIRECTION('center_axis',(4.71484343495036E-16,-1.,5.47079666113152E-14));
#9048=DIRECTION('ref_axis',(2.12523875749632E-13,-5.47079666113151E-14,
-1.));
#9049=DIRECTION('axis',(0.,0.,1.));
#9050=DIRECTION('refdir',(1.,0.,0.));
#9051=DIRECTION('center_axis',(0.,0.,-1.));
#9052=DIRECTION('ref_axis',(-1.,0.,0.));
#9053=DIRECTION('center_axis',(0.,0.,1.));
#9054=DIRECTION('ref_axis',(-1.,7.105427357601E-15,0.));
#9055=DIRECTION('',(0.,0.,1.));
#9056=DIRECTION('center_axis',(0.,0.,-1.));
#9057=DIRECTION('ref_axis',(-1.,0.,0.));
#9058=DIRECTION('center_axis',(0.,0.,1.));
#9059=DIRECTION('ref_axis',(-1.,7.105427357601E-15,0.));
#9060=DIRECTION('center_axis',(0.,-7.59823448526186E-16,-1.));
#9061=DIRECTION('ref_axis',(0.,1.,-7.59823448526186E-16));
#9062=DIRECTION('center_axis',(0.,-7.59823448526186E-16,-1.));
#9063=DIRECTION('ref_axis',(0.,1.,-7.59823448526186E-16));
#9064=DIRECTION('center_axis',(0.,-7.59823448526186E-16,-1.));
#9065=DIRECTION('ref_axis',(0.,1.,-7.59823448526186E-16));
#9066=DIRECTION('center_axis',(0.,-7.59823448526186E-16,-1.));
#9067=DIRECTION('ref_axis',(0.,1.,-7.59823448526185E-16));
#9068=DIRECTION('',(8.65956056235495E-17,0.707106781186549,0.707106781186546));
#9069=DIRECTION('center_axis',(0.,-7.59823448526186E-16,-1.));
#9070=DIRECTION('ref_axis',(0.,1.,-7.59823448526185E-16));
#9071=DIRECTION('center_axis',(0.,-7.59823448526186E-16,-1.));
#9072=DIRECTION('ref_axis',(0.,1.,-7.59823448526186E-16));
#9073=DIRECTION('',(0.,7.59823448526186E-16,1.));
#9074=DIRECTION('center_axis',(0.,0.,1.));
#9075=DIRECTION('ref_axis',(1.,1.97106351039095E-32,0.));
#9076=DIRECTION('',(0.707106781186547,8.65956056235492E-17,-0.707106781186548));
#9077=DIRECTION('center_axis',(0.,0.,-1.));
#9078=DIRECTION('ref_axis',(-1.,-1.97106351039095E-32,0.));
#9079=DIRECTION('center_axis',(0.,7.59823448526186E-16,1.));
#9080=DIRECTION('ref_axis',(0.,-1.,7.59823448526186E-16));
#9081=DIRECTION('center_axis',(0.,2.91151226142999E-15,1.));
#9082=DIRECTION('ref_axis',(0.,-1.,2.91151226142999E-15));
#9083=DIRECTION('center_axis',(0.,2.91151226142999E-15,1.));
#9084=DIRECTION('ref_axis',(0.,-1.,2.91151226142999E-15));
#9085=DIRECTION('center_axis',(0.,2.91151226142999E-15,1.));
#9086=DIRECTION('ref_axis',(0.,-1.,2.91151226142999E-15));
#9087=DIRECTION('center_axis',(0.,2.91151226142999E-15,1.));
#9088=DIRECTION('ref_axis',(0.,-1.,2.91151226142999E-15));
#9089=DIRECTION('center_axis',(0.,2.91151226142999E-15,1.));
#9090=DIRECTION('ref_axis',(0.,-1.,2.91151226142999E-15));
#9091=DIRECTION('center_axis',(0.,2.91151226142999E-15,1.));
#9092=DIRECTION('ref_axis',(0.,-1.,2.91151226142999E-15));
#9093=DIRECTION('center_axis',(0.,0.,-1.));
#9094=DIRECTION('ref_axis',(-1.,-1.97106351039096E-32,0.));
#9095=DIRECTION('center_axis',(0.,2.91151226142999E-15,1.));
#9096=DIRECTION('ref_axis',(0.,-1.,2.91151226142999E-15));
#9097=DIRECTION('center_axis',(0.,2.91151226142999E-15,1.));
#9098=DIRECTION('ref_axis',(0.,-1.,2.91151226142999E-15));
#9099=DIRECTION('center_axis',(0.,2.91151226142999E-15,1.));
#9100=DIRECTION('ref_axis',(0.,-1.,2.91151226142999E-15));
#9101=DIRECTION('center_axis',(0.,2.91151226142999E-15,1.));
#9102=DIRECTION('ref_axis',(0.,-1.,2.91151226142999E-15));
#9103=DIRECTION('center_axis',(0.,2.91151226142999E-15,1.));
#9104=DIRECTION('ref_axis',(0.,-1.,2.91151226142999E-15));
#9105=DIRECTION('center_axis',(0.,2.91151226142999E-15,1.));
#9106=DIRECTION('ref_axis',(0.,-1.,2.91151226142999E-15));
#9107=DIRECTION('center_axis',(0.,0.,-1.));
#9108=DIRECTION('ref_axis',(-1.,0.,0.));
#9109=DIRECTION('',(0.866025403784439,0.5,0.));
#9110=DIRECTION('',(1.25192883228096E-16,1.,0.));
#9111=DIRECTION('',(-0.866025403784439,0.5,0.));
#9112=DIRECTION('',(-0.866025403784439,-0.5,0.));
#9113=DIRECTION('',(-1.25192883228096E-16,-1.,0.));
#9114=DIRECTION('',(0.866025403784439,-0.5,0.));
#9115=DIRECTION('center_axis',(1.,-1.25192883228096E-16,0.));
#9116=DIRECTION('ref_axis',(-1.25192883228096E-16,-1.,0.));
#9117=DIRECTION('',(0.,0.,1.));
#9118=DIRECTION('',(0.,0.,1.));
#9119=DIRECTION('center_axis',(0.5,0.866025403784439,0.));
#9120=DIRECTION('ref_axis',(0.866025403784439,-0.5,0.));
#9121=DIRECTION('',(0.,0.,1.));
#9122=DIRECTION('center_axis',(-0.5,0.866025403784439,0.));
#9123=DIRECTION('ref_axis',(0.866025403784439,0.5,0.));
#9124=DIRECTION('',(0.,0.,1.));
#9125=DIRECTION('center_axis',(-1.,1.25192883228097E-16,0.));
#9126=DIRECTION('ref_axis',(1.25192883228097E-16,1.,0.));
#9127=DIRECTION('',(0.,0.,1.));
#9128=DIRECTION('center_axis',(-0.5,-0.866025403784439,0.));
#9129=DIRECTION('ref_axis',(-0.866025403784439,0.5,0.));
#9130=DIRECTION('',(0.,0.,1.));
#9131=DIRECTION('center_axis',(0.5,-0.866025403784439,0.));
#9132=DIRECTION('ref_axis',(-0.866025403784439,-0.5,0.));
#9133=DIRECTION('axis',(0.,0.,1.));
#9134=DIRECTION('refdir',(1.,0.,0.));
#9135=DIRECTION('center_axis',(0.,0.,-1.));
#9136=DIRECTION('ref_axis',(-1.,0.,0.));
#9137=DIRECTION('center_axis',(5.43408608024419E-31,-7.77876909732643E-62,
1.));
#9138=DIRECTION('ref_axis',(-1.,3.5527136788005E-15,5.43408608024419E-31));
#9139=DIRECTION('',(0.,0.,1.));
#9140=DIRECTION('center_axis',(0.,0.,-1.));
#9141=DIRECTION('ref_axis',(-1.,0.,0.));
#9142=DIRECTION('center_axis',(5.43408608024419E-31,-7.77876909732643E-62,
1.));
#9143=DIRECTION('ref_axis',(-1.,3.5527136788005E-15,5.43408608024419E-31));
#9144=DIRECTION('center_axis',(0.,-2.59168700115704E-16,-1.));
#9145=DIRECTION('ref_axis',(0.,1.,-2.59168700115704E-16));
#9146=DIRECTION('center_axis',(0.,-2.59168700115704E-16,-1.));
#9147=DIRECTION('ref_axis',(0.,1.,-2.59168700115704E-16));
#9148=DIRECTION('center_axis',(0.,-2.59168700115704E-16,-1.));
#9149=DIRECTION('ref_axis',(0.,1.,-2.59168700115704E-16));
#9150=DIRECTION('center_axis',(0.,-2.59168700115704E-16,-1.));
#9151=DIRECTION('ref_axis',(0.,1.,-2.59168700115704E-16));
#9152=DIRECTION('',(8.65956056235497E-17,0.707106781186551,0.707106781186544));
#9153=DIRECTION('center_axis',(0.,-2.59168700115704E-16,-1.));
#9154=DIRECTION('ref_axis',(0.,1.,-2.59168700115704E-16));
#9155=DIRECTION('center_axis',(0.,-2.59168700115704E-16,-1.));
#9156=DIRECTION('ref_axis',(0.,1.,-2.59168700115704E-16));
#9157=DIRECTION('',(0.,2.59168700115704E-16,1.));
#9158=DIRECTION('center_axis',(5.43408608024419E-31,-7.77876909732643E-62,
1.));
#9159=DIRECTION('ref_axis',(1.,-1.97215226305253E-31,-5.43408608024419E-31));
#9160=DIRECTION('',(0.707106781186546,8.6595605623549E-17,-0.707106781186549));
#9161=DIRECTION('center_axis',(-5.43408608024419E-31,7.77876909732643E-62,
-1.));
#9162=DIRECTION('ref_axis',(-1.,1.97215226305253E-31,5.43408608024419E-31));
#9163=DIRECTION('center_axis',(0.,2.59168700115704E-16,1.));
#9164=DIRECTION('ref_axis',(0.,-1.,2.59168700115704E-16));
#9165=DIRECTION('center_axis',(0.,2.91151226142999E-15,1.));
#9166=DIRECTION('ref_axis',(0.,-1.,2.91151226142999E-15));
#9167=DIRECTION('center_axis',(0.,2.91151226142999E-15,1.));
#9168=DIRECTION('ref_axis',(0.,-1.,2.91151226142999E-15));
#9169=DIRECTION('center_axis',(0.,2.91151226142999E-15,1.));
#9170=DIRECTION('ref_axis',(0.,-1.,2.91151226142999E-15));
#9171=DIRECTION('center_axis',(0.,2.91151226142999E-15,1.));
#9172=DIRECTION('ref_axis',(0.,-1.,2.91151226142999E-15));
#9173=DIRECTION('center_axis',(0.,2.91151226142999E-15,1.));
#9174=DIRECTION('ref_axis',(0.,-1.,2.91151226142999E-15));
#9175=DIRECTION('center_axis',(0.,2.91151226142999E-15,1.));
#9176=DIRECTION('ref_axis',(0.,-1.,2.91151226142999E-15));
#9177=DIRECTION('center_axis',(-5.43408608024419E-31,7.77876909732643E-62,
-1.));
#9178=DIRECTION('ref_axis',(-1.,1.97215226305253E-31,5.43408608024419E-31));
#9179=DIRECTION('center_axis',(0.,2.91151226142999E-15,1.));
#9180=DIRECTION('ref_axis',(0.,-1.,2.91151226142999E-15));
#9181=DIRECTION('center_axis',(0.,2.91151226142999E-15,1.));
#9182=DIRECTION('ref_axis',(0.,-1.,2.91151226142999E-15));
#9183=DIRECTION('center_axis',(0.,2.91151226142999E-15,1.));
#9184=DIRECTION('ref_axis',(0.,-1.,2.91151226142999E-15));
#9185=DIRECTION('center_axis',(0.,2.91151226142999E-15,1.));
#9186=DIRECTION('ref_axis',(0.,-1.,2.91151226142999E-15));
#9187=DIRECTION('center_axis',(0.,2.91151226142999E-15,1.));
#9188=DIRECTION('ref_axis',(0.,-1.,2.91151226142999E-15));
#9189=DIRECTION('center_axis',(0.,2.91151226142999E-15,1.));
#9190=DIRECTION('ref_axis',(0.,-1.,2.91151226142999E-15));
#9191=DIRECTION('center_axis',(0.,0.,-1.));
#9192=DIRECTION('ref_axis',(-1.,0.,0.));
#9193=DIRECTION('',(0.866025403784439,0.5,0.));
#9194=DIRECTION('',(3.7557864968429E-16,1.,0.));
#9195=DIRECTION('',(-0.866025403784439,0.5,0.));
#9196=DIRECTION('',(-0.866025403784439,-0.5,0.));
#9197=DIRECTION('',(0.,-1.,0.));
#9198=DIRECTION('',(0.866025403784439,-0.5,0.));
#9199=DIRECTION('center_axis',(1.,-3.7557864968429E-16,0.));
#9200=DIRECTION('ref_axis',(-3.7557864968429E-16,-1.,0.));
#9201=DIRECTION('',(0.,0.,1.));
#9202=DIRECTION('',(0.,0.,1.));
#9203=DIRECTION('center_axis',(0.5,0.866025403784439,0.));
#9204=DIRECTION('ref_axis',(0.866025403784439,-0.5,0.));
#9205=DIRECTION('',(0.,0.,1.));
#9206=DIRECTION('center_axis',(-0.5,0.866025403784439,0.));
#9207=DIRECTION('ref_axis',(0.866025403784439,0.5,0.));
#9208=DIRECTION('',(0.,0.,1.));
#9209=DIRECTION('center_axis',(-1.,0.,0.));
#9210=DIRECTION('ref_axis',(0.,0.,1.));
#9211=DIRECTION('',(0.,0.,1.));
#9212=DIRECTION('center_axis',(-0.5,-0.866025403784439,0.));
#9213=DIRECTION('ref_axis',(-0.866025403784439,0.5,0.));
#9214=DIRECTION('',(0.,0.,1.));
#9215=DIRECTION('center_axis',(0.5,-0.866025403784439,0.));
#9216=DIRECTION('ref_axis',(-0.866025403784439,-0.5,0.));
#9217=DIRECTION('axis',(0.,0.,1.));
#9218=DIRECTION('refdir',(1.,0.,0.));
#9219=DIRECTION('center_axis',(0.707106781186547,-2.61682076447295E-16,
0.707106781186549));
#9220=DIRECTION('ref_axis',(0.707106781186548,0.,-0.707106781186546));
#9221=DIRECTION('',(0.707106781186548,0.,-0.707106781186546));
#9222=DIRECTION('',(-3.70074341541719E-16,-1.,0.));
#9223=DIRECTION('',(0.707106781186548,0.,-0.707106781186548));
#9224=DIRECTION('',(3.70074341541719E-16,1.,0.));
#9225=DIRECTION('center_axis',(0.,1.,0.));
#9226=DIRECTION('ref_axis',(0.707106781186547,0.,0.707106781186548));
#9227=DIRECTION('',(0.,-0.707106781186548,-0.707106781186548));
#9228=DIRECTION('center_axis',(0.,-1.,0.));
#9229=DIRECTION('ref_axis',(0.707106781186547,0.,0.707106781186548));
#9230=DIRECTION('',(-0.707106781186548,-0.707106781186548,0.));
#9231=DIRECTION('center_axis',(0.,1.,0.));
#9232=DIRECTION('ref_axis',(0.707106781186547,0.,0.707106781186548));
#9233=DIRECTION('center_axis',(-0.707106781186548,0.707106781186548,0.));
#9234=DIRECTION('ref_axis',(0.,0.,1.));
#9235=DIRECTION('',(-0.707106781186548,-0.707106781186548,0.));
#9236=DIRECTION('',(0.,0.,-1.));
#9237=DIRECTION('',(0.,0.,1.));
#9238=DIRECTION('center_axis',(0.,1.,0.));
#9239=DIRECTION('ref_axis',(0.923879532511287,0.,-0.382683432365089));
#9240=DIRECTION('center_axis',(0.,-1.,0.));
#9241=DIRECTION('ref_axis',(0.923879532511287,0.,-0.382683432365089));
#9242=DIRECTION('',(-0.499999999999996,-0.707106781186556,0.499999999999992));
#9243=DIRECTION('center_axis',(0.,1.,0.));
#9244=DIRECTION('ref_axis',(0.923879532511287,0.,-0.382683432365089));
#9245=DIRECTION('center_axis',(-0.500000000000001,0.707106781186546,0.500000000000001));
#9246=DIRECTION('ref_axis',(0.707106781186547,0.,0.707106781186548));
#9247=DIRECTION('',(0.707106781186547,0.,0.707106781186548));
#9248=DIRECTION('',(-0.499999999999992,-0.70710678118655,0.500000000000004));
#9249=DIRECTION('',(-0.707106781186547,0.,-0.707106781186548));
#9250=DIRECTION('center_axis',(0.,1.,0.));
#9251=DIRECTION('ref_axis',(0.38268343236509,0.,-0.923879532511287));
#9252=DIRECTION('center_axis',(0.,-1.,0.));
#9253=DIRECTION('ref_axis',(0.38268343236509,0.,-0.923879532511287));
#9254=DIRECTION('',(0.,-0.707106781186548,0.707106781186548));
#9255=DIRECTION('center_axis',(0.,1.,0.));
#9256=DIRECTION('ref_axis',(0.38268343236509,0.,-0.923879532511287));
#9257=DIRECTION('center_axis',(0.,1.,0.));
#9258=DIRECTION('ref_axis',(0.38268343236509,0.,-0.923879532511287));
#9259=DIRECTION('',(0.,-1.,0.));
#9260=DIRECTION('center_axis',(-0.499999999999988,-0.707106781186557,0.499999999999998));
#9261=DIRECTION('ref_axis',(0.500000000000002,-0.707106781186538,-0.500000000000012));
#9262=DIRECTION('',(0.,1.,0.));
#9263=DIRECTION('center_axis',(-0.707106781186548,0.,0.707106781186547));
#9264=DIRECTION('ref_axis',(0.707106781186547,0.,0.707106781186548));
#9265=DIRECTION('',(0.,-1.,0.));
#9266=DIRECTION('center_axis',(0.,-1.,0.));
#9267=DIRECTION('ref_axis',(0.923879532511287,0.,-0.382683432365089));
#9268=DIRECTION('',(0.,1.,0.));
#9269=DIRECTION('center_axis',(-1.,0.,0.));
#9270=DIRECTION('ref_axis',(0.,0.,-1.));
#9271=DIRECTION('',(0.,-9.25185853854291E-17,1.));
#9272=DIRECTION('',(0.,-1.,0.));
#9273=DIRECTION('center_axis',(0.,1.,0.));
#9274=DIRECTION('ref_axis',(0.707106781186547,0.,0.707106781186548));
#9275=DIRECTION('',(0.,1.,0.));
#9276=DIRECTION('center_axis',(0.,-1.,0.));
#9277=DIRECTION('ref_axis',(0.,0.,1.));
#9278=DIRECTION('center_axis',(0.,1.,0.));
#9279=DIRECTION('ref_axis',(0.,0.,1.));
#9280=DIRECTION('',(8.65956056235494E-17,0.707106781186548,0.707106781186548));
#9281=DIRECTION('center_axis',(0.,-1.,0.));
#9282=DIRECTION('ref_axis',(0.,0.,1.));
#9283=DIRECTION('center_axis',(0.,1.,0.));
#9284=DIRECTION('ref_axis',(0.,0.,1.));
#9285=DIRECTION('center_axis',(0.,1.,0.));
#9286=DIRECTION('ref_axis',(0.,0.,1.));
#9287=DIRECTION('',(0.,-1.,0.));
#9288=DIRECTION('center_axis',(0.,-1.,0.));
#9289=DIRECTION('ref_axis',(0.,0.,1.));
#9290=DIRECTION('center_axis',(0.,1.,0.));
#9291=DIRECTION('ref_axis',(0.,0.,1.));
#9292=DIRECTION('',(8.65956056235494E-17,0.707106781186548,0.707106781186548));
#9293=DIRECTION('center_axis',(0.,-1.,0.));
#9294=DIRECTION('ref_axis',(0.,0.,1.));
#9295=DIRECTION('center_axis',(0.,1.,0.));
#9296=DIRECTION('ref_axis',(0.,0.,1.));
#9297=DIRECTION('center_axis',(0.,1.,0.));
#9298=DIRECTION('ref_axis',(0.,0.,1.));
#9299=DIRECTION('',(0.,-1.,0.));
#9300=DIRECTION('center_axis',(0.,1.,0.));
#9301=DIRECTION('ref_axis',(0.,0.,1.));
#9302=DIRECTION('center_axis',(0.,-1.,0.));
#9303=DIRECTION('ref_axis',(0.,0.,1.));
#9304=DIRECTION('',(-8.65956056235494E-17,-0.707106781186548,0.707106781186548));
#9305=DIRECTION('center_axis',(0.,1.,0.));
#9306=DIRECTION('ref_axis',(0.,0.,1.));
#9307=DIRECTION('',(9.25185853854297E-17,0.,-1.));
#9308=DIRECTION('center_axis',(0.,1.,0.));
#9309=DIRECTION('ref_axis',(0.,0.,1.));
#9310=DIRECTION('center_axis',(0.,1.,0.));
#9311=DIRECTION('ref_axis',(0.,0.,1.));
#9312=DIRECTION('center_axis',(0.,-1.,0.));
#9313=DIRECTION('ref_axis',(0.,0.,1.));
#9314=DIRECTION('',(-8.65956056235494E-17,-0.707106781186548,0.707106781186548));
#9315=DIRECTION('center_axis',(0.,1.,0.));
#9316=DIRECTION('ref_axis',(0.,0.,1.));
#9317=DIRECTION('',(9.25185853854297E-17,0.,-1.));
#9318=DIRECTION('center_axis',(0.,1.,0.));
#9319=DIRECTION('ref_axis',(0.,0.,1.));
#9320=DIRECTION('center_axis',(0.,-1.,0.));
#9321=DIRECTION('ref_axis',(0.923879532511287,0.,-0.38268343236509));
#9322=DIRECTION('',(-0.499999999999997,0.70710678118654,0.500000000000013));
#9323=DIRECTION('center_axis',(0.,1.,0.));
#9324=DIRECTION('ref_axis',(0.923879532511287,0.,-0.38268343236509));
#9325=DIRECTION('',(-0.707106781186542,0.707106781186553,0.));
#9326=DIRECTION('center_axis',(0.,1.,0.));
#9327=DIRECTION('ref_axis',(-1.,0.,-1.83697019872103E-16));
#9328=DIRECTION('center_axis',(0.707106781186545,0.70710678118655,6.54205191118238E-17));
#9329=DIRECTION('ref_axis',(0.70710678118655,-0.707106781186545,0.));
#9330=DIRECTION('center_axis',(0.,1.,0.));
#9331=DIRECTION('ref_axis',(-1.,0.,-1.83697019872103E-16));
#9332=DIRECTION('center_axis',(0.707106781186545,0.70710678118655,6.54205191118238E-17));
#9333=DIRECTION('ref_axis',(0.70710678118655,-0.707106781186545,0.));
#9334=DIRECTION('center_axis',(0.,-1.,0.));
#9335=DIRECTION('ref_axis',(0.382683432365086,0.,-0.923879532511288));
#9336=DIRECTION('',(0.,0.707106781186555,0.70710678118654));
#9337=DIRECTION('center_axis',(0.,1.,0.));
#9338=DIRECTION('ref_axis',(0.382683432365086,0.,-0.923879532511289));
#9339=DIRECTION('',(-0.49999999999999,0.707106781186559,0.499999999999994));
#9340=DIRECTION('center_axis',(-0.499999999999988,-0.707106781186557,0.499999999999998));
#9341=DIRECTION('ref_axis',(0.707106781186555,0.,0.707106781186541));
#9342=DIRECTION('',(0.816496580927736,-0.577350269189611,0.));
#9343=DIRECTION('',(0.707106781186554,0.,0.70710678118654));
#9344=DIRECTION('center_axis',(-0.707106781186545,-0.70710678118655,-6.54205191118238E-17));
#9345=DIRECTION('ref_axis',(-9.25185853854297E-17,0.,1.));
#9346=DIRECTION('',(-9.25185853854297E-17,0.,1.));
#9347=DIRECTION('',(-0.70710678118655,0.707106781186545,0.));
#9348=DIRECTION('center_axis',(0.,-1.,0.));
#9349=DIRECTION('ref_axis',(0.707106781186547,0.,0.707106781186548));
#9350=DIRECTION('center_axis',(0.,1.,0.));
#9351=DIRECTION('ref_axis',(0.707106781186547,0.,0.707106781186548));
#9352=DIRECTION('',(0.,0.70710678118655,-0.707106781186545));
#9353=DIRECTION('center_axis',(-1.,3.70074341541719E-16,0.));
#9354=DIRECTION('ref_axis',(-3.70074341541719E-16,-1.,0.));
#9355=DIRECTION('',(0.,0.,1.));
#9356=DIRECTION('',(-3.70074341541719E-16,-1.,0.));
#9357=DIRECTION('',(0.,0.,1.));
#9358=DIRECTION('center_axis',(0.,0.,-1.));
#9359=DIRECTION('ref_axis',(-1.,0.,0.));
#9360=DIRECTION('center_axis',(0.,0.,1.));
#9361=DIRECTION('ref_axis',(-1.,0.,0.));
#9362=DIRECTION('',(0.707106781186548,8.65956056235493E-17,-0.707106781186548));
#9363=DIRECTION('center_axis',(0.,0.,-1.));
#9364=DIRECTION('ref_axis',(-1.,0.,0.));
#9365=DIRECTION('center_axis',(0.,0.,1.));
#9366=DIRECTION('ref_axis',(-1.,0.,0.));
#9367=DIRECTION('',(0.,0.,1.));
#9368=DIRECTION('center_axis',(0.,0.,-1.));
#9369=DIRECTION('ref_axis',(-1.,0.,0.));
#9370=DIRECTION('center_axis',(0.,0.,-1.));
#9371=DIRECTION('ref_axis',(-1.,0.,0.));
#9372=DIRECTION('center_axis',(0.,0.,1.));
#9373=DIRECTION('ref_axis',(-1.,0.,0.));
#9374=DIRECTION('',(0.707106781186548,8.65956056235493E-17,-0.707106781186548));
#9375=DIRECTION('center_axis',(0.,0.,-1.));
#9376=DIRECTION('ref_axis',(-1.,0.,0.));
#9377=DIRECTION('center_axis',(0.,0.,1.));
#9378=DIRECTION('ref_axis',(-1.,0.,0.));
#9379=DIRECTION('',(0.,0.,1.));
#9380=DIRECTION('center_axis',(0.,0.,-1.));
#9381=DIRECTION('ref_axis',(-1.,0.,0.));
#9382=DIRECTION('center_axis',(0.,0.,-1.));
#9383=DIRECTION('ref_axis',(-1.,-2.52323414687536E-16,0.));
#9384=DIRECTION('center_axis',(0.,0.,1.));
#9385=DIRECTION('ref_axis',(-1.,-2.52323414687536E-16,0.));
#9386=DIRECTION('',(-0.707106781186548,0.,-0.707106781186548));
#9387=DIRECTION('center_axis',(0.,0.,-1.));
#9388=DIRECTION('ref_axis',(-1.,-2.52323414687536E-16,0.));
#9389=DIRECTION('center_axis',(0.707106781186547,2.61682076447295E-16,-0.707106781186549));
#9390=DIRECTION('ref_axis',(-0.707106781186548,0.,-0.707106781186546));
#9391=DIRECTION('',(-0.707106781186548,0.,-0.707106781186546));
#9392=DIRECTION('',(-3.70074341541719E-16,1.,0.));
#9393=DIRECTION('',(3.70074341541719E-16,-1.,0.));
#9394=DIRECTION('center_axis',(0.,0.,-1.));
#9395=DIRECTION('ref_axis',(-1.,-5.04646829375071E-16,0.));
#9396=DIRECTION('center_axis',(0.,0.,1.));
#9397=DIRECTION('ref_axis',(1.,-5.04646829375071E-16,0.));
#9398=DIRECTION('center_axis',(0.,0.,1.));
#9399=DIRECTION('ref_axis',(-1.,-5.04646829375071E-16,0.));
#9400=DIRECTION('center_axis',(0.,0.,-1.));
#9401=DIRECTION('ref_axis',(1.,0.,0.));
#9402=DIRECTION('',(1.,0.,0.));
#9403=DIRECTION('',(1.,0.,0.));
#9404=DIRECTION('',(0.,-1.,0.));
#9405=DIRECTION('',(-0.816496580927736,-0.577350269189611,0.));
#9406=DIRECTION('center_axis',(0.,0.,1.));
#9407=DIRECTION('ref_axis',(-1.,0.,0.));
#9408=DIRECTION('center_axis',(0.,0.,1.));
#9409=DIRECTION('ref_axis',(-1.,0.,0.));
#9410=DIRECTION('',(-0.707106781186548,-8.65956056235493E-17,-0.707106781186548));
#9411=DIRECTION('center_axis',(0.,0.,1.));
#9412=DIRECTION('ref_axis',(-1.,0.,0.));
#9413=DIRECTION('',(1.,0.,0.));
#9414=DIRECTION('',(0.,1.,0.));
#9415=DIRECTION('',(-1.,0.,0.));
#9416=DIRECTION('center_axis',(0.,0.,1.));
#9417=DIRECTION('ref_axis',(-1.,0.,0.));
#9418=DIRECTION('center_axis',(0.,0.,1.));
#9419=DIRECTION('ref_axis',(-1.,0.,0.));
#9420=DIRECTION('',(-0.707106781186548,-8.65956056235493E-17,-0.707106781186548));
#9421=DIRECTION('center_axis',(0.,-0.707106781186548,0.707106781186548));
#9422=DIRECTION('ref_axis',(1.,0.,0.));
#9423=DIRECTION('',(0.,-0.707106781186548,-0.707106781186548));
#9424=DIRECTION('',(-1.,0.,0.));
#9425=DIRECTION('center_axis',(0.,1.,0.));
#9426=DIRECTION('ref_axis',(-0.707106781186547,0.,0.707106781186548));
#9427=DIRECTION('center_axis',(0.,-1.,0.));
#9428=DIRECTION('ref_axis',(-0.707106781186547,0.,0.707106781186548));
#9429=DIRECTION('',(0.707106781186548,-0.707106781186548,0.));
#9430=DIRECTION('center_axis',(0.,1.,0.));
#9431=DIRECTION('ref_axis',(-0.707106781186547,0.,0.707106781186548));
#9432=DIRECTION('center_axis',(-0.707106781186548,-0.707106781186548,0.));
#9433=DIRECTION('ref_axis',(0.,0.,1.));
#9434=DIRECTION('',(0.707106781186548,-0.707106781186548,0.));
#9435=DIRECTION('',(0.,0.,1.));
#9436=DIRECTION('',(0.,0.,-1.));
#9437=DIRECTION('center_axis',(0.,1.,0.));
#9438=DIRECTION('ref_axis',(-0.923879532511287,0.,-0.382683432365089));
#9439=DIRECTION('center_axis',(0.,-1.,0.));
#9440=DIRECTION('ref_axis',(-0.923879532511287,0.,-0.382683432365089));
#9441=DIRECTION('',(0.499999999999996,-0.707106781186556,0.499999999999992));
#9442=DIRECTION('center_axis',(0.,1.,0.));
#9443=DIRECTION('ref_axis',(-0.923879532511287,0.,-0.382683432365089));
#9444=DIRECTION('center_axis',(-0.500000000000001,-0.707106781186546,-0.500000000000001));
#9445=DIRECTION('ref_axis',(-0.707106781186547,0.,0.707106781186548));
#9446=DIRECTION('',(0.707106781186547,0.,-0.707106781186548));
#9447=DIRECTION('',(0.499999999999992,-0.70710678118655,0.500000000000004));
#9448=DIRECTION('',(-0.707106781186547,0.,0.707106781186548));
#9449=DIRECTION('center_axis',(0.,1.,0.));
#9450=DIRECTION('ref_axis',(-0.38268343236509,0.,-0.923879532511287));
#9451=DIRECTION('center_axis',(0.,-1.,0.));
#9452=DIRECTION('ref_axis',(-0.38268343236509,0.,-0.923879532511287));
#9453=DIRECTION('',(0.,-0.707106781186548,0.707106781186548));
#9454=DIRECTION('center_axis',(0.,1.,0.));
#9455=DIRECTION('ref_axis',(-0.38268343236509,0.,-0.923879532511287));
#9456=DIRECTION('center_axis',(0.,-0.707106781186548,-0.707106781186548));
#9457=DIRECTION('ref_axis',(-1.,0.,0.));
#9458=DIRECTION('',(1.,0.,0.));
#9459=DIRECTION('center_axis',(0.,-1.,0.));
#9460=DIRECTION('ref_axis',(-0.38268343236509,0.,-0.923879532511287));
#9461=DIRECTION('',(0.,1.,0.));
#9462=DIRECTION('center_axis',(-0.499999999999988,0.707106781186557,-0.499999999999998));
#9463=DIRECTION('ref_axis',(-0.500000000000002,-0.707106781186538,-0.500000000000012));
#9464=DIRECTION('center_axis',(-0.707106781186548,0.,-0.707106781186547));
#9465=DIRECTION('ref_axis',(-0.707106781186547,0.,0.707106781186548));
#9466=DIRECTION('',(0.,-1.,0.));
#9467=DIRECTION('center_axis',(0.,1.,0.));
#9468=DIRECTION('ref_axis',(-0.923879532511287,0.,-0.382683432365089));
#9469=DIRECTION('',(0.,1.,0.));
#9470=DIRECTION('center_axis',(-1.,0.,0.));
#9471=DIRECTION('ref_axis',(0.,0.,-1.));
#9472=DIRECTION('',(0.,-1.,0.));
#9473=DIRECTION('',(0.,-9.25185853854291E-17,1.));
#9474=DIRECTION('center_axis',(0.,-1.,0.));
#9475=DIRECTION('ref_axis',(-0.707106781186547,0.,0.707106781186548));
#9476=DIRECTION('center_axis',(0.,-1.,0.));
#9477=DIRECTION('ref_axis',(0.,0.,1.));
#9478=DIRECTION('center_axis',(0.,-1.,0.));
#9479=DIRECTION('ref_axis',(0.,0.,1.));
#9480=DIRECTION('',(-8.65956056235494E-17,0.707106781186548,0.707106781186548));
#9481=DIRECTION('center_axis',(0.,1.,0.));
#9482=DIRECTION('ref_axis',(0.,0.,1.));
#9483=DIRECTION('center_axis',(0.,-1.,0.));
#9484=DIRECTION('ref_axis',(0.,0.,-1.));
#9485=DIRECTION('center_axis',(0.,-1.,0.));
#9486=DIRECTION('ref_axis',(0.,0.,1.));
#9487=DIRECTION('center_axis',(0.,-1.,0.));
#9488=DIRECTION('ref_axis',(0.,0.,1.));
#9489=DIRECTION('center_axis',(0.,-1.,0.));
#9490=DIRECTION('ref_axis',(0.,0.,1.));
#9491=DIRECTION('',(0.,-1.,0.));
#9492=DIRECTION('center_axis',(0.,-1.,0.));
#9493=DIRECTION('ref_axis',(0.,0.,1.));
#9494=DIRECTION('',(-8.65956056235494E-17,0.707106781186548,0.707106781186548));
#9495=DIRECTION('center_axis',(0.,1.,0.));
#9496=DIRECTION('ref_axis',(0.,0.,1.));
#9497=DIRECTION('center_axis',(0.,-1.,0.));
#9498=DIRECTION('ref_axis',(0.,0.,1.));
#9499=DIRECTION('center_axis',(0.,-1.,0.));
#9500=DIRECTION('ref_axis',(0.,0.,1.));
#9501=DIRECTION('',(0.,-1.,0.));
#9502=DIRECTION('center_axis',(0.,1.,0.));
#9503=DIRECTION('ref_axis',(0.,0.,1.));
#9504=DIRECTION('center_axis',(0.,1.,0.));
#9505=DIRECTION('ref_axis',(0.,0.,1.));
#9506=DIRECTION('',(8.65956056235494E-17,-0.707106781186548,0.707106781186548));
#9507=DIRECTION('center_axis',(0.,-1.,0.));
#9508=DIRECTION('ref_axis',(0.,0.,1.));
#9509=DIRECTION('',(-9.25185853854297E-17,0.,-1.));
#9510=DIRECTION('center_axis',(0.,-1.,0.));
#9511=DIRECTION('ref_axis',(0.,0.,1.));
#9512=DIRECTION('center_axis',(0.,1.,0.));
#9513=DIRECTION('ref_axis',(0.,0.,1.));
#9514=DIRECTION('center_axis',(0.,1.,0.));
#9515=DIRECTION('ref_axis',(0.,0.,1.));
#9516=DIRECTION('',(8.65956056235494E-17,-0.707106781186548,0.707106781186548));
#9517=DIRECTION('center_axis',(0.,-1.,0.));
#9518=DIRECTION('ref_axis',(0.,0.,1.));
#9519=DIRECTION('',(-9.25185853854297E-17,0.,-1.));
#9520=DIRECTION('center_axis',(0.,-1.,0.));
#9521=DIRECTION('ref_axis',(0.,0.,1.));
#9522=DIRECTION('center_axis',(0.,-1.,0.));
#9523=DIRECTION('ref_axis',(-0.923879532511287,0.,-0.38268343236509));
#9524=DIRECTION('',(0.707106781186542,0.707106781186553,0.));
#9525=DIRECTION('center_axis',(0.,-1.,0.));
#9526=DIRECTION('ref_axis',(-0.923879532511287,0.,-0.38268343236509));
#9527=DIRECTION('',(0.499999999999997,0.70710678118654,0.500000000000013));
#9528=DIRECTION('center_axis',(0.,-1.,0.));
#9529=DIRECTION('ref_axis',(1.,0.,6.12323399573676E-17));
#9530=DIRECTION('center_axis',(0.707106781186545,-0.70710678118655,-6.54205191118238E-17));
#9531=DIRECTION('ref_axis',(-0.70710678118655,-0.707106781186545,0.));
#9532=DIRECTION('center_axis',(0.,-1.,0.));
#9533=DIRECTION('ref_axis',(1.,0.,6.12323399573676E-17));
#9534=DIRECTION('center_axis',(0.707106781186545,-0.70710678118655,-6.54205191118238E-17));
#9535=DIRECTION('ref_axis',(-0.70710678118655,-0.707106781186545,0.));
#9536=DIRECTION('center_axis',(0.,0.70710678118655,0.707106781186545));
#9537=DIRECTION('ref_axis',(1.,0.,0.));
#9538=DIRECTION('',(1.,0.,0.));
#9539=DIRECTION('',(0.,0.70710678118655,-0.707106781186545));
#9540=DIRECTION('center_axis',(0.,0.70710678118654,-0.707106781186555));
#9541=DIRECTION('ref_axis',(-1.,0.,0.));
#9542=DIRECTION('',(0.,0.707106781186555,0.70710678118654));
#9543=DIRECTION('',(-1.,0.,0.));
#9544=DIRECTION('center_axis',(0.,-1.,0.));
#9545=DIRECTION('ref_axis',(-0.382683432365086,0.,-0.923879532511288));
#9546=DIRECTION('',(0.49999999999999,0.707106781186559,0.499999999999994));
#9547=DIRECTION('center_axis',(0.,-1.,0.));
#9548=DIRECTION('ref_axis',(-0.382683432365086,0.,-0.923879532511289));
#9549=DIRECTION('center_axis',(-0.499999999999988,0.707106781186557,-0.499999999999998));
#9550=DIRECTION('ref_axis',(-0.707106781186555,0.,0.707106781186541));
#9551=DIRECTION('',(-0.707106781186554,0.,0.70710678118654));
#9552=DIRECTION('center_axis',(-0.707106781186545,0.70710678118655,6.54205191118238E-17));
#9553=DIRECTION('ref_axis',(9.25185853854297E-17,0.,1.));
#9554=DIRECTION('',(0.70710678118655,0.707106781186545,0.));
#9555=DIRECTION('',(9.25185853854297E-17,0.,1.));
#9556=DIRECTION('center_axis',(0.,-1.,0.));
#9557=DIRECTION('ref_axis',(-0.707106781186547,0.,0.707106781186548));
#9558=DIRECTION('center_axis',(0.,-1.,0.));
#9559=DIRECTION('ref_axis',(-0.707106781186547,0.,0.707106781186548));
#9560=DIRECTION('center_axis',(0.,1.,0.));
#9561=DIRECTION('ref_axis',(1.,0.,0.));
#9562=DIRECTION('center_axis',(0.,-1.,0.));
#9563=DIRECTION('ref_axis',(0.,0.,1.));
#9564=DIRECTION('center_axis',(0.,0.,-1.));
#9565=DIRECTION('ref_axis',(-1.,0.,0.));
#9566=DIRECTION('center_axis',(0.,0.,1.));
#9567=DIRECTION('ref_axis',(-1.,-2.52323414687536E-16,0.));
#9568=DIRECTION('center_axis',(0.,0.,-1.));
#9569=DIRECTION('ref_axis',(-1.,5.04646829375071E-16,0.));
#9570=DIRECTION('',(3.70074341541719E-16,-1.,0.));
#9571=DIRECTION('center_axis',(0.,0.,1.));
#9572=DIRECTION('ref_axis',(1.,5.04646829375071E-16,0.));
#9573=DIRECTION('',(0.,0.,1.));
#9574=DIRECTION('center_axis',(-1.,-3.70074341541719E-16,0.));
#9575=DIRECTION('ref_axis',(3.70074341541719E-16,-1.,0.));
#9576=DIRECTION('',(0.,0.,1.));
#9577=DIRECTION('center_axis',(0.,0.,1.));
#9578=DIRECTION('ref_axis',(-1.,-2.52323414687536E-16,0.));
#9579=DIRECTION('center_axis',(0.,1.,0.));
#9580=DIRECTION('ref_axis',(0.,0.,1.));
#9581=DIRECTION('',(-8.65956056235493E-17,-0.707106781186548,0.707106781186548));
#9582=DIRECTION('center_axis',(0.,1.,0.));
#9583=DIRECTION('ref_axis',(0.,0.,1.));
#9584=DIRECTION('center_axis',(0.,-1.,0.));
#9585=DIRECTION('ref_axis',(0.,0.,1.));
#9586=DIRECTION('',(0.,-1.,0.));
#9587=DIRECTION('axis',(0.,0.,1.));
#9588=DIRECTION('refdir',(1.,0.,0.));
#9589=DIRECTION('center_axis',(0.,0.,-1.));
#9590=DIRECTION('ref_axis',(-1.,0.,0.));
#9591=DIRECTION('center_axis',(0.,0.,1.));
#9592=DIRECTION('ref_axis',(-1.,7.105427357601E-15,0.));
#9593=DIRECTION('',(0.,0.,1.));
#9594=DIRECTION('center_axis',(0.,0.,-1.));
#9595=DIRECTION('ref_axis',(-1.,0.,0.));
#9596=DIRECTION('center_axis',(0.,0.,1.));
#9597=DIRECTION('ref_axis',(-1.,7.105427357601E-15,0.));
#9598=DIRECTION('center_axis',(0.,-7.59823448526186E-16,-1.));
#9599=DIRECTION('ref_axis',(0.,1.,-7.59823448526186E-16));
#9600=DIRECTION('center_axis',(0.,-7.59823448526186E-16,-1.));
#9601=DIRECTION('ref_axis',(0.,1.,-7.59823448526186E-16));
#9602=DIRECTION('center_axis',(0.,-7.59823448526186E-16,-1.));
#9603=DIRECTION('ref_axis',(0.,1.,-7.59823448526186E-16));
#9604=DIRECTION('center_axis',(0.,-7.59823448526186E-16,-1.));
#9605=DIRECTION('ref_axis',(0.,1.,-7.59823448526185E-16));
#9606=DIRECTION('',(8.65956056235495E-17,0.707106781186549,0.707106781186546));
#9607=DIRECTION('center_axis',(0.,-7.59823448526186E-16,-1.));
#9608=DIRECTION('ref_axis',(0.,1.,-7.59823448526185E-16));
#9609=DIRECTION('center_axis',(0.,-7.59823448526186E-16,-1.));
#9610=DIRECTION('ref_axis',(0.,1.,-7.59823448526186E-16));
#9611=DIRECTION('',(0.,7.59823448526186E-16,1.));
#9612=DIRECTION('center_axis',(0.,0.,1.));
#9613=DIRECTION('ref_axis',(1.,0.,0.));
#9614=DIRECTION('',(0.707106781186547,8.65956056235492E-17,-0.707106781186548));
#9615=DIRECTION('center_axis',(0.,0.,-1.));
#9616=DIRECTION('ref_axis',(-1.,0.,0.));
#9617=DIRECTION('center_axis',(0.,7.59823448526186E-16,1.));
#9618=DIRECTION('ref_axis',(0.,-1.,7.59823448526186E-16));
#9619=DIRECTION('center_axis',(0.,2.91151226142999E-15,1.));
#9620=DIRECTION('ref_axis',(0.,-1.,2.91151226142999E-15));
#9621=DIRECTION('center_axis',(0.,2.91151226142999E-15,1.));
#9622=DIRECTION('ref_axis',(0.,-1.,2.91151226142999E-15));
#9623=DIRECTION('center_axis',(0.,2.91151226142999E-15,1.));
#9624=DIRECTION('ref_axis',(0.,-1.,2.91151226142999E-15));
#9625=DIRECTION('center_axis',(0.,2.91151226142999E-15,1.));
#9626=DIRECTION('ref_axis',(0.,-1.,2.91151226142999E-15));
#9627=DIRECTION('center_axis',(0.,2.91151226142999E-15,1.));
#9628=DIRECTION('ref_axis',(0.,-1.,2.91151226142999E-15));
#9629=DIRECTION('center_axis',(0.,2.91151226142999E-15,1.));
#9630=DIRECTION('ref_axis',(0.,-1.,2.91151226142999E-15));
#9631=DIRECTION('center_axis',(0.,0.,-1.));
#9632=DIRECTION('ref_axis',(-1.,0.,0.));
#9633=DIRECTION('center_axis',(0.,2.91151226142999E-15,1.));
#9634=DIRECTION('ref_axis',(0.,-1.,2.91151226142999E-15));
#9635=DIRECTION('center_axis',(0.,2.91151226142999E-15,1.));
#9636=DIRECTION('ref_axis',(0.,-1.,2.91151226142999E-15));
#9637=DIRECTION('center_axis',(0.,2.91151226142999E-15,1.));
#9638=DIRECTION('ref_axis',(0.,-1.,2.91151226142999E-15));
#9639=DIRECTION('center_axis',(0.,2.91151226142999E-15,1.));
#9640=DIRECTION('ref_axis',(0.,-1.,2.91151226142999E-15));
#9641=DIRECTION('center_axis',(0.,2.91151226142999E-15,1.));
#9642=DIRECTION('ref_axis',(0.,-1.,2.91151226142999E-15));
#9643=DIRECTION('center_axis',(0.,2.91151226142999E-15,1.));
#9644=DIRECTION('ref_axis',(0.,-1.,2.91151226142999E-15));
#9645=DIRECTION('center_axis',(0.,0.,-1.));
#9646=DIRECTION('ref_axis',(-1.,0.,0.));
#9647=DIRECTION('',(0.866025403784439,0.5,0.));
#9648=DIRECTION('',(1.25192883228096E-16,1.,0.));
#9649=DIRECTION('',(-0.866025403784439,0.5,0.));
#9650=DIRECTION('',(-0.866025403784439,-0.5,0.));
#9651=DIRECTION('',(-1.25192883228096E-16,-1.,0.));
#9652=DIRECTION('',(0.866025403784439,-0.5,0.));
#9653=DIRECTION('center_axis',(1.,-1.25192883228096E-16,0.));
#9654=DIRECTION('ref_axis',(-1.25192883228096E-16,-1.,0.));
#9655=DIRECTION('',(0.,0.,1.));
#9656=DIRECTION('',(0.,0.,1.));
#9657=DIRECTION('center_axis',(0.5,0.866025403784439,0.));
#9658=DIRECTION('ref_axis',(0.866025403784439,-0.5,0.));
#9659=DIRECTION('',(0.,0.,1.));
#9660=DIRECTION('center_axis',(-0.5,0.866025403784439,0.));
#9661=DIRECTION('ref_axis',(0.866025403784439,0.5,0.));
#9662=DIRECTION('',(0.,0.,1.));
#9663=DIRECTION('center_axis',(-1.,1.25192883228097E-16,0.));
#9664=DIRECTION('ref_axis',(1.25192883228097E-16,1.,0.));
#9665=DIRECTION('',(0.,0.,1.));
#9666=DIRECTION('center_axis',(-0.5,-0.866025403784439,0.));
#9667=DIRECTION('ref_axis',(-0.866025403784439,0.5,0.));
#9668=DIRECTION('',(0.,0.,1.));
#9669=DIRECTION('center_axis',(0.5,-0.866025403784439,0.));
#9670=DIRECTION('ref_axis',(-0.866025403784439,-0.5,0.));
#9671=DIRECTION('axis',(0.,0.,1.));
#9672=DIRECTION('refdir',(1.,0.,0.));
#9673=DIRECTION('center_axis',(1.77635683940017E-15,-5.68434188608079E-14,
1.));
#9674=DIRECTION('ref_axis',(-5.55111512207462E-17,-1.,1.78584255549804E-17));
#9675=DIRECTION('center_axis',(-6.11667834623654E-16,-3.44180565241438E-17,
-1.));
#9676=DIRECTION('ref_axis',(-5.55111512207462E-17,-1.,-2.47485774186984E-29));
#9677=DIRECTION('',(1.3819218840303E-15,0.707106781186476,0.707106781186619));
#9678=DIRECTION('center_axis',(6.11667834623654E-16,3.44180565241438E-17,
1.));
#9679=DIRECTION('ref_axis',(-5.55111512207462E-17,-1.,3.44180565241441E-17));
#9680=DIRECTION('center_axis',(0.,0.,1.));
#9681=DIRECTION('ref_axis',(-5.55111512207462E-17,-1.,0.));
#9682=DIRECTION('',(0.,0.,-1.));
#9683=DIRECTION('center_axis',(6.11667834623654E-16,3.44180565241943E-17,
1.));
#9684=DIRECTION('ref_axis',(-5.55111512207462E-17,-1.,0.));
#9685=DIRECTION('center_axis',(6.11667834623654E-16,3.44180565241438E-17,
1.));
#9686=DIRECTION('ref_axis',(5.55111512207469E-17,1.,-3.44180565241438E-17));
#9687=DIRECTION('center_axis',(-6.11667834623654E-16,-3.44180565241438E-17,
-1.));
#9688=DIRECTION('ref_axis',(5.55111512207469E-17,1.,-3.4418056524124E-17));
#9689=DIRECTION('center_axis',(-1.7763568394003E-15,5.68434188608081E-14,
-1.));
#9690=DIRECTION('ref_axis',(-5.55111512207462E-17,-1.,1.7858425555004E-17));
#9691=DIRECTION('center_axis',(-6.11667834623654E-16,-3.44180565241943E-17,
-1.));
#9692=DIRECTION('ref_axis',(-5.55111512207462E-17,-1.,3.44180565241894E-17));
#9693=DIRECTION('',(1.13022604986374E-15,-0.707106781186604,0.707106781186492));
#9694=DIRECTION('center_axis',(6.11667834623654E-16,3.44180565241943E-17,
1.));
#9695=DIRECTION('ref_axis',(5.55111512207469E-17,1.,-3.44180565241943E-17));
#9696=DIRECTION('center_axis',(6.11667834623654E-16,3.44180565241943E-17,
1.));
#9697=DIRECTION('ref_axis',(5.55111512207469E-17,1.,-3.44180565241903E-17));
#9698=DIRECTION('center_axis',(1.77635683940054E-15,-5.68434188608086E-14,
1.));
#9699=DIRECTION('ref_axis',(5.55111512207469E-17,1.,-1.67677711271697E-17));
#9700=DIRECTION('center_axis',(-6.11667834623654E-16,-3.44180565241943E-17,
-1.));
#9701=DIRECTION('ref_axis',(5.55111512207469E-17,1.,3.15544362088406E-29));
#9702=DIRECTION('',(-1.30341726111112E-15,0.707106781186542,-0.707106781186553));
#9703=DIRECTION('center_axis',(0.,0.,1.));
#9704=DIRECTION('ref_axis',(5.55111512207469E-17,1.,0.));
#9705=DIRECTION('center_axis',(6.11667834623654E-16,3.44180565241438E-17,
1.));
#9706=DIRECTION('ref_axis',(5.55111512207469E-17,1.,9.46633086265218E-29));
#9707=DIRECTION('',(0.,0.,-1.));
#9708=DIRECTION('center_axis',(-1.77635683940116E-15,5.68434188608099E-14,
-1.));
#9709=DIRECTION('ref_axis',(5.55111512207469E-17,1.,-1.67677711270726E-17));
#9710=DIRECTION('',(-1.20873067278378E-15,-0.707106781186543,-0.707106781186552));
#9711=DIRECTION('',(1.,-1.99840144432528E-15,0.));
#9712=DIRECTION('',(1.99840144431263E-15,1.,-6.21950407841965E-14));
#9713=DIRECTION('',(6.99156358462532E-16,3.48108241589801E-15,1.));
#9714=DIRECTION('',(1.33226762955019E-15,1.,-3.4560994202198E-15));
#9715=DIRECTION('',(6.66133814775094E-16,-9.57638704070022E-18,-1.));
#9716=DIRECTION('',(-1.,-1.11022302462516E-16,-6.66133814775094E-16));
#9717=DIRECTION('',(6.66133814775094E-16,-9.57638704070022E-18,-1.));
#9718=DIRECTION('',(-1.,-1.11022302462516E-16,-6.66133814775094E-16));
#9719=DIRECTION('',(6.44045203514056E-14,1.,-1.11092048360097E-13));
#9720=DIRECTION('',(-1.,6.44045203514506E-14,4.05593144939663E-13));
#9721=DIRECTION('',(6.44045203514056E-14,1.,-1.11092048360097E-13));
#9722=DIRECTION('',(-1.,6.44045203514506E-14,4.05593144939663E-13));
#9723=DIRECTION('',(6.44045203514056E-14,1.,-1.11092048360097E-13));
#9724=DIRECTION('',(-1.,6.44045203514506E-14,4.05593144939663E-13));
#9725=DIRECTION('',(6.44045203514056E-14,1.,-1.11092048360097E-13));
#9726=DIRECTION('',(-1.,6.44045203514506E-14,4.05593144939663E-13));
#9727=DIRECTION('',(-4.0163986123735E-13,-1.09216419240662E-13,-1.));
#9728=DIRECTION('',(-1.,6.35186347963773E-14,4.01639861237343E-13));
#9729=DIRECTION('',(1.03750379911227E-15,4.14612826806271E-15,1.));
#9730=DIRECTION('',(2.22044604925031E-16,1.,-4.14612826806271E-15));
#9731=DIRECTION('',(4.05925819144577E-13,2.31083470675473E-13,1.));
#9732=DIRECTION('',(-1.,6.44581527402692E-14,4.05925819144562E-13));
#9733=CARTESIAN_POINT('',(0.,0.,0.));
#9734=CARTESIAN_POINT('',(0.,0.,0.));
#9735=CARTESIAN_POINT('Origin',(152.168177984385,197.048234427269,-188.456586180644));
#9736=CARTESIAN_POINT('',(152.168177984385,198.548234427269,-188.456586180644));
#9737=CARTESIAN_POINT('Origin',(152.168177984385,197.048234427269,-188.456586180644));
#9738=CARTESIAN_POINT('',(152.468177984385,198.848234427269,-188.456586180644));
#9739=CARTESIAN_POINT('',(152.168177984385,198.548234427269,-188.456586180644));
#9740=CARTESIAN_POINT('Origin',(152.468177984385,197.048234427269,-188.456586180644));
#9741=CARTESIAN_POINT('Origin',(152.168177984381,197.048234427269,-173.456586180644));
#9742=CARTESIAN_POINT('',(152.168177984381,198.548234427269,-173.456586180644));
#9743=CARTESIAN_POINT('Origin',(152.168177984381,197.048234427269,-173.456586180644));
#9744=CARTESIAN_POINT('',(152.468177984381,198.848234427269,-173.456586180644));
#9745=CARTESIAN_POINT('',(152.168177984381,198.548234427269,-173.456586180644));
#9746=CARTESIAN_POINT('Origin',(152.468177984381,197.048234427269,-173.456586180644));
#9747=CARTESIAN_POINT('Origin',(149.468177984385,197.048234427269,-188.456586180644));
#9748=CARTESIAN_POINT('',(148.968177984385,198.548234427269,-188.456586180644));
#9749=CARTESIAN_POINT('Origin',(148.968177984385,197.048234427269,-188.456586180644));
#9750=CARTESIAN_POINT('',(149.468177984385,198.548234427269,-188.456586180644));
#9751=CARTESIAN_POINT('Origin',(149.468177984381,197.048234427269,-173.456586180644));
#9752=CARTESIAN_POINT('',(148.968177984381,198.548234427269,-173.456586180644));
#9753=CARTESIAN_POINT('Origin',(148.968177984381,197.048234427269,-173.456586180644));
#9754=CARTESIAN_POINT('',(149.468177984381,198.548234427269,-173.456586180644));
#9755=CARTESIAN_POINT('Origin',(150.591180891651,219.998234427269,-180.956586180645));
#9756=CARTESIAN_POINT('',(150.591180891651,219.998234427269,-180.312576719015));
#9757=CARTESIAN_POINT('Origin',(150.591180891651,219.998234427269,-180.956586180645));
#9758=CARTESIAN_POINT('',(150.591180891651,190.098234427269,-180.312576719013));
#9759=CARTESIAN_POINT('',(150.591180891651,219.998234427269,-180.312576719015));
#9760=CARTESIAN_POINT('Origin',(150.591180891651,190.098234427269,-180.956586180644));
#9761=CARTESIAN_POINT('Origin',(147.168177984384,224.999234427269,-185.556586180646));
#9762=CARTESIAN_POINT('',(148.163165421491,219.998234427269,-185.456586180646));
#9763=CARTESIAN_POINT('',(146.173190547277,219.998234427269,-185.456586180646));
#9764=CARTESIAN_POINT('Origin',(147.168177984384,219.998234427269,-185.556586180646));
#9765=CARTESIAN_POINT('',(146.173190547277,190.098234427269,-185.456586180645));
#9766=CARTESIAN_POINT('',(146.173190547277,219.998234427269,-185.456586180646));
#9767=CARTESIAN_POINT('',(148.163165421491,190.098234427269,-185.456586180644));
#9768=CARTESIAN_POINT('Origin',(147.168177984384,190.098234427269,-185.556586180644));
#9769=CARTESIAN_POINT('',(148.163165421491,219.998234427269,-185.456586180646));
#9770=CARTESIAN_POINT('Origin',(152.168177984385,213.048234427269,-188.456586180645));
#9771=CARTESIAN_POINT('',(152.168177984385,211.548234427269,-188.456586180645));
#9772=CARTESIAN_POINT('Origin',(152.168177984385,213.048234427269,-188.456586180645));
#9773=CARTESIAN_POINT('',(152.468177984385,211.248234427269,-188.456586180644));
#9774=CARTESIAN_POINT('',(152.168177984385,211.548234427269,-188.456586180645));
#9775=CARTESIAN_POINT('Origin',(152.468177984385,213.048234427269,-188.456586180645));
#9776=CARTESIAN_POINT('Origin',(152.168177984381,213.048234427269,-173.456586180645));
#9777=CARTESIAN_POINT('',(152.168177984381,211.548234427269,-173.456586180645));
#9778=CARTESIAN_POINT('Origin',(152.168177984381,213.048234427269,-173.456586180645));
#9779=CARTESIAN_POINT('',(152.468177984381,211.248234427269,-173.456586180644));
#9780=CARTESIAN_POINT('',(152.168177984381,211.548234427269,-173.456586180645));
#9781=CARTESIAN_POINT('Origin',(152.468177984381,213.048234427269,-173.456586180645));
#9782=CARTESIAN_POINT('Origin',(149.468177984385,213.048234427269,-188.456586180645));
#9783=CARTESIAN_POINT('',(148.968177984385,211.548234427269,-188.456586180645));
#9784=CARTESIAN_POINT('Origin',(148.968177984385,213.048234427269,-188.456586180645));
#9785=CARTESIAN_POINT('',(149.468177984385,211.548234427269,-188.456586180645));
#9786=CARTESIAN_POINT('Origin',(149.468177984381,213.048234427269,-173.456586180645));
#9787=CARTESIAN_POINT('',(148.968177984381,211.548234427269,-173.456586180645));
#9788=CARTESIAN_POINT('Origin',(148.968177984381,213.048234427269,-173.456586180645));
#9789=CARTESIAN_POINT('',(149.468177984381,211.548234427269,-173.456586180645));
#9790=CARTESIAN_POINT('Origin',(148.968177984381,213.048234427269,-173.456586180645));
#9791=CARTESIAN_POINT('Origin',(148.968177984385,213.048234427269,-188.456586180645));
#9792=CARTESIAN_POINT('Origin',(152.468177984381,219.99823442727,-171.256586180645));
#9793=CARTESIAN_POINT('',(152.168177984381,219.99823442727,-170.956586180645));
#9794=CARTESIAN_POINT('',(152.468177984381,219.99823442727,-171.256586180645));
#9795=CARTESIAN_POINT('',(152.168177984381,219.99823442727,-170.956586180645));
#9796=CARTESIAN_POINT('',(152.168177984381,190.09823442727,-170.956586180643));
#9797=CARTESIAN_POINT('',(152.168177984381,190.09823442727,-170.956586180643));
#9798=CARTESIAN_POINT('',(152.468177984381,190.09823442727,-171.256586180643));
#9799=CARTESIAN_POINT('',(152.168177984381,190.09823442727,-170.956586180643));
#9800=CARTESIAN_POINT('',(152.468177984381,219.99823442727,-171.256586180645));
#9801=CARTESIAN_POINT('Origin',(144.768177984381,219.99823442727,-170.956586180647));
#9802=CARTESIAN_POINT('',(144.468177984381,219.99823442727,-171.256586180647));
#9803=CARTESIAN_POINT('',(144.768177984381,219.99823442727,-170.956586180647));
#9804=CARTESIAN_POINT('',(144.468177984381,219.99823442727,-171.256586180647));
#9805=CARTESIAN_POINT('',(144.468177984381,190.09823442727,-171.256586180645));
#9806=CARTESIAN_POINT('',(144.468177984381,190.09823442727,-171.256586180645));
#9807=CARTESIAN_POINT('',(144.768177984381,190.09823442727,-170.956586180645));
#9808=CARTESIAN_POINT('',(144.468177984381,190.09823442727,-171.256586180645));
#9809=CARTESIAN_POINT('',(144.768177984381,219.99823442727,-170.956586180647));
#9810=CARTESIAN_POINT('Origin',(144.468177984385,219.998234427268,-190.656586180647));
#9811=CARTESIAN_POINT('',(144.768177984385,219.998234427268,-190.956586180647));
#9812=CARTESIAN_POINT('',(144.468177984385,219.998234427268,-190.656586180647));
#9813=CARTESIAN_POINT('',(144.768177984385,219.998234427268,-190.956586180647));
#9814=CARTESIAN_POINT('',(144.768177984385,190.098234427268,-190.956586180645));
#9815=CARTESIAN_POINT('',(144.768177984385,190.098234427268,-190.956586180645));
#9816=CARTESIAN_POINT('',(144.468177984385,190.098234427268,-190.656586180645));
#9817=CARTESIAN_POINT('',(144.768177984385,190.098234427268,-190.956586180645));
#9818=CARTESIAN_POINT('',(144.468177984385,219.998234427268,-190.656586180647));
#9819=CARTESIAN_POINT('Origin',(152.168177984385,219.998234427268,-190.956586180645));
#9820=CARTESIAN_POINT('',(152.468177984385,219.998234427268,-190.656586180645));
#9821=CARTESIAN_POINT('',(152.168177984385,219.998234427268,-190.956586180645));
#9822=CARTESIAN_POINT('',(152.468177984385,219.998234427268,-190.656586180645));
#9823=CARTESIAN_POINT('',(152.468177984385,190.098234427268,-190.656586180643));
#9824=CARTESIAN_POINT('',(152.468177984385,190.098234427268,-190.656586180643));
#9825=CARTESIAN_POINT('',(152.168177984385,190.098234427268,-190.956586180643));
#9826=CARTESIAN_POINT('',(152.468177984385,190.098234427268,-190.656586180643));
#9827=CARTESIAN_POINT('',(152.168177984385,219.998234427268,-190.956586180645));
#9828=CARTESIAN_POINT('Origin',(144.768177984384,219.998234427269,-185.456586180647));
#9829=CARTESIAN_POINT('',(144.468177984384,219.998234427269,-185.756586180647));
#9830=CARTESIAN_POINT('',(144.768177984384,219.998234427269,-185.456586180647));
#9831=CARTESIAN_POINT('',(144.468177984384,219.998234427269,-185.756586180647));
#9832=CARTESIAN_POINT('',(144.468177984384,190.098234427269,-185.756586180645));
#9833=CARTESIAN_POINT('',(144.468177984384,190.098234427269,-185.756586180645));
#9834=CARTESIAN_POINT('',(144.768177984384,190.098234427269,-185.456586180645));
#9835=CARTESIAN_POINT('',(144.468177984384,190.098234427269,-185.756586180645));
#9836=CARTESIAN_POINT('',(144.768177984384,219.998234427269,-185.456586180647));
#9837=CARTESIAN_POINT('Origin',(144.468177984382,219.998234427269,-176.156586180647));
#9838=CARTESIAN_POINT('',(144.768177984382,219.998234427269,-176.456586180647));
#9839=CARTESIAN_POINT('',(144.468177984382,219.998234427269,-176.156586180647));
#9840=CARTESIAN_POINT('',(144.768177984382,219.998234427269,-176.456586180647));
#9841=CARTESIAN_POINT('',(144.768177984382,190.098234427269,-176.456586180645));
#9842=CARTESIAN_POINT('',(144.768177984382,190.098234427269,-176.456586180645));
#9843=CARTESIAN_POINT('',(144.468177984382,190.098234427269,-176.156586180645));
#9844=CARTESIAN_POINT('',(144.768177984382,190.098234427269,-176.456586180645));
#9845=CARTESIAN_POINT('',(144.468177984382,219.998234427269,-176.156586180647));
#9846=CARTESIAN_POINT('Origin',(152.468177984384,219.998234427269,-185.756586180645));
#9847=CARTESIAN_POINT('',(152.168177984384,219.998234427269,-185.456586180645));
#9848=CARTESIAN_POINT('',(152.468177984384,219.998234427269,-185.756586180645));
#9849=CARTESIAN_POINT('',(152.168177984384,219.998234427269,-185.456586180645));
#9850=CARTESIAN_POINT('',(152.168177984384,190.098234427269,-185.456586180643));
#9851=CARTESIAN_POINT('',(152.168177984384,219.998234427269,-185.456586180645));
#9852=CARTESIAN_POINT('',(152.468177984384,190.098234427269,-185.756586180643));
#9853=CARTESIAN_POINT('',(152.168177984384,190.098234427269,-185.456586180643));
#9854=CARTESIAN_POINT('',(152.468177984384,219.998234427269,-185.756586180645));
#9855=CARTESIAN_POINT('Origin',(152.168177984382,219.998234427269,-176.456586180645));
#9856=CARTESIAN_POINT('',(152.468177984382,219.998234427269,-176.156586180645));
#9857=CARTESIAN_POINT('',(152.168177984382,219.998234427269,-176.456586180645));
#9858=CARTESIAN_POINT('',(152.468177984382,219.998234427269,-176.156586180645));
#9859=CARTESIAN_POINT('',(152.468177984382,190.098234427269,-176.156586180643));
#9860=CARTESIAN_POINT('',(152.468177984382,190.098234427269,-176.156586180643));
#9861=CARTESIAN_POINT('',(152.168177984382,190.098234427269,-176.456586180643));
#9862=CARTESIAN_POINT('',(152.468177984382,190.098234427269,-176.156586180643));
#9863=CARTESIAN_POINT('',(152.168177984382,219.998234427269,-176.456586180645));
#9864=CARTESIAN_POINT('Origin',(147.168177984382,224.999234427269,-176.356586180646));
#9865=CARTESIAN_POINT('',(148.163165421489,219.998234427269,-176.456586180646));
#9866=CARTESIAN_POINT('',(148.163165421489,190.098234427269,-176.456586180644));
#9867=CARTESIAN_POINT('',(148.163165421489,219.998234427269,-176.456586180646));
#9868=CARTESIAN_POINT('',(146.173190547275,190.098234427269,-176.456586180645));
#9869=CARTESIAN_POINT('Origin',(147.168177984382,190.098234427269,-176.356586180644));
#9870=CARTESIAN_POINT('',(146.173190547275,219.998234427269,-176.456586180646));
#9871=CARTESIAN_POINT('',(146.173190547275,219.998234427269,-176.456586180646));
#9872=CARTESIAN_POINT('Origin',(147.168177984382,219.998234427269,-176.356586180646));
#9873=CARTESIAN_POINT('Origin',(148.968177984383,219.998234427269,-180.956586180646));
#9874=CARTESIAN_POINT('',(148.968177984384,219.998234427269,-185.456586180646));
#9875=CARTESIAN_POINT('',(148.968177984384,190.098234427269,-185.456586180644));
#9876=CARTESIAN_POINT('',(148.968177984384,219.998234427269,-185.456586180646));
#9877=CARTESIAN_POINT('',(148.968177984382,190.098234427269,-176.456586180644));
#9878=CARTESIAN_POINT('',(148.968177984384,190.098234427269,-185.456586180644));
#9879=CARTESIAN_POINT('',(148.968177984382,219.998234427269,-176.456586180646));
#9880=CARTESIAN_POINT('',(148.968177984382,219.998234427269,-176.456586180646));
#9881=CARTESIAN_POINT('',(148.968177984384,219.998234427269,-185.456586180646));
#9882=CARTESIAN_POINT('Origin',(148.468177984384,219.998234427269,-185.456586180646));
#9883=CARTESIAN_POINT('',(148.163165421491,190.098234427269,-185.456586180644));
#9884=CARTESIAN_POINT('',(148.163165421491,219.998234427269,-185.456586180646));
#9885=CARTESIAN_POINT('Origin',(148.468177984384,219.998234427269,-185.456586180646));
#9886=CARTESIAN_POINT('',(144.768177984384,219.998234427269,-185.456586180647));
#9887=CARTESIAN_POINT('',(144.768177984384,190.098234427269,-185.456586180645));
#9888=CARTESIAN_POINT('Origin',(144.468177984383,219.998234427269,-180.956586180647));
#9889=CARTESIAN_POINT('',(144.468177984385,190.098234427268,-190.656586180645));
#9890=CARTESIAN_POINT('',(144.468177984385,219.998234427268,-190.656586180647));
#9891=CARTESIAN_POINT('Origin',(148.468177984385,219.998234427268,-190.956586180646));
#9892=CARTESIAN_POINT('',(144.768177984385,219.998234427268,-190.956586180647));
#9893=CARTESIAN_POINT('',(144.768177984385,190.098234427268,-190.956586180645));
#9894=CARTESIAN_POINT('Origin',(152.468177984383,219.998234427269,-180.956586180645));
#9895=CARTESIAN_POINT('',(152.468177984385,219.998234427268,-190.656586180645));
#9896=CARTESIAN_POINT('',(152.468177984385,190.098234427268,-190.656586180643));
#9897=CARTESIAN_POINT('Origin',(152.168177984383,219.998234427269,-180.956586180645));
#9898=CARTESIAN_POINT('',(152.168177984384,190.098234427269,-185.456586180643));
#9899=CARTESIAN_POINT('',(152.168177984384,219.998234427269,-185.456586180645));
#9900=CARTESIAN_POINT('Origin',(152.468177984383,219.998234427269,-180.956586180645));
#9901=CARTESIAN_POINT('',(152.468177984382,190.098234427269,-176.156586180643));
#9902=CARTESIAN_POINT('',(152.468177984382,219.998234427269,-176.156586180645));
#9903=CARTESIAN_POINT('Origin',(148.468177984381,219.99823442727,-170.956586180646));
#9904=CARTESIAN_POINT('',(144.768177984381,219.99823442727,-170.956586180647));
#9905=CARTESIAN_POINT('',(144.768177984381,190.09823442727,-170.956586180645));
#9906=CARTESIAN_POINT('Origin',(144.468177984383,219.998234427269,-180.956586180647));
#9907=CARTESIAN_POINT('',(144.468177984382,219.998234427269,-176.156586180647));
#9908=CARTESIAN_POINT('',(144.468177984382,190.098234427269,-176.156586180645));
#9909=CARTESIAN_POINT('Origin',(148.468177984382,219.998234427269,-176.456586180646));
#9910=CARTESIAN_POINT('',(144.768177984382,190.098234427269,-176.456586180645));
#9911=CARTESIAN_POINT('',(144.768177984382,219.998234427269,-176.456586180647));
#9912=CARTESIAN_POINT('Origin',(148.468177984382,219.998234427269,-176.456586180646));
#9913=CARTESIAN_POINT('',(148.163165421489,190.098234427269,-176.456586180644));
#9914=CARTESIAN_POINT('',(148.163165421489,219.998234427269,-176.456586180646));
#9915=CARTESIAN_POINT('Origin',(148.468177984383,219.998234427269,-180.956586180646));
#9916=CARTESIAN_POINT('Origin',(148.968177984381,197.048234427269,-173.456586180644));
#9917=CARTESIAN_POINT('Origin',(148.968177984385,197.048234427269,-188.456586180644));
#9918=CARTESIAN_POINT('Origin',(148.468177984383,190.098234427269,-180.956586180644));
#9919=CARTESIAN_POINT('Origin',(150.591180891651,224.098234427269,-180.956586180646));
#9920=CARTESIAN_POINT('',(150.591180891651,224.098234427269,-180.312576719015));
#9921=CARTESIAN_POINT('Origin',(150.591180891651,224.098234427269,-180.956586180646));
#9922=CARTESIAN_POINT('',(150.591180891651,219.998234427269,-180.312576719015));
#9923=CARTESIAN_POINT('',(150.591180891651,224.098234427269,-180.312576719015));
#9924=CARTESIAN_POINT('Origin',(150.591180891651,219.998234427269,-180.956586180645));
#9925=CARTESIAN_POINT('Origin',(147.168177984384,224.098234427269,-185.556586180646));
#9926=CARTESIAN_POINT('',(148.163165421491,224.098234427269,-185.456586180646));
#9927=CARTESIAN_POINT('',(146.173190547277,224.098234427269,-185.456586180646));
#9928=CARTESIAN_POINT('Origin',(147.168177984384,224.098234427269,-185.556586180646));
#9929=CARTESIAN_POINT('',(146.173190547277,219.998234427269,-185.456586180646));
#9930=CARTESIAN_POINT('',(146.173190547277,224.098234427269,-185.456586180646));
#9931=CARTESIAN_POINT('',(148.163165421491,219.998234427269,-185.456586180646));
#9932=CARTESIAN_POINT('Origin',(147.168177984384,219.998234427269,-185.556586180646));
#9933=CARTESIAN_POINT('',(148.163165421491,224.098234427269,-185.456586180646));
#9934=CARTESIAN_POINT('Origin',(147.168177984382,224.098234427269,-176.356586180646));
#9935=CARTESIAN_POINT('',(146.173190547275,219.998234427269,-176.456586180646));
#9936=CARTESIAN_POINT('',(148.163165421489,219.998234427269,-176.456586180646));
#9937=CARTESIAN_POINT('Origin',(147.168177984382,219.998234427269,-176.356586180646));
#9938=CARTESIAN_POINT('',(146.173190547275,224.098234427269,-176.456586180646));
#9939=CARTESIAN_POINT('',(146.173190547275,224.098234427269,-176.456586180646));
#9940=CARTESIAN_POINT('',(148.163165421489,224.098234427269,-176.456586180646));
#9941=CARTESIAN_POINT('Origin',(147.168177984382,224.098234427269,-176.356586180646));
#9942=CARTESIAN_POINT('',(148.163165421489,224.098234427269,-176.456586180646));
#9943=CARTESIAN_POINT('Origin',(148.468177984382,224.098234427269,-176.456586180646));
#9944=CARTESIAN_POINT('',(144.868177984382,219.998234427269,-176.456586180647));
#9945=CARTESIAN_POINT('',(144.868177984382,219.998234427269,-176.456586180647));
#9946=CARTESIAN_POINT('',(144.868177984382,224.098234427269,-176.456586180647));
#9947=CARTESIAN_POINT('',(144.868177984382,219.998234427269,-176.456586180647));
#9948=CARTESIAN_POINT('',(144.868177984382,224.098234427269,-176.456586180647));
#9949=CARTESIAN_POINT('Origin',(144.468177984383,224.098234427269,-180.956586180647));
#9950=CARTESIAN_POINT('',(144.468177984382,224.098234427269,-176.056586180647));
#9951=CARTESIAN_POINT('',(144.468177984381,224.09823442727,-171.356586180647));
#9952=CARTESIAN_POINT('',(144.468177984382,224.098234427269,-176.056586180647));
#9953=CARTESIAN_POINT('',(144.468177984382,219.998234427269,-176.056586180647));
#9954=CARTESIAN_POINT('',(144.468177984382,224.098234427269,-176.056586180647));
#9955=CARTESIAN_POINT('',(144.468177984381,219.998234427269,-171.356586180647));
#9956=CARTESIAN_POINT('',(144.468177984382,219.998234427269,-176.056586180647));
#9957=CARTESIAN_POINT('',(144.468177984381,219.998234427269,-171.356586180647));
#9958=CARTESIAN_POINT('Origin',(148.468177984381,224.09823442727,-170.956586180646));
#9959=CARTESIAN_POINT('',(144.868177984381,224.09823442727,-170.956586180647));
#9960=CARTESIAN_POINT('',(151.168177984381,224.09823442727,-170.956586180645));
#9961=CARTESIAN_POINT('',(144.868177984381,224.09823442727,-170.956586180647));
#9962=CARTESIAN_POINT('',(144.868177984381,219.99823442727,-170.956586180647));
#9963=CARTESIAN_POINT('',(144.868177984381,224.09823442727,-170.956586180647));
#9964=CARTESIAN_POINT('',(151.168177984381,219.99823442727,-170.956586180645));
#9965=CARTESIAN_POINT('',(144.868177984381,219.99823442727,-170.956586180647));
#9966=CARTESIAN_POINT('',(151.168177984381,219.99823442727,-170.956586180645));
#9967=CARTESIAN_POINT('Origin',(152.168177984383,224.098234427269,-180.956586180645));
#9968=CARTESIAN_POINT('',(152.168177984385,219.998234427268,-189.956586180645));
#9969=CARTESIAN_POINT('',(152.168177984381,219.998234427269,-171.956586180645));
#9970=CARTESIAN_POINT('',(152.168177984385,219.998234427268,-189.956586180645));
#9971=CARTESIAN_POINT('',(152.168177984385,224.098234427268,-189.956586180645));
#9972=CARTESIAN_POINT('',(152.168177984385,219.998234427268,-189.956586180645));
#9973=CARTESIAN_POINT('',(152.168177984381,224.098234427269,-171.956586180645));
#9974=CARTESIAN_POINT('',(152.168177984385,224.098234427268,-189.956586180645));
#9975=CARTESIAN_POINT('',(152.168177984381,224.098234427269,-171.956586180645));
#9976=CARTESIAN_POINT('Origin',(148.468177984385,224.098234427268,-190.956586180646));
#9977=CARTESIAN_POINT('',(144.868177984385,219.998234427268,-190.956586180647));
#9978=CARTESIAN_POINT('',(151.168177984385,219.998234427268,-190.956586180645));
#9979=CARTESIAN_POINT('',(144.868177984385,219.998234427268,-190.956586180647));
#9980=CARTESIAN_POINT('',(144.868177984385,224.098234427268,-190.956586180647));
#9981=CARTESIAN_POINT('',(144.868177984385,219.998234427268,-190.956586180647));
#9982=CARTESIAN_POINT('',(151.168177984385,224.098234427268,-190.956586180645));
#9983=CARTESIAN_POINT('',(144.868177984385,224.098234427268,-190.956586180647));
#9984=CARTESIAN_POINT('',(151.168177984385,224.098234427268,-190.956586180645));
#9985=CARTESIAN_POINT('Origin',(144.468177984383,224.098234427269,-180.956586180647));
#9986=CARTESIAN_POINT('',(144.468177984385,224.098234427268,-190.556586180647));
#9987=CARTESIAN_POINT('',(144.468177984384,224.098234427269,-185.856586180647));
#9988=CARTESIAN_POINT('',(144.468177984385,224.098234427268,-190.556586180647));
#9989=CARTESIAN_POINT('',(144.468177984385,219.998234427268,-190.556586180647));
#9990=CARTESIAN_POINT('',(144.468177984385,224.098234427268,-190.556586180647));
#9991=CARTESIAN_POINT('',(144.468177984384,219.998234427269,-185.856586180647));
#9992=CARTESIAN_POINT('',(144.468177984385,219.998234427268,-190.556586180647));
#9993=CARTESIAN_POINT('',(144.468177984384,219.998234427269,-185.856586180647));
#9994=CARTESIAN_POINT('Origin',(148.468177984384,224.098234427269,-185.456586180646));
#9995=CARTESIAN_POINT('',(144.868177984384,224.098234427269,-185.456586180647));
#9996=CARTESIAN_POINT('',(144.868177984384,224.098234427269,-185.456586180647));
#9997=CARTESIAN_POINT('',(144.868177984384,219.998234427269,-185.456586180647));
#9998=CARTESIAN_POINT('',(144.868177984384,224.098234427269,-185.456586180647));
#9999=CARTESIAN_POINT('',(144.868177984384,219.998234427269,-185.456586180647));
#10000=CARTESIAN_POINT('Origin',(148.468177984384,224.098234427269,-185.456586180646));
#10001=CARTESIAN_POINT('',(148.968177984384,219.998234427269,-185.456586180646));
#10002=CARTESIAN_POINT('',(148.163165421491,219.998234427269,-185.456586180646));
#10003=CARTESIAN_POINT('',(148.968177984384,224.098234427269,-185.456586180646));
#10004=CARTESIAN_POINT('',(148.968177984384,224.098234427269,-185.456586180646));
#10005=CARTESIAN_POINT('',(148.163165421491,224.098234427269,-185.456586180646));
#10006=CARTESIAN_POINT('Origin',(148.968177984383,224.098234427269,-180.956586180646));
#10007=CARTESIAN_POINT('',(148.968177984382,219.998234427269,-176.456586180646));
#10008=CARTESIAN_POINT('',(148.968177984384,219.998234427269,-185.456586180646));
#10009=CARTESIAN_POINT('',(148.968177984382,224.098234427269,-176.456586180646));
#10010=CARTESIAN_POINT('',(148.968177984382,224.098234427269,-176.456586180646));
#10011=CARTESIAN_POINT('',(148.968177984384,224.098234427269,-185.456586180646));
#10012=CARTESIAN_POINT('Origin',(148.468177984382,224.098234427269,-176.456586180646));
#10013=CARTESIAN_POINT('',(148.163165421489,219.998234427269,-176.456586180646));
#10014=CARTESIAN_POINT('',(148.163165421489,224.098234427269,-176.456586180646));
#10015=CARTESIAN_POINT('Origin',(148.468177984383,224.098234427269,-180.956586180646));
#10016=CARTESIAN_POINT('',(144.868177984385,224.098234427268,-190.956586180647));
#10017=CARTESIAN_POINT('',(144.468177984384,224.098234427269,-185.856586180647));
#10018=CARTESIAN_POINT('',(144.868177984382,224.098234427269,-176.456586180647));
#10019=CARTESIAN_POINT('',(144.468177984381,224.09823442727,-171.356586180647));
#10020=CARTESIAN_POINT('',(151.168177984381,224.09823442727,-170.956586180645));
#10021=CARTESIAN_POINT('',(152.168177984385,224.098234427268,-189.956586180645));
#10022=CARTESIAN_POINT('Origin',(148.468177984383,219.998234427269,-180.956586180646));
#10023=CARTESIAN_POINT('',(144.468177984385,219.998234427268,-190.556586180647));
#10024=CARTESIAN_POINT('',(151.168177984385,219.998234427268,-190.956586180645));
#10025=CARTESIAN_POINT('',(152.168177984381,219.998234427269,-171.956586180645));
#10026=CARTESIAN_POINT('',(144.868177984381,219.99823442727,-170.956586180647));
#10027=CARTESIAN_POINT('',(144.468177984382,219.998234427269,-176.056586180647));
#10028=CARTESIAN_POINT('',(144.868177984384,219.998234427269,-185.456586180647));
#10029=CARTESIAN_POINT('Origin',(151.168177984385,224.098234427268,-190.956586180645));
#10030=CARTESIAN_POINT('Origin',(152.168177984381,224.098234427269,-171.956586180645));
#10031=CARTESIAN_POINT('Origin',(144.468177984385,224.098234427268,-190.556586180647));
#10032=CARTESIAN_POINT('Origin',(144.868177984384,224.098234427269,-185.456586180647));
#10033=CARTESIAN_POINT('Origin',(144.468177984382,224.098234427269,-176.056586180647));
#10034=CARTESIAN_POINT('Origin',(144.868177984381,224.09823442727,-170.956586180647));
#10035=CARTESIAN_POINT('Origin',(150.385165879264,224.098234427269,-186.695314948308));
#10036=CARTESIAN_POINT('',(150.497236279364,225.218752397402,-187.347924536062));
#10037=CARTESIAN_POINT('',(150.385165879264,225.22407300753,-187.348390029131));
#10038=CARTESIAN_POINT('Origin',(150.385165879264,224.050083787326,-187.245679281262));
#10039=CARTESIAN_POINT('',(150.511442694484,225.381132465251,-186.874887663599));
#10040=CARTESIAN_POINT('Origin',(150.399097026987,224.097015609773,-186.695314948308));
#10041=CARTESIAN_POINT('',(150.986375324419,225.240421004465,-186.862577005952));
#10042=CARTESIAN_POINT('Origin',(150.385165879264,224.092388241811,-186.762137153863));
#10043=CARTESIAN_POINT('',(150.986265482366,225.23916550406,-186.519317462078));
#10044=CARTESIAN_POINT('Origin',(150.882639154385,224.054711155288,-186.695314948308));
#10045=CARTESIAN_POINT('',(150.511333985623,225.379889917291,-186.507005671239));
#10046=CARTESIAN_POINT('Origin',(150.385165879264,224.091620259247,-186.619714661882));
#10047=CARTESIAN_POINT('',(150.496807461241,225.213850983823,-186.034288908039));
#10048=CARTESIAN_POINT('Origin',(150.399097026987,224.097015609773,-186.695314948308));
#10049=CARTESIAN_POINT('',(150.159530710374,225.197351887711,-186.035732391907));
#10050=CARTESIAN_POINT('Origin',(150.385165879264,224.049315804763,-186.136172534484));
#10051=CARTESIAN_POINT('',(150.144977240863,225.363698805409,-186.508422209979));
#10052=CARTESIAN_POINT('Origin',(150.256674535006,224.086992891285,-186.695314948308));
#10053=CARTESIAN_POINT('',(149.674237142022,225.175066494934,-186.52492539872));
#10054=CARTESIAN_POINT('Origin',(150.385165879264,224.091620259247,-186.619714661882));
#10055=CARTESIAN_POINT('',(149.674125827884,225.176338821358,-186.856970541396));
#10056=CARTESIAN_POINT('Origin',(149.773132407607,224.0446884368,-186.695314948308));
#10057=CARTESIAN_POINT('',(150.144868844314,225.364937783635,-186.873470812548));
#10058=CARTESIAN_POINT('Origin',(150.385165879264,224.092388241811,-186.762137153863));
#10059=CARTESIAN_POINT('',(150.159100422416,225.20227010158,-187.346482522029));
#10060=CARTESIAN_POINT('Origin',(150.256674535006,224.086992891285,-186.695314948308));
#10061=CARTESIAN_POINT('Origin',(150.385165879264,224.050083787326,-187.245679281262));
#10062=CARTESIAN_POINT('',(150.385165879264,224.098234427269,-187.996860018599));
#10063=CARTESIAN_POINT('Origin',(150.385165879264,224.098234427269,-186.695314948308));
#10064=CARTESIAN_POINT('Origin',(150.385165879264,224.098234427269,-186.695314948308));
#10065=CARTESIAN_POINT('Origin',(152.302153774142,224.098234427269,-180.956586180645));
#10066=CARTESIAN_POINT('Origin',(148.468177984384,224.298234427269,-187.267389649104));
#10067=CARTESIAN_POINT('',(150.238193295341,224.298234427269,-187.267389649104));
#10068=CARTESIAN_POINT('',(150.159100422416,225.20227010158,-187.346482522029));
#10069=CARTESIAN_POINT('',(150.416701392406,224.298234427269,-187.267389649104));
#10070=CARTESIAN_POINT('',(150.238193295341,224.298234427269,-187.267389649104));
#10071=CARTESIAN_POINT('',(150.497236279364,225.218752397402,-187.347924536062));
#10072=CARTESIAN_POINT('Origin',(150.23819329534,224.298234427269,-180.956586180646));
#10073=CARTESIAN_POINT('',(150.238193295341,224.298234427269,-186.780146361521));
#10074=CARTESIAN_POINT('',(150.144868844314,225.364937783635,-186.873470812548));
#10075=CARTESIAN_POINT('',(150.238193295341,224.298234427269,-186.780146361521));
#10076=CARTESIAN_POINT('Origin',(148.468177984384,224.298234427269,-186.780146361522));
#10077=CARTESIAN_POINT('',(149.750950007759,224.298234427269,-186.780146361521));
#10078=CARTESIAN_POINT('',(149.674125827884,225.176338821358,-186.856970541396));
#10079=CARTESIAN_POINT('',(149.750950007759,224.298234427269,-186.780146361521));
#10080=CARTESIAN_POINT('Origin',(149.750950007757,224.298234427269,-180.956586180646));
#10081=CARTESIAN_POINT('',(149.750950007759,224.298234427269,-186.601638264457));
#10082=CARTESIAN_POINT('',(149.674237142022,225.175066494934,-186.52492539872));
#10083=CARTESIAN_POINT('',(149.750950007759,224.298234427269,-186.601638264457));
#10084=CARTESIAN_POINT('Origin',(148.468177984384,224.298234427269,-186.601638264457));
#10085=CARTESIAN_POINT('',(150.238193295341,224.298234427269,-186.601638264457));
#10086=CARTESIAN_POINT('',(150.144977240863,225.363698805409,-186.508422209979));
#10087=CARTESIAN_POINT('',(150.238193295341,224.298234427269,-186.601638264457));
#10088=CARTESIAN_POINT('Origin',(150.23819329534,224.298234427269,-180.956586180646));
#10089=CARTESIAN_POINT('',(150.238193295341,224.298234427269,-186.114394976874));
#10090=CARTESIAN_POINT('',(150.159530710374,225.197351887711,-186.035732391907));
#10091=CARTESIAN_POINT('',(150.238193295341,224.298234427269,-186.114394976874));
#10092=CARTESIAN_POINT('Origin',(148.468177984384,224.298234427269,-186.114394976875));
#10093=CARTESIAN_POINT('',(150.416701392405,224.298234427269,-186.114394976874));
#10094=CARTESIAN_POINT('',(150.496807461241,225.213850983823,-186.034288908039));
#10095=CARTESIAN_POINT('',(150.416701392405,224.298234427269,-186.114394976874));
#10096=CARTESIAN_POINT('Origin',(150.416701392404,224.298234427269,-180.956586180646));
#10097=CARTESIAN_POINT('',(150.416701392406,224.298234427269,-186.601638264457));
#10098=CARTESIAN_POINT('',(150.511333985623,225.379889917291,-186.507005671239));
#10099=CARTESIAN_POINT('',(150.416701392406,224.298234427269,-186.601638264457));
#10100=CARTESIAN_POINT('Origin',(148.468177984384,224.298234427269,-186.601638264457));
#10101=CARTESIAN_POINT('',(150.903944679988,224.298234427269,-186.601638264457));
#10102=CARTESIAN_POINT('',(150.986265482366,225.23916550406,-186.519317462078));
#10103=CARTESIAN_POINT('',(150.903944679988,224.298234427269,-186.601638264457));
#10104=CARTESIAN_POINT('Origin',(150.903944679987,224.298234427269,-180.956586180645));
#10105=CARTESIAN_POINT('',(150.903944679988,224.298234427269,-186.780146361521));
#10106=CARTESIAN_POINT('',(150.986375324419,225.240421004465,-186.862577005952));
#10107=CARTESIAN_POINT('',(150.903944679988,224.298234427269,-186.780146361521));
#10108=CARTESIAN_POINT('Origin',(148.468177984384,224.298234427269,-186.780146361522));
#10109=CARTESIAN_POINT('',(150.416701392406,224.298234427269,-186.780146361521));
#10110=CARTESIAN_POINT('',(150.511442694484,225.381132465251,-186.874887663599));
#10111=CARTESIAN_POINT('',(150.416701392406,224.298234427269,-186.780146361521));
#10112=CARTESIAN_POINT('Origin',(150.416701392404,224.298234427269,-180.956586180646));
#10113=CARTESIAN_POINT('',(150.416701392406,224.298234427269,-187.267389649104));
#10114=CARTESIAN_POINT('Origin',(148.468177984383,224.298234427269,-180.956586180646));
#10115=CARTESIAN_POINT('Origin',(150.385165879261,224.098234427269,-175.217857412983));
#10116=CARTESIAN_POINT('',(150.496807461238,225.213850983823,-175.878883453252));
#10117=CARTESIAN_POINT('',(150.385165879261,225.21914970289,-175.879347031102));
#10118=CARTESIAN_POINT('Origin',(150.385165879261,224.049315804763,-175.776999826807));
#10119=CARTESIAN_POINT('',(150.511333985621,225.379889917292,-175.406166690052));
#10120=CARTESIAN_POINT('Origin',(150.399097026984,224.097015609774,-175.217857412983));
#10121=CARTESIAN_POINT('',(150.986265482364,225.239165504061,-175.393854899213));
#10122=CARTESIAN_POINT('Origin',(150.385165879261,224.091620259248,-175.293457699409));
#10123=CARTESIAN_POINT('',(150.986375324417,225.240421004465,-175.050595355339));
#10124=CARTESIAN_POINT('Origin',(150.882639154383,224.054711155289,-175.217857412983));
#10125=CARTESIAN_POINT('',(150.511442694481,225.381132465252,-175.038284697692));
#10126=CARTESIAN_POINT('Origin',(150.385165879261,224.092388241811,-175.151035207428));
#10127=CARTESIAN_POINT('',(150.497236279362,225.218752397402,-174.565247825229));
#10128=CARTESIAN_POINT('Origin',(150.399097026984,224.097015609774,-175.217857412983));
#10129=CARTESIAN_POINT('',(150.159100422413,225.202270101581,-174.566689839262));
#10130=CARTESIAN_POINT('Origin',(150.385165879261,224.050083787327,-174.667493080029));
#10131=CARTESIAN_POINT('',(150.144868844312,225.364937783635,-175.039701548743));
#10132=CARTESIAN_POINT('Origin',(150.256674535003,224.086992891285,-175.217857412983));
#10133=CARTESIAN_POINT('',(149.674125827881,225.176338821359,-175.056201819895));
#10134=CARTESIAN_POINT('Origin',(150.385165879261,224.092388241811,-175.151035207428));
#10135=CARTESIAN_POINT('',(149.67423714202,225.175066494935,-175.388246962571));
#10136=CARTESIAN_POINT('Origin',(149.773132407605,224.044688436801,-175.217857412983));
#10137=CARTESIAN_POINT('',(150.144977240861,225.363698805409,-175.404750151313));
#10138=CARTESIAN_POINT('Origin',(150.385165879261,224.091620259248,-175.293457699409));
#10139=CARTESIAN_POINT('',(150.159530710372,225.197351887712,-175.877439969384));
#10140=CARTESIAN_POINT('Origin',(150.256674535003,224.086992891285,-175.217857412983));
#10141=CARTESIAN_POINT('Origin',(150.385165879261,224.049315804763,-175.776999826807));
#10142=CARTESIAN_POINT('',(150.385165879262,224.098234427269,-176.519402483274));
#10143=CARTESIAN_POINT('Origin',(150.385165879261,224.098234427269,-175.217857412983));
#10144=CARTESIAN_POINT('Origin',(150.385165879261,224.098234427269,-175.217857412983));
#10145=CARTESIAN_POINT('Origin',(152.302153774142,224.098234427269,-180.956586180645));
#10146=CARTESIAN_POINT('Origin',(148.468177984382,224.298234427269,-174.645782712188));
#10147=CARTESIAN_POINT('',(150.416701392403,224.298234427269,-174.645782712188));
#10148=CARTESIAN_POINT('',(150.497236279362,225.218752397402,-174.565247825229));
#10149=CARTESIAN_POINT('',(150.238193295339,224.298234427269,-174.645782712188));
#10150=CARTESIAN_POINT('',(150.238193295339,224.298234427269,-174.645782712188));
#10151=CARTESIAN_POINT('',(150.159100422413,225.202270101581,-174.566689839262));
#10152=CARTESIAN_POINT('Origin',(150.416701392404,224.298234427269,-180.956586180646));
#10153=CARTESIAN_POINT('',(150.416701392403,224.298234427269,-175.13302599977));
#10154=CARTESIAN_POINT('',(150.511442694481,225.381132465252,-175.038284697692));
#10155=CARTESIAN_POINT('',(150.416701392403,224.298234427269,-174.645782712188));
#10156=CARTESIAN_POINT('Origin',(148.468177984382,224.298234427269,-175.13302599977));
#10157=CARTESIAN_POINT('',(150.903944679986,224.298234427269,-175.13302599977));
#10158=CARTESIAN_POINT('',(150.986375324417,225.240421004465,-175.050595355339));
#10159=CARTESIAN_POINT('',(150.416701392403,224.298234427269,-175.13302599977));
#10160=CARTESIAN_POINT('Origin',(150.903944679987,224.298234427269,-180.956586180645));
#10161=CARTESIAN_POINT('',(150.903944679986,224.298234427269,-175.311534096834));
#10162=CARTESIAN_POINT('',(150.986265482364,225.239165504061,-175.393854899213));
#10163=CARTESIAN_POINT('',(150.903944679986,224.298234427269,-175.13302599977));
#10164=CARTESIAN_POINT('Origin',(148.468177984382,224.298234427269,-175.311534096835));
#10165=CARTESIAN_POINT('',(150.416701392403,224.298234427269,-175.311534096835));
#10166=CARTESIAN_POINT('',(150.511333985621,225.379889917292,-175.406166690052));
#10167=CARTESIAN_POINT('',(150.903944679986,224.298234427269,-175.311534096834));
#10168=CARTESIAN_POINT('Origin',(150.416701392404,224.298234427269,-180.956586180646));
#10169=CARTESIAN_POINT('',(150.416701392403,224.298234427269,-175.798777384417));
#10170=CARTESIAN_POINT('',(150.496807461238,225.213850983823,-175.878883453252));
#10171=CARTESIAN_POINT('',(150.416701392403,224.298234427269,-175.311534096835));
#10172=CARTESIAN_POINT('Origin',(148.468177984382,224.298234427269,-175.798777384417));
#10173=CARTESIAN_POINT('',(150.238193295339,224.298234427269,-175.798777384417));
#10174=CARTESIAN_POINT('',(150.159530710372,225.197351887712,-175.877439969384));
#10175=CARTESIAN_POINT('',(150.416701392403,224.298234427269,-175.798777384417));
#10176=CARTESIAN_POINT('Origin',(150.23819329534,224.298234427269,-180.956586180646));
#10177=CARTESIAN_POINT('',(150.238193295339,224.298234427269,-175.311534096835));
#10178=CARTESIAN_POINT('',(150.144977240861,225.363698805409,-175.404750151313));
#10179=CARTESIAN_POINT('',(150.238193295339,224.298234427269,-175.798777384417));
#10180=CARTESIAN_POINT('Origin',(148.468177984382,224.298234427269,-175.311534096835));
#10181=CARTESIAN_POINT('',(149.750950007756,224.298234427269,-175.311534096835));
#10182=CARTESIAN_POINT('',(149.67423714202,225.175066494935,-175.388246962571));
#10183=CARTESIAN_POINT('',(150.238193295339,224.298234427269,-175.311534096835));
#10184=CARTESIAN_POINT('Origin',(149.750950007757,224.298234427269,-180.956586180646));
#10185=CARTESIAN_POINT('',(149.750950007756,224.298234427269,-175.13302599977));
#10186=CARTESIAN_POINT('',(149.674125827881,225.176338821359,-175.056201819895));
#10187=CARTESIAN_POINT('',(149.750950007756,224.298234427269,-175.311534096835));
#10188=CARTESIAN_POINT('Origin',(148.468177984382,224.298234427269,-175.13302599977));
#10189=CARTESIAN_POINT('',(150.238193295339,224.298234427269,-175.13302599977));
#10190=CARTESIAN_POINT('',(150.144868844312,225.364937783635,-175.039701548743));
#10191=CARTESIAN_POINT('',(149.750950007756,224.298234427269,-175.13302599977));
#10192=CARTESIAN_POINT('Origin',(150.23819329534,224.298234427269,-180.956586180646));
#10193=CARTESIAN_POINT('',(150.238193295339,224.298234427269,-175.13302599977));
#10194=CARTESIAN_POINT('Origin',(148.468177984383,224.298234427269,-180.956586180646));
#10195=CARTESIAN_POINT('Origin',(147.168177984384,224.798234427269,-185.556586180646));
#10196=CARTESIAN_POINT('',(146.670684265831,224.798234427269,-185.506586180646));
#10197=CARTESIAN_POINT('',(147.668177984384,224.798234427269,-185.556586180646));
#10198=CARTESIAN_POINT('Origin',(147.168177984384,224.798234427269,-185.556586180646));
#10199=CARTESIAN_POINT('',(146.670684265831,224.998234427269,-185.506586180646));
#10200=CARTESIAN_POINT('',(146.670684265831,224.798234427269,-185.506586180646));
#10201=CARTESIAN_POINT('',(147.668177984384,224.998234427269,-185.556586180646));
#10202=CARTESIAN_POINT('Origin',(147.168177984384,224.998234427269,-185.556586180646));
#10203=CARTESIAN_POINT('',(147.668177984384,224.798234427269,-185.556586180646));
#10204=CARTESIAN_POINT('Origin',(150.385165879261,224.998234427269,-175.217857412983));
#10205=CARTESIAN_POINT('',(149.968177984382,224.998234427269,-176.450797259659));
#10206=CARTESIAN_POINT('',(150.385165879261,224.998234427269,-173.916312342692));
#10207=CARTESIAN_POINT('Origin',(150.385165879261,224.998234427269,-175.217857412983));
#10208=CARTESIAN_POINT('',(149.968177984382,224.798234427269,-176.450797259659));
#10209=CARTESIAN_POINT('',(149.968177984382,224.798234427269,-176.450797259659));
#10210=CARTESIAN_POINT('',(149.468177984382,224.798234427269,-176.141520106093));
#10211=CARTESIAN_POINT('Origin',(150.385165879261,224.798234427269,-175.217857412983));
#10212=CARTESIAN_POINT('',(149.468177984382,224.998234427269,-176.141520106093));
#10213=CARTESIAN_POINT('',(149.468177984382,224.798234427269,-176.141520106093));
#10214=CARTESIAN_POINT('',(149.313578562322,224.998234427269,-175.956586180646));
#10215=CARTESIAN_POINT('Origin',(150.385165879261,224.998234427269,-175.217857412983));
#10216=CARTESIAN_POINT('',(149.313578562322,224.798234427269,-175.956586180646));
#10217=CARTESIAN_POINT('',(149.313578562322,224.798234427269,-175.956586180646));
#10218=CARTESIAN_POINT('',(149.105701872152,224.798234427269,-175.456586180646));
#10219=CARTESIAN_POINT('Origin',(150.385165879261,224.798234427269,-175.217857412983));
#10220=CARTESIAN_POINT('',(149.105701872152,224.998234427269,-175.456586180646));
#10221=CARTESIAN_POINT('',(149.105701872152,224.798234427269,-175.456586180646));
#10222=CARTESIAN_POINT('Origin',(150.385165879261,224.998234427269,-175.217857412983));
#10223=CARTESIAN_POINT('',(150.385165879261,224.098234427269,-173.916312342692));
#10224=CARTESIAN_POINT('',(150.385165879261,224.998234427269,-173.916312342692));
#10225=CARTESIAN_POINT('Origin',(150.385165879261,224.098234427269,-175.217857412983));
#10226=CARTESIAN_POINT('Origin',(150.591180891651,224.998234427269,-180.956586180646));
#10227=CARTESIAN_POINT('',(150.591180891651,224.798234427269,-180.312576719015));
#10228=CARTESIAN_POINT('Origin',(150.591180891651,224.798234427269,-180.956586180646));
#10229=CARTESIAN_POINT('',(150.591180891651,224.098234427269,-180.312576719015));
#10230=CARTESIAN_POINT('',(150.591180891651,224.998234427269,-180.312576719015));
#10231=CARTESIAN_POINT('Origin',(150.591180891651,224.098234427269,-180.956586180646));
#10232=CARTESIAN_POINT('Origin',(150.385165879264,224.998234427269,-186.695314948308));
#10233=CARTESIAN_POINT('',(149.968177984384,224.998234427269,-185.462375101632));
#10234=CARTESIAN_POINT('',(150.385165879263,224.998234427269,-185.393769878017));
#10235=CARTESIAN_POINT('Origin',(150.385165879264,224.998234427269,-186.695314948308));
#10236=CARTESIAN_POINT('',(150.385165879263,224.098234427269,-185.393769878017));
#10237=CARTESIAN_POINT('',(150.385165879263,224.998234427269,-185.393769878017));
#10238=CARTESIAN_POINT('Origin',(150.385165879264,224.098234427269,-186.695314948308));
#10239=CARTESIAN_POINT('',(149.105701872154,224.998234427269,-186.456586180646));
#10240=CARTESIAN_POINT('Origin',(150.385165879264,224.998234427269,-186.695314948308));
#10241=CARTESIAN_POINT('',(149.105701872154,224.798234427269,-186.456586180646));
#10242=CARTESIAN_POINT('',(149.105701872154,224.798234427269,-186.456586180646));
#10243=CARTESIAN_POINT('',(149.313578562324,224.798234427269,-185.956586180646));
#10244=CARTESIAN_POINT('Origin',(150.385165879264,224.798234427269,-186.695314948308));
#10245=CARTESIAN_POINT('',(149.313578562324,224.998234427269,-185.956586180646));
#10246=CARTESIAN_POINT('',(149.313578562324,224.798234427269,-185.956586180646));
#10247=CARTESIAN_POINT('',(149.468177984384,224.998234427269,-185.771652255199));
#10248=CARTESIAN_POINT('Origin',(150.385165879264,224.998234427269,-186.695314948308));
#10249=CARTESIAN_POINT('',(149.468177984384,224.798234427269,-185.771652255199));
#10250=CARTESIAN_POINT('',(149.468177984384,224.798234427269,-185.771652255199));
#10251=CARTESIAN_POINT('',(149.968177984384,224.798234427269,-185.462375101632));
#10252=CARTESIAN_POINT('Origin',(150.385165879264,224.798234427269,-186.695314948308));
#10253=CARTESIAN_POINT('',(149.968177984384,224.798234427269,-185.462375101632));
#10254=CARTESIAN_POINT('Origin',(148.468177984383,224.998234427269,-180.956586180646));
#10255=CARTESIAN_POINT('',(144.468177984382,224.998234427269,-175.456586180647));
#10256=CARTESIAN_POINT('',(149.105701872152,224.998234427269,-175.456586180646));
#10257=CARTESIAN_POINT('',(144.468177984381,224.998234427269,-171.356586180647));
#10258=CARTESIAN_POINT('',(144.468177984382,224.998234427269,-175.456586180647));
#10259=CARTESIAN_POINT('',(144.868177984381,224.99823442727,-170.956586180647));
#10260=CARTESIAN_POINT('',(144.468177984381,224.998234427269,-171.356586180647));
#10261=CARTESIAN_POINT('',(151.168177984381,224.99823442727,-170.956586180645));
#10262=CARTESIAN_POINT('',(144.868177984381,224.99823442727,-170.956586180647));
#10263=CARTESIAN_POINT('',(152.168177984381,224.998234427269,-171.956586180645));
#10264=CARTESIAN_POINT('',(151.168177984381,224.99823442727,-170.956586180645));
#10265=CARTESIAN_POINT('',(152.168177984383,224.998234427269,-179.536820203729));
#10266=CARTESIAN_POINT('',(152.168177984383,224.998234427269,-179.536820203729));
#10267=CARTESIAN_POINT('',(149.968177984383,224.998234427269,-179.536820203729));
#10268=CARTESIAN_POINT('',(152.168177984383,224.998234427269,-179.536820203729));
#10269=CARTESIAN_POINT('',(149.968177984382,224.998234427269,-176.450797259659));
#10270=CARTESIAN_POINT('Origin',(144.468177984383,224.998234427269,-180.956586180647));
#10271=CARTESIAN_POINT('',(144.468177984382,224.798234427269,-175.456586180647));
#10272=CARTESIAN_POINT('',(144.468177984382,224.798234427269,-175.456586180647));
#10273=CARTESIAN_POINT('',(144.468177984382,224.798234427269,-175.956586180647));
#10274=CARTESIAN_POINT('',(144.468177984382,224.798234427269,-175.956586180647));
#10275=CARTESIAN_POINT('',(144.468177984382,224.998234427269,-175.956586180647));
#10276=CARTESIAN_POINT('',(144.468177984382,224.798234427269,-175.956586180647));
#10277=CARTESIAN_POINT('',(144.468177984382,224.998234427269,-176.056586180647));
#10278=CARTESIAN_POINT('',(144.468177984382,224.998234427269,-176.056586180647));
#10279=CARTESIAN_POINT('',(144.468177984382,224.098234427269,-176.056586180647));
#10280=CARTESIAN_POINT('',(144.468177984382,224.998234427269,-176.056586180647));
#10281=CARTESIAN_POINT('',(144.468177984381,224.09823442727,-171.356586180647));
#10282=CARTESIAN_POINT('',(144.468177984382,224.098234427269,-176.056586180647));
#10283=CARTESIAN_POINT('',(144.468177984381,224.09823442727,-171.356586180647));
#10284=CARTESIAN_POINT('Origin',(148.468177984383,224.998234427269,-180.956586180646));
#10285=CARTESIAN_POINT('',(147.668177984382,224.998234427269,-175.956586180646));
#10286=CARTESIAN_POINT('',(149.313578562322,224.998234427269,-175.956586180646));
#10287=CARTESIAN_POINT('',(149.468177984382,224.998234427269,-176.141520106093));
#10288=CARTESIAN_POINT('',(147.668177984384,224.998234427269,-185.956586180646));
#10289=CARTESIAN_POINT('',(149.313578562324,224.998234427269,-185.956586180646));
#10290=CARTESIAN_POINT('',(147.668177984384,224.998234427269,-185.556586180646));
#10291=CARTESIAN_POINT('',(146.670684265831,224.998234427269,-185.956586180646));
#10292=CARTESIAN_POINT('',(146.670684265831,224.998234427269,-185.506586180646));
#10293=CARTESIAN_POINT('',(144.468177984384,224.998234427269,-185.956586180647));
#10294=CARTESIAN_POINT('',(146.670684265831,224.998234427269,-185.956586180646));
#10295=CARTESIAN_POINT('',(144.468177984384,224.998234427269,-185.856586180647));
#10296=CARTESIAN_POINT('',(144.468177984384,224.998234427269,-185.956586180647));
#10297=CARTESIAN_POINT('',(144.868177984384,224.998234427269,-185.456586180647));
#10298=CARTESIAN_POINT('',(144.468177984384,224.998234427269,-185.856586180647));
#10299=CARTESIAN_POINT('',(146.173190547277,224.998234427269,-185.456586180647));
#10300=CARTESIAN_POINT('',(144.868177984384,224.998234427269,-185.456586180647));
#10301=CARTESIAN_POINT('',(146.918177984384,224.998234427269,-184.588340344095));
#10302=CARTESIAN_POINT('Origin',(147.168177984384,224.998234427269,-185.556586180646));
#10303=CARTESIAN_POINT('',(146.918177984384,224.998234427269,-184.088340344095));
#10304=CARTESIAN_POINT('',(146.918177984384,224.998234427269,-184.588340344095));
#10305=CARTESIAN_POINT('',(147.418177984384,224.998234427269,-184.088340344094));
#10306=CARTESIAN_POINT('',(146.918177984384,224.998234427269,-184.088340344095));
#10307=CARTESIAN_POINT('',(147.418177984384,224.998234427269,-184.588340344094));
#10308=CARTESIAN_POINT('',(147.418177984384,224.998234427269,-184.588340344094));
#10309=CARTESIAN_POINT('',(148.163165421491,224.998234427269,-185.456586180646));
#10310=CARTESIAN_POINT('Origin',(147.168177984384,224.998234427269,-185.556586180646));
#10311=CARTESIAN_POINT('',(148.968177984384,224.998234427269,-185.456586180646));
#10312=CARTESIAN_POINT('',(148.163165421491,224.998234427269,-185.456586180646));
#10313=CARTESIAN_POINT('',(148.968177984382,224.998234427269,-176.456586180646));
#10314=CARTESIAN_POINT('',(148.968177984384,224.998234427269,-185.456586180646));
#10315=CARTESIAN_POINT('',(148.163165421489,224.998234427269,-176.456586180646));
#10316=CARTESIAN_POINT('',(148.163165421489,224.998234427269,-176.456586180646));
#10317=CARTESIAN_POINT('',(147.418177984382,224.998234427269,-177.324832017198));
#10318=CARTESIAN_POINT('Origin',(147.168177984382,224.998234427269,-176.356586180646));
#10319=CARTESIAN_POINT('',(147.418177984382,224.998234427269,-177.824832017198));
#10320=CARTESIAN_POINT('',(147.418177984382,224.998234427269,-177.324832017198));
#10321=CARTESIAN_POINT('',(146.918177984382,224.998234427269,-177.824832017198));
#10322=CARTESIAN_POINT('',(146.918177984382,224.998234427269,-177.824832017198));
#10323=CARTESIAN_POINT('',(146.918177984382,224.998234427269,-177.324832017198));
#10324=CARTESIAN_POINT('',(146.918177984382,224.998234427269,-177.324832017198));
#10325=CARTESIAN_POINT('',(146.173190547275,224.998234427269,-176.456586180647));
#10326=CARTESIAN_POINT('Origin',(147.168177984382,224.998234427269,-176.356586180646));
#10327=CARTESIAN_POINT('',(144.868177984382,224.998234427269,-176.456586180647));
#10328=CARTESIAN_POINT('',(144.868177984382,224.998234427269,-176.456586180647));
#10329=CARTESIAN_POINT('',(144.868177984382,224.998234427269,-176.456586180647));
#10330=CARTESIAN_POINT('',(146.670684265829,224.998234427269,-175.956586180646));
#10331=CARTESIAN_POINT('',(146.670684265829,224.998234427269,-175.956586180646));
#10332=CARTESIAN_POINT('',(146.670684265829,224.998234427269,-176.406586180646));
#10333=CARTESIAN_POINT('',(146.670684265829,224.998234427269,-176.406586180646));
#10334=CARTESIAN_POINT('',(147.668177984382,224.998234427269,-176.356586180646));
#10335=CARTESIAN_POINT('Origin',(147.168177984382,224.998234427269,-176.356586180646));
#10336=CARTESIAN_POINT('',(147.668177984382,224.998234427269,-176.356586180646));
#10337=CARTESIAN_POINT('Origin',(144.468177984383,224.998234427269,-180.956586180647));
#10338=CARTESIAN_POINT('',(144.468177984384,224.798234427269,-185.956586180647));
#10339=CARTESIAN_POINT('',(144.468177984384,224.798234427269,-185.956586180647));
#10340=CARTESIAN_POINT('',(144.468177984384,224.798234427269,-186.456586180647));
#10341=CARTESIAN_POINT('',(144.468177984384,224.798234427269,-186.456586180647));
#10342=CARTESIAN_POINT('',(144.468177984384,224.998234427269,-186.456586180647));
#10343=CARTESIAN_POINT('',(144.468177984384,224.798234427269,-186.456586180647));
#10344=CARTESIAN_POINT('',(144.468177984385,224.998234427268,-190.556586180647));
#10345=CARTESIAN_POINT('',(144.468177984385,224.998234427268,-190.556586180647));
#10346=CARTESIAN_POINT('',(144.468177984385,224.098234427268,-190.556586180647));
#10347=CARTESIAN_POINT('',(144.468177984385,224.998234427268,-190.556586180647));
#10348=CARTESIAN_POINT('',(144.468177984384,224.098234427269,-185.856586180647));
#10349=CARTESIAN_POINT('',(144.468177984385,224.098234427268,-190.556586180647));
#10350=CARTESIAN_POINT('',(144.468177984384,224.098234427269,-185.856586180647));
#10351=CARTESIAN_POINT('Origin',(148.468177984383,224.998234427269,-180.956586180646));
#10352=CARTESIAN_POINT('',(149.105701872154,224.998234427269,-186.456586180646));
#10353=CARTESIAN_POINT('',(149.968177984383,224.998234427269,-182.376352157562));
#10354=CARTESIAN_POINT('',(149.968177984383,224.998234427269,-182.376352157562));
#10355=CARTESIAN_POINT('',(152.168177984383,224.998234427269,-182.376352157561));
#10356=CARTESIAN_POINT('',(152.168177984383,224.998234427269,-182.376352157561));
#10357=CARTESIAN_POINT('',(152.168177984385,224.998234427268,-189.956586180645));
#10358=CARTESIAN_POINT('',(152.168177984385,224.998234427268,-189.956586180645));
#10359=CARTESIAN_POINT('',(151.168177984385,224.998234427268,-190.956586180645));
#10360=CARTESIAN_POINT('',(152.168177984385,224.998234427268,-189.956586180645));
#10361=CARTESIAN_POINT('',(144.868177984385,224.998234427268,-190.956586180647));
#10362=CARTESIAN_POINT('',(144.868177984385,224.998234427268,-190.956586180647));
#10363=CARTESIAN_POINT('',(144.868177984385,224.998234427268,-190.956586180647));
#10364=CARTESIAN_POINT('Origin',(148.468177984382,224.998234427269,-176.456586180646));
#10365=CARTESIAN_POINT('',(148.163165421489,224.098234427269,-176.456586180646));
#10366=CARTESIAN_POINT('',(148.968177984382,224.098234427269,-176.456586180646));
#10367=CARTESIAN_POINT('',(148.163165421489,224.098234427269,-176.456586180646));
#10368=CARTESIAN_POINT('',(148.163165421489,224.998234427269,-176.456586180646));
#10369=CARTESIAN_POINT('',(148.968177984382,224.998234427269,-176.456586180646));
#10370=CARTESIAN_POINT('Origin',(147.168177984382,224.998234427269,-176.356586180646));
#10371=CARTESIAN_POINT('',(147.418177984382,224.098234427269,-177.324832017198));
#10372=CARTESIAN_POINT('Origin',(147.168177984382,224.098234427269,-176.356586180646));
#10373=CARTESIAN_POINT('',(147.418177984382,224.998234427269,-177.324832017198));
#10374=CARTESIAN_POINT('Origin',(147.418177984383,224.998234427269,-180.956586180646));
#10375=CARTESIAN_POINT('',(147.418177984382,224.098234427269,-177.824832017198));
#10376=CARTESIAN_POINT('',(147.418177984382,224.098234427269,-177.324832017198));
#10377=CARTESIAN_POINT('',(147.418177984382,224.998234427269,-177.824832017198));
#10378=CARTESIAN_POINT('Origin',(148.468177984382,224.998234427269,-177.824832017198));
#10379=CARTESIAN_POINT('',(146.918177984382,224.098234427269,-177.824832017198));
#10380=CARTESIAN_POINT('',(146.918177984382,224.098234427269,-177.824832017198));
#10381=CARTESIAN_POINT('',(146.918177984382,224.998234427269,-177.824832017198));
#10382=CARTESIAN_POINT('Origin',(146.918177984383,224.998234427269,-180.956586180646));
#10383=CARTESIAN_POINT('',(146.918177984382,224.098234427269,-177.324832017198));
#10384=CARTESIAN_POINT('',(146.918177984382,224.098234427269,-177.324832017198));
#10385=CARTESIAN_POINT('',(146.918177984382,224.998234427269,-177.324832017198));
#10386=CARTESIAN_POINT('Origin',(147.168177984382,224.998234427269,-176.356586180646));
#10387=CARTESIAN_POINT('',(146.173190547275,224.098234427269,-176.456586180646));
#10388=CARTESIAN_POINT('Origin',(147.168177984382,224.098234427269,-176.356586180646));
#10389=CARTESIAN_POINT('',(146.173190547275,224.998234427269,-176.456586180647));
#10390=CARTESIAN_POINT('Origin',(148.468177984382,224.998234427269,-176.456586180646));
#10391=CARTESIAN_POINT('',(144.868177984382,224.098234427269,-176.456586180647));
#10392=CARTESIAN_POINT('',(144.868177984382,224.098234427269,-176.456586180647));
#10393=CARTESIAN_POINT('',(144.868177984382,224.098234427269,-176.456586180647));
#10394=CARTESIAN_POINT('Origin',(148.468177984381,224.99823442727,-170.956586180646));
#10395=CARTESIAN_POINT('',(144.868177984381,224.09823442727,-170.956586180647));
#10396=CARTESIAN_POINT('',(144.868177984381,224.99823442727,-170.956586180647));
#10397=CARTESIAN_POINT('',(151.168177984381,224.09823442727,-170.956586180645));
#10398=CARTESIAN_POINT('',(144.868177984381,224.09823442727,-170.956586180647));
#10399=CARTESIAN_POINT('',(151.168177984381,224.09823442727,-170.956586180645));
#10400=CARTESIAN_POINT('Origin',(152.168177984383,224.998234427269,-180.956586180645));
#10401=CARTESIAN_POINT('',(152.168177984383,224.798234427269,-182.376352157561));
#10402=CARTESIAN_POINT('',(152.168177984383,224.798234427269,-182.376352157561));
#10403=CARTESIAN_POINT('',(152.168177984383,224.798234427269,-179.536820203729));
#10404=CARTESIAN_POINT('',(152.168177984383,224.798234427269,-179.536820203729));
#10405=CARTESIAN_POINT('',(152.168177984383,224.798234427269,-179.536820203729));
#10406=CARTESIAN_POINT('',(152.168177984381,224.098234427269,-171.956586180645));
#10407=CARTESIAN_POINT('',(152.168177984381,224.998234427269,-171.956586180645));
#10408=CARTESIAN_POINT('',(152.168177984385,224.098234427268,-189.956586180645));
#10409=CARTESIAN_POINT('',(152.168177984385,224.098234427268,-189.956586180645));
#10410=CARTESIAN_POINT('',(152.168177984385,224.098234427268,-189.956586180645));
#10411=CARTESIAN_POINT('Origin',(148.468177984385,224.998234427268,-190.956586180646));
#10412=CARTESIAN_POINT('',(144.868177984385,224.098234427268,-190.956586180647));
#10413=CARTESIAN_POINT('',(151.168177984385,224.098234427268,-190.956586180645));
#10414=CARTESIAN_POINT('',(144.868177984385,224.098234427268,-190.956586180647));
#10415=CARTESIAN_POINT('',(144.868177984385,224.098234427268,-190.956586180647));
#10416=CARTESIAN_POINT('',(151.168177984385,224.998234427268,-190.956586180645));
#10417=CARTESIAN_POINT('Origin',(148.468177984384,224.998234427269,-185.456586180646));
#10418=CARTESIAN_POINT('',(144.868177984384,224.098234427269,-185.456586180647));
#10419=CARTESIAN_POINT('',(144.868177984384,224.998234427269,-185.456586180647));
#10420=CARTESIAN_POINT('',(146.173190547277,224.098234427269,-185.456586180646));
#10421=CARTESIAN_POINT('',(144.868177984384,224.098234427269,-185.456586180647));
#10422=CARTESIAN_POINT('',(146.173190547277,224.998234427269,-185.456586180647));
#10423=CARTESIAN_POINT('Origin',(147.168177984384,224.998234427269,-185.556586180646));
#10424=CARTESIAN_POINT('',(146.918177984384,224.098234427269,-184.588340344094));
#10425=CARTESIAN_POINT('Origin',(147.168177984384,224.098234427269,-185.556586180646));
#10426=CARTESIAN_POINT('',(146.918177984384,224.998234427269,-184.588340344095));
#10427=CARTESIAN_POINT('Origin',(146.918177984383,224.998234427269,-180.956586180646));
#10428=CARTESIAN_POINT('',(146.918177984384,224.098234427269,-184.088340344094));
#10429=CARTESIAN_POINT('',(146.918177984384,224.098234427269,-184.588340344094));
#10430=CARTESIAN_POINT('',(146.918177984384,224.998234427269,-184.088340344095));
#10431=CARTESIAN_POINT('Origin',(148.468177984384,224.998234427269,-184.088340344094));
#10432=CARTESIAN_POINT('',(147.418177984384,224.098234427269,-184.088340344094));
#10433=CARTESIAN_POINT('',(146.918177984384,224.098234427269,-184.088340344094));
#10434=CARTESIAN_POINT('',(147.418177984384,224.998234427269,-184.088340344094));
#10435=CARTESIAN_POINT('Origin',(147.418177984383,224.998234427269,-180.956586180646));
#10436=CARTESIAN_POINT('',(147.418177984384,224.098234427269,-184.588340344094));
#10437=CARTESIAN_POINT('',(147.418177984384,224.098234427269,-184.588340344094));
#10438=CARTESIAN_POINT('',(147.418177984384,224.998234427269,-184.588340344094));
#10439=CARTESIAN_POINT('Origin',(147.168177984384,224.998234427269,-185.556586180646));
#10440=CARTESIAN_POINT('',(148.163165421491,224.098234427269,-185.456586180646));
#10441=CARTESIAN_POINT('Origin',(147.168177984384,224.098234427269,-185.556586180646));
#10442=CARTESIAN_POINT('',(148.163165421491,224.998234427269,-185.456586180646));
#10443=CARTESIAN_POINT('Origin',(148.468177984384,224.998234427269,-185.456586180646));
#10444=CARTESIAN_POINT('',(148.968177984384,224.098234427269,-185.456586180646));
#10445=CARTESIAN_POINT('',(148.163165421491,224.098234427269,-185.456586180646));
#10446=CARTESIAN_POINT('',(148.968177984384,224.998234427269,-185.456586180646));
#10447=CARTESIAN_POINT('Origin',(148.968177984383,224.998234427269,-180.956586180646));
#10448=CARTESIAN_POINT('',(148.968177984384,224.098234427269,-185.456586180646));
#10449=CARTESIAN_POINT('Origin',(148.468177984383,224.098234427269,-180.956586180646));
#10450=CARTESIAN_POINT('',(144.468177984382,224.098234427269,-176.056586180647));
#10451=CARTESIAN_POINT('',(144.868177984384,224.098234427269,-185.456586180647));
#10452=CARTESIAN_POINT('',(144.468177984385,224.098234427268,-190.556586180647));
#10453=CARTESIAN_POINT('',(151.168177984385,224.098234427268,-190.956586180645));
#10454=CARTESIAN_POINT('',(152.168177984381,224.098234427269,-171.956586180645));
#10455=CARTESIAN_POINT('',(144.868177984381,224.09823442727,-170.956586180647));
#10456=CARTESIAN_POINT('Origin',(152.168177984381,224.998234427269,-171.956586180645));
#10457=CARTESIAN_POINT('Origin',(151.168177984385,224.998234427268,-190.956586180645));
#10458=CARTESIAN_POINT('Origin',(144.468177984382,224.998234427269,-176.056586180647));
#10459=CARTESIAN_POINT('Origin',(144.868177984381,224.99823442727,-170.956586180647));
#10460=CARTESIAN_POINT('Origin',(144.868177984384,224.998234427269,-185.456586180647));
#10461=CARTESIAN_POINT('Origin',(144.468177984385,224.998234427268,-190.556586180647));
#10462=CARTESIAN_POINT('Origin',(148.468177984383,224.798234427269,-182.376352157562));
#10463=CARTESIAN_POINT('',(149.968177984383,224.798234427269,-182.376352157562));
#10464=CARTESIAN_POINT('',(149.968177984383,224.798234427269,-182.376352157562));
#10465=CARTESIAN_POINT('',(152.168177984383,224.798234427269,-182.376352157561));
#10466=CARTESIAN_POINT('Origin',(148.468177984383,224.798234427269,-179.53682020373));
#10467=CARTESIAN_POINT('',(149.968177984383,224.798234427269,-179.536820203729));
#10468=CARTESIAN_POINT('',(152.168177984383,224.798234427269,-179.536820203729));
#10469=CARTESIAN_POINT('',(149.968177984383,224.798234427269,-179.536820203729));
#10470=CARTESIAN_POINT('Origin',(149.968177984383,224.798234427269,-180.956586180646));
#10471=CARTESIAN_POINT('',(149.968177984382,224.798234427269,-176.450797259659));
#10472=CARTESIAN_POINT('Origin',(149.468177984383,224.798234427269,-180.956586180646));
#10473=CARTESIAN_POINT('',(149.468177984382,224.798234427269,-176.141520106093));
#10474=CARTESIAN_POINT('Origin',(149.968177984383,224.798234427269,-180.956586180646));
#10475=CARTESIAN_POINT('',(149.968177984383,224.798234427269,-182.376352157562));
#10476=CARTESIAN_POINT('Origin',(148.468177984383,224.798234427269,-180.956586180646));
#10477=CARTESIAN_POINT('Origin',(146.67068426583,224.798234427269,-180.956586180646));
#10478=CARTESIAN_POINT('',(146.670684265831,224.798234427269,-185.956586180646));
#10479=CARTESIAN_POINT('',(146.670684265831,224.798234427269,-185.506586180646));
#10480=CARTESIAN_POINT('',(146.670684265831,224.798234427269,-185.956586180646));
#10481=CARTESIAN_POINT('Origin',(148.468177984384,224.798234427269,-185.956586180646));
#10482=CARTESIAN_POINT('',(146.670684265831,224.798234427269,-185.956586180646));
#10483=CARTESIAN_POINT('Origin',(148.468177984384,224.798234427269,-186.456586180646));
#10484=CARTESIAN_POINT('',(149.105701872154,224.798234427269,-186.456586180646));
#10485=CARTESIAN_POINT('Origin',(148.468177984384,224.798234427269,-185.956586180646));
#10486=CARTESIAN_POINT('',(147.668177984384,224.798234427269,-185.956586180646));
#10487=CARTESIAN_POINT('',(149.313578562324,224.798234427269,-185.956586180646));
#10488=CARTESIAN_POINT('',(147.668177984384,224.798234427269,-185.956586180646));
#10489=CARTESIAN_POINT('Origin',(147.668177984383,224.798234427269,-180.956586180646));
#10490=CARTESIAN_POINT('',(147.668177984384,224.798234427269,-185.556586180646));
#10491=CARTESIAN_POINT('Origin',(148.468177984383,224.798234427269,-180.956586180646));
#10492=CARTESIAN_POINT('Origin',(147.168177984382,224.798234427269,-176.356586180646));
#10493=CARTESIAN_POINT('',(146.670684265829,224.798234427269,-176.406586180646));
#10494=CARTESIAN_POINT('',(146.670684265829,224.798234427269,-176.406586180646));
#10495=CARTESIAN_POINT('',(147.668177984382,224.798234427269,-176.356586180646));
#10496=CARTESIAN_POINT('Origin',(147.168177984382,224.798234427269,-176.356586180646));
#10497=CARTESIAN_POINT('',(147.668177984382,224.798234427269,-176.356586180646));
#10498=CARTESIAN_POINT('Origin',(147.668177984383,224.798234427269,-180.956586180646));
#10499=CARTESIAN_POINT('',(147.668177984382,224.798234427269,-175.956586180646));
#10500=CARTESIAN_POINT('',(147.668177984382,224.798234427269,-176.356586180646));
#10501=CARTESIAN_POINT('',(147.668177984382,224.798234427269,-175.956586180646));
#10502=CARTESIAN_POINT('Origin',(148.468177984382,224.798234427269,-175.956586180646));
#10503=CARTESIAN_POINT('',(149.313578562322,224.798234427269,-175.956586180646));
#10504=CARTESIAN_POINT('Origin',(148.468177984382,224.798234427269,-175.456586180646));
#10505=CARTESIAN_POINT('',(149.105701872152,224.798234427269,-175.456586180646));
#10506=CARTESIAN_POINT('Origin',(148.468177984382,224.798234427269,-175.956586180646));
#10507=CARTESIAN_POINT('',(146.670684265829,224.798234427269,-175.956586180646));
#10508=CARTESIAN_POINT('',(146.670684265829,224.798234427269,-175.956586180646));
#10509=CARTESIAN_POINT('',(146.670684265829,224.798234427269,-175.956586180646));
#10510=CARTESIAN_POINT('Origin',(146.67068426583,224.798234427269,-180.956586180646));
#10511=CARTESIAN_POINT('',(146.670684265829,224.798234427269,-176.406586180646));
#10512=CARTESIAN_POINT('Origin',(148.468177984383,224.798234427269,-180.956586180646));
#10513=CARTESIAN_POINT('Origin',(150.591180891651,185.998234427269,-180.956586180643));
#10514=CARTESIAN_POINT('',(150.591180891651,185.998234427269,-180.312576719013));
#10515=CARTESIAN_POINT('Origin',(150.591180891651,185.998234427269,-180.956586180643));
#10516=CARTESIAN_POINT('',(150.591180891651,190.098234427269,-180.312576719013));
#10517=CARTESIAN_POINT('',(150.591180891651,185.998234427269,-180.312576719013));
#10518=CARTESIAN_POINT('Origin',(150.591180891651,190.098234427269,-180.956586180644));
#10519=CARTESIAN_POINT('Origin',(147.168177984384,185.998234427269,-185.556586180644));
#10520=CARTESIAN_POINT('',(148.163165421491,185.998234427269,-185.456586180644));
#10521=CARTESIAN_POINT('',(146.173190547277,185.998234427269,-185.456586180644));
#10522=CARTESIAN_POINT('Origin',(147.168177984384,185.998234427269,-185.556586180644));
#10523=CARTESIAN_POINT('',(148.163165421491,190.098234427269,-185.456586180644));
#10524=CARTESIAN_POINT('',(148.163165421491,185.998234427269,-185.456586180644));
#10525=CARTESIAN_POINT('',(146.173190547277,190.098234427269,-185.456586180645));
#10526=CARTESIAN_POINT('Origin',(147.168177984384,190.098234427269,-185.556586180644));
#10527=CARTESIAN_POINT('',(146.173190547277,185.998234427269,-185.456586180644));
#10528=CARTESIAN_POINT('Origin',(147.168177984382,185.998234427269,-176.356586180644));
#10529=CARTESIAN_POINT('',(146.173190547275,190.098234427269,-176.456586180645));
#10530=CARTESIAN_POINT('',(148.163165421489,190.098234427269,-176.456586180644));
#10531=CARTESIAN_POINT('Origin',(147.168177984382,190.098234427269,-176.356586180644));
#10532=CARTESIAN_POINT('',(148.163165421489,185.998234427269,-176.456586180644));
#10533=CARTESIAN_POINT('',(148.163165421489,185.998234427269,-176.456586180644));
#10534=CARTESIAN_POINT('',(146.173190547275,185.998234427269,-176.456586180644));
#10535=CARTESIAN_POINT('Origin',(147.168177984382,185.998234427269,-176.356586180644));
#10536=CARTESIAN_POINT('',(146.173190547275,185.998234427269,-176.456586180644));
#10537=CARTESIAN_POINT('Origin',(148.468177984382,185.998234427269,-176.456586180644));
#10538=CARTESIAN_POINT('',(144.868177984382,190.098234427269,-176.456586180645));
#10539=CARTESIAN_POINT('',(144.868177984382,190.098234427269,-176.456586180645));
#10540=CARTESIAN_POINT('',(144.868177984382,185.998234427269,-176.456586180645));
#10541=CARTESIAN_POINT('',(144.868177984382,185.998234427269,-176.456586180645));
#10542=CARTESIAN_POINT('',(144.868177984382,190.098234427269,-176.456586180645));
#10543=CARTESIAN_POINT('Origin',(144.468177984383,185.998234427269,-180.956586180645));
#10544=CARTESIAN_POINT('',(144.468177984382,185.998234427269,-176.056586180645));
#10545=CARTESIAN_POINT('',(144.468177984381,185.998234427269,-171.356586180645));
#10546=CARTESIAN_POINT('',(144.468177984382,185.998234427269,-176.056586180645));
#10547=CARTESIAN_POINT('',(144.468177984381,190.09823442727,-171.356586180645));
#10548=CARTESIAN_POINT('',(144.468177984381,190.09823442727,-171.356586180645));
#10549=CARTESIAN_POINT('',(144.468177984382,190.098234427269,-176.056586180645));
#10550=CARTESIAN_POINT('',(144.468177984382,190.098234427269,-176.056586180645));
#10551=CARTESIAN_POINT('',(144.468177984382,185.998234427269,-176.056586180645));
#10552=CARTESIAN_POINT('Origin',(148.468177984381,185.99823442727,-170.956586180644));
#10553=CARTESIAN_POINT('',(144.868177984381,185.99823442727,-170.956586180645));
#10554=CARTESIAN_POINT('',(151.168177984381,185.99823442727,-170.956586180643));
#10555=CARTESIAN_POINT('',(144.868177984381,185.99823442727,-170.956586180645));
#10556=CARTESIAN_POINT('',(151.168177984381,190.09823442727,-170.956586180644));
#10557=CARTESIAN_POINT('',(151.168177984381,190.09823442727,-170.956586180644));
#10558=CARTESIAN_POINT('',(144.868177984381,190.09823442727,-170.956586180645));
#10559=CARTESIAN_POINT('',(144.868177984381,190.09823442727,-170.956586180645));
#10560=CARTESIAN_POINT('',(144.868177984381,185.99823442727,-170.956586180645));
#10561=CARTESIAN_POINT('Origin',(152.168177984383,185.998234427269,-180.956586180643));
#10562=CARTESIAN_POINT('',(152.168177984385,190.098234427268,-189.956586180643));
#10563=CARTESIAN_POINT('',(152.168177984381,190.098234427269,-171.956586180643));
#10564=CARTESIAN_POINT('',(152.168177984385,190.098234427268,-189.956586180643));
#10565=CARTESIAN_POINT('',(152.168177984381,185.998234427269,-171.956586180643));
#10566=CARTESIAN_POINT('',(152.168177984381,185.998234427269,-171.956586180643));
#10567=CARTESIAN_POINT('',(152.168177984385,185.998234427268,-189.956586180643));
#10568=CARTESIAN_POINT('',(152.168177984385,185.998234427268,-189.956586180643));
#10569=CARTESIAN_POINT('',(152.168177984385,190.098234427268,-189.956586180643));
#10570=CARTESIAN_POINT('Origin',(148.468177984385,185.998234427268,-190.956586180644));
#10571=CARTESIAN_POINT('',(144.868177984385,190.098234427268,-190.956586180645));
#10572=CARTESIAN_POINT('',(151.168177984385,190.098234427268,-190.956586180644));
#10573=CARTESIAN_POINT('',(144.868177984385,190.098234427268,-190.956586180645));
#10574=CARTESIAN_POINT('',(151.168177984385,185.998234427268,-190.956586180643));
#10575=CARTESIAN_POINT('',(151.168177984385,185.998234427268,-190.956586180643));
#10576=CARTESIAN_POINT('',(144.868177984385,185.998234427268,-190.956586180645));
#10577=CARTESIAN_POINT('',(144.868177984385,185.998234427268,-190.956586180645));
#10578=CARTESIAN_POINT('',(144.868177984385,190.098234427268,-190.956586180645));
#10579=CARTESIAN_POINT('Origin',(144.468177984383,185.998234427269,-180.956586180645));
#10580=CARTESIAN_POINT('',(144.468177984385,185.998234427268,-190.556586180645));
#10581=CARTESIAN_POINT('',(144.468177984384,185.998234427269,-185.856586180645));
#10582=CARTESIAN_POINT('',(144.468177984385,185.998234427268,-190.556586180645));
#10583=CARTESIAN_POINT('',(144.468177984384,190.098234427269,-185.856586180645));
#10584=CARTESIAN_POINT('',(144.468177984384,190.098234427269,-185.856586180645));
#10585=CARTESIAN_POINT('',(144.468177984385,190.098234427268,-190.556586180645));
#10586=CARTESIAN_POINT('',(144.468177984385,190.098234427268,-190.556586180645));
#10587=CARTESIAN_POINT('',(144.468177984385,185.998234427268,-190.556586180645));
#10588=CARTESIAN_POINT('Origin',(148.468177984384,185.998234427269,-185.456586180644));
#10589=CARTESIAN_POINT('',(144.868177984384,185.998234427269,-185.456586180645));
#10590=CARTESIAN_POINT('',(144.868177984384,185.998234427269,-185.456586180645));
#10591=CARTESIAN_POINT('',(144.868177984384,190.098234427269,-185.456586180645));
#10592=CARTESIAN_POINT('',(144.868177984384,190.098234427269,-185.456586180645));
#10593=CARTESIAN_POINT('',(144.868177984384,185.998234427269,-185.456586180645));
#10594=CARTESIAN_POINT('Origin',(148.468177984384,185.998234427269,-185.456586180644));
#10595=CARTESIAN_POINT('',(148.968177984384,190.098234427269,-185.456586180644));
#10596=CARTESIAN_POINT('',(148.163165421491,190.098234427269,-185.456586180644));
#10597=CARTESIAN_POINT('',(148.968177984384,185.998234427269,-185.456586180644));
#10598=CARTESIAN_POINT('',(148.163165421491,185.998234427269,-185.456586180644));
#10599=CARTESIAN_POINT('',(148.968177984384,185.998234427269,-185.456586180644));
#10600=CARTESIAN_POINT('Origin',(148.968177984383,185.998234427269,-180.956586180644));
#10601=CARTESIAN_POINT('',(148.968177984382,190.098234427269,-176.456586180644));
#10602=CARTESIAN_POINT('',(148.968177984384,190.098234427269,-185.456586180644));
#10603=CARTESIAN_POINT('',(148.968177984382,185.998234427269,-176.456586180644));
#10604=CARTESIAN_POINT('',(148.968177984384,185.998234427269,-185.456586180644));
#10605=CARTESIAN_POINT('',(148.968177984382,185.998234427269,-176.456586180644));
#10606=CARTESIAN_POINT('Origin',(148.468177984382,185.998234427269,-176.456586180644));
#10607=CARTESIAN_POINT('',(148.163165421489,190.098234427269,-176.456586180644));
#10608=CARTESIAN_POINT('',(148.163165421489,185.998234427269,-176.456586180644));
#10609=CARTESIAN_POINT('Origin',(148.468177984383,185.998234427269,-180.956586180644));
#10610=CARTESIAN_POINT('',(152.168177984385,185.998234427268,-189.956586180643));
#10611=CARTESIAN_POINT('',(151.168177984381,185.99823442727,-170.956586180643));
#10612=CARTESIAN_POINT('',(144.468177984381,185.998234427269,-171.356586180645));
#10613=CARTESIAN_POINT('',(144.868177984382,185.998234427269,-176.456586180645));
#10614=CARTESIAN_POINT('',(144.468177984384,185.998234427269,-185.856586180645));
#10615=CARTESIAN_POINT('',(144.868177984385,185.998234427268,-190.956586180645));
#10616=CARTESIAN_POINT('Origin',(148.468177984383,190.098234427269,-180.956586180644));
#10617=CARTESIAN_POINT('',(144.868177984384,190.098234427269,-185.456586180645));
#10618=CARTESIAN_POINT('',(144.468177984382,190.098234427269,-176.056586180645));
#10619=CARTESIAN_POINT('',(144.868177984381,190.09823442727,-170.956586180645));
#10620=CARTESIAN_POINT('',(152.168177984381,190.098234427269,-171.956586180643));
#10621=CARTESIAN_POINT('',(151.168177984385,190.098234427268,-190.956586180644));
#10622=CARTESIAN_POINT('',(144.468177984385,190.098234427268,-190.556586180645));
#10623=CARTESIAN_POINT('Origin',(151.168177984385,185.998234427268,-190.956586180643));
#10624=CARTESIAN_POINT('Origin',(152.168177984381,185.998234427269,-171.956586180643));
#10625=CARTESIAN_POINT('Origin',(144.468177984385,185.998234427268,-190.556586180645));
#10626=CARTESIAN_POINT('Origin',(144.868177984384,185.998234427269,-185.456586180645));
#10627=CARTESIAN_POINT('Origin',(144.468177984382,185.998234427269,-176.056586180645));
#10628=CARTESIAN_POINT('Origin',(144.868177984381,185.99823442727,-170.956586180645));
#10629=CARTESIAN_POINT('Origin',(147.168177984384,185.298234427269,-185.556586180644));
#10630=CARTESIAN_POINT('',(146.670684265831,185.298234427269,-185.506586180644));
#10631=CARTESIAN_POINT('',(147.668177984384,185.298234427269,-185.556586180644));
#10632=CARTESIAN_POINT('Origin',(147.168177984384,185.298234427269,-185.556586180644));
#10633=CARTESIAN_POINT('',(147.668177984384,185.098234427269,-185.556586180644));
#10634=CARTESIAN_POINT('',(147.668177984384,185.298234427269,-185.556586180644));
#10635=CARTESIAN_POINT('',(146.670684265831,185.098234427269,-185.506586180644));
#10636=CARTESIAN_POINT('Origin',(147.168177984384,185.098234427269,-185.556586180644));
#10637=CARTESIAN_POINT('',(146.670684265831,185.298234427269,-185.506586180644));
#10638=CARTESIAN_POINT('Origin',(150.385165879261,185.098234427269,-175.217857412981));
#10639=CARTESIAN_POINT('',(149.968177984382,185.098234427269,-176.450797259657));
#10640=CARTESIAN_POINT('',(150.385165879261,185.098234427269,-173.91631234269));
#10641=CARTESIAN_POINT('Origin',(150.385165879261,185.098234427269,-175.217857412981));
#10642=CARTESIAN_POINT('',(150.385165879261,185.998234427269,-173.91631234269));
#10643=CARTESIAN_POINT('',(150.385165879261,185.098234427269,-173.91631234269));
#10644=CARTESIAN_POINT('Origin',(150.385165879261,185.998234427269,-175.217857412981));
#10645=CARTESIAN_POINT('',(149.105701872152,185.098234427269,-175.456586180644));
#10646=CARTESIAN_POINT('Origin',(150.385165879261,185.098234427269,-175.217857412981));
#10647=CARTESIAN_POINT('',(149.105701872152,185.298234427269,-175.456586180644));
#10648=CARTESIAN_POINT('',(149.105701872152,185.298234427269,-175.456586180644));
#10649=CARTESIAN_POINT('',(149.313578562322,185.298234427269,-175.956586180644));
#10650=CARTESIAN_POINT('Origin',(150.385165879261,185.298234427269,-175.217857412981));
#10651=CARTESIAN_POINT('',(149.313578562322,185.098234427269,-175.956586180644));
#10652=CARTESIAN_POINT('',(149.313578562322,185.298234427269,-175.956586180644));
#10653=CARTESIAN_POINT('',(149.468177984382,185.098234427269,-176.141520106091));
#10654=CARTESIAN_POINT('Origin',(150.385165879261,185.098234427269,-175.217857412981));
#10655=CARTESIAN_POINT('',(149.468177984382,185.298234427269,-176.141520106091));
#10656=CARTESIAN_POINT('',(149.468177984382,185.298234427269,-176.141520106091));
#10657=CARTESIAN_POINT('',(149.968177984382,185.298234427269,-176.450797259657));
#10658=CARTESIAN_POINT('Origin',(150.385165879261,185.298234427269,-175.217857412981));
#10659=CARTESIAN_POINT('',(149.968177984382,185.298234427269,-176.450797259657));
#10660=CARTESIAN_POINT('Origin',(150.591180891651,185.098234427269,-180.956586180643));
#10661=CARTESIAN_POINT('',(150.591180891651,185.298234427269,-180.312576719013));
#10662=CARTESIAN_POINT('Origin',(150.591180891651,185.298234427269,-180.956586180643));
#10663=CARTESIAN_POINT('',(150.591180891651,185.998234427269,-180.312576719013));
#10664=CARTESIAN_POINT('',(150.591180891651,185.098234427269,-180.312576719013));
#10665=CARTESIAN_POINT('Origin',(150.591180891651,185.998234427269,-180.956586180643));
#10666=CARTESIAN_POINT('Origin',(150.385165879264,185.098234427269,-186.695314948306));
#10667=CARTESIAN_POINT('',(149.968177984384,185.098234427269,-185.46237510163));
#10668=CARTESIAN_POINT('',(150.385165879263,185.098234427269,-185.393769878015));
#10669=CARTESIAN_POINT('Origin',(150.385165879264,185.098234427269,-186.695314948306));
#10670=CARTESIAN_POINT('',(149.968177984384,185.298234427269,-185.46237510163));
#10671=CARTESIAN_POINT('',(149.968177984384,185.298234427269,-185.46237510163));
#10672=CARTESIAN_POINT('',(149.468177984384,185.298234427269,-185.771652255197));
#10673=CARTESIAN_POINT('Origin',(150.385165879264,185.298234427269,-186.695314948306));
#10674=CARTESIAN_POINT('',(149.468177984384,185.098234427269,-185.771652255197));
#10675=CARTESIAN_POINT('',(149.468177984384,185.298234427269,-185.771652255197));
#10676=CARTESIAN_POINT('',(149.313578562324,185.098234427269,-185.956586180644));
#10677=CARTESIAN_POINT('Origin',(150.385165879264,185.098234427269,-186.695314948306));
#10678=CARTESIAN_POINT('',(149.313578562324,185.298234427269,-185.956586180644));
#10679=CARTESIAN_POINT('',(149.313578562324,185.298234427269,-185.956586180644));
#10680=CARTESIAN_POINT('',(149.105701872154,185.298234427269,-186.456586180644));
#10681=CARTESIAN_POINT('Origin',(150.385165879264,185.298234427269,-186.695314948306));
#10682=CARTESIAN_POINT('',(149.105701872154,185.098234427269,-186.456586180644));
#10683=CARTESIAN_POINT('',(149.105701872154,185.298234427269,-186.456586180644));
#10684=CARTESIAN_POINT('Origin',(150.385165879264,185.098234427269,-186.695314948306));
#10685=CARTESIAN_POINT('',(150.385165879263,185.998234427269,-185.393769878015));
#10686=CARTESIAN_POINT('',(150.385165879263,185.098234427269,-185.393769878015));
#10687=CARTESIAN_POINT('Origin',(150.385165879264,185.998234427269,-186.695314948306));
#10688=CARTESIAN_POINT('Origin',(148.468177984383,185.098234427269,-180.956586180644));
#10689=CARTESIAN_POINT('',(149.968177984383,185.098234427269,-179.536820203727));
#10690=CARTESIAN_POINT('',(149.968177984382,185.098234427269,-176.450797259657));
#10691=CARTESIAN_POINT('',(152.168177984383,185.098234427269,-179.536820203727));
#10692=CARTESIAN_POINT('',(152.168177984383,185.098234427269,-179.536820203727));
#10693=CARTESIAN_POINT('',(152.168177984381,185.098234427269,-171.956586180643));
#10694=CARTESIAN_POINT('',(152.168177984383,185.098234427269,-179.536820203727));
#10695=CARTESIAN_POINT('',(151.168177984381,185.09823442727,-170.956586180643));
#10696=CARTESIAN_POINT('',(151.168177984381,185.09823442727,-170.956586180643));
#10697=CARTESIAN_POINT('',(144.868177984381,185.09823442727,-170.956586180645));
#10698=CARTESIAN_POINT('',(144.868177984381,185.09823442727,-170.956586180645));
#10699=CARTESIAN_POINT('',(144.468177984381,185.09823442727,-171.356586180645));
#10700=CARTESIAN_POINT('',(144.468177984381,185.09823442727,-171.356586180645));
#10701=CARTESIAN_POINT('',(144.468177984382,185.098234427269,-175.456586180645));
#10702=CARTESIAN_POINT('',(144.468177984382,185.098234427269,-175.456586180645));
#10703=CARTESIAN_POINT('',(149.105701872152,185.098234427269,-175.456586180644));
#10704=CARTESIAN_POINT('Origin',(144.468177984383,185.098234427269,-180.956586180645));
#10705=CARTESIAN_POINT('',(144.468177984382,185.298234427269,-175.456586180645));
#10706=CARTESIAN_POINT('',(144.468177984382,185.298234427269,-175.456586180645));
#10707=CARTESIAN_POINT('',(144.468177984381,185.998234427269,-171.356586180645));
#10708=CARTESIAN_POINT('',(144.468177984381,185.998234427269,-171.356586180645));
#10709=CARTESIAN_POINT('',(144.468177984382,185.998234427269,-176.056586180645));
#10710=CARTESIAN_POINT('',(144.468177984382,185.998234427269,-176.056586180645));
#10711=CARTESIAN_POINT('',(144.468177984382,185.098234427269,-176.056586180645));
#10712=CARTESIAN_POINT('',(144.468177984382,185.098234427269,-176.056586180645));
#10713=CARTESIAN_POINT('',(144.468177984382,185.098234427269,-175.956586180645));
#10714=CARTESIAN_POINT('',(144.468177984382,185.098234427269,-176.056586180645));
#10715=CARTESIAN_POINT('',(144.468177984382,185.298234427269,-175.956586180645));
#10716=CARTESIAN_POINT('',(144.468177984382,185.298234427269,-175.956586180645));
#10717=CARTESIAN_POINT('',(144.468177984382,185.298234427269,-175.956586180645));
#10718=CARTESIAN_POINT('Origin',(148.468177984383,185.098234427269,-180.956586180644));
#10719=CARTESIAN_POINT('',(147.668177984382,185.098234427269,-175.956586180644));
#10720=CARTESIAN_POINT('',(149.313578562322,185.098234427269,-175.956586180644));
#10721=CARTESIAN_POINT('',(147.668177984382,185.098234427269,-176.356586180644));
#10722=CARTESIAN_POINT('',(147.668177984382,185.098234427269,-176.356586180644));
#10723=CARTESIAN_POINT('',(146.670684265829,185.098234427269,-176.406586180644));
#10724=CARTESIAN_POINT('Origin',(147.168177984382,185.098234427269,-176.356586180644));
#10725=CARTESIAN_POINT('',(146.670684265829,185.098234427269,-175.956586180644));
#10726=CARTESIAN_POINT('',(146.670684265829,185.098234427269,-176.406586180644));
#10727=CARTESIAN_POINT('',(146.670684265829,185.098234427269,-175.956586180644));
#10728=CARTESIAN_POINT('',(144.868177984382,185.098234427269,-176.456586180645));
#10729=CARTESIAN_POINT('',(144.868177984382,185.098234427269,-176.456586180645));
#10730=CARTESIAN_POINT('',(146.173190547275,185.098234427269,-176.456586180644));
#10731=CARTESIAN_POINT('',(144.868177984382,185.098234427269,-176.456586180645));
#10732=CARTESIAN_POINT('',(146.918177984382,185.098234427269,-177.324832017196));
#10733=CARTESIAN_POINT('Origin',(147.168177984382,185.098234427269,-176.356586180644));
#10734=CARTESIAN_POINT('',(146.918177984382,185.098234427269,-177.824832017196));
#10735=CARTESIAN_POINT('',(146.918177984382,185.098234427269,-177.324832017196));
#10736=CARTESIAN_POINT('',(147.418177984382,185.098234427269,-177.824832017196));
#10737=CARTESIAN_POINT('',(146.918177984382,185.098234427269,-177.824832017196));
#10738=CARTESIAN_POINT('',(147.418177984382,185.098234427269,-177.324832017196));
#10739=CARTESIAN_POINT('',(147.418177984382,185.098234427269,-177.324832017196));
#10740=CARTESIAN_POINT('',(148.163165421489,185.098234427269,-176.456586180644));
#10741=CARTESIAN_POINT('Origin',(147.168177984382,185.098234427269,-176.356586180644));
#10742=CARTESIAN_POINT('',(148.968177984382,185.098234427269,-176.456586180644));
#10743=CARTESIAN_POINT('',(148.163165421489,185.098234427269,-176.456586180644));
#10744=CARTESIAN_POINT('',(148.968177984384,185.098234427269,-185.456586180644));
#10745=CARTESIAN_POINT('',(148.968177984384,185.098234427269,-185.456586180644));
#10746=CARTESIAN_POINT('',(148.163165421491,185.098234427269,-185.456586180644));
#10747=CARTESIAN_POINT('',(148.163165421491,185.098234427269,-185.456586180644));
#10748=CARTESIAN_POINT('',(147.418177984384,185.098234427269,-184.588340344092));
#10749=CARTESIAN_POINT('Origin',(147.168177984384,185.098234427269,-185.556586180644));
#10750=CARTESIAN_POINT('',(147.418177984384,185.098234427269,-184.088340344092));
#10751=CARTESIAN_POINT('',(147.418177984384,185.098234427269,-184.588340344092));
#10752=CARTESIAN_POINT('',(146.918177984384,185.098234427269,-184.088340344092));
#10753=CARTESIAN_POINT('',(146.918177984384,185.098234427269,-184.088340344092));
#10754=CARTESIAN_POINT('',(146.918177984384,185.098234427269,-184.588340344092));
#10755=CARTESIAN_POINT('',(146.918177984384,185.098234427269,-184.588340344092));
#10756=CARTESIAN_POINT('',(146.173190547277,185.098234427269,-185.456586180644));
#10757=CARTESIAN_POINT('Origin',(147.168177984384,185.098234427269,-185.556586180644));
#10758=CARTESIAN_POINT('',(144.868177984384,185.098234427269,-185.456586180645));
#10759=CARTESIAN_POINT('',(144.868177984384,185.098234427269,-185.456586180645));
#10760=CARTESIAN_POINT('',(144.468177984384,185.098234427269,-185.856586180645));
#10761=CARTESIAN_POINT('',(144.468177984384,185.098234427269,-185.856586180645));
#10762=CARTESIAN_POINT('',(144.468177984384,185.098234427269,-185.956586180645));
#10763=CARTESIAN_POINT('',(144.468177984384,185.098234427269,-185.956586180645));
#10764=CARTESIAN_POINT('',(146.670684265831,185.098234427269,-185.956586180644));
#10765=CARTESIAN_POINT('',(146.670684265831,185.098234427269,-185.956586180644));
#10766=CARTESIAN_POINT('',(146.670684265831,185.098234427269,-185.506586180644));
#10767=CARTESIAN_POINT('',(147.668177984384,185.098234427269,-185.956586180644));
#10768=CARTESIAN_POINT('',(147.668177984384,185.098234427269,-185.556586180644));
#10769=CARTESIAN_POINT('',(149.313578562324,185.098234427269,-185.956586180644));
#10770=CARTESIAN_POINT('',(149.468177984382,185.098234427269,-176.141520106091));
#10771=CARTESIAN_POINT('Origin',(144.468177984383,185.098234427269,-180.956586180645));
#10772=CARTESIAN_POINT('',(144.468177984384,185.298234427269,-185.956586180645));
#10773=CARTESIAN_POINT('',(144.468177984384,185.298234427269,-185.956586180645));
#10774=CARTESIAN_POINT('',(144.468177984384,185.998234427269,-185.856586180645));
#10775=CARTESIAN_POINT('',(144.468177984384,185.998234427269,-185.856586180645));
#10776=CARTESIAN_POINT('',(144.468177984385,185.998234427268,-190.556586180645));
#10777=CARTESIAN_POINT('',(144.468177984385,185.998234427268,-190.556586180645));
#10778=CARTESIAN_POINT('',(144.468177984385,185.098234427268,-190.556586180645));
#10779=CARTESIAN_POINT('',(144.468177984385,185.098234427268,-190.556586180645));
#10780=CARTESIAN_POINT('',(144.468177984384,185.098234427269,-186.456586180645));
#10781=CARTESIAN_POINT('',(144.468177984385,185.098234427268,-190.556586180645));
#10782=CARTESIAN_POINT('',(144.468177984384,185.298234427269,-186.456586180645));
#10783=CARTESIAN_POINT('',(144.468177984384,185.298234427269,-186.456586180645));
#10784=CARTESIAN_POINT('',(144.468177984384,185.298234427269,-186.456586180645));
#10785=CARTESIAN_POINT('Origin',(148.468177984383,185.098234427269,-180.956586180644));
#10786=CARTESIAN_POINT('',(149.105701872154,185.098234427269,-186.456586180644));
#10787=CARTESIAN_POINT('',(144.868177984385,185.098234427268,-190.956586180645));
#10788=CARTESIAN_POINT('',(144.868177984385,185.098234427268,-190.956586180645));
#10789=CARTESIAN_POINT('',(151.168177984385,185.098234427268,-190.956586180643));
#10790=CARTESIAN_POINT('',(144.868177984385,185.098234427268,-190.956586180645));
#10791=CARTESIAN_POINT('',(152.168177984385,185.098234427268,-189.956586180643));
#10792=CARTESIAN_POINT('',(152.168177984385,185.098234427268,-189.956586180643));
#10793=CARTESIAN_POINT('',(152.168177984383,185.098234427269,-182.376352157559));
#10794=CARTESIAN_POINT('',(152.168177984385,185.098234427268,-189.956586180643));
#10795=CARTESIAN_POINT('',(149.968177984383,185.098234427269,-182.37635215756));
#10796=CARTESIAN_POINT('',(152.168177984383,185.098234427269,-182.376352157559));
#10797=CARTESIAN_POINT('',(149.968177984383,185.098234427269,-182.37635215756));
#10798=CARTESIAN_POINT('Origin',(148.468177984382,185.098234427269,-176.456586180644));
#10799=CARTESIAN_POINT('',(148.163165421489,185.998234427269,-176.456586180644));
#10800=CARTESIAN_POINT('',(148.968177984382,185.998234427269,-176.456586180644));
#10801=CARTESIAN_POINT('',(148.163165421489,185.998234427269,-176.456586180644));
#10802=CARTESIAN_POINT('',(148.968177984382,185.098234427269,-176.456586180644));
#10803=CARTESIAN_POINT('',(148.163165421489,185.098234427269,-176.456586180644));
#10804=CARTESIAN_POINT('Origin',(147.168177984382,185.098234427269,-176.356586180644));
#10805=CARTESIAN_POINT('',(147.418177984382,185.998234427269,-177.324832017196));
#10806=CARTESIAN_POINT('Origin',(147.168177984382,185.998234427269,-176.356586180644));
#10807=CARTESIAN_POINT('',(147.418177984382,185.098234427269,-177.324832017196));
#10808=CARTESIAN_POINT('Origin',(147.418177984383,185.098234427269,-180.956586180644));
#10809=CARTESIAN_POINT('',(147.418177984382,185.998234427269,-177.824832017196));
#10810=CARTESIAN_POINT('',(147.418177984382,185.998234427269,-177.324832017196));
#10811=CARTESIAN_POINT('',(147.418177984382,185.098234427269,-177.824832017196));
#10812=CARTESIAN_POINT('Origin',(148.468177984382,185.098234427269,-177.824832017196));
#10813=CARTESIAN_POINT('',(146.918177984382,185.998234427269,-177.824832017196));
#10814=CARTESIAN_POINT('',(146.918177984382,185.998234427269,-177.824832017196));
#10815=CARTESIAN_POINT('',(146.918177984382,185.098234427269,-177.824832017196));
#10816=CARTESIAN_POINT('Origin',(146.918177984383,185.098234427269,-180.956586180644));
#10817=CARTESIAN_POINT('',(146.918177984382,185.998234427269,-177.324832017196));
#10818=CARTESIAN_POINT('',(146.918177984382,185.998234427269,-177.324832017196));
#10819=CARTESIAN_POINT('',(146.918177984382,185.098234427269,-177.324832017196));
#10820=CARTESIAN_POINT('Origin',(147.168177984382,185.098234427269,-176.356586180644));
#10821=CARTESIAN_POINT('',(146.173190547275,185.998234427269,-176.456586180644));
#10822=CARTESIAN_POINT('Origin',(147.168177984382,185.998234427269,-176.356586180644));
#10823=CARTESIAN_POINT('',(146.173190547275,185.098234427269,-176.456586180644));
#10824=CARTESIAN_POINT('Origin',(148.468177984382,185.098234427269,-176.456586180644));
#10825=CARTESIAN_POINT('',(144.868177984382,185.998234427269,-176.456586180645));
#10826=CARTESIAN_POINT('',(144.868177984382,185.998234427269,-176.456586180645));
#10827=CARTESIAN_POINT('',(144.868177984382,185.998234427269,-176.456586180645));
#10828=CARTESIAN_POINT('Origin',(148.468177984381,185.09823442727,-170.956586180644));
#10829=CARTESIAN_POINT('',(151.168177984381,185.99823442727,-170.956586180643));
#10830=CARTESIAN_POINT('',(151.168177984381,185.99823442727,-170.956586180643));
#10831=CARTESIAN_POINT('',(144.868177984381,185.99823442727,-170.956586180645));
#10832=CARTESIAN_POINT('',(144.868177984381,185.99823442727,-170.956586180645));
#10833=CARTESIAN_POINT('',(144.868177984381,185.09823442727,-170.956586180645));
#10834=CARTESIAN_POINT('Origin',(152.168177984383,185.098234427269,-180.956586180643));
#10835=CARTESIAN_POINT('',(152.168177984383,185.298234427269,-182.376352157559));
#10836=CARTESIAN_POINT('',(152.168177984383,185.298234427269,-182.376352157559));
#10837=CARTESIAN_POINT('',(152.168177984385,185.998234427268,-189.956586180643));
#10838=CARTESIAN_POINT('',(152.168177984385,185.998234427268,-189.956586180643));
#10839=CARTESIAN_POINT('',(152.168177984381,185.998234427269,-171.956586180643));
#10840=CARTESIAN_POINT('',(152.168177984385,185.998234427268,-189.956586180643));
#10841=CARTESIAN_POINT('',(152.168177984381,185.098234427269,-171.956586180643));
#10842=CARTESIAN_POINT('',(152.168177984383,185.298234427269,-179.536820203727));
#10843=CARTESIAN_POINT('',(152.168177984383,185.298234427269,-179.536820203727));
#10844=CARTESIAN_POINT('',(152.168177984383,185.298234427269,-179.536820203727));
#10845=CARTESIAN_POINT('Origin',(148.468177984385,185.098234427268,-190.956586180644));
#10846=CARTESIAN_POINT('',(144.868177984385,185.998234427268,-190.956586180645));
#10847=CARTESIAN_POINT('',(151.168177984385,185.998234427268,-190.956586180643));
#10848=CARTESIAN_POINT('',(144.868177984385,185.998234427268,-190.956586180645));
#10849=CARTESIAN_POINT('',(151.168177984385,185.098234427268,-190.956586180643));
#10850=CARTESIAN_POINT('',(144.868177984385,185.998234427268,-190.956586180645));
#10851=CARTESIAN_POINT('Origin',(148.468177984384,185.098234427269,-185.456586180644));
#10852=CARTESIAN_POINT('',(146.173190547277,185.998234427269,-185.456586180644));
#10853=CARTESIAN_POINT('',(146.173190547277,185.098234427269,-185.456586180644));
#10854=CARTESIAN_POINT('',(144.868177984384,185.998234427269,-185.456586180645));
#10855=CARTESIAN_POINT('',(144.868177984384,185.998234427269,-185.456586180645));
#10856=CARTESIAN_POINT('',(144.868177984384,185.098234427269,-185.456586180645));
#10857=CARTESIAN_POINT('Origin',(147.168177984384,185.098234427269,-185.556586180644));
#10858=CARTESIAN_POINT('',(146.918177984384,185.998234427269,-184.588340344092));
#10859=CARTESIAN_POINT('Origin',(147.168177984384,185.998234427269,-185.556586180644));
#10860=CARTESIAN_POINT('',(146.918177984384,185.098234427269,-184.588340344092));
#10861=CARTESIAN_POINT('Origin',(146.918177984383,185.098234427269,-180.956586180644));
#10862=CARTESIAN_POINT('',(146.918177984384,185.998234427269,-184.088340344092));
#10863=CARTESIAN_POINT('',(146.918177984384,185.998234427269,-184.588340344092));
#10864=CARTESIAN_POINT('',(146.918177984384,185.098234427269,-184.088340344092));
#10865=CARTESIAN_POINT('Origin',(148.468177984384,185.098234427269,-184.088340344092));
#10866=CARTESIAN_POINT('',(147.418177984384,185.998234427269,-184.088340344092));
#10867=CARTESIAN_POINT('',(146.918177984384,185.998234427269,-184.088340344092));
#10868=CARTESIAN_POINT('',(147.418177984384,185.098234427269,-184.088340344092));
#10869=CARTESIAN_POINT('Origin',(147.418177984383,185.098234427269,-180.956586180644));
#10870=CARTESIAN_POINT('',(147.418177984384,185.998234427269,-184.588340344092));
#10871=CARTESIAN_POINT('',(147.418177984384,185.998234427269,-184.588340344092));
#10872=CARTESIAN_POINT('',(147.418177984384,185.098234427269,-184.588340344092));
#10873=CARTESIAN_POINT('Origin',(147.168177984384,185.098234427269,-185.556586180644));
#10874=CARTESIAN_POINT('',(148.163165421491,185.998234427269,-185.456586180644));
#10875=CARTESIAN_POINT('Origin',(147.168177984384,185.998234427269,-185.556586180644));
#10876=CARTESIAN_POINT('',(148.163165421491,185.098234427269,-185.456586180644));
#10877=CARTESIAN_POINT('Origin',(148.468177984384,185.098234427269,-185.456586180644));
#10878=CARTESIAN_POINT('',(148.968177984384,185.998234427269,-185.456586180644));
#10879=CARTESIAN_POINT('',(148.163165421491,185.998234427269,-185.456586180644));
#10880=CARTESIAN_POINT('',(148.968177984384,185.098234427269,-185.456586180644));
#10881=CARTESIAN_POINT('Origin',(148.968177984383,185.098234427269,-180.956586180644));
#10882=CARTESIAN_POINT('',(148.968177984384,185.998234427269,-185.456586180644));
#10883=CARTESIAN_POINT('Origin',(148.468177984383,185.998234427269,-180.956586180644));
#10884=CARTESIAN_POINT('',(144.868177984381,185.99823442727,-170.956586180645));
#10885=CARTESIAN_POINT('',(152.168177984381,185.998234427269,-171.956586180643));
#10886=CARTESIAN_POINT('',(151.168177984385,185.998234427268,-190.956586180643));
#10887=CARTESIAN_POINT('',(144.468177984385,185.998234427268,-190.556586180645));
#10888=CARTESIAN_POINT('',(144.868177984384,185.998234427269,-185.456586180645));
#10889=CARTESIAN_POINT('',(144.468177984382,185.998234427269,-176.056586180645));
#10890=CARTESIAN_POINT('Origin',(152.168177984381,185.098234427269,-171.956586180643));
#10891=CARTESIAN_POINT('Origin',(151.168177984385,185.098234427268,-190.956586180643));
#10892=CARTESIAN_POINT('Origin',(144.468177984382,185.098234427269,-176.056586180645));
#10893=CARTESIAN_POINT('Origin',(144.868177984381,185.09823442727,-170.956586180645));
#10894=CARTESIAN_POINT('Origin',(144.868177984384,185.098234427269,-185.456586180645));
#10895=CARTESIAN_POINT('Origin',(144.468177984385,185.098234427268,-190.556586180645));
#10896=CARTESIAN_POINT('Origin',(148.468177984383,185.298234427269,-182.37635215756));
#10897=CARTESIAN_POINT('',(149.968177984383,185.298234427269,-182.37635215756));
#10898=CARTESIAN_POINT('',(152.168177984383,185.298234427269,-182.376352157559));
#10899=CARTESIAN_POINT('',(149.968177984383,185.298234427269,-182.37635215756));
#10900=CARTESIAN_POINT('Origin',(148.468177984383,185.298234427269,-179.536820203728));
#10901=CARTESIAN_POINT('',(149.968177984383,185.298234427269,-179.536820203727));
#10902=CARTESIAN_POINT('',(149.968177984383,185.298234427269,-179.536820203727));
#10903=CARTESIAN_POINT('',(152.168177984383,185.298234427269,-179.536820203727));
#10904=CARTESIAN_POINT('Origin',(149.968177984383,185.298234427269,-180.956586180644));
#10905=CARTESIAN_POINT('',(149.968177984382,185.298234427269,-176.450797259657));
#10906=CARTESIAN_POINT('Origin',(149.468177984383,185.298234427269,-180.956586180644));
#10907=CARTESIAN_POINT('',(149.468177984382,185.298234427269,-176.141520106091));
#10908=CARTESIAN_POINT('Origin',(149.968177984383,185.298234427269,-180.956586180644));
#10909=CARTESIAN_POINT('',(149.968177984383,185.298234427269,-182.37635215756));
#10910=CARTESIAN_POINT('Origin',(148.468177984383,185.298234427269,-180.956586180644));
#10911=CARTESIAN_POINT('Origin',(146.67068426583,185.298234427269,-180.956586180644));
#10912=CARTESIAN_POINT('',(146.670684265831,185.298234427269,-185.956586180644));
#10913=CARTESIAN_POINT('',(146.670684265831,185.298234427269,-185.956586180644));
#10914=CARTESIAN_POINT('',(146.670684265831,185.298234427269,-185.506586180644));
#10915=CARTESIAN_POINT('Origin',(148.468177984384,185.298234427269,-185.956586180644));
#10916=CARTESIAN_POINT('',(146.670684265831,185.298234427269,-185.956586180644));
#10917=CARTESIAN_POINT('Origin',(148.468177984384,185.298234427269,-186.456586180644));
#10918=CARTESIAN_POINT('',(149.105701872154,185.298234427269,-186.456586180644));
#10919=CARTESIAN_POINT('Origin',(148.468177984384,185.298234427269,-185.956586180644));
#10920=CARTESIAN_POINT('',(147.668177984384,185.298234427269,-185.956586180644));
#10921=CARTESIAN_POINT('',(147.668177984384,185.298234427269,-185.956586180644));
#10922=CARTESIAN_POINT('',(149.313578562324,185.298234427269,-185.956586180644));
#10923=CARTESIAN_POINT('Origin',(147.668177984383,185.298234427269,-180.956586180644));
#10924=CARTESIAN_POINT('',(147.668177984384,185.298234427269,-185.556586180644));
#10925=CARTESIAN_POINT('Origin',(148.468177984383,185.298234427269,-180.956586180644));
#10926=CARTESIAN_POINT('Origin',(147.168177984382,185.298234427269,-176.356586180644));
#10927=CARTESIAN_POINT('',(147.668177984382,185.298234427269,-176.356586180644));
#10928=CARTESIAN_POINT('',(147.668177984382,185.298234427269,-176.356586180644));
#10929=CARTESIAN_POINT('',(146.670684265829,185.298234427269,-176.406586180644));
#10930=CARTESIAN_POINT('Origin',(147.168177984382,185.298234427269,-176.356586180644));
#10931=CARTESIAN_POINT('',(146.670684265829,185.298234427269,-176.406586180644));
#10932=CARTESIAN_POINT('Origin',(147.668177984383,185.298234427269,-180.956586180644));
#10933=CARTESIAN_POINT('',(147.668177984382,185.298234427269,-175.956586180644));
#10934=CARTESIAN_POINT('',(147.668177984382,185.298234427269,-175.956586180644));
#10935=CARTESIAN_POINT('',(147.668177984382,185.298234427269,-176.356586180644));
#10936=CARTESIAN_POINT('Origin',(148.468177984382,185.298234427269,-175.956586180644));
#10937=CARTESIAN_POINT('',(149.313578562322,185.298234427269,-175.956586180644));
#10938=CARTESIAN_POINT('Origin',(148.468177984382,185.298234427269,-175.456586180644));
#10939=CARTESIAN_POINT('',(149.105701872152,185.298234427269,-175.456586180644));
#10940=CARTESIAN_POINT('Origin',(148.468177984382,185.298234427269,-175.956586180644));
#10941=CARTESIAN_POINT('',(146.670684265829,185.298234427269,-175.956586180644));
#10942=CARTESIAN_POINT('',(146.670684265829,185.298234427269,-175.956586180644));
#10943=CARTESIAN_POINT('',(146.670684265829,185.298234427269,-175.956586180644));
#10944=CARTESIAN_POINT('Origin',(146.67068426583,185.298234427269,-180.956586180644));
#10945=CARTESIAN_POINT('',(146.670684265829,185.298234427269,-176.406586180644));
#10946=CARTESIAN_POINT('Origin',(148.468177984383,185.298234427269,-180.956586180644));
#10947=CARTESIAN_POINT('Origin',(150.385165879264,185.998234427269,-186.695314948306));
#10948=CARTESIAN_POINT('',(150.385165879264,185.998234427269,-187.996860018597));
#10949=CARTESIAN_POINT('Origin',(150.385165879264,185.998234427269,-186.695314948306));
#10950=CARTESIAN_POINT('',(150.385165879264,184.872395847007,-187.348390029129));
#10951=CARTESIAN_POINT('Origin',(150.385165879264,185.998234427269,-186.695314948306));
#10952=CARTESIAN_POINT('',(150.159100422416,184.894198752957,-187.346482522027));
#10953=CARTESIAN_POINT('Origin',(150.385165879264,186.046385067211,-187.24567928126));
#10954=CARTESIAN_POINT('',(150.144868844314,184.731531070903,-186.873470812546));
#10955=CARTESIAN_POINT('Origin',(150.256674535006,186.009475963252,-186.695314948306));
#10956=CARTESIAN_POINT('',(149.674125827884,184.920130033179,-186.856970541394));
#10957=CARTESIAN_POINT('Origin',(150.385165879264,186.004080612727,-186.762137153861));
#10958=CARTESIAN_POINT('',(149.674237142022,184.921402359603,-186.524925398718));
#10959=CARTESIAN_POINT('Origin',(149.773132407607,186.051780417737,-186.695314948306));
#10960=CARTESIAN_POINT('',(150.144977240863,184.732770049129,-186.508422209977));
#10961=CARTESIAN_POINT('Origin',(150.385165879264,186.00484859529,-186.61971466188));
#10962=CARTESIAN_POINT('',(150.159530710374,184.899116966826,-186.035732391905));
#10963=CARTESIAN_POINT('Origin',(150.256674535006,186.009475963252,-186.695314948306));
#10964=CARTESIAN_POINT('',(150.496807461241,184.882617870715,-186.034288908037));
#10965=CARTESIAN_POINT('Origin',(150.385165879264,186.047153049775,-186.136172534482));
#10966=CARTESIAN_POINT('',(150.511333985623,184.716578937246,-186.507005671237));
#10967=CARTESIAN_POINT('Origin',(150.399097026987,185.999453244764,-186.695314948306));
#10968=CARTESIAN_POINT('',(150.986265482367,184.857303350477,-186.519317462076));
#10969=CARTESIAN_POINT('Origin',(150.385165879264,186.00484859529,-186.61971466188));
#10970=CARTESIAN_POINT('',(150.986375324419,184.856047850073,-186.86257700595));
#10971=CARTESIAN_POINT('Origin',(150.882639154385,186.041757699249,-186.695314948306));
#10972=CARTESIAN_POINT('',(150.511442694484,184.715336389286,-186.874887663597));
#10973=CARTESIAN_POINT('Origin',(150.385165879264,186.004080612727,-186.762137153861));
#10974=CARTESIAN_POINT('',(150.497236279364,184.877716457136,-187.34792453606));
#10975=CARTESIAN_POINT('Origin',(150.399097026987,185.999453244764,-186.695314948306));
#10976=CARTESIAN_POINT('Origin',(150.385165879264,186.046385067211,-187.24567928126));
#10977=CARTESIAN_POINT('Origin',(152.302153774142,185.998234427269,-180.956586180643));
#10978=CARTESIAN_POINT('Origin',(148.468177984384,185.798234427269,-187.267389649102));
#10979=CARTESIAN_POINT('',(150.416701392406,185.798234427269,-187.267389649101));
#10980=CARTESIAN_POINT('',(150.497236279364,184.877716457136,-187.34792453606));
#10981=CARTESIAN_POINT('',(150.238193295341,185.798234427269,-187.267389649101));
#10982=CARTESIAN_POINT('',(150.238193295341,185.798234427269,-187.267389649101));
#10983=CARTESIAN_POINT('',(150.159100422416,184.894198752957,-187.346482522027));
#10984=CARTESIAN_POINT('Origin',(150.23819329534,185.798234427269,-180.956586180644));
#10985=CARTESIAN_POINT('',(150.238193295341,185.798234427269,-186.780146361519));
#10986=CARTESIAN_POINT('',(150.238193295341,185.798234427269,-186.780146361519));
#10987=CARTESIAN_POINT('',(150.144868844314,184.731531070903,-186.873470812546));
#10988=CARTESIAN_POINT('Origin',(148.468177984384,185.798234427269,-186.780146361519));
#10989=CARTESIAN_POINT('',(149.750950007759,185.798234427269,-186.780146361519));
#10990=CARTESIAN_POINT('',(149.750950007759,185.798234427269,-186.780146361519));
#10991=CARTESIAN_POINT('',(149.674125827884,184.920130033179,-186.856970541394));
#10992=CARTESIAN_POINT('Origin',(149.750950007757,185.798234427269,-180.956586180644));
#10993=CARTESIAN_POINT('',(149.750950007759,185.798234427269,-186.601638264455));
#10994=CARTESIAN_POINT('',(149.750950007759,185.798234427269,-186.601638264455));
#10995=CARTESIAN_POINT('',(149.674237142022,184.921402359603,-186.524925398718));
#10996=CARTESIAN_POINT('Origin',(148.468177984384,185.798234427269,-186.601638264455));
#10997=CARTESIAN_POINT('',(150.238193295341,185.798234427269,-186.601638264455));
#10998=CARTESIAN_POINT('',(150.238193295341,185.798234427269,-186.601638264455));
#10999=CARTESIAN_POINT('',(150.144977240863,184.732770049129,-186.508422209977));
#11000=CARTESIAN_POINT('Origin',(150.23819329534,185.798234427269,-180.956586180644));
#11001=CARTESIAN_POINT('',(150.238193295341,185.798234427269,-186.114394976872));
#11002=CARTESIAN_POINT('',(150.238193295341,185.798234427269,-186.114394976872));
#11003=CARTESIAN_POINT('',(150.159530710374,184.899116966826,-186.035732391905));
#11004=CARTESIAN_POINT('Origin',(148.468177984384,185.798234427269,-186.114394976872));
#11005=CARTESIAN_POINT('',(150.416701392406,185.798234427269,-186.114394976872));
#11006=CARTESIAN_POINT('',(150.416701392406,185.798234427269,-186.114394976872));
#11007=CARTESIAN_POINT('',(150.496807461241,184.882617870715,-186.034288908037));
#11008=CARTESIAN_POINT('Origin',(150.416701392404,185.798234427269,-180.956586180643));
#11009=CARTESIAN_POINT('',(150.416701392406,185.798234427269,-186.601638264455));
#11010=CARTESIAN_POINT('',(150.416701392406,185.798234427269,-186.601638264455));
#11011=CARTESIAN_POINT('',(150.511333985623,184.716578937246,-186.507005671237));
#11012=CARTESIAN_POINT('Origin',(148.468177984384,185.798234427269,-186.601638264455));
#11013=CARTESIAN_POINT('',(150.903944679988,185.798234427269,-186.601638264454));
#11014=CARTESIAN_POINT('',(150.903944679988,185.798234427269,-186.601638264454));
#11015=CARTESIAN_POINT('',(150.986265482367,184.857303350477,-186.519317462076));
#11016=CARTESIAN_POINT('Origin',(150.903944679987,185.798234427269,-180.956586180643));
#11017=CARTESIAN_POINT('',(150.903944679988,185.798234427269,-186.780146361519));
#11018=CARTESIAN_POINT('',(150.903944679988,185.798234427269,-186.780146361519));
#11019=CARTESIAN_POINT('',(150.986375324419,184.856047850073,-186.86257700595));
#11020=CARTESIAN_POINT('Origin',(148.468177984384,185.798234427269,-186.780146361519));
#11021=CARTESIAN_POINT('',(150.416701392406,185.798234427269,-186.780146361519));
#11022=CARTESIAN_POINT('',(150.416701392406,185.798234427269,-186.780146361519));
#11023=CARTESIAN_POINT('',(150.511442694484,184.715336389286,-186.874887663597));
#11024=CARTESIAN_POINT('Origin',(150.416701392404,185.798234427269,-180.956586180643));
#11025=CARTESIAN_POINT('',(150.416701392406,185.798234427269,-187.267389649101));
#11026=CARTESIAN_POINT('Origin',(148.468177984383,185.798234427269,-180.956586180644));
#11027=CARTESIAN_POINT('Origin',(150.385165879261,185.998234427269,-175.217857412981));
#11028=CARTESIAN_POINT('',(150.385165879262,185.998234427269,-176.519402483272));
#11029=CARTESIAN_POINT('Origin',(150.385165879261,185.998234427269,-175.217857412981));
#11030=CARTESIAN_POINT('',(150.385165879261,184.877319151649,-175.879347031099));
#11031=CARTESIAN_POINT('Origin',(150.385165879261,185.998234427269,-175.217857412981));
#11032=CARTESIAN_POINT('',(150.159530710372,184.899116966827,-175.877439969382));
#11033=CARTESIAN_POINT('Origin',(150.385165879261,186.047153049775,-175.776999826805));
#11034=CARTESIAN_POINT('',(150.144977240861,184.732770049129,-175.40475015131));
#11035=CARTESIAN_POINT('Origin',(150.256674535003,186.009475963253,-175.217857412981));
#11036=CARTESIAN_POINT('',(149.67423714202,184.921402359604,-175.388246962569));
#11037=CARTESIAN_POINT('Origin',(150.385165879261,186.004848595291,-175.293457699407));
#11038=CARTESIAN_POINT('',(149.674125827881,184.92013003318,-175.056201819893));
#11039=CARTESIAN_POINT('Origin',(149.773132407605,186.051780417738,-175.217857412981));
#11040=CARTESIAN_POINT('',(150.144868844312,184.731531070903,-175.039701548741));
#11041=CARTESIAN_POINT('Origin',(150.385165879261,186.004080612727,-175.151035207426));
#11042=CARTESIAN_POINT('',(150.159100422413,184.894198752958,-174.56668983926));
#11043=CARTESIAN_POINT('Origin',(150.256674535003,186.009475963253,-175.217857412981));
#11044=CARTESIAN_POINT('',(150.497236279362,184.877716457136,-174.565247825227));
#11045=CARTESIAN_POINT('Origin',(150.385165879261,186.046385067212,-174.667493080027));
#11046=CARTESIAN_POINT('',(150.511442694481,184.715336389287,-175.03828469769));
#11047=CARTESIAN_POINT('Origin',(150.399097026984,185.999453244765,-175.217857412981));
#11048=CARTESIAN_POINT('',(150.986375324417,184.856047850073,-175.050595355337));
#11049=CARTESIAN_POINT('Origin',(150.385165879261,186.004080612727,-175.151035207426));
#11050=CARTESIAN_POINT('',(150.986265482364,184.857303350478,-175.393854899211));
#11051=CARTESIAN_POINT('Origin',(150.882639154383,186.04175769925,-175.217857412981));
#11052=CARTESIAN_POINT('',(150.511333985621,184.716578937247,-175.40616669005));
#11053=CARTESIAN_POINT('Origin',(150.385165879261,186.004848595291,-175.293457699407));
#11054=CARTESIAN_POINT('',(150.496807461238,184.882617870715,-175.87888345325));
#11055=CARTESIAN_POINT('Origin',(150.399097026984,185.999453244765,-175.217857412981));
#11056=CARTESIAN_POINT('Origin',(150.385165879261,186.047153049775,-175.776999826805));
#11057=CARTESIAN_POINT('Origin',(152.302153774142,185.998234427269,-180.956586180643));
#11058=CARTESIAN_POINT('Origin',(148.468177984382,185.798234427269,-174.645782712186));
#11059=CARTESIAN_POINT('',(150.238193295339,185.798234427269,-174.645782712186));
#11060=CARTESIAN_POINT('',(150.159100422413,184.894198752958,-174.56668983926));
#11061=CARTESIAN_POINT('',(150.416701392403,185.798234427269,-174.645782712186));
#11062=CARTESIAN_POINT('',(150.238193295339,185.798234427269,-174.645782712186));
#11063=CARTESIAN_POINT('',(150.497236279362,184.877716457136,-174.565247825227));
#11064=CARTESIAN_POINT('Origin',(150.416701392404,185.798234427269,-180.956586180643));
#11065=CARTESIAN_POINT('',(150.416701392403,185.798234427269,-175.133025999768));
#11066=CARTESIAN_POINT('',(150.416701392403,185.798234427269,-174.645782712186));
#11067=CARTESIAN_POINT('',(150.511442694481,184.715336389287,-175.03828469769));
#11068=CARTESIAN_POINT('Origin',(148.468177984382,185.798234427269,-175.133025999768));
#11069=CARTESIAN_POINT('',(150.903944679986,185.798234427269,-175.133025999768));
#11070=CARTESIAN_POINT('',(150.416701392403,185.798234427269,-175.133025999768));
#11071=CARTESIAN_POINT('',(150.986375324417,184.856047850073,-175.050595355337));
#11072=CARTESIAN_POINT('Origin',(150.903944679987,185.798234427269,-180.956586180643));
#11073=CARTESIAN_POINT('',(150.903944679986,185.798234427269,-175.311534096832));
#11074=CARTESIAN_POINT('',(150.903944679986,185.798234427269,-175.133025999768));
#11075=CARTESIAN_POINT('',(150.986265482364,184.857303350478,-175.393854899211));
#11076=CARTESIAN_POINT('Origin',(148.468177984382,185.798234427269,-175.311534096833));
#11077=CARTESIAN_POINT('',(150.416701392403,185.798234427269,-175.311534096832));
#11078=CARTESIAN_POINT('',(150.903944679986,185.798234427269,-175.311534096832));
#11079=CARTESIAN_POINT('',(150.511333985621,184.716578937247,-175.40616669005));
#11080=CARTESIAN_POINT('Origin',(150.416701392404,185.798234427269,-180.956586180643));
#11081=CARTESIAN_POINT('',(150.416701392403,185.798234427269,-175.798777384415));
#11082=CARTESIAN_POINT('',(150.416701392403,185.798234427269,-175.311534096832));
#11083=CARTESIAN_POINT('',(150.496807461238,184.882617870715,-175.87888345325));
#11084=CARTESIAN_POINT('Origin',(148.468177984382,185.798234427269,-175.798777384415));
#11085=CARTESIAN_POINT('',(150.238193295339,185.798234427269,-175.798777384415));
#11086=CARTESIAN_POINT('',(150.416701392403,185.798234427269,-175.798777384415));
#11087=CARTESIAN_POINT('',(150.159530710372,184.899116966827,-175.877439969382));
#11088=CARTESIAN_POINT('Origin',(150.23819329534,185.798234427269,-180.956586180644));
#11089=CARTESIAN_POINT('',(150.238193295339,185.798234427269,-175.311534096832));
#11090=CARTESIAN_POINT('',(150.238193295339,185.798234427269,-175.798777384415));
#11091=CARTESIAN_POINT('',(150.144977240861,184.732770049129,-175.40475015131));
#11092=CARTESIAN_POINT('Origin',(148.468177984382,185.798234427269,-175.311534096833));
#11093=CARTESIAN_POINT('',(149.750950007756,185.798234427269,-175.311534096833));
#11094=CARTESIAN_POINT('',(150.238193295339,185.798234427269,-175.311534096832));
#11095=CARTESIAN_POINT('',(149.67423714202,184.921402359604,-175.388246962569));
#11096=CARTESIAN_POINT('Origin',(149.750950007757,185.798234427269,-180.956586180644));
#11097=CARTESIAN_POINT('',(149.750950007756,185.798234427269,-175.133025999768));
#11098=CARTESIAN_POINT('',(149.750950007756,185.798234427269,-175.311534096833));
#11099=CARTESIAN_POINT('',(149.674125827881,184.92013003318,-175.056201819893));
#11100=CARTESIAN_POINT('Origin',(148.468177984382,185.798234427269,-175.133025999768));
#11101=CARTESIAN_POINT('',(150.238193295339,185.798234427269,-175.133025999768));
#11102=CARTESIAN_POINT('',(149.750950007756,185.798234427269,-175.133025999768));
#11103=CARTESIAN_POINT('',(150.144868844312,184.731531070903,-175.039701548741));
#11104=CARTESIAN_POINT('Origin',(150.23819329534,185.798234427269,-180.956586180644));
#11105=CARTESIAN_POINT('',(150.238193295339,185.798234427269,-175.133025999768));
#11106=CARTESIAN_POINT('Origin',(148.468177984383,185.798234427269,-180.956586180644));
#11107=CARTESIAN_POINT('',(0.,0.,0.));
#11108=CARTESIAN_POINT('Origin',(0.,0.,-5.77315972805081E-14));
#11109=CARTESIAN_POINT('',(-2.5,-4.02455846426618E-15,-39.4));
#11110=CARTESIAN_POINT('',(2.5,-3.06161699786838E-16,-39.4));
#11111=CARTESIAN_POINT('Origin',(2.22044604925031E-15,3.5527136788005E-14,
-39.4));
#11112=CARTESIAN_POINT('',(2.5,-3.06161699786838E-16,-5.77315972805081E-14));
#11113=CARTESIAN_POINT('',(2.5,-3.06161699786838E-16,-5.77315972805081E-14));
#11114=CARTESIAN_POINT('Origin',(0.,0.,-5.77315972805081E-14));
#11115=CARTESIAN_POINT('Origin',(2.22044604925031E-15,3.5527136788005E-14,
-39.4));
#11116=CARTESIAN_POINT('Origin',(0.,4.25000000000001,-5.82867087928207E-14));
#11117=CARTESIAN_POINT('',(-5.20474889637625E-16,-4.24999999999999,-4.89512325011461E-14));
#11118=CARTESIAN_POINT('Origin',(0.,7.2092872295005E-15,-5.21804821573824E-14));
#11119=CARTESIAN_POINT('Origin',(0.,9.53624654061194E-15,3.06249999999995));
#11120=CARTESIAN_POINT('',(-5.20474889637625E-16,-4.24999999999999,3.06249999999995));
#11121=CARTESIAN_POINT('Origin',(0.,9.53624654061194E-15,3.06249999999995));
#11122=CARTESIAN_POINT('',(-4.66896592174928E-16,-3.81249999999998,3.49999999999995));
#11123=CARTESIAN_POINT('',(-5.20474889637625E-16,-4.24999999999999,3.06249999999995));
#11124=CARTESIAN_POINT('Origin',(0.,9.86866929934215E-15,3.49999999999995));
#11125=CARTESIAN_POINT('Origin',(0.,7.2092872295005E-15,-5.77315972805081E-14));
#11126=CARTESIAN_POINT('',(-5.20474889637625E-16,-4.24999999999999,-5.45023476242719E-14));
#11127=CARTESIAN_POINT('Origin',(2.22044604925031E-15,3.5527136788005E-14,
-40.));
#11128=CARTESIAN_POINT('',(-1.9,3.5294453896167E-14,-40.));
#11129=CARTESIAN_POINT('',(-1.9,3.5294453896167E-14,-40.));
#11130=CARTESIAN_POINT('Origin',(2.22044604925031E-15,3.5527136788005E-14,
-40.));
#11131=CARTESIAN_POINT('Origin',(0.,3.81250000000001,3.49999999999994));
#11132=CARTESIAN_POINT('',(-1.32489505477729E-13,-1.73205080756879,3.49999999999995));
#11133=CARTESIAN_POINT('',(1.49999999999989,-0.866025403784491,3.49999999999995));
#11134=CARTESIAN_POINT('Origin',(0.,3.74415592880728E-14,3.49999999999994));
#11135=CARTESIAN_POINT('',(-1.5,-0.86602540378443,3.49999999999994));
#11136=CARTESIAN_POINT('Origin',(0.,3.74415592880728E-14,3.49999999999994));
#11137=CARTESIAN_POINT('',(-1.5,0.866025403784382,3.49999999999994));
#11138=CARTESIAN_POINT('Origin',(0.,3.74415592880728E-14,3.49999999999994));
#11139=CARTESIAN_POINT('',(3.5453411040276E-14,1.73205080756887,3.49999999999994));
#11140=CARTESIAN_POINT('Origin',(0.,3.74415592880728E-14,3.49999999999994));
#11141=CARTESIAN_POINT('',(1.5,0.866025403784381,3.49999999999994));
#11142=CARTESIAN_POINT('Origin',(0.,3.74415592880728E-14,3.49999999999994));
#11143=CARTESIAN_POINT('Origin',(0.,3.74415592880728E-14,3.49999999999994));
#11144=CARTESIAN_POINT('Origin',(2.22044604925031E-15,3.5527136788005E-14,
-40.));
#11145=CARTESIAN_POINT('Origin',(0.,3.74415592880728E-14,3.49999999999994));
#11146=CARTESIAN_POINT('Ctrl Pts',(-1.5,-0.866025403784403,3.49999999999999));
#11147=CARTESIAN_POINT('Ctrl Pts',(-1.5,4.9960036108132E-16,3.06698729810779));
#11148=CARTESIAN_POINT('Ctrl Pts',(-1.5,0.866025403784382,3.49999999999994));
#11149=CARTESIAN_POINT('Origin',(0.,3.74415592880728E-14,3.49999999999994));
#11150=CARTESIAN_POINT('Ctrl Pts',(-1.31379957385964E-13,-1.73205080756879,
3.49999999999995));
#11151=CARTESIAN_POINT('Ctrl Pts',(-0.750000000000043,-1.29903810567662,
3.06698729810784));
#11152=CARTESIAN_POINT('Ctrl Pts',(-1.49999999999998,-0.866025403784444,
3.49999999999999));
#11153=CARTESIAN_POINT('Origin',(0.,3.74415592880728E-14,3.49999999999994));
#11154=CARTESIAN_POINT('Ctrl Pts',(1.49999999999989,-0.866025403784492,
3.49999999999994));
#11155=CARTESIAN_POINT('Ctrl Pts',(0.749999999999952,-1.29903810567668,
3.06698729810782));
#11156=CARTESIAN_POINT('Ctrl Pts',(-2.70051735575545E-14,-1.73205080756888,
3.50000000000004));
#11157=CARTESIAN_POINT('Origin',(0.,3.74415592880728E-14,3.49999999999994));
#11158=CARTESIAN_POINT('Ctrl Pts',(1.5,0.866025403784377,3.49999999999994));
#11159=CARTESIAN_POINT('Ctrl Pts',(1.5,-2.03170813506404E-14,3.06698729810778));
#11160=CARTESIAN_POINT('Ctrl Pts',(1.5,-0.866025403784454,3.50000000000002));
#11161=CARTESIAN_POINT('Origin',(0.,3.74415592880728E-14,3.49999999999994));
#11162=CARTESIAN_POINT('Ctrl Pts',(3.62895267900563E-14,1.73205080756887,
3.49999999999994));
#11163=CARTESIAN_POINT('Ctrl Pts',(0.750000000000015,1.29903810567666,3.06698729810775));
#11164=CARTESIAN_POINT('Ctrl Pts',(1.50000000000001,0.866025403784442,3.49999999999998));
#11165=CARTESIAN_POINT('Origin',(0.,3.74415592880728E-14,3.49999999999994));
#11166=CARTESIAN_POINT('Ctrl Pts',(-1.50000000000001,0.866025403784442,
3.49999999999998));
#11167=CARTESIAN_POINT('Ctrl Pts',(-0.749999999999999,1.29903810567667,
3.06698729810774));
#11168=CARTESIAN_POINT('Ctrl Pts',(6.78308911963674E-15,1.73205080756889,
3.49999999999996));
#11169=CARTESIAN_POINT('Origin',(3.03576371818203E-16,1.73205080756889,
0.679999999999942));
#11170=CARTESIAN_POINT('',(-1.5,0.866025403784449,0.679999999999942));
#11171=CARTESIAN_POINT('',(4.63148187904233E-16,1.73205080756889,0.679999999999942));
#11172=CARTESIAN_POINT('',(-1.5,0.866025403784449,0.679999999999942));
#11173=CARTESIAN_POINT('',(-1.5,-0.86602540378443,0.679999999999942));
#11174=CARTESIAN_POINT('',(-1.5,-0.86602540378443,0.679999999999942));
#11175=CARTESIAN_POINT('',(-1.81589183132368E-16,-1.73205080756887,0.679999999999942));
#11176=CARTESIAN_POINT('',(-1.81589183132368E-16,-1.73205080756887,0.679999999999942));
#11177=CARTESIAN_POINT('',(1.5,-0.86602540378443,0.679999999999942));
#11178=CARTESIAN_POINT('',(1.5,-0.86602540378443,0.679999999999942));
#11179=CARTESIAN_POINT('',(1.5,0.866025403784449,0.679999999999942));
#11180=CARTESIAN_POINT('',(1.5,0.866025403784449,0.679999999999942));
#11181=CARTESIAN_POINT('',(4.63148187904233E-16,1.73205080756889,0.679999999999942));
#11182=CARTESIAN_POINT('Origin',(-1.5,-0.86602540378443,0.679999999999942));
#11183=CARTESIAN_POINT('',(-1.5,-0.86602540378443,0.679999999999942));
#11184=CARTESIAN_POINT('',(-1.5,0.866025403784449,0.679999999999942));
#11185=CARTESIAN_POINT('Origin',(-1.81589183132368E-16,-1.73205080756887,
0.679999999999942));
#11186=CARTESIAN_POINT('',(-1.81589183132368E-16,-1.73205080756887,0.679999999999942));
#11187=CARTESIAN_POINT('Origin',(1.5,-0.86602540378443,0.679999999999942));
#11188=CARTESIAN_POINT('',(1.5,-0.86602540378443,0.679999999999942));
#11189=CARTESIAN_POINT('Origin',(1.5,0.866025403784449,0.679999999999942));
#11190=CARTESIAN_POINT('',(1.5,0.866025403784449,0.679999999999942));
#11191=CARTESIAN_POINT('Origin',(4.63148187904233E-16,1.73205080756889,
0.679999999999942));
#11192=CARTESIAN_POINT('',(4.63148187904233E-16,1.73205080756889,0.679999999999942));
#11193=CARTESIAN_POINT('Origin',(-1.5,0.866025403784449,0.679999999999942));
#11194=CARTESIAN_POINT('',(0.,0.,0.));
#11195=CARTESIAN_POINT('Origin',(0.,0.,1.11022302462516E-14));
#11196=CARTESIAN_POINT('',(-1.5,-1.61010094146263E-13,-15.625));
#11197=CARTESIAN_POINT('',(1.5,-1.83697019872103E-16,-15.625));
#11198=CARTESIAN_POINT('Origin',(-4.81328596216083E-30,-5.55111512312578E-16,
-15.625));
#11199=CARTESIAN_POINT('',(1.5,-1.83697019872103E-16,1.11022302462516E-14));
#11200=CARTESIAN_POINT('',(1.5,-1.83697019872103E-16,1.11022302462516E-14));
#11201=CARTESIAN_POINT('Origin',(0.,0.,1.11022302462516E-14));
#11202=CARTESIAN_POINT('Origin',(-4.81328596216083E-30,-5.55111512312578E-16,
-15.625));
#11203=CARTESIAN_POINT('Origin',(0.,2.75000000000001,1.0547118733939E-14));
#11204=CARTESIAN_POINT('',(-3.36777869765522E-16,-2.74999999999999,1.32027229523512E-14));
#11205=CARTESIAN_POINT('Origin',(0.,8.74009572843469E-15,1.2490009027033E-14));
#11206=CARTESIAN_POINT('Origin',(0.,9.19364095363717E-15,1.75000000000001));
#11207=CARTESIAN_POINT('',(-3.36777869765522E-16,-2.74999999999999,1.75000000000001));
#11208=CARTESIAN_POINT('Origin',(0.,9.19364095363717E-15,1.75000000000001));
#11209=CARTESIAN_POINT('',(-3.06161699786838E-16,-2.49999999999999,2.00000000000001));
#11210=CARTESIAN_POINT('',(-3.36777869765522E-16,-2.74999999999999,1.75000000000001));
#11211=CARTESIAN_POINT('Origin',(0.,9.25843312866609E-15,2.00000000000001));
#11212=CARTESIAN_POINT('Origin',(0.,8.74009572843469E-15,1.11022302462516E-14));
#11213=CARTESIAN_POINT('',(-3.36777869765522E-16,-2.74999999999999,1.18149441715698E-14));
#11214=CARTESIAN_POINT('Origin',(-5.01706419016999E-30,-5.55111512312578E-16,
-16.));
#11215=CARTESIAN_POINT('',(-1.125,-6.92884277216655E-16,-16.));
#11216=CARTESIAN_POINT('',(-1.125,-6.92884277216655E-16,-16.));
#11217=CARTESIAN_POINT('Origin',(-5.01706419016999E-30,-5.55111512312578E-16,
-16.));
#11218=CARTESIAN_POINT('Origin',(0.,2.50000000000001,2.00000000000001));
#11219=CARTESIAN_POINT('',(-7.34004870772687E-14,-1.1547005383792,2.00000000000002));
#11220=CARTESIAN_POINT('',(0.999999999999946,-0.577350269189648,2.00000000000001));
#11221=CARTESIAN_POINT('Origin',(0.,3.20197347760631E-14,2.00000000000001));
#11222=CARTESIAN_POINT('',(-1.,-0.577350269189617,2.00000000000001));
#11223=CARTESIAN_POINT('Origin',(0.,3.20197347760631E-14,2.00000000000001));
#11224=CARTESIAN_POINT('',(-1.,0.577350269189619,2.00000000000001));
#11225=CARTESIAN_POINT('Origin',(0.,3.20197347760631E-14,2.00000000000001));
#11226=CARTESIAN_POINT('',(-6.17995238316738E-15,1.15470053837926,2.00000000000001));
#11227=CARTESIAN_POINT('Origin',(0.,3.20197347760631E-14,2.00000000000001));
#11228=CARTESIAN_POINT('',(1.,0.577350269189618,2.00000000000001));
#11229=CARTESIAN_POINT('Origin',(0.,3.20197347760631E-14,2.00000000000001));
#11230=CARTESIAN_POINT('Origin',(0.,3.20197347760631E-14,2.00000000000001));
#11231=CARTESIAN_POINT('Origin',(-5.01706419016999E-30,-5.55111512312578E-16,
-16.));
#11232=CARTESIAN_POINT('Origin',(0.,3.20197347760631E-14,2.00000000000001));
#11233=CARTESIAN_POINT('Ctrl Pts',(-1.,-0.577350269189544,2.00000000000001));
#11234=CARTESIAN_POINT('Ctrl Pts',(-1.,1.35724764760425E-14,1.71132486540525));
#11235=CARTESIAN_POINT('Ctrl Pts',(-1.,0.577350269189561,1.99999999999998));
#11236=CARTESIAN_POINT('Origin',(0.,3.20197347760631E-14,2.00000000000001));
#11237=CARTESIAN_POINT('Ctrl Pts',(-1.21820321118386E-13,-1.15470053837917,
1.99999999999999));
#11238=CARTESIAN_POINT('Ctrl Pts',(-0.500000000000025,-0.866025403784415,
1.71132486540528));
#11239=CARTESIAN_POINT('Ctrl Pts',(-0.999999999999938,-0.577350269189652,
2.00000000000001));
#11240=CARTESIAN_POINT('Origin',(0.,3.20197347760631E-14,2.00000000000001));
#11241=CARTESIAN_POINT('Ctrl Pts',(0.999999999999899,-0.577350269189676,
1.99999999999999));
#11242=CARTESIAN_POINT('Ctrl Pts',(0.499999999999978,-0.866025403784443,
1.71132486540527));
#11243=CARTESIAN_POINT('Ctrl Pts',(3.57915913899031E-14,-1.15470053837922,
2.00000000000004));
#11244=CARTESIAN_POINT('Origin',(0.,3.20197347760631E-14,2.00000000000001));
#11245=CARTESIAN_POINT('Ctrl Pts',(1.,0.57735026918956,1.99999999999998));
#11246=CARTESIAN_POINT('Ctrl Pts',(1.,2.24820162486594E-15,1.71132486540524));
#11247=CARTESIAN_POINT('Ctrl Pts',(1.,-0.577350269189572,2.00000000000002));
#11248=CARTESIAN_POINT('Origin',(0.,3.20197347760631E-14,2.00000000000001));
#11249=CARTESIAN_POINT('Ctrl Pts',(4.43982558448892E-14,1.15470053837923,
1.99999999999998));
#11250=CARTESIAN_POINT('Ctrl Pts',(0.499999999999997,0.86602540378445,1.71132486540522));
#11251=CARTESIAN_POINT('Ctrl Pts',(0.999999999999953,0.577350269189662,
1.99999999999999));
#11252=CARTESIAN_POINT('Origin',(0.,3.20197347760631E-14,2.00000000000001));
#11253=CARTESIAN_POINT('Ctrl Pts',(-0.999999999999953,0.577350269189662,
1.99999999999999));
#11254=CARTESIAN_POINT('Ctrl Pts',(-0.499999999999999,0.866025403784448,
1.71132486540522));
#11255=CARTESIAN_POINT('Ctrl Pts',(-5.17537311940851E-14,1.15470053837923,
1.99999999999998));
#11256=CARTESIAN_POINT('Origin',(2.32535350241524E-16,1.15470053837926,
0.380000000000011));
#11257=CARTESIAN_POINT('',(-1.,0.577350269189636,0.380000000000011));
#11258=CARTESIAN_POINT('',(4.6774436677816E-18,1.15470053837926,0.380000000000011));
#11259=CARTESIAN_POINT('',(-1.,0.577350269189636,0.380000000000011));
#11260=CARTESIAN_POINT('',(-1.,-0.577350269189617,0.380000000000011));
#11261=CARTESIAN_POINT('',(-1.,-0.577350269189617,0.380000000000011));
#11262=CARTESIAN_POINT('',(3.145879731693E-16,-1.15470053837924,0.380000000000011));
#11263=CARTESIAN_POINT('',(3.145879731693E-16,-1.15470053837924,0.380000000000011));
#11264=CARTESIAN_POINT('',(1.,-0.577350269189617,0.380000000000011));
#11265=CARTESIAN_POINT('',(1.,-0.577350269189617,0.380000000000011));
#11266=CARTESIAN_POINT('',(1.,0.577350269189635,0.380000000000011));
#11267=CARTESIAN_POINT('',(1.,0.577350269189635,0.380000000000011));
#11268=CARTESIAN_POINT('',(4.6774436677816E-18,1.15470053837926,0.380000000000011));
#11269=CARTESIAN_POINT('Origin',(-1.,-0.577350269189617,0.380000000000011));
#11270=CARTESIAN_POINT('',(-1.,-0.577350269189617,0.380000000000011));
#11271=CARTESIAN_POINT('',(-1.,0.577350269189636,0.380000000000011));
#11272=CARTESIAN_POINT('Origin',(3.145879731693E-16,-1.15470053837924,0.380000000000011));
#11273=CARTESIAN_POINT('',(3.145879731693E-16,-1.15470053837924,0.380000000000011));
#11274=CARTESIAN_POINT('Origin',(1.,-0.577350269189617,0.380000000000011));
#11275=CARTESIAN_POINT('',(1.,-0.577350269189617,0.380000000000011));
#11276=CARTESIAN_POINT('Origin',(1.,0.577350269189635,0.380000000000011));
#11277=CARTESIAN_POINT('',(1.,0.577350269189635,0.380000000000011));
#11278=CARTESIAN_POINT('Origin',(4.6774436677816E-18,1.15470053837926,0.380000000000011));
#11279=CARTESIAN_POINT('',(4.6774436677816E-18,1.15470053837926,0.380000000000011));
#11280=CARTESIAN_POINT('Origin',(-1.,0.577350269189636,0.380000000000011));
#11281=CARTESIAN_POINT('',(0.,0.,0.));
#11282=CARTESIAN_POINT('Origin',(4.5,-3.375,-35.9));
#11283=CARTESIAN_POINT('',(4.4,-12.75,-35.8));
#11284=CARTESIAN_POINT('',(4.6,-12.75,-36.));
#11285=CARTESIAN_POINT('',(4.4,-12.75,-35.8));
#11286=CARTESIAN_POINT('',(4.4,-6.75,-35.8));
#11287=CARTESIAN_POINT('',(4.4,-3.375,-35.8));
#11288=CARTESIAN_POINT('',(4.6,-6.75,-36.));
#11289=CARTESIAN_POINT('',(4.4,-6.75,-35.8));
#11290=CARTESIAN_POINT('',(4.6,-3.375,-36.));
#11291=CARTESIAN_POINT('Origin',(9.,-18.9,-1.));
#11292=CARTESIAN_POINT('',(9.,-18.8,0.));
#11293=CARTESIAN_POINT('',(9.,-19.,-0.2));
#11294=CARTESIAN_POINT('',(9.,-18.8,0.));
#11295=CARTESIAN_POINT('',(9.8,-19.,-1.));
#11296=CARTESIAN_POINT('Origin',(9.,-19.,-1.));
#11297=CARTESIAN_POINT('',(10.,-18.8,-1.));
#11298=CARTESIAN_POINT('',(10.,-18.8,-1.));
#11299=CARTESIAN_POINT('Origin',(9.,-18.8,-1.));
#11300=CARTESIAN_POINT('Origin',(9.9,-18.9,-9.));
#11301=CARTESIAN_POINT('',(10.,-18.8,-32.3786796564404));
#11302=CARTESIAN_POINT('',(9.8,-19.,-32.3786796564404));
#11303=CARTESIAN_POINT('',(10.,-18.8,-32.3786796564404));
#11304=CARTESIAN_POINT('',(10.,-18.8,-9.));
#11305=CARTESIAN_POINT('',(9.8,-19.,-9.));
#11306=CARTESIAN_POINT('Origin',(8.5,-18.9,-32.3786796564404));
#11307=CARTESIAN_POINT('',(9.41923881554251,-19.,-33.2979184719829));
#11308=CARTESIAN_POINT('Origin',(8.5,-19.,-32.3786796564404));
#11309=CARTESIAN_POINT('',(9.56066017177982,-18.8,-33.4393398282202));
#11310=CARTESIAN_POINT('',(9.56066017177982,-18.8,-33.4393398282202));
#11311=CARTESIAN_POINT('Origin',(8.5,-18.8,-32.3786796564404));
#11312=CARTESIAN_POINT('Origin',(11.6792893218813,-18.9,-31.1792893218813));
#11313=CARTESIAN_POINT('',(7.29791847198287,-19.,-35.4192388155425));
#11314=CARTESIAN_POINT('',(11.6085786437627,-19.,-31.1085786437627));
#11315=CARTESIAN_POINT('',(7.43933982822018,-18.8,-35.5606601717798));
#11316=CARTESIAN_POINT('',(7.43933982822018,-18.8,-35.5606601717798));
#11317=CARTESIAN_POINT('',(11.75,-18.8,-31.25));
#11318=CARTESIAN_POINT('Origin',(6.37867965644036,-18.9,-34.5));
#11319=CARTESIAN_POINT('',(6.37867965644036,-19.,-35.8));
#11320=CARTESIAN_POINT('Origin',(6.37867965644036,-19.,-34.5));
#11321=CARTESIAN_POINT('',(6.37867965644036,-18.8,-36.));
#11322=CARTESIAN_POINT('',(6.37867965644036,-18.8,-36.));
#11323=CARTESIAN_POINT('Origin',(6.37867965644036,-18.8,-34.5));
#11324=CARTESIAN_POINT('Origin',(6.37867965644036,0.,-34.5));
#11325=CARTESIAN_POINT('',(6.37867965644036,-3.88406204335649,-36.));
#11326=CARTESIAN_POINT('',(6.37867965644036,0.,-36.));
#11327=CARTESIAN_POINT('',(7.18571502583007,-4.28812410785925,-35.7643946822705));
#11328=CARTESIAN_POINT('Origin',(6.37867965644036,-2.82340187157669,-34.5));
#11329=CARTESIAN_POINT('',(7.43933982822017,-4.33423151961823,-35.5606601717798));
#11330=CARTESIAN_POINT('Ctrl Pts',(7.43933982822017,-4.33423151961824,-35.5606601717798));
#11331=CARTESIAN_POINT('Ctrl Pts',(7.38648565239344,-4.32923106619748,-35.6135143476066));
#11332=CARTESIAN_POINT('Ctrl Pts',(7.32834867360799,-4.32017854282031,-35.6635631547399));
#11333=CARTESIAN_POINT('Ctrl Pts',(7.24056133126781,-4.30157159920403,-35.7281114390148));
#11334=CARTESIAN_POINT('Ctrl Pts',(7.21330240810794,-4.29518029939968,-35.7467862617676));
#11335=CARTESIAN_POINT('Ctrl Pts',(7.18571502582984,-4.28812410785937,-35.7643946822707));
#11336=CARTESIAN_POINT('',(7.43933982822018,0.,-35.5606601717798));
#11337=CARTESIAN_POINT('Origin',(8.5,0.,-34.5));
#11338=CARTESIAN_POINT('',(9.56066017177982,-5.3574914097019,-33.4393398282202));
#11339=CARTESIAN_POINT('Ctrl Pts',(7.43933982821805,-4.33423151961803,-35.5606601717819));
#11340=CARTESIAN_POINT('Ctrl Pts',(8.39848867035004,-4.42497513700655,-34.60151132965));
#11341=CARTESIAN_POINT('Ctrl Pts',(9.56066017177981,-5.35749140970188,-33.4393398282202));
#11342=CARTESIAN_POINT('',(9.56066017177982,0.,-33.4393398282202));
#11343=CARTESIAN_POINT('Origin',(8.5,0.,-32.3786796564404));
#11344=CARTESIAN_POINT('',(10.,-5.70000000000011,-32.3786796564404));
#11345=CARTESIAN_POINT('Ctrl Pts',(10.,-5.70000000000011,-32.3786796564404));
#11346=CARTESIAN_POINT('Ctrl Pts',(10.,-5.70000000000011,-32.4886361821517));
#11347=CARTESIAN_POINT('Ctrl Pts',(9.98704498959878,-5.69020506094565,-32.6076058440655));
#11348=CARTESIAN_POINT('Ctrl Pts',(9.93350920949425,-5.64942292951479,-32.8355837467704));
#11349=CARTESIAN_POINT('Ctrl Pts',(9.89303483950296,-5.61847842140609,-32.9446245933333));
#11350=CARTESIAN_POINT('Ctrl Pts',(9.77601436317754,-5.52806480842888,-33.1836957423224));
#11351=CARTESIAN_POINT('Ctrl Pts',(9.67403265027106,-5.4484604972581,-33.3259673497289));
#11352=CARTESIAN_POINT('Ctrl Pts',(9.56066017177982,-5.3574914097019,-33.4393398282202));
#11353=CARTESIAN_POINT('',(10.,0.,-32.3786796564404));
#11354=CARTESIAN_POINT('Origin',(10.,0.,0.));
#11355=CARTESIAN_POINT('',(10.,-5.69999999999997,-2.5));
#11356=CARTESIAN_POINT('',(10.,-5.69999999999997,-12.6464466094067));
#11357=CARTESIAN_POINT('',(10.,-5.87887137352686,-0.999999999999999));
#11358=CARTESIAN_POINT('Ctrl Pts',(10.,-5.70000000000002,-2.50000000000001));
#11359=CARTESIAN_POINT('Ctrl Pts',(10.,-5.70000000000002,-1.76066498942246));
#11360=CARTESIAN_POINT('Ctrl Pts',(10.,-5.87887137352685,-0.999999999999993));
#11361=CARTESIAN_POINT('',(10.,0.,-1.));
#11362=CARTESIAN_POINT('Origin',(9.,0.,-1.));
#11363=CARTESIAN_POINT('',(9.,-5.2697486947007,2.4980018054066E-15));
#11364=CARTESIAN_POINT('Ctrl Pts',(9.,-5.26974869470069,6.93889390390723E-17));
#11365=CARTESIAN_POINT('Ctrl Pts',(9.13406312456561,-5.39057341075487,-2.1669139749595E-16));
#11366=CARTESIAN_POINT('Ctrl Pts',(9.27223463122557,-5.5039326074386,-0.0277048010274232));
#11367=CARTESIAN_POINT('Ctrl Pts',(9.51662650053321,-5.68605275726635,-0.13440187591008));
#11368=CARTESIAN_POINT('Ctrl Pts',(9.63830979598873,-5.76768097990389,-0.215928749304227));
#11369=CARTESIAN_POINT('Ctrl Pts',(9.78896571039766,-5.85238980101059,-0.381061482623706));
#11370=CARTESIAN_POINT('Ctrl Pts',(9.83410569989777,-5.8746145046616,-0.443067076617687));
#11371=CARTESIAN_POINT('Ctrl Pts',(9.90936441856445,-5.90442727823913,-0.576977844904687));
#11372=CARTESIAN_POINT('Ctrl Pts',(9.93948861497407,-5.91202365109396,-0.648878097847483));
#11373=CARTESIAN_POINT('Ctrl Pts',(9.98215856738772,-5.91202365109396,-0.796800599548157));
#11374=CARTESIAN_POINT('Ctrl Pts',(9.99495696673608,-5.90442727823914,-0.873698678566316));
#11375=CARTESIAN_POINT('Ctrl Pts',(9.99959210591708,-5.88630513481512,-0.966957588496829));
#11376=CARTESIAN_POINT('Ctrl Pts',(10.,-5.88275179378955,-0.983498198846046));
#11377=CARTESIAN_POINT('Ctrl Pts',(10.,-5.87887137352686,-0.999999999999999));
#11378=CARTESIAN_POINT('',(9.,0.,0.));
#11379=CARTESIAN_POINT('Origin',(7.49999999999745,-18.9,-28.9999999999988));
#11380=CARTESIAN_POINT('',(7.49999999999745,-19.,-30.7499999999988));
#11381=CARTESIAN_POINT('Origin',(7.49999999999745,-19.,-28.9999999999988));
#11382=CARTESIAN_POINT('',(7.49999999999745,-18.8,-30.5499999999988));
#11383=CARTESIAN_POINT('',(7.49999999999745,-18.9,-30.6499999999988));
#11384=CARTESIAN_POINT('Origin',(7.49999999999745,-18.8,-28.9999999999988));
#11385=CARTESIAN_POINT('Origin',(7.49999999999745,-10.45,-28.9999999999988));
#11386=CARTESIAN_POINT('',(7.49999999999745,-5.7,-30.5499999999988));
#11387=CARTESIAN_POINT('Origin',(7.49999999999745,-5.7,-28.9999999999988));
#11388=CARTESIAN_POINT('',(7.49999999999745,-10.45,-30.5499999999988));
#11389=CARTESIAN_POINT('Origin',(7.49999999999745,-18.9,-12.9999999999988));
#11390=CARTESIAN_POINT('',(7.49999999999745,-19.,-14.7499999999988));
#11391=CARTESIAN_POINT('Origin',(7.49999999999745,-19.,-12.9999999999988));
#11392=CARTESIAN_POINT('',(7.49999999999745,-18.8,-14.5499999999988));
#11393=CARTESIAN_POINT('',(7.49999999999745,-18.9,-14.6499999999988));
#11394=CARTESIAN_POINT('Origin',(7.49999999999745,-18.8,-12.9999999999988));
#11395=CARTESIAN_POINT('Origin',(7.49999999999745,-10.45,-12.9999999999988));
#11396=CARTESIAN_POINT('',(7.49999999999745,-5.7,-14.5499999999988));
#11397=CARTESIAN_POINT('Origin',(7.49999999999745,-5.7,-12.9999999999988));
#11398=CARTESIAN_POINT('',(7.49999999999745,-10.45,-14.5499999999988));
#11399=CARTESIAN_POINT('Origin',(7.49999999999745,-5.6,-28.9999999999988));
#11400=CARTESIAN_POINT('',(7.49999999999745,-5.5,-30.7499999999988));
#11401=CARTESIAN_POINT('Origin',(7.49999999999745,-5.5,-28.9999999999988));
#11402=CARTESIAN_POINT('',(7.49999999999745,-5.6,-30.6499999999988));
#11403=CARTESIAN_POINT('Origin',(7.49999999999745,-5.5,-28.9999999999988));
#11404=CARTESIAN_POINT('',(9.80000000000003,-5.5,-27.2336478267366));
#11405=CARTESIAN_POINT('',(9.80000000000003,-5.5,-30.766352173261));
#11406=CARTESIAN_POINT('',(9.80000000000003,-5.5,-27.1464466094061));
#11407=CARTESIAN_POINT('Origin',(7.49999999999745,-5.5,-28.9999999999988));
#11408=CARTESIAN_POINT('Origin',(7.49999999999745,-5.6,-12.9999999999988));
#11409=CARTESIAN_POINT('',(7.49999999999745,-5.5,-14.7499999999988));
#11410=CARTESIAN_POINT('Origin',(7.49999999999745,-5.5,-12.9999999999988));
#11411=CARTESIAN_POINT('',(7.49999999999745,-5.6,-14.6499999999988));
#11412=CARTESIAN_POINT('Origin',(7.49999999999745,-5.5,-12.9999999999988));
#11413=CARTESIAN_POINT('',(9.80000000000003,-5.5,-11.2336478267366));
#11414=CARTESIAN_POINT('',(9.80000000000003,-5.5,-14.766352173261));
#11415=CARTESIAN_POINT('',(9.80000000000003,-5.5,-19.1464466094061));
#11416=CARTESIAN_POINT('Origin',(7.49999999999745,-5.5,-12.9999999999988));
#11417=CARTESIAN_POINT('Origin',(3.8,-0.05,-32.3786796564404));
#11418=CARTESIAN_POINT('',(4.15355339059327,0.,-32.7322330470336));
#11419=CARTESIAN_POINT('',(4.22426406871192,-0.1,-32.8029437251523));
#11420=CARTESIAN_POINT('',(4.3,0.,-32.3786796564404));
#11421=CARTESIAN_POINT('Origin',(3.8,0.,-32.3786796564404));
#11422=CARTESIAN_POINT('',(4.4,-0.1,-32.3786796564404));
#11423=CARTESIAN_POINT('Origin',(7.49999999999745,-2.75,-12.9999999999988));
#11424=CARTESIAN_POINT('Origin',(7.49999999999745,-3.19999999999743,-12.9999999999988));
#11425=CARTESIAN_POINT('Origin',(7.49999999999745,-2.75,-28.9999999999988));
#11426=CARTESIAN_POINT('Origin',(7.49999999999745,-3.19999999999743,-28.9999999999988));
#11427=CARTESIAN_POINT('Origin',(1.67867965644032,-0.05,-34.5));
#11428=CARTESIAN_POINT('',(1.67867965644032,-1.00000000000002,-36.));
#11429=CARTESIAN_POINT('',(3.17867965644029,-1.62132034355965,-36.));
#11430=CARTESIAN_POINT('Ctrl Pts',(1.67867965644032,-1.00000000000003,-36.));
#11431=CARTESIAN_POINT('Ctrl Pts',(2.29999999999807,-1.00000000000004,-36.));
#11432=CARTESIAN_POINT('Ctrl Pts',(3.17867965643385,-1.62132034355511,-36.));
#11433=CARTESIAN_POINT('',(1.67867965644032,0.,-35.));
#11434=CARTESIAN_POINT('',(1.67867965644032,-0.1,-35.1));
#11435=CARTESIAN_POINT('',(2.03223304703359,0.,-34.8535533905933));
#11436=CARTESIAN_POINT('Origin',(1.67867965644032,0.,-34.5));
#11437=CARTESIAN_POINT('',(2.10294372515224,-0.1,-34.9242640687119));
#11438=CARTESIAN_POINT('Origin',(6.94969516727949,-0.05,-30.0068019484661));
#11439=CARTESIAN_POINT('',(5.95694564798868,-3.58585106612334,-36.));
#11440=CARTESIAN_POINT('',(6.91433982822016,0.,-29.9714466094068));
#11441=CARTESIAN_POINT('Origin',(4.35,-0.05,-25.2928932188135));
#11442=CARTESIAN_POINT('',(4.29999999999999,0.,-2.5));
#11443=CARTESIAN_POINT('',(4.3,0.,-25.2928932188135));
#11444=CARTESIAN_POINT('',(4.39999999999999,-0.1,-2.5));
#11445=CARTESIAN_POINT('Origin',(3.79999999999999,-0.05,-2.5));
#11446=CARTESIAN_POINT('',(3.79999999999999,-2.00000000000001,2.77555756156289E-16));
#11447=CARTESIAN_POINT('Ctrl Pts',(9.00000000000024,-5.26974869470089,7.49400541621981E-15));
#11448=CARTESIAN_POINT('Ctrl Pts',(5.37199456475998,-2.00000000000001,7.49400541621981E-15));
#11449=CARTESIAN_POINT('Ctrl Pts',(3.8,-2.00000000000001,7.49400541621981E-15));
#11450=CARTESIAN_POINT('',(3.79999999999999,0.,-2.));
#11451=CARTESIAN_POINT('Origin',(3.79999999999999,0.,-2.5));
#11452=CARTESIAN_POINT('',(3.79999999999999,-0.1,-1.9));
#11453=CARTESIAN_POINT('Origin',(4.4,-6.75,-36.));
#11454=CARTESIAN_POINT('',(4.4,-12.75,-26.));
#11455=CARTESIAN_POINT('',(4.4,-12.75,-36.));
#11456=CARTESIAN_POINT('',(4.4,-6.75,-26.));
#11457=CARTESIAN_POINT('',(4.4,-12.75,-26.));
#11458=CARTESIAN_POINT('',(4.4,-6.75,-36.));
#11459=CARTESIAN_POINT('Origin',(0.,-12.75,-25.9));
#11460=CARTESIAN_POINT('',(2.55,-12.75,-25.8));
#11461=CARTESIAN_POINT('Origin',(0.,-12.75,-25.8));
#11462=CARTESIAN_POINT('',(2.75,-12.75,-26.));
#11463=CARTESIAN_POINT('',(2.65,-12.75,-25.9));
#11464=CARTESIAN_POINT('Origin',(0.,-12.75,-26.));
#11465=CARTESIAN_POINT('Origin',(0.,-12.75,-16.2));
#11466=CARTESIAN_POINT('',(2.55,-12.75,-0.2));
#11467=CARTESIAN_POINT('',(2.55,-12.75,-16.2));
#11468=CARTESIAN_POINT('Origin',(0.,-12.75,-0.2));
#11469=CARTESIAN_POINT('Origin',(-2.03272857668194E-15,-6.75,-25.9));
#11470=CARTESIAN_POINT('',(2.55,-6.75,-25.8));
#11471=CARTESIAN_POINT('Origin',(-2.03272857668194E-15,-6.75,-25.8));
#11472=CARTESIAN_POINT('',(2.75,-6.75,-26.));
#11473=CARTESIAN_POINT('',(2.65,-6.75,-25.9));
#11474=CARTESIAN_POINT('Origin',(-2.03272857668194E-15,-6.75,-26.));
#11475=CARTESIAN_POINT('Origin',(-2.03272857668194E-15,-6.75,-16.2));
#11476=CARTESIAN_POINT('',(2.55,-6.75,-0.2));
#11477=CARTESIAN_POINT('',(2.55,-6.75,-16.2));
#11478=CARTESIAN_POINT('Origin',(-2.03272857668194E-15,-6.75,-0.2));
#11479=CARTESIAN_POINT('',(0.,-4.2,-22.2644999999985));
#11480=CARTESIAN_POINT('',(0.,-4.2,-19.7354999999985));
#11481=CARTESIAN_POINT('Ctrl Pts',(-5.20417042793042E-16,-4.2,-22.2644999999985));
#11482=CARTESIAN_POINT('Ctrl Pts',(0.161746497403069,-4.2,-22.2644999999985));
#11483=CARTESIAN_POINT('Ctrl Pts',(0.332417119973528,-4.21680663414438,
-22.2315983807774));
#11484=CARTESIAN_POINT('Ctrl Pts',(0.643237151375634,-4.27738686312321,
-22.1016267996937));
#11485=CARTESIAN_POINT('Ctrl Pts',(0.783573684682481,-4.32050415343468,
-22.0046993649368));
#11486=CARTESIAN_POINT('Ctrl Pts',(1.00499036355285,-4.4034055268675,-21.7832826860664));
#11487=CARTESIAN_POINT('Ctrl Pts',(1.101703935918,-4.44911430128747,-21.6430448339694));
#11488=CARTESIAN_POINT('Ctrl Pts',(1.23150282778091,-4.51589438694096,-21.3326534789469));
#11489=CARTESIAN_POINT('Ctrl Pts',(1.2645,-4.53560623420314,-21.1621722101148));
#11490=CARTESIAN_POINT('Ctrl Pts',(1.2645,-4.53560623420314,-20.8378277898822));
#11491=CARTESIAN_POINT('Ctrl Pts',(1.23150282778091,-4.51589438694096,-20.6673465210501));
#11492=CARTESIAN_POINT('Ctrl Pts',(1.101703935918,-4.44911430128747,-20.3569551660276));
#11493=CARTESIAN_POINT('Ctrl Pts',(1.00499036355285,-4.4034055268675,-20.2167173139306));
#11494=CARTESIAN_POINT('Ctrl Pts',(0.783573684682481,-4.32050415343468,
-19.9953006350602));
#11495=CARTESIAN_POINT('Ctrl Pts',(0.643237151375633,-4.27738686312321,
-19.8983732003033));
#11496=CARTESIAN_POINT('Ctrl Pts',(0.332417119973528,-4.21680663414438,
-19.7684016192196));
#11497=CARTESIAN_POINT('Ctrl Pts',(0.161746497403069,-4.2,-19.7354999999985));
#11498=CARTESIAN_POINT('Ctrl Pts',(2.77555756156289E-16,-4.2,-19.7354999999985));
#11499=CARTESIAN_POINT('Ctrl Pts',(5.20417042793042E-16,-4.2,-22.2644999999985));
#11500=CARTESIAN_POINT('Ctrl Pts',(-0.161746497403069,-4.2,-22.2644999999985));
#11501=CARTESIAN_POINT('Ctrl Pts',(-0.332417119973528,-4.21680663414438,
-22.2315983807774));
#11502=CARTESIAN_POINT('Ctrl Pts',(-0.643237151375634,-4.27738686312321,
-22.1016267996937));
#11503=CARTESIAN_POINT('Ctrl Pts',(-0.783573684682481,-4.32050415343468,
-22.0046993649368));
#11504=CARTESIAN_POINT('Ctrl Pts',(-1.00499036355285,-4.4034055268675,-21.7832826860664));
#11505=CARTESIAN_POINT('Ctrl Pts',(-1.101703935918,-4.44911430128747,-21.6430448339694));
#11506=CARTESIAN_POINT('Ctrl Pts',(-1.23150282778091,-4.51589438694096,
-21.3326534789469));
#11507=CARTESIAN_POINT('Ctrl Pts',(-1.2645,-4.53560623420314,-21.1621722101148));
#11508=CARTESIAN_POINT('Ctrl Pts',(-1.2645,-4.53560623420314,-20.8378277898822));
#11509=CARTESIAN_POINT('Ctrl Pts',(-1.23150282778091,-4.51589438694096,
-20.6673465210501));
#11510=CARTESIAN_POINT('Ctrl Pts',(-1.101703935918,-4.44911430128747,-20.3569551660276));
#11511=CARTESIAN_POINT('Ctrl Pts',(-1.00499036355285,-4.4034055268675,-20.2167173139306));
#11512=CARTESIAN_POINT('Ctrl Pts',(-0.783573684682481,-4.32050415343468,
-19.9953006350602));
#11513=CARTESIAN_POINT('Ctrl Pts',(-0.643237151375633,-4.27738686312321,
-19.8983732003033));
#11514=CARTESIAN_POINT('Ctrl Pts',(-0.332417119973528,-4.21680663414438,
-19.7684016192196));
#11515=CARTESIAN_POINT('Ctrl Pts',(-0.161746497403069,-4.2,-19.7354999999985));
#11516=CARTESIAN_POINT('Ctrl Pts',(-2.77555756156289E-16,-4.2,-19.7354999999985));
#11517=CARTESIAN_POINT('Origin',(-2.03272857668194E-15,-6.75,-35.9));
#11518=CARTESIAN_POINT('',(-4.4,-6.75,-35.8));
#11519=CARTESIAN_POINT('Origin',(-2.03272857668194E-15,-6.75,-35.8));
#11520=CARTESIAN_POINT('',(-4.6,-6.75,-36.));
#11521=CARTESIAN_POINT('',(-4.4,-6.75,-35.8));
#11522=CARTESIAN_POINT('Origin',(-2.03272857668194E-15,-6.75,-36.));
#11523=CARTESIAN_POINT('Origin',(-4.5,-3.375,-35.9));
#11524=CARTESIAN_POINT('',(-4.4,-12.75,-35.8));
#11525=CARTESIAN_POINT('',(-4.6,-12.75,-36.));
#11526=CARTESIAN_POINT('',(-4.4,-12.75,-35.8));
#11527=CARTESIAN_POINT('',(-4.6,-3.375,-36.));
#11528=CARTESIAN_POINT('',(-4.4,-3.375,-35.8));
#11529=CARTESIAN_POINT('Origin',(0.,-12.75,-35.9));
#11530=CARTESIAN_POINT('Origin',(0.,-12.75,-36.));
#11531=CARTESIAN_POINT('Origin',(0.,-12.75,-35.8));
#11532=CARTESIAN_POINT('Origin',(-10.,0.,-36.));
#11533=CARTESIAN_POINT('',(-1.67867965644032,-1.00000000000002,-36.));
#11534=CARTESIAN_POINT('',(6.25,-1.00000000000002,-36.));
#11535=CARTESIAN_POINT('',(-6.37867965644036,-18.8,-36.));
#11536=CARTESIAN_POINT('',(-7.5,-18.8,-36.));
#11537=CARTESIAN_POINT('',(-6.37867965644036,-3.88406204335649,-36.));
#11538=CARTESIAN_POINT('',(-6.37867965644036,0.,-36.));
#11539=CARTESIAN_POINT('',(-3.17867965644029,-1.62132034355965,-36.));
#11540=CARTESIAN_POINT('',(-5.95694564798868,-3.58585106612334,-36.));
#11541=CARTESIAN_POINT('Ctrl Pts',(-1.67867965644032,-1.00000000000003,
-36.));
#11542=CARTESIAN_POINT('Ctrl Pts',(-2.29999999999807,-1.00000000000004,
-36.));
#11543=CARTESIAN_POINT('Ctrl Pts',(-3.17867965643385,-1.62132034355511,
-36.));
#11544=CARTESIAN_POINT('Origin',(-2.03272857668194E-15,-6.75,-0.1));
#11545=CARTESIAN_POINT('',(2.75,-6.75,2.77555756156289E-16));
#11546=CARTESIAN_POINT('Origin',(-2.03272857668194E-15,-6.75,0.));
#11547=CARTESIAN_POINT('',(2.65,-6.75,-0.1));
#11548=CARTESIAN_POINT('Origin',(0.,0.,0.));
#11549=CARTESIAN_POINT('',(-3.79999999999999,-2.00000000000001,2.77555756156289E-16));
#11550=CARTESIAN_POINT('',(-2.325,-1.99999999999999,2.77555756156289E-16));
#11551=CARTESIAN_POINT('',(-9.,-5.2697486947007,2.4980018054066E-15));
#11552=CARTESIAN_POINT('Ctrl Pts',(-9.00000000000024,-5.26974869470089,
7.49400541621981E-15));
#11553=CARTESIAN_POINT('Ctrl Pts',(-5.37199456475998,-2.00000000000001,
7.49400541621981E-15));
#11554=CARTESIAN_POINT('Ctrl Pts',(-3.8,-2.00000000000001,7.49400541621981E-15));
#11555=CARTESIAN_POINT('',(-9.,-18.8,0.));
#11556=CARTESIAN_POINT('',(-9.,0.,0.));
#11557=CARTESIAN_POINT('',(-2.5,-18.8,0.));
#11558=CARTESIAN_POINT('',(2.75,-12.75,1.14491749414469E-15));
#11559=CARTESIAN_POINT('Origin',(0.,-12.75,0.));
#11560=CARTESIAN_POINT('Origin',(0.,-12.75,-0.1));
#11561=CARTESIAN_POINT('',(2.65,-12.75,-0.1));
#11562=CARTESIAN_POINT('Origin',(-2.5,-18.9,-0.1));
#11563=CARTESIAN_POINT('',(-9.,-19.,-0.2));
#11564=CARTESIAN_POINT('',(-9.,-18.8,0.));
#11565=CARTESIAN_POINT('',(2.5,-19.,-0.2));
#11566=CARTESIAN_POINT('Origin',(-9.,-18.9,-1.));
#11567=CARTESIAN_POINT('',(-10.,-18.8,-1.));
#11568=CARTESIAN_POINT('Origin',(-9.,-18.8,-1.));
#11569=CARTESIAN_POINT('',(-9.8,-19.,-1.));
#11570=CARTESIAN_POINT('',(-10.,-18.8,-1.));
#11571=CARTESIAN_POINT('Origin',(-9.,-19.,-1.));
#11572=CARTESIAN_POINT('Origin',(-9.9,-18.9,-9.));
#11573=CARTESIAN_POINT('',(-10.,-18.8,-32.3786796564404));
#11574=CARTESIAN_POINT('',(-9.8,-19.,-32.3786796564404));
#11575=CARTESIAN_POINT('',(-10.,-18.8,-32.3786796564404));
#11576=CARTESIAN_POINT('',(-9.8,-19.,-9.));
#11577=CARTESIAN_POINT('',(-10.,-18.8,-9.));
#11578=CARTESIAN_POINT('Origin',(-8.5,-18.9,-32.3786796564404));
#11579=CARTESIAN_POINT('',(-9.56066017177982,-18.8,-33.4393398282202));
#11580=CARTESIAN_POINT('Origin',(-8.5,-18.8,-32.3786796564404));
#11581=CARTESIAN_POINT('',(-9.41923881554251,-19.,-33.2979184719829));
#11582=CARTESIAN_POINT('',(-9.56066017177982,-18.8,-33.4393398282202));
#11583=CARTESIAN_POINT('Origin',(-8.5,-19.,-32.3786796564404));
#11584=CARTESIAN_POINT('Origin',(-11.6792893218813,-18.9,-31.1792893218813));
#11585=CARTESIAN_POINT('',(-7.43933982822018,-18.8,-35.5606601717798));
#11586=CARTESIAN_POINT('',(-11.75,-18.8,-31.25));
#11587=CARTESIAN_POINT('',(-7.29791847198287,-19.,-35.4192388155425));
#11588=CARTESIAN_POINT('',(-7.43933982822018,-18.8,-35.5606601717798));
#11589=CARTESIAN_POINT('',(-11.6085786437627,-19.,-31.1085786437627));
#11590=CARTESIAN_POINT('Origin',(-6.37867965644036,-18.9,-34.5));
#11591=CARTESIAN_POINT('Origin',(-6.37867965644036,-18.8,-34.5));
#11592=CARTESIAN_POINT('',(-6.37867965644036,-19.,-35.8));
#11593=CARTESIAN_POINT('',(-6.37867965644036,-18.8,-36.));
#11594=CARTESIAN_POINT('Origin',(-6.37867965644036,-19.,-34.5));
#11595=CARTESIAN_POINT('Origin',(-7.5,-18.9,-35.9));
#11596=CARTESIAN_POINT('',(7.5,-19.,-35.8));
#11597=CARTESIAN_POINT('Origin',(-6.37867965644036,0.,-34.5));
#11598=CARTESIAN_POINT('',(-7.43933982822017,-4.33423151961823,-35.5606601717798));
#11599=CARTESIAN_POINT('',(-7.43933982822018,0.,-35.5606601717798));
#11600=CARTESIAN_POINT('',(-7.18571502583007,-4.28812410785925,-35.7643946822705));
#11601=CARTESIAN_POINT('Ctrl Pts',(-7.43933982822017,-4.33423151961824,
-35.5606601717798));
#11602=CARTESIAN_POINT('Ctrl Pts',(-7.38648565239344,-4.32923106619748,
-35.6135143476066));
#11603=CARTESIAN_POINT('Ctrl Pts',(-7.32834867360799,-4.32017854282031,
-35.6635631547399));
#11604=CARTESIAN_POINT('Ctrl Pts',(-7.24056133126781,-4.30157159920403,
-35.7281114390148));
#11605=CARTESIAN_POINT('Ctrl Pts',(-7.21330240810794,-4.29518029939968,
-35.7467862617676));
#11606=CARTESIAN_POINT('Ctrl Pts',(-7.18571502582984,-4.28812410785937,
-35.7643946822707));
#11607=CARTESIAN_POINT('Origin',(-6.37867965644036,-2.82340187157669,-34.5));
#11608=CARTESIAN_POINT('Origin',(-8.5,0.,-34.5));
#11609=CARTESIAN_POINT('',(-9.56066017177982,-5.3574914097019,-33.4393398282202));
#11610=CARTESIAN_POINT('',(-9.56066017177982,0.,-33.4393398282202));
#11611=CARTESIAN_POINT('Ctrl Pts',(-7.43933982821805,-4.33423151961803,
-35.5606601717819));
#11612=CARTESIAN_POINT('Ctrl Pts',(-8.39848867035004,-4.42497513700655,
-34.60151132965));
#11613=CARTESIAN_POINT('Ctrl Pts',(-9.56066017177981,-5.35749140970188,
-33.4393398282202));
#11614=CARTESIAN_POINT('Origin',(-8.5,0.,-32.3786796564404));
#11615=CARTESIAN_POINT('',(-10.,-5.70000000000011,-32.3786796564404));
#11616=CARTESIAN_POINT('',(-10.,0.,-32.3786796564404));
#11617=CARTESIAN_POINT('Ctrl Pts',(-10.,-5.70000000000011,-32.3786796564404));
#11618=CARTESIAN_POINT('Ctrl Pts',(-10.,-5.70000000000011,-32.4886361821517));
#11619=CARTESIAN_POINT('Ctrl Pts',(-9.98704498959878,-5.69020506094565,
-32.6076058440655));
#11620=CARTESIAN_POINT('Ctrl Pts',(-9.93350920949425,-5.64942292951479,
-32.8355837467704));
#11621=CARTESIAN_POINT('Ctrl Pts',(-9.89303483950296,-5.61847842140609,
-32.9446245933333));
#11622=CARTESIAN_POINT('Ctrl Pts',(-9.77601436317754,-5.52806480842888,
-33.1836957423224));
#11623=CARTESIAN_POINT('Ctrl Pts',(-9.67403265027106,-5.4484604972581,-33.3259673497289));
#11624=CARTESIAN_POINT('Ctrl Pts',(-9.56066017177982,-5.3574914097019,-33.4393398282202));
#11625=CARTESIAN_POINT('Origin',(-10.,0.,0.));
#11626=CARTESIAN_POINT('',(-10.,-5.87887137352686,-0.999999999999999));
#11627=CARTESIAN_POINT('',(-10.,0.,-1.));
#11628=CARTESIAN_POINT('',(-10.,-5.69999999999997,-2.5));
#11629=CARTESIAN_POINT('Ctrl Pts',(-10.,-5.70000000000002,-2.50000000000001));
#11630=CARTESIAN_POINT('Ctrl Pts',(-10.,-5.70000000000002,-1.76066498942246));
#11631=CARTESIAN_POINT('Ctrl Pts',(-10.,-5.87887137352685,-0.999999999999993));
#11632=CARTESIAN_POINT('',(-10.,-5.69999999999997,-12.6464466094067));
#11633=CARTESIAN_POINT('Origin',(-9.,0.,-1.));
#11634=CARTESIAN_POINT('Ctrl Pts',(-9.,-5.26974869470069,6.93889390390723E-17));
#11635=CARTESIAN_POINT('Ctrl Pts',(-9.13406312456561,-5.39057341075487,
-2.1669139749595E-16));
#11636=CARTESIAN_POINT('Ctrl Pts',(-9.27223463122557,-5.5039326074386,-0.0277048010274232));
#11637=CARTESIAN_POINT('Ctrl Pts',(-9.51662650053321,-5.68605275726635,
-0.13440187591008));
#11638=CARTESIAN_POINT('Ctrl Pts',(-9.63830979598873,-5.76768097990389,
-0.215928749304227));
#11639=CARTESIAN_POINT('Ctrl Pts',(-9.78896571039766,-5.85238980101059,
-0.381061482623706));
#11640=CARTESIAN_POINT('Ctrl Pts',(-9.83410569989777,-5.8746145046616,-0.443067076617687));
#11641=CARTESIAN_POINT('Ctrl Pts',(-9.90936441856445,-5.90442727823913,
-0.576977844904687));
#11642=CARTESIAN_POINT('Ctrl Pts',(-9.93948861497407,-5.91202365109396,
-0.648878097847483));
#11643=CARTESIAN_POINT('Ctrl Pts',(-9.98215856738772,-5.91202365109396,
-0.796800599548157));
#11644=CARTESIAN_POINT('Ctrl Pts',(-9.99495696673608,-5.90442727823914,
-0.873698678566316));
#11645=CARTESIAN_POINT('Ctrl Pts',(-9.99959210591708,-5.88630513481512,
-0.966957588496829));
#11646=CARTESIAN_POINT('Ctrl Pts',(-10.,-5.88275179378955,-0.983498198846046));
#11647=CARTESIAN_POINT('Ctrl Pts',(-10.,-5.87887137352686,-0.999999999999999));
#11648=CARTESIAN_POINT('Origin',(-7.49999999999745,-18.9,-28.9999999999988));
#11649=CARTESIAN_POINT('',(-7.49999999999745,-19.,-30.7499999999988));
#11650=CARTESIAN_POINT('Origin',(-7.49999999999745,-19.,-28.9999999999988));
#11651=CARTESIAN_POINT('',(-7.49999999999745,-18.8,-30.5499999999988));
#11652=CARTESIAN_POINT('',(-7.49999999999745,-18.9,-30.6499999999988));
#11653=CARTESIAN_POINT('Origin',(-7.49999999999745,-18.8,-28.9999999999988));
#11654=CARTESIAN_POINT('Origin',(-5.,-19.,-18.));
#11655=CARTESIAN_POINT('',(-7.49999999999745,-19.,-14.7499999999988));
#11656=CARTESIAN_POINT('Origin',(-7.49999999999745,-19.,-12.9999999999988));
#11657=CARTESIAN_POINT('Origin',(-7.49999999999745,-10.45,-28.9999999999988));
#11658=CARTESIAN_POINT('',(-7.49999999999745,-5.7,-30.5499999999988));
#11659=CARTESIAN_POINT('Origin',(-7.49999999999745,-5.7,-28.9999999999988));
#11660=CARTESIAN_POINT('',(-7.49999999999745,-10.45,-30.5499999999988));
#11661=CARTESIAN_POINT('Origin',(-7.49999999999745,-18.9,-12.9999999999988));
#11662=CARTESIAN_POINT('',(-7.49999999999745,-18.8,-14.5499999999988));
#11663=CARTESIAN_POINT('',(-7.49999999999745,-18.9,-14.6499999999988));
#11664=CARTESIAN_POINT('Origin',(-7.49999999999745,-18.8,-12.9999999999988));
#11665=CARTESIAN_POINT('Origin',(-7.49999999999745,-10.45,-12.9999999999988));
#11666=CARTESIAN_POINT('',(-7.49999999999745,-5.7,-14.5499999999988));
#11667=CARTESIAN_POINT('Origin',(-7.49999999999745,-5.7,-12.9999999999988));
#11668=CARTESIAN_POINT('',(-7.49999999999745,-10.45,-14.5499999999988));
#11669=CARTESIAN_POINT('Origin',(-7.49999999999745,-5.6,-28.9999999999988));
#11670=CARTESIAN_POINT('',(-7.49999999999745,-5.5,-30.7499999999988));
#11671=CARTESIAN_POINT('Origin',(-7.49999999999745,-5.5,-28.9999999999988));
#11672=CARTESIAN_POINT('',(-7.49999999999745,-5.6,-30.6499999999988));
#11673=CARTESIAN_POINT('Origin',(-7.49999999999745,-5.5,-28.9999999999988));
#11674=CARTESIAN_POINT('',(-9.80000000000003,-5.5,-27.2336478267366));
#11675=CARTESIAN_POINT('',(-9.80000000000003,-5.5,-30.766352173261));
#11676=CARTESIAN_POINT('',(-9.80000000000003,-5.5,-27.1464466094061));
#11677=CARTESIAN_POINT('Origin',(-7.49999999999745,-5.5,-28.9999999999988));
#11678=CARTESIAN_POINT('Origin',(-7.49999999999745,-5.6,-12.9999999999988));
#11679=CARTESIAN_POINT('',(-7.49999999999745,-5.5,-14.7499999999988));
#11680=CARTESIAN_POINT('Origin',(-7.49999999999745,-5.5,-12.9999999999988));
#11681=CARTESIAN_POINT('',(-7.49999999999745,-5.6,-14.6499999999988));
#11682=CARTESIAN_POINT('Origin',(-7.49999999999745,-5.5,-12.9999999999988));
#11683=CARTESIAN_POINT('',(-9.80000000000003,-5.5,-11.2336478267366));
#11684=CARTESIAN_POINT('',(-9.80000000000003,-5.5,-14.766352173261));
#11685=CARTESIAN_POINT('',(-9.80000000000003,-5.5,-19.1464466094061));
#11686=CARTESIAN_POINT('Origin',(-7.49999999999745,-5.5,-12.9999999999988));
#11687=CARTESIAN_POINT('Origin',(-3.8,-0.05,-32.3786796564404));
#11688=CARTESIAN_POINT('',(-4.3,0.,-32.3786796564404));
#11689=CARTESIAN_POINT('',(-4.4,-0.1,-32.3786796564404));
#11690=CARTESIAN_POINT('',(-4.15355339059327,0.,-32.7322330470336));
#11691=CARTESIAN_POINT('Origin',(-3.8,0.,-32.3786796564404));
#11692=CARTESIAN_POINT('',(-4.22426406871192,-0.1,-32.8029437251523));
#11693=CARTESIAN_POINT('Origin',(-7.49999999999745,-2.75,-12.9999999999988));
#11694=CARTESIAN_POINT('Origin',(-7.49999999999745,-3.19999999999743,-12.9999999999988));
#11695=CARTESIAN_POINT('Origin',(-7.49999999999745,-2.75,-28.9999999999988));
#11696=CARTESIAN_POINT('Origin',(-7.49999999999745,-3.19999999999743,-28.9999999999988));
#11697=CARTESIAN_POINT('Origin',(-4.65,-0.05,-1.95));
#11698=CARTESIAN_POINT('',(-3.79999999999999,0.,-2.));
#11699=CARTESIAN_POINT('',(-4.65,0.,-2.));
#11700=CARTESIAN_POINT('',(-3.79999999999999,-0.1,-1.9));
#11701=CARTESIAN_POINT('Origin',(-2.5,-0.05,-35.05));
#11702=CARTESIAN_POINT('',(-1.67867965644032,0.,-35.));
#11703=CARTESIAN_POINT('',(-1.67867965644032,-0.1,-35.1));
#11704=CARTESIAN_POINT('',(-2.5,0.,-35.));
#11705=CARTESIAN_POINT('Origin',(-1.67867965644032,-0.05,-34.5));
#11706=CARTESIAN_POINT('',(-2.03223304703359,0.,-34.8535533905933));
#11707=CARTESIAN_POINT('',(-2.10294372515224,-0.1,-34.9242640687119));
#11708=CARTESIAN_POINT('Origin',(-1.67867965644032,0.,-34.5));
#11709=CARTESIAN_POINT('Origin',(-6.94969516727949,-0.05,-30.0068019484661));
#11710=CARTESIAN_POINT('',(-6.91433982822016,0.,-29.9714466094068));
#11711=CARTESIAN_POINT('Origin',(-4.35,-0.05,-25.2928932188135));
#11712=CARTESIAN_POINT('',(-4.29999999999999,0.,-2.5));
#11713=CARTESIAN_POINT('',(-4.39999999999999,-0.1,-2.5));
#11714=CARTESIAN_POINT('',(-4.3,0.,-25.2928932188135));
#11715=CARTESIAN_POINT('Origin',(-3.79999999999999,-0.05,-2.5));
#11716=CARTESIAN_POINT('Origin',(-3.79999999999999,0.,-2.5));
#11717=CARTESIAN_POINT('Origin',(-5.,0.,-18.));
#11718=CARTESIAN_POINT('',(2.14313189850787E-16,2.77555756156289E-16,-22.7499999999985));
#11719=CARTESIAN_POINT('Origin',(0.,0.,-20.9999999999985));
#11720=CARTESIAN_POINT('Origin',(-2.2,-9.75,-26.));
#11721=CARTESIAN_POINT('',(-4.4,-6.75,-26.));
#11722=CARTESIAN_POINT('Origin',(-2.03272857668194E-15,-6.75,-26.));
#11723=CARTESIAN_POINT('',(-4.4,-12.75,-26.));
#11724=CARTESIAN_POINT('Origin',(0.,-12.75,-26.));
#11725=CARTESIAN_POINT('',(-4.4,-12.75,-26.));
#11726=CARTESIAN_POINT('Origin',(0.,-12.75,-36.));
#11727=CARTESIAN_POINT('',(-4.4,-12.75,-36.));
#11728=CARTESIAN_POINT('Origin',(-4.4,-6.75,-36.));
#11729=CARTESIAN_POINT('',(-4.4,-6.75,-36.));
#11730=CARTESIAN_POINT('Origin',(-2.03272857668194E-15,-6.75,-36.));
#11731=CARTESIAN_POINT('Origin',(0.,-0.24275,-20.9999999999985));
#11732=CARTESIAN_POINT('',(1.54856587752183E-16,-0.4855,-22.2644999999985));
#11733=CARTESIAN_POINT('',(1.84584888801485E-16,-0.24275,-22.5072499999985));
#11734=CARTESIAN_POINT('Origin',(0.,-0.4855,-20.9999999999985));
#11735=CARTESIAN_POINT('Origin',(0.,-2.5,-20.9999999999985));
#11736=CARTESIAN_POINT('',(1.54856587752183E-16,-2.5,-22.2644999999985));
#11737=CARTESIAN_POINT('',(0.,0.,0.));
#11738=CARTESIAN_POINT('Origin',(0.,0.,0.));
#11739=CARTESIAN_POINT('',(-2.5,-3.95516952522712E-14,-9.4));
#11740=CARTESIAN_POINT('',(2.5,-3.06161699786838E-16,-9.4));
#11741=CARTESIAN_POINT('Origin',(0.,0.,-9.4));
#11742=CARTESIAN_POINT('',(2.5,-3.06161699786838E-16,0.));
#11743=CARTESIAN_POINT('',(2.5,-3.06161699786838E-16,0.));
#11744=CARTESIAN_POINT('Origin',(0.,0.,0.));
#11745=CARTESIAN_POINT('Origin',(0.,0.,-9.4));
#11746=CARTESIAN_POINT('Origin',(0.,4.25000000000001,-5.55111512312578E-16));
#11747=CARTESIAN_POINT('',(-5.20474889637625E-16,-4.24999999999999,8.78036477936207E-15));
#11748=CARTESIAN_POINT('Origin',(0.,7.2092872295005E-15,5.55111512312578E-15));
#11749=CARTESIAN_POINT('Origin',(0.,9.53624654061194E-15,3.0625));
#11750=CARTESIAN_POINT('',(-5.20474889637625E-16,-4.24999999999999,3.06250000000001));
#11751=CARTESIAN_POINT('Origin',(0.,9.53624654061194E-15,3.0625));
#11752=CARTESIAN_POINT('',(-4.66896592174928E-16,-3.81249999999998,3.50000000000001));
#11753=CARTESIAN_POINT('',(-5.20474889637625E-16,-4.24999999999999,3.06250000000001));
#11754=CARTESIAN_POINT('Origin',(0.,9.86866929934215E-15,3.5));
#11755=CARTESIAN_POINT('Origin',(0.,7.2092872295005E-15,0.));
#11756=CARTESIAN_POINT('',(-5.20474889637625E-16,-4.24999999999999,3.22924965623629E-15));
#11757=CARTESIAN_POINT('Origin',(0.,0.,-10.));
#11758=CARTESIAN_POINT('',(-1.9,-2.32682891837997E-16,-10.));
#11759=CARTESIAN_POINT('',(-1.9,-2.32682891837997E-16,-10.));
#11760=CARTESIAN_POINT('Origin',(0.,0.,-10.));
#11761=CARTESIAN_POINT('Origin',(0.,3.81250000000001,3.5));
#11762=CARTESIAN_POINT('',(-1.32489505477729E-13,-1.73205080756879,3.50000000000001));
#11763=CARTESIAN_POINT('',(1.49999999999989,-0.866025403784491,3.5));
#11764=CARTESIAN_POINT('Origin',(0.,3.74415592880728E-14,3.5));
#11765=CARTESIAN_POINT('',(-1.5,-0.86602540378443,3.5));
#11766=CARTESIAN_POINT('Origin',(0.,3.74415592880728E-14,3.5));
#11767=CARTESIAN_POINT('',(-1.5,0.866025403784382,3.5));
#11768=CARTESIAN_POINT('Origin',(0.,3.74415592880728E-14,3.5));
#11769=CARTESIAN_POINT('',(3.5453411040276E-14,1.73205080756887,3.5));
#11770=CARTESIAN_POINT('Origin',(0.,3.74415592880728E-14,3.5));
#11771=CARTESIAN_POINT('',(1.5,0.866025403784381,3.5));
#11772=CARTESIAN_POINT('Origin',(0.,3.74415592880728E-14,3.5));
#11773=CARTESIAN_POINT('Origin',(0.,3.74415592880728E-14,3.5));
#11774=CARTESIAN_POINT('Origin',(0.,0.,-10.));
#11775=CARTESIAN_POINT('Origin',(0.,3.74415592880728E-14,3.5));
#11776=CARTESIAN_POINT('Ctrl Pts',(-1.5,-0.866025403784403,3.50000000000005));
#11777=CARTESIAN_POINT('Ctrl Pts',(-1.5,4.9960036108132E-16,3.06698729810785));
#11778=CARTESIAN_POINT('Ctrl Pts',(-1.5,0.866025403784382,3.5));
#11779=CARTESIAN_POINT('Origin',(0.,3.74415592880728E-14,3.5));
#11780=CARTESIAN_POINT('Ctrl Pts',(-1.31379957385964E-13,-1.73205080756879,
3.50000000000001));
#11781=CARTESIAN_POINT('Ctrl Pts',(-0.750000000000043,-1.29903810567662,
3.06698729810789));
#11782=CARTESIAN_POINT('Ctrl Pts',(-1.49999999999998,-0.866025403784444,
3.50000000000005));
#11783=CARTESIAN_POINT('Origin',(0.,3.74415592880728E-14,3.5));
#11784=CARTESIAN_POINT('Ctrl Pts',(1.49999999999989,-0.866025403784492,
3.5));
#11785=CARTESIAN_POINT('Ctrl Pts',(0.749999999999952,-1.29903810567668,
3.06698729810788));
#11786=CARTESIAN_POINT('Ctrl Pts',(-2.70051735575545E-14,-1.73205080756888,
3.5000000000001));
#11787=CARTESIAN_POINT('Origin',(0.,3.74415592880728E-14,3.5));
#11788=CARTESIAN_POINT('Ctrl Pts',(1.5,0.866025403784377,3.5));
#11789=CARTESIAN_POINT('Ctrl Pts',(1.5,-2.03170813506404E-14,3.06698729810784));
#11790=CARTESIAN_POINT('Ctrl Pts',(1.5,-0.866025403784454,3.50000000000008));
#11791=CARTESIAN_POINT('Origin',(0.,3.74415592880728E-14,3.5));
#11792=CARTESIAN_POINT('Ctrl Pts',(3.62895267900563E-14,1.73205080756887,
3.5));
#11793=CARTESIAN_POINT('Ctrl Pts',(0.750000000000015,1.29903810567666,3.06698729810781));
#11794=CARTESIAN_POINT('Ctrl Pts',(1.50000000000001,0.866025403784442,3.50000000000004));
#11795=CARTESIAN_POINT('Origin',(0.,3.74415592880728E-14,3.5));
#11796=CARTESIAN_POINT('Ctrl Pts',(-1.50000000000001,0.866025403784442,
3.50000000000004));
#11797=CARTESIAN_POINT('Ctrl Pts',(-0.749999999999999,1.29903810567667,
3.0669872981078));
#11798=CARTESIAN_POINT('Ctrl Pts',(6.78308911963674E-15,1.73205080756889,
3.50000000000002));
#11799=CARTESIAN_POINT('Origin',(3.03576371818203E-16,1.73205080756889,
0.679999999999999));
#11800=CARTESIAN_POINT('',(-1.5,0.866025403784449,0.679999999999999));
#11801=CARTESIAN_POINT('',(4.63148187904233E-16,1.73205080756889,0.679999999999999));
#11802=CARTESIAN_POINT('',(-1.5,0.866025403784449,0.679999999999999));
#11803=CARTESIAN_POINT('',(-1.5,-0.86602540378443,0.679999999999999));
#11804=CARTESIAN_POINT('',(-1.5,-0.86602540378443,0.679999999999999));
#11805=CARTESIAN_POINT('',(-1.81589183132368E-16,-1.73205080756887,0.679999999999999));
#11806=CARTESIAN_POINT('',(-1.81589183132368E-16,-1.73205080756887,0.679999999999999));
#11807=CARTESIAN_POINT('',(1.5,-0.86602540378443,0.679999999999999));
#11808=CARTESIAN_POINT('',(1.5,-0.86602540378443,0.679999999999999));
#11809=CARTESIAN_POINT('',(1.5,0.866025403784449,0.679999999999999));
#11810=CARTESIAN_POINT('',(1.5,0.866025403784449,0.679999999999999));
#11811=CARTESIAN_POINT('',(4.63148187904233E-16,1.73205080756889,0.679999999999999));
#11812=CARTESIAN_POINT('Origin',(-1.5,-0.86602540378443,0.679999999999999));
#11813=CARTESIAN_POINT('',(-1.5,-0.86602540378443,0.679999999999999));
#11814=CARTESIAN_POINT('',(-1.5,0.866025403784449,0.679999999999999));
#11815=CARTESIAN_POINT('Origin',(-1.81589183132368E-16,-1.73205080756887,
0.679999999999999));
#11816=CARTESIAN_POINT('',(-1.81589183132368E-16,-1.73205080756887,0.679999999999999));
#11817=CARTESIAN_POINT('Origin',(1.5,-0.86602540378443,0.679999999999999));
#11818=CARTESIAN_POINT('',(1.5,-0.86602540378443,0.679999999999999));
#11819=CARTESIAN_POINT('Origin',(1.5,0.866025403784449,0.679999999999999));
#11820=CARTESIAN_POINT('',(1.5,0.866025403784449,0.679999999999999));
#11821=CARTESIAN_POINT('Origin',(4.63148187904233E-16,1.73205080756889,
0.679999999999999));
#11822=CARTESIAN_POINT('',(4.63148187904233E-16,1.73205080756889,0.679999999999999));
#11823=CARTESIAN_POINT('Origin',(-1.5,0.866025403784449,0.679999999999999));
#11824=CARTESIAN_POINT('',(0.,0.,0.));
#11825=CARTESIAN_POINT('Origin',(3.5527136788005E-14,-3.5527136788005E-14,
-0.1));
#11826=CARTESIAN_POINT('',(1.77635683940025E-14,2.54999999999992,-0.2));
#11827=CARTESIAN_POINT('Origin',(1.77635683940025E-14,-7.105427357601E-14,
-0.2));
#11828=CARTESIAN_POINT('',(1.77635683940025E-14,2.74999999999991,0.));
#11829=CARTESIAN_POINT('',(3.5998772740514E-14,2.64999999999995,-0.1));
#11830=CARTESIAN_POINT('Origin',(1.77635683940025E-14,-7.105427357601E-14,
0.));
#11831=CARTESIAN_POINT('Origin',(1.77635683940025E-14,0.,-4.49999999999995));
#11832=CARTESIAN_POINT('',(0.,2.54999999999999,-3.79999999999995));
#11833=CARTESIAN_POINT('',(1.75928368958328E-14,2.55,-4.49999999999995));
#11834=CARTESIAN_POINT('Origin',(0.,0.,-3.79999999999995));
#11835=CARTESIAN_POINT('Origin',(-1.77635683940025E-14,-7.105427357601E-14,
0.));
#11836=CARTESIAN_POINT('',(-1.77635683940025E-14,-3.80000000000006,0.));
#11837=CARTESIAN_POINT('Origin',(-1.77635683940025E-14,-7.105427357601E-14,
0.));
#11838=CARTESIAN_POINT('Origin',(1.77635683940025E-14,3.5527136788005E-14,
-3.89999999999995));
#11839=CARTESIAN_POINT('',(0.,2.75000000000002,-3.99999999999995));
#11840=CARTESIAN_POINT('Origin',(0.,0.,-3.99999999999995));
#11841=CARTESIAN_POINT('',(1.82352043465115E-14,2.65000000000005,-3.89999999999995));
#11842=CARTESIAN_POINT('Origin',(-3.5527136788005E-14,-3.5527136788005E-14,
-3.99999999999995));
#11843=CARTESIAN_POINT('',(-3.5527136788005E-14,-3.80000000000003,-3.99999999999995));
#11844=CARTESIAN_POINT('Origin',(-3.5527136788005E-14,-3.5527136788005E-14,
-3.99999999999995));
#11845=CARTESIAN_POINT('Origin',(-1.77635683940025E-14,-3.5527136788005E-14,
-3.89999999999995));
#11846=CARTESIAN_POINT('',(-3.5527136788005E-14,-4.00000000000002,-3.79999999999995));
#11847=CARTESIAN_POINT('Origin',(-3.5527136788005E-14,-3.5527136788005E-14,
-3.79999999999995));
#11848=CARTESIAN_POINT('',(-1.7502449632096E-14,-3.90000000000003,-3.89999999999995));
#11849=CARTESIAN_POINT('Origin',(1.77635683940025E-14,0.,-4.49999999999995));
#11850=CARTESIAN_POINT('',(-1.77635683940025E-14,-4.00000000000006,-0.199999999999999));
#11851=CARTESIAN_POINT('Origin',(-1.77635683940025E-14,-7.105427357601E-14,
-0.199999999999998));
#11852=CARTESIAN_POINT('',(1.80313825087785E-14,-3.99999999999999,-4.49999999999995));
#11853=CARTESIAN_POINT('Origin',(0.,-3.5527136788005E-14,-0.0999999999999979));
#11854=CARTESIAN_POINT('',(2.61118761906554E-16,-3.90000000000002,-0.0999999999999978));
#11855=CARTESIAN_POINT('',(375.956586180634,-327.468177984369,-165.948234427283));
#11856=CARTESIAN_POINT('',(194.999999461754,-168.750000000055,45.0000033361206));
#11857=CARTESIAN_POINT('',(194.999999999938,-153.250002288779,-14.9999999999999));
#11858=CARTESIAN_POINT('',(194.999999999938,-168.750002288779,-14.9999999999999));
#11859=CARTESIAN_POINT('',(187.499998996479,-161.499999999998,31.9999999999967));
#11860=CARTESIAN_POINT('',(202.499998996479,-161.499999999999,31.9999999999907));
#11861=CARTESIAN_POINT('',(187.499998996486,-161.499999999997,47.9999999999964));
#11862=CARTESIAN_POINT('',(202.499998996485,-161.499999999998,47.9999999999904));
#11863=CARTESIAN_POINT('',(194.999998996477,-156.,18.9999999999945));
#11864=CARTESIAN_POINT('',(194.999999461754,-153.250000000055,15.));
#11865=CARTESIAN_POINT('',(194.999998996477,-168.75,18.9999999999969));
#11866=UNCERTAINTY_MEASURE_WITH_UNIT(LENGTH_MEASURE(0.01),#11882,
'DISTANCE_ACCURACY_VALUE',
'Maximum model space distance between geometric entities at asserted c
onnectivities');
#11867=UNCERTAINTY_MEASURE_WITH_UNIT(LENGTH_MEASURE(0.01),#11882,
'DISTANCE_ACCURACY_VALUE',
'Maximum model space distance between geometric entities at asserted c
onnectivities');
#11868=UNCERTAINTY_MEASURE_WITH_UNIT(LENGTH_MEASURE(0.01),#11882,
'DISTANCE_ACCURACY_VALUE',
'Maximum model space distance between geometric entities at asserted c
onnectivities');
#11869=UNCERTAINTY_MEASURE_WITH_UNIT(LENGTH_MEASURE(0.01),#11882,
'DISTANCE_ACCURACY_VALUE',
'Maximum model space distance between geometric entities at asserted c
onnectivities');
#11870=UNCERTAINTY_MEASURE_WITH_UNIT(LENGTH_MEASURE(0.01),#11882,
'DISTANCE_ACCURACY_VALUE',
'Maximum model space distance between geometric entities at asserted c
onnectivities');
#11871=UNCERTAINTY_MEASURE_WITH_UNIT(LENGTH_MEASURE(0.01),#11882,
'DISTANCE_ACCURACY_VALUE',
'Maximum model space distance between geometric entities at asserted c
onnectivities');
#11872=UNCERTAINTY_MEASURE_WITH_UNIT(LENGTH_MEASURE(0.01),#11882,
'DISTANCE_ACCURACY_VALUE',
'Maximum model space distance between geometric entities at asserted c
onnectivities');
#11873=UNCERTAINTY_MEASURE_WITH_UNIT(LENGTH_MEASURE(0.01),#11882,
'DISTANCE_ACCURACY_VALUE',
'Maximum model space distance between geometric entities at asserted c
onnectivities');
#11874=(
GEOMETRIC_REPRESENTATION_CONTEXT(3)
GLOBAL_UNCERTAINTY_ASSIGNED_CONTEXT((#11866))
GLOBAL_UNIT_ASSIGNED_CONTEXT((#11882,#11884,#11885))
REPRESENTATION_CONTEXT('','3D')
);
#11875=(
GEOMETRIC_REPRESENTATION_CONTEXT(3)
GLOBAL_UNCERTAINTY_ASSIGNED_CONTEXT((#11867))
GLOBAL_UNIT_ASSIGNED_CONTEXT((#11882,#11884,#11885))
REPRESENTATION_CONTEXT('','3D')
);
#11876=(
GEOMETRIC_REPRESENTATION_CONTEXT(3)
GLOBAL_UNCERTAINTY_ASSIGNED_CONTEXT((#11868))
GLOBAL_UNIT_ASSIGNED_CONTEXT((#11882,#11884,#11885))
REPRESENTATION_CONTEXT('','3D')
);
#11877=(
GEOMETRIC_REPRESENTATION_CONTEXT(3)
GLOBAL_UNCERTAINTY_ASSIGNED_CONTEXT((#11869))
GLOBAL_UNIT_ASSIGNED_CONTEXT((#11882,#11884,#11885))
REPRESENTATION_CONTEXT('','3D')
);
#11878=(
GEOMETRIC_REPRESENTATION_CONTEXT(3)
GLOBAL_UNCERTAINTY_ASSIGNED_CONTEXT((#11870))
GLOBAL_UNIT_ASSIGNED_CONTEXT((#11882,#11884,#11885))
REPRESENTATION_CONTEXT('','3D')
);
#11879=(
GEOMETRIC_REPRESENTATION_CONTEXT(3)
GLOBAL_UNCERTAINTY_ASSIGNED_CONTEXT((#11871))
GLOBAL_UNIT_ASSIGNED_CONTEXT((#11882,#11884,#11885))
REPRESENTATION_CONTEXT('','3D')
);
#11880=(
GEOMETRIC_REPRESENTATION_CONTEXT(3)
GLOBAL_UNCERTAINTY_ASSIGNED_CONTEXT((#11872))
GLOBAL_UNIT_ASSIGNED_CONTEXT((#11882,#11884,#11885))
REPRESENTATION_CONTEXT('','3D')
);
#11881=(
GEOMETRIC_REPRESENTATION_CONTEXT(3)
GLOBAL_UNCERTAINTY_ASSIGNED_CONTEXT((#11873))
GLOBAL_UNIT_ASSIGNED_CONTEXT((#11882,#11884,#11885))
REPRESENTATION_CONTEXT('','3D')
);
#11882=(
LENGTH_UNIT()
NAMED_UNIT(*)
SI_UNIT(.MILLI.,.METRE.)
);
#11883=(
LENGTH_UNIT()
NAMED_UNIT(*)
SI_UNIT($,.METRE.)
);
#11884=(
NAMED_UNIT(*)
PLANE_ANGLE_UNIT()
SI_UNIT($,.RADIAN.)
);
#11885=(
NAMED_UNIT(*)
SI_UNIT($,.STERADIAN.)
SOLID_ANGLE_UNIT()
);
#11886=SHAPE_DEFINITION_REPRESENTATION(#11893,#11911);
#11887=SHAPE_DEFINITION_REPRESENTATION(#11894,#11912);
#11888=SHAPE_DEFINITION_REPRESENTATION(#11895,#11913);
#11889=SHAPE_DEFINITION_REPRESENTATION(#11896,#11914);
#11890=SHAPE_DEFINITION_REPRESENTATION(#11897,#11915);
#11891=SHAPE_DEFINITION_REPRESENTATION(#11898,#11916);
#11892=SHAPE_DEFINITION_REPRESENTATION(#11899,#11917);
#11893=PRODUCT_DEFINITION_SHAPE('',$,#11919);
#11894=PRODUCT_DEFINITION_SHAPE('',$,#11920);
#11895=PRODUCT_DEFINITION_SHAPE('',$,#11921);
#11896=PRODUCT_DEFINITION_SHAPE('',$,#11922);
#11897=PRODUCT_DEFINITION_SHAPE('',$,#11923);
#11898=PRODUCT_DEFINITION_SHAPE('',$,#11924);
#11899=PRODUCT_DEFINITION_SHAPE('',$,#11925);
#11900=PRODUCT_DEFINITION_SHAPE($,$,#44);
#11901=PRODUCT_DEFINITION_SHAPE($,$,#45);
#11902=PRODUCT_DEFINITION_SHAPE($,$,#46);
#11903=PRODUCT_DEFINITION_SHAPE($,$,#47);
#11904=PRODUCT_DEFINITION_SHAPE($,$,#48);
#11905=PRODUCT_DEFINITION_SHAPE($,$,#49);
#11906=PRODUCT_DEFINITION_SHAPE($,$,#50);
#11907=PRODUCT_DEFINITION_SHAPE($,$,#51);
#11908=PRODUCT_DEFINITION_SHAPE($,$,#52);
#11909=PRODUCT_DEFINITION_SHAPE($,$,#53);
#11910=PRODUCT_DEFINITION_SHAPE($,$,#54);
#11911=SHAPE_REPRESENTATION('',(#7081,#7725,#7726,#7727,#7728,#7729,#7730,
#7731,#7732,#7733,#7734,#7735),#11874);
#11912=SHAPE_REPRESENTATION('',(#7082),#11875);
#11913=SHAPE_REPRESENTATION('',(#7470),#11876);
#11914=SHAPE_REPRESENTATION('',(#7504),#11877);
#11915=SHAPE_REPRESENTATION('',(#7538),#11878);
#11916=SHAPE_REPRESENTATION('',(#7674),#11879);
#11917=SHAPE_REPRESENTATION('',(#7708),#11880);
#11918=PRODUCT_DEFINITION_CONTEXT('part definition',#11941,'design');
#11919=PRODUCT_DEFINITION('2026-09-20-15-46-52-428','_Z_joint',#11926,#11918);
#11920=PRODUCT_DEFINITION('2026-09-19-00-23-28-785','_MGN9H',#11927,#11918);
#11921=PRODUCT_DEFINITION('2026-09-19-00-30-41-151','M5x40 LP SHCS',#11928,
#11918);
#11922=PRODUCT_DEFINITION('2026-09-19-00-25-48-593','M3x16 LP SHCS',#11929,
#11918);
#11923=PRODUCT_DEFINITION('2026-08-04-10-55-38-513','V29-ZSA',#11930,#11918);
#11924=PRODUCT_DEFINITION('2026-09-19-00-30-33-862','M5x10 LP SHCS',#11931,
#11918);
#11925=PRODUCT_DEFINITION('2026-09-19-00-30-40-174',
'M5x4 spacer (8mm OD, no threads)',#11932,#11918);
#11926=PRODUCT_DEFINITION_FORMATION('',$,#11943);
#11927=PRODUCT_DEFINITION_FORMATION('',$,#11944);
#11928=PRODUCT_DEFINITION_FORMATION('',$,#11945);
#11929=PRODUCT_DEFINITION_FORMATION('',$,#11946);
#11930=PRODUCT_DEFINITION_FORMATION('',$,#11947);
#11931=PRODUCT_DEFINITION_FORMATION('',$,#11948);
#11932=PRODUCT_DEFINITION_FORMATION('',$,#11949);
#11933=PRODUCT_RELATED_PRODUCT_CATEGORY('_Z_joint','_Z_joint',(#11943));
#11934=PRODUCT_RELATED_PRODUCT_CATEGORY('_MGN9H','_MGN9H',(#11944));
#11935=PRODUCT_RELATED_PRODUCT_CATEGORY('M5x40 LP SHCS','M5x40 LP SHCS',
(#11945));
#11936=PRODUCT_RELATED_PRODUCT_CATEGORY('M3x16 LP SHCS','M3x16 LP SHCS',
(#11946));
#11937=PRODUCT_RELATED_PRODUCT_CATEGORY('V29-ZSA','V29-ZSA',(#11947));
#11938=PRODUCT_RELATED_PRODUCT_CATEGORY('M5x10 LP SHCS','M5x10 LP SHCS',
(#11948));
#11939=PRODUCT_RELATED_PRODUCT_CATEGORY(
'M5x4 spacer (8mm OD, no threads)','M5x4 spacer (8mm OD, no threads)',(#11949));
#11940=APPLICATION_PROTOCOL_DEFINITION('international standard',
'automotive_design',2009,#11941);
#11941=APPLICATION_CONTEXT(
'Core Data for Automotive Mechanical Design Process');
#11942=PRODUCT_CONTEXT('part definition',#11941,'mechanical');
#11943=PRODUCT('2026-09-20-15-46-52-428','_Z_joint',$,(#11942));
#11944=PRODUCT('2026-09-19-00-23-28-785','_MGN9H',$,(#11942));
#11945=PRODUCT('2026-09-19-00-30-41-151','M5x40 LP SHCS',$,(#11942));
#11946=PRODUCT('2026-09-19-00-25-48-593','M3x16 LP SHCS',$,(#11942));
#11947=PRODUCT('2026-08-04-10-55-38-513','V29-ZSA',$,(#11942));
#11948=PRODUCT('2026-09-19-00-30-33-862','M5x10 LP SHCS',$,(#11942));
#11949=PRODUCT('2026-09-19-00-30-40-174',
'M5x4 spacer (8mm OD, no threads)',$,(#11942));
#11950=PRESENTATION_STYLE_ASSIGNMENT((#11956));
#11951=PRESENTATION_STYLE_ASSIGNMENT((#11957));
#11952=PRESENTATION_STYLE_ASSIGNMENT((#11958));
#11953=PRESENTATION_STYLE_ASSIGNMENT((#11959));
#11954=PRESENTATION_STYLE_ASSIGNMENT((#11960));
#11955=PRESENTATION_STYLE_ASSIGNMENT((#11961));
#11956=SURFACE_STYLE_USAGE(.BOTH.,#11962);
#11957=SURFACE_STYLE_USAGE(.BOTH.,#11963);
#11958=SURFACE_STYLE_USAGE(.BOTH.,#11964);
#11959=SURFACE_STYLE_USAGE(.BOTH.,#11965);
#11960=SURFACE_STYLE_USAGE(.BOTH.,#11966);
#11961=SURFACE_STYLE_USAGE(.BOTH.,#11967);
#11962=SURFACE_SIDE_STYLE('',(#11968));
#11963=SURFACE_SIDE_STYLE('',(#11969));
#11964=SURFACE_SIDE_STYLE('',(#11970));
#11965=SURFACE_SIDE_STYLE('',(#11971));
#11966=SURFACE_SIDE_STYLE('',(#11972));
#11967=SURFACE_SIDE_STYLE('',(#11973));
#11968=SURFACE_STYLE_FILL_AREA(#11974);
#11969=SURFACE_STYLE_FILL_AREA(#11975);
#11970=SURFACE_STYLE_FILL_AREA(#11976);
#11971=SURFACE_STYLE_FILL_AREA(#11977);
#11972=SURFACE_STYLE_FILL_AREA(#11978);
#11973=SURFACE_STYLE_FILL_AREA(#11979);
#11974=FILL_AREA_STYLE('Steel - Satin',(#11980));
#11975=FILL_AREA_STYLE('Steel - Satin',(#11981));
#11976=FILL_AREA_STYLE('Plastic - Molded (Black)',(#11982));
#11977=FILL_AREA_STYLE('Steel - Black Nickel',(#11983));
#11978=FILL_AREA_STYLE('Aluminum - Bead Blasted',(#11984));
#11979=FILL_AREA_STYLE('Aluminum - Bead Blasted, Black Anodized',(#11985));
#11980=FILL_AREA_STYLE_COLOUR('Steel - Satin',#11986);
#11981=FILL_AREA_STYLE_COLOUR('Steel - Satin',#11987);
#11982=FILL_AREA_STYLE_COLOUR('Plastic - Molded (Black)',#11988);
#11983=FILL_AREA_STYLE_COLOUR('Steel - Black Nickel',#11989);
#11984=FILL_AREA_STYLE_COLOUR('Aluminum - Bead Blasted',#11990);
#11985=FILL_AREA_STYLE_COLOUR('Aluminum - Bead Blasted, Black Anodized',
#11991);
#11986=COLOUR_RGB('Steel - Satin',0.627450980392157,0.627450980392157,0.627450980392157);
#11987=COLOUR_RGB('Steel - Satin',0.627450980392157,0.627450980392157,0.627450980392157);
#11988=COLOUR_RGB('Plastic - Molded (Black)',0.0980392156862745,0.0980392156862745,
0.0980392156862745);
#11989=COLOUR_RGB('Steel - Black Nickel',0.564705882352941,0.556862745098039,
0.545098039215686);
#11990=COLOUR_RGB('Aluminum - Bead Blasted',0.376470588235294,0.376470588235294,
0.376470588235294);
#11991=COLOUR_RGB('Aluminum - Bead Blasted, Black Anodized',0.376470588235294,
0.376470588235294,0.376470588235294);
ENDSEC;
END-ISO-10303-21;
